solid OpenSCAD_Model
  facet normal 0.995185 0.0980139 0
    outer loop
      vertex 64.8608 4.2512 125
      vertex 64.4439 8.4842 0
      vertex 64.4439 8.4842 125
    endloop
  endfacet
  facet normal 0.995185 0.0980139 0
    outer loop
      vertex 64.4439 8.4842 0
      vertex 64.8608 4.2512 125
      vertex 64.8608 4.2512 0
    endloop
  endfacet
  facet normal 0.999464 0.0327471 -0
    outer loop
      vertex 64.9347 1.99572 20.1308
      vertex 64.8608 4.2512 0
      vertex 64.9347 1.99572 104.869
    endloop
  endfacet
  facet normal 0.999635 0.0269941 -0.000645202
    outer loop
      vertex 64.8608 4.2512 0
      vertex 64.9347 1.99572 20.1308
      vertex 64.9345 2 20
    endloop
  endfacet
  facet normal 0.999514 0.0311618 0
    outer loop
      vertex 64.9351 1.98289 104.739
      vertex 64.9347 1.99572 20.1308
      vertex 64.9347 1.99572 104.869
    endloop
  endfacet
  facet normal 0.999514 0.0311618 0
    outer loop
      vertex 64.9351 1.98289 104.739
      vertex 64.9351 1.98289 20.2611
      vertex 64.9347 1.99572 20.1308
    endloop
  endfacet
  facet normal 0.999461 0.0328153 0
    outer loop
      vertex 64.9358 1.96157 104.61
      vertex 64.9351 1.98289 20.2611
      vertex 64.9351 1.98289 104.739
    endloop
  endfacet
  facet normal 0.999461 0.0328153 0
    outer loop
      vertex 64.9358 1.96157 104.61
      vertex 64.9358 1.96157 20.3902
      vertex 64.9351 1.98289 20.2611
    endloop
  endfacet
  facet normal 0.999434 0.0336283 0
    outer loop
      vertex 64.9368 1.93185 104.482
      vertex 64.9358 1.96157 20.3902
      vertex 64.9358 1.96157 104.61
    endloop
  endfacet
  facet normal 0.999434 0.0336283 0
    outer loop
      vertex 64.9368 1.93185 104.482
      vertex 64.9368 1.93185 20.5176
      vertex 64.9358 1.96157 20.3902
    endloop
  endfacet
  facet normal 0.999501 0.0315715 0
    outer loop
      vertex 64.938 1.89386 104.357
      vertex 64.9368 1.93185 20.5176
      vertex 64.9368 1.93185 104.482
    endloop
  endfacet
  facet normal 0.999501 0.0315715 0
    outer loop
      vertex 64.938 1.89386 104.357
      vertex 64.938 1.89386 20.6429
      vertex 64.9368 1.93185 20.5176
    endloop
  endfacet
  facet normal 0.999471 0.0325208 0
    outer loop
      vertex 64.9395 1.84776 104.235
      vertex 64.938 1.89386 20.6429
      vertex 64.938 1.89386 104.357
    endloop
  endfacet
  facet normal 0.999471 0.0325208 0
    outer loop
      vertex 64.9395 1.84776 104.235
      vertex 64.9395 1.84776 20.7654
      vertex 64.938 1.89386 20.6429
    endloop
  endfacet
  facet normal 0.999445 0.0333087 0
    outer loop
      vertex 64.9413 1.79375 104.115
      vertex 64.9395 1.84776 20.7654
      vertex 64.9395 1.84776 104.235
    endloop
  endfacet
  facet normal 0.999445 0.0333087 0
    outer loop
      vertex 64.9413 1.79375 104.115
      vertex 64.9413 1.79375 20.8846
      vertex 64.9395 1.84776 20.7654
    endloop
  endfacet
  facet normal 0.999475 0.0323979 0
    outer loop
      vertex 64.9433 1.73205 104
      vertex 64.9413 1.79375 20.8846
      vertex 64.9413 1.79375 104.115
    endloop
  endfacet
  facet normal 0.999475 0.0323979 0
    outer loop
      vertex 64.9433 1.73205 104
      vertex 64.9433 1.73205 21
      vertex 64.9413 1.79375 20.8846
    endloop
  endfacet
  facet normal 0.999447 0.0332619 0
    outer loop
      vertex 64.9456 1.66294 103.889
      vertex 64.9433 1.73205 21
      vertex 64.9433 1.73205 104
    endloop
  endfacet
  facet normal 0.999447 0.0332619 0
    outer loop
      vertex 64.9456 1.66294 103.889
      vertex 64.9456 1.66294 21.1111
      vertex 64.9433 1.73205 21
    endloop
  endfacet
  facet normal 0.999463 0.0327779 0
    outer loop
      vertex 64.9481 1.58671 103.782
      vertex 64.9456 1.66294 21.1111
      vertex 64.9456 1.66294 103.889
    endloop
  endfacet
  facet normal 0.999463 0.0327779 0
    outer loop
      vertex 64.9481 1.58671 103.782
      vertex 64.9481 1.58671 21.2175
      vertex 64.9456 1.66294 21.1111
    endloop
  endfacet
  facet normal 0.999472 0.0325012 0
    outer loop
      vertex 64.9508 1.50368 103.681
      vertex 64.9481 1.58671 21.2175
      vertex 64.9481 1.58671 103.782
    endloop
  endfacet
  facet normal 0.999472 0.0325012 0
    outer loop
      vertex 64.9508 1.50368 103.681
      vertex 64.9508 1.50368 21.3187
      vertex 64.9481 1.58671 21.2175
    endloop
  endfacet
  facet normal 0.999475 0.0323961 0
    outer loop
      vertex 64.9537 1.41421 103.586
      vertex 64.9508 1.50368 21.3187
      vertex 64.9508 1.50368 103.681
    endloop
  endfacet
  facet normal 0.999475 0.0323961 0
    outer loop
      vertex 64.9537 1.41421 103.586
      vertex 64.9537 1.41421 21.4142
      vertex 64.9508 1.50368 21.3187
    endloop
  endfacet
  facet normal 0.999474 0.0324369 0
    outer loop
      vertex 64.9568 1.31869 103.496
      vertex 64.9537 1.41421 21.4142
      vertex 64.9537 1.41421 103.586
    endloop
  endfacet
  facet normal 0.999474 0.0324369 0
    outer loop
      vertex 64.9568 1.31869 103.496
      vertex 64.9568 1.31869 21.5037
      vertex 64.9537 1.41421 21.4142
    endloop
  endfacet
  facet normal 0.999468 0.032601 0
    outer loop
      vertex 64.9601 1.21752 103.413
      vertex 64.9568 1.31869 21.5037
      vertex 64.9568 1.31869 103.496
    endloop
  endfacet
  facet normal 0.999468 0.032601 0
    outer loop
      vertex 64.9601 1.21752 103.413
      vertex 64.9601 1.21752 21.5867
      vertex 64.9568 1.31869 21.5037
    endloop
  endfacet
  facet normal 0.999459 0.0328831 0
    outer loop
      vertex 64.9636 1.11114 103.337
      vertex 64.9601 1.21752 21.5867
      vertex 64.9601 1.21752 103.413
    endloop
  endfacet
  facet normal 0.999459 0.0328831 0
    outer loop
      vertex 64.9636 1.11114 103.337
      vertex 64.9636 1.11114 21.6629
      vertex 64.9601 1.21752 21.5867
    endloop
  endfacet
  facet normal 0.999446 0.0332729 0
    outer loop
      vertex 64.9673 1 103.268
      vertex 64.9636 1.11114 21.6629
      vertex 64.9636 1.11114 103.337
    endloop
  endfacet
  facet normal 0.999446 0.0332729 0
    outer loop
      vertex 64.9673 1 103.268
      vertex 64.9673 1 21.732
      vertex 64.9636 1.11114 21.6629
    endloop
  endfacet
  facet normal 0.999487 0.0320395 0
    outer loop
      vertex 64.971 0.884577 103.206
      vertex 64.9673 1 21.732
      vertex 64.9673 1 103.268
    endloop
  endfacet
  facet normal 0.999487 0.0320395 0
    outer loop
      vertex 64.971 0.884577 103.206
      vertex 64.971 0.884577 21.7937
      vertex 64.9673 1 21.732
    endloop
  endfacet
  facet normal 0.999465 0.0326979 0
    outer loop
      vertex 64.9749 0.765367 103.152
      vertex 64.971 0.884577 21.7937
      vertex 64.971 0.884577 103.206
    endloop
  endfacet
  facet normal 0.999465 0.0326979 0
    outer loop
      vertex 64.9749 0.765367 103.152
      vertex 64.9749 0.765367 21.8478
      vertex 64.971 0.884577 21.7937
    endloop
  endfacet
  facet normal 0.99944 0.0334539 0
    outer loop
      vertex 64.979 0.642879 103.106
      vertex 64.9749 0.765367 21.8478
      vertex 64.9749 0.765367 103.152
    endloop
  endfacet
  facet normal 0.99944 0.0334539 0
    outer loop
      vertex 64.979 0.642879 103.106
      vertex 64.979 0.642879 21.8939
      vertex 64.9749 0.765367 21.8478
    endloop
  endfacet
  facet normal 0.999465 0.0327191 0
    outer loop
      vertex 64.9831 0.517637 103.068
      vertex 64.979 0.642879 21.8939
      vertex 64.979 0.642879 103.106
    endloop
  endfacet
  facet normal 0.999465 0.0327191 0
    outer loop
      vertex 64.9831 0.517637 103.068
      vertex 64.9831 0.517637 21.9319
      vertex 64.979 0.642879 21.8939
    endloop
  endfacet
  facet normal 0.999483 0.0321513 0
    outer loop
      vertex 64.9872 0.390181 103.038
      vertex 64.9831 0.517637 21.9319
      vertex 64.9831 0.517637 103.068
    endloop
  endfacet
  facet normal 0.999483 0.0321513 0
    outer loop
      vertex 64.9872 0.390181 103.038
      vertex 64.9872 0.390181 21.9616
      vertex 64.9831 0.517637 21.9319
    endloop
  endfacet
  facet normal 0.999446 0.0332816 0
    outer loop
      vertex 64.9915 0.261052 103.017
      vertex 64.9872 0.390181 21.9616
      vertex 64.9872 0.390181 103.038
    endloop
  endfacet
  facet normal 0.999446 0.0332816 0
    outer loop
      vertex 64.9915 0.261052 103.017
      vertex 64.9915 0.261052 21.9829
      vertex 64.9872 0.390181 21.9616
    endloop
  endfacet
  facet normal 0.99948 0.0322299 0
    outer loop
      vertex 64.9957 0.130806 103.004
      vertex 64.9915 0.261052 21.9829
      vertex 64.9915 0.261052 103.017
    endloop
  endfacet
  facet normal 0.99948 0.0322299 0
    outer loop
      vertex 64.9957 0.130806 103.004
      vertex 64.9957 0.130806 21.9957
      vertex 64.9915 0.261052 21.9829
    endloop
  endfacet
  facet normal 0.99946 0.0328554 0
    outer loop
      vertex 65 0 103
      vertex 64.9957 0.130806 21.9957
      vertex 64.9957 0.130806 103.004
    endloop
  endfacet
  facet normal 0.99946 0.0328554 0
    outer loop
      vertex 64.9957 0.130806 21.9957
      vertex 65 0 103
      vertex 65 0 22
    endloop
  endfacet
  facet normal 0.999635 0.0270064 0.000643814
    outer loop
      vertex 64.9347 1.99572 104.869
      vertex 64.8608 4.2512 125
      vertex 64.9345 2 105
    endloop
  endfacet
  facet normal 0.999357 0.0358624 -0.000354047
    outer loop
      vertex 64.8608 4.2512 125
      vertex 64.9347 1.99572 105.131
      vertex 64.9345 2 105
    endloop
  endfacet
  facet normal 0.999488 0.0320098 8.37781e-05
    outer loop
      vertex 64.8608 4.2512 125
      vertex 64.9351 1.98289 105.261
      vertex 64.9347 1.99572 105.131
    endloop
  endfacet
  facet normal 0.999462 0.0327837 -5.24073e-06
    outer loop
      vertex 64.8608 4.2512 125
      vertex 64.9358 1.96157 105.39
      vertex 64.9351 1.98289 105.261
    endloop
  endfacet
  facet normal 0.999444 0.0333307 -6.91832e-05
    outer loop
      vertex 64.8608 4.2512 125
      vertex 64.9368 1.93185 105.518
      vertex 64.9358 1.96157 105.39
    endloop
  endfacet
  facet normal 0.999491 0.0319033 0.000100935
    outer loop
      vertex 64.8608 4.2512 125
      vertex 64.938 1.89386 105.643
      vertex 64.9368 1.93185 105.518
    endloop
  endfacet
  facet normal 0.999469 0.0325721 1.94057e-05
    outer loop
      vertex 64.8608 4.2512 125
      vertex 64.9395 1.84776 105.765
      vertex 64.938 1.89386 105.643
    endloop
  endfacet
  facet normal 0.999449 0.0331823 -5.69303e-05
    outer loop
      vertex 64.8608 4.2512 125
      vertex 64.9413 1.79375 105.885
      vertex 64.9395 1.84776 105.765
    endloop
  endfacet
  facet normal 0.999473 0.032464 3.55147e-05
    outer loop
      vertex 64.8608 4.2512 125
      vertex 64.9433 1.73205 106
      vertex 64.9413 1.79375 105.885
    endloop
  endfacet
  facet normal 0.99945 0.0331688 -5.80261e-05
    outer loop
      vertex 64.8608 4.2512 125
      vertex 64.9456 1.66294 106.111
      vertex 64.9433 1.73205 106
    endloop
  endfacet
  facet normal 0.999463 0.0327727 -3.69431e-06
    outer loop
      vertex 64.8608 4.2512 125
      vertex 64.9481 1.58671 106.218
      vertex 64.9456 1.66294 106.111
    endloop
  endfacet
  facet normal 0.999471 0.0325373 2.97319e-05
    outer loop
      vertex 64.8608 4.2512 125
      vertex 64.9508 1.50368 106.319
      vertex 64.9481 1.58671 106.218
    endloop
  endfacet
  facet normal 0.999474 0.0324424 4.37008e-05
    outer loop
      vertex 64.8608 4.2512 125
      vertex 64.9537 1.41421 106.414
      vertex 64.9508 1.50368 106.319
    endloop
  endfacet
  facet normal 0.999473 0.0324735 3.89514e-05
    outer loop
      vertex 64.8608 4.2512 125
      vertex 64.9568 1.31869 106.504
      vertex 64.9537 1.41421 106.414
    endloop
  endfacet
  facet normal 0.999468 0.0326146 1.656e-05
    outer loop
      vertex 64.8608 4.2512 125
      vertex 64.9601 1.21752 106.587
      vertex 64.9568 1.31869 106.504
    endloop
  endfacet
  facet normal 0.99946 0.0328654 -2.48097e-05
    outer loop
      vertex 64.8608 4.2512 125
      vertex 64.9636 1.11114 106.663
      vertex 64.9601 1.21752 106.587
    endloop
  endfacet
  facet normal 0.999448 0.0332198 -8.55674e-05
    outer loop
      vertex 64.8608 4.2512 125
      vertex 64.9673 1 106.732
      vertex 64.9636 1.11114 106.663
    endloop
  endfacet
  facet normal 0.999485 0.0321006 0.000113836
    outer loop
      vertex 64.8608 4.2512 125
      vertex 64.971 0.884577 106.794
      vertex 64.9673 1 106.732
    endloop
  endfacet
  facet normal 0.999465 0.0326993 3.02215e-06
    outer loop
      vertex 64.8608 4.2512 125
      vertex 64.9749 0.765367 106.848
      vertex 64.971 0.884577 106.794
    endloop
  endfacet
  facet normal 0.999442 0.0334042 -0.000132505
    outer loop
      vertex 64.8608 4.2512 125
      vertex 64.979 0.642879 106.894
      vertex 64.9749 0.765367 106.848
    endloop
  endfacet
  facet normal 0.999465 0.0327203 3.94354e-06
    outer loop
      vertex 64.8608 4.2512 125
      vertex 64.9831 0.517637 106.932
      vertex 64.979 0.642879 106.894
    endloop
  endfacet
  facet normal 0.999482 0.0321786 0.000115995
    outer loop
      vertex 64.8608 4.2512 125
      vertex 64.9872 0.390181 106.962
      vertex 64.9831 0.517637 106.932
    endloop
  endfacet
  facet normal 0.999464 0.0327262 -1.33158e-06
    outer loop
      vertex 65 0 125
      vertex 64.9872 0.390181 106.962
      vertex 64.8608 4.2512 125
    endloop
  endfacet
  facet normal 0.999446 0.0332833 1.07337e-05
    outer loop
      vertex 64.9872 0.390181 106.962
      vertex 65 0 125
      vertex 64.9915 0.261052 106.983
    endloop
  endfacet
  facet normal 0.99948 0.0322295 -4.55225e-06
    outer loop
      vertex 64.9915 0.261052 106.983
      vertex 65 0 125
      vertex 64.9957 0.130806 106.996
    endloop
  endfacet
  facet normal 0.99946 0.0328554 0
    outer loop
      vertex 64.9957 0.130806 106.996
      vertex 65 0 125
      vertex 65 0 107
    endloop
  endfacet
  facet normal 0.999464 0.0327471 0
    outer loop
      vertex 64.8608 4.2512 125
      vertex 64.9347 1.99572 104.869
      vertex 64.8608 4.2512 0
    endloop
  endfacet
  facet normal 0.999357 0.0358662 0.000354466
    outer loop
      vertex 64.9347 1.99572 19.8692
      vertex 64.8608 4.2512 0
      vertex 64.9345 2 20
    endloop
  endfacet
  facet normal 0.999488 0.0320107 -8.36745e-05
    outer loop
      vertex 64.9351 1.98289 19.7389
      vertex 64.8608 4.2512 0
      vertex 64.9347 1.99572 19.8692
    endloop
  endfacet
  facet normal 0.999462 0.0327836 5.23908e-06
    outer loop
      vertex 64.9358 1.96157 19.6098
      vertex 64.8608 4.2512 0
      vertex 64.9351 1.98289 19.7389
    endloop
  endfacet
  facet normal 0.999444 0.0333316 6.92924e-05
    outer loop
      vertex 64.9368 1.93185 19.4824
      vertex 64.8608 4.2512 0
      vertex 64.9358 1.96157 19.6098
    endloop
  endfacet
  facet normal 0.999491 0.0319039 -0.000100865
    outer loop
      vertex 64.938 1.89386 19.3571
      vertex 64.8608 4.2512 0
      vertex 64.9368 1.93185 19.4824
    endloop
  endfacet
  facet normal 0.999469 0.0325722 -1.93863e-05
    outer loop
      vertex 64.9395 1.84776 19.2346
      vertex 64.8608 4.2512 0
      vertex 64.938 1.89386 19.3571
    endloop
  endfacet
  facet normal 0.999449 0.033183 5.70139e-05
    outer loop
      vertex 64.9413 1.79375 19.1154
      vertex 64.8608 4.2512 0
      vertex 64.9395 1.84776 19.2346
    endloop
  endfacet
  facet normal 0.999473 0.0324642 -3.54903e-05
    outer loop
      vertex 64.9433 1.73205 19
      vertex 64.8608 4.2512 0
      vertex 64.9413 1.79375 19.1154
    endloop
  endfacet
  facet normal 0.99945 0.0331687 5.8017e-05
    outer loop
      vertex 64.9456 1.66294 18.8889
      vertex 64.8608 4.2512 0
      vertex 64.9433 1.73205 19
    endloop
  endfacet
  facet normal 0.999463 0.0327727 3.69767e-06
    outer loop
      vertex 64.9481 1.58671 18.7825
      vertex 64.8608 4.2512 0
      vertex 64.9456 1.66294 18.8889
    endloop
  endfacet
  facet normal 0.999471 0.0325374 -2.97225e-05
    outer loop
      vertex 64.9508 1.50368 18.6813
      vertex 64.8608 4.2512 0
      vertex 64.9481 1.58671 18.7825
    endloop
  endfacet
  facet normal 0.999474 0.0324426 -4.36691e-05
    outer loop
      vertex 64.9537 1.41421 18.5858
      vertex 64.8608 4.2512 0
      vertex 64.9508 1.50368 18.6813
    endloop
  endfacet
  facet normal 0.999473 0.0324733 -3.8979e-05
    outer loop
      vertex 64.9568 1.31869 18.4963
      vertex 64.8608 4.2512 0
      vertex 64.9537 1.41421 18.5858
    endloop
  endfacet
  facet normal 0.999468 0.0326146 -1.65597e-05
    outer loop
      vertex 64.9601 1.21752 18.4133
      vertex 64.8608 4.2512 0
      vertex 64.9568 1.31869 18.4963
    endloop
  endfacet
  facet normal 0.99946 0.0328654 2.48024e-05
    outer loop
      vertex 64.9636 1.11114 18.3371
      vertex 64.8608 4.2512 0
      vertex 64.9601 1.21752 18.4133
    endloop
  endfacet
  facet normal 0.999448 0.0332197 8.55431e-05
    outer loop
      vertex 64.9673 1 18.2679
      vertex 64.8608 4.2512 0
      vertex 64.9636 1.11114 18.3371
    endloop
  endfacet
  facet normal 0.999485 0.0321003 -0.0001139
    outer loop
      vertex 64.971 0.884577 18.2063
      vertex 64.8608 4.2512 0
      vertex 64.9673 1 18.2679
    endloop
  endfacet
  facet normal 0.999465 0.0326993 -3.02167e-06
    outer loop
      vertex 64.9749 0.765367 18.1522
      vertex 64.8608 4.2512 0
      vertex 64.971 0.884577 18.2063
    endloop
  endfacet
  facet normal 0.999442 0.0334041 0.000132484
    outer loop
      vertex 64.979 0.642879 18.1061
      vertex 64.8608 4.2512 0
      vertex 64.9749 0.765367 18.1522
    endloop
  endfacet
  facet normal 0.999465 0.0327203 -3.94352e-06
    outer loop
      vertex 64.9831 0.517637 18.0681
      vertex 64.8608 4.2512 0
      vertex 64.979 0.642879 18.1061
    endloop
  endfacet
  facet normal 0.999482 0.0321783 -0.000116049
    outer loop
      vertex 64.9872 0.390181 18.0384
      vertex 64.8608 4.2512 0
      vertex 64.9831 0.517637 18.0681
    endloop
  endfacet
  facet normal 0.999446 0.0332834 -1.0734e-05
    outer loop
      vertex 65 0 0
      vertex 64.9872 0.390181 18.0384
      vertex 64.9915 0.261052 18.0171
    endloop
  endfacet
  facet normal 0.99948 0.0322295 4.55212e-06
    outer loop
      vertex 65 0 0
      vertex 64.9915 0.261052 18.0171
      vertex 64.9957 0.130806 18.0043
    endloop
  endfacet
  facet normal 0.99946 0.0328554 -0
    outer loop
      vertex 65 0 0
      vertex 64.9957 0.130806 18.0043
      vertex 65 0 18
    endloop
  endfacet
  facet normal 0.999464 0.0327262 1.33155e-06
    outer loop
      vertex 64.9872 0.390181 18.0384
      vertex 65 0 0
      vertex 64.8608 4.2512 0
    endloop
  endfacet
  facet normal 0.77301 -0.634394 0
    outer loop
      vertex 48.8696 -42.8575 125
      vertex 51.568 -39.5695 0
      vertex 51.568 -39.5695 125
    endloop
  endfacet
  facet normal 0.77301 -0.634394 0
    outer loop
      vertex 51.568 -39.5695 0
      vertex 48.8696 -42.8575 125
      vertex 48.8696 -42.8575 0
    endloop
  endfacet
  facet normal -0.352257 -0.935903 0
    outer loop
      vertex -24.8744 -60.0522 0
      vertex -20.8936 -61.5505 125
      vertex -24.8744 -60.0522 125
    endloop
  endfacet
  facet normal -0.352257 -0.935903 -0
    outer loop
      vertex -20.8936 -61.5505 125
      vertex -24.8744 -60.0522 0
      vertex -20.8936 -61.5505 0
    endloop
  endfacet
  facet normal -0.162901 -0.986642 0
    outer loop
      vertex -12.6809 -63.751 0
      vertex -8.4842 -64.4439 125
      vertex -12.6809 -63.751 125
    endloop
  endfacet
  facet normal -0.162901 -0.986642 -0
    outer loop
      vertex -8.4842 -64.4439 125
      vertex -12.6809 -63.751 0
      vertex -8.4842 -64.4439 0
    endloop
  endfacet
  facet normal 0.935903 -0.352257 0
    outer loop
      vertex 60.0522 -24.8744 125
      vertex 61.5505 -20.8936 0
      vertex 61.5505 -20.8936 125
    endloop
  endfacet
  facet normal 0.935903 -0.352257 0
    outer loop
      vertex 61.5505 -20.8936 0
      vertex 60.0522 -24.8744 125
      vertex 60.0522 -24.8744 0
    endloop
  endfacet
  facet normal 0.352257 0.935903 -0
    outer loop
      vertex 24.8744 60.0522 0
      vertex 20.8936 61.5505 125
      vertex 24.8744 60.0522 125
    endloop
  endfacet
  facet normal 0.352257 0.935903 0
    outer loop
      vertex 20.8936 61.5505 125
      vertex 24.8744 60.0522 0
      vertex 20.8936 61.5505 0
    endloop
  endfacet
  facet normal 0.471404 0.881917 -0
    outer loop
      vertex 32.5 56.2916 0
      vertex 28.7488 58.2967 125
      vertex 32.5 56.2916 125
    endloop
  endfacet
  facet normal 0.471404 0.881917 0
    outer loop
      vertex 28.7488 58.2967 125
      vertex 32.5 56.2916 0
      vertex 28.7488 58.2967 0
    endloop
  endfacet
  facet normal 0.412713 -0.910861 0
    outer loop
      vertex 24.8744 -60.0522 0
      vertex 28.7488 -58.2967 125
      vertex 24.8744 -60.0522 125
    endloop
  endfacet
  facet normal 0.412713 -0.910861 0
    outer loop
      vertex 28.7488 -58.2967 125
      vertex 24.8744 -60.0522 0
      vertex 28.7488 -58.2967 0
    endloop
  endfacet
  facet normal 0.634394 -0.77301 0
    outer loop
      vertex 39.5695 -51.568 0
      vertex 42.8575 -48.8696 125
      vertex 39.5695 -51.568 125
    endloop
  endfacet
  facet normal 0.634394 -0.77301 0
    outer loop
      vertex 42.8575 -48.8696 125
      vertex 39.5695 -51.568 0
      vertex 42.8575 -48.8696 0
    endloop
  endfacet
  facet normal -0.0980139 0.995185 0
    outer loop
      vertex -4.2512 64.8608 0
      vertex -8.4842 64.4439 125
      vertex -4.2512 64.8608 125
    endloop
  endfacet
  facet normal -0.0980139 0.995185 0
    outer loop
      vertex -8.4842 64.4439 125
      vertex -4.2512 64.8608 0
      vertex -8.4842 64.4439 0
    endloop
  endfacet
  facet normal 0.162901 -0.986642 0
    outer loop
      vertex 8.4842 -64.4439 0
      vertex 12.6809 -63.751 125
      vertex 8.4842 -64.4439 125
    endloop
  endfacet
  facet normal 0.162901 -0.986642 0
    outer loop
      vertex 12.6809 -63.751 125
      vertex 8.4842 -64.4439 0
      vertex 12.6809 -63.751 0
    endloop
  endfacet
  facet normal -0.935903 0.352257 0
    outer loop
      vertex -61.5505 20.8936 0
      vertex -60.0522 24.8744 125
      vertex -60.0522 24.8744 0
    endloop
  endfacet
  facet normal -0.935903 0.352257 0
    outer loop
      vertex -60.0522 24.8744 125
      vertex -61.5505 20.8936 0
      vertex -61.5505 20.8936 125
    endloop
  endfacet
  facet normal 0.97388 0.227065 0
    outer loop
      vertex 63.751 12.6809 125
      vertex 62.7852 16.8232 0
      vertex 62.7852 16.8232 125
    endloop
  endfacet
  facet normal 0.97388 0.227065 0
    outer loop
      vertex 62.7852 16.8232 0
      vertex 63.751 12.6809 125
      vertex 63.751 12.6809 0
    endloop
  endfacet
  facet normal -0.352257 0.935903 0
    outer loop
      vertex -20.8936 61.5505 0
      vertex -24.8744 60.0522 125
      vertex -20.8936 61.5505 125
    endloop
  endfacet
  facet normal -0.352257 0.935903 0
    outer loop
      vertex -24.8744 60.0522 125
      vertex -20.8936 61.5505 0
      vertex -24.8744 60.0522 0
    endloop
  endfacet
  facet normal 0.849207 -0.52806 0
    outer loop
      vertex 54.0455 -36.1121 125
      vertex 56.2916 -32.5 0
      vertex 56.2916 -32.5 125
    endloop
  endfacet
  facet normal 0.849207 -0.52806 0
    outer loop
      vertex 56.2916 -32.5 0
      vertex 54.0455 -36.1121 125
      vertex 54.0455 -36.1121 0
    endloop
  endfacet
  facet normal -0.995185 -0.0980139 0
    outer loop
      vertex -64.4439 -8.4842 0
      vertex -64.8608 -4.2512 125
      vertex -64.8608 -4.2512 0
    endloop
  endfacet
  facet normal -0.995185 -0.0980139 0
    outer loop
      vertex -64.8608 -4.2512 125
      vertex -64.4439 -8.4842 0
      vertex -64.4439 -8.4842 125
    endloop
  endfacet
  facet normal 0.935903 0.352257 0
    outer loop
      vertex 61.5505 20.8936 125
      vertex 60.0522 24.8744 0
      vertex 60.0522 24.8744 125
    endloop
  endfacet
  facet normal 0.935903 0.352257 0
    outer loop
      vertex 60.0522 24.8744 0
      vertex 61.5505 20.8936 125
      vertex 61.5505 20.8936 0
    endloop
  endfacet
  facet normal 0.582472 0.812851 -0
    outer loop
      vertex 39.5695 51.568 0
      vertex 36.1121 54.0455 125
      vertex 39.5695 51.568 125
    endloop
  endfacet
  facet normal 0.582472 0.812851 0
    outer loop
      vertex 36.1121 54.0455 125
      vertex 39.5695 51.568 0
      vertex 36.1121 54.0455 0
    endloop
  endfacet
  facet normal -0.910861 0.412713 0
    outer loop
      vertex -60.0522 24.8744 0
      vertex -58.2967 28.7488 125
      vertex -58.2967 28.7488 0
    endloop
  endfacet
  facet normal -0.910861 0.412713 0
    outer loop
      vertex -58.2967 28.7488 125
      vertex -60.0522 24.8744 0
      vertex -60.0522 24.8744 125
    endloop
  endfacet
  facet normal -0.935903 -0.352257 0
    outer loop
      vertex -60.0522 -24.8744 0
      vertex -61.5505 -20.8936 125
      vertex -61.5505 -20.8936 0
    endloop
  endfacet
  facet normal -0.935903 -0.352257 0
    outer loop
      vertex -61.5505 -20.8936 125
      vertex -60.0522 -24.8744 0
      vertex -60.0522 -24.8744 125
    endloop
  endfacet
  facet normal -0.956943 -0.290276 0
    outer loop
      vertex -61.5505 -20.8936 0
      vertex -62.7852 -16.8232 125
      vertex -62.7852 -16.8232 0
    endloop
  endfacet
  facet normal -0.956943 -0.290276 0
    outer loop
      vertex -62.7852 -16.8232 125
      vertex -61.5505 -20.8936 0
      vertex -61.5505 -20.8936 125
    endloop
  endfacet
  facet normal -0.471404 0.881917 0
    outer loop
      vertex -28.7488 58.2967 0
      vertex -32.5 56.2916 125
      vertex -28.7488 58.2967 125
    endloop
  endfacet
  facet normal -0.471404 0.881917 0
    outer loop
      vertex -32.5 56.2916 125
      vertex -28.7488 58.2967 0
      vertex -32.5 56.2916 0
    endloop
  endfacet
  facet normal -0.849207 -0.52806 0
    outer loop
      vertex -54.0455 -36.1121 0
      vertex -56.2916 -32.5 125
      vertex -56.2916 -32.5 0
    endloop
  endfacet
  facet normal -0.849207 -0.52806 0
    outer loop
      vertex -56.2916 -32.5 125
      vertex -54.0455 -36.1121 0
      vertex -54.0455 -36.1121 125
    endloop
  endfacet
  facet normal 0.412713 0.910861 -0
    outer loop
      vertex 28.7488 58.2967 0
      vertex 24.8744 60.0522 125
      vertex 28.7488 58.2967 125
    endloop
  endfacet
  facet normal 0.412713 0.910861 0
    outer loop
      vertex 24.8744 60.0522 125
      vertex 28.7488 58.2967 0
      vertex 24.8744 60.0522 0
    endloop
  endfacet
  facet normal -0.849207 0.52806 0
    outer loop
      vertex -56.2916 32.5 0
      vertex -54.0455 36.1121 125
      vertex -54.0455 36.1121 0
    endloop
  endfacet
  facet normal -0.849207 0.52806 0
    outer loop
      vertex -54.0455 36.1121 125
      vertex -56.2916 32.5 0
      vertex -56.2916 32.5 125
    endloop
  endfacet
  facet normal -0.910861 -0.412713 0
    outer loop
      vertex -58.2967 -28.7488 0
      vertex -60.0522 -24.8744 125
      vertex -60.0522 -24.8744 0
    endloop
  endfacet
  facet normal -0.910861 -0.412713 0
    outer loop
      vertex -60.0522 -24.8744 125
      vertex -58.2967 -28.7488 0
      vertex -58.2967 -28.7488 125
    endloop
  endfacet
  facet normal 0.956943 -0.290276 0
    outer loop
      vertex 61.5505 -20.8936 125
      vertex 62.7852 -16.8232 0
      vertex 62.7852 -16.8232 125
    endloop
  endfacet
  facet normal 0.956943 -0.290276 0
    outer loop
      vertex 62.7852 -16.8232 0
      vertex 61.5505 -20.8936 125
      vertex 61.5505 -20.8936 0
    endloop
  endfacet
  facet normal -0.227065 0.97388 0
    outer loop
      vertex -12.6809 63.751 0
      vertex -16.8232 62.7852 125
      vertex -12.6809 63.751 125
    endloop
  endfacet
  facet normal -0.227065 0.97388 0
    outer loop
      vertex -16.8232 62.7852 125
      vertex -12.6809 63.751 0
      vertex -16.8232 62.7852 0
    endloop
  endfacet
  facet normal -0.412713 0.910861 0
    outer loop
      vertex -24.8744 60.0522 0
      vertex -28.7488 58.2967 125
      vertex -24.8744 60.0522 125
    endloop
  endfacet
  facet normal -0.412713 0.910861 0
    outer loop
      vertex -28.7488 58.2967 125
      vertex -24.8744 60.0522 0
      vertex -28.7488 58.2967 0
    endloop
  endfacet
  facet normal 0.0327262 -0.999464 0
    outer loop
      vertex 0 -65 0
      vertex 4.2512 -64.8608 125
      vertex 0 -65 125
    endloop
  endfacet
  facet normal 0.0327262 -0.999464 0
    outer loop
      vertex 4.2512 -64.8608 125
      vertex 0 -65 0
      vertex 4.2512 -64.8608 0
    endloop
  endfacet
  facet normal 0.849207 0.52806 0
    outer loop
      vertex 56.2916 32.5 125
      vertex 54.0455 36.1121 0
      vertex 54.0455 36.1121 125
    endloop
  endfacet
  facet normal 0.849207 0.52806 0
    outer loop
      vertex 54.0455 36.1121 0
      vertex 56.2916 32.5 125
      vertex 56.2916 32.5 0
    endloop
  endfacet
  facet normal -0.999464 -0.0327262 0
    outer loop
      vertex -64.8608 -4.2512 0
      vertex -65 0 125
      vertex -65 0 0
    endloop
  endfacet
  facet normal -0.999464 -0.0327262 0
    outer loop
      vertex -65 0 125
      vertex -64.8608 -4.2512 0
      vertex -64.8608 -4.2512 125
    endloop
  endfacet
  facet normal -0.162901 0.986642 0
    outer loop
      vertex -8.4842 64.4439 0
      vertex -12.6809 63.751 125
      vertex -8.4842 64.4439 125
    endloop
  endfacet
  facet normal -0.162901 0.986642 0
    outer loop
      vertex -12.6809 63.751 125
      vertex -8.4842 64.4439 0
      vertex -12.6809 63.751 0
    endloop
  endfacet
  facet normal -0.97388 0.227065 0
    outer loop
      vertex -63.751 12.6809 0
      vertex -62.7852 16.8232 125
      vertex -62.7852 16.8232 0
    endloop
  endfacet
  facet normal -0.97388 0.227065 0
    outer loop
      vertex -62.7852 16.8232 125
      vertex -63.751 12.6809 0
      vertex -63.751 12.6809 125
    endloop
  endfacet
  facet normal 0.881917 -0.471404 0
    outer loop
      vertex 56.2916 -32.5 125
      vertex 58.2967 -28.7488 0
      vertex 58.2967 -28.7488 125
    endloop
  endfacet
  facet normal 0.881917 -0.471404 0
    outer loop
      vertex 58.2967 -28.7488 0
      vertex 56.2916 -32.5 125
      vertex 56.2916 -32.5 0
    endloop
  endfacet
  facet normal 0.227065 -0.97388 0
    outer loop
      vertex 12.6809 -63.751 0
      vertex 16.8232 -62.7852 125
      vertex 12.6809 -63.751 125
    endloop
  endfacet
  facet normal 0.227065 -0.97388 0
    outer loop
      vertex 16.8232 -62.7852 125
      vertex 12.6809 -63.751 0
      vertex 16.8232 -62.7852 0
    endloop
  endfacet
  facet normal 0.99946 -0.0328554 0
    outer loop
      vertex 65 0 125
      vertex 64.9957 -0.130806 106.996
      vertex 65 0 107
    endloop
  endfacet
  facet normal 0.99948 -0.0322295 -4.55225e-06
    outer loop
      vertex 65 0 125
      vertex 64.9915 -0.261052 106.983
      vertex 64.9957 -0.130806 106.996
    endloop
  endfacet
  facet normal 0.999446 -0.0332833 1.07337e-05
    outer loop
      vertex 65 0 125
      vertex 64.9872 -0.390181 106.962
      vertex 64.9915 -0.261052 106.983
    endloop
  endfacet
  facet normal 0.999464 -0.0327262 -1.33158e-06
    outer loop
      vertex 64.8608 -4.2512 125
      vertex 64.9872 -0.390181 106.962
      vertex 65 0 125
    endloop
  endfacet
  facet normal 0.999482 -0.0321786 0.000115995
    outer loop
      vertex 64.9872 -0.390181 106.962
      vertex 64.8608 -4.2512 125
      vertex 64.9831 -0.517637 106.932
    endloop
  endfacet
  facet normal 0.999465 -0.0327203 3.94354e-06
    outer loop
      vertex 64.9831 -0.517637 106.932
      vertex 64.8608 -4.2512 125
      vertex 64.979 -0.642879 106.894
    endloop
  endfacet
  facet normal 0.999442 -0.0334042 -0.000132505
    outer loop
      vertex 64.979 -0.642879 106.894
      vertex 64.8608 -4.2512 125
      vertex 64.9749 -0.765367 106.848
    endloop
  endfacet
  facet normal 0.999465 -0.0326993 3.02215e-06
    outer loop
      vertex 64.9749 -0.765367 106.848
      vertex 64.8608 -4.2512 125
      vertex 64.971 -0.884577 106.794
    endloop
  endfacet
  facet normal 0.999485 -0.0321006 0.000113836
    outer loop
      vertex 64.971 -0.884577 106.794
      vertex 64.8608 -4.2512 125
      vertex 64.9673 -1 106.732
    endloop
  endfacet
  facet normal 0.999448 -0.0332198 -8.55674e-05
    outer loop
      vertex 64.9673 -1 106.732
      vertex 64.8608 -4.2512 125
      vertex 64.9636 -1.11114 106.663
    endloop
  endfacet
  facet normal 0.99946 -0.0328654 -2.48097e-05
    outer loop
      vertex 64.9636 -1.11114 106.663
      vertex 64.8608 -4.2512 125
      vertex 64.9601 -1.21752 106.587
    endloop
  endfacet
  facet normal 0.999468 -0.0326146 1.656e-05
    outer loop
      vertex 64.9601 -1.21752 106.587
      vertex 64.8608 -4.2512 125
      vertex 64.9568 -1.31869 106.504
    endloop
  endfacet
  facet normal 0.999473 -0.0324735 3.89514e-05
    outer loop
      vertex 64.9568 -1.31869 106.504
      vertex 64.8608 -4.2512 125
      vertex 64.9537 -1.41421 106.414
    endloop
  endfacet
  facet normal 0.999474 -0.0324424 4.37008e-05
    outer loop
      vertex 64.9537 -1.41421 106.414
      vertex 64.8608 -4.2512 125
      vertex 64.9508 -1.50368 106.319
    endloop
  endfacet
  facet normal 0.999471 -0.0325373 2.97319e-05
    outer loop
      vertex 64.9508 -1.50368 106.319
      vertex 64.8608 -4.2512 125
      vertex 64.9481 -1.58671 106.218
    endloop
  endfacet
  facet normal 0.999463 -0.0327727 -3.69431e-06
    outer loop
      vertex 64.9481 -1.58671 106.218
      vertex 64.8608 -4.2512 125
      vertex 64.9456 -1.66294 106.111
    endloop
  endfacet
  facet normal 0.99945 -0.0331688 -5.80261e-05
    outer loop
      vertex 64.9456 -1.66294 106.111
      vertex 64.8608 -4.2512 125
      vertex 64.9433 -1.73205 106
    endloop
  endfacet
  facet normal 0.999473 -0.032464 3.55147e-05
    outer loop
      vertex 64.9433 -1.73205 106
      vertex 64.8608 -4.2512 125
      vertex 64.9413 -1.79375 105.885
    endloop
  endfacet
  facet normal 0.999449 -0.0331823 -5.69303e-05
    outer loop
      vertex 64.9413 -1.79375 105.885
      vertex 64.8608 -4.2512 125
      vertex 64.9395 -1.84776 105.765
    endloop
  endfacet
  facet normal 0.999469 -0.0325721 1.94057e-05
    outer loop
      vertex 64.9395 -1.84776 105.765
      vertex 64.8608 -4.2512 125
      vertex 64.938 -1.89386 105.643
    endloop
  endfacet
  facet normal 0.999491 -0.0319033 0.000100935
    outer loop
      vertex 64.938 -1.89386 105.643
      vertex 64.8608 -4.2512 125
      vertex 64.9368 -1.93185 105.518
    endloop
  endfacet
  facet normal 0.999444 -0.0333307 -6.91832e-05
    outer loop
      vertex 64.9368 -1.93185 105.518
      vertex 64.8608 -4.2512 125
      vertex 64.9358 -1.96157 105.39
    endloop
  endfacet
  facet normal 0.999464 -0.0327471 0
    outer loop
      vertex 64.8608 -4.2512 0
      vertex 64.9347 -1.99572 20.1308
      vertex 64.8608 -4.2512 125
    endloop
  endfacet
  facet normal 0.999357 -0.0358624 -0.000354047
    outer loop
      vertex 64.9347 -1.99572 105.131
      vertex 64.8608 -4.2512 125
      vertex 64.9345 -2 105
    endloop
  endfacet
  facet normal 0.999488 -0.0320098 8.37781e-05
    outer loop
      vertex 64.9351 -1.98289 105.261
      vertex 64.8608 -4.2512 125
      vertex 64.9347 -1.99572 105.131
    endloop
  endfacet
  facet normal 0.999462 -0.0327837 -5.24073e-06
    outer loop
      vertex 64.9358 -1.96157 105.39
      vertex 64.8608 -4.2512 125
      vertex 64.9351 -1.98289 105.261
    endloop
  endfacet
  facet normal 0.99946 -0.0328554 0
    outer loop
      vertex 64.9957 -0.130806 103.004
      vertex 65 0 22
      vertex 65 0 103
    endloop
  endfacet
  facet normal 0.99946 -0.0328554 0
    outer loop
      vertex 64.9957 -0.130806 103.004
      vertex 64.9957 -0.130806 21.9957
      vertex 65 0 22
    endloop
  endfacet
  facet normal 0.99948 -0.0322299 0
    outer loop
      vertex 64.9915 -0.261052 103.017
      vertex 64.9957 -0.130806 21.9957
      vertex 64.9957 -0.130806 103.004
    endloop
  endfacet
  facet normal 0.99948 -0.0322299 0
    outer loop
      vertex 64.9915 -0.261052 103.017
      vertex 64.9915 -0.261052 21.9829
      vertex 64.9957 -0.130806 21.9957
    endloop
  endfacet
  facet normal 0.999446 -0.0332816 0
    outer loop
      vertex 64.9872 -0.390181 103.038
      vertex 64.9915 -0.261052 21.9829
      vertex 64.9915 -0.261052 103.017
    endloop
  endfacet
  facet normal 0.999446 -0.0332816 0
    outer loop
      vertex 64.9872 -0.390181 103.038
      vertex 64.9872 -0.390181 21.9616
      vertex 64.9915 -0.261052 21.9829
    endloop
  endfacet
  facet normal 0.999483 -0.0321513 0
    outer loop
      vertex 64.9831 -0.517637 103.068
      vertex 64.9872 -0.390181 21.9616
      vertex 64.9872 -0.390181 103.038
    endloop
  endfacet
  facet normal 0.999483 -0.0321513 0
    outer loop
      vertex 64.9831 -0.517637 103.068
      vertex 64.9831 -0.517637 21.9319
      vertex 64.9872 -0.390181 21.9616
    endloop
  endfacet
  facet normal 0.999465 -0.0327191 0
    outer loop
      vertex 64.979 -0.642879 103.106
      vertex 64.9831 -0.517637 21.9319
      vertex 64.9831 -0.517637 103.068
    endloop
  endfacet
  facet normal 0.999465 -0.0327191 0
    outer loop
      vertex 64.979 -0.642879 103.106
      vertex 64.979 -0.642879 21.8939
      vertex 64.9831 -0.517637 21.9319
    endloop
  endfacet
  facet normal 0.99944 -0.0334539 0
    outer loop
      vertex 64.9749 -0.765367 103.152
      vertex 64.979 -0.642879 21.8939
      vertex 64.979 -0.642879 103.106
    endloop
  endfacet
  facet normal 0.99944 -0.0334539 0
    outer loop
      vertex 64.9749 -0.765367 103.152
      vertex 64.9749 -0.765367 21.8478
      vertex 64.979 -0.642879 21.8939
    endloop
  endfacet
  facet normal 0.999465 -0.0326979 0
    outer loop
      vertex 64.971 -0.884577 103.206
      vertex 64.9749 -0.765367 21.8478
      vertex 64.9749 -0.765367 103.152
    endloop
  endfacet
  facet normal 0.999465 -0.0326979 0
    outer loop
      vertex 64.971 -0.884577 103.206
      vertex 64.971 -0.884577 21.7937
      vertex 64.9749 -0.765367 21.8478
    endloop
  endfacet
  facet normal 0.999487 -0.0320395 0
    outer loop
      vertex 64.9673 -1 103.268
      vertex 64.971 -0.884577 21.7937
      vertex 64.971 -0.884577 103.206
    endloop
  endfacet
  facet normal 0.999487 -0.0320395 0
    outer loop
      vertex 64.9673 -1 103.268
      vertex 64.9673 -1 21.732
      vertex 64.971 -0.884577 21.7937
    endloop
  endfacet
  facet normal 0.999446 -0.0332729 0
    outer loop
      vertex 64.9636 -1.11114 103.337
      vertex 64.9673 -1 21.732
      vertex 64.9673 -1 103.268
    endloop
  endfacet
  facet normal 0.999446 -0.0332729 0
    outer loop
      vertex 64.9636 -1.11114 103.337
      vertex 64.9636 -1.11114 21.6629
      vertex 64.9673 -1 21.732
    endloop
  endfacet
  facet normal 0.999459 -0.0328831 0
    outer loop
      vertex 64.9601 -1.21752 103.413
      vertex 64.9636 -1.11114 21.6629
      vertex 64.9636 -1.11114 103.337
    endloop
  endfacet
  facet normal 0.999459 -0.0328831 0
    outer loop
      vertex 64.9601 -1.21752 103.413
      vertex 64.9601 -1.21752 21.5867
      vertex 64.9636 -1.11114 21.6629
    endloop
  endfacet
  facet normal 0.999468 -0.032601 0
    outer loop
      vertex 64.9568 -1.31869 103.496
      vertex 64.9601 -1.21752 21.5867
      vertex 64.9601 -1.21752 103.413
    endloop
  endfacet
  facet normal 0.999468 -0.032601 0
    outer loop
      vertex 64.9568 -1.31869 103.496
      vertex 64.9568 -1.31869 21.5037
      vertex 64.9601 -1.21752 21.5867
    endloop
  endfacet
  facet normal 0.999474 -0.0324369 0
    outer loop
      vertex 64.9537 -1.41421 103.586
      vertex 64.9568 -1.31869 21.5037
      vertex 64.9568 -1.31869 103.496
    endloop
  endfacet
  facet normal 0.999474 -0.0324369 0
    outer loop
      vertex 64.9537 -1.41421 103.586
      vertex 64.9537 -1.41421 21.4142
      vertex 64.9568 -1.31869 21.5037
    endloop
  endfacet
  facet normal 0.999475 -0.0323961 0
    outer loop
      vertex 64.9508 -1.50368 103.681
      vertex 64.9537 -1.41421 21.4142
      vertex 64.9537 -1.41421 103.586
    endloop
  endfacet
  facet normal 0.999475 -0.0323961 0
    outer loop
      vertex 64.9508 -1.50368 103.681
      vertex 64.9508 -1.50368 21.3187
      vertex 64.9537 -1.41421 21.4142
    endloop
  endfacet
  facet normal 0.999472 -0.0325012 0
    outer loop
      vertex 64.9481 -1.58671 103.782
      vertex 64.9508 -1.50368 21.3187
      vertex 64.9508 -1.50368 103.681
    endloop
  endfacet
  facet normal 0.999472 -0.0325012 0
    outer loop
      vertex 64.9481 -1.58671 103.782
      vertex 64.9481 -1.58671 21.2175
      vertex 64.9508 -1.50368 21.3187
    endloop
  endfacet
  facet normal 0.999463 -0.0327779 0
    outer loop
      vertex 64.9456 -1.66294 103.889
      vertex 64.9481 -1.58671 21.2175
      vertex 64.9481 -1.58671 103.782
    endloop
  endfacet
  facet normal 0.999463 -0.0327779 0
    outer loop
      vertex 64.9456 -1.66294 103.889
      vertex 64.9456 -1.66294 21.1111
      vertex 64.9481 -1.58671 21.2175
    endloop
  endfacet
  facet normal 0.999447 -0.0332619 0
    outer loop
      vertex 64.9433 -1.73205 104
      vertex 64.9456 -1.66294 21.1111
      vertex 64.9456 -1.66294 103.889
    endloop
  endfacet
  facet normal 0.999447 -0.0332619 0
    outer loop
      vertex 64.9433 -1.73205 104
      vertex 64.9433 -1.73205 21
      vertex 64.9456 -1.66294 21.1111
    endloop
  endfacet
  facet normal 0.999475 -0.0323979 0
    outer loop
      vertex 64.9413 -1.79375 104.115
      vertex 64.9433 -1.73205 21
      vertex 64.9433 -1.73205 104
    endloop
  endfacet
  facet normal 0.999475 -0.0323979 0
    outer loop
      vertex 64.9413 -1.79375 104.115
      vertex 64.9413 -1.79375 20.8846
      vertex 64.9433 -1.73205 21
    endloop
  endfacet
  facet normal 0.999445 -0.0333087 0
    outer loop
      vertex 64.9395 -1.84776 104.235
      vertex 64.9413 -1.79375 20.8846
      vertex 64.9413 -1.79375 104.115
    endloop
  endfacet
  facet normal 0.999445 -0.0333087 0
    outer loop
      vertex 64.9395 -1.84776 104.235
      vertex 64.9395 -1.84776 20.7654
      vertex 64.9413 -1.79375 20.8846
    endloop
  endfacet
  facet normal 0.999471 -0.0325208 0
    outer loop
      vertex 64.938 -1.89386 104.357
      vertex 64.9395 -1.84776 20.7654
      vertex 64.9395 -1.84776 104.235
    endloop
  endfacet
  facet normal 0.999471 -0.0325208 0
    outer loop
      vertex 64.938 -1.89386 104.357
      vertex 64.938 -1.89386 20.6429
      vertex 64.9395 -1.84776 20.7654
    endloop
  endfacet
  facet normal 0.999501 -0.0315715 0
    outer loop
      vertex 64.9368 -1.93185 104.482
      vertex 64.938 -1.89386 20.6429
      vertex 64.938 -1.89386 104.357
    endloop
  endfacet
  facet normal 0.999501 -0.0315715 0
    outer loop
      vertex 64.9368 -1.93185 104.482
      vertex 64.9368 -1.93185 20.5176
      vertex 64.938 -1.89386 20.6429
    endloop
  endfacet
  facet normal 0.999434 -0.0336283 0
    outer loop
      vertex 64.9358 -1.96157 104.61
      vertex 64.9368 -1.93185 20.5176
      vertex 64.9368 -1.93185 104.482
    endloop
  endfacet
  facet normal 0.999434 -0.0336283 0
    outer loop
      vertex 64.9358 -1.96157 104.61
      vertex 64.9358 -1.96157 20.3902
      vertex 64.9368 -1.93185 20.5176
    endloop
  endfacet
  facet normal 0.999461 -0.0328153 0
    outer loop
      vertex 64.9351 -1.98289 104.739
      vertex 64.9358 -1.96157 20.3902
      vertex 64.9358 -1.96157 104.61
    endloop
  endfacet
  facet normal 0.999461 -0.0328153 0
    outer loop
      vertex 64.9351 -1.98289 104.739
      vertex 64.9351 -1.98289 20.2611
      vertex 64.9358 -1.96157 20.3902
    endloop
  endfacet
  facet normal 0.999514 -0.0311618 0
    outer loop
      vertex 64.9347 -1.99572 104.869
      vertex 64.9351 -1.98289 20.2611
      vertex 64.9351 -1.98289 104.739
    endloop
  endfacet
  facet normal 0.999514 -0.0311618 0
    outer loop
      vertex 64.9347 -1.99572 104.869
      vertex 64.9347 -1.99572 20.1308
      vertex 64.9351 -1.98289 20.2611
    endloop
  endfacet
  facet normal 0.999635 -0.0270064 0.000643814
    outer loop
      vertex 64.8608 -4.2512 125
      vertex 64.9347 -1.99572 104.869
      vertex 64.9345 -2 105
    endloop
  endfacet
  facet normal 0.999464 -0.0327471 0
    outer loop
      vertex 64.9347 -1.99572 104.869
      vertex 64.8608 -4.2512 125
      vertex 64.9347 -1.99572 20.1308
    endloop
  endfacet
  facet normal 0.99946 -0.0328554 0
    outer loop
      vertex 64.9957 -0.130806 18.0043
      vertex 65 0 0
      vertex 65 0 18
    endloop
  endfacet
  facet normal 0.99948 -0.0322295 4.55212e-06
    outer loop
      vertex 64.9915 -0.261052 18.0171
      vertex 65 0 0
      vertex 64.9957 -0.130806 18.0043
    endloop
  endfacet
  facet normal 0.999446 -0.0332834 -1.0734e-05
    outer loop
      vertex 64.9872 -0.390181 18.0384
      vertex 65 0 0
      vertex 64.9915 -0.261052 18.0171
    endloop
  endfacet
  facet normal 0.999482 -0.0321783 -0.000116049
    outer loop
      vertex 64.8608 -4.2512 0
      vertex 64.9872 -0.390181 18.0384
      vertex 64.9831 -0.517637 18.0681
    endloop
  endfacet
  facet normal 0.999465 -0.0327203 -3.94352e-06
    outer loop
      vertex 64.8608 -4.2512 0
      vertex 64.9831 -0.517637 18.0681
      vertex 64.979 -0.642879 18.1061
    endloop
  endfacet
  facet normal 0.999442 -0.0334041 0.000132484
    outer loop
      vertex 64.8608 -4.2512 0
      vertex 64.979 -0.642879 18.1061
      vertex 64.9749 -0.765367 18.1522
    endloop
  endfacet
  facet normal 0.999465 -0.0326993 -3.02167e-06
    outer loop
      vertex 64.8608 -4.2512 0
      vertex 64.9749 -0.765367 18.1522
      vertex 64.971 -0.884577 18.2063
    endloop
  endfacet
  facet normal 0.999485 -0.0321003 -0.0001139
    outer loop
      vertex 64.8608 -4.2512 0
      vertex 64.971 -0.884577 18.2063
      vertex 64.9673 -1 18.2679
    endloop
  endfacet
  facet normal 0.999448 -0.0332197 8.55431e-05
    outer loop
      vertex 64.8608 -4.2512 0
      vertex 64.9673 -1 18.2679
      vertex 64.9636 -1.11114 18.3371
    endloop
  endfacet
  facet normal 0.99946 -0.0328654 2.48024e-05
    outer loop
      vertex 64.8608 -4.2512 0
      vertex 64.9636 -1.11114 18.3371
      vertex 64.9601 -1.21752 18.4133
    endloop
  endfacet
  facet normal 0.999468 -0.0326146 -1.65597e-05
    outer loop
      vertex 64.8608 -4.2512 0
      vertex 64.9601 -1.21752 18.4133
      vertex 64.9568 -1.31869 18.4963
    endloop
  endfacet
  facet normal 0.999473 -0.0324733 -3.8979e-05
    outer loop
      vertex 64.8608 -4.2512 0
      vertex 64.9568 -1.31869 18.4963
      vertex 64.9537 -1.41421 18.5858
    endloop
  endfacet
  facet normal 0.999474 -0.0324426 -4.36691e-05
    outer loop
      vertex 64.8608 -4.2512 0
      vertex 64.9537 -1.41421 18.5858
      vertex 64.9508 -1.50368 18.6813
    endloop
  endfacet
  facet normal 0.999471 -0.0325374 -2.97225e-05
    outer loop
      vertex 64.8608 -4.2512 0
      vertex 64.9508 -1.50368 18.6813
      vertex 64.9481 -1.58671 18.7825
    endloop
  endfacet
  facet normal 0.999463 -0.0327727 3.69767e-06
    outer loop
      vertex 64.8608 -4.2512 0
      vertex 64.9481 -1.58671 18.7825
      vertex 64.9456 -1.66294 18.8889
    endloop
  endfacet
  facet normal 0.99945 -0.0331687 5.8017e-05
    outer loop
      vertex 64.8608 -4.2512 0
      vertex 64.9456 -1.66294 18.8889
      vertex 64.9433 -1.73205 19
    endloop
  endfacet
  facet normal 0.999473 -0.0324642 -3.54903e-05
    outer loop
      vertex 64.8608 -4.2512 0
      vertex 64.9433 -1.73205 19
      vertex 64.9413 -1.79375 19.1154
    endloop
  endfacet
  facet normal 0.999449 -0.033183 5.70139e-05
    outer loop
      vertex 64.8608 -4.2512 0
      vertex 64.9413 -1.79375 19.1154
      vertex 64.9395 -1.84776 19.2346
    endloop
  endfacet
  facet normal 0.999469 -0.0325722 -1.93863e-05
    outer loop
      vertex 64.8608 -4.2512 0
      vertex 64.9395 -1.84776 19.2346
      vertex 64.938 -1.89386 19.3571
    endloop
  endfacet
  facet normal 0.999491 -0.0319039 -0.000100865
    outer loop
      vertex 64.8608 -4.2512 0
      vertex 64.938 -1.89386 19.3571
      vertex 64.9368 -1.93185 19.4824
    endloop
  endfacet
  facet normal 0.999444 -0.0333316 6.92924e-05
    outer loop
      vertex 64.8608 -4.2512 0
      vertex 64.9368 -1.93185 19.4824
      vertex 64.9358 -1.96157 19.6098
    endloop
  endfacet
  facet normal 0.999462 -0.0327836 5.23908e-06
    outer loop
      vertex 64.8608 -4.2512 0
      vertex 64.9358 -1.96157 19.6098
      vertex 64.9351 -1.98289 19.7389
    endloop
  endfacet
  facet normal 0.999464 -0.0327262 1.33155e-06
    outer loop
      vertex 64.9872 -0.390181 18.0384
      vertex 64.8608 -4.2512 0
      vertex 65 0 0
    endloop
  endfacet
  facet normal 0.999488 -0.0320107 -8.36745e-05
    outer loop
      vertex 64.9347 -1.99572 19.8692
      vertex 64.8608 -4.2512 0
      vertex 64.9351 -1.98289 19.7389
    endloop
  endfacet
  facet normal 0.999357 -0.0358662 0.000354466
    outer loop
      vertex 64.9345 -2 20
      vertex 64.8608 -4.2512 0
      vertex 64.9347 -1.99572 19.8692
    endloop
  endfacet
  facet normal 0.999635 -0.0269941 -0.000645202
    outer loop
      vertex 64.9347 -1.99572 20.1308
      vertex 64.8608 -4.2512 0
      vertex 64.9345 -2 20
    endloop
  endfacet
  facet normal 0.956943 0.290276 0
    outer loop
      vertex 62.7852 16.8232 125
      vertex 61.5505 20.8936 0
      vertex 61.5505 20.8936 125
    endloop
  endfacet
  facet normal 0.956943 0.290276 0
    outer loop
      vertex 61.5505 20.8936 0
      vertex 62.7852 16.8232 125
      vertex 62.7852 16.8232 0
    endloop
  endfacet
  facet normal -0.582472 0.812851 0
    outer loop
      vertex -36.1121 54.0455 0
      vertex -39.5695 51.568 125
      vertex -36.1121 54.0455 125
    endloop
  endfacet
  facet normal -0.582472 0.812851 0
    outer loop
      vertex -39.5695 51.568 125
      vertex -36.1121 54.0455 0
      vertex -39.5695 51.568 0
    endloop
  endfacet
  facet normal 0.162901 0.986642 -0
    outer loop
      vertex 12.6809 63.751 0
      vertex 8.4842 64.4439 125
      vertex 12.6809 63.751 125
    endloop
  endfacet
  facet normal 0.162901 0.986642 0
    outer loop
      vertex 8.4842 64.4439 125
      vertex 12.6809 63.751 0
      vertex 8.4842 64.4439 0
    endloop
  endfacet
  facet normal -0.0980139 -0.995185 0
    outer loop
      vertex -8.4842 -64.4439 0
      vertex -4.2512 -64.8608 125
      vertex -8.4842 -64.4439 125
    endloop
  endfacet
  facet normal -0.0980139 -0.995185 -0
    outer loop
      vertex -4.2512 -64.8608 125
      vertex -8.4842 -64.4439 0
      vertex -4.2512 -64.8608 0
    endloop
  endfacet
  facet normal -0.77301 0.634394 0
    outer loop
      vertex -51.568 39.5695 0
      vertex -48.8696 42.8575 125
      vertex -48.8696 42.8575 0
    endloop
  endfacet
  facet normal -0.77301 0.634394 0
    outer loop
      vertex -48.8696 42.8575 125
      vertex -51.568 39.5695 0
      vertex -51.568 39.5695 125
    endloop
  endfacet
  facet normal 0.729851 -0.683606 0
    outer loop
      vertex 45.9619 -45.9619 125
      vertex 48.8696 -42.8575 0
      vertex 48.8696 -42.8575 125
    endloop
  endfacet
  facet normal 0.729851 -0.683606 0
    outer loop
      vertex 48.8696 -42.8575 0
      vertex 45.9619 -45.9619 125
      vertex 45.9619 -45.9619 0
    endloop
  endfacet
  facet normal -0.986642 -0.162901 0
    outer loop
      vertex -63.751 -12.6809 0
      vertex -64.4439 -8.4842 125
      vertex -64.4439 -8.4842 0
    endloop
  endfacet
  facet normal -0.986642 -0.162901 0
    outer loop
      vertex -64.4439 -8.4842 125
      vertex -63.751 -12.6809 0
      vertex -63.751 -12.6809 125
    endloop
  endfacet
  facet normal 0.881917 0.471404 0
    outer loop
      vertex 58.2967 28.7488 125
      vertex 56.2916 32.5 0
      vertex 56.2916 32.5 125
    endloop
  endfacet
  facet normal 0.881917 0.471404 0
    outer loop
      vertex 56.2916 32.5 0
      vertex 58.2967 28.7488 125
      vertex 58.2967 28.7488 0
    endloop
  endfacet
  facet normal -0.881917 -0.471404 0
    outer loop
      vertex -56.2916 -32.5 0
      vertex -58.2967 -28.7488 125
      vertex -58.2967 -28.7488 0
    endloop
  endfacet
  facet normal -0.881917 -0.471404 0
    outer loop
      vertex -58.2967 -28.7488 125
      vertex -56.2916 -32.5 0
      vertex -56.2916 -32.5 125
    endloop
  endfacet
  facet normal -0.995185 0.0980139 0
    outer loop
      vertex -64.8608 4.2512 0
      vertex -64.4439 8.4842 125
      vertex -64.4439 8.4842 0
    endloop
  endfacet
  facet normal -0.995185 0.0980139 0
    outer loop
      vertex -64.4439 8.4842 125
      vertex -64.8608 4.2512 0
      vertex -64.8608 4.2512 125
    endloop
  endfacet
  facet normal 0.52806 0.849207 -0
    outer loop
      vertex 36.1121 54.0455 0
      vertex 32.5 56.2916 125
      vertex 36.1121 54.0455 125
    endloop
  endfacet
  facet normal 0.52806 0.849207 0
    outer loop
      vertex 32.5 56.2916 125
      vertex 36.1121 54.0455 0
      vertex 32.5 56.2916 0
    endloop
  endfacet
  facet normal 0.352257 -0.935903 0
    outer loop
      vertex 20.8936 -61.5505 0
      vertex 24.8744 -60.0522 125
      vertex 20.8936 -61.5505 125
    endloop
  endfacet
  facet normal 0.352257 -0.935903 0
    outer loop
      vertex 24.8744 -60.0522 125
      vertex 20.8936 -61.5505 0
      vertex 24.8744 -60.0522 0
    endloop
  endfacet
  facet normal -0.634394 -0.77301 0
    outer loop
      vertex -42.8575 -48.8696 0
      vertex -39.5695 -51.568 125
      vertex -42.8575 -48.8696 125
    endloop
  endfacet
  facet normal -0.634394 -0.77301 -0
    outer loop
      vertex -39.5695 -51.568 125
      vertex -42.8575 -48.8696 0
      vertex -39.5695 -51.568 0
    endloop
  endfacet
  facet normal -0.956943 0.290276 0
    outer loop
      vertex -62.7852 16.8232 0
      vertex -61.5505 20.8936 125
      vertex -61.5505 20.8936 0
    endloop
  endfacet
  facet normal -0.956943 0.290276 0
    outer loop
      vertex -61.5505 20.8936 125
      vertex -62.7852 16.8232 0
      vertex -62.7852 16.8232 125
    endloop
  endfacet
  facet normal 0.471404 -0.881917 0
    outer loop
      vertex 28.7488 -58.2967 0
      vertex 32.5 -56.2916 125
      vertex 28.7488 -58.2967 125
    endloop
  endfacet
  facet normal 0.471404 -0.881917 0
    outer loop
      vertex 32.5 -56.2916 125
      vertex 28.7488 -58.2967 0
      vertex 32.5 -56.2916 0
    endloop
  endfacet
  facet normal -0.812851 -0.582472 0
    outer loop
      vertex -51.568 -39.5695 0
      vertex -54.0455 -36.1121 125
      vertex -54.0455 -36.1121 0
    endloop
  endfacet
  facet normal -0.812851 -0.582472 0
    outer loop
      vertex -54.0455 -36.1121 125
      vertex -51.568 -39.5695 0
      vertex -51.568 -39.5695 125
    endloop
  endfacet
  facet normal 0.683606 0.729851 -0
    outer loop
      vertex 45.9619 45.9619 0
      vertex 42.8575 48.8696 125
      vertex 45.9619 45.9619 125
    endloop
  endfacet
  facet normal 0.683606 0.729851 0
    outer loop
      vertex 42.8575 48.8696 125
      vertex 45.9619 45.9619 0
      vertex 42.8575 48.8696 0
    endloop
  endfacet
  facet normal 0.0980139 -0.995185 0
    outer loop
      vertex 4.2512 -64.8608 0
      vertex 8.4842 -64.4439 125
      vertex 4.2512 -64.8608 125
    endloop
  endfacet
  facet normal 0.0980139 -0.995185 0
    outer loop
      vertex 8.4842 -64.4439 125
      vertex 4.2512 -64.8608 0
      vertex 8.4842 -64.4439 0
    endloop
  endfacet
  facet normal 0.634394 0.77301 -0
    outer loop
      vertex 42.8575 48.8696 0
      vertex 39.5695 51.568 125
      vertex 42.8575 48.8696 125
    endloop
  endfacet
  facet normal 0.634394 0.77301 0
    outer loop
      vertex 39.5695 51.568 125
      vertex 42.8575 48.8696 0
      vertex 39.5695 51.568 0
    endloop
  endfacet
  facet normal 0.986642 0.162901 0
    outer loop
      vertex 64.4439 8.4842 125
      vertex 63.751 12.6809 0
      vertex 63.751 12.6809 125
    endloop
  endfacet
  facet normal 0.986642 0.162901 0
    outer loop
      vertex 63.751 12.6809 0
      vertex 64.4439 8.4842 125
      vertex 64.4439 8.4842 0
    endloop
  endfacet
  facet normal 0.812851 -0.582472 0
    outer loop
      vertex 51.568 -39.5695 125
      vertex 54.0455 -36.1121 0
      vertex 54.0455 -36.1121 125
    endloop
  endfacet
  facet normal 0.812851 -0.582472 0
    outer loop
      vertex 54.0455 -36.1121 0
      vertex 51.568 -39.5695 125
      vertex 51.568 -39.5695 0
    endloop
  endfacet
  facet normal 0.97388 -0.227065 0
    outer loop
      vertex 62.7852 -16.8232 125
      vertex 63.751 -12.6809 0
      vertex 63.751 -12.6809 125
    endloop
  endfacet
  facet normal 0.97388 -0.227065 0
    outer loop
      vertex 63.751 -12.6809 0
      vertex 62.7852 -16.8232 125
      vertex 62.7852 -16.8232 0
    endloop
  endfacet
  facet normal 0.995185 -0.0980139 0
    outer loop
      vertex 64.4439 -8.4842 125
      vertex 64.8608 -4.2512 0
      vertex 64.8608 -4.2512 125
    endloop
  endfacet
  facet normal 0.995185 -0.0980139 0
    outer loop
      vertex 64.8608 -4.2512 0
      vertex 64.4439 -8.4842 125
      vertex 64.4439 -8.4842 0
    endloop
  endfacet
  facet normal 0.910861 -0.412713 0
    outer loop
      vertex 58.2967 -28.7488 125
      vertex 60.0522 -24.8744 0
      vertex 60.0522 -24.8744 125
    endloop
  endfacet
  facet normal 0.910861 -0.412713 0
    outer loop
      vertex 60.0522 -24.8744 0
      vertex 58.2967 -28.7488 125
      vertex 58.2967 -28.7488 0
    endloop
  endfacet
  facet normal -0.634394 0.77301 0
    outer loop
      vertex -39.5695 51.568 0
      vertex -42.8575 48.8696 125
      vertex -39.5695 51.568 125
    endloop
  endfacet
  facet normal -0.634394 0.77301 0
    outer loop
      vertex -42.8575 48.8696 125
      vertex -39.5695 51.568 0
      vertex -42.8575 48.8696 0
    endloop
  endfacet
  facet normal -0.729851 0.683606 0
    outer loop
      vertex -48.8696 42.8575 0
      vertex -45.9619 45.9619 125
      vertex -45.9619 45.9619 0
    endloop
  endfacet
  facet normal -0.729851 0.683606 0
    outer loop
      vertex -45.9619 45.9619 125
      vertex -48.8696 42.8575 0
      vertex -48.8696 42.8575 125
    endloop
  endfacet
  facet normal -0.227065 -0.97388 0
    outer loop
      vertex -16.8232 -62.7852 0
      vertex -12.6809 -63.751 125
      vertex -16.8232 -62.7852 125
    endloop
  endfacet
  facet normal -0.227065 -0.97388 -0
    outer loop
      vertex -12.6809 -63.751 125
      vertex -16.8232 -62.7852 0
      vertex -12.6809 -63.751 0
    endloop
  endfacet
  facet normal -0.683606 -0.729851 0
    outer loop
      vertex -45.9619 -45.9619 0
      vertex -42.8575 -48.8696 125
      vertex -45.9619 -45.9619 125
    endloop
  endfacet
  facet normal -0.683606 -0.729851 -0
    outer loop
      vertex -42.8575 -48.8696 125
      vertex -45.9619 -45.9619 0
      vertex -42.8575 -48.8696 0
    endloop
  endfacet
  facet normal 0.812851 0.582472 0
    outer loop
      vertex 54.0455 36.1121 125
      vertex 51.568 39.5695 0
      vertex 51.568 39.5695 125
    endloop
  endfacet
  facet normal 0.812851 0.582472 0
    outer loop
      vertex 51.568 39.5695 0
      vertex 54.0455 36.1121 125
      vertex 54.0455 36.1121 0
    endloop
  endfacet
  facet normal 0.729851 0.683606 0
    outer loop
      vertex 48.8696 42.8575 125
      vertex 45.9619 45.9619 0
      vertex 45.9619 45.9619 125
    endloop
  endfacet
  facet normal 0.729851 0.683606 0
    outer loop
      vertex 45.9619 45.9619 0
      vertex 48.8696 42.8575 125
      vertex 48.8696 42.8575 0
    endloop
  endfacet
  facet normal 0.0327262 0.999464 -0
    outer loop
      vertex 4.2512 64.8608 0
      vertex 0 65 125
      vertex 4.2512 64.8608 125
    endloop
  endfacet
  facet normal 0.0327262 0.999464 0
    outer loop
      vertex 0 65 125
      vertex 4.2512 64.8608 0
      vertex 0 65 0
    endloop
  endfacet
  facet normal 0.683606 -0.729851 0
    outer loop
      vertex 42.8575 -48.8696 0
      vertex 45.9619 -45.9619 125
      vertex 42.8575 -48.8696 125
    endloop
  endfacet
  facet normal 0.683606 -0.729851 0
    outer loop
      vertex 45.9619 -45.9619 125
      vertex 42.8575 -48.8696 0
      vertex 45.9619 -45.9619 0
    endloop
  endfacet
  facet normal 0.910861 0.412713 0
    outer loop
      vertex 60.0522 24.8744 125
      vertex 58.2967 28.7488 0
      vertex 58.2967 28.7488 125
    endloop
  endfacet
  facet normal 0.910861 0.412713 0
    outer loop
      vertex 58.2967 28.7488 0
      vertex 60.0522 24.8744 125
      vertex 60.0522 24.8744 0
    endloop
  endfacet
  facet normal 0.290276 -0.956943 0
    outer loop
      vertex 16.8232 -62.7852 0
      vertex 20.8936 -61.5505 125
      vertex 16.8232 -62.7852 125
    endloop
  endfacet
  facet normal 0.290276 -0.956943 0
    outer loop
      vertex 20.8936 -61.5505 125
      vertex 16.8232 -62.7852 0
      vertex 20.8936 -61.5505 0
    endloop
  endfacet
  facet normal -0.290276 0.956943 0
    outer loop
      vertex -16.8232 62.7852 0
      vertex -20.8936 61.5505 125
      vertex -16.8232 62.7852 125
    endloop
  endfacet
  facet normal -0.290276 0.956943 0
    outer loop
      vertex -20.8936 61.5505 125
      vertex -16.8232 62.7852 0
      vertex -20.8936 61.5505 0
    endloop
  endfacet
  facet normal -0.986642 0.162901 0
    outer loop
      vertex -64.4439 8.4842 0
      vertex -63.751 12.6809 125
      vertex -63.751 12.6809 0
    endloop
  endfacet
  facet normal -0.986642 0.162901 0
    outer loop
      vertex -63.751 12.6809 125
      vertex -64.4439 8.4842 0
      vertex -64.4439 8.4842 125
    endloop
  endfacet
  facet normal -0.471404 -0.881917 0
    outer loop
      vertex -32.5 -56.2916 0
      vertex -28.7488 -58.2967 125
      vertex -32.5 -56.2916 125
    endloop
  endfacet
  facet normal -0.471404 -0.881917 -0
    outer loop
      vertex -28.7488 -58.2967 125
      vertex -32.5 -56.2916 0
      vertex -28.7488 -58.2967 0
    endloop
  endfacet
  facet normal -0.683606 0.729851 0
    outer loop
      vertex -42.8575 48.8696 0
      vertex -45.9619 45.9619 125
      vertex -42.8575 48.8696 125
    endloop
  endfacet
  facet normal -0.683606 0.729851 0
    outer loop
      vertex -45.9619 45.9619 125
      vertex -42.8575 48.8696 0
      vertex -45.9619 45.9619 0
    endloop
  endfacet
  facet normal -0.582472 -0.812851 0
    outer loop
      vertex -39.5695 -51.568 0
      vertex -36.1121 -54.0455 125
      vertex -39.5695 -51.568 125
    endloop
  endfacet
  facet normal -0.582472 -0.812851 -0
    outer loop
      vertex -36.1121 -54.0455 125
      vertex -39.5695 -51.568 0
      vertex -36.1121 -54.0455 0
    endloop
  endfacet
  facet normal -0.0327262 -0.999464 0
    outer loop
      vertex -4.2512 -64.8608 0
      vertex 0 -65 125
      vertex -4.2512 -64.8608 125
    endloop
  endfacet
  facet normal -0.0327262 -0.999464 -0
    outer loop
      vertex 0 -65 125
      vertex -4.2512 -64.8608 0
      vertex 0 -65 0
    endloop
  endfacet
  facet normal 0.986642 -0.162901 0
    outer loop
      vertex 63.751 -12.6809 125
      vertex 64.4439 -8.4842 0
      vertex 64.4439 -8.4842 125
    endloop
  endfacet
  facet normal 0.986642 -0.162901 0
    outer loop
      vertex 64.4439 -8.4842 0
      vertex 63.751 -12.6809 125
      vertex 63.751 -12.6809 0
    endloop
  endfacet
  facet normal 0.290276 0.956943 -0
    outer loop
      vertex 20.8936 61.5505 0
      vertex 16.8232 62.7852 125
      vertex 20.8936 61.5505 125
    endloop
  endfacet
  facet normal 0.290276 0.956943 0
    outer loop
      vertex 16.8232 62.7852 125
      vertex 20.8936 61.5505 0
      vertex 16.8232 62.7852 0
    endloop
  endfacet
  facet normal 0 0 -1
    outer loop
      vertex 55.5 0 0
      vertex 65 0 0
      vertex 64.8608 -4.2512 0
    endloop
  endfacet
  facet normal 0 0 -1
    outer loop
      vertex 55.3812 -3.62987 0
      vertex 64.8608 -4.2512 0
      vertex 64.4439 -8.4842 0
    endloop
  endfacet
  facet normal 0 0 -1
    outer loop
      vertex 65 0 0
      vertex 55.5 0 0
      vertex 64.8608 4.2512 0
    endloop
  endfacet
  facet normal 0 0 -1
    outer loop
      vertex 55.0252 -7.2442 0
      vertex 64.4439 -8.4842 0
      vertex 63.751 -12.6809 0
    endloop
  endfacet
  facet normal 0 0 -1
    outer loop
      vertex 55.3812 3.62987 0
      vertex 64.8608 4.2512 0
      vertex 55.5 0 0
    endloop
  endfacet
  facet normal 0 0 -1
    outer loop
      vertex 54.4336 -10.8275 0
      vertex 63.751 -12.6809 0
      vertex 62.7852 -16.8232 0
    endloop
  endfacet
  facet normal -0 0 -1
    outer loop
      vertex 64.8608 4.2512 0
      vertex 55.3812 3.62987 0
      vertex 64.4439 8.4842 0
    endloop
  endfacet
  facet normal 0 0 -1
    outer loop
      vertex 53.6089 -14.3645 0
      vertex 62.7852 -16.8232 0
      vertex 61.5505 -20.8936 0
    endloop
  endfacet
  facet normal 0 0 -1
    outer loop
      vertex 55.0252 7.2442 0
      vertex 64.4439 8.4842 0
      vertex 55.3812 3.62987 0
    endloop
  endfacet
  facet normal 0 0 -1
    outer loop
      vertex 52.5546 -17.8399 0
      vertex 61.5505 -20.8936 0
      vertex 60.0522 -24.8744 0
    endloop
  endfacet
  facet normal -0 0 -1
    outer loop
      vertex 64.4439 8.4842 0
      vertex 55.0252 7.2442 0
      vertex 63.751 12.6809 0
    endloop
  endfacet
  facet normal 0 0 -1
    outer loop
      vertex 51.2753 -21.2389 0
      vertex 60.0522 -24.8744 0
      vertex 58.2967 -28.7488 0
    endloop
  endfacet
  facet normal 0 0 -1
    outer loop
      vertex 54.4336 10.8275 0
      vertex 63.751 12.6809 0
      vertex 55.0252 7.2442 0
    endloop
  endfacet
  facet normal 0 0 -1
    outer loop
      vertex 49.7764 -24.547 0
      vertex 58.2967 -28.7488 0
      vertex 56.2916 -32.5 0
    endloop
  endfacet
  facet normal -0 0 -1
    outer loop
      vertex 63.751 12.6809 0
      vertex 54.4336 10.8275 0
      vertex 62.7852 16.8232 0
    endloop
  endfacet
  facet normal 0 0 -1
    outer loop
      vertex 53.6089 14.3645 0
      vertex 62.7852 16.8232 0
      vertex 54.4336 10.8275 0
    endloop
  endfacet
  facet normal 0 0 -1
    outer loop
      vertex 64.8608 -4.2512 0
      vertex 55.3812 -3.62987 0
      vertex 55.5 0 0
    endloop
  endfacet
  facet normal 0 0 -1
    outer loop
      vertex 64.4439 -8.4842 0
      vertex 55.0252 -7.2442 0
      vertex 55.3812 -3.62987 0
    endloop
  endfacet
  facet normal 0 0 -1
    outer loop
      vertex 63.751 -12.6809 0
      vertex 54.4336 -10.8275 0
      vertex 55.0252 -7.2442 0
    endloop
  endfacet
  facet normal 0 0 -1
    outer loop
      vertex 48.0644 -27.75 0
      vertex 56.2916 -32.5 0
      vertex 54.0455 -36.1121 0
    endloop
  endfacet
  facet normal 0 0 -1
    outer loop
      vertex 62.7852 -16.8232 0
      vertex 53.6089 -14.3645 0
      vertex 54.4336 -10.8275 0
    endloop
  endfacet
  facet normal 0 0 -1
    outer loop
      vertex 61.5505 -20.8936 0
      vertex 52.5546 -17.8399 0
      vertex 53.6089 -14.3645 0
    endloop
  endfacet
  facet normal 0 0 -1
    outer loop
      vertex 46.1466 -30.8341 0
      vertex 54.0455 -36.1121 0
      vertex 51.568 -39.5695 0
    endloop
  endfacet
  facet normal 0 0 -1
    outer loop
      vertex 60.0522 -24.8744 0
      vertex 51.2753 -21.2389 0
      vertex 52.5546 -17.8399 0
    endloop
  endfacet
  facet normal 0 0 -1
    outer loop
      vertex 58.2967 -28.7488 0
      vertex 49.7764 -24.547 0
      vertex 51.2753 -21.2389 0
    endloop
  endfacet
  facet normal 0 0 -1
    outer loop
      vertex 44.0311 -33.7863 0
      vertex 51.568 -39.5695 0
      vertex 48.8696 -42.8575 0
    endloop
  endfacet
  facet normal 0 0 -1
    outer loop
      vertex 56.2916 -32.5 0
      vertex 48.0644 -27.75 0
      vertex 49.7764 -24.547 0
    endloop
  endfacet
  facet normal 0 0 -1
    outer loop
      vertex 54.0455 -36.1121 0
      vertex 46.1466 -30.8341 0
      vertex 48.0644 -27.75 0
    endloop
  endfacet
  facet normal 0 0 -1
    outer loop
      vertex 41.7271 -36.5937 0
      vertex 48.8696 -42.8575 0
      vertex 45.9619 -45.9619 0
    endloop
  endfacet
  facet normal 0 0 -1
    outer loop
      vertex 51.568 -39.5695 0
      vertex 44.0311 -33.7863 0
      vertex 46.1466 -30.8341 0
    endloop
  endfacet
  facet normal 0 0 -1
    outer loop
      vertex 39.2444 -39.2444 0
      vertex 45.9619 -45.9619 0
      vertex 42.8575 -48.8696 0
    endloop
  endfacet
  facet normal 0 0 -1
    outer loop
      vertex 48.8696 -42.8575 0
      vertex 41.7271 -36.5937 0
      vertex 44.0311 -33.7863 0
    endloop
  endfacet
  facet normal 0 0 -1
    outer loop
      vertex 36.5937 -41.7271 0
      vertex 42.8575 -48.8696 0
      vertex 39.5695 -51.568 0
    endloop
  endfacet
  facet normal 0 0 -1
    outer loop
      vertex 45.9619 -45.9619 0
      vertex 39.2444 -39.2444 0
      vertex 41.7271 -36.5937 0
    endloop
  endfacet
  facet normal 0 0 -1
    outer loop
      vertex 42.8575 -48.8696 0
      vertex 36.5937 -41.7271 0
      vertex 39.2444 -39.2444 0
    endloop
  endfacet
  facet normal 0 0 -1
    outer loop
      vertex 33.7863 -44.0311 0
      vertex 39.5695 -51.568 0
      vertex 36.1121 -54.0455 0
    endloop
  endfacet
  facet normal 0 0 -1
    outer loop
      vertex 39.5695 -51.568 0
      vertex 33.7863 -44.0311 0
      vertex 36.5937 -41.7271 0
    endloop
  endfacet
  facet normal 0 0 -1
    outer loop
      vertex 30.8341 -46.1466 0
      vertex 36.1121 -54.0455 0
      vertex 32.5 -56.2916 0
    endloop
  endfacet
  facet normal 0 0 -1
    outer loop
      vertex 36.1121 -54.0455 0
      vertex 30.8341 -46.1466 0
      vertex 33.7863 -44.0311 0
    endloop
  endfacet
  facet normal 0 0 -1
    outer loop
      vertex 27.75 -48.0644 0
      vertex 32.5 -56.2916 0
      vertex 28.7488 -58.2967 0
    endloop
  endfacet
  facet normal 0 0 -1
    outer loop
      vertex 32.5 -56.2916 0
      vertex 27.75 -48.0644 0
      vertex 30.8341 -46.1466 0
    endloop
  endfacet
  facet normal 0 0 -1
    outer loop
      vertex 24.547 -49.7764 0
      vertex 28.7488 -58.2967 0
      vertex 24.8744 -60.0522 0
    endloop
  endfacet
  facet normal 0 0 -1
    outer loop
      vertex 28.7488 -58.2967 0
      vertex 24.547 -49.7764 0
      vertex 27.75 -48.0644 0
    endloop
  endfacet
  facet normal 0 0 -1
    outer loop
      vertex 24.8744 -60.0522 0
      vertex 21.2389 -51.2753 0
      vertex 24.547 -49.7764 0
    endloop
  endfacet
  facet normal 0 0 -1
    outer loop
      vertex 20.8936 -61.5505 0
      vertex 21.2389 -51.2753 0
      vertex 24.8744 -60.0522 0
    endloop
  endfacet
  facet normal 0 0 -1
    outer loop
      vertex 20.8936 -61.5505 0
      vertex 17.8399 -52.5546 0
      vertex 21.2389 -51.2753 0
    endloop
  endfacet
  facet normal 0 0 -1
    outer loop
      vertex 16.8232 -62.7852 0
      vertex 17.8399 -52.5546 0
      vertex 20.8936 -61.5505 0
    endloop
  endfacet
  facet normal 0 0 -1
    outer loop
      vertex 16.8232 -62.7852 0
      vertex 14.3645 -53.6089 0
      vertex 17.8399 -52.5546 0
    endloop
  endfacet
  facet normal 0 0 -1
    outer loop
      vertex 12.6809 -63.751 0
      vertex 14.3645 -53.6089 0
      vertex 16.8232 -62.7852 0
    endloop
  endfacet
  facet normal 0 0 -1
    outer loop
      vertex 12.6809 -63.751 0
      vertex 10.8275 -54.4336 0
      vertex 14.3645 -53.6089 0
    endloop
  endfacet
  facet normal 0 0 -1
    outer loop
      vertex 8.4842 -64.4439 0
      vertex 10.8275 -54.4336 0
      vertex 12.6809 -63.751 0
    endloop
  endfacet
  facet normal 0 0 -1
    outer loop
      vertex 8.4842 -64.4439 0
      vertex 7.2442 -55.0252 0
      vertex 10.8275 -54.4336 0
    endloop
  endfacet
  facet normal 0 0 -1
    outer loop
      vertex 4.2512 -64.8608 0
      vertex 7.2442 -55.0252 0
      vertex 8.4842 -64.4439 0
    endloop
  endfacet
  facet normal 0 0 -1
    outer loop
      vertex 4.2512 -64.8608 0
      vertex 3.62987 -55.3812 0
      vertex 7.2442 -55.0252 0
    endloop
  endfacet
  facet normal 0 0 -1
    outer loop
      vertex 0 -65 0
      vertex 3.62987 -55.3812 0
      vertex 4.2512 -64.8608 0
    endloop
  endfacet
  facet normal 0 0 -1
    outer loop
      vertex 0 -65 0
      vertex 0 -55.5 0
      vertex 3.62987 -55.3812 0
    endloop
  endfacet
  facet normal 0 0 -1
    outer loop
      vertex 0 -65 0
      vertex -3.62987 -55.3812 0
      vertex 0 -55.5 0
    endloop
  endfacet
  facet normal 0 0 -1
    outer loop
      vertex -4.2512 -64.8608 0
      vertex -3.62987 -55.3812 0
      vertex 0 -65 0
    endloop
  endfacet
  facet normal 0 0 -1
    outer loop
      vertex -4.2512 -64.8608 0
      vertex -7.2442 -55.0252 0
      vertex -3.62987 -55.3812 0
    endloop
  endfacet
  facet normal 0 0 -1
    outer loop
      vertex -8.4842 -64.4439 0
      vertex -7.2442 -55.0252 0
      vertex -4.2512 -64.8608 0
    endloop
  endfacet
  facet normal 0 0 -1
    outer loop
      vertex -8.4842 -64.4439 0
      vertex -10.8275 -54.4336 0
      vertex -7.2442 -55.0252 0
    endloop
  endfacet
  facet normal 0 0 -1
    outer loop
      vertex -12.6809 -63.751 0
      vertex -10.8275 -54.4336 0
      vertex -8.4842 -64.4439 0
    endloop
  endfacet
  facet normal 0 0 -1
    outer loop
      vertex -12.6809 -63.751 0
      vertex -14.3645 -53.6089 0
      vertex -10.8275 -54.4336 0
    endloop
  endfacet
  facet normal 0 0 -1
    outer loop
      vertex -16.8232 -62.7852 0
      vertex -14.3645 -53.6089 0
      vertex -12.6809 -63.751 0
    endloop
  endfacet
  facet normal 0 0 -1
    outer loop
      vertex -16.8232 -62.7852 0
      vertex -17.8399 -52.5546 0
      vertex -14.3645 -53.6089 0
    endloop
  endfacet
  facet normal 0 0 -1
    outer loop
      vertex -20.8936 -61.5505 0
      vertex -17.8399 -52.5546 0
      vertex -16.8232 -62.7852 0
    endloop
  endfacet
  facet normal 0 0 -1
    outer loop
      vertex -20.8936 -61.5505 0
      vertex -21.2389 -51.2753 0
      vertex -17.8399 -52.5546 0
    endloop
  endfacet
  facet normal 0 0 -1
    outer loop
      vertex -24.8744 -60.0522 0
      vertex -21.2389 -51.2753 0
      vertex -20.8936 -61.5505 0
    endloop
  endfacet
  facet normal -0 0 -1
    outer loop
      vertex -21.2389 -51.2753 0
      vertex -24.8744 -60.0522 0
      vertex -24.547 -49.7764 0
    endloop
  endfacet
  facet normal 0 0 -1
    outer loop
      vertex -28.7488 -58.2967 0
      vertex -24.547 -49.7764 0
      vertex -24.8744 -60.0522 0
    endloop
  endfacet
  facet normal -0 0 -1
    outer loop
      vertex -24.547 -49.7764 0
      vertex -28.7488 -58.2967 0
      vertex -27.75 -48.0644 0
    endloop
  endfacet
  facet normal 0 0 -1
    outer loop
      vertex -32.5 -56.2916 0
      vertex -27.75 -48.0644 0
      vertex -28.7488 -58.2967 0
    endloop
  endfacet
  facet normal -0 0 -1
    outer loop
      vertex -27.75 -48.0644 0
      vertex -32.5 -56.2916 0
      vertex -30.8341 -46.1466 0
    endloop
  endfacet
  facet normal 0 0 -1
    outer loop
      vertex -36.1121 -54.0455 0
      vertex -30.8341 -46.1466 0
      vertex -32.5 -56.2916 0
    endloop
  endfacet
  facet normal -0 0 -1
    outer loop
      vertex -30.8341 -46.1466 0
      vertex -36.1121 -54.0455 0
      vertex -33.7863 -44.0311 0
    endloop
  endfacet
  facet normal 0 0 -1
    outer loop
      vertex -39.5695 -51.568 0
      vertex -33.7863 -44.0311 0
      vertex -36.1121 -54.0455 0
    endloop
  endfacet
  facet normal -0 0 -1
    outer loop
      vertex -33.7863 -44.0311 0
      vertex -39.5695 -51.568 0
      vertex -36.5937 -41.7271 0
    endloop
  endfacet
  facet normal 0 0 -1
    outer loop
      vertex -42.8575 -48.8696 0
      vertex -36.5937 -41.7271 0
      vertex -39.5695 -51.568 0
    endloop
  endfacet
  facet normal -0 0 -1
    outer loop
      vertex -36.5937 -41.7271 0
      vertex -42.8575 -48.8696 0
      vertex -39.2444 -39.2444 0
    endloop
  endfacet
  facet normal 0 0 -1
    outer loop
      vertex -45.9619 -45.9619 0
      vertex -39.2444 -39.2444 0
      vertex -42.8575 -48.8696 0
    endloop
  endfacet
  facet normal -0 0 -1
    outer loop
      vertex -39.2444 -39.2444 0
      vertex -45.9619 -45.9619 0
      vertex -41.7271 -36.5937 0
    endloop
  endfacet
  facet normal 0 0 -1
    outer loop
      vertex -48.8696 -42.8575 0
      vertex -41.7271 -36.5937 0
      vertex -45.9619 -45.9619 0
    endloop
  endfacet
  facet normal -0 0 -1
    outer loop
      vertex -41.7271 -36.5937 0
      vertex -48.8696 -42.8575 0
      vertex -44.0311 -33.7863 0
    endloop
  endfacet
  facet normal 0 0 -1
    outer loop
      vertex -51.568 -39.5695 0
      vertex -44.0311 -33.7863 0
      vertex -48.8696 -42.8575 0
    endloop
  endfacet
  facet normal -0 0 -1
    outer loop
      vertex -44.0311 -33.7863 0
      vertex -51.568 -39.5695 0
      vertex -46.1466 -30.8341 0
    endloop
  endfacet
  facet normal 0 0 -1
    outer loop
      vertex -54.0455 -36.1121 0
      vertex -46.1466 -30.8341 0
      vertex -51.568 -39.5695 0
    endloop
  endfacet
  facet normal -0 0 -1
    outer loop
      vertex -46.1466 -30.8341 0
      vertex -54.0455 -36.1121 0
      vertex -48.0644 -27.75 0
    endloop
  endfacet
  facet normal 0 0 -1
    outer loop
      vertex -56.2916 -32.5 0
      vertex -48.0644 -27.75 0
      vertex -54.0455 -36.1121 0
    endloop
  endfacet
  facet normal -0 0 -1
    outer loop
      vertex -48.0644 -27.75 0
      vertex -56.2916 -32.5 0
      vertex -49.7764 -24.547 0
    endloop
  endfacet
  facet normal 0 0 -1
    outer loop
      vertex -58.2967 -28.7488 0
      vertex -49.7764 -24.547 0
      vertex -56.2916 -32.5 0
    endloop
  endfacet
  facet normal -0 0 -1
    outer loop
      vertex -49.7764 -24.547 0
      vertex -58.2967 -28.7488 0
      vertex -51.2753 -21.2389 0
    endloop
  endfacet
  facet normal 0 0 -1
    outer loop
      vertex -60.0522 -24.8744 0
      vertex -51.2753 -21.2389 0
      vertex -58.2967 -28.7488 0
    endloop
  endfacet
  facet normal -0 0 -1
    outer loop
      vertex -51.2753 -21.2389 0
      vertex -60.0522 -24.8744 0
      vertex -52.5546 -17.8399 0
    endloop
  endfacet
  facet normal 0 0 -1
    outer loop
      vertex -61.5505 -20.8936 0
      vertex -52.5546 -17.8399 0
      vertex -60.0522 -24.8744 0
    endloop
  endfacet
  facet normal 0 0 -1
    outer loop
      vertex -62.7852 -16.8232 0
      vertex -53.6089 -14.3645 0
      vertex -61.5505 -20.8936 0
    endloop
  endfacet
  facet normal -0 0 -1
    outer loop
      vertex -52.5546 -17.8399 0
      vertex -61.5505 -20.8936 0
      vertex -53.6089 -14.3645 0
    endloop
  endfacet
  facet normal -0 0 -1
    outer loop
      vertex 62.7852 16.8232 0
      vertex 53.6089 14.3645 0
      vertex 61.5505 20.8936 0
    endloop
  endfacet
  facet normal 0 0 -1
    outer loop
      vertex 52.5546 17.8399 0
      vertex 61.5505 20.8936 0
      vertex 53.6089 14.3645 0
    endloop
  endfacet
  facet normal -0 0 -1
    outer loop
      vertex 61.5505 20.8936 0
      vertex 52.5546 17.8399 0
      vertex 60.0522 24.8744 0
    endloop
  endfacet
  facet normal 0 0 -1
    outer loop
      vertex 51.2753 21.2389 0
      vertex 60.0522 24.8744 0
      vertex 52.5546 17.8399 0
    endloop
  endfacet
  facet normal -0 0 -1
    outer loop
      vertex 60.0522 24.8744 0
      vertex 51.2753 21.2389 0
      vertex 58.2967 28.7488 0
    endloop
  endfacet
  facet normal 0 0 -1
    outer loop
      vertex 49.7764 24.547 0
      vertex 58.2967 28.7488 0
      vertex 51.2753 21.2389 0
    endloop
  endfacet
  facet normal -0 0 -1
    outer loop
      vertex 58.2967 28.7488 0
      vertex 49.7764 24.547 0
      vertex 56.2916 32.5 0
    endloop
  endfacet
  facet normal 0 0 -1
    outer loop
      vertex 48.0644 27.75 0
      vertex 56.2916 32.5 0
      vertex 49.7764 24.547 0
    endloop
  endfacet
  facet normal -0 0 -1
    outer loop
      vertex 56.2916 32.5 0
      vertex 48.0644 27.75 0
      vertex 54.0455 36.1121 0
    endloop
  endfacet
  facet normal 0 0 -1
    outer loop
      vertex 46.1466 30.8341 0
      vertex 54.0455 36.1121 0
      vertex 48.0644 27.75 0
    endloop
  endfacet
  facet normal -0 0 -1
    outer loop
      vertex 54.0455 36.1121 0
      vertex 46.1466 30.8341 0
      vertex 51.568 39.5695 0
    endloop
  endfacet
  facet normal 0 0 -1
    outer loop
      vertex 44.0311 33.7863 0
      vertex 51.568 39.5695 0
      vertex 46.1466 30.8341 0
    endloop
  endfacet
  facet normal -0 0 -1
    outer loop
      vertex 51.568 39.5695 0
      vertex 44.0311 33.7863 0
      vertex 48.8696 42.8575 0
    endloop
  endfacet
  facet normal 0 0 -1
    outer loop
      vertex 41.7271 36.5937 0
      vertex 48.8696 42.8575 0
      vertex 44.0311 33.7863 0
    endloop
  endfacet
  facet normal -0 0 -1
    outer loop
      vertex 48.8696 42.8575 0
      vertex 41.7271 36.5937 0
      vertex 45.9619 45.9619 0
    endloop
  endfacet
  facet normal 0 0 -1
    outer loop
      vertex 39.2444 39.2444 0
      vertex 45.9619 45.9619 0
      vertex 41.7271 36.5937 0
    endloop
  endfacet
  facet normal -0 0 -1
    outer loop
      vertex 45.9619 45.9619 0
      vertex 39.2444 39.2444 0
      vertex 42.8575 48.8696 0
    endloop
  endfacet
  facet normal 0 0 -1
    outer loop
      vertex 36.5937 41.7271 0
      vertex 42.8575 48.8696 0
      vertex 39.2444 39.2444 0
    endloop
  endfacet
  facet normal -0 0 -1
    outer loop
      vertex 42.8575 48.8696 0
      vertex 36.5937 41.7271 0
      vertex 39.5695 51.568 0
    endloop
  endfacet
  facet normal 0 0 -1
    outer loop
      vertex 33.7863 44.0311 0
      vertex 39.5695 51.568 0
      vertex 36.5937 41.7271 0
    endloop
  endfacet
  facet normal -0 0 -1
    outer loop
      vertex 39.5695 51.568 0
      vertex 33.7863 44.0311 0
      vertex 36.1121 54.0455 0
    endloop
  endfacet
  facet normal 0 0 -1
    outer loop
      vertex 30.8341 46.1466 0
      vertex 36.1121 54.0455 0
      vertex 33.7863 44.0311 0
    endloop
  endfacet
  facet normal -0 0 -1
    outer loop
      vertex 36.1121 54.0455 0
      vertex 30.8341 46.1466 0
      vertex 32.5 56.2916 0
    endloop
  endfacet
  facet normal 0 0 -1
    outer loop
      vertex 27.75 48.0644 0
      vertex 32.5 56.2916 0
      vertex 30.8341 46.1466 0
    endloop
  endfacet
  facet normal -0 0 -1
    outer loop
      vertex 32.5 56.2916 0
      vertex 27.75 48.0644 0
      vertex 28.7488 58.2967 0
    endloop
  endfacet
  facet normal 0 0 -1
    outer loop
      vertex 24.547 49.7764 0
      vertex 28.7488 58.2967 0
      vertex 27.75 48.0644 0
    endloop
  endfacet
  facet normal -0 0 -1
    outer loop
      vertex 28.7488 58.2967 0
      vertex 24.547 49.7764 0
      vertex 24.8744 60.0522 0
    endloop
  endfacet
  facet normal 0 0 -1
    outer loop
      vertex 21.2389 51.2753 0
      vertex 24.8744 60.0522 0
      vertex 24.547 49.7764 0
    endloop
  endfacet
  facet normal 0 0 -1
    outer loop
      vertex 21.2389 51.2753 0
      vertex 20.8936 61.5505 0
      vertex 24.8744 60.0522 0
    endloop
  endfacet
  facet normal 0 0 -1
    outer loop
      vertex 17.8399 52.5546 0
      vertex 20.8936 61.5505 0
      vertex 21.2389 51.2753 0
    endloop
  endfacet
  facet normal 0 0 -1
    outer loop
      vertex 17.8399 52.5546 0
      vertex 16.8232 62.7852 0
      vertex 20.8936 61.5505 0
    endloop
  endfacet
  facet normal 0 0 -1
    outer loop
      vertex 14.3645 53.6089 0
      vertex 16.8232 62.7852 0
      vertex 17.8399 52.5546 0
    endloop
  endfacet
  facet normal 0 0 -1
    outer loop
      vertex 14.3645 53.6089 0
      vertex 12.6809 63.751 0
      vertex 16.8232 62.7852 0
    endloop
  endfacet
  facet normal 0 0 -1
    outer loop
      vertex 10.8275 54.4336 0
      vertex 12.6809 63.751 0
      vertex 14.3645 53.6089 0
    endloop
  endfacet
  facet normal 0 0 -1
    outer loop
      vertex 10.8275 54.4336 0
      vertex 8.4842 64.4439 0
      vertex 12.6809 63.751 0
    endloop
  endfacet
  facet normal 0 0 -1
    outer loop
      vertex 7.2442 55.0252 0
      vertex 8.4842 64.4439 0
      vertex 10.8275 54.4336 0
    endloop
  endfacet
  facet normal 0 0 -1
    outer loop
      vertex 7.2442 55.0252 0
      vertex 4.2512 64.8608 0
      vertex 8.4842 64.4439 0
    endloop
  endfacet
  facet normal 0 0 -1
    outer loop
      vertex 3.62987 55.3812 0
      vertex 4.2512 64.8608 0
      vertex 7.2442 55.0252 0
    endloop
  endfacet
  facet normal 0 0 -1
    outer loop
      vertex 0 55.5 0
      vertex 4.2512 64.8608 0
      vertex 3.62987 55.3812 0
    endloop
  endfacet
  facet normal 0 0 -1
    outer loop
      vertex 0 55.5 0
      vertex 0 65 0
      vertex 4.2512 64.8608 0
    endloop
  endfacet
  facet normal 0 0 -1
    outer loop
      vertex -3.62987 55.3812 0
      vertex 0 65 0
      vertex 0 55.5 0
    endloop
  endfacet
  facet normal 0 0 -1
    outer loop
      vertex -3.62987 55.3812 0
      vertex -4.2512 64.8608 0
      vertex 0 65 0
    endloop
  endfacet
  facet normal 0 0 -1
    outer loop
      vertex -7.2442 55.0252 0
      vertex -4.2512 64.8608 0
      vertex -3.62987 55.3812 0
    endloop
  endfacet
  facet normal 0 0 -1
    outer loop
      vertex -7.2442 55.0252 0
      vertex -8.4842 64.4439 0
      vertex -4.2512 64.8608 0
    endloop
  endfacet
  facet normal 0 0 -1
    outer loop
      vertex -10.8275 54.4336 0
      vertex -8.4842 64.4439 0
      vertex -7.2442 55.0252 0
    endloop
  endfacet
  facet normal 0 0 -1
    outer loop
      vertex -10.8275 54.4336 0
      vertex -12.6809 63.751 0
      vertex -8.4842 64.4439 0
    endloop
  endfacet
  facet normal 0 0 -1
    outer loop
      vertex -14.3645 53.6089 0
      vertex -12.6809 63.751 0
      vertex -10.8275 54.4336 0
    endloop
  endfacet
  facet normal 0 0 -1
    outer loop
      vertex -14.3645 53.6089 0
      vertex -16.8232 62.7852 0
      vertex -12.6809 63.751 0
    endloop
  endfacet
  facet normal 0 0 -1
    outer loop
      vertex -17.8399 52.5546 0
      vertex -16.8232 62.7852 0
      vertex -14.3645 53.6089 0
    endloop
  endfacet
  facet normal 0 0 -1
    outer loop
      vertex -17.8399 52.5546 0
      vertex -20.8936 61.5505 0
      vertex -16.8232 62.7852 0
    endloop
  endfacet
  facet normal 0 0 -1
    outer loop
      vertex -21.2389 51.2753 0
      vertex -20.8936 61.5505 0
      vertex -17.8399 52.5546 0
    endloop
  endfacet
  facet normal 0 0 -1
    outer loop
      vertex -24.8744 60.0522 0
      vertex -21.2389 51.2753 0
      vertex -24.547 49.7764 0
    endloop
  endfacet
  facet normal 0 0 -1
    outer loop
      vertex -21.2389 51.2753 0
      vertex -24.8744 60.0522 0
      vertex -20.8936 61.5505 0
    endloop
  endfacet
  facet normal 0 0 -1
    outer loop
      vertex -28.7488 58.2967 0
      vertex -24.547 49.7764 0
      vertex -27.75 48.0644 0
    endloop
  endfacet
  facet normal 0 0 -1
    outer loop
      vertex -24.547 49.7764 0
      vertex -28.7488 58.2967 0
      vertex -24.8744 60.0522 0
    endloop
  endfacet
  facet normal 0 0 -1
    outer loop
      vertex -32.5 56.2916 0
      vertex -27.75 48.0644 0
      vertex -30.8341 46.1466 0
    endloop
  endfacet
  facet normal 0 0 -1
    outer loop
      vertex -27.75 48.0644 0
      vertex -32.5 56.2916 0
      vertex -28.7488 58.2967 0
    endloop
  endfacet
  facet normal 0 0 -1
    outer loop
      vertex -36.1121 54.0455 0
      vertex -30.8341 46.1466 0
      vertex -33.7863 44.0311 0
    endloop
  endfacet
  facet normal 0 0 -1
    outer loop
      vertex -30.8341 46.1466 0
      vertex -36.1121 54.0455 0
      vertex -32.5 56.2916 0
    endloop
  endfacet
  facet normal 0 0 -1
    outer loop
      vertex -39.5695 51.568 0
      vertex -33.7863 44.0311 0
      vertex -36.5937 41.7271 0
    endloop
  endfacet
  facet normal 0 0 -1
    outer loop
      vertex -42.8575 48.8696 0
      vertex -36.5937 41.7271 0
      vertex -39.2444 39.2444 0
    endloop
  endfacet
  facet normal 0 0 -1
    outer loop
      vertex -33.7863 44.0311 0
      vertex -39.5695 51.568 0
      vertex -36.1121 54.0455 0
    endloop
  endfacet
  facet normal 0 0 -1
    outer loop
      vertex -45.9619 45.9619 0
      vertex -39.2444 39.2444 0
      vertex -41.7271 36.5937 0
    endloop
  endfacet
  facet normal 0 0 -1
    outer loop
      vertex -36.5937 41.7271 0
      vertex -42.8575 48.8696 0
      vertex -39.5695 51.568 0
    endloop
  endfacet
  facet normal 0 0 -1
    outer loop
      vertex -48.8696 42.8575 0
      vertex -41.7271 36.5937 0
      vertex -44.0311 33.7863 0
    endloop
  endfacet
  facet normal 0 0 -1
    outer loop
      vertex -39.2444 39.2444 0
      vertex -45.9619 45.9619 0
      vertex -42.8575 48.8696 0
    endloop
  endfacet
  facet normal 0 0 -1
    outer loop
      vertex -51.568 39.5695 0
      vertex -44.0311 33.7863 0
      vertex -46.1466 30.8341 0
    endloop
  endfacet
  facet normal 0 0 -1
    outer loop
      vertex -54.0455 36.1121 0
      vertex -46.1466 30.8341 0
      vertex -48.0644 27.75 0
    endloop
  endfacet
  facet normal 0 0 -1
    outer loop
      vertex -41.7271 36.5937 0
      vertex -48.8696 42.8575 0
      vertex -45.9619 45.9619 0
    endloop
  endfacet
  facet normal 0 0 -1
    outer loop
      vertex -56.2916 32.5 0
      vertex -48.0644 27.75 0
      vertex -49.7764 24.547 0
    endloop
  endfacet
  facet normal 0 0 -1
    outer loop
      vertex -58.2967 28.7488 0
      vertex -49.7764 24.547 0
      vertex -51.2753 21.2389 0
    endloop
  endfacet
  facet normal 0 0 -1
    outer loop
      vertex -44.0311 33.7863 0
      vertex -51.568 39.5695 0
      vertex -48.8696 42.8575 0
    endloop
  endfacet
  facet normal 0 0 -1
    outer loop
      vertex -60.0522 24.8744 0
      vertex -51.2753 21.2389 0
      vertex -52.5546 17.8399 0
    endloop
  endfacet
  facet normal 0 0 -1
    outer loop
      vertex -61.5505 20.8936 0
      vertex -52.5546 17.8399 0
      vertex -53.6089 14.3645 0
    endloop
  endfacet
  facet normal 0 0 -1
    outer loop
      vertex -46.1466 30.8341 0
      vertex -54.0455 36.1121 0
      vertex -51.568 39.5695 0
    endloop
  endfacet
  facet normal 0 0 -1
    outer loop
      vertex -62.7852 16.8232 0
      vertex -53.6089 14.3645 0
      vertex -54.4336 10.8275 0
    endloop
  endfacet
  facet normal 0 0 -1
    outer loop
      vertex -63.751 12.6809 0
      vertex -54.4336 10.8275 0
      vertex -55.0252 7.2442 0
    endloop
  endfacet
  facet normal 0 0 -1
    outer loop
      vertex -64.4439 8.4842 0
      vertex -55.0252 7.2442 0
      vertex -55.3812 3.62987 0
    endloop
  endfacet
  facet normal 0 0 -1
    outer loop
      vertex -48.0644 27.75 0
      vertex -56.2916 32.5 0
      vertex -54.0455 36.1121 0
    endloop
  endfacet
  facet normal 0 0 -1
    outer loop
      vertex -64.8608 4.2512 0
      vertex -55.3812 3.62987 0
      vertex -55.5 0 0
    endloop
  endfacet
  facet normal -0 0 -1
    outer loop
      vertex -53.6089 -14.3645 0
      vertex -62.7852 -16.8232 0
      vertex -54.4336 -10.8275 0
    endloop
  endfacet
  facet normal 0 0 -1
    outer loop
      vertex -63.751 -12.6809 0
      vertex -54.4336 -10.8275 0
      vertex -62.7852 -16.8232 0
    endloop
  endfacet
  facet normal 0 0 -1
    outer loop
      vertex -49.7764 24.547 0
      vertex -58.2967 28.7488 0
      vertex -56.2916 32.5 0
    endloop
  endfacet
  facet normal -0 0 -1
    outer loop
      vertex -54.4336 -10.8275 0
      vertex -63.751 -12.6809 0
      vertex -55.0252 -7.2442 0
    endloop
  endfacet
  facet normal 0 0 -1
    outer loop
      vertex -51.2753 21.2389 0
      vertex -60.0522 24.8744 0
      vertex -58.2967 28.7488 0
    endloop
  endfacet
  facet normal 0 0 -1
    outer loop
      vertex -64.4439 -8.4842 0
      vertex -55.0252 -7.2442 0
      vertex -63.751 -12.6809 0
    endloop
  endfacet
  facet normal 0 0 -1
    outer loop
      vertex -52.5546 17.8399 0
      vertex -61.5505 20.8936 0
      vertex -60.0522 24.8744 0
    endloop
  endfacet
  facet normal -0 0 -1
    outer loop
      vertex -55.0252 -7.2442 0
      vertex -64.4439 -8.4842 0
      vertex -55.3812 -3.62987 0
    endloop
  endfacet
  facet normal 0 0 -1
    outer loop
      vertex -53.6089 14.3645 0
      vertex -62.7852 16.8232 0
      vertex -61.5505 20.8936 0
    endloop
  endfacet
  facet normal 0 0 -1
    outer loop
      vertex -64.8608 -4.2512 0
      vertex -55.3812 -3.62987 0
      vertex -64.4439 -8.4842 0
    endloop
  endfacet
  facet normal 0 0 -1
    outer loop
      vertex -54.4336 10.8275 0
      vertex -63.751 12.6809 0
      vertex -62.7852 16.8232 0
    endloop
  endfacet
  facet normal -0 0 -1
    outer loop
      vertex -55.3812 -3.62987 0
      vertex -64.8608 -4.2512 0
      vertex -55.5 0 0
    endloop
  endfacet
  facet normal 0 0 -1
    outer loop
      vertex -55.0252 7.2442 0
      vertex -64.4439 8.4842 0
      vertex -63.751 12.6809 0
    endloop
  endfacet
  facet normal 0 0 -1
    outer loop
      vertex -65 0 0
      vertex -55.5 0 0
      vertex -64.8608 -4.2512 0
    endloop
  endfacet
  facet normal 0 0 -1
    outer loop
      vertex -55.3812 3.62987 0
      vertex -64.8608 4.2512 0
      vertex -64.4439 8.4842 0
    endloop
  endfacet
  facet normal 0 0 -1
    outer loop
      vertex -55.5 0 0
      vertex -65 0 0
      vertex -64.8608 4.2512 0
    endloop
  endfacet
  facet normal 0.0980139 0.995185 -0
    outer loop
      vertex 8.4842 64.4439 0
      vertex 4.2512 64.8608 125
      vertex 8.4842 64.4439 125
    endloop
  endfacet
  facet normal 0.0980139 0.995185 0
    outer loop
      vertex 4.2512 64.8608 125
      vertex 8.4842 64.4439 0
      vertex 4.2512 64.8608 0
    endloop
  endfacet
  facet normal -0.0327262 0.999464 0
    outer loop
      vertex 0 65 0
      vertex -4.2512 64.8608 125
      vertex 0 65 125
    endloop
  endfacet
  facet normal -0.0327262 0.999464 0
    outer loop
      vertex -4.2512 64.8608 125
      vertex 0 65 0
      vertex -4.2512 64.8608 0
    endloop
  endfacet
  facet normal -0.729851 -0.683606 0
    outer loop
      vertex -45.9619 -45.9619 0
      vertex -48.8696 -42.8575 125
      vertex -48.8696 -42.8575 0
    endloop
  endfacet
  facet normal -0.729851 -0.683606 0
    outer loop
      vertex -48.8696 -42.8575 125
      vertex -45.9619 -45.9619 0
      vertex -45.9619 -45.9619 125
    endloop
  endfacet
  facet normal -0.812851 0.582472 0
    outer loop
      vertex -54.0455 36.1121 0
      vertex -51.568 39.5695 125
      vertex -51.568 39.5695 0
    endloop
  endfacet
  facet normal -0.812851 0.582472 0
    outer loop
      vertex -51.568 39.5695 125
      vertex -54.0455 36.1121 0
      vertex -54.0455 36.1121 125
    endloop
  endfacet
  facet normal -0.77301 -0.634394 0
    outer loop
      vertex -48.8696 -42.8575 0
      vertex -51.568 -39.5695 125
      vertex -51.568 -39.5695 0
    endloop
  endfacet
  facet normal -0.77301 -0.634394 0
    outer loop
      vertex -51.568 -39.5695 125
      vertex -48.8696 -42.8575 0
      vertex -48.8696 -42.8575 125
    endloop
  endfacet
  facet normal 0.582472 -0.812851 0
    outer loop
      vertex 36.1121 -54.0455 0
      vertex 39.5695 -51.568 125
      vertex 36.1121 -54.0455 125
    endloop
  endfacet
  facet normal 0.582472 -0.812851 0
    outer loop
      vertex 39.5695 -51.568 125
      vertex 36.1121 -54.0455 0
      vertex 39.5695 -51.568 0
    endloop
  endfacet
  facet normal 0 0 1
    outer loop
      vertex 55.5 0 125
      vertex 65 0 125
      vertex 64.8608 4.2512 125
    endloop
  endfacet
  facet normal 0 0 1
    outer loop
      vertex 55.3812 3.62987 125
      vertex 64.8608 4.2512 125
      vertex 64.4439 8.4842 125
    endloop
  endfacet
  facet normal 0 0 1
    outer loop
      vertex 65 0 125
      vertex 55.5 0 125
      vertex 64.8608 -4.2512 125
    endloop
  endfacet
  facet normal 0 0 1
    outer loop
      vertex 55.0252 7.2442 125
      vertex 64.4439 8.4842 125
      vertex 63.751 12.6809 125
    endloop
  endfacet
  facet normal -0 0 1
    outer loop
      vertex 55.3812 -3.62987 125
      vertex 64.8608 -4.2512 125
      vertex 55.5 0 125
    endloop
  endfacet
  facet normal 0 0 1
    outer loop
      vertex 54.4336 10.8275 125
      vertex 63.751 12.6809 125
      vertex 62.7852 16.8232 125
    endloop
  endfacet
  facet normal 0 0 1
    outer loop
      vertex 64.8608 -4.2512 125
      vertex 55.3812 -3.62987 125
      vertex 64.4439 -8.4842 125
    endloop
  endfacet
  facet normal 0 0 1
    outer loop
      vertex 53.6089 14.3645 125
      vertex 62.7852 16.8232 125
      vertex 61.5505 20.8936 125
    endloop
  endfacet
  facet normal -0 0 1
    outer loop
      vertex 55.0252 -7.2442 125
      vertex 64.4439 -8.4842 125
      vertex 55.3812 -3.62987 125
    endloop
  endfacet
  facet normal 0 0 1
    outer loop
      vertex 52.5546 17.8399 125
      vertex 61.5505 20.8936 125
      vertex 60.0522 24.8744 125
    endloop
  endfacet
  facet normal 0 0 1
    outer loop
      vertex 64.4439 -8.4842 125
      vertex 55.0252 -7.2442 125
      vertex 63.751 -12.6809 125
    endloop
  endfacet
  facet normal 0 0 1
    outer loop
      vertex 51.2753 21.2389 125
      vertex 60.0522 24.8744 125
      vertex 58.2967 28.7488 125
    endloop
  endfacet
  facet normal -0 0 1
    outer loop
      vertex 54.4336 -10.8275 125
      vertex 63.751 -12.6809 125
      vertex 55.0252 -7.2442 125
    endloop
  endfacet
  facet normal 0 0 1
    outer loop
      vertex 49.7764 24.547 125
      vertex 58.2967 28.7488 125
      vertex 56.2916 32.5 125
    endloop
  endfacet
  facet normal 0 0 1
    outer loop
      vertex 63.751 -12.6809 125
      vertex 54.4336 -10.8275 125
      vertex 62.7852 -16.8232 125
    endloop
  endfacet
  facet normal -0 0 1
    outer loop
      vertex 53.6089 -14.3645 125
      vertex 62.7852 -16.8232 125
      vertex 54.4336 -10.8275 125
    endloop
  endfacet
  facet normal 0 0 1
    outer loop
      vertex 64.8608 4.2512 125
      vertex 55.3812 3.62987 125
      vertex 55.5 0 125
    endloop
  endfacet
  facet normal 0 0 1
    outer loop
      vertex 64.4439 8.4842 125
      vertex 55.0252 7.2442 125
      vertex 55.3812 3.62987 125
    endloop
  endfacet
  facet normal 0 0 1
    outer loop
      vertex 63.751 12.6809 125
      vertex 54.4336 10.8275 125
      vertex 55.0252 7.2442 125
    endloop
  endfacet
  facet normal 0 0 1
    outer loop
      vertex 48.0644 27.75 125
      vertex 56.2916 32.5 125
      vertex 54.0455 36.1121 125
    endloop
  endfacet
  facet normal 0 0 1
    outer loop
      vertex 62.7852 16.8232 125
      vertex 53.6089 14.3645 125
      vertex 54.4336 10.8275 125
    endloop
  endfacet
  facet normal 0 0 1
    outer loop
      vertex 61.5505 20.8936 125
      vertex 52.5546 17.8399 125
      vertex 53.6089 14.3645 125
    endloop
  endfacet
  facet normal 0 0 1
    outer loop
      vertex 46.1466 30.8341 125
      vertex 54.0455 36.1121 125
      vertex 51.568 39.5695 125
    endloop
  endfacet
  facet normal 0 0 1
    outer loop
      vertex 60.0522 24.8744 125
      vertex 51.2753 21.2389 125
      vertex 52.5546 17.8399 125
    endloop
  endfacet
  facet normal 0 0 1
    outer loop
      vertex 58.2967 28.7488 125
      vertex 49.7764 24.547 125
      vertex 51.2753 21.2389 125
    endloop
  endfacet
  facet normal 0 0 1
    outer loop
      vertex 44.0311 33.7863 125
      vertex 51.568 39.5695 125
      vertex 48.8696 42.8575 125
    endloop
  endfacet
  facet normal 0 0 1
    outer loop
      vertex 56.2916 32.5 125
      vertex 48.0644 27.75 125
      vertex 49.7764 24.547 125
    endloop
  endfacet
  facet normal 0 0 1
    outer loop
      vertex 54.0455 36.1121 125
      vertex 46.1466 30.8341 125
      vertex 48.0644 27.75 125
    endloop
  endfacet
  facet normal 0 0 1
    outer loop
      vertex 41.7271 36.5937 125
      vertex 48.8696 42.8575 125
      vertex 45.9619 45.9619 125
    endloop
  endfacet
  facet normal 0 0 1
    outer loop
      vertex 51.568 39.5695 125
      vertex 44.0311 33.7863 125
      vertex 46.1466 30.8341 125
    endloop
  endfacet
  facet normal 0 0 1
    outer loop
      vertex 39.2444 39.2444 125
      vertex 45.9619 45.9619 125
      vertex 42.8575 48.8696 125
    endloop
  endfacet
  facet normal 0 0 1
    outer loop
      vertex 48.8696 42.8575 125
      vertex 41.7271 36.5937 125
      vertex 44.0311 33.7863 125
    endloop
  endfacet
  facet normal 0 0 1
    outer loop
      vertex 36.5937 41.7271 125
      vertex 42.8575 48.8696 125
      vertex 39.5695 51.568 125
    endloop
  endfacet
  facet normal 0 0 1
    outer loop
      vertex 45.9619 45.9619 125
      vertex 39.2444 39.2444 125
      vertex 41.7271 36.5937 125
    endloop
  endfacet
  facet normal 0 0 1
    outer loop
      vertex 42.8575 48.8696 125
      vertex 36.5937 41.7271 125
      vertex 39.2444 39.2444 125
    endloop
  endfacet
  facet normal 0 0 1
    outer loop
      vertex 33.7863 44.0311 125
      vertex 39.5695 51.568 125
      vertex 36.1121 54.0455 125
    endloop
  endfacet
  facet normal 0 0 1
    outer loop
      vertex 39.5695 51.568 125
      vertex 33.7863 44.0311 125
      vertex 36.5937 41.7271 125
    endloop
  endfacet
  facet normal 0 0 1
    outer loop
      vertex 30.8341 46.1466 125
      vertex 36.1121 54.0455 125
      vertex 32.5 56.2916 125
    endloop
  endfacet
  facet normal 0 0 1
    outer loop
      vertex 36.1121 54.0455 125
      vertex 30.8341 46.1466 125
      vertex 33.7863 44.0311 125
    endloop
  endfacet
  facet normal 0 0 1
    outer loop
      vertex 27.75 48.0644 125
      vertex 32.5 56.2916 125
      vertex 28.7488 58.2967 125
    endloop
  endfacet
  facet normal 0 0 1
    outer loop
      vertex 32.5 56.2916 125
      vertex 27.75 48.0644 125
      vertex 30.8341 46.1466 125
    endloop
  endfacet
  facet normal 0 0 1
    outer loop
      vertex 24.547 49.7764 125
      vertex 28.7488 58.2967 125
      vertex 24.8744 60.0522 125
    endloop
  endfacet
  facet normal 0 0 1
    outer loop
      vertex 28.7488 58.2967 125
      vertex 24.547 49.7764 125
      vertex 27.75 48.0644 125
    endloop
  endfacet
  facet normal 0 0 1
    outer loop
      vertex 24.8744 60.0522 125
      vertex 21.2389 51.2753 125
      vertex 24.547 49.7764 125
    endloop
  endfacet
  facet normal 0 0 1
    outer loop
      vertex 20.8936 61.5505 125
      vertex 21.2389 51.2753 125
      vertex 24.8744 60.0522 125
    endloop
  endfacet
  facet normal 0 0 1
    outer loop
      vertex 20.8936 61.5505 125
      vertex 17.8399 52.5546 125
      vertex 21.2389 51.2753 125
    endloop
  endfacet
  facet normal 0 0 1
    outer loop
      vertex 16.8232 62.7852 125
      vertex 17.8399 52.5546 125
      vertex 20.8936 61.5505 125
    endloop
  endfacet
  facet normal 0 0 1
    outer loop
      vertex 16.8232 62.7852 125
      vertex 14.3645 53.6089 125
      vertex 17.8399 52.5546 125
    endloop
  endfacet
  facet normal 0 0 1
    outer loop
      vertex 12.6809 63.751 125
      vertex 14.3645 53.6089 125
      vertex 16.8232 62.7852 125
    endloop
  endfacet
  facet normal 0 0 1
    outer loop
      vertex 12.6809 63.751 125
      vertex 10.8275 54.4336 125
      vertex 14.3645 53.6089 125
    endloop
  endfacet
  facet normal 0 0 1
    outer loop
      vertex 8.4842 64.4439 125
      vertex 10.8275 54.4336 125
      vertex 12.6809 63.751 125
    endloop
  endfacet
  facet normal 0 0 1
    outer loop
      vertex 8.4842 64.4439 125
      vertex 7.2442 55.0252 125
      vertex 10.8275 54.4336 125
    endloop
  endfacet
  facet normal 0 0 1
    outer loop
      vertex 4.2512 64.8608 125
      vertex 7.2442 55.0252 125
      vertex 8.4842 64.4439 125
    endloop
  endfacet
  facet normal 0 0 1
    outer loop
      vertex 4.2512 64.8608 125
      vertex 3.62987 55.3812 125
      vertex 7.2442 55.0252 125
    endloop
  endfacet
  facet normal 0 0 1
    outer loop
      vertex 0 65 125
      vertex 3.62987 55.3812 125
      vertex 4.2512 64.8608 125
    endloop
  endfacet
  facet normal 0 0 1
    outer loop
      vertex 0 65 125
      vertex 0 55.5 125
      vertex 3.62987 55.3812 125
    endloop
  endfacet
  facet normal 0 0 1
    outer loop
      vertex 0 65 125
      vertex -3.62987 55.3812 125
      vertex 0 55.5 125
    endloop
  endfacet
  facet normal -0 0 1
    outer loop
      vertex -4.2512 64.8608 125
      vertex -3.62987 55.3812 125
      vertex 0 65 125
    endloop
  endfacet
  facet normal 0 0 1
    outer loop
      vertex -4.2512 64.8608 125
      vertex -7.2442 55.0252 125
      vertex -3.62987 55.3812 125
    endloop
  endfacet
  facet normal -0 0 1
    outer loop
      vertex -8.4842 64.4439 125
      vertex -7.2442 55.0252 125
      vertex -4.2512 64.8608 125
    endloop
  endfacet
  facet normal 0 0 1
    outer loop
      vertex -8.4842 64.4439 125
      vertex -10.8275 54.4336 125
      vertex -7.2442 55.0252 125
    endloop
  endfacet
  facet normal -0 0 1
    outer loop
      vertex -12.6809 63.751 125
      vertex -10.8275 54.4336 125
      vertex -8.4842 64.4439 125
    endloop
  endfacet
  facet normal 0 0 1
    outer loop
      vertex -12.6809 63.751 125
      vertex -14.3645 53.6089 125
      vertex -10.8275 54.4336 125
    endloop
  endfacet
  facet normal -0 0 1
    outer loop
      vertex -16.8232 62.7852 125
      vertex -14.3645 53.6089 125
      vertex -12.6809 63.751 125
    endloop
  endfacet
  facet normal 0 0 1
    outer loop
      vertex -16.8232 62.7852 125
      vertex -17.8399 52.5546 125
      vertex -14.3645 53.6089 125
    endloop
  endfacet
  facet normal -0 0 1
    outer loop
      vertex -20.8936 61.5505 125
      vertex -17.8399 52.5546 125
      vertex -16.8232 62.7852 125
    endloop
  endfacet
  facet normal 0 0 1
    outer loop
      vertex -20.8936 61.5505 125
      vertex -21.2389 51.2753 125
      vertex -17.8399 52.5546 125
    endloop
  endfacet
  facet normal -0 0 1
    outer loop
      vertex -24.8744 60.0522 125
      vertex -21.2389 51.2753 125
      vertex -20.8936 61.5505 125
    endloop
  endfacet
  facet normal 0 0 1
    outer loop
      vertex -21.2389 51.2753 125
      vertex -24.8744 60.0522 125
      vertex -24.547 49.7764 125
    endloop
  endfacet
  facet normal -0 0 1
    outer loop
      vertex -28.7488 58.2967 125
      vertex -24.547 49.7764 125
      vertex -24.8744 60.0522 125
    endloop
  endfacet
  facet normal 0 0 1
    outer loop
      vertex -24.547 49.7764 125
      vertex -28.7488 58.2967 125
      vertex -27.75 48.0644 125
    endloop
  endfacet
  facet normal -0 0 1
    outer loop
      vertex -32.5 56.2916 125
      vertex -27.75 48.0644 125
      vertex -28.7488 58.2967 125
    endloop
  endfacet
  facet normal 0 0 1
    outer loop
      vertex -27.75 48.0644 125
      vertex -32.5 56.2916 125
      vertex -30.8341 46.1466 125
    endloop
  endfacet
  facet normal -0 0 1
    outer loop
      vertex -36.1121 54.0455 125
      vertex -30.8341 46.1466 125
      vertex -32.5 56.2916 125
    endloop
  endfacet
  facet normal 0 0 1
    outer loop
      vertex -30.8341 46.1466 125
      vertex -36.1121 54.0455 125
      vertex -33.7863 44.0311 125
    endloop
  endfacet
  facet normal -0 0 1
    outer loop
      vertex -39.5695 51.568 125
      vertex -33.7863 44.0311 125
      vertex -36.1121 54.0455 125
    endloop
  endfacet
  facet normal 0 0 1
    outer loop
      vertex -33.7863 44.0311 125
      vertex -39.5695 51.568 125
      vertex -36.5937 41.7271 125
    endloop
  endfacet
  facet normal -0 0 1
    outer loop
      vertex -42.8575 48.8696 125
      vertex -36.5937 41.7271 125
      vertex -39.5695 51.568 125
    endloop
  endfacet
  facet normal 0 0 1
    outer loop
      vertex -36.5937 41.7271 125
      vertex -42.8575 48.8696 125
      vertex -39.2444 39.2444 125
    endloop
  endfacet
  facet normal -0 0 1
    outer loop
      vertex -45.9619 45.9619 125
      vertex -39.2444 39.2444 125
      vertex -42.8575 48.8696 125
    endloop
  endfacet
  facet normal 0 0 1
    outer loop
      vertex -39.2444 39.2444 125
      vertex -45.9619 45.9619 125
      vertex -41.7271 36.5937 125
    endloop
  endfacet
  facet normal -0 0 1
    outer loop
      vertex -48.8696 42.8575 125
      vertex -41.7271 36.5937 125
      vertex -45.9619 45.9619 125
    endloop
  endfacet
  facet normal 0 0 1
    outer loop
      vertex -41.7271 36.5937 125
      vertex -48.8696 42.8575 125
      vertex -44.0311 33.7863 125
    endloop
  endfacet
  facet normal -0 0 1
    outer loop
      vertex -51.568 39.5695 125
      vertex -44.0311 33.7863 125
      vertex -48.8696 42.8575 125
    endloop
  endfacet
  facet normal 0 0 1
    outer loop
      vertex -44.0311 33.7863 125
      vertex -51.568 39.5695 125
      vertex -46.1466 30.8341 125
    endloop
  endfacet
  facet normal -0 0 1
    outer loop
      vertex -54.0455 36.1121 125
      vertex -46.1466 30.8341 125
      vertex -51.568 39.5695 125
    endloop
  endfacet
  facet normal 0 0 1
    outer loop
      vertex -46.1466 30.8341 125
      vertex -54.0455 36.1121 125
      vertex -48.0644 27.75 125
    endloop
  endfacet
  facet normal -0 0 1
    outer loop
      vertex -56.2916 32.5 125
      vertex -48.0644 27.75 125
      vertex -54.0455 36.1121 125
    endloop
  endfacet
  facet normal 0 0 1
    outer loop
      vertex -48.0644 27.75 125
      vertex -56.2916 32.5 125
      vertex -49.7764 24.547 125
    endloop
  endfacet
  facet normal -0 0 1
    outer loop
      vertex -58.2967 28.7488 125
      vertex -49.7764 24.547 125
      vertex -56.2916 32.5 125
    endloop
  endfacet
  facet normal 0 0 1
    outer loop
      vertex -49.7764 24.547 125
      vertex -58.2967 28.7488 125
      vertex -51.2753 21.2389 125
    endloop
  endfacet
  facet normal -0 0 1
    outer loop
      vertex -60.0522 24.8744 125
      vertex -51.2753 21.2389 125
      vertex -58.2967 28.7488 125
    endloop
  endfacet
  facet normal 0 0 1
    outer loop
      vertex -51.2753 21.2389 125
      vertex -60.0522 24.8744 125
      vertex -52.5546 17.8399 125
    endloop
  endfacet
  facet normal -0 0 1
    outer loop
      vertex -61.5505 20.8936 125
      vertex -52.5546 17.8399 125
      vertex -60.0522 24.8744 125
    endloop
  endfacet
  facet normal -0 0 1
    outer loop
      vertex -62.7852 16.8232 125
      vertex -53.6089 14.3645 125
      vertex -61.5505 20.8936 125
    endloop
  endfacet
  facet normal 0 0 1
    outer loop
      vertex -52.5546 17.8399 125
      vertex -61.5505 20.8936 125
      vertex -53.6089 14.3645 125
    endloop
  endfacet
  facet normal 0 0 1
    outer loop
      vertex 62.7852 -16.8232 125
      vertex 53.6089 -14.3645 125
      vertex 61.5505 -20.8936 125
    endloop
  endfacet
  facet normal -0 0 1
    outer loop
      vertex 52.5546 -17.8399 125
      vertex 61.5505 -20.8936 125
      vertex 53.6089 -14.3645 125
    endloop
  endfacet
  facet normal 0 0 1
    outer loop
      vertex 61.5505 -20.8936 125
      vertex 52.5546 -17.8399 125
      vertex 60.0522 -24.8744 125
    endloop
  endfacet
  facet normal -0 0 1
    outer loop
      vertex 51.2753 -21.2389 125
      vertex 60.0522 -24.8744 125
      vertex 52.5546 -17.8399 125
    endloop
  endfacet
  facet normal 0 0 1
    outer loop
      vertex 60.0522 -24.8744 125
      vertex 51.2753 -21.2389 125
      vertex 58.2967 -28.7488 125
    endloop
  endfacet
  facet normal -0 0 1
    outer loop
      vertex 49.7764 -24.547 125
      vertex 58.2967 -28.7488 125
      vertex 51.2753 -21.2389 125
    endloop
  endfacet
  facet normal 0 0 1
    outer loop
      vertex 58.2967 -28.7488 125
      vertex 49.7764 -24.547 125
      vertex 56.2916 -32.5 125
    endloop
  endfacet
  facet normal -0 0 1
    outer loop
      vertex 48.0644 -27.75 125
      vertex 56.2916 -32.5 125
      vertex 49.7764 -24.547 125
    endloop
  endfacet
  facet normal 0 0 1
    outer loop
      vertex 56.2916 -32.5 125
      vertex 48.0644 -27.75 125
      vertex 54.0455 -36.1121 125
    endloop
  endfacet
  facet normal -0 0 1
    outer loop
      vertex 46.1466 -30.8341 125
      vertex 54.0455 -36.1121 125
      vertex 48.0644 -27.75 125
    endloop
  endfacet
  facet normal 0 0 1
    outer loop
      vertex 54.0455 -36.1121 125
      vertex 46.1466 -30.8341 125
      vertex 51.568 -39.5695 125
    endloop
  endfacet
  facet normal -0 0 1
    outer loop
      vertex 44.0311 -33.7863 125
      vertex 51.568 -39.5695 125
      vertex 46.1466 -30.8341 125
    endloop
  endfacet
  facet normal 0 0 1
    outer loop
      vertex 51.568 -39.5695 125
      vertex 44.0311 -33.7863 125
      vertex 48.8696 -42.8575 125
    endloop
  endfacet
  facet normal -0 0 1
    outer loop
      vertex 41.7271 -36.5937 125
      vertex 48.8696 -42.8575 125
      vertex 44.0311 -33.7863 125
    endloop
  endfacet
  facet normal 0 0 1
    outer loop
      vertex 48.8696 -42.8575 125
      vertex 41.7271 -36.5937 125
      vertex 45.9619 -45.9619 125
    endloop
  endfacet
  facet normal -0 0 1
    outer loop
      vertex 39.2444 -39.2444 125
      vertex 45.9619 -45.9619 125
      vertex 41.7271 -36.5937 125
    endloop
  endfacet
  facet normal 0 0 1
    outer loop
      vertex 45.9619 -45.9619 125
      vertex 39.2444 -39.2444 125
      vertex 42.8575 -48.8696 125
    endloop
  endfacet
  facet normal -0 0 1
    outer loop
      vertex 36.5937 -41.7271 125
      vertex 42.8575 -48.8696 125
      vertex 39.2444 -39.2444 125
    endloop
  endfacet
  facet normal 0 0 1
    outer loop
      vertex 42.8575 -48.8696 125
      vertex 36.5937 -41.7271 125
      vertex 39.5695 -51.568 125
    endloop
  endfacet
  facet normal -0 0 1
    outer loop
      vertex 33.7863 -44.0311 125
      vertex 39.5695 -51.568 125
      vertex 36.5937 -41.7271 125
    endloop
  endfacet
  facet normal 0 0 1
    outer loop
      vertex 39.5695 -51.568 125
      vertex 33.7863 -44.0311 125
      vertex 36.1121 -54.0455 125
    endloop
  endfacet
  facet normal -0 0 1
    outer loop
      vertex 30.8341 -46.1466 125
      vertex 36.1121 -54.0455 125
      vertex 33.7863 -44.0311 125
    endloop
  endfacet
  facet normal 0 0 1
    outer loop
      vertex 36.1121 -54.0455 125
      vertex 30.8341 -46.1466 125
      vertex 32.5 -56.2916 125
    endloop
  endfacet
  facet normal -0 0 1
    outer loop
      vertex 27.75 -48.0644 125
      vertex 32.5 -56.2916 125
      vertex 30.8341 -46.1466 125
    endloop
  endfacet
  facet normal 0 0 1
    outer loop
      vertex 32.5 -56.2916 125
      vertex 27.75 -48.0644 125
      vertex 28.7488 -58.2967 125
    endloop
  endfacet
  facet normal -0 0 1
    outer loop
      vertex 24.547 -49.7764 125
      vertex 28.7488 -58.2967 125
      vertex 27.75 -48.0644 125
    endloop
  endfacet
  facet normal 0 0 1
    outer loop
      vertex 28.7488 -58.2967 125
      vertex 24.547 -49.7764 125
      vertex 24.8744 -60.0522 125
    endloop
  endfacet
  facet normal -0 0 1
    outer loop
      vertex 21.2389 -51.2753 125
      vertex 24.8744 -60.0522 125
      vertex 24.547 -49.7764 125
    endloop
  endfacet
  facet normal 0 0 1
    outer loop
      vertex 21.2389 -51.2753 125
      vertex 20.8936 -61.5505 125
      vertex 24.8744 -60.0522 125
    endloop
  endfacet
  facet normal -0 0 1
    outer loop
      vertex 17.8399 -52.5546 125
      vertex 20.8936 -61.5505 125
      vertex 21.2389 -51.2753 125
    endloop
  endfacet
  facet normal 0 0 1
    outer loop
      vertex 17.8399 -52.5546 125
      vertex 16.8232 -62.7852 125
      vertex 20.8936 -61.5505 125
    endloop
  endfacet
  facet normal -0 0 1
    outer loop
      vertex 14.3645 -53.6089 125
      vertex 16.8232 -62.7852 125
      vertex 17.8399 -52.5546 125
    endloop
  endfacet
  facet normal 0 0 1
    outer loop
      vertex 14.3645 -53.6089 125
      vertex 12.6809 -63.751 125
      vertex 16.8232 -62.7852 125
    endloop
  endfacet
  facet normal -0 0 1
    outer loop
      vertex 10.8275 -54.4336 125
      vertex 12.6809 -63.751 125
      vertex 14.3645 -53.6089 125
    endloop
  endfacet
  facet normal 0 0 1
    outer loop
      vertex 10.8275 -54.4336 125
      vertex 8.4842 -64.4439 125
      vertex 12.6809 -63.751 125
    endloop
  endfacet
  facet normal -0 0 1
    outer loop
      vertex 7.2442 -55.0252 125
      vertex 8.4842 -64.4439 125
      vertex 10.8275 -54.4336 125
    endloop
  endfacet
  facet normal 0 0 1
    outer loop
      vertex 7.2442 -55.0252 125
      vertex 4.2512 -64.8608 125
      vertex 8.4842 -64.4439 125
    endloop
  endfacet
  facet normal -0 0 1
    outer loop
      vertex 3.62987 -55.3812 125
      vertex 4.2512 -64.8608 125
      vertex 7.2442 -55.0252 125
    endloop
  endfacet
  facet normal -0 0 1
    outer loop
      vertex 0 -55.5 125
      vertex 4.2512 -64.8608 125
      vertex 3.62987 -55.3812 125
    endloop
  endfacet
  facet normal 0 0 1
    outer loop
      vertex 0 -55.5 125
      vertex 0 -65 125
      vertex 4.2512 -64.8608 125
    endloop
  endfacet
  facet normal 0 0 1
    outer loop
      vertex -3.62987 -55.3812 125
      vertex 0 -65 125
      vertex 0 -55.5 125
    endloop
  endfacet
  facet normal 0 0 1
    outer loop
      vertex -3.62987 -55.3812 125
      vertex -4.2512 -64.8608 125
      vertex 0 -65 125
    endloop
  endfacet
  facet normal 0 0 1
    outer loop
      vertex -7.2442 -55.0252 125
      vertex -4.2512 -64.8608 125
      vertex -3.62987 -55.3812 125
    endloop
  endfacet
  facet normal 0 0 1
    outer loop
      vertex -7.2442 -55.0252 125
      vertex -8.4842 -64.4439 125
      vertex -4.2512 -64.8608 125
    endloop
  endfacet
  facet normal 0 0 1
    outer loop
      vertex -10.8275 -54.4336 125
      vertex -8.4842 -64.4439 125
      vertex -7.2442 -55.0252 125
    endloop
  endfacet
  facet normal 0 0 1
    outer loop
      vertex -10.8275 -54.4336 125
      vertex -12.6809 -63.751 125
      vertex -8.4842 -64.4439 125
    endloop
  endfacet
  facet normal 0 0 1
    outer loop
      vertex -14.3645 -53.6089 125
      vertex -12.6809 -63.751 125
      vertex -10.8275 -54.4336 125
    endloop
  endfacet
  facet normal 0 0 1
    outer loop
      vertex -14.3645 -53.6089 125
      vertex -16.8232 -62.7852 125
      vertex -12.6809 -63.751 125
    endloop
  endfacet
  facet normal 0 0 1
    outer loop
      vertex -17.8399 -52.5546 125
      vertex -16.8232 -62.7852 125
      vertex -14.3645 -53.6089 125
    endloop
  endfacet
  facet normal 0 0 1
    outer loop
      vertex -17.8399 -52.5546 125
      vertex -20.8936 -61.5505 125
      vertex -16.8232 -62.7852 125
    endloop
  endfacet
  facet normal 0 0 1
    outer loop
      vertex -21.2389 -51.2753 125
      vertex -20.8936 -61.5505 125
      vertex -17.8399 -52.5546 125
    endloop
  endfacet
  facet normal 0 0 1
    outer loop
      vertex -24.8744 -60.0522 125
      vertex -21.2389 -51.2753 125
      vertex -24.547 -49.7764 125
    endloop
  endfacet
  facet normal 0 0 1
    outer loop
      vertex -21.2389 -51.2753 125
      vertex -24.8744 -60.0522 125
      vertex -20.8936 -61.5505 125
    endloop
  endfacet
  facet normal 0 0 1
    outer loop
      vertex -28.7488 -58.2967 125
      vertex -24.547 -49.7764 125
      vertex -27.75 -48.0644 125
    endloop
  endfacet
  facet normal 0 0 1
    outer loop
      vertex -24.547 -49.7764 125
      vertex -28.7488 -58.2967 125
      vertex -24.8744 -60.0522 125
    endloop
  endfacet
  facet normal 0 0 1
    outer loop
      vertex -32.5 -56.2916 125
      vertex -27.75 -48.0644 125
      vertex -30.8341 -46.1466 125
    endloop
  endfacet
  facet normal 0 0 1
    outer loop
      vertex -27.75 -48.0644 125
      vertex -32.5 -56.2916 125
      vertex -28.7488 -58.2967 125
    endloop
  endfacet
  facet normal 0 0 1
    outer loop
      vertex -36.1121 -54.0455 125
      vertex -30.8341 -46.1466 125
      vertex -33.7863 -44.0311 125
    endloop
  endfacet
  facet normal 0 0 1
    outer loop
      vertex -30.8341 -46.1466 125
      vertex -36.1121 -54.0455 125
      vertex -32.5 -56.2916 125
    endloop
  endfacet
  facet normal 0 0 1
    outer loop
      vertex -39.5695 -51.568 125
      vertex -33.7863 -44.0311 125
      vertex -36.5937 -41.7271 125
    endloop
  endfacet
  facet normal 0 0 1
    outer loop
      vertex -42.8575 -48.8696 125
      vertex -36.5937 -41.7271 125
      vertex -39.2444 -39.2444 125
    endloop
  endfacet
  facet normal 0 0 1
    outer loop
      vertex -33.7863 -44.0311 125
      vertex -39.5695 -51.568 125
      vertex -36.1121 -54.0455 125
    endloop
  endfacet
  facet normal 0 0 1
    outer loop
      vertex -45.9619 -45.9619 125
      vertex -39.2444 -39.2444 125
      vertex -41.7271 -36.5937 125
    endloop
  endfacet
  facet normal 0 0 1
    outer loop
      vertex -36.5937 -41.7271 125
      vertex -42.8575 -48.8696 125
      vertex -39.5695 -51.568 125
    endloop
  endfacet
  facet normal 0 0 1
    outer loop
      vertex -48.8696 -42.8575 125
      vertex -41.7271 -36.5937 125
      vertex -44.0311 -33.7863 125
    endloop
  endfacet
  facet normal 0 0 1
    outer loop
      vertex -39.2444 -39.2444 125
      vertex -45.9619 -45.9619 125
      vertex -42.8575 -48.8696 125
    endloop
  endfacet
  facet normal 0 0 1
    outer loop
      vertex -51.568 -39.5695 125
      vertex -44.0311 -33.7863 125
      vertex -46.1466 -30.8341 125
    endloop
  endfacet
  facet normal 0 0 1
    outer loop
      vertex -54.0455 -36.1121 125
      vertex -46.1466 -30.8341 125
      vertex -48.0644 -27.75 125
    endloop
  endfacet
  facet normal 0 0 1
    outer loop
      vertex -41.7271 -36.5937 125
      vertex -48.8696 -42.8575 125
      vertex -45.9619 -45.9619 125
    endloop
  endfacet
  facet normal 0 0 1
    outer loop
      vertex -56.2916 -32.5 125
      vertex -48.0644 -27.75 125
      vertex -49.7764 -24.547 125
    endloop
  endfacet
  facet normal 0 0 1
    outer loop
      vertex -58.2967 -28.7488 125
      vertex -49.7764 -24.547 125
      vertex -51.2753 -21.2389 125
    endloop
  endfacet
  facet normal 0 0 1
    outer loop
      vertex -44.0311 -33.7863 125
      vertex -51.568 -39.5695 125
      vertex -48.8696 -42.8575 125
    endloop
  endfacet
  facet normal 0 0 1
    outer loop
      vertex -60.0522 -24.8744 125
      vertex -51.2753 -21.2389 125
      vertex -52.5546 -17.8399 125
    endloop
  endfacet
  facet normal 0 0 1
    outer loop
      vertex -61.5505 -20.8936 125
      vertex -52.5546 -17.8399 125
      vertex -53.6089 -14.3645 125
    endloop
  endfacet
  facet normal 0 0 1
    outer loop
      vertex -46.1466 -30.8341 125
      vertex -54.0455 -36.1121 125
      vertex -51.568 -39.5695 125
    endloop
  endfacet
  facet normal 0 0 1
    outer loop
      vertex -62.7852 -16.8232 125
      vertex -53.6089 -14.3645 125
      vertex -54.4336 -10.8275 125
    endloop
  endfacet
  facet normal 0 0 1
    outer loop
      vertex -63.751 -12.6809 125
      vertex -54.4336 -10.8275 125
      vertex -55.0252 -7.2442 125
    endloop
  endfacet
  facet normal 0 0 1
    outer loop
      vertex -64.4439 -8.4842 125
      vertex -55.0252 -7.2442 125
      vertex -55.3812 -3.62987 125
    endloop
  endfacet
  facet normal 0 0 1
    outer loop
      vertex -48.0644 -27.75 125
      vertex -56.2916 -32.5 125
      vertex -54.0455 -36.1121 125
    endloop
  endfacet
  facet normal 0 0 1
    outer loop
      vertex -64.8608 -4.2512 125
      vertex -55.3812 -3.62987 125
      vertex -55.5 0 125
    endloop
  endfacet
  facet normal 0 0 1
    outer loop
      vertex -53.6089 14.3645 125
      vertex -62.7852 16.8232 125
      vertex -54.4336 10.8275 125
    endloop
  endfacet
  facet normal -0 0 1
    outer loop
      vertex -63.751 12.6809 125
      vertex -54.4336 10.8275 125
      vertex -62.7852 16.8232 125
    endloop
  endfacet
  facet normal 0 0 1
    outer loop
      vertex -49.7764 -24.547 125
      vertex -58.2967 -28.7488 125
      vertex -56.2916 -32.5 125
    endloop
  endfacet
  facet normal 0 0 1
    outer loop
      vertex -54.4336 10.8275 125
      vertex -63.751 12.6809 125
      vertex -55.0252 7.2442 125
    endloop
  endfacet
  facet normal 0 0 1
    outer loop
      vertex -51.2753 -21.2389 125
      vertex -60.0522 -24.8744 125
      vertex -58.2967 -28.7488 125
    endloop
  endfacet
  facet normal -0 0 1
    outer loop
      vertex -64.4439 8.4842 125
      vertex -55.0252 7.2442 125
      vertex -63.751 12.6809 125
    endloop
  endfacet
  facet normal 0 0 1
    outer loop
      vertex -52.5546 -17.8399 125
      vertex -61.5505 -20.8936 125
      vertex -60.0522 -24.8744 125
    endloop
  endfacet
  facet normal 0 0 1
    outer loop
      vertex -55.0252 7.2442 125
      vertex -64.4439 8.4842 125
      vertex -55.3812 3.62987 125
    endloop
  endfacet
  facet normal 0 0 1
    outer loop
      vertex -53.6089 -14.3645 125
      vertex -62.7852 -16.8232 125
      vertex -61.5505 -20.8936 125
    endloop
  endfacet
  facet normal -0 0 1
    outer loop
      vertex -64.8608 4.2512 125
      vertex -55.3812 3.62987 125
      vertex -64.4439 8.4842 125
    endloop
  endfacet
  facet normal 0 0 1
    outer loop
      vertex -54.4336 -10.8275 125
      vertex -63.751 -12.6809 125
      vertex -62.7852 -16.8232 125
    endloop
  endfacet
  facet normal 0 0 1
    outer loop
      vertex -55.3812 3.62987 125
      vertex -64.8608 4.2512 125
      vertex -55.5 0 125
    endloop
  endfacet
  facet normal 0 0 1
    outer loop
      vertex -55.0252 -7.2442 125
      vertex -64.4439 -8.4842 125
      vertex -63.751 -12.6809 125
    endloop
  endfacet
  facet normal 0 0 1
    outer loop
      vertex -65 0 125
      vertex -55.5 0 125
      vertex -64.8608 4.2512 125
    endloop
  endfacet
  facet normal 0 0 1
    outer loop
      vertex -55.3812 -3.62987 125
      vertex -64.8608 -4.2512 125
      vertex -64.4439 -8.4842 125
    endloop
  endfacet
  facet normal 0 0 1
    outer loop
      vertex -55.5 0 125
      vertex -65 0 125
      vertex -64.8608 -4.2512 125
    endloop
  endfacet
  facet normal 0.52806 -0.849207 0
    outer loop
      vertex 32.5 -56.2916 0
      vertex 36.1121 -54.0455 125
      vertex 32.5 -56.2916 125
    endloop
  endfacet
  facet normal 0.52806 -0.849207 0
    outer loop
      vertex 36.1121 -54.0455 125
      vertex 32.5 -56.2916 0
      vertex 36.1121 -54.0455 0
    endloop
  endfacet
  facet normal 0.77301 0.634394 0
    outer loop
      vertex 51.568 39.5695 125
      vertex 48.8696 42.8575 0
      vertex 48.8696 42.8575 125
    endloop
  endfacet
  facet normal 0.77301 0.634394 0
    outer loop
      vertex 48.8696 42.8575 0
      vertex 51.568 39.5695 125
      vertex 51.568 39.5695 0
    endloop
  endfacet
  facet normal -0.881917 0.471404 0
    outer loop
      vertex -58.2967 28.7488 0
      vertex -56.2916 32.5 125
      vertex -56.2916 32.5 0
    endloop
  endfacet
  facet normal -0.881917 0.471404 0
    outer loop
      vertex -56.2916 32.5 125
      vertex -58.2967 28.7488 0
      vertex -58.2967 28.7488 125
    endloop
  endfacet
  facet normal -0.290276 -0.956943 0
    outer loop
      vertex -20.8936 -61.5505 0
      vertex -16.8232 -62.7852 125
      vertex -20.8936 -61.5505 125
    endloop
  endfacet
  facet normal -0.290276 -0.956943 -0
    outer loop
      vertex -16.8232 -62.7852 125
      vertex -20.8936 -61.5505 0
      vertex -16.8232 -62.7852 0
    endloop
  endfacet
  facet normal -0.97388 -0.227065 0
    outer loop
      vertex -62.7852 -16.8232 0
      vertex -63.751 -12.6809 125
      vertex -63.751 -12.6809 0
    endloop
  endfacet
  facet normal -0.97388 -0.227065 0
    outer loop
      vertex -63.751 -12.6809 125
      vertex -62.7852 -16.8232 0
      vertex -62.7852 -16.8232 125
    endloop
  endfacet
  facet normal -0.52806 0.849207 0
    outer loop
      vertex -32.5 56.2916 0
      vertex -36.1121 54.0455 125
      vertex -32.5 56.2916 125
    endloop
  endfacet
  facet normal -0.52806 0.849207 0
    outer loop
      vertex -36.1121 54.0455 125
      vertex -32.5 56.2916 0
      vertex -36.1121 54.0455 0
    endloop
  endfacet
  facet normal -0.52806 -0.849207 0
    outer loop
      vertex -36.1121 -54.0455 0
      vertex -32.5 -56.2916 125
      vertex -36.1121 -54.0455 125
    endloop
  endfacet
  facet normal -0.52806 -0.849207 -0
    outer loop
      vertex -32.5 -56.2916 125
      vertex -36.1121 -54.0455 0
      vertex -32.5 -56.2916 0
    endloop
  endfacet
  facet normal -0.999464 0.0327262 0
    outer loop
      vertex -65 0 0
      vertex -64.8608 4.2512 125
      vertex -64.8608 4.2512 0
    endloop
  endfacet
  facet normal -0.999464 0.0327262 0
    outer loop
      vertex -64.8608 4.2512 125
      vertex -65 0 0
      vertex -65 0 125
    endloop
  endfacet
  facet normal 0.227065 0.97388 -0
    outer loop
      vertex 16.8232 62.7852 0
      vertex 12.6809 63.751 125
      vertex 16.8232 62.7852 125
    endloop
  endfacet
  facet normal 0.227065 0.97388 0
    outer loop
      vertex 12.6809 63.751 125
      vertex 16.8232 62.7852 0
      vertex 12.6809 63.751 0
    endloop
  endfacet
  facet normal -0.412713 -0.910861 0
    outer loop
      vertex -28.7488 -58.2967 0
      vertex -24.8744 -60.0522 125
      vertex -28.7488 -58.2967 125
    endloop
  endfacet
  facet normal -0.412713 -0.910861 -0
    outer loop
      vertex -24.8744 -60.0522 125
      vertex -28.7488 -58.2967 0
      vertex -24.8744 -60.0522 0
    endloop
  endfacet
  facet normal -0.995184 -0.0980225 0
    outer loop
      vertex 55.3812 3.62987 0
      vertex 55.0252 7.2442 125
      vertex 55.0252 7.2442 0
    endloop
  endfacet
  facet normal -0.995184 -0.0980225 0
    outer loop
      vertex 55.0252 7.2442 125
      vertex 55.3812 3.62987 0
      vertex 55.3812 3.62987 125
    endloop
  endfacet
  facet normal -0.999465 -0.0327212 -0
    outer loop
      vertex 55.4347 1.99572 104.869
      vertex 55.3812 3.62987 125
      vertex 55.4347 1.99572 20.1308
    endloop
  endfacet
  facet normal -0.999728 -0.0233087 -0.000764765
    outer loop
      vertex 55.3812 3.62987 125
      vertex 55.4347 1.99572 104.869
      vertex 55.4345 2 105
    endloop
  endfacet
  facet normal -0.999514 -0.0311618 0
    outer loop
      vertex 55.4351 1.98289 20.2611
      vertex 55.4347 1.99572 104.869
      vertex 55.4347 1.99572 20.1308
    endloop
  endfacet
  facet normal -0.999514 -0.0311618 0
    outer loop
      vertex 55.4351 1.98289 20.2611
      vertex 55.4351 1.98289 104.739
      vertex 55.4347 1.99572 104.869
    endloop
  endfacet
  facet normal -0.999461 -0.0328153 0
    outer loop
      vertex 55.4358 1.96157 20.3902
      vertex 55.4351 1.98289 104.739
      vertex 55.4351 1.98289 20.2611
    endloop
  endfacet
  facet normal -0.999461 -0.0328153 0
    outer loop
      vertex 55.4358 1.96157 20.3902
      vertex 55.4358 1.96157 104.61
      vertex 55.4351 1.98289 104.739
    endloop
  endfacet
  facet normal -0.999434 -0.0336283 0
    outer loop
      vertex 55.4368 1.93185 20.5176
      vertex 55.4358 1.96157 104.61
      vertex 55.4358 1.96157 20.3902
    endloop
  endfacet
  facet normal -0.999434 -0.0336283 0
    outer loop
      vertex 55.4368 1.93185 20.5176
      vertex 55.4368 1.93185 104.482
      vertex 55.4358 1.96157 104.61
    endloop
  endfacet
  facet normal -0.999501 -0.0315715 0
    outer loop
      vertex 55.438 1.89386 20.6429
      vertex 55.4368 1.93185 104.482
      vertex 55.4368 1.93185 20.5176
    endloop
  endfacet
  facet normal -0.999501 -0.0315715 0
    outer loop
      vertex 55.438 1.89386 20.6429
      vertex 55.438 1.89386 104.357
      vertex 55.4368 1.93185 104.482
    endloop
  endfacet
  facet normal -0.999471 -0.0325208 0
    outer loop
      vertex 55.4395 1.84776 20.7654
      vertex 55.438 1.89386 104.357
      vertex 55.438 1.89386 20.6429
    endloop
  endfacet
  facet normal -0.999471 -0.0325208 0
    outer loop
      vertex 55.4395 1.84776 20.7654
      vertex 55.4395 1.84776 104.235
      vertex 55.438 1.89386 104.357
    endloop
  endfacet
  facet normal -0.999445 -0.0333087 0
    outer loop
      vertex 55.4413 1.79375 20.8846
      vertex 55.4395 1.84776 104.235
      vertex 55.4395 1.84776 20.7654
    endloop
  endfacet
  facet normal -0.999445 -0.0333087 0
    outer loop
      vertex 55.4413 1.79375 20.8846
      vertex 55.4413 1.79375 104.115
      vertex 55.4395 1.84776 104.235
    endloop
  endfacet
  facet normal -0.999475 -0.0323979 0
    outer loop
      vertex 55.4433 1.73205 21
      vertex 55.4413 1.79375 104.115
      vertex 55.4413 1.79375 20.8846
    endloop
  endfacet
  facet normal -0.999475 -0.0323979 0
    outer loop
      vertex 55.4433 1.73205 21
      vertex 55.4433 1.73205 104
      vertex 55.4413 1.79375 104.115
    endloop
  endfacet
  facet normal -0.999447 -0.0332619 0
    outer loop
      vertex 55.4456 1.66294 21.1111
      vertex 55.4433 1.73205 104
      vertex 55.4433 1.73205 21
    endloop
  endfacet
  facet normal -0.999447 -0.0332619 0
    outer loop
      vertex 55.4456 1.66294 21.1111
      vertex 55.4456 1.66294 103.889
      vertex 55.4433 1.73205 104
    endloop
  endfacet
  facet normal -0.999463 -0.0327779 0
    outer loop
      vertex 55.4481 1.58671 21.2175
      vertex 55.4456 1.66294 103.889
      vertex 55.4456 1.66294 21.1111
    endloop
  endfacet
  facet normal -0.999463 -0.0327779 0
    outer loop
      vertex 55.4481 1.58671 21.2175
      vertex 55.4481 1.58671 103.782
      vertex 55.4456 1.66294 103.889
    endloop
  endfacet
  facet normal -0.999472 -0.0325012 0
    outer loop
      vertex 55.4508 1.50368 21.3187
      vertex 55.4481 1.58671 103.782
      vertex 55.4481 1.58671 21.2175
    endloop
  endfacet
  facet normal -0.999472 -0.0325012 0
    outer loop
      vertex 55.4508 1.50368 21.3187
      vertex 55.4508 1.50368 103.681
      vertex 55.4481 1.58671 103.782
    endloop
  endfacet
  facet normal -0.999475 -0.0323961 0
    outer loop
      vertex 55.4537 1.41421 21.4142
      vertex 55.4508 1.50368 103.681
      vertex 55.4508 1.50368 21.3187
    endloop
  endfacet
  facet normal -0.999475 -0.0323961 0
    outer loop
      vertex 55.4537 1.41421 21.4142
      vertex 55.4537 1.41421 103.586
      vertex 55.4508 1.50368 103.681
    endloop
  endfacet
  facet normal -0.999474 -0.0324369 0
    outer loop
      vertex 55.4568 1.31869 21.5037
      vertex 55.4537 1.41421 103.586
      vertex 55.4537 1.41421 21.4142
    endloop
  endfacet
  facet normal -0.999474 -0.0324369 0
    outer loop
      vertex 55.4568 1.31869 21.5037
      vertex 55.4568 1.31869 103.496
      vertex 55.4537 1.41421 103.586
    endloop
  endfacet
  facet normal -0.999468 -0.032601 0
    outer loop
      vertex 55.4601 1.21752 21.5867
      vertex 55.4568 1.31869 103.496
      vertex 55.4568 1.31869 21.5037
    endloop
  endfacet
  facet normal -0.999468 -0.032601 0
    outer loop
      vertex 55.4601 1.21752 21.5867
      vertex 55.4601 1.21752 103.413
      vertex 55.4568 1.31869 103.496
    endloop
  endfacet
  facet normal -0.999459 -0.0328831 0
    outer loop
      vertex 55.4636 1.11114 21.6629
      vertex 55.4601 1.21752 103.413
      vertex 55.4601 1.21752 21.5867
    endloop
  endfacet
  facet normal -0.999459 -0.0328831 0
    outer loop
      vertex 55.4636 1.11114 21.6629
      vertex 55.4636 1.11114 103.337
      vertex 55.4601 1.21752 103.413
    endloop
  endfacet
  facet normal -0.999446 -0.0332729 0
    outer loop
      vertex 55.4673 1 21.732
      vertex 55.4636 1.11114 103.337
      vertex 55.4636 1.11114 21.6629
    endloop
  endfacet
  facet normal -0.999446 -0.0332729 0
    outer loop
      vertex 55.4673 1 21.732
      vertex 55.4673 1 103.268
      vertex 55.4636 1.11114 103.337
    endloop
  endfacet
  facet normal -0.999487 -0.0320395 0
    outer loop
      vertex 55.471 0.884577 21.7937
      vertex 55.4673 1 103.268
      vertex 55.4673 1 21.732
    endloop
  endfacet
  facet normal -0.999487 -0.0320395 0
    outer loop
      vertex 55.471 0.884577 21.7937
      vertex 55.471 0.884577 103.206
      vertex 55.4673 1 103.268
    endloop
  endfacet
  facet normal -0.999465 -0.0326979 0
    outer loop
      vertex 55.4749 0.765367 21.8478
      vertex 55.471 0.884577 103.206
      vertex 55.471 0.884577 21.7937
    endloop
  endfacet
  facet normal -0.999465 -0.0326979 0
    outer loop
      vertex 55.4749 0.765367 21.8478
      vertex 55.4749 0.765367 103.152
      vertex 55.471 0.884577 103.206
    endloop
  endfacet
  facet normal -0.99944 -0.0334539 0
    outer loop
      vertex 55.479 0.642879 21.8939
      vertex 55.4749 0.765367 103.152
      vertex 55.4749 0.765367 21.8478
    endloop
  endfacet
  facet normal -0.99944 -0.0334539 0
    outer loop
      vertex 55.479 0.642879 21.8939
      vertex 55.479 0.642879 103.106
      vertex 55.4749 0.765367 103.152
    endloop
  endfacet
  facet normal -0.999465 -0.0327191 0
    outer loop
      vertex 55.4831 0.517637 21.9319
      vertex 55.479 0.642879 103.106
      vertex 55.479 0.642879 21.8939
    endloop
  endfacet
  facet normal -0.999465 -0.0327191 0
    outer loop
      vertex 55.4831 0.517637 21.9319
      vertex 55.4831 0.517637 103.068
      vertex 55.479 0.642879 103.106
    endloop
  endfacet
  facet normal -0.999483 -0.0321513 0
    outer loop
      vertex 55.4872 0.390181 21.9616
      vertex 55.4831 0.517637 103.068
      vertex 55.4831 0.517637 21.9319
    endloop
  endfacet
  facet normal -0.999483 -0.0321513 0
    outer loop
      vertex 55.4872 0.390181 21.9616
      vertex 55.4872 0.390181 103.038
      vertex 55.4831 0.517637 103.068
    endloop
  endfacet
  facet normal -0.999446 -0.0332816 0
    outer loop
      vertex 55.4915 0.261052 21.9829
      vertex 55.4872 0.390181 103.038
      vertex 55.4872 0.390181 21.9616
    endloop
  endfacet
  facet normal -0.999446 -0.0332816 0
    outer loop
      vertex 55.4915 0.261052 21.9829
      vertex 55.4915 0.261052 103.017
      vertex 55.4872 0.390181 103.038
    endloop
  endfacet
  facet normal -0.99948 -0.0322299 0
    outer loop
      vertex 55.4957 0.130806 21.9957
      vertex 55.4915 0.261052 103.017
      vertex 55.4915 0.261052 21.9829
    endloop
  endfacet
  facet normal -0.99948 -0.0322299 0
    outer loop
      vertex 55.4957 0.130806 21.9957
      vertex 55.4957 0.130806 103.004
      vertex 55.4915 0.261052 103.017
    endloop
  endfacet
  facet normal -0.99946 -0.0328554 0
    outer loop
      vertex 55.5 0 22
      vertex 55.4957 0.130806 103.004
      vertex 55.4957 0.130806 21.9957
    endloop
  endfacet
  facet normal -0.99946 -0.0328554 0
    outer loop
      vertex 55.4957 0.130806 103.004
      vertex 55.5 0 22
      vertex 55.5 0 103
    endloop
  endfacet
  facet normal -0.999729 -0.0232848 0.00076672
    outer loop
      vertex 55.4347 1.99572 20.1308
      vertex 55.3812 3.62987 0
      vertex 55.4345 2 20
    endloop
  endfacet
  facet normal -0.999326 -0.0366959 -0.00032727
    outer loop
      vertex 55.3812 3.62987 0
      vertex 55.4347 1.99572 19.8692
      vertex 55.4345 2 20
    endloop
  endfacet
  facet normal -0.999492 -0.0318715 6.99546e-05
    outer loop
      vertex 55.3812 3.62987 0
      vertex 55.4351 1.98289 19.7389
      vertex 55.4347 1.99572 19.8692
    endloop
  endfacet
  facet normal -0.999463 -0.0327797 -5.89777e-06
    outer loop
      vertex 55.3812 3.62987 0
      vertex 55.4358 1.96157 19.6098
      vertex 55.4351 1.98289 19.7389
    endloop
  endfacet
  facet normal -0.999443 -0.0333831 -5.72866e-05
    outer loop
      vertex 55.3812 3.62987 0
      vertex 55.4368 1.93185 19.4824
      vertex 55.4358 1.96157 19.6098
    endloop
  endfacet
  facet normal -0.999493 -0.0318294 7.82688e-05
    outer loop
      vertex 55.3812 3.62987 0
      vertex 55.438 1.89386 19.3571
      vertex 55.4368 1.93185 19.4824
    endloop
  endfacet
  facet normal -0.99947 -0.0325555 1.30833e-05
    outer loop
      vertex 55.3812 3.62987 0
      vertex 55.4395 1.84776 19.2346
      vertex 55.438 1.89386 19.3571
    endloop
  endfacet
  facet normal -0.999449 -0.0332048 -4.71374e-05
    outer loop
      vertex 55.3812 3.62987 0
      vertex 55.4413 1.79375 19.1154
      vertex 55.4395 1.84776 19.2346
    endloop
  endfacet
  facet normal -0.999473 -0.0324461 2.5811e-05
    outer loop
      vertex 55.3812 3.62987 0
      vertex 55.4433 1.73205 19
      vertex 55.4413 1.79375 19.1154
    endloop
  endfacet
  facet normal -0.999449 -0.0331847 -4.80431e-05
    outer loop
      vertex 55.3812 3.62987 0
      vertex 55.4456 1.66294 18.8889
      vertex 55.4433 1.73205 19
    endloop
  endfacet
  facet normal -0.999463 -0.032771 -4.91677e-06
    outer loop
      vertex 55.3812 3.62987 0
      vertex 55.4481 1.58671 18.7825
      vertex 55.4456 1.66294 18.8889
    endloop
  endfacet
  facet normal -0.999471 -0.0325275 2.16018e-05
    outer loop
      vertex 55.3812 3.62987 0
      vertex 55.4508 1.50368 18.6813
      vertex 55.4481 1.58671 18.7825
    endloop
  endfacet
  facet normal -0.999474 -0.0324309 3.26113e-05
    outer loop
      vertex 55.3812 3.62987 0
      vertex 55.4537 1.41421 18.5858
      vertex 55.4508 1.50368 18.6813
    endloop
  endfacet
  facet normal -0.999473 -0.0324637 2.86905e-05
    outer loop
      vertex 55.3812 3.62987 0
      vertex 55.4568 1.31869 18.4963
      vertex 55.4537 1.41421 18.5858
    endloop
  endfacet
  facet normal -0.999468 -0.0326096 1.04438e-05
    outer loop
      vertex 55.3812 3.62987 0
      vertex 55.4601 1.21752 18.4133
      vertex 55.4568 1.31869 18.4963
    endloop
  endfacet
  facet normal -0.99946 -0.0328665 -2.325e-05
    outer loop
      vertex 55.3812 3.62987 0
      vertex 55.4636 1.11114 18.3371
      vertex 55.4601 1.21752 18.4133
    endloop
  endfacet
  facet normal -0.999448 -0.0332276 -7.29003e-05
    outer loop
      vertex 55.3812 3.62987 0
      vertex 55.4673 1 18.2679
      vertex 55.4636 1.11114 18.3371
    endloop
  endfacet
  facet normal -0.999485 -0.0320882 9.12976e-05
    outer loop
      vertex 55.3812 3.62987 0
      vertex 55.471 0.884577 18.2063
      vertex 55.4673 1 18.2679
    endloop
  endfacet
  facet normal -0.999465 -0.0326976 -6.83021e-07
    outer loop
      vertex 55.3812 3.62987 0
      vertex 55.4749 0.765367 18.1522
      vertex 55.471 0.884577 18.2063
    endloop
  endfacet
  facet normal -0.999442 -0.0334113 -0.000113432
    outer loop
      vertex 55.3812 3.62987 0
      vertex 55.479 0.642879 18.1061
      vertex 55.4749 0.765367 18.1522
    endloop
  endfacet
  facet normal -0.999465 -0.0327193 8.41369e-07
    outer loop
      vertex 55.3812 3.62987 0
      vertex 55.4831 0.517637 18.0681
      vertex 55.479 0.642879 18.1061
    endloop
  endfacet
  facet normal -0.999482 -0.0321734 9.4974e-05
    outer loop
      vertex 55.3812 3.62987 0
      vertex 55.4872 0.390181 18.0384
      vertex 55.4831 0.517637 18.0681
    endloop
  endfacet
  facet normal -0.999447 -0.0332649 -0.000101262
    outer loop
      vertex 55.3812 3.62987 0
      vertex 55.4915 0.261052 18.0171
      vertex 55.4872 0.390181 18.0384
    endloop
  endfacet
  facet normal -0.999465 -0.0327109 2.43116e-06
    outer loop
      vertex 55.5 0 0
      vertex 55.4915 0.261052 18.0171
      vertex 55.3812 3.62987 0
    endloop
  endfacet
  facet normal -0.99948 -0.0322295 -4.55212e-06
    outer loop
      vertex 55.4915 0.261052 18.0171
      vertex 55.5 0 0
      vertex 55.4957 0.130806 18.0043
    endloop
  endfacet
  facet normal -0.99946 -0.0328554 0
    outer loop
      vertex 55.4957 0.130806 18.0043
      vertex 55.5 0 0
      vertex 55.5 0 18
    endloop
  endfacet
  facet normal -0.999465 -0.0327212 0
    outer loop
      vertex 55.3812 3.62987 0
      vertex 55.4347 1.99572 20.1308
      vertex 55.3812 3.62987 125
    endloop
  endfacet
  facet normal -0.999327 -0.0366915 0.000326914
    outer loop
      vertex 55.4347 1.99572 105.131
      vertex 55.3812 3.62987 125
      vertex 55.4345 2 105
    endloop
  endfacet
  facet normal -0.999492 -0.0318707 -7.00284e-05
    outer loop
      vertex 55.4351 1.98289 105.261
      vertex 55.3812 3.62987 125
      vertex 55.4347 1.99572 105.131
    endloop
  endfacet
  facet normal -0.999463 -0.0327797 5.89928e-06
    outer loop
      vertex 55.4358 1.96157 105.39
      vertex 55.3812 3.62987 125
      vertex 55.4351 1.98289 105.261
    endloop
  endfacet
  facet normal -0.999443 -0.0333822 5.72142e-05
    outer loop
      vertex 55.4368 1.93185 105.518
      vertex 55.3812 3.62987 125
      vertex 55.4358 1.96157 105.39
    endloop
  endfacet
  facet normal -0.999493 -0.0318289 -7.83119e-05
    outer loop
      vertex 55.438 1.89386 105.643
      vertex 55.3812 3.62987 125
      vertex 55.4368 1.93185 105.518
    endloop
  endfacet
  facet normal -0.99947 -0.0325554 -1.30936e-05
    outer loop
      vertex 55.4395 1.84776 105.765
      vertex 55.3812 3.62987 125
      vertex 55.438 1.89386 105.643
    endloop
  endfacet
  facet normal -0.999449 -0.0332042 4.70829e-05
    outer loop
      vertex 55.4413 1.79375 105.885
      vertex 55.3812 3.62987 125
      vertex 55.4395 1.84776 105.765
    endloop
  endfacet
  facet normal -0.999473 -0.032446 -2.58251e-05
    outer loop
      vertex 55.4433 1.73205 106
      vertex 55.3812 3.62987 125
      vertex 55.4413 1.79375 105.885
    endloop
  endfacet
  facet normal -0.999449 -0.0331848 4.80491e-05
    outer loop
      vertex 55.4456 1.66294 106.111
      vertex 55.3812 3.62987 125
      vertex 55.4433 1.73205 106
    endloop
  endfacet
  facet normal -0.999463 -0.032771 4.91323e-06
    outer loop
      vertex 55.4481 1.58671 106.218
      vertex 55.3812 3.62987 125
      vertex 55.4456 1.66294 106.111
    endloop
  endfacet
  facet normal -0.999471 -0.0325274 -2.16073e-05
    outer loop
      vertex 55.4508 1.50368 106.319
      vertex 55.3812 3.62987 125
      vertex 55.4481 1.58671 106.218
    endloop
  endfacet
  facet normal -0.999474 -0.0324307 -3.26303e-05
    outer loop
      vertex 55.4537 1.41421 106.414
      vertex 55.3812 3.62987 125
      vertex 55.4508 1.50368 106.319
    endloop
  endfacet
  facet normal -0.999473 -0.0324638 -2.86742e-05
    outer loop
      vertex 55.4568 1.31869 106.504
      vertex 55.3812 3.62987 125
      vertex 55.4537 1.41421 106.414
    endloop
  endfacet
  facet normal -0.999468 -0.0326096 -1.04439e-05
    outer loop
      vertex 55.4601 1.21752 106.587
      vertex 55.3812 3.62987 125
      vertex 55.4568 1.31869 106.504
    endloop
  endfacet
  facet normal -0.99946 -0.0328665 2.32556e-05
    outer loop
      vertex 55.4636 1.11114 106.663
      vertex 55.3812 3.62987 125
      vertex 55.4601 1.21752 106.587
    endloop
  endfacet
  facet normal -0.999448 -0.0332277 7.29172e-05
    outer loop
      vertex 55.4673 1 106.732
      vertex 55.3812 3.62987 125
      vertex 55.4636 1.11114 106.663
    endloop
  endfacet
  facet normal -0.999485 -0.0320885 -9.12549e-05
    outer loop
      vertex 55.471 0.884577 106.794
      vertex 55.3812 3.62987 125
      vertex 55.4673 1 106.732
    endloop
  endfacet
  facet normal -0.999465 -0.0326976 6.83112e-07
    outer loop
      vertex 55.4749 0.765367 106.848
      vertex 55.3812 3.62987 125
      vertex 55.471 0.884577 106.794
    endloop
  endfacet
  facet normal -0.999442 -0.0334114 0.000113447
    outer loop
      vertex 55.479 0.642879 106.894
      vertex 55.3812 3.62987 125
      vertex 55.4749 0.765367 106.848
    endloop
  endfacet
  facet normal -0.999465 -0.0327193 -8.41374e-07
    outer loop
      vertex 55.4831 0.517637 106.932
      vertex 55.3812 3.62987 125
      vertex 55.479 0.642879 106.894
    endloop
  endfacet
  facet normal -0.999482 -0.0321737 -9.49375e-05
    outer loop
      vertex 55.4872 0.390181 106.962
      vertex 55.3812 3.62987 125
      vertex 55.4831 0.517637 106.932
    endloop
  endfacet
  facet normal -0.999447 -0.0332651 0.000101305
    outer loop
      vertex 55.4915 0.261052 106.983
      vertex 55.3812 3.62987 125
      vertex 55.4872 0.390181 106.962
    endloop
  endfacet
  facet normal -0.99948 -0.0322295 4.55225e-06
    outer loop
      vertex 55.5 0 125
      vertex 55.4915 0.261052 106.983
      vertex 55.4957 0.130806 106.996
    endloop
  endfacet
  facet normal -0.99946 -0.0328554 -0
    outer loop
      vertex 55.5 0 125
      vertex 55.4957 0.130806 106.996
      vertex 55.5 0 107
    endloop
  endfacet
  facet normal -0.999465 -0.0327109 -2.43118e-06
    outer loop
      vertex 55.4915 0.261052 106.983
      vertex 55.5 0 125
      vertex 55.3812 3.62987 125
    endloop
  endfacet
  facet normal -0.0327109 -0.999465 0
    outer loop
      vertex 0 55.5 0
      vertex 3.62987 55.3812 125
      vertex 0 55.5 125
    endloop
  endfacet
  facet normal -0.0327109 -0.999465 -0
    outer loop
      vertex 3.62987 55.3812 125
      vertex 0 55.5 0
      vertex 3.62987 55.3812 0
    endloop
  endfacet
  facet normal -0.227073 0.973878 0
    outer loop
      vertex 14.3645 -53.6089 0
      vertex 10.8275 -54.4336 125
      vertex 14.3645 -53.6089 125
    endloop
  endfacet
  facet normal -0.227073 0.973878 0
    outer loop
      vertex 10.8275 -54.4336 125
      vertex 14.3645 -53.6089 0
      vertex 10.8275 -54.4336 0
    endloop
  endfacet
  facet normal -0.412711 0.910862 0
    outer loop
      vertex 24.547 -49.7764 0
      vertex 21.2389 -51.2753 125
      vertex 24.547 -49.7764 125
    endloop
  endfacet
  facet normal -0.412711 0.910862 0
    outer loop
      vertex 21.2389 -51.2753 125
      vertex 24.547 -49.7764 0
      vertex 21.2389 -51.2753 0
    endloop
  endfacet
  facet normal -0.352252 -0.935905 0
    outer loop
      vertex 17.8399 52.5546 0
      vertex 21.2389 51.2753 125
      vertex 17.8399 52.5546 125
    endloop
  endfacet
  facet normal -0.352252 -0.935905 -0
    outer loop
      vertex 21.2389 51.2753 125
      vertex 17.8399 52.5546 0
      vertex 21.2389 51.2753 0
    endloop
  endfacet
  facet normal -0.162894 0.986644 0
    outer loop
      vertex 10.8275 -54.4336 0
      vertex 7.2442 -55.0252 125
      vertex 10.8275 -54.4336 125
    endloop
  endfacet
  facet normal -0.162894 0.986644 0
    outer loop
      vertex 7.2442 -55.0252 125
      vertex 10.8275 -54.4336 0
      vertex 7.2442 -55.0252 0
    endloop
  endfacet
  facet normal -0.973878 -0.227073 0
    outer loop
      vertex 54.4336 10.8275 0
      vertex 53.6089 14.3645 125
      vertex 53.6089 14.3645 0
    endloop
  endfacet
  facet normal -0.973878 -0.227073 0
    outer loop
      vertex 53.6089 14.3645 125
      vertex 54.4336 10.8275 0
      vertex 54.4336 10.8275 125
    endloop
  endfacet
  facet normal 0.352252 -0.935905 0
    outer loop
      vertex -21.2389 51.2753 0
      vertex -17.8399 52.5546 125
      vertex -21.2389 51.2753 125
    endloop
  endfacet
  facet normal 0.352252 -0.935905 0
    outer loop
      vertex -17.8399 52.5546 125
      vertex -21.2389 51.2753 0
      vertex -17.8399 52.5546 0
    endloop
  endfacet
  facet normal -0.849204 0.528065 0
    outer loop
      vertex 46.1466 -30.8341 0
      vertex 48.0644 -27.75 125
      vertex 48.0644 -27.75 0
    endloop
  endfacet
  facet normal -0.849204 0.528065 0
    outer loop
      vertex 48.0644 -27.75 125
      vertex 46.1466 -30.8341 0
      vertex 46.1466 -30.8341 125
    endloop
  endfacet
  facet normal 0.412711 -0.910862 0
    outer loop
      vertex -24.547 49.7764 0
      vertex -21.2389 51.2753 125
      vertex -24.547 49.7764 125
    endloop
  endfacet
  facet normal 0.412711 -0.910862 0
    outer loop
      vertex -21.2389 51.2753 125
      vertex -24.547 49.7764 0
      vertex -21.2389 51.2753 0
    endloop
  endfacet
  facet normal -0.582475 -0.812849 0
    outer loop
      vertex 30.8341 46.1466 0
      vertex 33.7863 44.0311 125
      vertex 30.8341 46.1466 125
    endloop
  endfacet
  facet normal -0.582475 -0.812849 -0
    outer loop
      vertex 33.7863 44.0311 125
      vertex 30.8341 46.1466 0
      vertex 33.7863 44.0311 0
    endloop
  endfacet
  facet normal -0.773007 0.634398 0
    outer loop
      vertex 41.7271 -36.5937 0
      vertex 44.0311 -33.7863 125
      vertex 44.0311 -33.7863 0
    endloop
  endfacet
  facet normal -0.773007 0.634398 0
    outer loop
      vertex 44.0311 -33.7863 125
      vertex 41.7271 -36.5937 0
      vertex 41.7271 -36.5937 125
    endloop
  endfacet
  facet normal 0.935905 0.352252 0
    outer loop
      vertex -51.2753 -21.2389 125
      vertex -52.5546 -17.8399 0
      vertex -52.5546 -17.8399 125
    endloop
  endfacet
  facet normal 0.935905 0.352252 0
    outer loop
      vertex -52.5546 -17.8399 0
      vertex -51.2753 -21.2389 125
      vertex -51.2753 -21.2389 0
    endloop
  endfacet
  facet normal -0.910862 0.412711 0
    outer loop
      vertex 49.7764 -24.547 0
      vertex 51.2753 -21.2389 125
      vertex 51.2753 -21.2389 0
    endloop
  endfacet
  facet normal -0.910862 0.412711 0
    outer loop
      vertex 51.2753 -21.2389 125
      vertex 49.7764 -24.547 0
      vertex 49.7764 -24.547 125
    endloop
  endfacet
  facet normal 0.935905 -0.352252 0
    outer loop
      vertex -52.5546 17.8399 125
      vertex -51.2753 21.2389 0
      vertex -51.2753 21.2389 125
    endloop
  endfacet
  facet normal 0.935905 -0.352252 0
    outer loop
      vertex -51.2753 21.2389 0
      vertex -52.5546 17.8399 125
      vertex -52.5546 17.8399 0
    endloop
  endfacet
  facet normal -0.412711 -0.910862 0
    outer loop
      vertex 21.2389 51.2753 0
      vertex 24.547 49.7764 125
      vertex 21.2389 51.2753 125
    endloop
  endfacet
  facet normal -0.412711 -0.910862 -0
    outer loop
      vertex 24.547 49.7764 125
      vertex 21.2389 51.2753 0
      vertex 24.547 49.7764 0
    endloop
  endfacet
  facet normal 0.849204 -0.528065 0
    outer loop
      vertex -48.0644 27.75 125
      vertex -46.1466 30.8341 0
      vertex -46.1466 30.8341 125
    endloop
  endfacet
  facet normal 0.849204 -0.528065 0
    outer loop
      vertex -46.1466 30.8341 0
      vertex -48.0644 27.75 125
      vertex -48.0644 27.75 0
    endloop
  endfacet
  facet normal -0.935905 0.352252 0
    outer loop
      vertex 51.2753 -21.2389 0
      vertex 52.5546 -17.8399 125
      vertex 52.5546 -17.8399 0
    endloop
  endfacet
  facet normal -0.935905 0.352252 0
    outer loop
      vertex 52.5546 -17.8399 125
      vertex 51.2753 -21.2389 0
      vertex 51.2753 -21.2389 125
    endloop
  endfacet
  facet normal 0.227073 0.973878 -0
    outer loop
      vertex -10.8275 -54.4336 0
      vertex -14.3645 -53.6089 125
      vertex -10.8275 -54.4336 125
    endloop
  endfacet
  facet normal 0.227073 0.973878 0
    outer loop
      vertex -14.3645 -53.6089 125
      vertex -10.8275 -54.4336 0
      vertex -14.3645 -53.6089 0
    endloop
  endfacet
  facet normal -0.956937 0.290297 0
    outer loop
      vertex 52.5546 -17.8399 0
      vertex 53.6089 -14.3645 125
      vertex 53.6089 -14.3645 0
    endloop
  endfacet
  facet normal -0.956937 0.290297 0
    outer loop
      vertex 53.6089 -14.3645 125
      vertex 52.5546 -17.8399 0
      vertex 52.5546 -17.8399 125
    endloop
  endfacet
  facet normal 0.471388 -0.881926 0
    outer loop
      vertex -27.75 48.0644 0
      vertex -24.547 49.7764 125
      vertex -27.75 48.0644 125
    endloop
  endfacet
  facet normal 0.471388 -0.881926 0
    outer loop
      vertex -24.547 49.7764 125
      vertex -27.75 48.0644 0
      vertex -24.547 49.7764 0
    endloop
  endfacet
  facet normal -0.162894 -0.986644 0
    outer loop
      vertex 7.2442 55.0252 0
      vertex 10.8275 54.4336 125
      vertex 7.2442 55.0252 125
    endloop
  endfacet
  facet normal -0.162894 -0.986644 -0
    outer loop
      vertex 10.8275 54.4336 125
      vertex 7.2442 55.0252 0
      vertex 10.8275 54.4336 0
    endloop
  endfacet
  facet normal -0.0327109 0.999465 0
    outer loop
      vertex 3.62987 -55.3812 0
      vertex 0 -55.5 125
      vertex 3.62987 -55.3812 125
    endloop
  endfacet
  facet normal -0.0327109 0.999465 0
    outer loop
      vertex 0 -55.5 125
      vertex 3.62987 -55.3812 0
      vertex 0 -55.5 0
    endloop
  endfacet
  facet normal 0.956937 -0.290297 0
    outer loop
      vertex -53.6089 14.3645 125
      vertex -52.5546 17.8399 0
      vertex -52.5546 17.8399 125
    endloop
  endfacet
  facet normal 0.956937 -0.290297 0
    outer loop
      vertex -52.5546 17.8399 0
      vertex -53.6089 14.3645 125
      vertex -53.6089 14.3645 0
    endloop
  endfacet
  facet normal 0.0980225 0.995184 -0
    outer loop
      vertex -3.62987 -55.3812 0
      vertex -7.2442 -55.0252 125
      vertex -3.62987 -55.3812 125
    endloop
  endfacet
  facet normal 0.0980225 0.995184 0
    outer loop
      vertex -7.2442 -55.0252 125
      vertex -3.62987 -55.3812 0
      vertex -7.2442 -55.0252 0
    endloop
  endfacet
  facet normal 0.290297 -0.956937 0
    outer loop
      vertex -17.8399 52.5546 0
      vertex -14.3645 53.6089 125
      vertex -17.8399 52.5546 125
    endloop
  endfacet
  facet normal 0.290297 -0.956937 0
    outer loop
      vertex -14.3645 53.6089 125
      vertex -17.8399 52.5546 0
      vertex -14.3645 53.6089 0
    endloop
  endfacet
  facet normal 0.352252 0.935905 -0
    outer loop
      vertex -17.8399 -52.5546 0
      vertex -21.2389 -51.2753 125
      vertex -17.8399 -52.5546 125
    endloop
  endfacet
  facet normal 0.352252 0.935905 0
    outer loop
      vertex -21.2389 -51.2753 125
      vertex -17.8399 -52.5546 0
      vertex -21.2389 -51.2753 0
    endloop
  endfacet
  facet normal 0.162894 -0.986644 0
    outer loop
      vertex -10.8275 54.4336 0
      vertex -7.2442 55.0252 125
      vertex -10.8275 54.4336 125
    endloop
  endfacet
  facet normal 0.162894 -0.986644 0
    outer loop
      vertex -7.2442 55.0252 125
      vertex -10.8275 54.4336 0
      vertex -7.2442 55.0252 0
    endloop
  endfacet
  facet normal -0.773007 -0.634398 0
    outer loop
      vertex 44.0311 33.7863 0
      vertex 41.7271 36.5937 125
      vertex 41.7271 36.5937 0
    endloop
  endfacet
  facet normal -0.773007 -0.634398 0
    outer loop
      vertex 41.7271 36.5937 125
      vertex 44.0311 33.7863 0
      vertex 44.0311 33.7863 125
    endloop
  endfacet
  facet normal -0.849204 -0.528065 0
    outer loop
      vertex 48.0644 27.75 0
      vertex 46.1466 30.8341 125
      vertex 46.1466 30.8341 0
    endloop
  endfacet
  facet normal -0.849204 -0.528065 0
    outer loop
      vertex 46.1466 30.8341 125
      vertex 48.0644 27.75 0
      vertex 48.0644 27.75 125
    endloop
  endfacet
  facet normal 0.973878 -0.227073 0
    outer loop
      vertex -54.4336 10.8275 125
      vertex -53.6089 14.3645 0
      vertex -53.6089 14.3645 125
    endloop
  endfacet
  facet normal 0.973878 -0.227073 0
    outer loop
      vertex -53.6089 14.3645 0
      vertex -54.4336 10.8275 125
      vertex -54.4336 10.8275 0
    endloop
  endfacet
  facet normal -0.812849 0.582475 0
    outer loop
      vertex 44.0311 -33.7863 0
      vertex 46.1466 -30.8341 125
      vertex 46.1466 -30.8341 0
    endloop
  endfacet
  facet normal -0.812849 0.582475 0
    outer loop
      vertex 46.1466 -30.8341 125
      vertex 44.0311 -33.7863 0
      vertex 44.0311 -33.7863 125
    endloop
  endfacet
  facet normal -0.881926 0.471388 0
    outer loop
      vertex 48.0644 -27.75 0
      vertex 49.7764 -24.547 125
      vertex 49.7764 -24.547 0
    endloop
  endfacet
  facet normal -0.881926 0.471388 0
    outer loop
      vertex 49.7764 -24.547 125
      vertex 48.0644 -27.75 0
      vertex 48.0644 -27.75 125
    endloop
  endfacet
  facet normal -0.99946 0.0328554 0
    outer loop
      vertex 55.5 0 0
      vertex 55.4957 -0.130806 18.0043
      vertex 55.5 0 18
    endloop
  endfacet
  facet normal -0.99948 0.0322295 -4.55212e-06
    outer loop
      vertex 55.5 0 0
      vertex 55.4915 -0.261052 18.0171
      vertex 55.4957 -0.130806 18.0043
    endloop
  endfacet
  facet normal -0.999446 0.0332834 1.0734e-05
    outer loop
      vertex 55.5 0 0
      vertex 55.4872 -0.390181 18.0384
      vertex 55.4915 -0.261052 18.0171
    endloop
  endfacet
  facet normal -0.999465 0.0327109 -1.66127e-06
    outer loop
      vertex 55.3812 -3.62987 0
      vertex 55.4872 -0.390181 18.0384
      vertex 55.5 0 0
    endloop
  endfacet
  facet normal -0.999482 0.0321734 9.4974e-05
    outer loop
      vertex 55.4872 -0.390181 18.0384
      vertex 55.3812 -3.62987 0
      vertex 55.4831 -0.517637 18.0681
    endloop
  endfacet
  facet normal -0.999465 0.0327193 8.41369e-07
    outer loop
      vertex 55.4831 -0.517637 18.0681
      vertex 55.3812 -3.62987 0
      vertex 55.479 -0.642879 18.1061
    endloop
  endfacet
  facet normal -0.999442 0.0334113 -0.000113432
    outer loop
      vertex 55.479 -0.642879 18.1061
      vertex 55.3812 -3.62987 0
      vertex 55.4749 -0.765367 18.1522
    endloop
  endfacet
  facet normal -0.999465 0.0326976 -6.83021e-07
    outer loop
      vertex 55.4749 -0.765367 18.1522
      vertex 55.3812 -3.62987 0
      vertex 55.471 -0.884577 18.2063
    endloop
  endfacet
  facet normal -0.999485 0.0320882 9.12976e-05
    outer loop
      vertex 55.471 -0.884577 18.2063
      vertex 55.3812 -3.62987 0
      vertex 55.4673 -1 18.2679
    endloop
  endfacet
  facet normal -0.999448 0.0332276 -7.29003e-05
    outer loop
      vertex 55.4673 -1 18.2679
      vertex 55.3812 -3.62987 0
      vertex 55.4636 -1.11114 18.3371
    endloop
  endfacet
  facet normal -0.99946 0.0328665 -2.325e-05
    outer loop
      vertex 55.4636 -1.11114 18.3371
      vertex 55.3812 -3.62987 0
      vertex 55.4601 -1.21752 18.4133
    endloop
  endfacet
  facet normal -0.999468 0.0326096 1.04438e-05
    outer loop
      vertex 55.4601 -1.21752 18.4133
      vertex 55.3812 -3.62987 0
      vertex 55.4568 -1.31869 18.4963
    endloop
  endfacet
  facet normal -0.999473 0.0324637 2.86905e-05
    outer loop
      vertex 55.4568 -1.31869 18.4963
      vertex 55.3812 -3.62987 0
      vertex 55.4537 -1.41421 18.5858
    endloop
  endfacet
  facet normal -0.999474 0.0324309 3.26113e-05
    outer loop
      vertex 55.4537 -1.41421 18.5858
      vertex 55.3812 -3.62987 0
      vertex 55.4508 -1.50368 18.6813
    endloop
  endfacet
  facet normal -0.999471 0.0325275 2.16018e-05
    outer loop
      vertex 55.4508 -1.50368 18.6813
      vertex 55.3812 -3.62987 0
      vertex 55.4481 -1.58671 18.7825
    endloop
  endfacet
  facet normal -0.999463 0.032771 -4.91677e-06
    outer loop
      vertex 55.4481 -1.58671 18.7825
      vertex 55.3812 -3.62987 0
      vertex 55.4456 -1.66294 18.8889
    endloop
  endfacet
  facet normal -0.999449 0.0331847 -4.80431e-05
    outer loop
      vertex 55.4456 -1.66294 18.8889
      vertex 55.3812 -3.62987 0
      vertex 55.4433 -1.73205 19
    endloop
  endfacet
  facet normal -0.999473 0.0324461 2.5811e-05
    outer loop
      vertex 55.4433 -1.73205 19
      vertex 55.3812 -3.62987 0
      vertex 55.4413 -1.79375 19.1154
    endloop
  endfacet
  facet normal -0.999449 0.0332048 -4.71374e-05
    outer loop
      vertex 55.4413 -1.79375 19.1154
      vertex 55.3812 -3.62987 0
      vertex 55.4395 -1.84776 19.2346
    endloop
  endfacet
  facet normal -0.99947 0.0325555 1.30833e-05
    outer loop
      vertex 55.4395 -1.84776 19.2346
      vertex 55.3812 -3.62987 0
      vertex 55.438 -1.89386 19.3571
    endloop
  endfacet
  facet normal -0.999493 0.0318294 7.82688e-05
    outer loop
      vertex 55.438 -1.89386 19.3571
      vertex 55.3812 -3.62987 0
      vertex 55.4368 -1.93185 19.4824
    endloop
  endfacet
  facet normal -0.999443 0.0333831 -5.72866e-05
    outer loop
      vertex 55.4368 -1.93185 19.4824
      vertex 55.3812 -3.62987 0
      vertex 55.4358 -1.96157 19.6098
    endloop
  endfacet
  facet normal -0.999465 0.0327212 0
    outer loop
      vertex 55.3812 -3.62987 125
      vertex 55.4347 -1.99572 104.869
      vertex 55.3812 -3.62987 0
    endloop
  endfacet
  facet normal -0.999326 0.0366959 -0.00032727
    outer loop
      vertex 55.4347 -1.99572 19.8692
      vertex 55.3812 -3.62987 0
      vertex 55.4345 -2 20
    endloop
  endfacet
  facet normal -0.999492 0.0318715 6.99546e-05
    outer loop
      vertex 55.4351 -1.98289 19.7389
      vertex 55.3812 -3.62987 0
      vertex 55.4347 -1.99572 19.8692
    endloop
  endfacet
  facet normal -0.999463 0.0327797 -5.89777e-06
    outer loop
      vertex 55.4358 -1.96157 19.6098
      vertex 55.3812 -3.62987 0
      vertex 55.4351 -1.98289 19.7389
    endloop
  endfacet
  facet normal -0.99946 0.0328554 0
    outer loop
      vertex 55.4957 -0.130806 21.9957
      vertex 55.5 0 103
      vertex 55.5 0 22
    endloop
  endfacet
  facet normal -0.99946 0.0328554 0
    outer loop
      vertex 55.4957 -0.130806 21.9957
      vertex 55.4957 -0.130806 103.004
      vertex 55.5 0 103
    endloop
  endfacet
  facet normal -0.99948 0.0322299 0
    outer loop
      vertex 55.4915 -0.261052 21.9829
      vertex 55.4957 -0.130806 103.004
      vertex 55.4957 -0.130806 21.9957
    endloop
  endfacet
  facet normal -0.99948 0.0322299 0
    outer loop
      vertex 55.4915 -0.261052 21.9829
      vertex 55.4915 -0.261052 103.017
      vertex 55.4957 -0.130806 103.004
    endloop
  endfacet
  facet normal -0.999446 0.0332816 0
    outer loop
      vertex 55.4872 -0.390181 21.9616
      vertex 55.4915 -0.261052 103.017
      vertex 55.4915 -0.261052 21.9829
    endloop
  endfacet
  facet normal -0.999446 0.0332816 0
    outer loop
      vertex 55.4872 -0.390181 21.9616
      vertex 55.4872 -0.390181 103.038
      vertex 55.4915 -0.261052 103.017
    endloop
  endfacet
  facet normal -0.999483 0.0321513 0
    outer loop
      vertex 55.4831 -0.517637 21.9319
      vertex 55.4872 -0.390181 103.038
      vertex 55.4872 -0.390181 21.9616
    endloop
  endfacet
  facet normal -0.999483 0.0321513 0
    outer loop
      vertex 55.4831 -0.517637 21.9319
      vertex 55.4831 -0.517637 103.068
      vertex 55.4872 -0.390181 103.038
    endloop
  endfacet
  facet normal -0.999465 0.0327191 0
    outer loop
      vertex 55.479 -0.642879 21.8939
      vertex 55.4831 -0.517637 103.068
      vertex 55.4831 -0.517637 21.9319
    endloop
  endfacet
  facet normal -0.999465 0.0327191 0
    outer loop
      vertex 55.479 -0.642879 21.8939
      vertex 55.479 -0.642879 103.106
      vertex 55.4831 -0.517637 103.068
    endloop
  endfacet
  facet normal -0.99944 0.0334539 0
    outer loop
      vertex 55.4749 -0.765367 21.8478
      vertex 55.479 -0.642879 103.106
      vertex 55.479 -0.642879 21.8939
    endloop
  endfacet
  facet normal -0.99944 0.0334539 0
    outer loop
      vertex 55.4749 -0.765367 21.8478
      vertex 55.4749 -0.765367 103.152
      vertex 55.479 -0.642879 103.106
    endloop
  endfacet
  facet normal -0.999465 0.0326979 0
    outer loop
      vertex 55.471 -0.884577 21.7937
      vertex 55.4749 -0.765367 103.152
      vertex 55.4749 -0.765367 21.8478
    endloop
  endfacet
  facet normal -0.999465 0.0326979 0
    outer loop
      vertex 55.471 -0.884577 21.7937
      vertex 55.471 -0.884577 103.206
      vertex 55.4749 -0.765367 103.152
    endloop
  endfacet
  facet normal -0.999487 0.0320395 0
    outer loop
      vertex 55.4673 -1 21.732
      vertex 55.471 -0.884577 103.206
      vertex 55.471 -0.884577 21.7937
    endloop
  endfacet
  facet normal -0.999487 0.0320395 0
    outer loop
      vertex 55.4673 -1 21.732
      vertex 55.4673 -1 103.268
      vertex 55.471 -0.884577 103.206
    endloop
  endfacet
  facet normal -0.999446 0.0332729 0
    outer loop
      vertex 55.4636 -1.11114 21.6629
      vertex 55.4673 -1 103.268
      vertex 55.4673 -1 21.732
    endloop
  endfacet
  facet normal -0.999446 0.0332729 0
    outer loop
      vertex 55.4636 -1.11114 21.6629
      vertex 55.4636 -1.11114 103.337
      vertex 55.4673 -1 103.268
    endloop
  endfacet
  facet normal -0.999459 0.0328831 0
    outer loop
      vertex 55.4601 -1.21752 21.5867
      vertex 55.4636 -1.11114 103.337
      vertex 55.4636 -1.11114 21.6629
    endloop
  endfacet
  facet normal -0.999459 0.0328831 0
    outer loop
      vertex 55.4601 -1.21752 21.5867
      vertex 55.4601 -1.21752 103.413
      vertex 55.4636 -1.11114 103.337
    endloop
  endfacet
  facet normal -0.999468 0.032601 0
    outer loop
      vertex 55.4568 -1.31869 21.5037
      vertex 55.4601 -1.21752 103.413
      vertex 55.4601 -1.21752 21.5867
    endloop
  endfacet
  facet normal -0.999468 0.032601 0
    outer loop
      vertex 55.4568 -1.31869 21.5037
      vertex 55.4568 -1.31869 103.496
      vertex 55.4601 -1.21752 103.413
    endloop
  endfacet
  facet normal -0.999474 0.0324369 0
    outer loop
      vertex 55.4537 -1.41421 21.4142
      vertex 55.4568 -1.31869 103.496
      vertex 55.4568 -1.31869 21.5037
    endloop
  endfacet
  facet normal -0.999474 0.0324369 0
    outer loop
      vertex 55.4537 -1.41421 21.4142
      vertex 55.4537 -1.41421 103.586
      vertex 55.4568 -1.31869 103.496
    endloop
  endfacet
  facet normal -0.999475 0.0323961 0
    outer loop
      vertex 55.4508 -1.50368 21.3187
      vertex 55.4537 -1.41421 103.586
      vertex 55.4537 -1.41421 21.4142
    endloop
  endfacet
  facet normal -0.999475 0.0323961 0
    outer loop
      vertex 55.4508 -1.50368 21.3187
      vertex 55.4508 -1.50368 103.681
      vertex 55.4537 -1.41421 103.586
    endloop
  endfacet
  facet normal -0.999472 0.0325012 0
    outer loop
      vertex 55.4481 -1.58671 21.2175
      vertex 55.4508 -1.50368 103.681
      vertex 55.4508 -1.50368 21.3187
    endloop
  endfacet
  facet normal -0.999472 0.0325012 0
    outer loop
      vertex 55.4481 -1.58671 21.2175
      vertex 55.4481 -1.58671 103.782
      vertex 55.4508 -1.50368 103.681
    endloop
  endfacet
  facet normal -0.999463 0.0327779 0
    outer loop
      vertex 55.4456 -1.66294 21.1111
      vertex 55.4481 -1.58671 103.782
      vertex 55.4481 -1.58671 21.2175
    endloop
  endfacet
  facet normal -0.999463 0.0327779 0
    outer loop
      vertex 55.4456 -1.66294 21.1111
      vertex 55.4456 -1.66294 103.889
      vertex 55.4481 -1.58671 103.782
    endloop
  endfacet
  facet normal -0.999447 0.0332619 0
    outer loop
      vertex 55.4433 -1.73205 21
      vertex 55.4456 -1.66294 103.889
      vertex 55.4456 -1.66294 21.1111
    endloop
  endfacet
  facet normal -0.999447 0.0332619 0
    outer loop
      vertex 55.4433 -1.73205 21
      vertex 55.4433 -1.73205 104
      vertex 55.4456 -1.66294 103.889
    endloop
  endfacet
  facet normal -0.999475 0.0323979 0
    outer loop
      vertex 55.4413 -1.79375 20.8846
      vertex 55.4433 -1.73205 104
      vertex 55.4433 -1.73205 21
    endloop
  endfacet
  facet normal -0.999475 0.0323979 0
    outer loop
      vertex 55.4413 -1.79375 20.8846
      vertex 55.4413 -1.79375 104.115
      vertex 55.4433 -1.73205 104
    endloop
  endfacet
  facet normal -0.999445 0.0333087 0
    outer loop
      vertex 55.4395 -1.84776 20.7654
      vertex 55.4413 -1.79375 104.115
      vertex 55.4413 -1.79375 20.8846
    endloop
  endfacet
  facet normal -0.999445 0.0333087 0
    outer loop
      vertex 55.4395 -1.84776 20.7654
      vertex 55.4395 -1.84776 104.235
      vertex 55.4413 -1.79375 104.115
    endloop
  endfacet
  facet normal -0.999471 0.0325208 0
    outer loop
      vertex 55.438 -1.89386 20.6429
      vertex 55.4395 -1.84776 104.235
      vertex 55.4395 -1.84776 20.7654
    endloop
  endfacet
  facet normal -0.999471 0.0325208 0
    outer loop
      vertex 55.438 -1.89386 20.6429
      vertex 55.438 -1.89386 104.357
      vertex 55.4395 -1.84776 104.235
    endloop
  endfacet
  facet normal -0.999501 0.0315715 0
    outer loop
      vertex 55.4368 -1.93185 20.5176
      vertex 55.438 -1.89386 104.357
      vertex 55.438 -1.89386 20.6429
    endloop
  endfacet
  facet normal -0.999501 0.0315715 0
    outer loop
      vertex 55.4368 -1.93185 20.5176
      vertex 55.4368 -1.93185 104.482
      vertex 55.438 -1.89386 104.357
    endloop
  endfacet
  facet normal -0.999434 0.0336283 0
    outer loop
      vertex 55.4358 -1.96157 20.3902
      vertex 55.4368 -1.93185 104.482
      vertex 55.4368 -1.93185 20.5176
    endloop
  endfacet
  facet normal -0.999434 0.0336283 0
    outer loop
      vertex 55.4358 -1.96157 20.3902
      vertex 55.4358 -1.96157 104.61
      vertex 55.4368 -1.93185 104.482
    endloop
  endfacet
  facet normal -0.999461 0.0328153 0
    outer loop
      vertex 55.4351 -1.98289 20.2611
      vertex 55.4358 -1.96157 104.61
      vertex 55.4358 -1.96157 20.3902
    endloop
  endfacet
  facet normal -0.999461 0.0328153 0
    outer loop
      vertex 55.4351 -1.98289 20.2611
      vertex 55.4351 -1.98289 104.739
      vertex 55.4358 -1.96157 104.61
    endloop
  endfacet
  facet normal -0.999514 0.0311618 0
    outer loop
      vertex 55.4347 -1.99572 20.1308
      vertex 55.4351 -1.98289 104.739
      vertex 55.4351 -1.98289 20.2611
    endloop
  endfacet
  facet normal -0.999514 0.0311618 0
    outer loop
      vertex 55.4347 -1.99572 20.1308
      vertex 55.4347 -1.99572 104.869
      vertex 55.4351 -1.98289 104.739
    endloop
  endfacet
  facet normal -0.999729 0.0232848 0.00076672
    outer loop
      vertex 55.3812 -3.62987 0
      vertex 55.4347 -1.99572 20.1308
      vertex 55.4345 -2 20
    endloop
  endfacet
  facet normal -0.999465 0.0327212 0
    outer loop
      vertex 55.4347 -1.99572 20.1308
      vertex 55.3812 -3.62987 0
      vertex 55.4347 -1.99572 104.869
    endloop
  endfacet
  facet normal -0.99946 0.0328554 0
    outer loop
      vertex 55.4957 -0.130806 106.996
      vertex 55.5 0 125
      vertex 55.5 0 107
    endloop
  endfacet
  facet normal -0.99948 0.0322295 4.55225e-06
    outer loop
      vertex 55.4915 -0.261052 106.983
      vertex 55.5 0 125
      vertex 55.4957 -0.130806 106.996
    endloop
  endfacet
  facet normal -0.999446 0.0332833 -1.07337e-05
    outer loop
      vertex 55.4872 -0.390181 106.962
      vertex 55.5 0 125
      vertex 55.4915 -0.261052 106.983
    endloop
  endfacet
  facet normal -0.999482 0.0321737 -9.49375e-05
    outer loop
      vertex 55.3812 -3.62987 125
      vertex 55.4872 -0.390181 106.962
      vertex 55.4831 -0.517637 106.932
    endloop
  endfacet
  facet normal -0.999465 0.0327193 -8.41374e-07
    outer loop
      vertex 55.3812 -3.62987 125
      vertex 55.4831 -0.517637 106.932
      vertex 55.479 -0.642879 106.894
    endloop
  endfacet
  facet normal -0.999442 0.0334114 0.000113447
    outer loop
      vertex 55.3812 -3.62987 125
      vertex 55.479 -0.642879 106.894
      vertex 55.4749 -0.765367 106.848
    endloop
  endfacet
  facet normal -0.999465 0.0326976 6.83112e-07
    outer loop
      vertex 55.3812 -3.62987 125
      vertex 55.4749 -0.765367 106.848
      vertex 55.471 -0.884577 106.794
    endloop
  endfacet
  facet normal -0.999485 0.0320885 -9.12549e-05
    outer loop
      vertex 55.3812 -3.62987 125
      vertex 55.471 -0.884577 106.794
      vertex 55.4673 -1 106.732
    endloop
  endfacet
  facet normal -0.999448 0.0332277 7.29172e-05
    outer loop
      vertex 55.3812 -3.62987 125
      vertex 55.4673 -1 106.732
      vertex 55.4636 -1.11114 106.663
    endloop
  endfacet
  facet normal -0.99946 0.0328665 2.32556e-05
    outer loop
      vertex 55.3812 -3.62987 125
      vertex 55.4636 -1.11114 106.663
      vertex 55.4601 -1.21752 106.587
    endloop
  endfacet
  facet normal -0.999468 0.0326096 -1.04439e-05
    outer loop
      vertex 55.3812 -3.62987 125
      vertex 55.4601 -1.21752 106.587
      vertex 55.4568 -1.31869 106.504
    endloop
  endfacet
  facet normal -0.999473 0.0324638 -2.86742e-05
    outer loop
      vertex 55.3812 -3.62987 125
      vertex 55.4568 -1.31869 106.504
      vertex 55.4537 -1.41421 106.414
    endloop
  endfacet
  facet normal -0.999474 0.0324307 -3.26303e-05
    outer loop
      vertex 55.3812 -3.62987 125
      vertex 55.4537 -1.41421 106.414
      vertex 55.4508 -1.50368 106.319
    endloop
  endfacet
  facet normal -0.999471 0.0325274 -2.16073e-05
    outer loop
      vertex 55.3812 -3.62987 125
      vertex 55.4508 -1.50368 106.319
      vertex 55.4481 -1.58671 106.218
    endloop
  endfacet
  facet normal -0.999463 0.032771 4.91323e-06
    outer loop
      vertex 55.3812 -3.62987 125
      vertex 55.4481 -1.58671 106.218
      vertex 55.4456 -1.66294 106.111
    endloop
  endfacet
  facet normal -0.999449 0.0331848 4.80491e-05
    outer loop
      vertex 55.3812 -3.62987 125
      vertex 55.4456 -1.66294 106.111
      vertex 55.4433 -1.73205 106
    endloop
  endfacet
  facet normal -0.999473 0.032446 -2.58251e-05
    outer loop
      vertex 55.3812 -3.62987 125
      vertex 55.4433 -1.73205 106
      vertex 55.4413 -1.79375 105.885
    endloop
  endfacet
  facet normal -0.999449 0.0332042 4.70829e-05
    outer loop
      vertex 55.3812 -3.62987 125
      vertex 55.4413 -1.79375 105.885
      vertex 55.4395 -1.84776 105.765
    endloop
  endfacet
  facet normal -0.99947 0.0325554 -1.30936e-05
    outer loop
      vertex 55.3812 -3.62987 125
      vertex 55.4395 -1.84776 105.765
      vertex 55.438 -1.89386 105.643
    endloop
  endfacet
  facet normal -0.999493 0.0318289 -7.83119e-05
    outer loop
      vertex 55.3812 -3.62987 125
      vertex 55.438 -1.89386 105.643
      vertex 55.4368 -1.93185 105.518
    endloop
  endfacet
  facet normal -0.999443 0.0333822 5.72142e-05
    outer loop
      vertex 55.3812 -3.62987 125
      vertex 55.4368 -1.93185 105.518
      vertex 55.4358 -1.96157 105.39
    endloop
  endfacet
  facet normal -0.999463 0.0327797 5.89928e-06
    outer loop
      vertex 55.3812 -3.62987 125
      vertex 55.4358 -1.96157 105.39
      vertex 55.4351 -1.98289 105.261
    endloop
  endfacet
  facet normal -0.999465 0.0327109 1.66131e-06
    outer loop
      vertex 55.4872 -0.390181 106.962
      vertex 55.3812 -3.62987 125
      vertex 55.5 0 125
    endloop
  endfacet
  facet normal -0.999492 0.0318707 -7.00284e-05
    outer loop
      vertex 55.4347 -1.99572 105.131
      vertex 55.3812 -3.62987 125
      vertex 55.4351 -1.98289 105.261
    endloop
  endfacet
  facet normal -0.999327 0.0366915 0.000326914
    outer loop
      vertex 55.4345 -2 105
      vertex 55.3812 -3.62987 125
      vertex 55.4347 -1.99572 105.131
    endloop
  endfacet
  facet normal -0.999728 0.0233087 -0.000764765
    outer loop
      vertex 55.4347 -1.99572 104.869
      vertex 55.3812 -3.62987 125
      vertex 55.4345 -2 105
    endloop
  endfacet
  facet normal -0.956937 -0.290297 0
    outer loop
      vertex 53.6089 14.3645 0
      vertex 52.5546 17.8399 125
      vertex 52.5546 17.8399 0
    endloop
  endfacet
  facet normal -0.956937 -0.290297 0
    outer loop
      vertex 52.5546 17.8399 125
      vertex 53.6089 14.3645 0
      vertex 53.6089 14.3645 125
    endloop
  endfacet
  facet normal -0.729857 -0.683599 0
    outer loop
      vertex 41.7271 36.5937 0
      vertex 39.2444 39.2444 125
      vertex 39.2444 39.2444 0
    endloop
  endfacet
  facet normal -0.729857 -0.683599 0
    outer loop
      vertex 39.2444 39.2444 125
      vertex 41.7271 36.5937 0
      vertex 41.7271 36.5937 125
    endloop
  endfacet
  facet normal 0.683599 0.729857 -0
    outer loop
      vertex -36.5937 -41.7271 0
      vertex -39.2444 -39.2444 125
      vertex -36.5937 -41.7271 125
    endloop
  endfacet
  facet normal 0.683599 0.729857 0
    outer loop
      vertex -39.2444 -39.2444 125
      vertex -36.5937 -41.7271 0
      vertex -39.2444 -39.2444 0
    endloop
  endfacet
  facet normal 0.582475 -0.812849 0
    outer loop
      vertex -33.7863 44.0311 0
      vertex -30.8341 46.1466 125
      vertex -33.7863 44.0311 125
    endloop
  endfacet
  facet normal 0.582475 -0.812849 0
    outer loop
      vertex -30.8341 46.1466 125
      vertex -33.7863 44.0311 0
      vertex -30.8341 46.1466 0
    endloop
  endfacet
  facet normal -0.683599 0.729857 0
    outer loop
      vertex 39.2444 -39.2444 0
      vertex 36.5937 -41.7271 125
      vertex 39.2444 -39.2444 125
    endloop
  endfacet
  facet normal -0.683599 0.729857 0
    outer loop
      vertex 36.5937 -41.7271 125
      vertex 39.2444 -39.2444 0
      vertex 36.5937 -41.7271 0
    endloop
  endfacet
  facet normal 0.973878 0.227073 0
    outer loop
      vertex -53.6089 -14.3645 125
      vertex -54.4336 -10.8275 0
      vertex -54.4336 -10.8275 125
    endloop
  endfacet
  facet normal 0.973878 0.227073 0
    outer loop
      vertex -54.4336 -10.8275 0
      vertex -53.6089 -14.3645 125
      vertex -53.6089 -14.3645 0
    endloop
  endfacet
  facet normal 0.986644 0.162894 0
    outer loop
      vertex -54.4336 -10.8275 125
      vertex -55.0252 -7.2442 0
      vertex -55.0252 -7.2442 125
    endloop
  endfacet
  facet normal 0.986644 0.162894 0
    outer loop
      vertex -55.0252 -7.2442 0
      vertex -54.4336 -10.8275 125
      vertex -54.4336 -10.8275 0
    endloop
  endfacet
  facet normal -0.881926 -0.471388 0
    outer loop
      vertex 49.7764 24.547 0
      vertex 48.0644 27.75 125
      vertex 48.0644 27.75 0
    endloop
  endfacet
  facet normal -0.881926 -0.471388 0
    outer loop
      vertex 48.0644 27.75 125
      vertex 49.7764 24.547 0
      vertex 49.7764 24.547 125
    endloop
  endfacet
  facet normal 0.995184 0.0980225 0
    outer loop
      vertex -55.0252 -7.2442 125
      vertex -55.3812 -3.62987 0
      vertex -55.3812 -3.62987 125
    endloop
  endfacet
  facet normal 0.995184 0.0980225 0
    outer loop
      vertex -55.3812 -3.62987 0
      vertex -55.0252 -7.2442 125
      vertex -55.0252 -7.2442 0
    endloop
  endfacet
  facet normal -0.729857 0.683599 0
    outer loop
      vertex 39.2444 -39.2444 0
      vertex 41.7271 -36.5937 125
      vertex 41.7271 -36.5937 0
    endloop
  endfacet
  facet normal -0.729857 0.683599 0
    outer loop
      vertex 41.7271 -36.5937 125
      vertex 39.2444 -39.2444 0
      vertex 39.2444 -39.2444 125
    endloop
  endfacet
  facet normal -0.528065 -0.849204 0
    outer loop
      vertex 27.75 48.0644 0
      vertex 30.8341 46.1466 125
      vertex 27.75 48.0644 125
    endloop
  endfacet
  facet normal -0.528065 -0.849204 -0
    outer loop
      vertex 30.8341 46.1466 125
      vertex 27.75 48.0644 0
      vertex 30.8341 46.1466 0
    endloop
  endfacet
  facet normal -0.352252 0.935905 0
    outer loop
      vertex 21.2389 -51.2753 0
      vertex 17.8399 -52.5546 125
      vertex 21.2389 -51.2753 125
    endloop
  endfacet
  facet normal -0.352252 0.935905 0
    outer loop
      vertex 17.8399 -52.5546 125
      vertex 21.2389 -51.2753 0
      vertex 17.8399 -52.5546 0
    endloop
  endfacet
  facet normal 0.162894 0.986644 -0
    outer loop
      vertex -7.2442 -55.0252 0
      vertex -10.8275 -54.4336 125
      vertex -7.2442 -55.0252 125
    endloop
  endfacet
  facet normal 0.162894 0.986644 0
    outer loop
      vertex -10.8275 -54.4336 125
      vertex -7.2442 -55.0252 0
      vertex -10.8275 -54.4336 0
    endloop
  endfacet
  facet normal 0.0327109 0.999465 -0
    outer loop
      vertex 0 -55.5 0
      vertex -3.62987 -55.3812 125
      vertex 0 -55.5 125
    endloop
  endfacet
  facet normal 0.0327109 0.999465 0
    outer loop
      vertex -3.62987 -55.3812 125
      vertex 0 -55.5 0
      vertex -3.62987 -55.3812 0
    endloop
  endfacet
  facet normal 0.956937 0.290297 0
    outer loop
      vertex -52.5546 -17.8399 125
      vertex -53.6089 -14.3645 0
      vertex -53.6089 -14.3645 125
    endloop
  endfacet
  facet normal 0.956937 0.290297 0
    outer loop
      vertex -53.6089 -14.3645 0
      vertex -52.5546 -17.8399 125
      vertex -52.5546 -17.8399 0
    endloop
  endfacet
  facet normal -0.471388 -0.881926 0
    outer loop
      vertex 24.547 49.7764 0
      vertex 27.75 48.0644 125
      vertex 24.547 49.7764 125
    endloop
  endfacet
  facet normal -0.471388 -0.881926 -0
    outer loop
      vertex 27.75 48.0644 125
      vertex 24.547 49.7764 0
      vertex 27.75 48.0644 0
    endloop
  endfacet
  facet normal 0.634398 0.773007 -0
    outer loop
      vertex -33.7863 -44.0311 0
      vertex -36.5937 -41.7271 125
      vertex -33.7863 -44.0311 125
    endloop
  endfacet
  facet normal 0.634398 0.773007 0
    outer loop
      vertex -36.5937 -41.7271 125
      vertex -33.7863 -44.0311 0
      vertex -36.5937 -41.7271 0
    endloop
  endfacet
  facet normal 0.999465 0.0327109 0
    outer loop
      vertex -55.3812 -3.62987 125
      vertex -55.5 0 0
      vertex -55.5 0 125
    endloop
  endfacet
  facet normal 0.999465 0.0327109 0
    outer loop
      vertex -55.5 0 0
      vertex -55.3812 -3.62987 125
      vertex -55.3812 -3.62987 0
    endloop
  endfacet
  facet normal -0.471388 0.881926 0
    outer loop
      vertex 27.75 -48.0644 0
      vertex 24.547 -49.7764 125
      vertex 27.75 -48.0644 125
    endloop
  endfacet
  facet normal -0.471388 0.881926 0
    outer loop
      vertex 24.547 -49.7764 125
      vertex 27.75 -48.0644 0
      vertex 24.547 -49.7764 0
    endloop
  endfacet
  facet normal -0.528065 0.849204 0
    outer loop
      vertex 30.8341 -46.1466 0
      vertex 27.75 -48.0644 125
      vertex 30.8341 -46.1466 125
    endloop
  endfacet
  facet normal -0.528065 0.849204 0
    outer loop
      vertex 27.75 -48.0644 125
      vertex 30.8341 -46.1466 0
      vertex 27.75 -48.0644 0
    endloop
  endfacet
  facet normal 0.812849 0.582475 0
    outer loop
      vertex -44.0311 -33.7863 125
      vertex -46.1466 -30.8341 0
      vertex -46.1466 -30.8341 125
    endloop
  endfacet
  facet normal 0.812849 0.582475 0
    outer loop
      vertex -46.1466 -30.8341 0
      vertex -44.0311 -33.7863 125
      vertex -44.0311 -33.7863 0
    endloop
  endfacet
  facet normal -0.935905 -0.352252 0
    outer loop
      vertex 52.5546 17.8399 0
      vertex 51.2753 21.2389 125
      vertex 51.2753 21.2389 0
    endloop
  endfacet
  facet normal -0.935905 -0.352252 0
    outer loop
      vertex 51.2753 21.2389 125
      vertex 52.5546 17.8399 0
      vertex 52.5546 17.8399 125
    endloop
  endfacet
  facet normal -0.683599 -0.729857 0
    outer loop
      vertex 36.5937 41.7271 0
      vertex 39.2444 39.2444 125
      vertex 36.5937 41.7271 125
    endloop
  endfacet
  facet normal -0.683599 -0.729857 -0
    outer loop
      vertex 39.2444 39.2444 125
      vertex 36.5937 41.7271 0
      vertex 39.2444 39.2444 0
    endloop
  endfacet
  facet normal 0.849204 0.528065 0
    outer loop
      vertex -46.1466 -30.8341 125
      vertex -48.0644 -27.75 0
      vertex -48.0644 -27.75 125
    endloop
  endfacet
  facet normal 0.849204 0.528065 0
    outer loop
      vertex -48.0644 -27.75 0
      vertex -46.1466 -30.8341 125
      vertex -46.1466 -30.8341 0
    endloop
  endfacet
  facet normal -0.0980225 0.995184 0
    outer loop
      vertex 7.2442 -55.0252 0
      vertex 3.62987 -55.3812 125
      vertex 7.2442 -55.0252 125
    endloop
  endfacet
  facet normal -0.0980225 0.995184 0
    outer loop
      vertex 3.62987 -55.3812 125
      vertex 7.2442 -55.0252 0
      vertex 3.62987 -55.3812 0
    endloop
  endfacet
  facet normal -0.634398 -0.773007 0
    outer loop
      vertex 33.7863 44.0311 0
      vertex 36.5937 41.7271 125
      vertex 33.7863 44.0311 125
    endloop
  endfacet
  facet normal -0.634398 -0.773007 -0
    outer loop
      vertex 36.5937 41.7271 125
      vertex 33.7863 44.0311 0
      vertex 36.5937 41.7271 0
    endloop
  endfacet
  facet normal -0.986644 -0.162894 0
    outer loop
      vertex 55.0252 7.2442 0
      vertex 54.4336 10.8275 125
      vertex 54.4336 10.8275 0
    endloop
  endfacet
  facet normal -0.986644 -0.162894 0
    outer loop
      vertex 54.4336 10.8275 125
      vertex 55.0252 7.2442 0
      vertex 55.0252 7.2442 125
    endloop
  endfacet
  facet normal -0.973878 0.227073 0
    outer loop
      vertex 53.6089 -14.3645 0
      vertex 54.4336 -10.8275 125
      vertex 54.4336 -10.8275 0
    endloop
  endfacet
  facet normal -0.973878 0.227073 0
    outer loop
      vertex 54.4336 -10.8275 125
      vertex 53.6089 -14.3645 0
      vertex 53.6089 -14.3645 125
    endloop
  endfacet
  facet normal 0.227073 -0.973878 0
    outer loop
      vertex -14.3645 53.6089 0
      vertex -10.8275 54.4336 125
      vertex -14.3645 53.6089 125
    endloop
  endfacet
  facet normal 0.227073 -0.973878 0
    outer loop
      vertex -10.8275 54.4336 125
      vertex -14.3645 53.6089 0
      vertex -10.8275 54.4336 0
    endloop
  endfacet
  facet normal -0.995184 0.0980225 0
    outer loop
      vertex 55.0252 -7.2442 0
      vertex 55.3812 -3.62987 125
      vertex 55.3812 -3.62987 0
    endloop
  endfacet
  facet normal -0.995184 0.0980225 0
    outer loop
      vertex 55.3812 -3.62987 125
      vertex 55.0252 -7.2442 0
      vertex 55.0252 -7.2442 125
    endloop
  endfacet
  facet normal 0.995184 -0.0980225 0
    outer loop
      vertex -55.3812 3.62987 125
      vertex -55.0252 7.2442 0
      vertex -55.0252 7.2442 125
    endloop
  endfacet
  facet normal 0.995184 -0.0980225 0
    outer loop
      vertex -55.0252 7.2442 0
      vertex -55.3812 3.62987 125
      vertex -55.3812 3.62987 0
    endloop
  endfacet
  facet normal 0.634398 -0.773007 0
    outer loop
      vertex -36.5937 41.7271 0
      vertex -33.7863 44.0311 125
      vertex -36.5937 41.7271 125
    endloop
  endfacet
  facet normal 0.634398 -0.773007 0
    outer loop
      vertex -33.7863 44.0311 125
      vertex -36.5937 41.7271 0
      vertex -33.7863 44.0311 0
    endloop
  endfacet
  facet normal 0.729857 -0.683599 0
    outer loop
      vertex -41.7271 36.5937 125
      vertex -39.2444 39.2444 0
      vertex -39.2444 39.2444 125
    endloop
  endfacet
  facet normal 0.729857 -0.683599 0
    outer loop
      vertex -39.2444 39.2444 0
      vertex -41.7271 36.5937 125
      vertex -41.7271 36.5937 0
    endloop
  endfacet
  facet normal 0.0980225 -0.995184 0
    outer loop
      vertex -7.2442 55.0252 0
      vertex -3.62987 55.3812 125
      vertex -7.2442 55.0252 125
    endloop
  endfacet
  facet normal 0.0980225 -0.995184 0
    outer loop
      vertex -3.62987 55.3812 125
      vertex -7.2442 55.0252 0
      vertex -3.62987 55.3812 0
    endloop
  endfacet
  facet normal -0.812849 -0.582475 0
    outer loop
      vertex 46.1466 30.8341 0
      vertex 44.0311 33.7863 125
      vertex 44.0311 33.7863 0
    endloop
  endfacet
  facet normal -0.812849 -0.582475 0
    outer loop
      vertex 44.0311 33.7863 125
      vertex 46.1466 30.8341 0
      vertex 46.1466 30.8341 125
    endloop
  endfacet
  facet normal 0.986644 -0.162894 0
    outer loop
      vertex -55.0252 7.2442 125
      vertex -54.4336 10.8275 0
      vertex -54.4336 10.8275 125
    endloop
  endfacet
  facet normal 0.986644 -0.162894 0
    outer loop
      vertex -54.4336 10.8275 0
      vertex -55.0252 7.2442 125
      vertex -55.0252 7.2442 0
    endloop
  endfacet
  facet normal 0.528065 -0.849204 0
    outer loop
      vertex -30.8341 46.1466 0
      vertex -27.75 48.0644 125
      vertex -30.8341 46.1466 125
    endloop
  endfacet
  facet normal 0.528065 -0.849204 0
    outer loop
      vertex -27.75 48.0644 125
      vertex -30.8341 46.1466 0
      vertex -27.75 48.0644 0
    endloop
  endfacet
  facet normal -0.290297 0.956937 0
    outer loop
      vertex 17.8399 -52.5546 0
      vertex 14.3645 -53.6089 125
      vertex 17.8399 -52.5546 125
    endloop
  endfacet
  facet normal -0.290297 0.956937 0
    outer loop
      vertex 14.3645 -53.6089 125
      vertex 17.8399 -52.5546 0
      vertex 14.3645 -53.6089 0
    endloop
  endfacet
  facet normal -0.910862 -0.412711 0
    outer loop
      vertex 51.2753 21.2389 0
      vertex 49.7764 24.547 125
      vertex 49.7764 24.547 0
    endloop
  endfacet
  facet normal -0.910862 -0.412711 0
    outer loop
      vertex 49.7764 24.547 125
      vertex 51.2753 21.2389 0
      vertex 51.2753 21.2389 125
    endloop
  endfacet
  facet normal 0.773007 -0.634398 0
    outer loop
      vertex -44.0311 33.7863 125
      vertex -41.7271 36.5937 0
      vertex -41.7271 36.5937 125
    endloop
  endfacet
  facet normal 0.773007 -0.634398 0
    outer loop
      vertex -41.7271 36.5937 0
      vertex -44.0311 33.7863 125
      vertex -44.0311 33.7863 0
    endloop
  endfacet
  facet normal 0.471388 0.881926 -0
    outer loop
      vertex -24.547 -49.7764 0
      vertex -27.75 -48.0644 125
      vertex -24.547 -49.7764 125
    endloop
  endfacet
  facet normal 0.471388 0.881926 0
    outer loop
      vertex -27.75 -48.0644 125
      vertex -24.547 -49.7764 0
      vertex -27.75 -48.0644 0
    endloop
  endfacet
  facet normal 0.910862 0.412711 0
    outer loop
      vertex -49.7764 -24.547 125
      vertex -51.2753 -21.2389 0
      vertex -51.2753 -21.2389 125
    endloop
  endfacet
  facet normal 0.910862 0.412711 0
    outer loop
      vertex -51.2753 -21.2389 0
      vertex -49.7764 -24.547 125
      vertex -49.7764 -24.547 0
    endloop
  endfacet
  facet normal -0.0980225 -0.995184 0
    outer loop
      vertex 3.62987 55.3812 0
      vertex 7.2442 55.0252 125
      vertex 3.62987 55.3812 125
    endloop
  endfacet
  facet normal -0.0980225 -0.995184 -0
    outer loop
      vertex 7.2442 55.0252 125
      vertex 3.62987 55.3812 0
      vertex 7.2442 55.0252 0
    endloop
  endfacet
  facet normal 0.683599 -0.729857 0
    outer loop
      vertex -39.2444 39.2444 0
      vertex -36.5937 41.7271 125
      vertex -39.2444 39.2444 125
    endloop
  endfacet
  facet normal 0.683599 -0.729857 0
    outer loop
      vertex -36.5937 41.7271 125
      vertex -39.2444 39.2444 0
      vertex -36.5937 41.7271 0
    endloop
  endfacet
  facet normal 0.582475 0.812849 -0
    outer loop
      vertex -30.8341 -46.1466 0
      vertex -33.7863 -44.0311 125
      vertex -30.8341 -46.1466 125
    endloop
  endfacet
  facet normal 0.582475 0.812849 0
    outer loop
      vertex -33.7863 -44.0311 125
      vertex -30.8341 -46.1466 0
      vertex -33.7863 -44.0311 0
    endloop
  endfacet
  facet normal -0.986644 0.162894 0
    outer loop
      vertex 54.4336 -10.8275 0
      vertex 55.0252 -7.2442 125
      vertex 55.0252 -7.2442 0
    endloop
  endfacet
  facet normal -0.986644 0.162894 0
    outer loop
      vertex 55.0252 -7.2442 125
      vertex 54.4336 -10.8275 0
      vertex 54.4336 -10.8275 125
    endloop
  endfacet
  facet normal 0.881926 0.471388 0
    outer loop
      vertex -48.0644 -27.75 125
      vertex -49.7764 -24.547 0
      vertex -49.7764 -24.547 125
    endloop
  endfacet
  facet normal 0.881926 0.471388 0
    outer loop
      vertex -49.7764 -24.547 0
      vertex -48.0644 -27.75 125
      vertex -48.0644 -27.75 0
    endloop
  endfacet
  facet normal -0.290297 -0.956937 0
    outer loop
      vertex 14.3645 53.6089 0
      vertex 17.8399 52.5546 125
      vertex 14.3645 53.6089 125
    endloop
  endfacet
  facet normal -0.290297 -0.956937 -0
    outer loop
      vertex 17.8399 52.5546 125
      vertex 14.3645 53.6089 0
      vertex 17.8399 52.5546 0
    endloop
  endfacet
  facet normal 0.0327109 -0.999465 0
    outer loop
      vertex -3.62987 55.3812 0
      vertex 0 55.5 125
      vertex -3.62987 55.3812 125
    endloop
  endfacet
  facet normal 0.0327109 -0.999465 0
    outer loop
      vertex 0 55.5 125
      vertex -3.62987 55.3812 0
      vertex 0 55.5 0
    endloop
  endfacet
  facet normal 0.729857 0.683599 0
    outer loop
      vertex -39.2444 -39.2444 125
      vertex -41.7271 -36.5937 0
      vertex -41.7271 -36.5937 125
    endloop
  endfacet
  facet normal 0.729857 0.683599 0
    outer loop
      vertex -41.7271 -36.5937 0
      vertex -39.2444 -39.2444 125
      vertex -39.2444 -39.2444 0
    endloop
  endfacet
  facet normal 0.812849 -0.582475 0
    outer loop
      vertex -46.1466 30.8341 125
      vertex -44.0311 33.7863 0
      vertex -44.0311 33.7863 125
    endloop
  endfacet
  facet normal 0.812849 -0.582475 0
    outer loop
      vertex -44.0311 33.7863 0
      vertex -46.1466 30.8341 125
      vertex -46.1466 30.8341 0
    endloop
  endfacet
  facet normal 0.773007 0.634398 0
    outer loop
      vertex -41.7271 -36.5937 125
      vertex -44.0311 -33.7863 0
      vertex -44.0311 -33.7863 125
    endloop
  endfacet
  facet normal 0.773007 0.634398 0
    outer loop
      vertex -44.0311 -33.7863 0
      vertex -41.7271 -36.5937 125
      vertex -41.7271 -36.5937 0
    endloop
  endfacet
  facet normal -0.582475 0.812849 0
    outer loop
      vertex 33.7863 -44.0311 0
      vertex 30.8341 -46.1466 125
      vertex 33.7863 -44.0311 125
    endloop
  endfacet
  facet normal -0.582475 0.812849 0
    outer loop
      vertex 30.8341 -46.1466 125
      vertex 33.7863 -44.0311 0
      vertex 30.8341 -46.1466 0
    endloop
  endfacet
  facet normal 0.910862 -0.412711 0
    outer loop
      vertex -51.2753 21.2389 125
      vertex -49.7764 24.547 0
      vertex -49.7764 24.547 125
    endloop
  endfacet
  facet normal 0.910862 -0.412711 0
    outer loop
      vertex -49.7764 24.547 0
      vertex -51.2753 21.2389 125
      vertex -51.2753 21.2389 0
    endloop
  endfacet
  facet normal 0.881926 -0.471388 0
    outer loop
      vertex -49.7764 24.547 125
      vertex -48.0644 27.75 0
      vertex -48.0644 27.75 125
    endloop
  endfacet
  facet normal 0.881926 -0.471388 0
    outer loop
      vertex -48.0644 27.75 0
      vertex -49.7764 24.547 125
      vertex -49.7764 24.547 0
    endloop
  endfacet
  facet normal 0.290297 0.956937 -0
    outer loop
      vertex -14.3645 -53.6089 0
      vertex -17.8399 -52.5546 125
      vertex -14.3645 -53.6089 125
    endloop
  endfacet
  facet normal 0.290297 0.956937 0
    outer loop
      vertex -17.8399 -52.5546 125
      vertex -14.3645 -53.6089 0
      vertex -17.8399 -52.5546 0
    endloop
  endfacet
  facet normal 0.528065 0.849204 -0
    outer loop
      vertex -27.75 -48.0644 0
      vertex -30.8341 -46.1466 125
      vertex -27.75 -48.0644 125
    endloop
  endfacet
  facet normal 0.528065 0.849204 0
    outer loop
      vertex -30.8341 -46.1466 125
      vertex -27.75 -48.0644 0
      vertex -30.8341 -46.1466 0
    endloop
  endfacet
  facet normal 0.999465 -0.0327109 0
    outer loop
      vertex -55.5 0 125
      vertex -55.3812 3.62987 0
      vertex -55.3812 3.62987 125
    endloop
  endfacet
  facet normal 0.999465 -0.0327109 0
    outer loop
      vertex -55.3812 3.62987 0
      vertex -55.5 0 125
      vertex -55.5 0 0
    endloop
  endfacet
  facet normal -0.227073 -0.973878 0
    outer loop
      vertex 10.8275 54.4336 0
      vertex 14.3645 53.6089 125
      vertex 10.8275 54.4336 125
    endloop
  endfacet
  facet normal -0.227073 -0.973878 -0
    outer loop
      vertex 14.3645 53.6089 125
      vertex 10.8275 54.4336 0
      vertex 14.3645 53.6089 0
    endloop
  endfacet
  facet normal -0.634398 0.773007 0
    outer loop
      vertex 36.5937 -41.7271 0
      vertex 33.7863 -44.0311 125
      vertex 36.5937 -41.7271 125
    endloop
  endfacet
  facet normal -0.634398 0.773007 0
    outer loop
      vertex 33.7863 -44.0311 125
      vertex 36.5937 -41.7271 0
      vertex 33.7863 -44.0311 0
    endloop
  endfacet
  facet normal 0.412711 0.910862 -0
    outer loop
      vertex -21.2389 -51.2753 0
      vertex -24.547 -49.7764 125
      vertex -21.2389 -51.2753 125
    endloop
  endfacet
  facet normal 0.412711 0.910862 0
    outer loop
      vertex -24.547 -49.7764 125
      vertex -21.2389 -51.2753 0
      vertex -24.547 -49.7764 0
    endloop
  endfacet
  facet normal 0 -0.956981 0.290149
    outer loop
      vertex 0 -1.93185 20.5176
      vertex 55.438 -1.89386 20.6429
      vertex 0 -1.89386 20.6429
    endloop
  endfacet
  facet normal 0 -0.956981 0.290149
    outer loop
      vertex 55.438 -1.89386 20.6429
      vertex 0 -1.93185 20.5176
      vertex 55.4368 -1.93185 20.5176
    endloop
  endfacet
  facet normal 0 -0.956981 0.290149
    outer loop
      vertex 64.9368 -1.93185 20.5176
      vertex 73 -1.89386 20.6429
      vertex 64.938 -1.89386 20.6429
    endloop
  endfacet
  facet normal 0 -0.956981 0.290149
    outer loop
      vertex 73 -1.89386 20.6429
      vertex 64.9368 -1.93185 20.5176
      vertex 73 -1.93185 20.5176
    endloop
  endfacet
  facet normal 0 -0.683738 0.729728
    outer loop
      vertex 0 -1.31869 21.5037
      vertex 55.4537 -1.41421 21.4142
      vertex 55.4568 -1.31869 21.5037
    endloop
  endfacet
  facet normal 0 -0.683738 0.729728
    outer loop
      vertex 55.4537 -1.41421 21.4142
      vertex 0 -1.31869 21.5037
      vertex 0 -1.41421 21.4142
    endloop
  endfacet
  facet normal 0 -0.683738 0.729728
    outer loop
      vertex 64.9568 -1.31869 21.5037
      vertex 73 -1.41421 21.4142
      vertex 73 -1.31869 21.5037
    endloop
  endfacet
  facet normal 0 -0.683738 0.729728
    outer loop
      vertex 73 -1.41421 21.4142
      vertex 64.9568 -1.31869 21.5037
      vertex 64.9537 -1.41421 21.4142
    endloop
  endfacet
  facet normal -1 0 0
    outer loop
      vertex 0 1.99572 19.8692
      vertex 0 1.99572 20.1308
      vertex 0 2 20
    endloop
  endfacet
  facet normal -1 0 0
    outer loop
      vertex 0 1.98289 19.7389
      vertex 0 1.99572 20.1308
      vertex 0 1.99572 19.8692
    endloop
  endfacet
  facet normal -1 0 0
    outer loop
      vertex 0 1.98289 19.7389
      vertex 0 1.98289 20.2611
      vertex 0 1.99572 20.1308
    endloop
  endfacet
  facet normal -1 0 0
    outer loop
      vertex 0 1.96157 19.6098
      vertex 0 1.98289 20.2611
      vertex 0 1.98289 19.7389
    endloop
  endfacet
  facet normal -1 0 0
    outer loop
      vertex 0 1.96157 19.6098
      vertex 0 1.96157 20.3902
      vertex 0 1.98289 20.2611
    endloop
  endfacet
  facet normal -1 0 0
    outer loop
      vertex 0 1.93185 19.4824
      vertex 0 1.96157 20.3902
      vertex 0 1.96157 19.6098
    endloop
  endfacet
  facet normal -1 0 0
    outer loop
      vertex 0 1.93185 19.4824
      vertex 0 1.93185 20.5176
      vertex 0 1.96157 20.3902
    endloop
  endfacet
  facet normal -1 0 0
    outer loop
      vertex 0 1.89386 19.3571
      vertex 0 1.93185 20.5176
      vertex 0 1.93185 19.4824
    endloop
  endfacet
  facet normal -1 0 0
    outer loop
      vertex 0 1.89386 19.3571
      vertex 0 1.89386 20.6429
      vertex 0 1.93185 20.5176
    endloop
  endfacet
  facet normal -1 0 0
    outer loop
      vertex 0 1.84776 19.2346
      vertex 0 1.89386 20.6429
      vertex 0 1.89386 19.3571
    endloop
  endfacet
  facet normal -1 0 0
    outer loop
      vertex 0 1.84776 19.2346
      vertex 0 1.84776 20.7654
      vertex 0 1.89386 20.6429
    endloop
  endfacet
  facet normal -1 0 0
    outer loop
      vertex 0 1.79375 19.1154
      vertex 0 1.84776 20.7654
      vertex 0 1.84776 19.2346
    endloop
  endfacet
  facet normal -1 0 0
    outer loop
      vertex 0 1.79375 19.1154
      vertex 0 1.79375 20.8846
      vertex 0 1.84776 20.7654
    endloop
  endfacet
  facet normal -1 0 0
    outer loop
      vertex 0 1.73205 19
      vertex 0 1.79375 20.8846
      vertex 0 1.79375 19.1154
    endloop
  endfacet
  facet normal -1 0 0
    outer loop
      vertex 0 1.73205 19
      vertex 0 1.73205 21
      vertex 0 1.79375 20.8846
    endloop
  endfacet
  facet normal -1 0 0
    outer loop
      vertex 0 1.66294 18.8889
      vertex 0 1.73205 21
      vertex 0 1.73205 19
    endloop
  endfacet
  facet normal -1 0 0
    outer loop
      vertex 0 1.66294 18.8889
      vertex 0 1.66294 21.1111
      vertex 0 1.73205 21
    endloop
  endfacet
  facet normal -1 0 0
    outer loop
      vertex 0 1.58671 18.7825
      vertex 0 1.66294 21.1111
      vertex 0 1.66294 18.8889
    endloop
  endfacet
  facet normal -1 0 0
    outer loop
      vertex 0 1.58671 18.7825
      vertex 0 1.58671 21.2175
      vertex 0 1.66294 21.1111
    endloop
  endfacet
  facet normal -1 0 0
    outer loop
      vertex 0 1.50368 18.6813
      vertex 0 1.58671 21.2175
      vertex 0 1.58671 18.7825
    endloop
  endfacet
  facet normal -1 0 0
    outer loop
      vertex 0 1.50368 18.6813
      vertex 0 1.50368 21.3187
      vertex 0 1.58671 21.2175
    endloop
  endfacet
  facet normal -1 0 0
    outer loop
      vertex 0 1.41421 18.5858
      vertex 0 1.50368 21.3187
      vertex 0 1.50368 18.6813
    endloop
  endfacet
  facet normal -1 0 0
    outer loop
      vertex 0 1.41421 18.5858
      vertex 0 1.41421 21.4142
      vertex 0 1.50368 21.3187
    endloop
  endfacet
  facet normal -1 0 0
    outer loop
      vertex 0 1.31869 18.4963
      vertex 0 1.41421 21.4142
      vertex 0 1.41421 18.5858
    endloop
  endfacet
  facet normal -1 0 0
    outer loop
      vertex 0 1.31869 18.4963
      vertex 0 1.31869 21.5037
      vertex 0 1.41421 21.4142
    endloop
  endfacet
  facet normal -1 0 0
    outer loop
      vertex 0 1.21752 18.4133
      vertex 0 1.31869 21.5037
      vertex 0 1.31869 18.4963
    endloop
  endfacet
  facet normal -1 0 0
    outer loop
      vertex 0 1.21752 18.4133
      vertex 0 1.21752 21.5867
      vertex 0 1.31869 21.5037
    endloop
  endfacet
  facet normal -1 0 0
    outer loop
      vertex 0 1.11114 18.3371
      vertex 0 1.21752 21.5867
      vertex 0 1.21752 18.4133
    endloop
  endfacet
  facet normal -1 0 0
    outer loop
      vertex 0 1.11114 18.3371
      vertex 0 1.11114 21.6629
      vertex 0 1.21752 21.5867
    endloop
  endfacet
  facet normal -1 0 0
    outer loop
      vertex 0 1 18.2679
      vertex 0 1.11114 21.6629
      vertex 0 1.11114 18.3371
    endloop
  endfacet
  facet normal -1 0 0
    outer loop
      vertex 0 1 18.2679
      vertex 0 1 21.732
      vertex 0 1.11114 21.6629
    endloop
  endfacet
  facet normal -1 0 0
    outer loop
      vertex 0 0.884577 18.2063
      vertex 0 1 21.732
      vertex 0 1 18.2679
    endloop
  endfacet
  facet normal -1 0 0
    outer loop
      vertex 0 0.884577 18.2063
      vertex 0 0.884577 21.7937
      vertex 0 1 21.732
    endloop
  endfacet
  facet normal -1 0 0
    outer loop
      vertex 0 0.765367 18.1522
      vertex 0 0.884577 21.7937
      vertex 0 0.884577 18.2063
    endloop
  endfacet
  facet normal -1 0 0
    outer loop
      vertex 0 0.765367 18.1522
      vertex 0 0.765367 21.8478
      vertex 0 0.884577 21.7937
    endloop
  endfacet
  facet normal -1 0 0
    outer loop
      vertex 0 0.642879 18.1061
      vertex 0 0.765367 21.8478
      vertex 0 0.765367 18.1522
    endloop
  endfacet
  facet normal -1 0 0
    outer loop
      vertex 0 0.642879 18.1061
      vertex 0 0.642879 21.8939
      vertex 0 0.765367 21.8478
    endloop
  endfacet
  facet normal -1 0 0
    outer loop
      vertex 0 0.517637 18.0681
      vertex 0 0.642879 21.8939
      vertex 0 0.642879 18.1061
    endloop
  endfacet
  facet normal -1 0 0
    outer loop
      vertex 0 0.517637 18.0681
      vertex 0 0.517637 21.9319
      vertex 0 0.642879 21.8939
    endloop
  endfacet
  facet normal -1 0 0
    outer loop
      vertex 0 0.390181 18.0384
      vertex 0 0.517637 21.9319
      vertex 0 0.517637 18.0681
    endloop
  endfacet
  facet normal -1 0 0
    outer loop
      vertex 0 0.390181 18.0384
      vertex 0 0.390181 21.9616
      vertex 0 0.517637 21.9319
    endloop
  endfacet
  facet normal -1 0 0
    outer loop
      vertex 0 0.261052 18.0171
      vertex 0 0.390181 21.9616
      vertex 0 0.390181 18.0384
    endloop
  endfacet
  facet normal -1 0 0
    outer loop
      vertex 0 0.261052 18.0171
      vertex 0 0.261052 21.9829
      vertex 0 0.390181 21.9616
    endloop
  endfacet
  facet normal -1 0 0
    outer loop
      vertex 0 0.130806 18.0043
      vertex 0 0.261052 21.9829
      vertex 0 0.261052 18.0171
    endloop
  endfacet
  facet normal -1 0 0
    outer loop
      vertex 0 0.130806 18.0043
      vertex 0 0.130806 21.9957
      vertex 0 0.261052 21.9829
    endloop
  endfacet
  facet normal -1 0 0
    outer loop
      vertex 0 0 18
      vertex 0 0.130806 21.9957
      vertex 0 0.130806 18.0043
    endloop
  endfacet
  facet normal -1 0 0
    outer loop
      vertex 0 0 18
      vertex 0 0 22
      vertex 0 0.130806 21.9957
    endloop
  endfacet
  facet normal -1 0 0
    outer loop
      vertex 0 -0.130806 18.0043
      vertex 0 0 22
      vertex 0 0 18
    endloop
  endfacet
  facet normal -1 0 0
    outer loop
      vertex 0 -0.130806 18.0043
      vertex 0 -0.130806 21.9957
      vertex 0 0 22
    endloop
  endfacet
  facet normal -1 0 0
    outer loop
      vertex 0 -0.261052 18.0171
      vertex 0 -0.130806 21.9957
      vertex 0 -0.130806 18.0043
    endloop
  endfacet
  facet normal -1 0 0
    outer loop
      vertex 0 -0.261052 18.0171
      vertex 0 -0.261052 21.9829
      vertex 0 -0.130806 21.9957
    endloop
  endfacet
  facet normal -1 0 0
    outer loop
      vertex 0 -0.390181 18.0384
      vertex 0 -0.261052 21.9829
      vertex 0 -0.261052 18.0171
    endloop
  endfacet
  facet normal -1 0 0
    outer loop
      vertex 0 -0.390181 18.0384
      vertex 0 -0.390181 21.9616
      vertex 0 -0.261052 21.9829
    endloop
  endfacet
  facet normal -1 0 0
    outer loop
      vertex 0 -0.517637 18.0681
      vertex 0 -0.390181 21.9616
      vertex 0 -0.390181 18.0384
    endloop
  endfacet
  facet normal -1 0 0
    outer loop
      vertex 0 -0.517637 18.0681
      vertex 0 -0.517637 21.9319
      vertex 0 -0.390181 21.9616
    endloop
  endfacet
  facet normal -1 0 0
    outer loop
      vertex 0 -0.642879 18.1061
      vertex 0 -0.517637 21.9319
      vertex 0 -0.517637 18.0681
    endloop
  endfacet
  facet normal -1 0 0
    outer loop
      vertex 0 -0.642879 18.1061
      vertex 0 -0.642879 21.8939
      vertex 0 -0.517637 21.9319
    endloop
  endfacet
  facet normal -1 0 0
    outer loop
      vertex 0 -0.765367 18.1522
      vertex 0 -0.642879 21.8939
      vertex 0 -0.642879 18.1061
    endloop
  endfacet
  facet normal -1 0 0
    outer loop
      vertex 0 -0.765367 18.1522
      vertex 0 -0.765367 21.8478
      vertex 0 -0.642879 21.8939
    endloop
  endfacet
  facet normal -1 0 0
    outer loop
      vertex 0 -0.884577 18.2063
      vertex 0 -0.765367 21.8478
      vertex 0 -0.765367 18.1522
    endloop
  endfacet
  facet normal -1 0 0
    outer loop
      vertex 0 -0.884577 18.2063
      vertex 0 -0.884577 21.7937
      vertex 0 -0.765367 21.8478
    endloop
  endfacet
  facet normal -1 0 0
    outer loop
      vertex 0 -1 18.2679
      vertex 0 -0.884577 21.7937
      vertex 0 -0.884577 18.2063
    endloop
  endfacet
  facet normal -1 0 0
    outer loop
      vertex 0 -1 18.2679
      vertex 0 -1 21.732
      vertex 0 -0.884577 21.7937
    endloop
  endfacet
  facet normal -1 0 0
    outer loop
      vertex 0 -1.11114 18.3371
      vertex 0 -1 21.732
      vertex 0 -1 18.2679
    endloop
  endfacet
  facet normal -1 0 0
    outer loop
      vertex 0 -1.11114 18.3371
      vertex 0 -1.11114 21.6629
      vertex 0 -1 21.732
    endloop
  endfacet
  facet normal -1 0 0
    outer loop
      vertex 0 -1.21752 18.4133
      vertex 0 -1.11114 21.6629
      vertex 0 -1.11114 18.3371
    endloop
  endfacet
  facet normal -1 0 0
    outer loop
      vertex 0 -1.21752 18.4133
      vertex 0 -1.21752 21.5867
      vertex 0 -1.11114 21.6629
    endloop
  endfacet
  facet normal -1 0 0
    outer loop
      vertex 0 -1.31869 18.4963
      vertex 0 -1.21752 21.5867
      vertex 0 -1.21752 18.4133
    endloop
  endfacet
  facet normal -1 0 0
    outer loop
      vertex 0 -1.31869 18.4963
      vertex 0 -1.31869 21.5037
      vertex 0 -1.21752 21.5867
    endloop
  endfacet
  facet normal -1 0 0
    outer loop
      vertex 0 -1.41421 18.5858
      vertex 0 -1.31869 21.5037
      vertex 0 -1.31869 18.4963
    endloop
  endfacet
  facet normal -1 0 0
    outer loop
      vertex 0 -1.41421 18.5858
      vertex 0 -1.41421 21.4142
      vertex 0 -1.31869 21.5037
    endloop
  endfacet
  facet normal -1 0 0
    outer loop
      vertex 0 -1.50368 18.6813
      vertex 0 -1.41421 21.4142
      vertex 0 -1.41421 18.5858
    endloop
  endfacet
  facet normal -1 0 0
    outer loop
      vertex 0 -1.50368 18.6813
      vertex 0 -1.50368 21.3187
      vertex 0 -1.41421 21.4142
    endloop
  endfacet
  facet normal -1 0 0
    outer loop
      vertex 0 -1.58671 18.7825
      vertex 0 -1.50368 21.3187
      vertex 0 -1.50368 18.6813
    endloop
  endfacet
  facet normal -1 0 0
    outer loop
      vertex 0 -1.58671 18.7825
      vertex 0 -1.58671 21.2175
      vertex 0 -1.50368 21.3187
    endloop
  endfacet
  facet normal -1 0 0
    outer loop
      vertex 0 -1.66294 18.8889
      vertex 0 -1.58671 21.2175
      vertex 0 -1.58671 18.7825
    endloop
  endfacet
  facet normal -1 0 0
    outer loop
      vertex 0 -1.66294 18.8889
      vertex 0 -1.66294 21.1111
      vertex 0 -1.58671 21.2175
    endloop
  endfacet
  facet normal -1 0 0
    outer loop
      vertex 0 -1.73205 19
      vertex 0 -1.66294 21.1111
      vertex 0 -1.66294 18.8889
    endloop
  endfacet
  facet normal -1 0 0
    outer loop
      vertex 0 -1.73205 19
      vertex 0 -1.73205 21
      vertex 0 -1.66294 21.1111
    endloop
  endfacet
  facet normal -1 0 0
    outer loop
      vertex 0 -1.79375 19.1154
      vertex 0 -1.73205 21
      vertex 0 -1.73205 19
    endloop
  endfacet
  facet normal -1 0 0
    outer loop
      vertex 0 -1.79375 19.1154
      vertex 0 -1.79375 20.8846
      vertex 0 -1.73205 21
    endloop
  endfacet
  facet normal -1 0 0
    outer loop
      vertex 0 -1.84776 19.2346
      vertex 0 -1.79375 20.8846
      vertex 0 -1.79375 19.1154
    endloop
  endfacet
  facet normal -1 0 0
    outer loop
      vertex 0 -1.84776 19.2346
      vertex 0 -1.84776 20.7654
      vertex 0 -1.79375 20.8846
    endloop
  endfacet
  facet normal -1 0 0
    outer loop
      vertex 0 -1.89386 19.3571
      vertex 0 -1.84776 20.7654
      vertex 0 -1.84776 19.2346
    endloop
  endfacet
  facet normal -1 0 0
    outer loop
      vertex 0 -1.89386 19.3571
      vertex 0 -1.89386 20.6429
      vertex 0 -1.84776 20.7654
    endloop
  endfacet
  facet normal -1 0 0
    outer loop
      vertex 0 -1.93185 19.4824
      vertex 0 -1.89386 20.6429
      vertex 0 -1.89386 19.3571
    endloop
  endfacet
  facet normal -1 0 0
    outer loop
      vertex 0 -1.93185 19.4824
      vertex 0 -1.93185 20.5176
      vertex 0 -1.89386 20.6429
    endloop
  endfacet
  facet normal -1 0 0
    outer loop
      vertex 0 -1.96157 19.6098
      vertex 0 -1.93185 20.5176
      vertex 0 -1.93185 19.4824
    endloop
  endfacet
  facet normal -1 0 0
    outer loop
      vertex 0 -1.96157 19.6098
      vertex 0 -1.96157 20.3902
      vertex 0 -1.93185 20.5176
    endloop
  endfacet
  facet normal -1 0 0
    outer loop
      vertex 0 -1.98289 19.7389
      vertex 0 -1.96157 20.3902
      vertex 0 -1.96157 19.6098
    endloop
  endfacet
  facet normal -1 0 0
    outer loop
      vertex 0 -1.98289 19.7389
      vertex 0 -1.98289 20.2611
      vertex 0 -1.96157 20.3902
    endloop
  endfacet
  facet normal -1 0 0
    outer loop
      vertex 0 -1.99572 19.8692
      vertex 0 -1.98289 20.2611
      vertex 0 -1.98289 19.7389
    endloop
  endfacet
  facet normal -1 0 0
    outer loop
      vertex 0 -1.99572 19.8692
      vertex 0 -1.99572 20.1308
      vertex 0 -1.98289 20.2611
    endloop
  endfacet
  facet normal -1 0 -0
    outer loop
      vertex 0 -1.99572 20.1308
      vertex 0 -1.99572 19.8692
      vertex 0 -2 20
    endloop
  endfacet
  facet normal 0 0.683738 -0.729728
    outer loop
      vertex 64.9568 1.31869 18.4963
      vertex 73 1.41421 18.5858
      vertex 73 1.31869 18.4963
    endloop
  endfacet
  facet normal 0 0.683738 -0.729728
    outer loop
      vertex 73 1.41421 18.5858
      vertex 64.9568 1.31869 18.4963
      vertex 64.9537 1.41421 18.5858
    endloop
  endfacet
  facet normal 0 0.683738 -0.729728
    outer loop
      vertex 0 1.31869 18.4963
      vertex 55.4537 1.41421 18.5858
      vertex 55.4568 1.31869 18.4963
    endloop
  endfacet
  facet normal 0 0.683738 -0.729728
    outer loop
      vertex 55.4537 1.41421 18.5858
      vertex 0 1.31869 18.4963
      vertex 0 1.41421 18.5858
    endloop
  endfacet
  facet normal 0 0.634265 0.773116
    outer loop
      vertex 0 1.21752 21.5867
      vertex 55.4568 1.31869 21.5037
      vertex 0 1.31869 21.5037
    endloop
  endfacet
  facet normal 0 0.634265 0.773116
    outer loop
      vertex 55.4568 1.31869 21.5037
      vertex 0 1.21752 21.5867
      vertex 55.4601 1.21752 21.5867
    endloop
  endfacet
  facet normal 0 0.634265 0.773116
    outer loop
      vertex 73 1.31869 21.5037
      vertex 64.9601 1.21752 21.5867
      vertex 73 1.21752 21.5867
    endloop
  endfacet
  facet normal 0 0.634265 0.773116
    outer loop
      vertex 64.9601 1.21752 21.5867
      vertex 73 1.31869 21.5037
      vertex 64.9568 1.31869 21.5037
    endloop
  endfacet
  facet normal 0 -0.352242 -0.935909
    outer loop
      vertex 0 -0.642879 18.1061
      vertex 55.4749 -0.765367 18.1522
      vertex 0 -0.765367 18.1522
    endloop
  endfacet
  facet normal 0 -0.352242 -0.935909
    outer loop
      vertex 55.4749 -0.765367 18.1522
      vertex 0 -0.642879 18.1061
      vertex 55.479 -0.642879 18.1061
    endloop
  endfacet
  facet normal 0 -0.352242 -0.935909
    outer loop
      vertex 73 -0.765367 18.1522
      vertex 64.979 -0.642879 18.1061
      vertex 73 -0.642879 18.1061
    endloop
  endfacet
  facet normal 0 -0.352242 -0.935909
    outer loop
      vertex 64.979 -0.642879 18.1061
      vertex 73 -0.765367 18.1522
      vertex 64.9749 -0.765367 18.1522
    endloop
  endfacet
  facet normal 0 -0.999465 0.0327042
    outer loop
      vertex 64.9345 -2 20
      vertex 73 -1.99572 20.1308
      vertex 64.9347 -1.99572 20.1308
    endloop
  endfacet
  facet normal 0 -0.999465 0.0327042
    outer loop
      vertex 73 -1.99572 20.1308
      vertex 64.9345 -2 20
      vertex 73 -2 20
    endloop
  endfacet
  facet normal 0 -0.999465 0.0327042
    outer loop
      vertex 0 -2 20
      vertex 55.4347 -1.99572 20.1308
      vertex 0 -1.99572 20.1308
    endloop
  endfacet
  facet normal 0 -0.999465 0.0327042
    outer loop
      vertex 55.4347 -1.99572 20.1308
      vertex 0 -2 20
      vertex 55.4345 -2 20
    endloop
  endfacet
  facet normal 0 0.956981 0.290149
    outer loop
      vertex 55.4368 1.93185 20.5176
      vertex 0 1.89386 20.6429
      vertex 55.438 1.89386 20.6429
    endloop
  endfacet
  facet normal 0 0.956981 0.290149
    outer loop
      vertex 0 1.89386 20.6429
      vertex 55.4368 1.93185 20.5176
      vertex 0 1.93185 20.5176
    endloop
  endfacet
  facet normal 0 0.956981 0.290149
    outer loop
      vertex 73 1.93185 20.5176
      vertex 64.938 1.89386 20.6429
      vertex 73 1.89386 20.6429
    endloop
  endfacet
  facet normal 0 0.956981 0.290149
    outer loop
      vertex 64.938 1.89386 20.6429
      vertex 73 1.93185 20.5176
      vertex 64.9368 1.93185 20.5176
    endloop
  endfacet
  facet normal 0 -0.995187 -0.0979912
    outer loop
      vertex 0 -1.98289 19.7389
      vertex 55.4347 -1.99572 19.8692
      vertex 0 -1.99572 19.8692
    endloop
  endfacet
  facet normal 0 -0.995187 -0.0979912
    outer loop
      vertex 55.4347 -1.99572 19.8692
      vertex 0 -1.98289 19.7389
      vertex 55.4351 -1.98289 19.7389
    endloop
  endfacet
  facet normal 0 -0.995187 -0.0979912
    outer loop
      vertex 64.9351 -1.98289 19.7389
      vertex 73 -1.99572 19.8692
      vertex 64.9347 -1.99572 19.8692
    endloop
  endfacet
  facet normal 0 -0.995187 -0.0979912
    outer loop
      vertex 73 -1.99572 19.8692
      vertex 64.9351 -1.98289 19.7389
      vertex 73 -1.98289 19.7389
    endloop
  endfacet
  facet normal 0 0.812902 0.582401
    outer loop
      vertex 73 1.66294 21.1111
      vertex 64.9481 1.58671 21.2175
      vertex 73 1.58671 21.2175
    endloop
  endfacet
  facet normal 0 0.812902 0.582401
    outer loop
      vertex 64.9481 1.58671 21.2175
      vertex 73 1.66294 21.1111
      vertex 64.9456 1.66294 21.1111
    endloop
  endfacet
  facet normal 0 0.812902 0.582401
    outer loop
      vertex 55.4456 1.66294 21.1111
      vertex 0 1.58671 21.2175
      vertex 55.4481 1.58671 21.2175
    endloop
  endfacet
  facet normal 0 0.812902 0.582401
    outer loop
      vertex 0 1.58671 21.2175
      vertex 55.4456 1.66294 21.1111
      vertex 0 1.66294 21.1111
    endloop
  endfacet
  facet normal 0 0.729771 0.683692
    outer loop
      vertex 73 1.50368 21.3187
      vertex 64.9537 1.41421 21.4142
      vertex 73 1.41421 21.4142
    endloop
  endfacet
  facet normal 0 0.729771 0.683692
    outer loop
      vertex 64.9537 1.41421 21.4142
      vertex 73 1.50368 21.3187
      vertex 64.9508 1.50368 21.3187
    endloop
  endfacet
  facet normal 0 0.729771 0.683692
    outer loop
      vertex 55.4508 1.50368 21.3187
      vertex 0 1.41421 21.4142
      vertex 55.4537 1.41421 21.4142
    endloop
  endfacet
  facet normal 0 0.729771 0.683692
    outer loop
      vertex 0 1.41421 21.4142
      vertex 55.4508 1.50368 21.3187
      vertex 0 1.50368 21.3187
    endloop
  endfacet
  facet normal 0 -0.634265 -0.773116
    outer loop
      vertex 73 -1.31869 18.4963
      vertex 64.9601 -1.21752 18.4133
      vertex 73 -1.21752 18.4133
    endloop
  endfacet
  facet normal 0 -0.634265 -0.773116
    outer loop
      vertex 64.9601 -1.21752 18.4133
      vertex 73 -1.31869 18.4963
      vertex 64.9568 -1.31869 18.4963
    endloop
  endfacet
  facet normal 0 -0.634265 -0.773116
    outer loop
      vertex 0 -1.21752 18.4133
      vertex 55.4568 -1.31869 18.4963
      vertex 0 -1.31869 18.4963
    endloop
  endfacet
  facet normal 0 -0.634265 -0.773116
    outer loop
      vertex 55.4568 -1.31869 18.4963
      vertex 0 -1.21752 18.4133
      vertex 55.4601 -1.21752 18.4133
    endloop
  endfacet
  facet normal 0 0.0328554 -0.99946
    outer loop
      vertex 0 0 18
      vertex 55.4957 0.130806 18.0043
      vertex 55.5 0 18
    endloop
  endfacet
  facet normal 0 0.0328554 -0.99946
    outer loop
      vertex 55.4957 0.130806 18.0043
      vertex 0 0 18
      vertex 0 0.130806 18.0043
    endloop
  endfacet
  facet normal 0 0.0328554 -0.99946
    outer loop
      vertex 65 0 18
      vertex 73 0.130806 18.0043
      vertex 73 0 18
    endloop
  endfacet
  facet normal 0 0.0328554 -0.99946
    outer loop
      vertex 73 0.130806 18.0043
      vertex 65 0 18
      vertex 64.9957 0.130806 18.0043
    endloop
  endfacet
  facet normal 0 -0.0328554 -0.99946
    outer loop
      vertex 0 0 18
      vertex 55.4957 -0.130806 18.0043
      vertex 0 -0.130806 18.0043
    endloop
  endfacet
  facet normal 0 -0.0328554 -0.99946
    outer loop
      vertex 55.4957 -0.130806 18.0043
      vertex 0 0 18
      vertex 55.5 0 18
    endloop
  endfacet
  facet normal 0 -0.0328554 -0.99946
    outer loop
      vertex 73 -0.130806 18.0043
      vertex 65 0 18
      vertex 73 0 18
    endloop
  endfacet
  facet normal 0 -0.0328554 -0.99946
    outer loop
      vertex 65 0 18
      vertex 73 -0.130806 18.0043
      vertex 64.9957 -0.130806 18.0043
    endloop
  endfacet
  facet normal 0 -0.470833 -0.882223
    outer loop
      vertex 0 -0.884577 18.2063
      vertex 55.4673 -1 18.2679
      vertex 0 -1 18.2679
    endloop
  endfacet
  facet normal 0 -0.470833 -0.882223
    outer loop
      vertex 55.4673 -1 18.2679
      vertex 0 -0.884577 18.2063
      vertex 55.471 -0.884577 18.2063
    endloop
  endfacet
  facet normal 0 -0.470833 -0.882223
    outer loop
      vertex 73 -1 18.2679
      vertex 64.971 -0.884577 18.2063
      vertex 73 -0.884577 18.2063
    endloop
  endfacet
  facet normal 0 -0.470833 -0.882223
    outer loop
      vertex 64.971 -0.884577 18.2063
      vertex 73 -1 18.2679
      vertex 64.9673 -1 18.2679
    endloop
  endfacet
  facet normal 0 -0.226942 0.973908
    outer loop
      vertex 0 -0.390181 21.9616
      vertex 55.4831 -0.517637 21.9319
      vertex 55.4872 -0.390181 21.9616
    endloop
  endfacet
  facet normal 0 -0.226942 0.973908
    outer loop
      vertex 55.4831 -0.517637 21.9319
      vertex 0 -0.390181 21.9616
      vertex 0 -0.517637 21.9319
    endloop
  endfacet
  facet normal 0 -0.226942 0.973908
    outer loop
      vertex 64.9872 -0.390181 21.9616
      vertex 73 -0.517637 21.9319
      vertex 73 -0.390181 21.9616
    endloop
  endfacet
  facet normal 0 -0.226942 0.973908
    outer loop
      vertex 73 -0.517637 21.9319
      vertex 64.9872 -0.390181 21.9616
      vertex 64.9831 -0.517637 21.9319
    endloop
  endfacet
  facet normal 0 -0.0328554 0.99946
    outer loop
      vertex 0 0 22
      vertex 55.4957 -0.130806 21.9957
      vertex 55.5 0 22
    endloop
  endfacet
  facet normal 0 -0.0328554 0.99946
    outer loop
      vertex 55.4957 -0.130806 21.9957
      vertex 0 0 22
      vertex 0 -0.130806 21.9957
    endloop
  endfacet
  facet normal 0 -0.0328554 0.99946
    outer loop
      vertex 65 0 22
      vertex 73 -0.130806 21.9957
      vertex 73 0 22
    endloop
  endfacet
  facet normal 0 -0.0328554 0.99946
    outer loop
      vertex 73 -0.130806 21.9957
      vertex 65 0 22
      vertex 64.9957 -0.130806 21.9957
    endloop
  endfacet
  facet normal 1 0 0
    outer loop
      vertex 73 1.99572 20.1308
      vertex 73 1.99572 19.8692
      vertex 73 2 20
    endloop
  endfacet
  facet normal 1 0 0
    outer loop
      vertex 73 1.98289 20.2611
      vertex 73 1.99572 19.8692
      vertex 73 1.99572 20.1308
    endloop
  endfacet
  facet normal 1 0 0
    outer loop
      vertex 73 1.98289 20.2611
      vertex 73 1.98289 19.7389
      vertex 73 1.99572 19.8692
    endloop
  endfacet
  facet normal 1 0 0
    outer loop
      vertex 73 1.96157 20.3902
      vertex 73 1.98289 19.7389
      vertex 73 1.98289 20.2611
    endloop
  endfacet
  facet normal 1 0 0
    outer loop
      vertex 73 1.96157 20.3902
      vertex 73 1.96157 19.6098
      vertex 73 1.98289 19.7389
    endloop
  endfacet
  facet normal 1 0 0
    outer loop
      vertex 73 1.93185 20.5176
      vertex 73 1.96157 19.6098
      vertex 73 1.96157 20.3902
    endloop
  endfacet
  facet normal 1 0 0
    outer loop
      vertex 73 1.93185 20.5176
      vertex 73 1.93185 19.4824
      vertex 73 1.96157 19.6098
    endloop
  endfacet
  facet normal 1 0 0
    outer loop
      vertex 73 1.89386 20.6429
      vertex 73 1.93185 19.4824
      vertex 73 1.93185 20.5176
    endloop
  endfacet
  facet normal 1 0 0
    outer loop
      vertex 73 1.89386 20.6429
      vertex 73 1.89386 19.3571
      vertex 73 1.93185 19.4824
    endloop
  endfacet
  facet normal 1 0 0
    outer loop
      vertex 73 1.84776 20.7654
      vertex 73 1.89386 19.3571
      vertex 73 1.89386 20.6429
    endloop
  endfacet
  facet normal 1 0 0
    outer loop
      vertex 73 1.84776 20.7654
      vertex 73 1.84776 19.2346
      vertex 73 1.89386 19.3571
    endloop
  endfacet
  facet normal 1 0 0
    outer loop
      vertex 73 1.79375 20.8846
      vertex 73 1.84776 19.2346
      vertex 73 1.84776 20.7654
    endloop
  endfacet
  facet normal 1 0 0
    outer loop
      vertex 73 1.79375 20.8846
      vertex 73 1.79375 19.1154
      vertex 73 1.84776 19.2346
    endloop
  endfacet
  facet normal 1 0 0
    outer loop
      vertex 73 1.73205 21
      vertex 73 1.79375 19.1154
      vertex 73 1.79375 20.8846
    endloop
  endfacet
  facet normal 1 0 0
    outer loop
      vertex 73 1.73205 21
      vertex 73 1.73205 19
      vertex 73 1.79375 19.1154
    endloop
  endfacet
  facet normal 1 0 0
    outer loop
      vertex 73 1.66294 21.1111
      vertex 73 1.73205 19
      vertex 73 1.73205 21
    endloop
  endfacet
  facet normal 1 0 0
    outer loop
      vertex 73 1.66294 21.1111
      vertex 73 1.66294 18.8889
      vertex 73 1.73205 19
    endloop
  endfacet
  facet normal 1 0 0
    outer loop
      vertex 73 1.58671 21.2175
      vertex 73 1.66294 18.8889
      vertex 73 1.66294 21.1111
    endloop
  endfacet
  facet normal 1 0 0
    outer loop
      vertex 73 1.58671 21.2175
      vertex 73 1.58671 18.7825
      vertex 73 1.66294 18.8889
    endloop
  endfacet
  facet normal 1 0 0
    outer loop
      vertex 73 1.50368 21.3187
      vertex 73 1.58671 18.7825
      vertex 73 1.58671 21.2175
    endloop
  endfacet
  facet normal 1 0 0
    outer loop
      vertex 73 1.50368 21.3187
      vertex 73 1.50368 18.6813
      vertex 73 1.58671 18.7825
    endloop
  endfacet
  facet normal 1 0 0
    outer loop
      vertex 73 1.41421 21.4142
      vertex 73 1.50368 18.6813
      vertex 73 1.50368 21.3187
    endloop
  endfacet
  facet normal 1 0 0
    outer loop
      vertex 73 1.41421 21.4142
      vertex 73 1.41421 18.5858
      vertex 73 1.50368 18.6813
    endloop
  endfacet
  facet normal 1 0 0
    outer loop
      vertex 73 1.31869 21.5037
      vertex 73 1.41421 18.5858
      vertex 73 1.41421 21.4142
    endloop
  endfacet
  facet normal 1 0 0
    outer loop
      vertex 73 1.31869 21.5037
      vertex 73 1.31869 18.4963
      vertex 73 1.41421 18.5858
    endloop
  endfacet
  facet normal 1 0 0
    outer loop
      vertex 73 1.21752 21.5867
      vertex 73 1.31869 18.4963
      vertex 73 1.31869 21.5037
    endloop
  endfacet
  facet normal 1 0 0
    outer loop
      vertex 73 1.21752 21.5867
      vertex 73 1.21752 18.4133
      vertex 73 1.31869 18.4963
    endloop
  endfacet
  facet normal 1 0 0
    outer loop
      vertex 73 1.11114 21.6629
      vertex 73 1.21752 18.4133
      vertex 73 1.21752 21.5867
    endloop
  endfacet
  facet normal 1 0 0
    outer loop
      vertex 73 1.11114 21.6629
      vertex 73 1.11114 18.3371
      vertex 73 1.21752 18.4133
    endloop
  endfacet
  facet normal 1 0 0
    outer loop
      vertex 73 1 21.732
      vertex 73 1.11114 18.3371
      vertex 73 1.11114 21.6629
    endloop
  endfacet
  facet normal 1 0 0
    outer loop
      vertex 73 1 21.732
      vertex 73 1 18.2679
      vertex 73 1.11114 18.3371
    endloop
  endfacet
  facet normal 1 0 0
    outer loop
      vertex 73 0.884577 21.7937
      vertex 73 1 18.2679
      vertex 73 1 21.732
    endloop
  endfacet
  facet normal 1 0 0
    outer loop
      vertex 73 0.884577 21.7937
      vertex 73 0.884577 18.2063
      vertex 73 1 18.2679
    endloop
  endfacet
  facet normal 1 0 0
    outer loop
      vertex 73 0.765367 21.8478
      vertex 73 0.884577 18.2063
      vertex 73 0.884577 21.7937
    endloop
  endfacet
  facet normal 1 0 0
    outer loop
      vertex 73 0.765367 21.8478
      vertex 73 0.765367 18.1522
      vertex 73 0.884577 18.2063
    endloop
  endfacet
  facet normal 1 0 0
    outer loop
      vertex 73 0.642879 21.8939
      vertex 73 0.765367 18.1522
      vertex 73 0.765367 21.8478
    endloop
  endfacet
  facet normal 1 0 0
    outer loop
      vertex 73 0.642879 21.8939
      vertex 73 0.642879 18.1061
      vertex 73 0.765367 18.1522
    endloop
  endfacet
  facet normal 1 0 0
    outer loop
      vertex 73 0.517637 21.9319
      vertex 73 0.642879 18.1061
      vertex 73 0.642879 21.8939
    endloop
  endfacet
  facet normal 1 0 0
    outer loop
      vertex 73 0.517637 21.9319
      vertex 73 0.517637 18.0681
      vertex 73 0.642879 18.1061
    endloop
  endfacet
  facet normal 1 0 0
    outer loop
      vertex 73 0.390181 21.9616
      vertex 73 0.517637 18.0681
      vertex 73 0.517637 21.9319
    endloop
  endfacet
  facet normal 1 0 0
    outer loop
      vertex 73 0.390181 21.9616
      vertex 73 0.390181 18.0384
      vertex 73 0.517637 18.0681
    endloop
  endfacet
  facet normal 1 0 0
    outer loop
      vertex 73 0.261052 21.9829
      vertex 73 0.390181 18.0384
      vertex 73 0.390181 21.9616
    endloop
  endfacet
  facet normal 1 0 0
    outer loop
      vertex 73 0.261052 21.9829
      vertex 73 0.261052 18.0171
      vertex 73 0.390181 18.0384
    endloop
  endfacet
  facet normal 1 0 0
    outer loop
      vertex 73 0.130806 21.9957
      vertex 73 0.261052 18.0171
      vertex 73 0.261052 21.9829
    endloop
  endfacet
  facet normal 1 0 0
    outer loop
      vertex 73 0.130806 21.9957
      vertex 73 0.130806 18.0043
      vertex 73 0.261052 18.0171
    endloop
  endfacet
  facet normal 1 0 0
    outer loop
      vertex 73 0 22
      vertex 73 0.130806 18.0043
      vertex 73 0.130806 21.9957
    endloop
  endfacet
  facet normal 1 0 0
    outer loop
      vertex 73 0 22
      vertex 73 0 18
      vertex 73 0.130806 18.0043
    endloop
  endfacet
  facet normal 1 -0 0
    outer loop
      vertex 73 -0.130806 21.9957
      vertex 73 0 18
      vertex 73 0 22
    endloop
  endfacet
  facet normal 1 0 0
    outer loop
      vertex 73 -0.130806 21.9957
      vertex 73 -0.130806 18.0043
      vertex 73 0 18
    endloop
  endfacet
  facet normal 1 -0 0
    outer loop
      vertex 73 -0.261052 21.9829
      vertex 73 -0.130806 18.0043
      vertex 73 -0.130806 21.9957
    endloop
  endfacet
  facet normal 1 0 0
    outer loop
      vertex 73 -0.261052 21.9829
      vertex 73 -0.261052 18.0171
      vertex 73 -0.130806 18.0043
    endloop
  endfacet
  facet normal 1 -0 0
    outer loop
      vertex 73 -0.390181 21.9616
      vertex 73 -0.261052 18.0171
      vertex 73 -0.261052 21.9829
    endloop
  endfacet
  facet normal 1 0 0
    outer loop
      vertex 73 -0.390181 21.9616
      vertex 73 -0.390181 18.0384
      vertex 73 -0.261052 18.0171
    endloop
  endfacet
  facet normal 1 -0 0
    outer loop
      vertex 73 -0.517637 21.9319
      vertex 73 -0.390181 18.0384
      vertex 73 -0.390181 21.9616
    endloop
  endfacet
  facet normal 1 0 0
    outer loop
      vertex 73 -0.517637 21.9319
      vertex 73 -0.517637 18.0681
      vertex 73 -0.390181 18.0384
    endloop
  endfacet
  facet normal 1 -0 0
    outer loop
      vertex 73 -0.642879 21.8939
      vertex 73 -0.517637 18.0681
      vertex 73 -0.517637 21.9319
    endloop
  endfacet
  facet normal 1 0 0
    outer loop
      vertex 73 -0.642879 21.8939
      vertex 73 -0.642879 18.1061
      vertex 73 -0.517637 18.0681
    endloop
  endfacet
  facet normal 1 -0 0
    outer loop
      vertex 73 -0.765367 21.8478
      vertex 73 -0.642879 18.1061
      vertex 73 -0.642879 21.8939
    endloop
  endfacet
  facet normal 1 0 0
    outer loop
      vertex 73 -0.765367 21.8478
      vertex 73 -0.765367 18.1522
      vertex 73 -0.642879 18.1061
    endloop
  endfacet
  facet normal 1 -0 0
    outer loop
      vertex 73 -0.884577 21.7937
      vertex 73 -0.765367 18.1522
      vertex 73 -0.765367 21.8478
    endloop
  endfacet
  facet normal 1 0 0
    outer loop
      vertex 73 -0.884577 21.7937
      vertex 73 -0.884577 18.2063
      vertex 73 -0.765367 18.1522
    endloop
  endfacet
  facet normal 1 -0 0
    outer loop
      vertex 73 -1 21.732
      vertex 73 -0.884577 18.2063
      vertex 73 -0.884577 21.7937
    endloop
  endfacet
  facet normal 1 0 0
    outer loop
      vertex 73 -1 21.732
      vertex 73 -1 18.2679
      vertex 73 -0.884577 18.2063
    endloop
  endfacet
  facet normal 1 -0 0
    outer loop
      vertex 73 -1.11114 21.6629
      vertex 73 -1 18.2679
      vertex 73 -1 21.732
    endloop
  endfacet
  facet normal 1 0 0
    outer loop
      vertex 73 -1.11114 21.6629
      vertex 73 -1.11114 18.3371
      vertex 73 -1 18.2679
    endloop
  endfacet
  facet normal 1 -0 0
    outer loop
      vertex 73 -1.21752 21.5867
      vertex 73 -1.11114 18.3371
      vertex 73 -1.11114 21.6629
    endloop
  endfacet
  facet normal 1 0 0
    outer loop
      vertex 73 -1.21752 21.5867
      vertex 73 -1.21752 18.4133
      vertex 73 -1.11114 18.3371
    endloop
  endfacet
  facet normal 1 -0 0
    outer loop
      vertex 73 -1.31869 21.5037
      vertex 73 -1.21752 18.4133
      vertex 73 -1.21752 21.5867
    endloop
  endfacet
  facet normal 1 0 0
    outer loop
      vertex 73 -1.31869 21.5037
      vertex 73 -1.31869 18.4963
      vertex 73 -1.21752 18.4133
    endloop
  endfacet
  facet normal 1 -0 0
    outer loop
      vertex 73 -1.41421 21.4142
      vertex 73 -1.31869 18.4963
      vertex 73 -1.31869 21.5037
    endloop
  endfacet
  facet normal 1 0 0
    outer loop
      vertex 73 -1.41421 21.4142
      vertex 73 -1.41421 18.5858
      vertex 73 -1.31869 18.4963
    endloop
  endfacet
  facet normal 1 -0 0
    outer loop
      vertex 73 -1.50368 21.3187
      vertex 73 -1.41421 18.5858
      vertex 73 -1.41421 21.4142
    endloop
  endfacet
  facet normal 1 0 0
    outer loop
      vertex 73 -1.50368 21.3187
      vertex 73 -1.50368 18.6813
      vertex 73 -1.41421 18.5858
    endloop
  endfacet
  facet normal 1 -0 0
    outer loop
      vertex 73 -1.58671 21.2175
      vertex 73 -1.50368 18.6813
      vertex 73 -1.50368 21.3187
    endloop
  endfacet
  facet normal 1 0 0
    outer loop
      vertex 73 -1.58671 21.2175
      vertex 73 -1.58671 18.7825
      vertex 73 -1.50368 18.6813
    endloop
  endfacet
  facet normal 1 -0 0
    outer loop
      vertex 73 -1.66294 21.1111
      vertex 73 -1.58671 18.7825
      vertex 73 -1.58671 21.2175
    endloop
  endfacet
  facet normal 1 0 0
    outer loop
      vertex 73 -1.66294 21.1111
      vertex 73 -1.66294 18.8889
      vertex 73 -1.58671 18.7825
    endloop
  endfacet
  facet normal 1 -0 0
    outer loop
      vertex 73 -1.73205 21
      vertex 73 -1.66294 18.8889
      vertex 73 -1.66294 21.1111
    endloop
  endfacet
  facet normal 1 0 0
    outer loop
      vertex 73 -1.73205 21
      vertex 73 -1.73205 19
      vertex 73 -1.66294 18.8889
    endloop
  endfacet
  facet normal 1 -0 0
    outer loop
      vertex 73 -1.79375 20.8846
      vertex 73 -1.73205 19
      vertex 73 -1.73205 21
    endloop
  endfacet
  facet normal 1 0 0
    outer loop
      vertex 73 -1.79375 20.8846
      vertex 73 -1.79375 19.1154
      vertex 73 -1.73205 19
    endloop
  endfacet
  facet normal 1 -0 0
    outer loop
      vertex 73 -1.84776 20.7654
      vertex 73 -1.79375 19.1154
      vertex 73 -1.79375 20.8846
    endloop
  endfacet
  facet normal 1 0 0
    outer loop
      vertex 73 -1.84776 20.7654
      vertex 73 -1.84776 19.2346
      vertex 73 -1.79375 19.1154
    endloop
  endfacet
  facet normal 1 -0 0
    outer loop
      vertex 73 -1.89386 20.6429
      vertex 73 -1.84776 19.2346
      vertex 73 -1.84776 20.7654
    endloop
  endfacet
  facet normal 1 0 0
    outer loop
      vertex 73 -1.89386 20.6429
      vertex 73 -1.89386 19.3571
      vertex 73 -1.84776 19.2346
    endloop
  endfacet
  facet normal 1 -0 0
    outer loop
      vertex 73 -1.93185 20.5176
      vertex 73 -1.89386 19.3571
      vertex 73 -1.89386 20.6429
    endloop
  endfacet
  facet normal 1 0 0
    outer loop
      vertex 73 -1.93185 20.5176
      vertex 73 -1.93185 19.4824
      vertex 73 -1.89386 19.3571
    endloop
  endfacet
  facet normal 1 -0 0
    outer loop
      vertex 73 -1.96157 20.3902
      vertex 73 -1.93185 19.4824
      vertex 73 -1.93185 20.5176
    endloop
  endfacet
  facet normal 1 0 0
    outer loop
      vertex 73 -1.96157 20.3902
      vertex 73 -1.96157 19.6098
      vertex 73 -1.93185 19.4824
    endloop
  endfacet
  facet normal 1 -0 0
    outer loop
      vertex 73 -1.98289 20.2611
      vertex 73 -1.96157 19.6098
      vertex 73 -1.96157 20.3902
    endloop
  endfacet
  facet normal 1 0 0
    outer loop
      vertex 73 -1.98289 20.2611
      vertex 73 -1.98289 19.7389
      vertex 73 -1.96157 19.6098
    endloop
  endfacet
  facet normal 1 -0 0
    outer loop
      vertex 73 -1.99572 20.1308
      vertex 73 -1.98289 19.7389
      vertex 73 -1.98289 20.2611
    endloop
  endfacet
  facet normal 1 0 0
    outer loop
      vertex 73 -1.99572 20.1308
      vertex 73 -1.99572 19.8692
      vertex 73 -1.98289 19.7389
    endloop
  endfacet
  facet normal 1 0 -0
    outer loop
      vertex 73 -1.99572 19.8692
      vertex 73 -1.99572 20.1308
      vertex 73 -2 20
    endloop
  endfacet
  facet normal 0 0.999465 -0.0327042
    outer loop
      vertex 55.4347 1.99572 19.8692
      vertex 0 2 20
      vertex 55.4345 2 20
    endloop
  endfacet
  facet normal 0 0.999465 -0.0327042
    outer loop
      vertex 0 2 20
      vertex 55.4347 1.99572 19.8692
      vertex 0 1.99572 19.8692
    endloop
  endfacet
  facet normal 0 0.999465 -0.0327042
    outer loop
      vertex 73 1.99572 19.8692
      vertex 64.9345 2 20
      vertex 73 2 20
    endloop
  endfacet
  facet normal 0 0.999465 -0.0327042
    outer loop
      vertex 64.9345 2 20
      vertex 73 1.99572 19.8692
      vertex 64.9347 1.99572 19.8692
    endloop
  endfacet
  facet normal 0 -0.528006 0.849241
    outer loop
      vertex 0 -1 21.732
      vertex 55.4636 -1.11114 21.6629
      vertex 55.4673 -1 21.732
    endloop
  endfacet
  facet normal 0 -0.528006 0.849241
    outer loop
      vertex 55.4636 -1.11114 21.6629
      vertex 0 -1 21.732
      vertex 0 -1.11114 21.6629
    endloop
  endfacet
  facet normal 0 -0.528006 0.849241
    outer loop
      vertex 64.9673 -1 21.732
      vertex 73 -1.11114 21.6629
      vertex 73 -1 21.732
    endloop
  endfacet
  facet normal 0 -0.528006 0.849241
    outer loop
      vertex 73 -1.11114 21.6629
      vertex 64.9673 -1 21.732
      vertex 64.9636 -1.11114 21.6629
    endloop
  endfacet
  facet normal 0 -0.352242 0.935909
    outer loop
      vertex 0 -0.642879 21.8939
      vertex 55.4749 -0.765367 21.8478
      vertex 55.479 -0.642879 21.8939
    endloop
  endfacet
  facet normal 0 -0.352242 0.935909
    outer loop
      vertex 55.4749 -0.765367 21.8478
      vertex 0 -0.642879 21.8939
      vertex 0 -0.765367 21.8478
    endloop
  endfacet
  facet normal 0 -0.352242 0.935909
    outer loop
      vertex 64.979 -0.642879 21.8939
      vertex 73 -0.765367 21.8478
      vertex 73 -0.642879 21.8939
    endloop
  endfacet
  facet normal 0 -0.352242 0.935909
    outer loop
      vertex 73 -0.765367 21.8478
      vertex 64.979 -0.642879 21.8939
      vertex 64.9749 -0.765367 21.8478
    endloop
  endfacet
  facet normal 0 0.582322 -0.812958
    outer loop
      vertex 0 1.11114 18.3371
      vertex 55.4601 1.21752 18.4133
      vertex 55.4636 1.11114 18.3371
    endloop
  endfacet
  facet normal 0 0.582322 -0.812958
    outer loop
      vertex 55.4601 1.21752 18.4133
      vertex 0 1.11114 18.3371
      vertex 0 1.21752 18.4133
    endloop
  endfacet
  facet normal 0 0.582322 -0.812958
    outer loop
      vertex 64.9636 1.11114 18.3371
      vertex 73 1.21752 18.4133
      vertex 73 1.11114 18.3371
    endloop
  endfacet
  facet normal 0 0.582322 -0.812958
    outer loop
      vertex 73 1.21752 18.4133
      vertex 64.9636 1.11114 18.3371
      vertex 64.9601 1.21752 18.4133
    endloop
  endfacet
  facet normal 0 -0.812902 0.582401
    outer loop
      vertex 55.4456 -1.66294 21.1111
      vertex 0 -1.58671 21.2175
      vertex 0 -1.66294 21.1111
    endloop
  endfacet
  facet normal 0 -0.812902 0.582401
    outer loop
      vertex 0 -1.58671 21.2175
      vertex 55.4456 -1.66294 21.1111
      vertex 55.4481 -1.58671 21.2175
    endloop
  endfacet
  facet normal 0 -0.812902 0.582401
    outer loop
      vertex 73 -1.66294 21.1111
      vertex 64.9481 -1.58671 21.2175
      vertex 64.9456 -1.66294 21.1111
    endloop
  endfacet
  facet normal 0 -0.812902 0.582401
    outer loop
      vertex 64.9481 -1.58671 21.2175
      vertex 73 -1.66294 21.1111
      vertex 73 -1.58671 21.2175
    endloop
  endfacet
  facet normal 0 0.881866 0.4715
    outer loop
      vertex 73 1.79375 20.8846
      vertex 64.9433 1.73205 21
      vertex 73 1.73205 21
    endloop
  endfacet
  facet normal 0 0.881866 0.4715
    outer loop
      vertex 64.9433 1.73205 21
      vertex 73 1.79375 20.8846
      vertex 64.9413 1.79375 20.8846
    endloop
  endfacet
  facet normal 0 0.881866 0.4715
    outer loop
      vertex 55.4413 1.79375 20.8846
      vertex 0 1.73205 21
      vertex 55.4433 1.73205 21
    endloop
  endfacet
  facet normal 0 0.881866 0.4715
    outer loop
      vertex 0 1.73205 21
      vertex 55.4413 1.79375 20.8846
      vertex 0 1.79375 20.8846
    endloop
  endfacet
  facet normal 0 0.849121 -0.528198
    outer loop
      vertex 0 1.66294 18.8889
      vertex 55.4433 1.73205 19
      vertex 55.4456 1.66294 18.8889
    endloop
  endfacet
  facet normal 0 0.849121 -0.528198
    outer loop
      vertex 55.4433 1.73205 19
      vertex 0 1.66294 18.8889
      vertex 0 1.73205 19
    endloop
  endfacet
  facet normal 0 0.849121 -0.528198
    outer loop
      vertex 64.9456 1.66294 18.8889
      vertex 73 1.73205 19
      vertex 73 1.66294 18.8889
    endloop
  endfacet
  facet normal 0 0.849121 -0.528198
    outer loop
      vertex 73 1.73205 19
      vertex 64.9456 1.66294 18.8889
      vertex 64.9433 1.73205 19
    endloop
  endfacet
  facet normal 0 -0.956981 -0.290149
    outer loop
      vertex 0 -1.89386 19.3571
      vertex 55.4368 -1.93185 19.4824
      vertex 0 -1.93185 19.4824
    endloop
  endfacet
  facet normal 0 -0.956981 -0.290149
    outer loop
      vertex 55.4368 -1.93185 19.4824
      vertex 0 -1.89386 19.3571
      vertex 55.438 -1.89386 19.3571
    endloop
  endfacet
  facet normal 0 -0.956981 -0.290149
    outer loop
      vertex 64.938 -1.89386 19.3571
      vertex 73 -1.93185 19.4824
      vertex 64.9368 -1.93185 19.4824
    endloop
  endfacet
  facet normal 0 -0.956981 -0.290149
    outer loop
      vertex 73 -1.93185 19.4824
      vertex 64.938 -1.89386 19.3571
      vertex 73 -1.89386 19.3571
    endloop
  endfacet
  facet normal 0 -0.812902 -0.582401
    outer loop
      vertex 0 -1.58671 18.7825
      vertex 55.4456 -1.66294 18.8889
      vertex 0 -1.66294 18.8889
    endloop
  endfacet
  facet normal 0 -0.812902 -0.582401
    outer loop
      vertex 55.4456 -1.66294 18.8889
      vertex 0 -1.58671 18.7825
      vertex 55.4481 -1.58671 18.7825
    endloop
  endfacet
  facet normal 0 -0.812902 -0.582401
    outer loop
      vertex 64.9481 -1.58671 18.7825
      vertex 73 -1.66294 18.8889
      vertex 64.9456 -1.66294 18.8889
    endloop
  endfacet
  facet normal 0 -0.812902 -0.582401
    outer loop
      vertex 73 -1.66294 18.8889
      vertex 64.9481 -1.58671 18.7825
      vertex 73 -1.58671 18.7825
    endloop
  endfacet
  facet normal 0 0.0978044 -0.995206
    outer loop
      vertex 0 0.130806 18.0043
      vertex 55.4915 0.261052 18.0171
      vertex 55.4957 0.130806 18.0043
    endloop
  endfacet
  facet normal 0 0.0978044 -0.995206
    outer loop
      vertex 55.4915 0.261052 18.0171
      vertex 0 0.130806 18.0043
      vertex 0 0.261052 18.0171
    endloop
  endfacet
  facet normal 0 0.0978044 -0.995206
    outer loop
      vertex 64.9957 0.130806 18.0043
      vertex 73 0.261052 18.0171
      vertex 73 0.130806 18.0043
    endloop
  endfacet
  facet normal 0 0.0978044 -0.995206
    outer loop
      vertex 73 0.261052 18.0171
      vertex 64.9957 0.130806 18.0043
      vertex 64.9915 0.261052 18.0171
    endloop
  endfacet
  facet normal 0 -0.986637 -0.162936
    outer loop
      vertex 0 -1.96157 19.6098
      vertex 55.4351 -1.98289 19.7389
      vertex 0 -1.98289 19.7389
    endloop
  endfacet
  facet normal 0 -0.986637 -0.162936
    outer loop
      vertex 55.4351 -1.98289 19.7389
      vertex 0 -1.96157 19.6098
      vertex 55.4358 -1.96157 19.6098
    endloop
  endfacet
  facet normal 0 -0.986637 -0.162936
    outer loop
      vertex 64.9358 -1.96157 19.6098
      vertex 73 -1.98289 19.7389
      vertex 64.9351 -1.98289 19.7389
    endloop
  endfacet
  facet normal 0 -0.986637 -0.162936
    outer loop
      vertex 73 -1.98289 19.7389
      vertex 64.9358 -1.96157 19.6098
      vertex 73 -1.96157 19.6098
    endloop
  endfacet
  facet normal 0 0.812902 -0.582401
    outer loop
      vertex 64.9481 1.58671 18.7825
      vertex 73 1.66294 18.8889
      vertex 73 1.58671 18.7825
    endloop
  endfacet
  facet normal 0 0.812902 -0.582401
    outer loop
      vertex 73 1.66294 18.8889
      vertex 64.9481 1.58671 18.7825
      vertex 64.9456 1.66294 18.8889
    endloop
  endfacet
  facet normal 0 0.812902 -0.582401
    outer loop
      vertex 0 1.58671 18.7825
      vertex 55.4456 1.66294 18.8889
      vertex 55.4481 1.58671 18.7825
    endloop
  endfacet
  facet normal 0 0.812902 -0.582401
    outer loop
      vertex 55.4456 1.66294 18.8889
      vertex 0 1.58671 18.7825
      vertex 0 1.66294 18.8889
    endloop
  endfacet
  facet normal 0 -0.413256 -0.910615
    outer loop
      vertex 0 -0.765367 18.1522
      vertex 55.471 -0.884577 18.2063
      vertex 0 -0.884577 18.2063
    endloop
  endfacet
  facet normal 0 -0.413256 -0.910615
    outer loop
      vertex 55.471 -0.884577 18.2063
      vertex 0 -0.765367 18.1522
      vertex 55.4749 -0.765367 18.1522
    endloop
  endfacet
  facet normal 0 -0.413256 -0.910615
    outer loop
      vertex 73 -0.884577 18.2063
      vertex 64.9749 -0.765367 18.1522
      vertex 73 -0.765367 18.1522
    endloop
  endfacet
  facet normal 0 -0.413256 -0.910615
    outer loop
      vertex 64.9749 -0.765367 18.1522
      vertex 73 -0.884577 18.2063
      vertex 64.971 -0.884577 18.2063
    endloop
  endfacet
  facet normal 0 0.528556 -0.848898
    outer loop
      vertex 0 1 18.2679
      vertex 55.4636 1.11114 18.3371
      vertex 55.4673 1 18.2679
    endloop
  endfacet
  facet normal 0 0.528556 -0.848898
    outer loop
      vertex 55.4636 1.11114 18.3371
      vertex 0 1 18.2679
      vertex 0 1.11114 18.3371
    endloop
  endfacet
  facet normal 0 0.528556 -0.848898
    outer loop
      vertex 64.9673 1 18.2679
      vertex 73 1.11114 18.3371
      vertex 73 1 18.2679
    endloop
  endfacet
  facet normal 0 0.528556 -0.848898
    outer loop
      vertex 73 1.11114 18.3371
      vertex 64.9673 1 18.2679
      vertex 64.9636 1.11114 18.3371
    endloop
  endfacet
  facet normal 0 0.986637 0.162936
    outer loop
      vertex 73 1.98289 20.2611
      vertex 64.9358 1.96157 20.3902
      vertex 73 1.96157 20.3902
    endloop
  endfacet
  facet normal 0 0.986637 0.162936
    outer loop
      vertex 64.9358 1.96157 20.3902
      vertex 73 1.98289 20.2611
      vertex 64.9351 1.98289 20.2611
    endloop
  endfacet
  facet normal 0 0.986637 0.162936
    outer loop
      vertex 55.4351 1.98289 20.2611
      vertex 0 1.96157 20.3902
      vertex 55.4358 1.96157 20.3902
    endloop
  endfacet
  facet normal 0 0.986637 0.162936
    outer loop
      vertex 0 1.96157 20.3902
      vertex 55.4351 1.98289 20.2611
      vertex 0 1.98289 20.2611
    endloop
  endfacet
  facet normal 0 0.91086 -0.412715
    outer loop
      vertex 0 1.79375 19.1154
      vertex 55.4395 1.84776 19.2346
      vertex 55.4413 1.79375 19.1154
    endloop
  endfacet
  facet normal 0 0.91086 -0.412715
    outer loop
      vertex 55.4395 1.84776 19.2346
      vertex 0 1.79375 19.1154
      vertex 0 1.84776 19.2346
    endloop
  endfacet
  facet normal 0 0.91086 -0.412715
    outer loop
      vertex 64.9413 1.79375 19.1154
      vertex 73 1.84776 19.2346
      vertex 73 1.79375 19.1154
    endloop
  endfacet
  facet normal 0 0.91086 -0.412715
    outer loop
      vertex 73 1.84776 19.2346
      vertex 64.9413 1.79375 19.1154
      vertex 64.9395 1.84776 19.2346
    endloop
  endfacet
  facet normal 0 -0.290342 -0.956923
    outer loop
      vertex 0 -0.517637 18.0681
      vertex 55.479 -0.642879 18.1061
      vertex 0 -0.642879 18.1061
    endloop
  endfacet
  facet normal 0 -0.290342 -0.956923
    outer loop
      vertex 55.479 -0.642879 18.1061
      vertex 0 -0.517637 18.0681
      vertex 55.4831 -0.517637 18.0681
    endloop
  endfacet
  facet normal 0 -0.290342 -0.956923
    outer loop
      vertex 73 -0.642879 18.1061
      vertex 64.9831 -0.517637 18.0681
      vertex 73 -0.517637 18.0681
    endloop
  endfacet
  facet normal 0 -0.290342 -0.956923
    outer loop
      vertex 64.9831 -0.517637 18.0681
      vertex 73 -0.642879 18.1061
      vertex 64.979 -0.642879 18.1061
    endloop
  endfacet
  facet normal 0 -0.582322 -0.812958
    outer loop
      vertex 73 -1.21752 18.4133
      vertex 64.9636 -1.11114 18.3371
      vertex 73 -1.11114 18.3371
    endloop
  endfacet
  facet normal 0 -0.582322 -0.812958
    outer loop
      vertex 64.9636 -1.11114 18.3371
      vertex 73 -1.21752 18.4133
      vertex 64.9601 -1.21752 18.4133
    endloop
  endfacet
  facet normal 0 -0.582322 -0.812958
    outer loop
      vertex 0 -1.11114 18.3371
      vertex 55.4601 -1.21752 18.4133
      vertex 0 -1.21752 18.4133
    endloop
  endfacet
  facet normal 0 -0.582322 -0.812958
    outer loop
      vertex 55.4601 -1.21752 18.4133
      vertex 0 -1.11114 18.3371
      vertex 55.4636 -1.11114 18.3371
    endloop
  endfacet
  facet normal 0 0.956981 -0.290149
    outer loop
      vertex 73 1.89386 19.3571
      vertex 64.9368 1.93185 19.4824
      vertex 73 1.93185 19.4824
    endloop
  endfacet
  facet normal 0 0.956981 -0.290149
    outer loop
      vertex 64.9368 1.93185 19.4824
      vertex 73 1.89386 19.3571
      vertex 64.938 1.89386 19.3571
    endloop
  endfacet
  facet normal 0 0.956981 -0.290149
    outer loop
      vertex 55.438 1.89386 19.3571
      vertex 0 1.93185 19.4824
      vertex 55.4368 1.93185 19.4824
    endloop
  endfacet
  facet normal 0 0.956981 -0.290149
    outer loop
      vertex 0 1.93185 19.4824
      vertex 55.438 1.89386 19.3571
      vertex 0 1.89386 19.3571
    endloop
  endfacet
  facet normal 0 -0.162752 0.986667
    outer loop
      vertex 0 -0.261052 21.9829
      vertex 55.4872 -0.390181 21.9616
      vertex 55.4915 -0.261052 21.9829
    endloop
  endfacet
  facet normal 0 -0.162752 0.986667
    outer loop
      vertex 55.4872 -0.390181 21.9616
      vertex 0 -0.261052 21.9829
      vertex 0 -0.390181 21.9616
    endloop
  endfacet
  facet normal 0 -0.162752 0.986667
    outer loop
      vertex 64.9915 -0.261052 21.9829
      vertex 73 -0.390181 21.9616
      vertex 73 -0.261052 21.9829
    endloop
  endfacet
  facet normal 0 -0.162752 0.986667
    outer loop
      vertex 73 -0.390181 21.9616
      vertex 64.9915 -0.261052 21.9829
      vertex 64.9872 -0.390181 21.9616
    endloop
  endfacet
  facet normal 0 0.93592 0.352212
    outer loop
      vertex 55.438 1.89386 20.6429
      vertex 0 1.84776 20.7654
      vertex 55.4395 1.84776 20.7654
    endloop
  endfacet
  facet normal 0 0.93592 0.352212
    outer loop
      vertex 0 1.84776 20.7654
      vertex 55.438 1.89386 20.6429
      vertex 0 1.89386 20.6429
    endloop
  endfacet
  facet normal 0 0.93592 0.352212
    outer loop
      vertex 73 1.89386 20.6429
      vertex 64.9395 1.84776 20.7654
      vertex 73 1.84776 20.7654
    endloop
  endfacet
  facet normal 0 0.93592 0.352212
    outer loop
      vertex 64.9395 1.84776 20.7654
      vertex 73 1.89386 20.6429
      vertex 64.938 1.89386 20.6429
    endloop
  endfacet
  facet normal 0 0.470833 -0.882223
    outer loop
      vertex 64.971 0.884577 18.2063
      vertex 73 1 18.2679
      vertex 73 0.884577 18.2063
    endloop
  endfacet
  facet normal 0 0.470833 -0.882223
    outer loop
      vertex 73 1 18.2679
      vertex 64.971 0.884577 18.2063
      vertex 64.9673 1 18.2679
    endloop
  endfacet
  facet normal 0 0.470833 -0.882223
    outer loop
      vertex 0 0.884577 18.2063
      vertex 55.4673 1 18.2679
      vertex 55.471 0.884577 18.2063
    endloop
  endfacet
  facet normal 0 0.470833 -0.882223
    outer loop
      vertex 55.4673 1 18.2679
      vertex 0 0.884577 18.2063
      vertex 0 1 18.2679
    endloop
  endfacet
  facet normal 0 -0.849121 -0.528198
    outer loop
      vertex 0 -1.66294 18.8889
      vertex 55.4433 -1.73205 19
      vertex 0 -1.73205 19
    endloop
  endfacet
  facet normal 0 -0.849121 -0.528198
    outer loop
      vertex 55.4433 -1.73205 19
      vertex 0 -1.66294 18.8889
      vertex 55.4456 -1.66294 18.8889
    endloop
  endfacet
  facet normal 0 -0.849121 -0.528198
    outer loop
      vertex 64.9456 -1.66294 18.8889
      vertex 73 -1.73205 19
      vertex 64.9433 -1.73205 19
    endloop
  endfacet
  facet normal 0 -0.849121 -0.528198
    outer loop
      vertex 73 -1.73205 19
      vertex 64.9456 -1.66294 18.8889
      vertex 73 -1.66294 18.8889
    endloop
  endfacet
  facet normal 0 0.683738 0.729728
    outer loop
      vertex 73 1.41421 21.4142
      vertex 64.9568 1.31869 21.5037
      vertex 73 1.31869 21.5037
    endloop
  endfacet
  facet normal 0 0.683738 0.729728
    outer loop
      vertex 64.9568 1.31869 21.5037
      vertex 73 1.41421 21.4142
      vertex 64.9537 1.41421 21.4142
    endloop
  endfacet
  facet normal 0 0.683738 0.729728
    outer loop
      vertex 0 1.31869 21.5037
      vertex 55.4537 1.41421 21.4142
      vertex 0 1.41421 21.4142
    endloop
  endfacet
  facet normal 0 0.683738 0.729728
    outer loop
      vertex 55.4537 1.41421 21.4142
      vertex 0 1.31869 21.5037
      vertex 55.4568 1.31869 21.5037
    endloop
  endfacet
  facet normal 0 -0.528556 -0.848898
    outer loop
      vertex 73 -1.11114 18.3371
      vertex 64.9673 -1 18.2679
      vertex 73 -1 18.2679
    endloop
  endfacet
  facet normal 0 -0.528556 -0.848898
    outer loop
      vertex 64.9673 -1 18.2679
      vertex 73 -1.11114 18.3371
      vertex 64.9636 -1.11114 18.3371
    endloop
  endfacet
  facet normal 0 -0.528556 -0.848898
    outer loop
      vertex 0 -1 18.2679
      vertex 55.4636 -1.11114 18.3371
      vertex 0 -1.11114 18.3371
    endloop
  endfacet
  facet normal 0 -0.528556 -0.848898
    outer loop
      vertex 55.4636 -1.11114 18.3371
      vertex 0 -1 18.2679
      vertex 55.4673 -1 18.2679
    endloop
  endfacet
  facet normal 0 0.634265 -0.773116
    outer loop
      vertex 64.9601 1.21752 18.4133
      vertex 73 1.31869 18.4963
      vertex 73 1.21752 18.4133
    endloop
  endfacet
  facet normal 0 0.634265 -0.773116
    outer loop
      vertex 73 1.31869 18.4963
      vertex 64.9601 1.21752 18.4133
      vertex 64.9568 1.31869 18.4963
    endloop
  endfacet
  facet normal 0 0.634265 -0.773116
    outer loop
      vertex 0 1.21752 18.4133
      vertex 55.4568 1.31869 18.4963
      vertex 55.4601 1.21752 18.4133
    endloop
  endfacet
  facet normal 0 0.634265 -0.773116
    outer loop
      vertex 55.4568 1.31869 18.4963
      vertex 0 1.21752 18.4133
      vertex 0 1.31869 18.4963
    endloop
  endfacet
  facet normal 0 0.226942 -0.973908
    outer loop
      vertex 0 0.390181 18.0384
      vertex 55.4831 0.517637 18.0681
      vertex 55.4872 0.390181 18.0384
    endloop
  endfacet
  facet normal 0 0.226942 -0.973908
    outer loop
      vertex 55.4831 0.517637 18.0681
      vertex 0 0.390181 18.0384
      vertex 0 0.517637 18.0681
    endloop
  endfacet
  facet normal 0 0.226942 -0.973908
    outer loop
      vertex 64.9872 0.390181 18.0384
      vertex 73 0.517637 18.0681
      vertex 73 0.390181 18.0384
    endloop
  endfacet
  facet normal 0 0.226942 -0.973908
    outer loop
      vertex 73 0.517637 18.0681
      vertex 64.9872 0.390181 18.0384
      vertex 64.9831 0.517637 18.0681
    endloop
  endfacet
  facet normal 0 -0.999465 -0.0327042
    outer loop
      vertex 0 -1.99572 19.8692
      vertex 55.4345 -2 20
      vertex 0 -2 20
    endloop
  endfacet
  facet normal 0 -0.999465 -0.0327042
    outer loop
      vertex 55.4345 -2 20
      vertex 0 -1.99572 19.8692
      vertex 55.4347 -1.99572 19.8692
    endloop
  endfacet
  facet normal 0 -0.999465 -0.0327042
    outer loop
      vertex 64.9347 -1.99572 19.8692
      vertex 73 -2 20
      vertex 64.9345 -2 20
    endloop
  endfacet
  facet normal 0 -0.999465 -0.0327042
    outer loop
      vertex 73 -2 20
      vertex 64.9347 -1.99572 19.8692
      vertex 73 -1.99572 19.8692
    endloop
  endfacet
  facet normal 0 -0.729771 -0.683692
    outer loop
      vertex 64.9537 -1.41421 18.5858
      vertex 73 -1.50368 18.6813
      vertex 64.9508 -1.50368 18.6813
    endloop
  endfacet
  facet normal 0 -0.729771 -0.683692
    outer loop
      vertex 73 -1.50368 18.6813
      vertex 64.9537 -1.41421 18.5858
      vertex 73 -1.41421 18.5858
    endloop
  endfacet
  facet normal 0 -0.729771 -0.683692
    outer loop
      vertex 0 -1.41421 18.5858
      vertex 55.4508 -1.50368 18.6813
      vertex 0 -1.50368 18.6813
    endloop
  endfacet
  facet normal 0 -0.729771 -0.683692
    outer loop
      vertex 55.4508 -1.50368 18.6813
      vertex 0 -1.41421 18.5858
      vertex 55.4537 -1.41421 18.5858
    endloop
  endfacet
  facet normal 0 0.881866 -0.4715
    outer loop
      vertex 0 1.73205 19
      vertex 55.4413 1.79375 19.1154
      vertex 55.4433 1.73205 19
    endloop
  endfacet
  facet normal 0 0.881866 -0.4715
    outer loop
      vertex 55.4413 1.79375 19.1154
      vertex 0 1.73205 19
      vertex 0 1.79375 19.1154
    endloop
  endfacet
  facet normal 0 0.881866 -0.4715
    outer loop
      vertex 64.9433 1.73205 19
      vertex 73 1.79375 19.1154
      vertex 73 1.73205 19
    endloop
  endfacet
  facet normal 0 0.881866 -0.4715
    outer loop
      vertex 73 1.79375 19.1154
      vertex 64.9433 1.73205 19
      vertex 64.9413 1.79375 19.1154
    endloop
  endfacet
  facet normal 0 -0.0978044 -0.995206
    outer loop
      vertex 0 -0.130806 18.0043
      vertex 55.4915 -0.261052 18.0171
      vertex 0 -0.261052 18.0171
    endloop
  endfacet
  facet normal 0 -0.0978044 -0.995206
    outer loop
      vertex 55.4915 -0.261052 18.0171
      vertex 0 -0.130806 18.0043
      vertex 55.4957 -0.130806 18.0043
    endloop
  endfacet
  facet normal 0 -0.0978044 -0.995206
    outer loop
      vertex 73 -0.261052 18.0171
      vertex 64.9957 -0.130806 18.0043
      vertex 73 -0.130806 18.0043
    endloop
  endfacet
  facet normal 0 -0.0978044 -0.995206
    outer loop
      vertex 64.9957 -0.130806 18.0043
      vertex 73 -0.261052 18.0171
      vertex 64.9915 -0.261052 18.0171
    endloop
  endfacet
  facet normal 0 0.0978044 0.995206
    outer loop
      vertex 73 0.261052 21.9829
      vertex 64.9957 0.130806 21.9957
      vertex 73 0.130806 21.9957
    endloop
  endfacet
  facet normal 0 0.0978044 0.995206
    outer loop
      vertex 64.9957 0.130806 21.9957
      vertex 73 0.261052 21.9829
      vertex 64.9915 0.261052 21.9829
    endloop
  endfacet
  facet normal 0 0.0978044 0.995206
    outer loop
      vertex 0 0.130806 21.9957
      vertex 55.4915 0.261052 21.9829
      vertex 0 0.261052 21.9829
    endloop
  endfacet
  facet normal 0 0.0978044 0.995206
    outer loop
      vertex 55.4915 0.261052 21.9829
      vertex 0 0.130806 21.9957
      vertex 55.4957 0.130806 21.9957
    endloop
  endfacet
  facet normal 0 0.290342 -0.956923
    outer loop
      vertex 64.9831 0.517637 18.0681
      vertex 73 0.642879 18.1061
      vertex 73 0.517637 18.0681
    endloop
  endfacet
  facet normal 0 0.290342 -0.956923
    outer loop
      vertex 73 0.642879 18.1061
      vertex 64.9831 0.517637 18.0681
      vertex 64.979 0.642879 18.1061
    endloop
  endfacet
  facet normal 0 0.290342 -0.956923
    outer loop
      vertex 0 0.517637 18.0681
      vertex 55.479 0.642879 18.1061
      vertex 55.4831 0.517637 18.0681
    endloop
  endfacet
  facet normal 0 0.290342 -0.956923
    outer loop
      vertex 55.479 0.642879 18.1061
      vertex 0 0.517637 18.0681
      vertex 0 0.642879 18.1061
    endloop
  endfacet
  facet normal 0 -0.973852 -0.227181
    outer loop
      vertex 0 -1.93185 19.4824
      vertex 55.4358 -1.96157 19.6098
      vertex 0 -1.96157 19.6098
    endloop
  endfacet
  facet normal 0 -0.973852 -0.227181
    outer loop
      vertex 55.4358 -1.96157 19.6098
      vertex 0 -1.93185 19.4824
      vertex 55.4368 -1.93185 19.4824
    endloop
  endfacet
  facet normal 0 -0.973852 -0.227181
    outer loop
      vertex 64.9368 -1.93185 19.4824
      vertex 73 -1.96157 19.6098
      vertex 64.9358 -1.96157 19.6098
    endloop
  endfacet
  facet normal 0 -0.973852 -0.227181
    outer loop
      vertex 73 -1.96157 19.6098
      vertex 64.9368 -1.93185 19.4824
      vertex 73 -1.93185 19.4824
    endloop
  endfacet
  facet normal 0 0.91086 0.412715
    outer loop
      vertex 73 1.84776 20.7654
      vertex 64.9413 1.79375 20.8846
      vertex 73 1.79375 20.8846
    endloop
  endfacet
  facet normal 0 0.91086 0.412715
    outer loop
      vertex 64.9413 1.79375 20.8846
      vertex 73 1.84776 20.7654
      vertex 64.9395 1.84776 20.7654
    endloop
  endfacet
  facet normal 0 0.91086 0.412715
    outer loop
      vertex 55.4395 1.84776 20.7654
      vertex 0 1.79375 20.8846
      vertex 55.4413 1.79375 20.8846
    endloop
  endfacet
  facet normal 0 0.91086 0.412715
    outer loop
      vertex 0 1.79375 20.8846
      vertex 55.4395 1.84776 20.7654
      vertex 0 1.84776 20.7654
    endloop
  endfacet
  facet normal 0 0.93592 -0.352212
    outer loop
      vertex 64.9395 1.84776 19.2346
      vertex 73 1.89386 19.3571
      vertex 73 1.84776 19.2346
    endloop
  endfacet
  facet normal 0 0.93592 -0.352212
    outer loop
      vertex 73 1.89386 19.3571
      vertex 64.9395 1.84776 19.2346
      vertex 64.938 1.89386 19.3571
    endloop
  endfacet
  facet normal 0 0.93592 -0.352212
    outer loop
      vertex 0 1.84776 19.2346
      vertex 55.438 1.89386 19.3571
      vertex 55.4395 1.84776 19.2346
    endloop
  endfacet
  facet normal 0 0.93592 -0.352212
    outer loop
      vertex 55.438 1.89386 19.3571
      vertex 0 1.84776 19.2346
      vertex 0 1.89386 19.3571
    endloop
  endfacet
  facet normal 0 0.226942 0.973908
    outer loop
      vertex 73 0.517637 21.9319
      vertex 64.9872 0.390181 21.9616
      vertex 73 0.390181 21.9616
    endloop
  endfacet
  facet normal 0 0.226942 0.973908
    outer loop
      vertex 64.9872 0.390181 21.9616
      vertex 73 0.517637 21.9319
      vertex 64.9831 0.517637 21.9319
    endloop
  endfacet
  facet normal 0 0.226942 0.973908
    outer loop
      vertex 0 0.390181 21.9616
      vertex 55.4831 0.517637 21.9319
      vertex 0 0.517637 21.9319
    endloop
  endfacet
  facet normal 0 0.226942 0.973908
    outer loop
      vertex 55.4831 0.517637 21.9319
      vertex 0 0.390181 21.9616
      vertex 55.4872 0.390181 21.9616
    endloop
  endfacet
  facet normal 0 -0.683738 -0.729728
    outer loop
      vertex 73 -1.41421 18.5858
      vertex 64.9568 -1.31869 18.4963
      vertex 73 -1.31869 18.4963
    endloop
  endfacet
  facet normal 0 -0.683738 -0.729728
    outer loop
      vertex 64.9568 -1.31869 18.4963
      vertex 73 -1.41421 18.5858
      vertex 64.9537 -1.41421 18.5858
    endloop
  endfacet
  facet normal 0 -0.683738 -0.729728
    outer loop
      vertex 0 -1.31869 18.4963
      vertex 55.4537 -1.41421 18.5858
      vertex 0 -1.41421 18.5858
    endloop
  endfacet
  facet normal 0 -0.683738 -0.729728
    outer loop
      vertex 55.4537 -1.41421 18.5858
      vertex 0 -1.31869 18.4963
      vertex 55.4568 -1.31869 18.4963
    endloop
  endfacet
  facet normal 0 -0.773095 -0.63429
    outer loop
      vertex 64.9508 -1.50368 18.6813
      vertex 73 -1.58671 18.7825
      vertex 64.9481 -1.58671 18.7825
    endloop
  endfacet
  facet normal 0 -0.773095 -0.63429
    outer loop
      vertex 73 -1.58671 18.7825
      vertex 64.9508 -1.50368 18.6813
      vertex 73 -1.50368 18.6813
    endloop
  endfacet
  facet normal 0 -0.773095 -0.63429
    outer loop
      vertex 0 -1.50368 18.6813
      vertex 55.4481 -1.58671 18.7825
      vertex 0 -1.58671 18.7825
    endloop
  endfacet
  facet normal 0 -0.773095 -0.63429
    outer loop
      vertex 55.4481 -1.58671 18.7825
      vertex 0 -1.50368 18.6813
      vertex 55.4508 -1.50368 18.6813
    endloop
  endfacet
  facet normal 0 -0.0978044 0.995206
    outer loop
      vertex 0 -0.130806 21.9957
      vertex 55.4915 -0.261052 21.9829
      vertex 55.4957 -0.130806 21.9957
    endloop
  endfacet
  facet normal 0 -0.0978044 0.995206
    outer loop
      vertex 55.4915 -0.261052 21.9829
      vertex 0 -0.130806 21.9957
      vertex 0 -0.261052 21.9829
    endloop
  endfacet
  facet normal 0 -0.0978044 0.995206
    outer loop
      vertex 64.9957 -0.130806 21.9957
      vertex 73 -0.261052 21.9829
      vertex 73 -0.130806 21.9957
    endloop
  endfacet
  facet normal 0 -0.0978044 0.995206
    outer loop
      vertex 73 -0.261052 21.9829
      vertex 64.9957 -0.130806 21.9957
      vertex 64.9915 -0.261052 21.9829
    endloop
  endfacet
  facet normal 0 0.995187 0.0979912
    outer loop
      vertex 73 1.99572 20.1308
      vertex 64.9351 1.98289 20.2611
      vertex 73 1.98289 20.2611
    endloop
  endfacet
  facet normal 0 0.995187 0.0979912
    outer loop
      vertex 64.9351 1.98289 20.2611
      vertex 73 1.99572 20.1308
      vertex 64.9347 1.99572 20.1308
    endloop
  endfacet
  facet normal 0 0.995187 0.0979912
    outer loop
      vertex 55.4347 1.99572 20.1308
      vertex 0 1.98289 20.2611
      vertex 55.4351 1.98289 20.2611
    endloop
  endfacet
  facet normal 0 0.995187 0.0979912
    outer loop
      vertex 0 1.98289 20.2611
      vertex 55.4347 1.99572 20.1308
      vertex 0 1.99572 20.1308
    endloop
  endfacet
  facet normal 0 -0.881866 -0.4715
    outer loop
      vertex 64.9433 -1.73205 19
      vertex 73 -1.79375 19.1154
      vertex 64.9413 -1.79375 19.1154
    endloop
  endfacet
  facet normal 0 -0.881866 -0.4715
    outer loop
      vertex 73 -1.79375 19.1154
      vertex 64.9433 -1.73205 19
      vertex 73 -1.73205 19
    endloop
  endfacet
  facet normal 0 -0.881866 -0.4715
    outer loop
      vertex 0 -1.73205 19
      vertex 55.4413 -1.79375 19.1154
      vertex 0 -1.79375 19.1154
    endloop
  endfacet
  facet normal 0 -0.881866 -0.4715
    outer loop
      vertex 55.4413 -1.79375 19.1154
      vertex 0 -1.73205 19
      vertex 55.4433 -1.73205 19
    endloop
  endfacet
  facet normal 0 -0.995187 0.0979912
    outer loop
      vertex 64.9347 -1.99572 20.1308
      vertex 73 -1.98289 20.2611
      vertex 64.9351 -1.98289 20.2611
    endloop
  endfacet
  facet normal 0 -0.995187 0.0979912
    outer loop
      vertex 73 -1.98289 20.2611
      vertex 64.9347 -1.99572 20.1308
      vertex 73 -1.99572 20.1308
    endloop
  endfacet
  facet normal 0 -0.995187 0.0979912
    outer loop
      vertex 0 -1.99572 20.1308
      vertex 55.4351 -1.98289 20.2611
      vertex 0 -1.98289 20.2611
    endloop
  endfacet
  facet normal 0 -0.995187 0.0979912
    outer loop
      vertex 55.4351 -1.98289 20.2611
      vertex 0 -1.99572 20.1308
      vertex 55.4347 -1.99572 20.1308
    endloop
  endfacet
  facet normal 0 0.352242 -0.935909
    outer loop
      vertex 64.979 0.642879 18.1061
      vertex 73 0.765367 18.1522
      vertex 73 0.642879 18.1061
    endloop
  endfacet
  facet normal 0 0.352242 -0.935909
    outer loop
      vertex 73 0.765367 18.1522
      vertex 64.979 0.642879 18.1061
      vertex 64.9749 0.765367 18.1522
    endloop
  endfacet
  facet normal 0 0.352242 -0.935909
    outer loop
      vertex 0 0.642879 18.1061
      vertex 55.4749 0.765367 18.1522
      vertex 55.479 0.642879 18.1061
    endloop
  endfacet
  facet normal 0 0.352242 -0.935909
    outer loop
      vertex 55.4749 0.765367 18.1522
      vertex 0 0.642879 18.1061
      vertex 0 0.765367 18.1522
    endloop
  endfacet
  facet normal 0 -0.773095 0.63429
    outer loop
      vertex 73 -1.58671 21.2175
      vertex 64.9508 -1.50368 21.3187
      vertex 64.9481 -1.58671 21.2175
    endloop
  endfacet
  facet normal 0 -0.773095 0.63429
    outer loop
      vertex 64.9508 -1.50368 21.3187
      vertex 73 -1.58671 21.2175
      vertex 73 -1.50368 21.3187
    endloop
  endfacet
  facet normal 0 -0.773095 0.63429
    outer loop
      vertex 55.4481 -1.58671 21.2175
      vertex 0 -1.50368 21.3187
      vertex 0 -1.58671 21.2175
    endloop
  endfacet
  facet normal 0 -0.773095 0.63429
    outer loop
      vertex 0 -1.50368 21.3187
      vertex 55.4481 -1.58671 21.2175
      vertex 55.4508 -1.50368 21.3187
    endloop
  endfacet
  facet normal 0 -0.582322 0.812958
    outer loop
      vertex 0 -1.11114 21.6629
      vertex 55.4601 -1.21752 21.5867
      vertex 55.4636 -1.11114 21.6629
    endloop
  endfacet
  facet normal 0 -0.582322 0.812958
    outer loop
      vertex 55.4601 -1.21752 21.5867
      vertex 0 -1.11114 21.6629
      vertex 0 -1.21752 21.5867
    endloop
  endfacet
  facet normal 0 -0.582322 0.812958
    outer loop
      vertex 64.9636 -1.11114 21.6629
      vertex 73 -1.21752 21.5867
      vertex 73 -1.11114 21.6629
    endloop
  endfacet
  facet normal 0 -0.582322 0.812958
    outer loop
      vertex 73 -1.21752 21.5867
      vertex 64.9636 -1.11114 21.6629
      vertex 64.9601 -1.21752 21.5867
    endloop
  endfacet
  facet normal 0 0.352242 0.935909
    outer loop
      vertex 73 0.765367 21.8478
      vertex 64.979 0.642879 21.8939
      vertex 73 0.642879 21.8939
    endloop
  endfacet
  facet normal 0 0.352242 0.935909
    outer loop
      vertex 64.979 0.642879 21.8939
      vertex 73 0.765367 21.8478
      vertex 64.9749 0.765367 21.8478
    endloop
  endfacet
  facet normal 0 0.352242 0.935909
    outer loop
      vertex 0 0.642879 21.8939
      vertex 55.4749 0.765367 21.8478
      vertex 0 0.765367 21.8478
    endloop
  endfacet
  facet normal 0 0.352242 0.935909
    outer loop
      vertex 55.4749 0.765367 21.8478
      vertex 0 0.642879 21.8939
      vertex 55.479 0.642879 21.8939
    endloop
  endfacet
  facet normal 0 0.729771 -0.683692
    outer loop
      vertex 64.9537 1.41421 18.5858
      vertex 73 1.50368 18.6813
      vertex 73 1.41421 18.5858
    endloop
  endfacet
  facet normal 0 0.729771 -0.683692
    outer loop
      vertex 73 1.50368 18.6813
      vertex 64.9537 1.41421 18.5858
      vertex 64.9508 1.50368 18.6813
    endloop
  endfacet
  facet normal 0 0.729771 -0.683692
    outer loop
      vertex 0 1.41421 18.5858
      vertex 55.4508 1.50368 18.6813
      vertex 55.4537 1.41421 18.5858
    endloop
  endfacet
  facet normal 0 0.729771 -0.683692
    outer loop
      vertex 55.4508 1.50368 18.6813
      vertex 0 1.41421 18.5858
      vertex 0 1.50368 18.6813
    endloop
  endfacet
  facet normal 0 -0.413256 0.910615
    outer loop
      vertex 0 -0.765367 21.8478
      vertex 55.471 -0.884577 21.7937
      vertex 55.4749 -0.765367 21.8478
    endloop
  endfacet
  facet normal 0 -0.413256 0.910615
    outer loop
      vertex 55.471 -0.884577 21.7937
      vertex 0 -0.765367 21.8478
      vertex 0 -0.884577 21.7937
    endloop
  endfacet
  facet normal 0 -0.413256 0.910615
    outer loop
      vertex 64.9749 -0.765367 21.8478
      vertex 73 -0.884577 21.7937
      vertex 73 -0.765367 21.8478
    endloop
  endfacet
  facet normal 0 -0.413256 0.910615
    outer loop
      vertex 73 -0.884577 21.7937
      vertex 64.9749 -0.765367 21.8478
      vertex 64.971 -0.884577 21.7937
    endloop
  endfacet
  facet normal 0 -0.93592 -0.352212
    outer loop
      vertex 64.9395 -1.84776 19.2346
      vertex 73 -1.89386 19.3571
      vertex 64.938 -1.89386 19.3571
    endloop
  endfacet
  facet normal 0 -0.93592 -0.352212
    outer loop
      vertex 73 -1.89386 19.3571
      vertex 64.9395 -1.84776 19.2346
      vertex 73 -1.84776 19.2346
    endloop
  endfacet
  facet normal 0 -0.93592 -0.352212
    outer loop
      vertex 0 -1.84776 19.2346
      vertex 55.438 -1.89386 19.3571
      vertex 0 -1.89386 19.3571
    endloop
  endfacet
  facet normal 0 -0.93592 -0.352212
    outer loop
      vertex 55.438 -1.89386 19.3571
      vertex 0 -1.84776 19.2346
      vertex 55.4395 -1.84776 19.2346
    endloop
  endfacet
  facet normal 0 -0.226942 -0.973908
    outer loop
      vertex 73 -0.517637 18.0681
      vertex 64.9872 -0.390181 18.0384
      vertex 73 -0.390181 18.0384
    endloop
  endfacet
  facet normal 0 -0.226942 -0.973908
    outer loop
      vertex 64.9872 -0.390181 18.0384
      vertex 73 -0.517637 18.0681
      vertex 64.9831 -0.517637 18.0681
    endloop
  endfacet
  facet normal 0 -0.226942 -0.973908
    outer loop
      vertex 0 -0.390181 18.0384
      vertex 55.4831 -0.517637 18.0681
      vertex 0 -0.517637 18.0681
    endloop
  endfacet
  facet normal 0 -0.226942 -0.973908
    outer loop
      vertex 55.4831 -0.517637 18.0681
      vertex 0 -0.390181 18.0384
      vertex 55.4872 -0.390181 18.0384
    endloop
  endfacet
  facet normal 0 0.995187 -0.0979912
    outer loop
      vertex 55.4351 1.98289 19.7389
      vertex 0 1.99572 19.8692
      vertex 55.4347 1.99572 19.8692
    endloop
  endfacet
  facet normal 0 0.995187 -0.0979912
    outer loop
      vertex 0 1.99572 19.8692
      vertex 55.4351 1.98289 19.7389
      vertex 0 1.98289 19.7389
    endloop
  endfacet
  facet normal 0 0.995187 -0.0979912
    outer loop
      vertex 73 1.98289 19.7389
      vertex 64.9347 1.99572 19.8692
      vertex 73 1.99572 19.8692
    endloop
  endfacet
  facet normal 0 0.995187 -0.0979912
    outer loop
      vertex 64.9347 1.99572 19.8692
      vertex 73 1.98289 19.7389
      vertex 64.9351 1.98289 19.7389
    endloop
  endfacet
  facet normal 0 0.773095 -0.63429
    outer loop
      vertex 64.9508 1.50368 18.6813
      vertex 73 1.58671 18.7825
      vertex 73 1.50368 18.6813
    endloop
  endfacet
  facet normal 0 0.773095 -0.63429
    outer loop
      vertex 73 1.58671 18.7825
      vertex 64.9508 1.50368 18.6813
      vertex 64.9481 1.58671 18.7825
    endloop
  endfacet
  facet normal 0 0.773095 -0.63429
    outer loop
      vertex 0 1.50368 18.6813
      vertex 55.4481 1.58671 18.7825
      vertex 55.4508 1.50368 18.6813
    endloop
  endfacet
  facet normal 0 0.773095 -0.63429
    outer loop
      vertex 55.4481 1.58671 18.7825
      vertex 0 1.50368 18.6813
      vertex 0 1.58671 18.7825
    endloop
  endfacet
  facet normal 0 -0.849121 0.528198
    outer loop
      vertex 55.4433 -1.73205 21
      vertex 0 -1.66294 21.1111
      vertex 0 -1.73205 21
    endloop
  endfacet
  facet normal 0 -0.849121 0.528198
    outer loop
      vertex 0 -1.66294 21.1111
      vertex 55.4433 -1.73205 21
      vertex 55.4456 -1.66294 21.1111
    endloop
  endfacet
  facet normal 0 -0.849121 0.528198
    outer loop
      vertex 73 -1.73205 21
      vertex 64.9456 -1.66294 21.1111
      vertex 64.9433 -1.73205 21
    endloop
  endfacet
  facet normal 0 -0.849121 0.528198
    outer loop
      vertex 64.9456 -1.66294 21.1111
      vertex 73 -1.73205 21
      vertex 73 -1.66294 21.1111
    endloop
  endfacet
  facet normal 0 -0.91086 -0.412715
    outer loop
      vertex 64.9413 -1.79375 19.1154
      vertex 73 -1.84776 19.2346
      vertex 64.9395 -1.84776 19.2346
    endloop
  endfacet
  facet normal 0 -0.91086 -0.412715
    outer loop
      vertex 73 -1.84776 19.2346
      vertex 64.9413 -1.79375 19.1154
      vertex 73 -1.79375 19.1154
    endloop
  endfacet
  facet normal 0 -0.91086 -0.412715
    outer loop
      vertex 0 -1.79375 19.1154
      vertex 55.4395 -1.84776 19.2346
      vertex 0 -1.84776 19.2346
    endloop
  endfacet
  facet normal 0 -0.91086 -0.412715
    outer loop
      vertex 55.4395 -1.84776 19.2346
      vertex 0 -1.79375 19.1154
      vertex 55.4413 -1.79375 19.1154
    endloop
  endfacet
  facet normal 0 0.162752 -0.986667
    outer loop
      vertex 0 0.261052 18.0171
      vertex 55.4872 0.390181 18.0384
      vertex 55.4915 0.261052 18.0171
    endloop
  endfacet
  facet normal 0 0.162752 -0.986667
    outer loop
      vertex 55.4872 0.390181 18.0384
      vertex 0 0.261052 18.0171
      vertex 0 0.390181 18.0384
    endloop
  endfacet
  facet normal 0 0.162752 -0.986667
    outer loop
      vertex 64.9915 0.261052 18.0171
      vertex 73 0.390181 18.0384
      vertex 73 0.261052 18.0171
    endloop
  endfacet
  facet normal 0 0.162752 -0.986667
    outer loop
      vertex 73 0.390181 18.0384
      vertex 64.9915 0.261052 18.0171
      vertex 64.9872 0.390181 18.0384
    endloop
  endfacet
  facet normal 0 0.986637 -0.162936
    outer loop
      vertex 55.4358 1.96157 19.6098
      vertex 0 1.98289 19.7389
      vertex 55.4351 1.98289 19.7389
    endloop
  endfacet
  facet normal 0 0.986637 -0.162936
    outer loop
      vertex 0 1.98289 19.7389
      vertex 55.4358 1.96157 19.6098
      vertex 0 1.96157 19.6098
    endloop
  endfacet
  facet normal 0 0.986637 -0.162936
    outer loop
      vertex 73 1.96157 19.6098
      vertex 64.9351 1.98289 19.7389
      vertex 73 1.98289 19.7389
    endloop
  endfacet
  facet normal 0 0.986637 -0.162936
    outer loop
      vertex 64.9351 1.98289 19.7389
      vertex 73 1.96157 19.6098
      vertex 64.9358 1.96157 19.6098
    endloop
  endfacet
  facet normal 0 0.849121 0.528198
    outer loop
      vertex 55.4433 1.73205 21
      vertex 0 1.66294 21.1111
      vertex 55.4456 1.66294 21.1111
    endloop
  endfacet
  facet normal 0 0.849121 0.528198
    outer loop
      vertex 0 1.66294 21.1111
      vertex 55.4433 1.73205 21
      vertex 0 1.73205 21
    endloop
  endfacet
  facet normal 0 0.849121 0.528198
    outer loop
      vertex 73 1.73205 21
      vertex 64.9456 1.66294 21.1111
      vertex 73 1.66294 21.1111
    endloop
  endfacet
  facet normal 0 0.849121 0.528198
    outer loop
      vertex 64.9456 1.66294 21.1111
      vertex 73 1.73205 21
      vertex 64.9433 1.73205 21
    endloop
  endfacet
  facet normal 0 0.162752 0.986667
    outer loop
      vertex 73 0.390181 21.9616
      vertex 64.9915 0.261052 21.9829
      vertex 73 0.261052 21.9829
    endloop
  endfacet
  facet normal 0 0.162752 0.986667
    outer loop
      vertex 64.9915 0.261052 21.9829
      vertex 73 0.390181 21.9616
      vertex 64.9872 0.390181 21.9616
    endloop
  endfacet
  facet normal 0 0.162752 0.986667
    outer loop
      vertex 0 0.261052 21.9829
      vertex 55.4872 0.390181 21.9616
      vertex 0 0.390181 21.9616
    endloop
  endfacet
  facet normal 0 0.162752 0.986667
    outer loop
      vertex 55.4872 0.390181 21.9616
      vertex 0 0.261052 21.9829
      vertex 55.4915 0.261052 21.9829
    endloop
  endfacet
  facet normal 0 0.413256 -0.910615
    outer loop
      vertex 64.9749 0.765367 18.1522
      vertex 73 0.884577 18.2063
      vertex 73 0.765367 18.1522
    endloop
  endfacet
  facet normal 0 0.413256 -0.910615
    outer loop
      vertex 73 0.884577 18.2063
      vertex 64.9749 0.765367 18.1522
      vertex 64.971 0.884577 18.2063
    endloop
  endfacet
  facet normal 0 0.413256 -0.910615
    outer loop
      vertex 0 0.765367 18.1522
      vertex 55.471 0.884577 18.2063
      vertex 55.4749 0.765367 18.1522
    endloop
  endfacet
  facet normal 0 0.413256 -0.910615
    outer loop
      vertex 55.471 0.884577 18.2063
      vertex 0 0.765367 18.1522
      vertex 0 0.884577 18.2063
    endloop
  endfacet
  facet normal 0 -0.290342 0.956923
    outer loop
      vertex 0 -0.517637 21.9319
      vertex 55.479 -0.642879 21.8939
      vertex 55.4831 -0.517637 21.9319
    endloop
  endfacet
  facet normal 0 -0.290342 0.956923
    outer loop
      vertex 55.479 -0.642879 21.8939
      vertex 0 -0.517637 21.9319
      vertex 0 -0.642879 21.8939
    endloop
  endfacet
  facet normal 0 -0.290342 0.956923
    outer loop
      vertex 64.9831 -0.517637 21.9319
      vertex 73 -0.642879 21.8939
      vertex 73 -0.517637 21.9319
    endloop
  endfacet
  facet normal 0 -0.290342 0.956923
    outer loop
      vertex 73 -0.642879 21.8939
      vertex 64.9831 -0.517637 21.9319
      vertex 64.979 -0.642879 21.8939
    endloop
  endfacet
  facet normal 0 0.290342 0.956923
    outer loop
      vertex 73 0.642879 21.8939
      vertex 64.9831 0.517637 21.9319
      vertex 73 0.517637 21.9319
    endloop
  endfacet
  facet normal 0 0.290342 0.956923
    outer loop
      vertex 64.9831 0.517637 21.9319
      vertex 73 0.642879 21.8939
      vertex 64.979 0.642879 21.8939
    endloop
  endfacet
  facet normal 0 0.290342 0.956923
    outer loop
      vertex 0 0.517637 21.9319
      vertex 55.479 0.642879 21.8939
      vertex 0 0.642879 21.8939
    endloop
  endfacet
  facet normal 0 0.290342 0.956923
    outer loop
      vertex 55.479 0.642879 21.8939
      vertex 0 0.517637 21.9319
      vertex 55.4831 0.517637 21.9319
    endloop
  endfacet
  facet normal 0 -0.973852 0.227181
    outer loop
      vertex 0 -1.96157 20.3902
      vertex 55.4368 -1.93185 20.5176
      vertex 0 -1.93185 20.5176
    endloop
  endfacet
  facet normal 0 -0.973852 0.227181
    outer loop
      vertex 55.4368 -1.93185 20.5176
      vertex 0 -1.96157 20.3902
      vertex 55.4358 -1.96157 20.3902
    endloop
  endfacet
  facet normal 0 -0.973852 0.227181
    outer loop
      vertex 64.9358 -1.96157 20.3902
      vertex 73 -1.93185 20.5176
      vertex 64.9368 -1.93185 20.5176
    endloop
  endfacet
  facet normal 0 -0.973852 0.227181
    outer loop
      vertex 73 -1.93185 20.5176
      vertex 64.9358 -1.96157 20.3902
      vertex 73 -1.96157 20.3902
    endloop
  endfacet
  facet normal 0 -0.93592 0.352212
    outer loop
      vertex 55.438 -1.89386 20.6429
      vertex 0 -1.84776 20.7654
      vertex 0 -1.89386 20.6429
    endloop
  endfacet
  facet normal 0 -0.93592 0.352212
    outer loop
      vertex 0 -1.84776 20.7654
      vertex 55.438 -1.89386 20.6429
      vertex 55.4395 -1.84776 20.7654
    endloop
  endfacet
  facet normal 0 -0.93592 0.352212
    outer loop
      vertex 73 -1.89386 20.6429
      vertex 64.9395 -1.84776 20.7654
      vertex 64.938 -1.89386 20.6429
    endloop
  endfacet
  facet normal 0 -0.93592 0.352212
    outer loop
      vertex 64.9395 -1.84776 20.7654
      vertex 73 -1.89386 20.6429
      vertex 73 -1.84776 20.7654
    endloop
  endfacet
  facet normal 0 0.999465 0.0327042
    outer loop
      vertex 55.4345 2 20
      vertex 0 1.99572 20.1308
      vertex 55.4347 1.99572 20.1308
    endloop
  endfacet
  facet normal 0 0.999465 0.0327042
    outer loop
      vertex 0 1.99572 20.1308
      vertex 55.4345 2 20
      vertex 0 2 20
    endloop
  endfacet
  facet normal 0 0.999465 0.0327042
    outer loop
      vertex 73 2 20
      vertex 64.9347 1.99572 20.1308
      vertex 73 1.99572 20.1308
    endloop
  endfacet
  facet normal 0 0.999465 0.0327042
    outer loop
      vertex 64.9347 1.99572 20.1308
      vertex 73 2 20
      vertex 64.9345 2 20
    endloop
  endfacet
  facet normal 0 -0.729771 0.683692
    outer loop
      vertex 73 -1.50368 21.3187
      vertex 64.9537 -1.41421 21.4142
      vertex 64.9508 -1.50368 21.3187
    endloop
  endfacet
  facet normal 0 -0.729771 0.683692
    outer loop
      vertex 64.9537 -1.41421 21.4142
      vertex 73 -1.50368 21.3187
      vertex 73 -1.41421 21.4142
    endloop
  endfacet
  facet normal 0 -0.729771 0.683692
    outer loop
      vertex 55.4508 -1.50368 21.3187
      vertex 0 -1.41421 21.4142
      vertex 0 -1.50368 21.3187
    endloop
  endfacet
  facet normal 0 -0.729771 0.683692
    outer loop
      vertex 0 -1.41421 21.4142
      vertex 55.4508 -1.50368 21.3187
      vertex 55.4537 -1.41421 21.4142
    endloop
  endfacet
  facet normal 0 -0.471427 0.881905
    outer loop
      vertex 0 -0.884577 21.7937
      vertex 55.4673 -1 21.732
      vertex 55.471 -0.884577 21.7937
    endloop
  endfacet
  facet normal 0 -0.471427 0.881905
    outer loop
      vertex 55.4673 -1 21.732
      vertex 0 -0.884577 21.7937
      vertex 0 -1 21.732
    endloop
  endfacet
  facet normal 0 -0.471427 0.881905
    outer loop
      vertex 64.971 -0.884577 21.7937
      vertex 73 -1 21.732
      vertex 73 -0.884577 21.7937
    endloop
  endfacet
  facet normal 0 -0.471427 0.881905
    outer loop
      vertex 73 -1 21.732
      vertex 64.971 -0.884577 21.7937
      vertex 64.9673 -1 21.732
    endloop
  endfacet
  facet normal 0 -0.986637 0.162936
    outer loop
      vertex 0 -1.98289 20.2611
      vertex 55.4358 -1.96157 20.3902
      vertex 0 -1.96157 20.3902
    endloop
  endfacet
  facet normal 0 -0.986637 0.162936
    outer loop
      vertex 55.4358 -1.96157 20.3902
      vertex 0 -1.98289 20.2611
      vertex 55.4351 -1.98289 20.2611
    endloop
  endfacet
  facet normal 0 -0.986637 0.162936
    outer loop
      vertex 64.9351 -1.98289 20.2611
      vertex 73 -1.96157 20.3902
      vertex 64.9358 -1.96157 20.3902
    endloop
  endfacet
  facet normal 0 -0.986637 0.162936
    outer loop
      vertex 73 -1.96157 20.3902
      vertex 64.9351 -1.98289 20.2611
      vertex 73 -1.98289 20.2611
    endloop
  endfacet
  facet normal 0 0.582322 0.812958
    outer loop
      vertex 0 1.11114 21.6629
      vertex 55.4601 1.21752 21.5867
      vertex 0 1.21752 21.5867
    endloop
  endfacet
  facet normal 0 0.582322 0.812958
    outer loop
      vertex 55.4601 1.21752 21.5867
      vertex 0 1.11114 21.6629
      vertex 55.4636 1.11114 21.6629
    endloop
  endfacet
  facet normal 0 0.582322 0.812958
    outer loop
      vertex 73 1.21752 21.5867
      vertex 64.9636 1.11114 21.6629
      vertex 73 1.11114 21.6629
    endloop
  endfacet
  facet normal 0 0.582322 0.812958
    outer loop
      vertex 64.9636 1.11114 21.6629
      vertex 73 1.21752 21.5867
      vertex 64.9601 1.21752 21.5867
    endloop
  endfacet
  facet normal 0 0.471427 0.881905
    outer loop
      vertex 73 1 21.732
      vertex 64.971 0.884577 21.7937
      vertex 73 0.884577 21.7937
    endloop
  endfacet
  facet normal 0 0.471427 0.881905
    outer loop
      vertex 64.971 0.884577 21.7937
      vertex 73 1 21.732
      vertex 64.9673 1 21.732
    endloop
  endfacet
  facet normal 0 0.471427 0.881905
    outer loop
      vertex 0 0.884577 21.7937
      vertex 55.4673 1 21.732
      vertex 0 1 21.732
    endloop
  endfacet
  facet normal 0 0.471427 0.881905
    outer loop
      vertex 55.4673 1 21.732
      vertex 0 0.884577 21.7937
      vertex 55.471 0.884577 21.7937
    endloop
  endfacet
  facet normal 0 0.973852 0.227181
    outer loop
      vertex 73 1.96157 20.3902
      vertex 64.9368 1.93185 20.5176
      vertex 73 1.93185 20.5176
    endloop
  endfacet
  facet normal 0 0.973852 0.227181
    outer loop
      vertex 64.9368 1.93185 20.5176
      vertex 73 1.96157 20.3902
      vertex 64.9358 1.96157 20.3902
    endloop
  endfacet
  facet normal 0 0.973852 0.227181
    outer loop
      vertex 55.4358 1.96157 20.3902
      vertex 0 1.93185 20.5176
      vertex 55.4368 1.93185 20.5176
    endloop
  endfacet
  facet normal 0 0.973852 0.227181
    outer loop
      vertex 0 1.93185 20.5176
      vertex 55.4358 1.96157 20.3902
      vertex 0 1.96157 20.3902
    endloop
  endfacet
  facet normal 0 0.773095 0.63429
    outer loop
      vertex 73 1.58671 21.2175
      vertex 64.9508 1.50368 21.3187
      vertex 73 1.50368 21.3187
    endloop
  endfacet
  facet normal 0 0.773095 0.63429
    outer loop
      vertex 64.9508 1.50368 21.3187
      vertex 73 1.58671 21.2175
      vertex 64.9481 1.58671 21.2175
    endloop
  endfacet
  facet normal 0 0.773095 0.63429
    outer loop
      vertex 55.4481 1.58671 21.2175
      vertex 0 1.50368 21.3187
      vertex 55.4508 1.50368 21.3187
    endloop
  endfacet
  facet normal 0 0.773095 0.63429
    outer loop
      vertex 0 1.50368 21.3187
      vertex 55.4481 1.58671 21.2175
      vertex 0 1.58671 21.2175
    endloop
  endfacet
  facet normal 0 -0.162752 -0.986667
    outer loop
      vertex 0 -0.261052 18.0171
      vertex 55.4872 -0.390181 18.0384
      vertex 0 -0.390181 18.0384
    endloop
  endfacet
  facet normal 0 -0.162752 -0.986667
    outer loop
      vertex 55.4872 -0.390181 18.0384
      vertex 0 -0.261052 18.0171
      vertex 55.4915 -0.261052 18.0171
    endloop
  endfacet
  facet normal 0 -0.162752 -0.986667
    outer loop
      vertex 73 -0.390181 18.0384
      vertex 64.9915 -0.261052 18.0171
      vertex 73 -0.261052 18.0171
    endloop
  endfacet
  facet normal 0 -0.162752 -0.986667
    outer loop
      vertex 64.9915 -0.261052 18.0171
      vertex 73 -0.390181 18.0384
      vertex 64.9872 -0.390181 18.0384
    endloop
  endfacet
  facet normal 0 -0.634265 0.773116
    outer loop
      vertex 0 -1.21752 21.5867
      vertex 55.4568 -1.31869 21.5037
      vertex 55.4601 -1.21752 21.5867
    endloop
  endfacet
  facet normal 0 -0.634265 0.773116
    outer loop
      vertex 55.4568 -1.31869 21.5037
      vertex 0 -1.21752 21.5867
      vertex 0 -1.31869 21.5037
    endloop
  endfacet
  facet normal 0 -0.634265 0.773116
    outer loop
      vertex 64.9601 -1.21752 21.5867
      vertex 73 -1.31869 21.5037
      vertex 73 -1.21752 21.5867
    endloop
  endfacet
  facet normal 0 -0.634265 0.773116
    outer loop
      vertex 73 -1.31869 21.5037
      vertex 64.9601 -1.21752 21.5867
      vertex 64.9568 -1.31869 21.5037
    endloop
  endfacet
  facet normal 0 -0.91086 0.412715
    outer loop
      vertex 73 -1.84776 20.7654
      vertex 64.9413 -1.79375 20.8846
      vertex 64.9395 -1.84776 20.7654
    endloop
  endfacet
  facet normal 0 -0.91086 0.412715
    outer loop
      vertex 64.9413 -1.79375 20.8846
      vertex 73 -1.84776 20.7654
      vertex 73 -1.79375 20.8846
    endloop
  endfacet
  facet normal 0 -0.91086 0.412715
    outer loop
      vertex 55.4395 -1.84776 20.7654
      vertex 0 -1.79375 20.8846
      vertex 0 -1.84776 20.7654
    endloop
  endfacet
  facet normal 0 -0.91086 0.412715
    outer loop
      vertex 0 -1.79375 20.8846
      vertex 55.4395 -1.84776 20.7654
      vertex 55.4413 -1.79375 20.8846
    endloop
  endfacet
  facet normal 0 0.528006 0.849241
    outer loop
      vertex 73 1.11114 21.6629
      vertex 64.9673 1 21.732
      vertex 73 1 21.732
    endloop
  endfacet
  facet normal 0 0.528006 0.849241
    outer loop
      vertex 64.9673 1 21.732
      vertex 73 1.11114 21.6629
      vertex 64.9636 1.11114 21.6629
    endloop
  endfacet
  facet normal 0 0.528006 0.849241
    outer loop
      vertex 0 1 21.732
      vertex 55.4636 1.11114 21.6629
      vertex 0 1.11114 21.6629
    endloop
  endfacet
  facet normal 0 0.528006 0.849241
    outer loop
      vertex 55.4636 1.11114 21.6629
      vertex 0 1 21.732
      vertex 55.4673 1 21.732
    endloop
  endfacet
  facet normal 0 0.0328554 0.99946
    outer loop
      vertex 73 0.130806 21.9957
      vertex 65 0 22
      vertex 73 0 22
    endloop
  endfacet
  facet normal 0 0.0328554 0.99946
    outer loop
      vertex 65 0 22
      vertex 73 0.130806 21.9957
      vertex 64.9957 0.130806 21.9957
    endloop
  endfacet
  facet normal 0 0.0328554 0.99946
    outer loop
      vertex 0 0 22
      vertex 55.4957 0.130806 21.9957
      vertex 0 0.130806 21.9957
    endloop
  endfacet
  facet normal 0 0.0328554 0.99946
    outer loop
      vertex 55.4957 0.130806 21.9957
      vertex 0 0 22
      vertex 55.5 0 22
    endloop
  endfacet
  facet normal 0 0.413256 0.910615
    outer loop
      vertex 73 0.884577 21.7937
      vertex 64.9749 0.765367 21.8478
      vertex 73 0.765367 21.8478
    endloop
  endfacet
  facet normal 0 0.413256 0.910615
    outer loop
      vertex 64.9749 0.765367 21.8478
      vertex 73 0.884577 21.7937
      vertex 64.971 0.884577 21.7937
    endloop
  endfacet
  facet normal 0 0.413256 0.910615
    outer loop
      vertex 0 0.765367 21.8478
      vertex 55.471 0.884577 21.7937
      vertex 0 0.884577 21.7937
    endloop
  endfacet
  facet normal 0 0.413256 0.910615
    outer loop
      vertex 55.471 0.884577 21.7937
      vertex 0 0.765367 21.8478
      vertex 55.4749 0.765367 21.8478
    endloop
  endfacet
  facet normal 0 0.973852 -0.227181
    outer loop
      vertex 73 1.93185 19.4824
      vertex 64.9358 1.96157 19.6098
      vertex 73 1.96157 19.6098
    endloop
  endfacet
  facet normal 0 0.973852 -0.227181
    outer loop
      vertex 64.9358 1.96157 19.6098
      vertex 73 1.93185 19.4824
      vertex 64.9368 1.93185 19.4824
    endloop
  endfacet
  facet normal 0 0.973852 -0.227181
    outer loop
      vertex 55.4368 1.93185 19.4824
      vertex 0 1.96157 19.6098
      vertex 55.4358 1.96157 19.6098
    endloop
  endfacet
  facet normal 0 0.973852 -0.227181
    outer loop
      vertex 0 1.96157 19.6098
      vertex 55.4368 1.93185 19.4824
      vertex 0 1.93185 19.4824
    endloop
  endfacet
  facet normal 0 -0.881866 0.4715
    outer loop
      vertex 73 -1.79375 20.8846
      vertex 64.9433 -1.73205 21
      vertex 64.9413 -1.79375 20.8846
    endloop
  endfacet
  facet normal 0 -0.881866 0.4715
    outer loop
      vertex 64.9433 -1.73205 21
      vertex 73 -1.79375 20.8846
      vertex 73 -1.73205 21
    endloop
  endfacet
  facet normal 0 -0.881866 0.4715
    outer loop
      vertex 55.4413 -1.79375 20.8846
      vertex 0 -1.73205 21
      vertex 0 -1.79375 20.8846
    endloop
  endfacet
  facet normal 0 -0.881866 0.4715
    outer loop
      vertex 0 -1.73205 21
      vertex 55.4413 -1.79375 20.8846
      vertex 55.4433 -1.73205 21
    endloop
  endfacet
  facet normal 0 -0.956788 0.290787
    outer loop
      vertex 0 -1.93185 105.518
      vertex 55.438 -1.89386 105.643
      vertex 0 -1.89386 105.643
    endloop
  endfacet
  facet normal 0 -0.956788 0.290787
    outer loop
      vertex 55.438 -1.89386 105.643
      vertex 0 -1.93185 105.518
      vertex 55.4368 -1.93185 105.518
    endloop
  endfacet
  facet normal 0 -0.956788 0.290787
    outer loop
      vertex 64.9368 -1.93185 105.518
      vertex 73 -1.89386 105.643
      vertex 64.938 -1.89386 105.643
    endloop
  endfacet
  facet normal 0 -0.956788 0.290787
    outer loop
      vertex 73 -1.89386 105.643
      vertex 64.9368 -1.93185 105.518
      vertex 73 -1.93185 105.518
    endloop
  endfacet
  facet normal 0 -0.685764 0.727824
    outer loop
      vertex 0 -1.31869 106.504
      vertex 55.4537 -1.41421 106.414
      vertex 55.4568 -1.31869 106.504
    endloop
  endfacet
  facet normal 0 -0.685764 0.727824
    outer loop
      vertex 55.4537 -1.41421 106.414
      vertex 0 -1.31869 106.504
      vertex 0 -1.41421 106.414
    endloop
  endfacet
  facet normal 0 -0.685764 0.727824
    outer loop
      vertex 64.9568 -1.31869 106.504
      vertex 73 -1.41421 106.414
      vertex 73 -1.31869 106.504
    endloop
  endfacet
  facet normal 0 -0.685764 0.727824
    outer loop
      vertex 73 -1.41421 106.414
      vertex 64.9568 -1.31869 106.504
      vertex 64.9537 -1.41421 106.414
    endloop
  endfacet
  facet normal -1 0 0
    outer loop
      vertex 0 1.99572 104.869
      vertex 0 1.99572 105.131
      vertex 0 2 105
    endloop
  endfacet
  facet normal -1 0 0
    outer loop
      vertex 0 1.98289 104.739
      vertex 0 1.99572 105.131
      vertex 0 1.99572 104.869
    endloop
  endfacet
  facet normal -1 0 0
    outer loop
      vertex 0 1.98289 104.739
      vertex 0 1.98289 105.261
      vertex 0 1.99572 105.131
    endloop
  endfacet
  facet normal -1 0 0
    outer loop
      vertex 0 1.96157 104.61
      vertex 0 1.98289 105.261
      vertex 0 1.98289 104.739
    endloop
  endfacet
  facet normal -1 0 0
    outer loop
      vertex 0 1.96157 104.61
      vertex 0 1.96157 105.39
      vertex 0 1.98289 105.261
    endloop
  endfacet
  facet normal -1 0 0
    outer loop
      vertex 0 1.93185 104.482
      vertex 0 1.96157 105.39
      vertex 0 1.96157 104.61
    endloop
  endfacet
  facet normal -1 0 0
    outer loop
      vertex 0 1.93185 104.482
      vertex 0 1.93185 105.518
      vertex 0 1.96157 105.39
    endloop
  endfacet
  facet normal -1 0 0
    outer loop
      vertex 0 1.89386 104.357
      vertex 0 1.93185 105.518
      vertex 0 1.93185 104.482
    endloop
  endfacet
  facet normal -1 0 0
    outer loop
      vertex 0 1.89386 104.357
      vertex 0 1.89386 105.643
      vertex 0 1.93185 105.518
    endloop
  endfacet
  facet normal -1 0 0
    outer loop
      vertex 0 1.84776 104.235
      vertex 0 1.89386 105.643
      vertex 0 1.89386 104.357
    endloop
  endfacet
  facet normal -1 0 0
    outer loop
      vertex 0 1.84776 104.235
      vertex 0 1.84776 105.765
      vertex 0 1.89386 105.643
    endloop
  endfacet
  facet normal -1 0 0
    outer loop
      vertex 0 1.79375 104.115
      vertex 0 1.84776 105.765
      vertex 0 1.84776 104.235
    endloop
  endfacet
  facet normal -1 0 0
    outer loop
      vertex 0 1.79375 104.115
      vertex 0 1.79375 105.885
      vertex 0 1.84776 105.765
    endloop
  endfacet
  facet normal -1 0 0
    outer loop
      vertex 0 1.73205 104
      vertex 0 1.79375 105.885
      vertex 0 1.79375 104.115
    endloop
  endfacet
  facet normal -1 0 0
    outer loop
      vertex 0 1.73205 104
      vertex 0 1.73205 106
      vertex 0 1.79375 105.885
    endloop
  endfacet
  facet normal -1 0 0
    outer loop
      vertex 0 1.66294 103.889
      vertex 0 1.73205 106
      vertex 0 1.73205 104
    endloop
  endfacet
  facet normal -1 0 0
    outer loop
      vertex 0 1.66294 103.889
      vertex 0 1.66294 106.111
      vertex 0 1.73205 106
    endloop
  endfacet
  facet normal -1 0 0
    outer loop
      vertex 0 1.58671 103.782
      vertex 0 1.66294 106.111
      vertex 0 1.66294 103.889
    endloop
  endfacet
  facet normal -1 0 0
    outer loop
      vertex 0 1.58671 103.782
      vertex 0 1.58671 106.218
      vertex 0 1.66294 106.111
    endloop
  endfacet
  facet normal -1 0 0
    outer loop
      vertex 0 1.50368 103.681
      vertex 0 1.58671 106.218
      vertex 0 1.58671 103.782
    endloop
  endfacet
  facet normal -1 0 0
    outer loop
      vertex 0 1.50368 103.681
      vertex 0 1.50368 106.319
      vertex 0 1.58671 106.218
    endloop
  endfacet
  facet normal -1 0 0
    outer loop
      vertex 0 1.41421 103.586
      vertex 0 1.50368 106.319
      vertex 0 1.50368 103.681
    endloop
  endfacet
  facet normal -1 0 0
    outer loop
      vertex 0 1.41421 103.586
      vertex 0 1.41421 106.414
      vertex 0 1.50368 106.319
    endloop
  endfacet
  facet normal -1 0 0
    outer loop
      vertex 0 1.31869 103.496
      vertex 0 1.41421 106.414
      vertex 0 1.41421 103.586
    endloop
  endfacet
  facet normal -1 0 0
    outer loop
      vertex 0 1.31869 103.496
      vertex 0 1.31869 106.504
      vertex 0 1.41421 106.414
    endloop
  endfacet
  facet normal -1 0 0
    outer loop
      vertex 0 1.21752 103.413
      vertex 0 1.31869 106.504
      vertex 0 1.31869 103.496
    endloop
  endfacet
  facet normal -1 0 0
    outer loop
      vertex 0 1.21752 103.413
      vertex 0 1.21752 106.587
      vertex 0 1.31869 106.504
    endloop
  endfacet
  facet normal -1 0 0
    outer loop
      vertex 0 1.11114 103.337
      vertex 0 1.21752 106.587
      vertex 0 1.21752 103.413
    endloop
  endfacet
  facet normal -1 0 0
    outer loop
      vertex 0 1.11114 103.337
      vertex 0 1.11114 106.663
      vertex 0 1.21752 106.587
    endloop
  endfacet
  facet normal -1 0 0
    outer loop
      vertex 0 1 103.268
      vertex 0 1.11114 106.663
      vertex 0 1.11114 103.337
    endloop
  endfacet
  facet normal -1 0 0
    outer loop
      vertex 0 1 103.268
      vertex 0 1 106.732
      vertex 0 1.11114 106.663
    endloop
  endfacet
  facet normal -1 0 0
    outer loop
      vertex 0 0.884577 103.206
      vertex 0 1 106.732
      vertex 0 1 103.268
    endloop
  endfacet
  facet normal -1 0 0
    outer loop
      vertex 0 0.884577 103.206
      vertex 0 0.884577 106.794
      vertex 0 1 106.732
    endloop
  endfacet
  facet normal -1 0 0
    outer loop
      vertex 0 0.765367 103.152
      vertex 0 0.884577 106.794
      vertex 0 0.884577 103.206
    endloop
  endfacet
  facet normal -1 0 0
    outer loop
      vertex 0 0.765367 103.152
      vertex 0 0.765367 106.848
      vertex 0 0.884577 106.794
    endloop
  endfacet
  facet normal -1 0 0
    outer loop
      vertex 0 0.642879 103.106
      vertex 0 0.765367 106.848
      vertex 0 0.765367 103.152
    endloop
  endfacet
  facet normal -1 0 0
    outer loop
      vertex 0 0.642879 103.106
      vertex 0 0.642879 106.894
      vertex 0 0.765367 106.848
    endloop
  endfacet
  facet normal -1 0 0
    outer loop
      vertex 0 0.517637 103.068
      vertex 0 0.642879 106.894
      vertex 0 0.642879 103.106
    endloop
  endfacet
  facet normal -1 0 0
    outer loop
      vertex 0 0.517637 103.068
      vertex 0 0.517637 106.932
      vertex 0 0.642879 106.894
    endloop
  endfacet
  facet normal -1 0 0
    outer loop
      vertex 0 0.390181 103.038
      vertex 0 0.517637 106.932
      vertex 0 0.517637 103.068
    endloop
  endfacet
  facet normal -1 0 0
    outer loop
      vertex 0 0.390181 103.038
      vertex 0 0.390181 106.962
      vertex 0 0.517637 106.932
    endloop
  endfacet
  facet normal -1 0 0
    outer loop
      vertex 0 0.261052 103.017
      vertex 0 0.390181 106.962
      vertex 0 0.390181 103.038
    endloop
  endfacet
  facet normal -1 0 0
    outer loop
      vertex 0 0.261052 103.017
      vertex 0 0.261052 106.983
      vertex 0 0.390181 106.962
    endloop
  endfacet
  facet normal -1 0 0
    outer loop
      vertex 0 0.130806 103.004
      vertex 0 0.261052 106.983
      vertex 0 0.261052 103.017
    endloop
  endfacet
  facet normal -1 0 0
    outer loop
      vertex 0 0.130806 103.004
      vertex 0 0.130806 106.996
      vertex 0 0.261052 106.983
    endloop
  endfacet
  facet normal -1 0 0
    outer loop
      vertex 0 0 103
      vertex 0 0.130806 106.996
      vertex 0 0.130806 103.004
    endloop
  endfacet
  facet normal -1 0 0
    outer loop
      vertex 0 0 103
      vertex 0 0 107
      vertex 0 0.130806 106.996
    endloop
  endfacet
  facet normal -1 0 0
    outer loop
      vertex 0 -0.130806 103.004
      vertex 0 0 107
      vertex 0 0 103
    endloop
  endfacet
  facet normal -1 0 0
    outer loop
      vertex 0 -0.130806 103.004
      vertex 0 -0.130806 106.996
      vertex 0 0 107
    endloop
  endfacet
  facet normal -1 0 0
    outer loop
      vertex 0 -0.261052 103.017
      vertex 0 -0.130806 106.996
      vertex 0 -0.130806 103.004
    endloop
  endfacet
  facet normal -1 0 0
    outer loop
      vertex 0 -0.261052 103.017
      vertex 0 -0.261052 106.983
      vertex 0 -0.130806 106.996
    endloop
  endfacet
  facet normal -1 0 0
    outer loop
      vertex 0 -0.390181 103.038
      vertex 0 -0.261052 106.983
      vertex 0 -0.261052 103.017
    endloop
  endfacet
  facet normal -1 0 0
    outer loop
      vertex 0 -0.390181 103.038
      vertex 0 -0.390181 106.962
      vertex 0 -0.261052 106.983
    endloop
  endfacet
  facet normal -1 0 0
    outer loop
      vertex 0 -0.517637 103.068
      vertex 0 -0.390181 106.962
      vertex 0 -0.390181 103.038
    endloop
  endfacet
  facet normal -1 0 0
    outer loop
      vertex 0 -0.517637 103.068
      vertex 0 -0.517637 106.932
      vertex 0 -0.390181 106.962
    endloop
  endfacet
  facet normal -1 0 0
    outer loop
      vertex 0 -0.642879 103.106
      vertex 0 -0.517637 106.932
      vertex 0 -0.517637 103.068
    endloop
  endfacet
  facet normal -1 0 0
    outer loop
      vertex 0 -0.642879 103.106
      vertex 0 -0.642879 106.894
      vertex 0 -0.517637 106.932
    endloop
  endfacet
  facet normal -1 0 0
    outer loop
      vertex 0 -0.765367 103.152
      vertex 0 -0.642879 106.894
      vertex 0 -0.642879 103.106
    endloop
  endfacet
  facet normal -1 0 0
    outer loop
      vertex 0 -0.765367 103.152
      vertex 0 -0.765367 106.848
      vertex 0 -0.642879 106.894
    endloop
  endfacet
  facet normal -1 0 0
    outer loop
      vertex 0 -0.884577 103.206
      vertex 0 -0.765367 106.848
      vertex 0 -0.765367 103.152
    endloop
  endfacet
  facet normal -1 0 0
    outer loop
      vertex 0 -0.884577 103.206
      vertex 0 -0.884577 106.794
      vertex 0 -0.765367 106.848
    endloop
  endfacet
  facet normal -1 0 0
    outer loop
      vertex 0 -1 103.268
      vertex 0 -0.884577 106.794
      vertex 0 -0.884577 103.206
    endloop
  endfacet
  facet normal -1 0 0
    outer loop
      vertex 0 -1 103.268
      vertex 0 -1 106.732
      vertex 0 -0.884577 106.794
    endloop
  endfacet
  facet normal -1 0 0
    outer loop
      vertex 0 -1.11114 103.337
      vertex 0 -1 106.732
      vertex 0 -1 103.268
    endloop
  endfacet
  facet normal -1 0 0
    outer loop
      vertex 0 -1.11114 103.337
      vertex 0 -1.11114 106.663
      vertex 0 -1 106.732
    endloop
  endfacet
  facet normal -1 0 0
    outer loop
      vertex 0 -1.21752 103.413
      vertex 0 -1.11114 106.663
      vertex 0 -1.11114 103.337
    endloop
  endfacet
  facet normal -1 0 0
    outer loop
      vertex 0 -1.21752 103.413
      vertex 0 -1.21752 106.587
      vertex 0 -1.11114 106.663
    endloop
  endfacet
  facet normal -1 0 0
    outer loop
      vertex 0 -1.31869 103.496
      vertex 0 -1.21752 106.587
      vertex 0 -1.21752 103.413
    endloop
  endfacet
  facet normal -1 0 0
    outer loop
      vertex 0 -1.31869 103.496
      vertex 0 -1.31869 106.504
      vertex 0 -1.21752 106.587
    endloop
  endfacet
  facet normal -1 0 0
    outer loop
      vertex 0 -1.41421 103.586
      vertex 0 -1.31869 106.504
      vertex 0 -1.31869 103.496
    endloop
  endfacet
  facet normal -1 0 0
    outer loop
      vertex 0 -1.41421 103.586
      vertex 0 -1.41421 106.414
      vertex 0 -1.31869 106.504
    endloop
  endfacet
  facet normal -1 0 0
    outer loop
      vertex 0 -1.50368 103.681
      vertex 0 -1.41421 106.414
      vertex 0 -1.41421 103.586
    endloop
  endfacet
  facet normal -1 0 0
    outer loop
      vertex 0 -1.50368 103.681
      vertex 0 -1.50368 106.319
      vertex 0 -1.41421 106.414
    endloop
  endfacet
  facet normal -1 0 0
    outer loop
      vertex 0 -1.58671 103.782
      vertex 0 -1.50368 106.319
      vertex 0 -1.50368 103.681
    endloop
  endfacet
  facet normal -1 0 0
    outer loop
      vertex 0 -1.58671 103.782
      vertex 0 -1.58671 106.218
      vertex 0 -1.50368 106.319
    endloop
  endfacet
  facet normal -1 0 0
    outer loop
      vertex 0 -1.66294 103.889
      vertex 0 -1.58671 106.218
      vertex 0 -1.58671 103.782
    endloop
  endfacet
  facet normal -1 0 0
    outer loop
      vertex 0 -1.66294 103.889
      vertex 0 -1.66294 106.111
      vertex 0 -1.58671 106.218
    endloop
  endfacet
  facet normal -1 0 0
    outer loop
      vertex 0 -1.73205 104
      vertex 0 -1.66294 106.111
      vertex 0 -1.66294 103.889
    endloop
  endfacet
  facet normal -1 0 0
    outer loop
      vertex 0 -1.73205 104
      vertex 0 -1.73205 106
      vertex 0 -1.66294 106.111
    endloop
  endfacet
  facet normal -1 0 0
    outer loop
      vertex 0 -1.79375 104.115
      vertex 0 -1.73205 106
      vertex 0 -1.73205 104
    endloop
  endfacet
  facet normal -1 0 0
    outer loop
      vertex 0 -1.79375 104.115
      vertex 0 -1.79375 105.885
      vertex 0 -1.73205 106
    endloop
  endfacet
  facet normal -1 0 0
    outer loop
      vertex 0 -1.84776 104.235
      vertex 0 -1.79375 105.885
      vertex 0 -1.79375 104.115
    endloop
  endfacet
  facet normal -1 0 0
    outer loop
      vertex 0 -1.84776 104.235
      vertex 0 -1.84776 105.765
      vertex 0 -1.79375 105.885
    endloop
  endfacet
  facet normal -1 0 0
    outer loop
      vertex 0 -1.89386 104.357
      vertex 0 -1.84776 105.765
      vertex 0 -1.84776 104.235
    endloop
  endfacet
  facet normal -1 0 0
    outer loop
      vertex 0 -1.89386 104.357
      vertex 0 -1.89386 105.643
      vertex 0 -1.84776 105.765
    endloop
  endfacet
  facet normal -1 0 0
    outer loop
      vertex 0 -1.93185 104.482
      vertex 0 -1.89386 105.643
      vertex 0 -1.89386 104.357
    endloop
  endfacet
  facet normal -1 0 0
    outer loop
      vertex 0 -1.93185 104.482
      vertex 0 -1.93185 105.518
      vertex 0 -1.89386 105.643
    endloop
  endfacet
  facet normal -1 0 0
    outer loop
      vertex 0 -1.96157 104.61
      vertex 0 -1.93185 105.518
      vertex 0 -1.93185 104.482
    endloop
  endfacet
  facet normal -1 0 0
    outer loop
      vertex 0 -1.96157 104.61
      vertex 0 -1.96157 105.39
      vertex 0 -1.93185 105.518
    endloop
  endfacet
  facet normal -1 0 0
    outer loop
      vertex 0 -1.98289 104.739
      vertex 0 -1.96157 105.39
      vertex 0 -1.96157 104.61
    endloop
  endfacet
  facet normal -1 0 0
    outer loop
      vertex 0 -1.98289 104.739
      vertex 0 -1.98289 105.261
      vertex 0 -1.96157 105.39
    endloop
  endfacet
  facet normal -1 0 0
    outer loop
      vertex 0 -1.99572 104.869
      vertex 0 -1.98289 105.261
      vertex 0 -1.98289 104.739
    endloop
  endfacet
  facet normal -1 0 0
    outer loop
      vertex 0 -1.99572 104.869
      vertex 0 -1.99572 105.131
      vertex 0 -1.98289 105.261
    endloop
  endfacet
  facet normal -1 0 -0
    outer loop
      vertex 0 -1.99572 105.131
      vertex 0 -1.99572 104.869
      vertex 0 -2 105
    endloop
  endfacet
  facet normal 0 0.685764 -0.727824
    outer loop
      vertex 64.9568 1.31869 103.496
      vertex 73 1.41421 103.586
      vertex 73 1.31869 103.496
    endloop
  endfacet
  facet normal 0 0.685764 -0.727824
    outer loop
      vertex 73 1.41421 103.586
      vertex 64.9568 1.31869 103.496
      vertex 64.9537 1.41421 103.586
    endloop
  endfacet
  facet normal 0 0.685764 -0.727824
    outer loop
      vertex 0 1.31869 103.496
      vertex 55.4537 1.41421 103.586
      vertex 55.4568 1.31869 103.496
    endloop
  endfacet
  facet normal 0 0.685764 -0.727824
    outer loop
      vertex 55.4537 1.41421 103.586
      vertex 0 1.31869 103.496
      vertex 0 1.41421 103.586
    endloop
  endfacet
  facet normal 0 0.634265 0.773116
    outer loop
      vertex 0 1.21752 106.587
      vertex 55.4568 1.31869 106.504
      vertex 0 1.31869 106.504
    endloop
  endfacet
  facet normal 0 0.634265 0.773116
    outer loop
      vertex 55.4568 1.31869 106.504
      vertex 0 1.21752 106.587
      vertex 55.4601 1.21752 106.587
    endloop
  endfacet
  facet normal 0 0.634265 0.773116
    outer loop
      vertex 73 1.31869 106.504
      vertex 64.9601 1.21752 106.587
      vertex 73 1.21752 106.587
    endloop
  endfacet
  facet normal 0 0.634265 0.773116
    outer loop
      vertex 64.9601 1.21752 106.587
      vertex 73 1.31869 106.504
      vertex 64.9568 1.31869 106.504
    endloop
  endfacet
  facet normal 0 -0.351572 -0.936161
    outer loop
      vertex 0 -0.642879 103.106
      vertex 55.4749 -0.765367 103.152
      vertex 0 -0.765367 103.152
    endloop
  endfacet
  facet normal 0 -0.351572 -0.936161
    outer loop
      vertex 55.4749 -0.765367 103.152
      vertex 0 -0.642879 103.106
      vertex 55.479 -0.642879 103.106
    endloop
  endfacet
  facet normal 0 -0.351572 -0.936161
    outer loop
      vertex 73 -0.765367 103.152
      vertex 64.979 -0.642879 103.106
      vertex 73 -0.642879 103.106
    endloop
  endfacet
  facet normal 0 -0.351572 -0.936161
    outer loop
      vertex 64.979 -0.642879 103.106
      vertex 73 -0.765367 103.152
      vertex 64.9749 -0.765367 103.152
    endloop
  endfacet
  facet normal 0 -0.999467 0.0326543
    outer loop
      vertex 64.9345 -2 105
      vertex 73 -1.99572 105.131
      vertex 64.9347 -1.99572 105.131
    endloop
  endfacet
  facet normal 0 -0.999467 0.0326543
    outer loop
      vertex 73 -1.99572 105.131
      vertex 64.9345 -2 105
      vertex 73 -2 105
    endloop
  endfacet
  facet normal 0 -0.999467 0.0326543
    outer loop
      vertex 0 -2 105
      vertex 55.4347 -1.99572 105.131
      vertex 0 -1.99572 105.131
    endloop
  endfacet
  facet normal 0 -0.999467 0.0326543
    outer loop
      vertex 55.4347 -1.99572 105.131
      vertex 0 -2 105
      vertex 55.4345 -2 105
    endloop
  endfacet
  facet normal 0 0.956788 0.290787
    outer loop
      vertex 73 1.93185 105.518
      vertex 64.938 1.89386 105.643
      vertex 73 1.89386 105.643
    endloop
  endfacet
  facet normal 0 0.956788 0.290787
    outer loop
      vertex 64.938 1.89386 105.643
      vertex 73 1.93185 105.518
      vertex 64.9368 1.93185 105.518
    endloop
  endfacet
  facet normal 0 0.956788 0.290787
    outer loop
      vertex 55.4368 1.93185 105.518
      vertex 0 1.89386 105.643
      vertex 55.438 1.89386 105.643
    endloop
  endfacet
  facet normal 0 0.956788 0.290787
    outer loop
      vertex 0 1.89386 105.643
      vertex 55.4368 1.93185 105.518
      vertex 0 1.93185 105.518
    endloop
  endfacet
  facet normal 0 -0.995165 -0.0982152
    outer loop
      vertex 0 -1.98289 104.739
      vertex 55.4347 -1.99572 104.869
      vertex 0 -1.99572 104.869
    endloop
  endfacet
  facet normal 0 -0.995165 -0.0982152
    outer loop
      vertex 55.4347 -1.99572 104.869
      vertex 0 -1.98289 104.739
      vertex 55.4351 -1.98289 104.739
    endloop
  endfacet
  facet normal 0 -0.995165 -0.0982152
    outer loop
      vertex 64.9351 -1.98289 104.739
      vertex 73 -1.99572 104.869
      vertex 64.9347 -1.99572 104.869
    endloop
  endfacet
  facet normal 0 -0.995165 -0.0982152
    outer loop
      vertex 73 -1.99572 104.869
      vertex 64.9351 -1.98289 104.739
      vertex 73 -1.98289 104.739
    endloop
  endfacet
  facet normal 0 0.814448 0.580237
    outer loop
      vertex 73 1.66294 106.111
      vertex 64.9481 1.58671 106.218
      vertex 73 1.58671 106.218
    endloop
  endfacet
  facet normal 0 0.814448 0.580237
    outer loop
      vertex 64.9481 1.58671 106.218
      vertex 73 1.66294 106.111
      vertex 64.9456 1.66294 106.111
    endloop
  endfacet
  facet normal 0 0.814448 0.580237
    outer loop
      vertex 55.4456 1.66294 106.111
      vertex 0 1.58671 106.218
      vertex 55.4481 1.58671 106.218
    endloop
  endfacet
  facet normal 0 0.814448 0.580237
    outer loop
      vertex 0 1.58671 106.218
      vertex 55.4456 1.66294 106.111
      vertex 0 1.66294 106.111
    endloop
  endfacet
  facet normal 0 0.727977 0.685601
    outer loop
      vertex 73 1.50368 106.319
      vertex 64.9537 1.41421 106.414
      vertex 73 1.41421 106.414
    endloop
  endfacet
  facet normal 0 0.727977 0.685601
    outer loop
      vertex 64.9537 1.41421 106.414
      vertex 73 1.50368 106.319
      vertex 64.9508 1.50368 106.319
    endloop
  endfacet
  facet normal 0 0.727977 0.685601
    outer loop
      vertex 55.4508 1.50368 106.319
      vertex 0 1.41421 106.414
      vertex 55.4537 1.41421 106.414
    endloop
  endfacet
  facet normal 0 0.727977 0.685601
    outer loop
      vertex 0 1.41421 106.414
      vertex 55.4508 1.50368 106.319
      vertex 0 1.50368 106.319
    endloop
  endfacet
  facet normal 0 -0.634265 -0.773116
    outer loop
      vertex 0 -1.21752 103.413
      vertex 55.4568 -1.31869 103.496
      vertex 0 -1.31869 103.496
    endloop
  endfacet
  facet normal 0 -0.634265 -0.773116
    outer loop
      vertex 55.4568 -1.31869 103.496
      vertex 0 -1.21752 103.413
      vertex 55.4601 -1.21752 103.413
    endloop
  endfacet
  facet normal 0 -0.634265 -0.773116
    outer loop
      vertex 73 -1.31869 103.496
      vertex 64.9601 -1.21752 103.413
      vertex 73 -1.21752 103.413
    endloop
  endfacet
  facet normal 0 -0.634265 -0.773116
    outer loop
      vertex 64.9601 -1.21752 103.413
      vertex 73 -1.31869 103.496
      vertex 64.9568 -1.31869 103.496
    endloop
  endfacet
  facet normal 0 0.0305653 -0.999533
    outer loop
      vertex 0 0 103
      vertex 55.4957 0.130806 103.004
      vertex 55.5 0 103
    endloop
  endfacet
  facet normal 0 0.0305653 -0.999533
    outer loop
      vertex 55.4957 0.130806 103.004
      vertex 0 0 103
      vertex 0 0.130806 103.004
    endloop
  endfacet
  facet normal 0 0.0305653 -0.999533
    outer loop
      vertex 65 0 103
      vertex 73 0.130806 103.004
      vertex 73 0 103
    endloop
  endfacet
  facet normal 0 0.0305653 -0.999533
    outer loop
      vertex 73 0.130806 103.004
      vertex 65 0 103
      vertex 64.9957 0.130806 103.004
    endloop
  endfacet
  facet normal 0 -0.0305653 -0.999533
    outer loop
      vertex 0 0 103
      vertex 55.4957 -0.130806 103.004
      vertex 0 -0.130806 103.004
    endloop
  endfacet
  facet normal 0 -0.0305653 -0.999533
    outer loop
      vertex 55.4957 -0.130806 103.004
      vertex 0 0 103
      vertex 55.5 0 103
    endloop
  endfacet
  facet normal 0 -0.0305653 -0.999533
    outer loop
      vertex 73 -0.130806 103.004
      vertex 65 0 103
      vertex 73 0 103
    endloop
  endfacet
  facet normal 0 -0.0305653 -0.999533
    outer loop
      vertex 65 0 103
      vertex 73 -0.130806 103.004
      vertex 64.9957 -0.130806 103.004
    endloop
  endfacet
  facet normal 0 -0.473207 -0.880951
    outer loop
      vertex 73 -1 103.268
      vertex 64.971 -0.884577 103.206
      vertex 73 -0.884577 103.206
    endloop
  endfacet
  facet normal 0 -0.473207 -0.880951
    outer loop
      vertex 64.971 -0.884577 103.206
      vertex 73 -1 103.268
      vertex 64.9673 -1 103.268
    endloop
  endfacet
  facet normal 0 -0.473207 -0.880951
    outer loop
      vertex 0 -0.884577 103.206
      vertex 55.4673 -1 103.268
      vertex 0 -1 103.268
    endloop
  endfacet
  facet normal 0 -0.473207 -0.880951
    outer loop
      vertex 55.4673 -1 103.268
      vertex 0 -0.884577 103.206
      vertex 55.471 -0.884577 103.206
    endloop
  endfacet
  facet normal 0 -0.229114 0.9734
    outer loop
      vertex 0 -0.390181 106.962
      vertex 55.4831 -0.517637 106.932
      vertex 55.4872 -0.390181 106.962
    endloop
  endfacet
  facet normal 0 -0.229114 0.9734
    outer loop
      vertex 55.4831 -0.517637 106.932
      vertex 0 -0.390181 106.962
      vertex 0 -0.517637 106.932
    endloop
  endfacet
  facet normal 0 -0.229114 0.9734
    outer loop
      vertex 64.9872 -0.390181 106.962
      vertex 73 -0.517637 106.932
      vertex 73 -0.390181 106.962
    endloop
  endfacet
  facet normal 0 -0.229114 0.9734
    outer loop
      vertex 73 -0.517637 106.932
      vertex 64.9872 -0.390181 106.962
      vertex 64.9831 -0.517637 106.932
    endloop
  endfacet
  facet normal 0 -0.0305653 0.999533
    outer loop
      vertex 65 0 107
      vertex 73 -0.130806 106.996
      vertex 73 0 107
    endloop
  endfacet
  facet normal 0 -0.0305653 0.999533
    outer loop
      vertex 73 -0.130806 106.996
      vertex 65 0 107
      vertex 64.9957 -0.130806 106.996
    endloop
  endfacet
  facet normal 0 -0.0305653 0.999533
    outer loop
      vertex 0 0 107
      vertex 55.4957 -0.130806 106.996
      vertex 55.5 0 107
    endloop
  endfacet
  facet normal 0 -0.0305653 0.999533
    outer loop
      vertex 55.4957 -0.130806 106.996
      vertex 0 0 107
      vertex 0 -0.130806 106.996
    endloop
  endfacet
  facet normal 0 0.999467 -0.0326543
    outer loop
      vertex 55.4347 1.99572 104.869
      vertex 0 2 105
      vertex 55.4345 2 105
    endloop
  endfacet
  facet normal 0 0.999467 -0.0326543
    outer loop
      vertex 0 2 105
      vertex 55.4347 1.99572 104.869
      vertex 0 1.99572 104.869
    endloop
  endfacet
  facet normal 0 0.999467 -0.0326543
    outer loop
      vertex 73 1.99572 104.869
      vertex 64.9345 2 105
      vertex 73 2 105
    endloop
  endfacet
  facet normal 0 0.999467 -0.0326543
    outer loop
      vertex 64.9345 2 105
      vertex 73 1.99572 104.869
      vertex 64.9347 1.99572 104.869
    endloop
  endfacet
  facet normal 0 -0.527454 0.849583
    outer loop
      vertex 0 -1 106.732
      vertex 55.4636 -1.11114 106.663
      vertex 55.4673 -1 106.732
    endloop
  endfacet
  facet normal 0 -0.527454 0.849583
    outer loop
      vertex 55.4636 -1.11114 106.663
      vertex 0 -1 106.732
      vertex 0 -1.11114 106.663
    endloop
  endfacet
  facet normal 0 -0.527454 0.849583
    outer loop
      vertex 64.9673 -1 106.732
      vertex 73 -1.11114 106.663
      vertex 73 -1 106.732
    endloop
  endfacet
  facet normal 0 -0.527454 0.849583
    outer loop
      vertex 73 -1.11114 106.663
      vertex 64.9673 -1 106.732
      vertex 64.9636 -1.11114 106.663
    endloop
  endfacet
  facet normal 0 -0.351572 0.936161
    outer loop
      vertex 64.979 -0.642879 106.894
      vertex 73 -0.765367 106.848
      vertex 73 -0.642879 106.894
    endloop
  endfacet
  facet normal 0 -0.351572 0.936161
    outer loop
      vertex 73 -0.765367 106.848
      vertex 64.979 -0.642879 106.894
      vertex 64.9749 -0.765367 106.848
    endloop
  endfacet
  facet normal 0 -0.351572 0.936161
    outer loop
      vertex 0 -0.642879 106.894
      vertex 55.4749 -0.765367 106.848
      vertex 55.479 -0.642879 106.894
    endloop
  endfacet
  facet normal 0 -0.351572 0.936161
    outer loop
      vertex 55.4749 -0.765367 106.848
      vertex 0 -0.642879 106.894
      vertex 0 -0.765367 106.848
    endloop
  endfacet
  facet normal 0 0.581311 -0.813682
    outer loop
      vertex 0 1.11114 103.337
      vertex 55.4601 1.21752 103.413
      vertex 55.4636 1.11114 103.337
    endloop
  endfacet
  facet normal 0 0.581311 -0.813682
    outer loop
      vertex 55.4601 1.21752 103.413
      vertex 0 1.11114 103.337
      vertex 0 1.21752 103.413
    endloop
  endfacet
  facet normal 0 0.581311 -0.813682
    outer loop
      vertex 64.9636 1.11114 103.337
      vertex 73 1.21752 103.413
      vertex 73 1.11114 103.337
    endloop
  endfacet
  facet normal 0 0.581311 -0.813682
    outer loop
      vertex 73 1.21752 103.413
      vertex 64.9636 1.11114 103.337
      vertex 64.9601 1.21752 103.413
    endloop
  endfacet
  facet normal 0 -0.814448 0.580237
    outer loop
      vertex 73 -1.66294 106.111
      vertex 64.9481 -1.58671 106.218
      vertex 64.9456 -1.66294 106.111
    endloop
  endfacet
  facet normal 0 -0.814448 0.580237
    outer loop
      vertex 64.9481 -1.58671 106.218
      vertex 73 -1.66294 106.111
      vertex 73 -1.58671 106.218
    endloop
  endfacet
  facet normal 0 -0.814448 0.580237
    outer loop
      vertex 55.4456 -1.66294 106.111
      vertex 0 -1.58671 106.218
      vertex 0 -1.66294 106.111
    endloop
  endfacet
  facet normal 0 -0.814448 0.580237
    outer loop
      vertex 0 -1.58671 106.218
      vertex 55.4456 -1.66294 106.111
      vertex 55.4481 -1.58671 106.218
    endloop
  endfacet
  facet normal 0 0.881184 0.472774
    outer loop
      vertex 55.4413 1.79375 105.885
      vertex 0 1.73205 106
      vertex 55.4433 1.73205 106
    endloop
  endfacet
  facet normal 0 0.881184 0.472774
    outer loop
      vertex 0 1.73205 106
      vertex 55.4413 1.79375 105.885
      vertex 0 1.79375 105.885
    endloop
  endfacet
  facet normal 0 0.881184 0.472774
    outer loop
      vertex 73 1.79375 105.885
      vertex 64.9433 1.73205 106
      vertex 73 1.73205 106
    endloop
  endfacet
  facet normal 0 0.881184 0.472774
    outer loop
      vertex 64.9433 1.73205 106
      vertex 73 1.79375 105.885
      vertex 64.9413 1.79375 105.885
    endloop
  endfacet
  facet normal 0 0.848908 -0.528541
    outer loop
      vertex 64.9456 1.66294 103.889
      vertex 73 1.73205 104
      vertex 73 1.66294 103.889
    endloop
  endfacet
  facet normal 0 0.848908 -0.528541
    outer loop
      vertex 73 1.73205 104
      vertex 64.9456 1.66294 103.889
      vertex 64.9433 1.73205 104
    endloop
  endfacet
  facet normal 0 0.848908 -0.528541
    outer loop
      vertex 0 1.66294 103.889
      vertex 55.4433 1.73205 104
      vertex 55.4456 1.66294 103.889
    endloop
  endfacet
  facet normal 0 0.848908 -0.528541
    outer loop
      vertex 55.4433 1.73205 104
      vertex 0 1.66294 103.889
      vertex 0 1.73205 104
    endloop
  endfacet
  facet normal 0 -0.956788 -0.290787
    outer loop
      vertex 64.938 -1.89386 104.357
      vertex 73 -1.93185 104.482
      vertex 64.9368 -1.93185 104.482
    endloop
  endfacet
  facet normal 0 -0.956788 -0.290787
    outer loop
      vertex 73 -1.93185 104.482
      vertex 64.938 -1.89386 104.357
      vertex 73 -1.89386 104.357
    endloop
  endfacet
  facet normal 0 -0.956788 -0.290787
    outer loop
      vertex 0 -1.89386 104.357
      vertex 55.4368 -1.93185 104.482
      vertex 0 -1.93185 104.482
    endloop
  endfacet
  facet normal 0 -0.956788 -0.290787
    outer loop
      vertex 55.4368 -1.93185 104.482
      vertex 0 -1.89386 104.357
      vertex 55.438 -1.89386 104.357
    endloop
  endfacet
  facet normal 0 0.685764 0.727824
    outer loop
      vertex 73 1.41421 106.414
      vertex 64.9568 1.31869 106.504
      vertex 73 1.31869 106.504
    endloop
  endfacet
  facet normal 0 0.685764 0.727824
    outer loop
      vertex 64.9568 1.31869 106.504
      vertex 73 1.41421 106.414
      vertex 64.9537 1.41421 106.414
    endloop
  endfacet
  facet normal 0 0.685764 0.727824
    outer loop
      vertex 0 1.31869 106.504
      vertex 55.4537 1.41421 106.414
      vertex 0 1.41421 106.414
    endloop
  endfacet
  facet normal 0 0.685764 0.727824
    outer loop
      vertex 55.4537 1.41421 106.414
      vertex 0 1.31869 106.504
      vertex 55.4568 1.31869 106.504
    endloop
  endfacet
  facet normal 0 -0.814448 -0.580237
    outer loop
      vertex 0 -1.58671 103.782
      vertex 55.4456 -1.66294 103.889
      vertex 0 -1.66294 103.889
    endloop
  endfacet
  facet normal 0 -0.814448 -0.580237
    outer loop
      vertex 55.4456 -1.66294 103.889
      vertex 0 -1.58671 103.782
      vertex 55.4481 -1.58671 103.782
    endloop
  endfacet
  facet normal 0 -0.814448 -0.580237
    outer loop
      vertex 64.9481 -1.58671 103.782
      vertex 73 -1.66294 103.889
      vertex 64.9456 -1.66294 103.889
    endloop
  endfacet
  facet normal 0 -0.814448 -0.580237
    outer loop
      vertex 73 -1.66294 103.889
      vertex 64.9481 -1.58671 103.782
      vertex 73 -1.58671 103.782
    endloop
  endfacet
  facet normal 0 0.0993176 -0.995056
    outer loop
      vertex 0 0.130806 103.004
      vertex 55.4915 0.261052 103.017
      vertex 55.4957 0.130806 103.004
    endloop
  endfacet
  facet normal 0 0.0993176 -0.995056
    outer loop
      vertex 55.4915 0.261052 103.017
      vertex 0 0.130806 103.004
      vertex 0 0.261052 103.017
    endloop
  endfacet
  facet normal 0 0.0993176 -0.995056
    outer loop
      vertex 64.9957 0.130806 103.004
      vertex 73 0.261052 103.017
      vertex 73 0.130806 103.004
    endloop
  endfacet
  facet normal 0 0.0993176 -0.995056
    outer loop
      vertex 73 0.261052 103.017
      vertex 64.9957 0.130806 103.004
      vertex 64.9915 0.261052 103.017
    endloop
  endfacet
  facet normal 0 -0.986616 -0.163059
    outer loop
      vertex 0 -1.96157 104.61
      vertex 55.4351 -1.98289 104.739
      vertex 0 -1.98289 104.739
    endloop
  endfacet
  facet normal 0 -0.986616 -0.163059
    outer loop
      vertex 55.4351 -1.98289 104.739
      vertex 0 -1.96157 104.61
      vertex 55.4358 -1.96157 104.61
    endloop
  endfacet
  facet normal 0 -0.986616 -0.163059
    outer loop
      vertex 64.9358 -1.96157 104.61
      vertex 73 -1.98289 104.739
      vertex 64.9351 -1.98289 104.739
    endloop
  endfacet
  facet normal 0 -0.986616 -0.163059
    outer loop
      vertex 73 -1.98289 104.739
      vertex 64.9358 -1.96157 104.61
      vertex 73 -1.96157 104.61
    endloop
  endfacet
  facet normal 0 -0.412622 -0.910902
    outer loop
      vertex 73 -0.884577 103.206
      vertex 64.9749 -0.765367 103.152
      vertex 73 -0.765367 103.152
    endloop
  endfacet
  facet normal 0 -0.412622 -0.910902
    outer loop
      vertex 64.9749 -0.765367 103.152
      vertex 73 -0.884577 103.206
      vertex 64.971 -0.884577 103.206
    endloop
  endfacet
  facet normal 0 -0.412622 -0.910902
    outer loop
      vertex 0 -0.765367 103.152
      vertex 55.471 -0.884577 103.206
      vertex 0 -0.884577 103.206
    endloop
  endfacet
  facet normal 0 -0.412622 -0.910902
    outer loop
      vertex 55.471 -0.884577 103.206
      vertex 0 -0.765367 103.152
      vertex 55.4749 -0.765367 103.152
    endloop
  endfacet
  facet normal 0 0.527454 -0.849583
    outer loop
      vertex 0 1 103.268
      vertex 55.4636 1.11114 103.337
      vertex 55.4673 1 103.268
    endloop
  endfacet
  facet normal 0 0.527454 -0.849583
    outer loop
      vertex 55.4636 1.11114 103.337
      vertex 0 1 103.268
      vertex 0 1.11114 103.337
    endloop
  endfacet
  facet normal 0 0.527454 -0.849583
    outer loop
      vertex 64.9673 1 103.268
      vertex 73 1.11114 103.337
      vertex 73 1 103.268
    endloop
  endfacet
  facet normal 0 0.527454 -0.849583
    outer loop
      vertex 73 1.11114 103.337
      vertex 64.9673 1 103.268
      vertex 64.9636 1.11114 103.337
    endloop
  endfacet
  facet normal 0 0.986616 0.163059
    outer loop
      vertex 73 1.98289 105.261
      vertex 64.9358 1.96157 105.39
      vertex 73 1.96157 105.39
    endloop
  endfacet
  facet normal 0 0.986616 0.163059
    outer loop
      vertex 64.9358 1.96157 105.39
      vertex 73 1.98289 105.261
      vertex 64.9351 1.98289 105.261
    endloop
  endfacet
  facet normal 0 0.986616 0.163059
    outer loop
      vertex 55.4351 1.98289 105.261
      vertex 0 1.96157 105.39
      vertex 55.4358 1.96157 105.39
    endloop
  endfacet
  facet normal 0 0.986616 0.163059
    outer loop
      vertex 0 1.96157 105.39
      vertex 55.4351 1.98289 105.261
      vertex 0 1.98289 105.261
    endloop
  endfacet
  facet normal 0 0.911893 -0.410428
    outer loop
      vertex 64.9413 1.79375 104.115
      vertex 73 1.84776 104.235
      vertex 73 1.79375 104.115
    endloop
  endfacet
  facet normal 0 0.911893 -0.410428
    outer loop
      vertex 73 1.84776 104.235
      vertex 64.9413 1.79375 104.115
      vertex 64.9395 1.84776 104.235
    endloop
  endfacet
  facet normal 0 0.911893 -0.410428
    outer loop
      vertex 0 1.79375 104.115
      vertex 55.4395 1.84776 104.235
      vertex 55.4413 1.79375 104.115
    endloop
  endfacet
  facet normal 0 0.911893 -0.410428
    outer loop
      vertex 55.4395 1.84776 104.235
      vertex 0 1.79375 104.115
      vertex 0 1.84776 104.235
    endloop
  endfacet
  facet normal 0 -0.290342 -0.956923
    outer loop
      vertex 0 -0.517637 103.068
      vertex 55.479 -0.642879 103.106
      vertex 0 -0.642879 103.106
    endloop
  endfacet
  facet normal 0 -0.290342 -0.956923
    outer loop
      vertex 55.479 -0.642879 103.106
      vertex 0 -0.517637 103.068
      vertex 55.4831 -0.517637 103.068
    endloop
  endfacet
  facet normal 0 -0.290342 -0.956923
    outer loop
      vertex 73 -0.642879 103.106
      vertex 64.9831 -0.517637 103.068
      vertex 73 -0.517637 103.068
    endloop
  endfacet
  facet normal 0 -0.290342 -0.956923
    outer loop
      vertex 64.9831 -0.517637 103.068
      vertex 73 -0.642879 103.106
      vertex 64.979 -0.642879 103.106
    endloop
  endfacet
  facet normal 0 -0.581311 -0.813682
    outer loop
      vertex 0 -1.11114 103.337
      vertex 55.4601 -1.21752 103.413
      vertex 0 -1.21752 103.413
    endloop
  endfacet
  facet normal 0 -0.581311 -0.813682
    outer loop
      vertex 55.4601 -1.21752 103.413
      vertex 0 -1.11114 103.337
      vertex 55.4636 -1.11114 103.337
    endloop
  endfacet
  facet normal 0 -0.581311 -0.813682
    outer loop
      vertex 73 -1.21752 103.413
      vertex 64.9636 -1.11114 103.337
      vertex 73 -1.11114 103.337
    endloop
  endfacet
  facet normal 0 -0.581311 -0.813682
    outer loop
      vertex 64.9636 -1.11114 103.337
      vertex 73 -1.21752 103.413
      vertex 64.9601 -1.21752 103.413
    endloop
  endfacet
  facet normal 0 0.956788 -0.290787
    outer loop
      vertex 55.438 1.89386 104.357
      vertex 0 1.93185 104.482
      vertex 55.4368 1.93185 104.482
    endloop
  endfacet
  facet normal 0 0.956788 -0.290787
    outer loop
      vertex 0 1.93185 104.482
      vertex 55.438 1.89386 104.357
      vertex 0 1.89386 104.357
    endloop
  endfacet
  facet normal 0 0.956788 -0.290787
    outer loop
      vertex 73 1.89386 104.357
      vertex 64.9368 1.93185 104.482
      vertex 73 1.93185 104.482
    endloop
  endfacet
  facet normal 0 0.956788 -0.290787
    outer loop
      vertex 64.9368 1.93185 104.482
      vertex 73 1.89386 104.357
      vertex 64.938 1.89386 104.357
    endloop
  endfacet
  facet normal 0 -0.160519 0.987033
    outer loop
      vertex 0 -0.261052 106.983
      vertex 55.4872 -0.390181 106.962
      vertex 55.4915 -0.261052 106.983
    endloop
  endfacet
  facet normal 0 -0.160519 0.987033
    outer loop
      vertex 55.4872 -0.390181 106.962
      vertex 0 -0.261052 106.983
      vertex 0 -0.390181 106.962
    endloop
  endfacet
  facet normal 0 -0.160519 0.987033
    outer loop
      vertex 64.9915 -0.261052 106.983
      vertex 73 -0.390181 106.962
      vertex 73 -0.261052 106.983
    endloop
  endfacet
  facet normal 0 -0.160519 0.987033
    outer loop
      vertex 73 -0.390181 106.962
      vertex 64.9915 -0.261052 106.983
      vertex 64.9872 -0.390181 106.962
    endloop
  endfacet
  facet normal 0 0.935444 0.353475
    outer loop
      vertex 73 1.89386 105.643
      vertex 64.9395 1.84776 105.765
      vertex 73 1.84776 105.765
    endloop
  endfacet
  facet normal 0 0.935444 0.353475
    outer loop
      vertex 64.9395 1.84776 105.765
      vertex 73 1.89386 105.643
      vertex 64.938 1.89386 105.643
    endloop
  endfacet
  facet normal 0 0.935444 0.353475
    outer loop
      vertex 55.438 1.89386 105.643
      vertex 0 1.84776 105.765
      vertex 55.4395 1.84776 105.765
    endloop
  endfacet
  facet normal 0 0.935444 0.353475
    outer loop
      vertex 0 1.84776 105.765
      vertex 55.438 1.89386 105.643
      vertex 0 1.89386 105.643
    endloop
  endfacet
  facet normal 0 0.473207 -0.880951
    outer loop
      vertex 64.971 0.884577 103.206
      vertex 73 1 103.268
      vertex 73 0.884577 103.206
    endloop
  endfacet
  facet normal 0 0.473207 -0.880951
    outer loop
      vertex 73 1 103.268
      vertex 64.971 0.884577 103.206
      vertex 64.9673 1 103.268
    endloop
  endfacet
  facet normal 0 0.473207 -0.880951
    outer loop
      vertex 0 0.884577 103.206
      vertex 55.4673 1 103.268
      vertex 55.471 0.884577 103.206
    endloop
  endfacet
  facet normal 0 0.473207 -0.880951
    outer loop
      vertex 55.4673 1 103.268
      vertex 0 0.884577 103.206
      vertex 0 1 103.268
    endloop
  endfacet
  facet normal 0 -0.848908 -0.528541
    outer loop
      vertex 0 -1.66294 103.889
      vertex 55.4433 -1.73205 104
      vertex 0 -1.73205 104
    endloop
  endfacet
  facet normal 0 -0.848908 -0.528541
    outer loop
      vertex 55.4433 -1.73205 104
      vertex 0 -1.66294 103.889
      vertex 55.4456 -1.66294 103.889
    endloop
  endfacet
  facet normal 0 -0.848908 -0.528541
    outer loop
      vertex 64.9456 -1.66294 103.889
      vertex 73 -1.73205 104
      vertex 64.9433 -1.73205 104
    endloop
  endfacet
  facet normal 0 -0.848908 -0.528541
    outer loop
      vertex 73 -1.73205 104
      vertex 64.9456 -1.66294 103.889
      vertex 73 -1.66294 103.889
    endloop
  endfacet
  facet normal 0 -0.527454 -0.849583
    outer loop
      vertex 73 -1.11114 103.337
      vertex 64.9673 -1 103.268
      vertex 73 -1 103.268
    endloop
  endfacet
  facet normal 0 -0.527454 -0.849583
    outer loop
      vertex 64.9673 -1 103.268
      vertex 73 -1.11114 103.337
      vertex 64.9636 -1.11114 103.337
    endloop
  endfacet
  facet normal 0 -0.527454 -0.849583
    outer loop
      vertex 0 -1 103.268
      vertex 55.4636 -1.11114 103.337
      vertex 0 -1.11114 103.337
    endloop
  endfacet
  facet normal 0 -0.527454 -0.849583
    outer loop
      vertex 55.4636 -1.11114 103.337
      vertex 0 -1 103.268
      vertex 55.4673 -1 103.268
    endloop
  endfacet
  facet normal 0 0.634265 -0.773116
    outer loop
      vertex 64.9601 1.21752 103.413
      vertex 73 1.31869 103.496
      vertex 73 1.21752 103.413
    endloop
  endfacet
  facet normal 0 0.634265 -0.773116
    outer loop
      vertex 73 1.31869 103.496
      vertex 64.9601 1.21752 103.413
      vertex 64.9568 1.31869 103.496
    endloop
  endfacet
  facet normal 0 0.634265 -0.773116
    outer loop
      vertex 0 1.21752 103.413
      vertex 55.4568 1.31869 103.496
      vertex 55.4601 1.21752 103.413
    endloop
  endfacet
  facet normal 0 0.634265 -0.773116
    outer loop
      vertex 55.4568 1.31869 103.496
      vertex 0 1.21752 103.413
      vertex 0 1.31869 103.496
    endloop
  endfacet
  facet normal 0 0.229114 -0.9734
    outer loop
      vertex 0 0.390181 103.038
      vertex 55.4831 0.517637 103.068
      vertex 55.4872 0.390181 103.038
    endloop
  endfacet
  facet normal 0 0.229114 -0.9734
    outer loop
      vertex 55.4831 0.517637 103.068
      vertex 0 0.390181 103.038
      vertex 0 0.517637 103.068
    endloop
  endfacet
  facet normal 0 0.229114 -0.9734
    outer loop
      vertex 64.9872 0.390181 103.038
      vertex 73 0.517637 103.068
      vertex 73 0.390181 103.038
    endloop
  endfacet
  facet normal 0 0.229114 -0.9734
    outer loop
      vertex 73 0.517637 103.068
      vertex 64.9872 0.390181 103.038
      vertex 64.9831 0.517637 103.068
    endloop
  endfacet
  facet normal 0 -0.999467 -0.0326543
    outer loop
      vertex 0 -1.99572 104.869
      vertex 55.4345 -2 105
      vertex 0 -2 105
    endloop
  endfacet
  facet normal 0 -0.999467 -0.0326543
    outer loop
      vertex 55.4345 -2 105
      vertex 0 -1.99572 104.869
      vertex 55.4347 -1.99572 104.869
    endloop
  endfacet
  facet normal 0 -0.999467 -0.0326543
    outer loop
      vertex 64.9347 -1.99572 104.869
      vertex 73 -2 105
      vertex 64.9345 -2 105
    endloop
  endfacet
  facet normal 0 -0.999467 -0.0326543
    outer loop
      vertex 73 -2 105
      vertex 64.9347 -1.99572 104.869
      vertex 73 -1.99572 104.869
    endloop
  endfacet
  facet normal 0 -0.727977 -0.685601
    outer loop
      vertex 64.9537 -1.41421 103.586
      vertex 73 -1.50368 103.681
      vertex 64.9508 -1.50368 103.681
    endloop
  endfacet
  facet normal 0 -0.727977 -0.685601
    outer loop
      vertex 73 -1.50368 103.681
      vertex 64.9537 -1.41421 103.586
      vertex 73 -1.41421 103.586
    endloop
  endfacet
  facet normal 0 -0.727977 -0.685601
    outer loop
      vertex 0 -1.41421 103.586
      vertex 55.4508 -1.50368 103.681
      vertex 0 -1.50368 103.681
    endloop
  endfacet
  facet normal 0 -0.727977 -0.685601
    outer loop
      vertex 55.4508 -1.50368 103.681
      vertex 0 -1.41421 103.586
      vertex 55.4537 -1.41421 103.586
    endloop
  endfacet
  facet normal 0 0.881184 -0.472774
    outer loop
      vertex 64.9433 1.73205 104
      vertex 73 1.79375 104.115
      vertex 73 1.73205 104
    endloop
  endfacet
  facet normal 0 0.881184 -0.472774
    outer loop
      vertex 73 1.79375 104.115
      vertex 64.9433 1.73205 104
      vertex 64.9413 1.79375 104.115
    endloop
  endfacet
  facet normal 0 0.881184 -0.472774
    outer loop
      vertex 0 1.73205 104
      vertex 55.4413 1.79375 104.115
      vertex 55.4433 1.73205 104
    endloop
  endfacet
  facet normal 0 0.881184 -0.472774
    outer loop
      vertex 55.4413 1.79375 104.115
      vertex 0 1.73205 104
      vertex 0 1.79375 104.115
    endloop
  endfacet
  facet normal 0 -0.0993176 -0.995056
    outer loop
      vertex 0 -0.130806 103.004
      vertex 55.4915 -0.261052 103.017
      vertex 0 -0.261052 103.017
    endloop
  endfacet
  facet normal 0 -0.0993176 -0.995056
    outer loop
      vertex 55.4915 -0.261052 103.017
      vertex 0 -0.130806 103.004
      vertex 55.4957 -0.130806 103.004
    endloop
  endfacet
  facet normal 0 -0.0993176 -0.995056
    outer loop
      vertex 73 -0.261052 103.017
      vertex 64.9957 -0.130806 103.004
      vertex 73 -0.130806 103.004
    endloop
  endfacet
  facet normal 0 -0.0993176 -0.995056
    outer loop
      vertex 64.9957 -0.130806 103.004
      vertex 73 -0.261052 103.017
      vertex 64.9915 -0.261052 103.017
    endloop
  endfacet
  facet normal 0 0.0993176 0.995056
    outer loop
      vertex 0 0.130806 106.996
      vertex 55.4915 0.261052 106.983
      vertex 0 0.261052 106.983
    endloop
  endfacet
  facet normal 0 0.0993176 0.995056
    outer loop
      vertex 55.4915 0.261052 106.983
      vertex 0 0.130806 106.996
      vertex 55.4957 0.130806 106.996
    endloop
  endfacet
  facet normal 0 0.0993176 0.995056
    outer loop
      vertex 73 0.261052 106.983
      vertex 64.9957 0.130806 106.996
      vertex 73 0.130806 106.996
    endloop
  endfacet
  facet normal 0 0.0993176 0.995056
    outer loop
      vertex 64.9957 0.130806 106.996
      vertex 73 0.261052 106.983
      vertex 64.9915 0.261052 106.983
    endloop
  endfacet
  facet normal 0 0.290342 -0.956923
    outer loop
      vertex 64.9831 0.517637 103.068
      vertex 73 0.642879 103.106
      vertex 73 0.517637 103.068
    endloop
  endfacet
  facet normal 0 0.290342 -0.956923
    outer loop
      vertex 73 0.642879 103.106
      vertex 64.9831 0.517637 103.068
      vertex 64.979 0.642879 103.106
    endloop
  endfacet
  facet normal 0 0.290342 -0.956923
    outer loop
      vertex 0 0.517637 103.068
      vertex 55.479 0.642879 103.106
      vertex 55.4831 0.517637 103.068
    endloop
  endfacet
  facet normal 0 0.290342 -0.956923
    outer loop
      vertex 55.479 0.642879 103.106
      vertex 0 0.517637 103.068
      vertex 0 0.642879 103.106
    endloop
  endfacet
  facet normal 0 -0.974088 -0.226171
    outer loop
      vertex 64.9368 -1.93185 104.482
      vertex 73 -1.96157 104.61
      vertex 64.9358 -1.96157 104.61
    endloop
  endfacet
  facet normal 0 -0.974088 -0.226171
    outer loop
      vertex 73 -1.96157 104.61
      vertex 64.9368 -1.93185 104.482
      vertex 73 -1.93185 104.482
    endloop
  endfacet
  facet normal 0 -0.974088 -0.226171
    outer loop
      vertex 0 -1.93185 104.482
      vertex 55.4358 -1.96157 104.61
      vertex 0 -1.96157 104.61
    endloop
  endfacet
  facet normal 0 -0.974088 -0.226171
    outer loop
      vertex 55.4358 -1.96157 104.61
      vertex 0 -1.93185 104.482
      vertex 55.4368 -1.93185 104.482
    endloop
  endfacet
  facet normal 0 0.911893 0.410428
    outer loop
      vertex 55.4395 1.84776 105.765
      vertex 0 1.79375 105.885
      vertex 55.4413 1.79375 105.885
    endloop
  endfacet
  facet normal 0 0.911893 0.410428
    outer loop
      vertex 0 1.79375 105.885
      vertex 55.4395 1.84776 105.765
      vertex 0 1.84776 105.765
    endloop
  endfacet
  facet normal 0 0.911893 0.410428
    outer loop
      vertex 73 1.84776 105.765
      vertex 64.9413 1.79375 105.885
      vertex 73 1.79375 105.885
    endloop
  endfacet
  facet normal 0 0.911893 0.410428
    outer loop
      vertex 64.9413 1.79375 105.885
      vertex 73 1.84776 105.765
      vertex 64.9395 1.84776 105.765
    endloop
  endfacet
  facet normal 0 0.935444 -0.353475
    outer loop
      vertex 64.9395 1.84776 104.235
      vertex 73 1.89386 104.357
      vertex 73 1.84776 104.235
    endloop
  endfacet
  facet normal 0 0.935444 -0.353475
    outer loop
      vertex 73 1.89386 104.357
      vertex 64.9395 1.84776 104.235
      vertex 64.938 1.89386 104.357
    endloop
  endfacet
  facet normal 0 0.935444 -0.353475
    outer loop
      vertex 0 1.84776 104.235
      vertex 55.438 1.89386 104.357
      vertex 55.4395 1.84776 104.235
    endloop
  endfacet
  facet normal 0 0.935444 -0.353475
    outer loop
      vertex 55.438 1.89386 104.357
      vertex 0 1.84776 104.235
      vertex 0 1.89386 104.357
    endloop
  endfacet
  facet normal 0 0.229114 0.9734
    outer loop
      vertex 73 0.517637 106.932
      vertex 64.9872 0.390181 106.962
      vertex 73 0.390181 106.962
    endloop
  endfacet
  facet normal 0 0.229114 0.9734
    outer loop
      vertex 64.9872 0.390181 106.962
      vertex 73 0.517637 106.932
      vertex 64.9831 0.517637 106.932
    endloop
  endfacet
  facet normal 0 0.229114 0.9734
    outer loop
      vertex 0 0.390181 106.962
      vertex 55.4831 0.517637 106.932
      vertex 0 0.517637 106.932
    endloop
  endfacet
  facet normal 0 0.229114 0.9734
    outer loop
      vertex 55.4831 0.517637 106.932
      vertex 0 0.390181 106.962
      vertex 55.4872 0.390181 106.962
    endloop
  endfacet
  facet normal 0 -0.685764 -0.727824
    outer loop
      vertex 73 -1.41421 103.586
      vertex 64.9568 -1.31869 103.496
      vertex 73 -1.31869 103.496
    endloop
  endfacet
  facet normal 0 -0.685764 -0.727824
    outer loop
      vertex 64.9568 -1.31869 103.496
      vertex 73 -1.41421 103.586
      vertex 64.9537 -1.41421 103.586
    endloop
  endfacet
  facet normal 0 -0.685764 -0.727824
    outer loop
      vertex 0 -1.31869 103.496
      vertex 55.4537 -1.41421 103.586
      vertex 0 -1.41421 103.586
    endloop
  endfacet
  facet normal 0 -0.685764 -0.727824
    outer loop
      vertex 55.4537 -1.41421 103.586
      vertex 0 -1.31869 103.496
      vertex 55.4568 -1.31869 103.496
    endloop
  endfacet
  facet normal 0 -0.0993176 0.995056
    outer loop
      vertex 0 -0.130806 106.996
      vertex 55.4915 -0.261052 106.983
      vertex 55.4957 -0.130806 106.996
    endloop
  endfacet
  facet normal 0 -0.0993176 0.995056
    outer loop
      vertex 55.4915 -0.261052 106.983
      vertex 0 -0.130806 106.996
      vertex 0 -0.261052 106.983
    endloop
  endfacet
  facet normal 0 -0.0993176 0.995056
    outer loop
      vertex 64.9957 -0.130806 106.996
      vertex 73 -0.261052 106.983
      vertex 73 -0.130806 106.996
    endloop
  endfacet
  facet normal 0 -0.0993176 0.995056
    outer loop
      vertex 73 -0.261052 106.983
      vertex 64.9957 -0.130806 106.996
      vertex 64.9915 -0.261052 106.983
    endloop
  endfacet
  facet normal 0 0.995165 0.0982152
    outer loop
      vertex 73 1.99572 105.131
      vertex 64.9351 1.98289 105.261
      vertex 73 1.98289 105.261
    endloop
  endfacet
  facet normal 0 0.995165 0.0982152
    outer loop
      vertex 64.9351 1.98289 105.261
      vertex 73 1.99572 105.131
      vertex 64.9347 1.99572 105.131
    endloop
  endfacet
  facet normal 0 0.995165 0.0982152
    outer loop
      vertex 55.4347 1.99572 105.131
      vertex 0 1.98289 105.261
      vertex 55.4351 1.98289 105.261
    endloop
  endfacet
  facet normal 0 0.995165 0.0982152
    outer loop
      vertex 0 1.98289 105.261
      vertex 55.4347 1.99572 105.131
      vertex 0 1.99572 105.131
    endloop
  endfacet
  facet normal 0 -0.881184 -0.472774
    outer loop
      vertex 0 -1.73205 104
      vertex 55.4413 -1.79375 104.115
      vertex 0 -1.79375 104.115
    endloop
  endfacet
  facet normal 0 -0.881184 -0.472774
    outer loop
      vertex 55.4413 -1.79375 104.115
      vertex 0 -1.73205 104
      vertex 55.4433 -1.73205 104
    endloop
  endfacet
  facet normal 0 -0.881184 -0.472774
    outer loop
      vertex 64.9433 -1.73205 104
      vertex 73 -1.79375 104.115
      vertex 64.9413 -1.79375 104.115
    endloop
  endfacet
  facet normal 0 -0.881184 -0.472774
    outer loop
      vertex 73 -1.79375 104.115
      vertex 64.9433 -1.73205 104
      vertex 73 -1.73205 104
    endloop
  endfacet
  facet normal 0 -0.995165 0.0982152
    outer loop
      vertex 64.9347 -1.99572 105.131
      vertex 73 -1.98289 105.261
      vertex 64.9351 -1.98289 105.261
    endloop
  endfacet
  facet normal 0 -0.995165 0.0982152
    outer loop
      vertex 73 -1.98289 105.261
      vertex 64.9347 -1.99572 105.131
      vertex 73 -1.99572 105.131
    endloop
  endfacet
  facet normal 0 -0.995165 0.0982152
    outer loop
      vertex 0 -1.99572 105.131
      vertex 55.4351 -1.98289 105.261
      vertex 0 -1.98289 105.261
    endloop
  endfacet
  facet normal 0 -0.995165 0.0982152
    outer loop
      vertex 55.4351 -1.98289 105.261
      vertex 0 -1.99572 105.131
      vertex 55.4347 -1.99572 105.131
    endloop
  endfacet
  facet normal 0 0.351572 -0.936161
    outer loop
      vertex 64.979 0.642879 103.106
      vertex 73 0.765367 103.152
      vertex 73 0.642879 103.106
    endloop
  endfacet
  facet normal 0 0.351572 -0.936161
    outer loop
      vertex 73 0.765367 103.152
      vertex 64.979 0.642879 103.106
      vertex 64.9749 0.765367 103.152
    endloop
  endfacet
  facet normal 0 0.351572 -0.936161
    outer loop
      vertex 0 0.642879 103.106
      vertex 55.4749 0.765367 103.152
      vertex 55.479 0.642879 103.106
    endloop
  endfacet
  facet normal 0 0.351572 -0.936161
    outer loop
      vertex 55.4749 0.765367 103.152
      vertex 0 0.642879 103.106
      vertex 0 0.765367 103.152
    endloop
  endfacet
  facet normal 0 -0.77248 0.635039
    outer loop
      vertex 73 -1.58671 106.218
      vertex 64.9508 -1.50368 106.319
      vertex 64.9481 -1.58671 106.218
    endloop
  endfacet
  facet normal 0 -0.77248 0.635039
    outer loop
      vertex 64.9508 -1.50368 106.319
      vertex 73 -1.58671 106.218
      vertex 73 -1.50368 106.319
    endloop
  endfacet
  facet normal 0 -0.77248 0.635039
    outer loop
      vertex 55.4481 -1.58671 106.218
      vertex 0 -1.50368 106.319
      vertex 0 -1.58671 106.218
    endloop
  endfacet
  facet normal 0 -0.77248 0.635039
    outer loop
      vertex 0 -1.50368 106.319
      vertex 55.4481 -1.58671 106.218
      vertex 55.4508 -1.50368 106.319
    endloop
  endfacet
  facet normal 0 -0.581311 0.813682
    outer loop
      vertex 0 -1.11114 106.663
      vertex 55.4601 -1.21752 106.587
      vertex 55.4636 -1.11114 106.663
    endloop
  endfacet
  facet normal 0 -0.581311 0.813682
    outer loop
      vertex 55.4601 -1.21752 106.587
      vertex 0 -1.11114 106.663
      vertex 0 -1.21752 106.587
    endloop
  endfacet
  facet normal 0 -0.581311 0.813682
    outer loop
      vertex 64.9636 -1.11114 106.663
      vertex 73 -1.21752 106.587
      vertex 73 -1.11114 106.663
    endloop
  endfacet
  facet normal 0 -0.581311 0.813682
    outer loop
      vertex 73 -1.21752 106.587
      vertex 64.9636 -1.11114 106.663
      vertex 64.9601 -1.21752 106.587
    endloop
  endfacet
  facet normal 0 0.351572 0.936161
    outer loop
      vertex 73 0.765367 106.848
      vertex 64.979 0.642879 106.894
      vertex 73 0.642879 106.894
    endloop
  endfacet
  facet normal 0 0.351572 0.936161
    outer loop
      vertex 64.979 0.642879 106.894
      vertex 73 0.765367 106.848
      vertex 64.9749 0.765367 106.848
    endloop
  endfacet
  facet normal 0 0.351572 0.936161
    outer loop
      vertex 0 0.642879 106.894
      vertex 55.4749 0.765367 106.848
      vertex 0 0.765367 106.848
    endloop
  endfacet
  facet normal 0 0.351572 0.936161
    outer loop
      vertex 55.4749 0.765367 106.848
      vertex 0 0.642879 106.894
      vertex 55.479 0.642879 106.894
    endloop
  endfacet
  facet normal 0 0.727977 -0.685601
    outer loop
      vertex 64.9537 1.41421 103.586
      vertex 73 1.50368 103.681
      vertex 73 1.41421 103.586
    endloop
  endfacet
  facet normal 0 0.727977 -0.685601
    outer loop
      vertex 73 1.50368 103.681
      vertex 64.9537 1.41421 103.586
      vertex 64.9508 1.50368 103.681
    endloop
  endfacet
  facet normal 0 0.727977 -0.685601
    outer loop
      vertex 0 1.41421 103.586
      vertex 55.4508 1.50368 103.681
      vertex 55.4537 1.41421 103.586
    endloop
  endfacet
  facet normal 0 0.727977 -0.685601
    outer loop
      vertex 55.4508 1.50368 103.681
      vertex 0 1.41421 103.586
      vertex 0 1.50368 103.681
    endloop
  endfacet
  facet normal 0 -0.412622 0.910902
    outer loop
      vertex 0 -0.765367 106.848
      vertex 55.471 -0.884577 106.794
      vertex 55.4749 -0.765367 106.848
    endloop
  endfacet
  facet normal 0 -0.412622 0.910902
    outer loop
      vertex 55.471 -0.884577 106.794
      vertex 0 -0.765367 106.848
      vertex 0 -0.884577 106.794
    endloop
  endfacet
  facet normal 0 -0.412622 0.910902
    outer loop
      vertex 64.9749 -0.765367 106.848
      vertex 73 -0.884577 106.794
      vertex 73 -0.765367 106.848
    endloop
  endfacet
  facet normal 0 -0.412622 0.910902
    outer loop
      vertex 73 -0.884577 106.794
      vertex 64.9749 -0.765367 106.848
      vertex 64.971 -0.884577 106.794
    endloop
  endfacet
  facet normal 0 -0.935444 -0.353475
    outer loop
      vertex 0 -1.84776 104.235
      vertex 55.438 -1.89386 104.357
      vertex 0 -1.89386 104.357
    endloop
  endfacet
  facet normal 0 -0.935444 -0.353475
    outer loop
      vertex 55.438 -1.89386 104.357
      vertex 0 -1.84776 104.235
      vertex 55.4395 -1.84776 104.235
    endloop
  endfacet
  facet normal 0 -0.935444 -0.353475
    outer loop
      vertex 64.9395 -1.84776 104.235
      vertex 73 -1.89386 104.357
      vertex 64.938 -1.89386 104.357
    endloop
  endfacet
  facet normal 0 -0.935444 -0.353475
    outer loop
      vertex 73 -1.89386 104.357
      vertex 64.9395 -1.84776 104.235
      vertex 73 -1.84776 104.235
    endloop
  endfacet
  facet normal 0 0.814448 -0.580237
    outer loop
      vertex 64.9481 1.58671 103.782
      vertex 73 1.66294 103.889
      vertex 73 1.58671 103.782
    endloop
  endfacet
  facet normal 0 0.814448 -0.580237
    outer loop
      vertex 73 1.66294 103.889
      vertex 64.9481 1.58671 103.782
      vertex 64.9456 1.66294 103.889
    endloop
  endfacet
  facet normal 0 0.814448 -0.580237
    outer loop
      vertex 0 1.58671 103.782
      vertex 55.4456 1.66294 103.889
      vertex 55.4481 1.58671 103.782
    endloop
  endfacet
  facet normal 0 0.814448 -0.580237
    outer loop
      vertex 55.4456 1.66294 103.889
      vertex 0 1.58671 103.782
      vertex 0 1.66294 103.889
    endloop
  endfacet
  facet normal 0 -0.229114 -0.9734
    outer loop
      vertex 73 -0.517637 103.068
      vertex 64.9872 -0.390181 103.038
      vertex 73 -0.390181 103.038
    endloop
  endfacet
  facet normal 0 -0.229114 -0.9734
    outer loop
      vertex 64.9872 -0.390181 103.038
      vertex 73 -0.517637 103.068
      vertex 64.9831 -0.517637 103.068
    endloop
  endfacet
  facet normal 0 -0.229114 -0.9734
    outer loop
      vertex 0 -0.390181 103.038
      vertex 55.4831 -0.517637 103.068
      vertex 0 -0.517637 103.068
    endloop
  endfacet
  facet normal 0 -0.229114 -0.9734
    outer loop
      vertex 55.4831 -0.517637 103.068
      vertex 0 -0.390181 103.038
      vertex 55.4872 -0.390181 103.038
    endloop
  endfacet
  facet normal 0 0.995165 -0.0982152
    outer loop
      vertex 55.4351 1.98289 104.739
      vertex 0 1.99572 104.869
      vertex 55.4347 1.99572 104.869
    endloop
  endfacet
  facet normal 0 0.995165 -0.0982152
    outer loop
      vertex 0 1.99572 104.869
      vertex 55.4351 1.98289 104.739
      vertex 0 1.98289 104.739
    endloop
  endfacet
  facet normal 0 0.995165 -0.0982152
    outer loop
      vertex 73 1.98289 104.739
      vertex 64.9347 1.99572 104.869
      vertex 73 1.99572 104.869
    endloop
  endfacet
  facet normal 0 0.995165 -0.0982152
    outer loop
      vertex 64.9347 1.99572 104.869
      vertex 73 1.98289 104.739
      vertex 64.9351 1.98289 104.739
    endloop
  endfacet
  facet normal 0 0.77248 -0.635039
    outer loop
      vertex 64.9508 1.50368 103.681
      vertex 73 1.58671 103.782
      vertex 73 1.50368 103.681
    endloop
  endfacet
  facet normal 0 0.77248 -0.635039
    outer loop
      vertex 73 1.58671 103.782
      vertex 64.9508 1.50368 103.681
      vertex 64.9481 1.58671 103.782
    endloop
  endfacet
  facet normal 0 0.77248 -0.635039
    outer loop
      vertex 0 1.50368 103.681
      vertex 55.4481 1.58671 103.782
      vertex 55.4508 1.50368 103.681
    endloop
  endfacet
  facet normal 0 0.77248 -0.635039
    outer loop
      vertex 55.4481 1.58671 103.782
      vertex 0 1.50368 103.681
      vertex 0 1.58671 103.782
    endloop
  endfacet
  facet normal 0 -0.848908 0.528541
    outer loop
      vertex 73 -1.73205 106
      vertex 64.9456 -1.66294 106.111
      vertex 64.9433 -1.73205 106
    endloop
  endfacet
  facet normal 0 -0.848908 0.528541
    outer loop
      vertex 64.9456 -1.66294 106.111
      vertex 73 -1.73205 106
      vertex 73 -1.66294 106.111
    endloop
  endfacet
  facet normal 0 -0.848908 0.528541
    outer loop
      vertex 55.4433 -1.73205 106
      vertex 0 -1.66294 106.111
      vertex 0 -1.73205 106
    endloop
  endfacet
  facet normal 0 -0.848908 0.528541
    outer loop
      vertex 0 -1.66294 106.111
      vertex 55.4433 -1.73205 106
      vertex 55.4456 -1.66294 106.111
    endloop
  endfacet
  facet normal 0 -0.911893 -0.410428
    outer loop
      vertex 64.9413 -1.79375 104.115
      vertex 73 -1.84776 104.235
      vertex 64.9395 -1.84776 104.235
    endloop
  endfacet
  facet normal 0 -0.911893 -0.410428
    outer loop
      vertex 73 -1.84776 104.235
      vertex 64.9413 -1.79375 104.115
      vertex 73 -1.79375 104.115
    endloop
  endfacet
  facet normal 0 -0.911893 -0.410428
    outer loop
      vertex 0 -1.79375 104.115
      vertex 55.4395 -1.84776 104.235
      vertex 0 -1.84776 104.235
    endloop
  endfacet
  facet normal 0 -0.911893 -0.410428
    outer loop
      vertex 55.4395 -1.84776 104.235
      vertex 0 -1.79375 104.115
      vertex 55.4413 -1.79375 104.115
    endloop
  endfacet
  facet normal 0 0.160519 -0.987033
    outer loop
      vertex 0 0.261052 103.017
      vertex 55.4872 0.390181 103.038
      vertex 55.4915 0.261052 103.017
    endloop
  endfacet
  facet normal 0 0.160519 -0.987033
    outer loop
      vertex 55.4872 0.390181 103.038
      vertex 0 0.261052 103.017
      vertex 0 0.390181 103.038
    endloop
  endfacet
  facet normal 0 0.160519 -0.987033
    outer loop
      vertex 64.9915 0.261052 103.017
      vertex 73 0.390181 103.038
      vertex 73 0.261052 103.017
    endloop
  endfacet
  facet normal 0 0.160519 -0.987033
    outer loop
      vertex 73 0.390181 103.038
      vertex 64.9915 0.261052 103.017
      vertex 64.9872 0.390181 103.038
    endloop
  endfacet
  facet normal 0 0.986616 -0.163059
    outer loop
      vertex 55.4358 1.96157 104.61
      vertex 0 1.98289 104.739
      vertex 55.4351 1.98289 104.739
    endloop
  endfacet
  facet normal 0 0.986616 -0.163059
    outer loop
      vertex 0 1.98289 104.739
      vertex 55.4358 1.96157 104.61
      vertex 0 1.96157 104.61
    endloop
  endfacet
  facet normal 0 0.986616 -0.163059
    outer loop
      vertex 73 1.96157 104.61
      vertex 64.9351 1.98289 104.739
      vertex 73 1.98289 104.739
    endloop
  endfacet
  facet normal 0 0.986616 -0.163059
    outer loop
      vertex 64.9351 1.98289 104.739
      vertex 73 1.96157 104.61
      vertex 64.9358 1.96157 104.61
    endloop
  endfacet
  facet normal 0 0.848908 0.528541
    outer loop
      vertex 55.4433 1.73205 106
      vertex 0 1.66294 106.111
      vertex 55.4456 1.66294 106.111
    endloop
  endfacet
  facet normal 0 0.848908 0.528541
    outer loop
      vertex 0 1.66294 106.111
      vertex 55.4433 1.73205 106
      vertex 0 1.73205 106
    endloop
  endfacet
  facet normal 0 0.848908 0.528541
    outer loop
      vertex 73 1.73205 106
      vertex 64.9456 1.66294 106.111
      vertex 73 1.66294 106.111
    endloop
  endfacet
  facet normal 0 0.848908 0.528541
    outer loop
      vertex 64.9456 1.66294 106.111
      vertex 73 1.73205 106
      vertex 64.9433 1.73205 106
    endloop
  endfacet
  facet normal 0 0.160519 0.987033
    outer loop
      vertex 0 0.261052 106.983
      vertex 55.4872 0.390181 106.962
      vertex 0 0.390181 106.962
    endloop
  endfacet
  facet normal 0 0.160519 0.987033
    outer loop
      vertex 55.4872 0.390181 106.962
      vertex 0 0.261052 106.983
      vertex 55.4915 0.261052 106.983
    endloop
  endfacet
  facet normal 0 0.160519 0.987033
    outer loop
      vertex 73 0.390181 106.962
      vertex 64.9915 0.261052 106.983
      vertex 73 0.261052 106.983
    endloop
  endfacet
  facet normal 0 0.160519 0.987033
    outer loop
      vertex 64.9915 0.261052 106.983
      vertex 73 0.390181 106.962
      vertex 64.9872 0.390181 106.962
    endloop
  endfacet
  facet normal 0 0.412622 -0.910902
    outer loop
      vertex 64.9749 0.765367 103.152
      vertex 73 0.884577 103.206
      vertex 73 0.765367 103.152
    endloop
  endfacet
  facet normal 0 0.412622 -0.910902
    outer loop
      vertex 73 0.884577 103.206
      vertex 64.9749 0.765367 103.152
      vertex 64.971 0.884577 103.206
    endloop
  endfacet
  facet normal 0 0.412622 -0.910902
    outer loop
      vertex 0 0.765367 103.152
      vertex 55.471 0.884577 103.206
      vertex 55.4749 0.765367 103.152
    endloop
  endfacet
  facet normal 0 0.412622 -0.910902
    outer loop
      vertex 55.471 0.884577 103.206
      vertex 0 0.765367 103.152
      vertex 0 0.884577 103.206
    endloop
  endfacet
  facet normal 0 -0.290342 0.956923
    outer loop
      vertex 64.9831 -0.517637 106.932
      vertex 73 -0.642879 106.894
      vertex 73 -0.517637 106.932
    endloop
  endfacet
  facet normal 0 -0.290342 0.956923
    outer loop
      vertex 73 -0.642879 106.894
      vertex 64.9831 -0.517637 106.932
      vertex 64.979 -0.642879 106.894
    endloop
  endfacet
  facet normal 0 -0.290342 0.956923
    outer loop
      vertex 0 -0.517637 106.932
      vertex 55.479 -0.642879 106.894
      vertex 55.4831 -0.517637 106.932
    endloop
  endfacet
  facet normal 0 -0.290342 0.956923
    outer loop
      vertex 55.479 -0.642879 106.894
      vertex 0 -0.517637 106.932
      vertex 0 -0.642879 106.894
    endloop
  endfacet
  facet normal 0 0.290342 0.956923
    outer loop
      vertex 73 0.642879 106.894
      vertex 64.9831 0.517637 106.932
      vertex 73 0.517637 106.932
    endloop
  endfacet
  facet normal 0 0.290342 0.956923
    outer loop
      vertex 64.9831 0.517637 106.932
      vertex 73 0.642879 106.894
      vertex 64.979 0.642879 106.894
    endloop
  endfacet
  facet normal 0 0.290342 0.956923
    outer loop
      vertex 0 0.517637 106.932
      vertex 55.479 0.642879 106.894
      vertex 0 0.642879 106.894
    endloop
  endfacet
  facet normal 0 0.290342 0.956923
    outer loop
      vertex 55.479 0.642879 106.894
      vertex 0 0.517637 106.932
      vertex 55.4831 0.517637 106.932
    endloop
  endfacet
  facet normal 0 -0.974088 0.226171
    outer loop
      vertex 0 -1.96157 105.39
      vertex 55.4368 -1.93185 105.518
      vertex 0 -1.93185 105.518
    endloop
  endfacet
  facet normal 0 -0.974088 0.226171
    outer loop
      vertex 55.4368 -1.93185 105.518
      vertex 0 -1.96157 105.39
      vertex 55.4358 -1.96157 105.39
    endloop
  endfacet
  facet normal 0 -0.974088 0.226171
    outer loop
      vertex 64.9358 -1.96157 105.39
      vertex 73 -1.93185 105.518
      vertex 64.9368 -1.93185 105.518
    endloop
  endfacet
  facet normal 0 -0.974088 0.226171
    outer loop
      vertex 73 -1.93185 105.518
      vertex 64.9358 -1.96157 105.39
      vertex 73 -1.96157 105.39
    endloop
  endfacet
  facet normal 0 -0.935444 0.353475
    outer loop
      vertex 55.438 -1.89386 105.643
      vertex 0 -1.84776 105.765
      vertex 0 -1.89386 105.643
    endloop
  endfacet
  facet normal 0 -0.935444 0.353475
    outer loop
      vertex 0 -1.84776 105.765
      vertex 55.438 -1.89386 105.643
      vertex 55.4395 -1.84776 105.765
    endloop
  endfacet
  facet normal 0 -0.935444 0.353475
    outer loop
      vertex 73 -1.89386 105.643
      vertex 64.9395 -1.84776 105.765
      vertex 64.938 -1.89386 105.643
    endloop
  endfacet
  facet normal 0 -0.935444 0.353475
    outer loop
      vertex 64.9395 -1.84776 105.765
      vertex 73 -1.89386 105.643
      vertex 73 -1.84776 105.765
    endloop
  endfacet
  facet normal 0 0.999467 0.0326543
    outer loop
      vertex 55.4345 2 105
      vertex 0 1.99572 105.131
      vertex 55.4347 1.99572 105.131
    endloop
  endfacet
  facet normal 0 0.999467 0.0326543
    outer loop
      vertex 0 1.99572 105.131
      vertex 55.4345 2 105
      vertex 0 2 105
    endloop
  endfacet
  facet normal 0 0.999467 0.0326543
    outer loop
      vertex 73 2 105
      vertex 64.9347 1.99572 105.131
      vertex 73 1.99572 105.131
    endloop
  endfacet
  facet normal 0 0.999467 0.0326543
    outer loop
      vertex 64.9347 1.99572 105.131
      vertex 73 2 105
      vertex 64.9345 2 105
    endloop
  endfacet
  facet normal 0 -0.727977 0.685601
    outer loop
      vertex 55.4508 -1.50368 106.319
      vertex 0 -1.41421 106.414
      vertex 0 -1.50368 106.319
    endloop
  endfacet
  facet normal 0 -0.727977 0.685601
    outer loop
      vertex 0 -1.41421 106.414
      vertex 55.4508 -1.50368 106.319
      vertex 55.4537 -1.41421 106.414
    endloop
  endfacet
  facet normal 0 -0.727977 0.685601
    outer loop
      vertex 73 -1.50368 106.319
      vertex 64.9537 -1.41421 106.414
      vertex 64.9508 -1.50368 106.319
    endloop
  endfacet
  facet normal 0 -0.727977 0.685601
    outer loop
      vertex 64.9537 -1.41421 106.414
      vertex 73 -1.50368 106.319
      vertex 73 -1.41421 106.414
    endloop
  endfacet
  facet normal 0 -0.473207 0.880951
    outer loop
      vertex 0 -0.884577 106.794
      vertex 55.4673 -1 106.732
      vertex 55.471 -0.884577 106.794
    endloop
  endfacet
  facet normal 0 -0.473207 0.880951
    outer loop
      vertex 55.4673 -1 106.732
      vertex 0 -0.884577 106.794
      vertex 0 -1 106.732
    endloop
  endfacet
  facet normal 0 -0.473207 0.880951
    outer loop
      vertex 64.971 -0.884577 106.794
      vertex 73 -1 106.732
      vertex 73 -0.884577 106.794
    endloop
  endfacet
  facet normal 0 -0.473207 0.880951
    outer loop
      vertex 73 -1 106.732
      vertex 64.971 -0.884577 106.794
      vertex 64.9673 -1 106.732
    endloop
  endfacet
  facet normal 0 -0.986616 0.163059
    outer loop
      vertex 0 -1.98289 105.261
      vertex 55.4358 -1.96157 105.39
      vertex 0 -1.96157 105.39
    endloop
  endfacet
  facet normal 0 -0.986616 0.163059
    outer loop
      vertex 55.4358 -1.96157 105.39
      vertex 0 -1.98289 105.261
      vertex 55.4351 -1.98289 105.261
    endloop
  endfacet
  facet normal 0 -0.986616 0.163059
    outer loop
      vertex 64.9351 -1.98289 105.261
      vertex 73 -1.96157 105.39
      vertex 64.9358 -1.96157 105.39
    endloop
  endfacet
  facet normal 0 -0.986616 0.163059
    outer loop
      vertex 73 -1.96157 105.39
      vertex 64.9351 -1.98289 105.261
      vertex 73 -1.98289 105.261
    endloop
  endfacet
  facet normal 0 0.581311 0.813682
    outer loop
      vertex 0 1.11114 106.663
      vertex 55.4601 1.21752 106.587
      vertex 0 1.21752 106.587
    endloop
  endfacet
  facet normal 0 0.581311 0.813682
    outer loop
      vertex 55.4601 1.21752 106.587
      vertex 0 1.11114 106.663
      vertex 55.4636 1.11114 106.663
    endloop
  endfacet
  facet normal 0 0.581311 0.813682
    outer loop
      vertex 73 1.21752 106.587
      vertex 64.9636 1.11114 106.663
      vertex 73 1.11114 106.663
    endloop
  endfacet
  facet normal 0 0.581311 0.813682
    outer loop
      vertex 64.9636 1.11114 106.663
      vertex 73 1.21752 106.587
      vertex 64.9601 1.21752 106.587
    endloop
  endfacet
  facet normal 0 0.473207 0.880951
    outer loop
      vertex 73 1 106.732
      vertex 64.971 0.884577 106.794
      vertex 73 0.884577 106.794
    endloop
  endfacet
  facet normal 0 0.473207 0.880951
    outer loop
      vertex 64.971 0.884577 106.794
      vertex 73 1 106.732
      vertex 64.9673 1 106.732
    endloop
  endfacet
  facet normal 0 0.473207 0.880951
    outer loop
      vertex 0 0.884577 106.794
      vertex 55.4673 1 106.732
      vertex 0 1 106.732
    endloop
  endfacet
  facet normal 0 0.473207 0.880951
    outer loop
      vertex 55.4673 1 106.732
      vertex 0 0.884577 106.794
      vertex 55.471 0.884577 106.794
    endloop
  endfacet
  facet normal 0 -0.77248 -0.635039
    outer loop
      vertex 64.9508 -1.50368 103.681
      vertex 73 -1.58671 103.782
      vertex 64.9481 -1.58671 103.782
    endloop
  endfacet
  facet normal 0 -0.77248 -0.635039
    outer loop
      vertex 73 -1.58671 103.782
      vertex 64.9508 -1.50368 103.681
      vertex 73 -1.50368 103.681
    endloop
  endfacet
  facet normal 0 -0.77248 -0.635039
    outer loop
      vertex 0 -1.50368 103.681
      vertex 55.4481 -1.58671 103.782
      vertex 0 -1.58671 103.782
    endloop
  endfacet
  facet normal 0 -0.77248 -0.635039
    outer loop
      vertex 55.4481 -1.58671 103.782
      vertex 0 -1.50368 103.681
      vertex 55.4508 -1.50368 103.681
    endloop
  endfacet
  facet normal 0 0.974088 0.226171
    outer loop
      vertex 73 1.96157 105.39
      vertex 64.9368 1.93185 105.518
      vertex 73 1.93185 105.518
    endloop
  endfacet
  facet normal 0 0.974088 0.226171
    outer loop
      vertex 64.9368 1.93185 105.518
      vertex 73 1.96157 105.39
      vertex 64.9358 1.96157 105.39
    endloop
  endfacet
  facet normal 0 0.974088 0.226171
    outer loop
      vertex 55.4358 1.96157 105.39
      vertex 0 1.93185 105.518
      vertex 55.4368 1.93185 105.518
    endloop
  endfacet
  facet normal 0 0.974088 0.226171
    outer loop
      vertex 0 1.93185 105.518
      vertex 55.4358 1.96157 105.39
      vertex 0 1.96157 105.39
    endloop
  endfacet
  facet normal 0 0.77248 0.635039
    outer loop
      vertex 55.4481 1.58671 106.218
      vertex 0 1.50368 106.319
      vertex 55.4508 1.50368 106.319
    endloop
  endfacet
  facet normal 0 0.77248 0.635039
    outer loop
      vertex 0 1.50368 106.319
      vertex 55.4481 1.58671 106.218
      vertex 0 1.58671 106.218
    endloop
  endfacet
  facet normal 0 0.77248 0.635039
    outer loop
      vertex 73 1.58671 106.218
      vertex 64.9508 1.50368 106.319
      vertex 73 1.50368 106.319
    endloop
  endfacet
  facet normal 0 0.77248 0.635039
    outer loop
      vertex 64.9508 1.50368 106.319
      vertex 73 1.58671 106.218
      vertex 64.9481 1.58671 106.218
    endloop
  endfacet
  facet normal 0 -0.160519 -0.987033
    outer loop
      vertex 0 -0.261052 103.017
      vertex 55.4872 -0.390181 103.038
      vertex 0 -0.390181 103.038
    endloop
  endfacet
  facet normal 0 -0.160519 -0.987033
    outer loop
      vertex 55.4872 -0.390181 103.038
      vertex 0 -0.261052 103.017
      vertex 55.4915 -0.261052 103.017
    endloop
  endfacet
  facet normal 0 -0.160519 -0.987033
    outer loop
      vertex 73 -0.390181 103.038
      vertex 64.9915 -0.261052 103.017
      vertex 73 -0.261052 103.017
    endloop
  endfacet
  facet normal 0 -0.160519 -0.987033
    outer loop
      vertex 64.9915 -0.261052 103.017
      vertex 73 -0.390181 103.038
      vertex 64.9872 -0.390181 103.038
    endloop
  endfacet
  facet normal 0 -0.634265 0.773116
    outer loop
      vertex 0 -1.21752 106.587
      vertex 55.4568 -1.31869 106.504
      vertex 55.4601 -1.21752 106.587
    endloop
  endfacet
  facet normal 0 -0.634265 0.773116
    outer loop
      vertex 55.4568 -1.31869 106.504
      vertex 0 -1.21752 106.587
      vertex 0 -1.31869 106.504
    endloop
  endfacet
  facet normal 0 -0.634265 0.773116
    outer loop
      vertex 64.9601 -1.21752 106.587
      vertex 73 -1.31869 106.504
      vertex 73 -1.21752 106.587
    endloop
  endfacet
  facet normal 0 -0.634265 0.773116
    outer loop
      vertex 73 -1.31869 106.504
      vertex 64.9601 -1.21752 106.587
      vertex 64.9568 -1.31869 106.504
    endloop
  endfacet
  facet normal 0 -0.911893 0.410428
    outer loop
      vertex 55.4395 -1.84776 105.765
      vertex 0 -1.79375 105.885
      vertex 0 -1.84776 105.765
    endloop
  endfacet
  facet normal 0 -0.911893 0.410428
    outer loop
      vertex 0 -1.79375 105.885
      vertex 55.4395 -1.84776 105.765
      vertex 55.4413 -1.79375 105.885
    endloop
  endfacet
  facet normal 0 -0.911893 0.410428
    outer loop
      vertex 73 -1.84776 105.765
      vertex 64.9413 -1.79375 105.885
      vertex 64.9395 -1.84776 105.765
    endloop
  endfacet
  facet normal 0 -0.911893 0.410428
    outer loop
      vertex 64.9413 -1.79375 105.885
      vertex 73 -1.84776 105.765
      vertex 73 -1.79375 105.885
    endloop
  endfacet
  facet normal 0 0.527454 0.849583
    outer loop
      vertex 73 1.11114 106.663
      vertex 64.9673 1 106.732
      vertex 73 1 106.732
    endloop
  endfacet
  facet normal 0 0.527454 0.849583
    outer loop
      vertex 64.9673 1 106.732
      vertex 73 1.11114 106.663
      vertex 64.9636 1.11114 106.663
    endloop
  endfacet
  facet normal 0 0.527454 0.849583
    outer loop
      vertex 0 1 106.732
      vertex 55.4636 1.11114 106.663
      vertex 0 1.11114 106.663
    endloop
  endfacet
  facet normal 0 0.527454 0.849583
    outer loop
      vertex 55.4636 1.11114 106.663
      vertex 0 1 106.732
      vertex 55.4673 1 106.732
    endloop
  endfacet
  facet normal 0 0.0305653 0.999533
    outer loop
      vertex 73 0.130806 106.996
      vertex 65 0 107
      vertex 73 0 107
    endloop
  endfacet
  facet normal 0 0.0305653 0.999533
    outer loop
      vertex 65 0 107
      vertex 73 0.130806 106.996
      vertex 64.9957 0.130806 106.996
    endloop
  endfacet
  facet normal 0 0.0305653 0.999533
    outer loop
      vertex 0 0 107
      vertex 55.4957 0.130806 106.996
      vertex 0 0.130806 106.996
    endloop
  endfacet
  facet normal 0 0.0305653 0.999533
    outer loop
      vertex 55.4957 0.130806 106.996
      vertex 0 0 107
      vertex 55.5 0 107
    endloop
  endfacet
  facet normal 0 0.412622 0.910902
    outer loop
      vertex 73 0.884577 106.794
      vertex 64.9749 0.765367 106.848
      vertex 73 0.765367 106.848
    endloop
  endfacet
  facet normal 0 0.412622 0.910902
    outer loop
      vertex 64.9749 0.765367 106.848
      vertex 73 0.884577 106.794
      vertex 64.971 0.884577 106.794
    endloop
  endfacet
  facet normal 0 0.412622 0.910902
    outer loop
      vertex 0 0.765367 106.848
      vertex 55.471 0.884577 106.794
      vertex 0 0.884577 106.794
    endloop
  endfacet
  facet normal 0 0.412622 0.910902
    outer loop
      vertex 55.471 0.884577 106.794
      vertex 0 0.765367 106.848
      vertex 55.4749 0.765367 106.848
    endloop
  endfacet
  facet normal 1 0 0
    outer loop
      vertex 73 1.99572 105.131
      vertex 73 1.99572 104.869
      vertex 73 2 105
    endloop
  endfacet
  facet normal 1 0 0
    outer loop
      vertex 73 1.98289 105.261
      vertex 73 1.99572 104.869
      vertex 73 1.99572 105.131
    endloop
  endfacet
  facet normal 1 0 0
    outer loop
      vertex 73 1.98289 105.261
      vertex 73 1.98289 104.739
      vertex 73 1.99572 104.869
    endloop
  endfacet
  facet normal 1 0 0
    outer loop
      vertex 73 1.96157 105.39
      vertex 73 1.98289 104.739
      vertex 73 1.98289 105.261
    endloop
  endfacet
  facet normal 1 0 0
    outer loop
      vertex 73 1.96157 105.39
      vertex 73 1.96157 104.61
      vertex 73 1.98289 104.739
    endloop
  endfacet
  facet normal 1 0 0
    outer loop
      vertex 73 1.93185 105.518
      vertex 73 1.96157 104.61
      vertex 73 1.96157 105.39
    endloop
  endfacet
  facet normal 1 0 0
    outer loop
      vertex 73 1.93185 105.518
      vertex 73 1.93185 104.482
      vertex 73 1.96157 104.61
    endloop
  endfacet
  facet normal 1 0 0
    outer loop
      vertex 73 1.89386 105.643
      vertex 73 1.93185 104.482
      vertex 73 1.93185 105.518
    endloop
  endfacet
  facet normal 1 0 0
    outer loop
      vertex 73 1.89386 105.643
      vertex 73 1.89386 104.357
      vertex 73 1.93185 104.482
    endloop
  endfacet
  facet normal 1 0 0
    outer loop
      vertex 73 1.84776 105.765
      vertex 73 1.89386 104.357
      vertex 73 1.89386 105.643
    endloop
  endfacet
  facet normal 1 0 0
    outer loop
      vertex 73 1.84776 105.765
      vertex 73 1.84776 104.235
      vertex 73 1.89386 104.357
    endloop
  endfacet
  facet normal 1 0 0
    outer loop
      vertex 73 1.79375 105.885
      vertex 73 1.84776 104.235
      vertex 73 1.84776 105.765
    endloop
  endfacet
  facet normal 1 0 0
    outer loop
      vertex 73 1.79375 105.885
      vertex 73 1.79375 104.115
      vertex 73 1.84776 104.235
    endloop
  endfacet
  facet normal 1 0 0
    outer loop
      vertex 73 1.73205 106
      vertex 73 1.79375 104.115
      vertex 73 1.79375 105.885
    endloop
  endfacet
  facet normal 1 0 0
    outer loop
      vertex 73 1.73205 106
      vertex 73 1.73205 104
      vertex 73 1.79375 104.115
    endloop
  endfacet
  facet normal 1 0 0
    outer loop
      vertex 73 1.66294 106.111
      vertex 73 1.73205 104
      vertex 73 1.73205 106
    endloop
  endfacet
  facet normal 1 0 0
    outer loop
      vertex 73 1.66294 106.111
      vertex 73 1.66294 103.889
      vertex 73 1.73205 104
    endloop
  endfacet
  facet normal 1 0 0
    outer loop
      vertex 73 1.58671 106.218
      vertex 73 1.66294 103.889
      vertex 73 1.66294 106.111
    endloop
  endfacet
  facet normal 1 0 0
    outer loop
      vertex 73 1.58671 106.218
      vertex 73 1.58671 103.782
      vertex 73 1.66294 103.889
    endloop
  endfacet
  facet normal 1 0 0
    outer loop
      vertex 73 1.50368 106.319
      vertex 73 1.58671 103.782
      vertex 73 1.58671 106.218
    endloop
  endfacet
  facet normal 1 0 0
    outer loop
      vertex 73 1.50368 106.319
      vertex 73 1.50368 103.681
      vertex 73 1.58671 103.782
    endloop
  endfacet
  facet normal 1 0 0
    outer loop
      vertex 73 1.41421 106.414
      vertex 73 1.50368 103.681
      vertex 73 1.50368 106.319
    endloop
  endfacet
  facet normal 1 0 0
    outer loop
      vertex 73 1.41421 106.414
      vertex 73 1.41421 103.586
      vertex 73 1.50368 103.681
    endloop
  endfacet
  facet normal 1 0 0
    outer loop
      vertex 73 1.31869 106.504
      vertex 73 1.41421 103.586
      vertex 73 1.41421 106.414
    endloop
  endfacet
  facet normal 1 0 0
    outer loop
      vertex 73 1.31869 106.504
      vertex 73 1.31869 103.496
      vertex 73 1.41421 103.586
    endloop
  endfacet
  facet normal 1 0 0
    outer loop
      vertex 73 1.21752 106.587
      vertex 73 1.31869 103.496
      vertex 73 1.31869 106.504
    endloop
  endfacet
  facet normal 1 0 0
    outer loop
      vertex 73 1.21752 106.587
      vertex 73 1.21752 103.413
      vertex 73 1.31869 103.496
    endloop
  endfacet
  facet normal 1 0 0
    outer loop
      vertex 73 1.11114 106.663
      vertex 73 1.21752 103.413
      vertex 73 1.21752 106.587
    endloop
  endfacet
  facet normal 1 0 0
    outer loop
      vertex 73 1.11114 106.663
      vertex 73 1.11114 103.337
      vertex 73 1.21752 103.413
    endloop
  endfacet
  facet normal 1 0 0
    outer loop
      vertex 73 1 106.732
      vertex 73 1.11114 103.337
      vertex 73 1.11114 106.663
    endloop
  endfacet
  facet normal 1 0 0
    outer loop
      vertex 73 1 106.732
      vertex 73 1 103.268
      vertex 73 1.11114 103.337
    endloop
  endfacet
  facet normal 1 0 0
    outer loop
      vertex 73 0.884577 106.794
      vertex 73 1 103.268
      vertex 73 1 106.732
    endloop
  endfacet
  facet normal 1 0 0
    outer loop
      vertex 73 0.884577 106.794
      vertex 73 0.884577 103.206
      vertex 73 1 103.268
    endloop
  endfacet
  facet normal 1 0 0
    outer loop
      vertex 73 0.765367 106.848
      vertex 73 0.884577 103.206
      vertex 73 0.884577 106.794
    endloop
  endfacet
  facet normal 1 0 0
    outer loop
      vertex 73 0.765367 106.848
      vertex 73 0.765367 103.152
      vertex 73 0.884577 103.206
    endloop
  endfacet
  facet normal 1 0 0
    outer loop
      vertex 73 0.642879 106.894
      vertex 73 0.765367 103.152
      vertex 73 0.765367 106.848
    endloop
  endfacet
  facet normal 1 0 0
    outer loop
      vertex 73 0.642879 106.894
      vertex 73 0.642879 103.106
      vertex 73 0.765367 103.152
    endloop
  endfacet
  facet normal 1 0 0
    outer loop
      vertex 73 0.517637 106.932
      vertex 73 0.642879 103.106
      vertex 73 0.642879 106.894
    endloop
  endfacet
  facet normal 1 0 0
    outer loop
      vertex 73 0.517637 106.932
      vertex 73 0.517637 103.068
      vertex 73 0.642879 103.106
    endloop
  endfacet
  facet normal 1 0 0
    outer loop
      vertex 73 0.390181 106.962
      vertex 73 0.517637 103.068
      vertex 73 0.517637 106.932
    endloop
  endfacet
  facet normal 1 0 0
    outer loop
      vertex 73 0.390181 106.962
      vertex 73 0.390181 103.038
      vertex 73 0.517637 103.068
    endloop
  endfacet
  facet normal 1 0 0
    outer loop
      vertex 73 0.261052 106.983
      vertex 73 0.390181 103.038
      vertex 73 0.390181 106.962
    endloop
  endfacet
  facet normal 1 0 0
    outer loop
      vertex 73 0.261052 106.983
      vertex 73 0.261052 103.017
      vertex 73 0.390181 103.038
    endloop
  endfacet
  facet normal 1 0 0
    outer loop
      vertex 73 0.130806 106.996
      vertex 73 0.261052 103.017
      vertex 73 0.261052 106.983
    endloop
  endfacet
  facet normal 1 0 0
    outer loop
      vertex 73 0.130806 106.996
      vertex 73 0.130806 103.004
      vertex 73 0.261052 103.017
    endloop
  endfacet
  facet normal 1 0 0
    outer loop
      vertex 73 0 107
      vertex 73 0.130806 103.004
      vertex 73 0.130806 106.996
    endloop
  endfacet
  facet normal 1 0 0
    outer loop
      vertex 73 0 107
      vertex 73 0 103
      vertex 73 0.130806 103.004
    endloop
  endfacet
  facet normal 1 -0 0
    outer loop
      vertex 73 -0.130806 106.996
      vertex 73 0 103
      vertex 73 0 107
    endloop
  endfacet
  facet normal 1 0 0
    outer loop
      vertex 73 -0.130806 106.996
      vertex 73 -0.130806 103.004
      vertex 73 0 103
    endloop
  endfacet
  facet normal 1 -0 0
    outer loop
      vertex 73 -0.261052 106.983
      vertex 73 -0.130806 103.004
      vertex 73 -0.130806 106.996
    endloop
  endfacet
  facet normal 1 0 0
    outer loop
      vertex 73 -0.261052 106.983
      vertex 73 -0.261052 103.017
      vertex 73 -0.130806 103.004
    endloop
  endfacet
  facet normal 1 -0 0
    outer loop
      vertex 73 -0.390181 106.962
      vertex 73 -0.261052 103.017
      vertex 73 -0.261052 106.983
    endloop
  endfacet
  facet normal 1 0 0
    outer loop
      vertex 73 -0.390181 106.962
      vertex 73 -0.390181 103.038
      vertex 73 -0.261052 103.017
    endloop
  endfacet
  facet normal 1 -0 0
    outer loop
      vertex 73 -0.517637 106.932
      vertex 73 -0.390181 103.038
      vertex 73 -0.390181 106.962
    endloop
  endfacet
  facet normal 1 0 0
    outer loop
      vertex 73 -0.517637 106.932
      vertex 73 -0.517637 103.068
      vertex 73 -0.390181 103.038
    endloop
  endfacet
  facet normal 1 -0 0
    outer loop
      vertex 73 -0.642879 106.894
      vertex 73 -0.517637 103.068
      vertex 73 -0.517637 106.932
    endloop
  endfacet
  facet normal 1 0 0
    outer loop
      vertex 73 -0.642879 106.894
      vertex 73 -0.642879 103.106
      vertex 73 -0.517637 103.068
    endloop
  endfacet
  facet normal 1 -0 0
    outer loop
      vertex 73 -0.765367 106.848
      vertex 73 -0.642879 103.106
      vertex 73 -0.642879 106.894
    endloop
  endfacet
  facet normal 1 0 0
    outer loop
      vertex 73 -0.765367 106.848
      vertex 73 -0.765367 103.152
      vertex 73 -0.642879 103.106
    endloop
  endfacet
  facet normal 1 -0 0
    outer loop
      vertex 73 -0.884577 106.794
      vertex 73 -0.765367 103.152
      vertex 73 -0.765367 106.848
    endloop
  endfacet
  facet normal 1 0 0
    outer loop
      vertex 73 -0.884577 106.794
      vertex 73 -0.884577 103.206
      vertex 73 -0.765367 103.152
    endloop
  endfacet
  facet normal 1 -0 0
    outer loop
      vertex 73 -1 106.732
      vertex 73 -0.884577 103.206
      vertex 73 -0.884577 106.794
    endloop
  endfacet
  facet normal 1 0 0
    outer loop
      vertex 73 -1 106.732
      vertex 73 -1 103.268
      vertex 73 -0.884577 103.206
    endloop
  endfacet
  facet normal 1 -0 0
    outer loop
      vertex 73 -1.11114 106.663
      vertex 73 -1 103.268
      vertex 73 -1 106.732
    endloop
  endfacet
  facet normal 1 0 0
    outer loop
      vertex 73 -1.11114 106.663
      vertex 73 -1.11114 103.337
      vertex 73 -1 103.268
    endloop
  endfacet
  facet normal 1 -0 0
    outer loop
      vertex 73 -1.21752 106.587
      vertex 73 -1.11114 103.337
      vertex 73 -1.11114 106.663
    endloop
  endfacet
  facet normal 1 0 0
    outer loop
      vertex 73 -1.21752 106.587
      vertex 73 -1.21752 103.413
      vertex 73 -1.11114 103.337
    endloop
  endfacet
  facet normal 1 -0 0
    outer loop
      vertex 73 -1.31869 106.504
      vertex 73 -1.21752 103.413
      vertex 73 -1.21752 106.587
    endloop
  endfacet
  facet normal 1 0 0
    outer loop
      vertex 73 -1.31869 106.504
      vertex 73 -1.31869 103.496
      vertex 73 -1.21752 103.413
    endloop
  endfacet
  facet normal 1 -0 0
    outer loop
      vertex 73 -1.41421 106.414
      vertex 73 -1.31869 103.496
      vertex 73 -1.31869 106.504
    endloop
  endfacet
  facet normal 1 0 0
    outer loop
      vertex 73 -1.41421 106.414
      vertex 73 -1.41421 103.586
      vertex 73 -1.31869 103.496
    endloop
  endfacet
  facet normal 1 -0 0
    outer loop
      vertex 73 -1.50368 106.319
      vertex 73 -1.41421 103.586
      vertex 73 -1.41421 106.414
    endloop
  endfacet
  facet normal 1 0 0
    outer loop
      vertex 73 -1.50368 106.319
      vertex 73 -1.50368 103.681
      vertex 73 -1.41421 103.586
    endloop
  endfacet
  facet normal 1 -0 0
    outer loop
      vertex 73 -1.58671 106.218
      vertex 73 -1.50368 103.681
      vertex 73 -1.50368 106.319
    endloop
  endfacet
  facet normal 1 0 0
    outer loop
      vertex 73 -1.58671 106.218
      vertex 73 -1.58671 103.782
      vertex 73 -1.50368 103.681
    endloop
  endfacet
  facet normal 1 -0 0
    outer loop
      vertex 73 -1.66294 106.111
      vertex 73 -1.58671 103.782
      vertex 73 -1.58671 106.218
    endloop
  endfacet
  facet normal 1 0 0
    outer loop
      vertex 73 -1.66294 106.111
      vertex 73 -1.66294 103.889
      vertex 73 -1.58671 103.782
    endloop
  endfacet
  facet normal 1 -0 0
    outer loop
      vertex 73 -1.73205 106
      vertex 73 -1.66294 103.889
      vertex 73 -1.66294 106.111
    endloop
  endfacet
  facet normal 1 0 0
    outer loop
      vertex 73 -1.73205 106
      vertex 73 -1.73205 104
      vertex 73 -1.66294 103.889
    endloop
  endfacet
  facet normal 1 -0 0
    outer loop
      vertex 73 -1.79375 105.885
      vertex 73 -1.73205 104
      vertex 73 -1.73205 106
    endloop
  endfacet
  facet normal 1 0 0
    outer loop
      vertex 73 -1.79375 105.885
      vertex 73 -1.79375 104.115
      vertex 73 -1.73205 104
    endloop
  endfacet
  facet normal 1 -0 0
    outer loop
      vertex 73 -1.84776 105.765
      vertex 73 -1.79375 104.115
      vertex 73 -1.79375 105.885
    endloop
  endfacet
  facet normal 1 0 0
    outer loop
      vertex 73 -1.84776 105.765
      vertex 73 -1.84776 104.235
      vertex 73 -1.79375 104.115
    endloop
  endfacet
  facet normal 1 -0 0
    outer loop
      vertex 73 -1.89386 105.643
      vertex 73 -1.84776 104.235
      vertex 73 -1.84776 105.765
    endloop
  endfacet
  facet normal 1 0 0
    outer loop
      vertex 73 -1.89386 105.643
      vertex 73 -1.89386 104.357
      vertex 73 -1.84776 104.235
    endloop
  endfacet
  facet normal 1 -0 0
    outer loop
      vertex 73 -1.93185 105.518
      vertex 73 -1.89386 104.357
      vertex 73 -1.89386 105.643
    endloop
  endfacet
  facet normal 1 0 0
    outer loop
      vertex 73 -1.93185 105.518
      vertex 73 -1.93185 104.482
      vertex 73 -1.89386 104.357
    endloop
  endfacet
  facet normal 1 -0 0
    outer loop
      vertex 73 -1.96157 105.39
      vertex 73 -1.93185 104.482
      vertex 73 -1.93185 105.518
    endloop
  endfacet
  facet normal 1 0 0
    outer loop
      vertex 73 -1.96157 105.39
      vertex 73 -1.96157 104.61
      vertex 73 -1.93185 104.482
    endloop
  endfacet
  facet normal 1 -0 0
    outer loop
      vertex 73 -1.98289 105.261
      vertex 73 -1.96157 104.61
      vertex 73 -1.96157 105.39
    endloop
  endfacet
  facet normal 1 0 0
    outer loop
      vertex 73 -1.98289 105.261
      vertex 73 -1.98289 104.739
      vertex 73 -1.96157 104.61
    endloop
  endfacet
  facet normal 1 -0 0
    outer loop
      vertex 73 -1.99572 105.131
      vertex 73 -1.98289 104.739
      vertex 73 -1.98289 105.261
    endloop
  endfacet
  facet normal 1 0 0
    outer loop
      vertex 73 -1.99572 105.131
      vertex 73 -1.99572 104.869
      vertex 73 -1.98289 104.739
    endloop
  endfacet
  facet normal 1 0 -0
    outer loop
      vertex 73 -1.99572 104.869
      vertex 73 -1.99572 105.131
      vertex 73 -2 105
    endloop
  endfacet
  facet normal 0 0.974088 -0.226171
    outer loop
      vertex 55.4368 1.93185 104.482
      vertex 0 1.96157 104.61
      vertex 55.4358 1.96157 104.61
    endloop
  endfacet
  facet normal 0 0.974088 -0.226171
    outer loop
      vertex 0 1.96157 104.61
      vertex 55.4368 1.93185 104.482
      vertex 0 1.93185 104.482
    endloop
  endfacet
  facet normal 0 0.974088 -0.226171
    outer loop
      vertex 73 1.93185 104.482
      vertex 64.9358 1.96157 104.61
      vertex 73 1.96157 104.61
    endloop
  endfacet
  facet normal 0 0.974088 -0.226171
    outer loop
      vertex 64.9358 1.96157 104.61
      vertex 73 1.93185 104.482
      vertex 64.9368 1.93185 104.482
    endloop
  endfacet
  facet normal 0 -0.881184 0.472774
    outer loop
      vertex 73 -1.79375 105.885
      vertex 64.9433 -1.73205 106
      vertex 64.9413 -1.79375 105.885
    endloop
  endfacet
  facet normal 0 -0.881184 0.472774
    outer loop
      vertex 64.9433 -1.73205 106
      vertex 73 -1.79375 105.885
      vertex 73 -1.73205 106
    endloop
  endfacet
  facet normal 0 -0.881184 0.472774
    outer loop
      vertex 55.4413 -1.79375 105.885
      vertex 0 -1.73205 106
      vertex 0 -1.79375 105.885
    endloop
  endfacet
  facet normal 0 -0.881184 0.472774
    outer loop
      vertex 0 -1.73205 106
      vertex 55.4413 -1.79375 105.885
      vertex 55.4433 -1.73205 106
    endloop
  endfacet
endsolid OpenSCAD_Model
