solid OpenSCAD_Model
  facet normal 0.995187 0.0979969 0
    outer loop
      vertex 54.8822 3.59717 300
      vertex 54.5295 7.17894 0
      vertex 54.5295 7.17894 300
    endloop
  endfacet
  facet normal 0.995187 0.0979969 0
    outer loop
      vertex 54.5295 7.17894 0
      vertex 54.8822 3.59717 300
      vertex 54.8822 3.59717 0
    endloop
  endfacet
  facet normal 0.999464 0.0327304 0
    outer loop
      vertex 55 0 300
      vertex 54.8822 3.59717 0
      vertex 54.8822 3.59717 300
    endloop
  endfacet
  facet normal 0.999464 0.0327304 0
    outer loop
      vertex 54.8822 3.59717 0
      vertex 55 0 300
      vertex 55 0 0
    endloop
  endfacet
  facet normal 0.999464 -0.0327304 0
    outer loop
      vertex 54.8822 -3.59717 300
      vertex 55 0 0
      vertex 55 0 300
    endloop
  endfacet
  facet normal 0.999464 -0.0327304 0
    outer loop
      vertex 55 0 0
      vertex 54.8822 -3.59717 300
      vertex 54.8822 -3.59717 0
    endloop
  endfacet
  facet normal -0.227089 0.973874 0
    outer loop
      vertex -10.73 53.9432 0
      vertex -14.235 53.1259 300
      vertex -10.73 53.9432 300
    endloop
  endfacet
  facet normal -0.227089 0.973874 0
    outer loop
      vertex -14.235 53.1259 300
      vertex -10.73 53.9432 0
      vertex -14.235 53.1259 0
    endloop
  endfacet
  facet normal 0.773012 0.634392 0
    outer loop
      vertex 43.6344 33.4819 300
      vertex 41.3512 36.264 0
      vertex 41.3512 36.264 300
    endloop
  endfacet
  facet normal 0.773012 0.634392 0
    outer loop
      vertex 41.3512 36.264 0
      vertex 43.6344 33.4819 300
      vertex 43.6344 33.4819 0
    endloop
  endfacet
  facet normal 0.412712 -0.910862 0
    outer loop
      vertex 21.0476 -50.8134 0
      vertex 24.3259 -49.328 300
      vertex 21.0476 -50.8134 300
    endloop
  endfacet
  facet normal 0.412712 -0.910862 0
    outer loop
      vertex 24.3259 -49.328 300
      vertex 21.0476 -50.8134 0
      vertex 24.3259 -49.328 0
    endloop
  endfacet
  facet normal 0.227089 -0.973874 0
    outer loop
      vertex 10.73 -53.9432 0
      vertex 14.235 -53.1259 300
      vertex 10.73 -53.9432 300
    endloop
  endfacet
  facet normal 0.227089 -0.973874 0
    outer loop
      vertex 14.235 -53.1259 300
      vertex 10.73 -53.9432 0
      vertex 14.235 -53.1259 0
    endloop
  endfacet
  facet normal -0.1629 -0.986643 0
    outer loop
      vertex -10.73 -53.9432 0
      vertex -7.17894 -54.5295 300
      vertex -10.73 -53.9432 300
    endloop
  endfacet
  facet normal -0.1629 -0.986643 -0
    outer loop
      vertex -7.17894 -54.5295 300
      vertex -10.73 -53.9432 0
      vertex -7.17894 -54.5295 0
    endloop
  endfacet
  facet normal -0.995187 -0.0979969 0
    outer loop
      vertex -54.5295 -7.17894 0
      vertex -54.8822 -3.59717 300
      vertex -54.8822 -3.59717 0
    endloop
  endfacet
  facet normal -0.995187 -0.0979969 0
    outer loop
      vertex -54.8822 -3.59717 300
      vertex -54.5295 -7.17894 0
      vertex -54.5295 -7.17894 300
    endloop
  endfacet
  facet normal 0.88192 -0.471399 0
    outer loop
      vertex 47.6314 -27.5 300
      vertex 49.328 -24.3259 0
      vertex 49.328 -24.3259 300
    endloop
  endfacet
  facet normal 0.88192 -0.471399 0
    outer loop
      vertex 49.328 -24.3259 0
      vertex 47.6314 -27.5 300
      vertex 47.6314 -27.5 0
    endloop
  endfacet
  facet normal -0.412712 0.910862 0
    outer loop
      vertex -21.0476 50.8134 0
      vertex -24.3259 49.328 300
      vertex -21.0476 50.8134 300
    endloop
  endfacet
  facet normal -0.412712 0.910862 0
    outer loop
      vertex -24.3259 49.328 300
      vertex -21.0476 50.8134 0
      vertex -24.3259 49.328 0
    endloop
  endfacet
  facet normal 0.973874 0.227089 0
    outer loop
      vertex 53.9432 10.73 300
      vertex 53.1259 14.235 0
      vertex 53.1259 14.235 300
    endloop
  endfacet
  facet normal 0.973874 0.227089 0
    outer loop
      vertex 53.1259 14.235 0
      vertex 53.9432 10.73 300
      vertex 53.9432 10.73 0
    endloop
  endfacet
  facet normal 0.471399 0.88192 -0
    outer loop
      vertex 27.5 47.6314 0
      vertex 24.3259 49.328 300
      vertex 27.5 47.6314 300
    endloop
  endfacet
  facet normal 0.471399 0.88192 0
    outer loop
      vertex 24.3259 49.328 300
      vertex 27.5 47.6314 0
      vertex 24.3259 49.328 0
    endloop
  endfacet
  facet normal -0.1629 0.986643 0
    outer loop
      vertex -7.17894 54.5295 0
      vertex -10.73 53.9432 300
      vertex -7.17894 54.5295 300
    endloop
  endfacet
  facet normal -0.1629 0.986643 0
    outer loop
      vertex -10.73 53.9432 300
      vertex -7.17894 54.5295 0
      vertex -10.73 53.9432 0
    endloop
  endfacet
  facet normal -0.290263 -0.956947 0
    outer loop
      vertex -17.6792 -52.0812 0
      vertex -14.235 -53.1259 300
      vertex -17.6792 -52.0812 300
    endloop
  endfacet
  facet normal -0.290263 -0.956947 -0
    outer loop
      vertex -14.235 -53.1259 300
      vertex -17.6792 -52.0812 0
      vertex -14.235 -53.1259 0
    endloop
  endfacet
  facet normal -0.973874 -0.227089 0
    outer loop
      vertex -53.1259 -14.235 0
      vertex -53.9432 -10.73 300
      vertex -53.9432 -10.73 0
    endloop
  endfacet
  facet normal -0.973874 -0.227089 0
    outer loop
      vertex -53.9432 -10.73 300
      vertex -53.1259 -14.235 0
      vertex -53.1259 -14.235 300
    endloop
  endfacet
  facet normal 0.812845 0.582481 0
    outer loop
      vertex 45.7308 30.5564 300
      vertex 43.6344 33.4819 0
      vertex 43.6344 33.4819 300
    endloop
  endfacet
  facet normal 0.812845 0.582481 0
    outer loop
      vertex 43.6344 33.4819 0
      vertex 45.7308 30.5564 300
      vertex 45.7308 30.5564 0
    endloop
  endfacet
  facet normal 0.0327304 0.999464 -0
    outer loop
      vertex 3.59717 54.8822 0
      vertex 0 55 300
      vertex 3.59717 54.8822 300
    endloop
  endfacet
  facet normal 0.0327304 0.999464 0
    outer loop
      vertex 0 55 300
      vertex 3.59717 54.8822 0
      vertex 0 55 0
    endloop
  endfacet
  facet normal 0.956947 0.290263 0
    outer loop
      vertex 53.1259 14.235 300
      vertex 52.0812 17.6792 0
      vertex 52.0812 17.6792 300
    endloop
  endfacet
  facet normal 0.956947 0.290263 0
    outer loop
      vertex 52.0812 17.6792 0
      vertex 53.1259 14.235 300
      vertex 53.1259 14.235 0
    endloop
  endfacet
  facet normal -0.995187 0.0979969 0
    outer loop
      vertex -54.8822 3.59717 0
      vertex -54.5295 7.17894 300
      vertex -54.5295 7.17894 0
    endloop
  endfacet
  facet normal -0.995187 0.0979969 0
    outer loop
      vertex -54.5295 7.17894 300
      vertex -54.8822 3.59717 0
      vertex -54.8822 3.59717 300
    endloop
  endfacet
  facet normal 0.227089 0.973874 -0
    outer loop
      vertex 14.235 53.1259 0
      vertex 10.73 53.9432 300
      vertex 14.235 53.1259 300
    endloop
  endfacet
  facet normal 0.227089 0.973874 0
    outer loop
      vertex 10.73 53.9432 300
      vertex 14.235 53.1259 0
      vertex 10.73 53.9432 0
    endloop
  endfacet
  facet normal -0.935904 -0.352256 0
    outer loop
      vertex -50.8134 -21.0476 0
      vertex -52.0812 -17.6792 300
      vertex -52.0812 -17.6792 0
    endloop
  endfacet
  facet normal -0.935904 -0.352256 0
    outer loop
      vertex -52.0812 -17.6792 300
      vertex -50.8134 -21.0476 0
      vertex -50.8134 -21.0476 300
    endloop
  endfacet
  facet normal 0.849201 0.52807 0
    outer loop
      vertex 47.6314 27.5 300
      vertex 45.7308 30.5564 0
      vertex 45.7308 30.5564 300
    endloop
  endfacet
  facet normal 0.849201 0.52807 0
    outer loop
      vertex 45.7308 30.5564 0
      vertex 47.6314 27.5 300
      vertex 47.6314 27.5 0
    endloop
  endfacet
  facet normal 0.956947 -0.290263 0
    outer loop
      vertex 52.0812 -17.6792 300
      vertex 53.1259 -14.235 0
      vertex 53.1259 -14.235 300
    endloop
  endfacet
  facet normal 0.956947 -0.290263 0
    outer loop
      vertex 53.1259 -14.235 0
      vertex 52.0812 -17.6792 300
      vertex 52.0812 -17.6792 0
    endloop
  endfacet
  facet normal -0.471399 0.88192 0
    outer loop
      vertex -24.3259 49.328 0
      vertex -27.5 47.6314 300
      vertex -24.3259 49.328 300
    endloop
  endfacet
  facet normal -0.471399 0.88192 0
    outer loop
      vertex -27.5 47.6314 300
      vertex -24.3259 49.328 0
      vertex -27.5 47.6314 0
    endloop
  endfacet
  facet normal 0.910862 -0.412712 0
    outer loop
      vertex 49.328 -24.3259 300
      vertex 50.8134 -21.0476 0
      vertex 50.8134 -21.0476 300
    endloop
  endfacet
  facet normal 0.910862 -0.412712 0
    outer loop
      vertex 50.8134 -21.0476 0
      vertex 49.328 -24.3259 300
      vertex 49.328 -24.3259 0
    endloop
  endfacet
  facet normal -0.812845 0.582481 0
    outer loop
      vertex -45.7308 30.5564 0
      vertex -43.6344 33.4819 300
      vertex -43.6344 33.4819 0
    endloop
  endfacet
  facet normal -0.812845 0.582481 0
    outer loop
      vertex -43.6344 33.4819 300
      vertex -45.7308 30.5564 0
      vertex -45.7308 30.5564 300
    endloop
  endfacet
  facet normal 0.352256 -0.935904 0
    outer loop
      vertex 17.6792 -52.0812 0
      vertex 21.0476 -50.8134 300
      vertex 17.6792 -52.0812 300
    endloop
  endfacet
  facet normal 0.352256 -0.935904 0
    outer loop
      vertex 21.0476 -50.8134 300
      vertex 17.6792 -52.0812 0
      vertex 21.0476 -50.8134 0
    endloop
  endfacet
  facet normal -0.0327304 -0.999464 0
    outer loop
      vertex -3.59717 -54.8822 0
      vertex 0 -55 300
      vertex -3.59717 -54.8822 300
    endloop
  endfacet
  facet normal -0.0327304 -0.999464 -0
    outer loop
      vertex 0 -55 300
      vertex -3.59717 -54.8822 0
      vertex 0 -55 0
    endloop
  endfacet
  facet normal 0.683583 -0.729872 0
    outer loop
      vertex 36.264 -41.3512 0
      vertex 38.8909 -38.8909 300
      vertex 36.264 -41.3512 300
    endloop
  endfacet
  facet normal 0.683583 -0.729872 0
    outer loop
      vertex 38.8909 -38.8909 300
      vertex 36.264 -41.3512 0
      vertex 38.8909 -38.8909 0
    endloop
  endfacet
  facet normal -0.582481 0.812845 0
    outer loop
      vertex -30.5564 45.7308 0
      vertex -33.4819 43.6344 300
      vertex -30.5564 45.7308 300
    endloop
  endfacet
  facet normal -0.582481 0.812845 0
    outer loop
      vertex -33.4819 43.6344 300
      vertex -30.5564 45.7308 0
      vertex -33.4819 43.6344 0
    endloop
  endfacet
  facet normal -0.290263 0.956947 0
    outer loop
      vertex -14.235 53.1259 0
      vertex -17.6792 52.0812 300
      vertex -14.235 53.1259 300
    endloop
  endfacet
  facet normal -0.290263 0.956947 0
    outer loop
      vertex -17.6792 52.0812 300
      vertex -14.235 53.1259 0
      vertex -17.6792 52.0812 0
    endloop
  endfacet
  facet normal -0.986643 -0.1629 0
    outer loop
      vertex -53.9432 -10.73 0
      vertex -54.5295 -7.17894 300
      vertex -54.5295 -7.17894 0
    endloop
  endfacet
  facet normal -0.986643 -0.1629 0
    outer loop
      vertex -54.5295 -7.17894 300
      vertex -53.9432 -10.73 0
      vertex -53.9432 -10.73 300
    endloop
  endfacet
  facet normal 0.582481 0.812845 -0
    outer loop
      vertex 33.4819 43.6344 0
      vertex 30.5564 45.7308 300
      vertex 33.4819 43.6344 300
    endloop
  endfacet
  facet normal 0.582481 0.812845 0
    outer loop
      vertex 30.5564 45.7308 300
      vertex 33.4819 43.6344 0
      vertex 30.5564 45.7308 0
    endloop
  endfacet
  facet normal 0.52807 0.849201 -0
    outer loop
      vertex 30.5564 45.7308 0
      vertex 27.5 47.6314 300
      vertex 30.5564 45.7308 300
    endloop
  endfacet
  facet normal 0.52807 0.849201 0
    outer loop
      vertex 27.5 47.6314 300
      vertex 30.5564 45.7308 0
      vertex 27.5 47.6314 0
    endloop
  endfacet
  facet normal 0.0327304 -0.999464 0
    outer loop
      vertex 0 -55 0
      vertex 3.59717 -54.8822 300
      vertex 0 -55 300
    endloop
  endfacet
  facet normal 0.0327304 -0.999464 0
    outer loop
      vertex 3.59717 -54.8822 300
      vertex 0 -55 0
      vertex 3.59717 -54.8822 0
    endloop
  endfacet
  facet normal 0.729872 0.683583 0
    outer loop
      vertex 41.3512 36.264 300
      vertex 38.8909 38.8909 0
      vertex 38.8909 38.8909 300
    endloop
  endfacet
  facet normal 0.729872 0.683583 0
    outer loop
      vertex 38.8909 38.8909 0
      vertex 41.3512 36.264 300
      vertex 41.3512 36.264 0
    endloop
  endfacet
  facet normal 0.582481 -0.812845 0
    outer loop
      vertex 30.5564 -45.7308 0
      vertex 33.4819 -43.6344 300
      vertex 30.5564 -45.7308 300
    endloop
  endfacet
  facet normal 0.582481 -0.812845 0
    outer loop
      vertex 33.4819 -43.6344 300
      vertex 30.5564 -45.7308 0
      vertex 33.4819 -43.6344 0
    endloop
  endfacet
  facet normal 0.0979969 -0.995187 0
    outer loop
      vertex 3.59717 -54.8822 0
      vertex 7.17894 -54.5295 300
      vertex 3.59717 -54.8822 300
    endloop
  endfacet
  facet normal 0.0979969 -0.995187 0
    outer loop
      vertex 7.17894 -54.5295 300
      vertex 3.59717 -54.8822 0
      vertex 7.17894 -54.5295 0
    endloop
  endfacet
  facet normal -0.412712 -0.910862 0
    outer loop
      vertex -24.3259 -49.328 0
      vertex -21.0476 -50.8134 300
      vertex -24.3259 -49.328 300
    endloop
  endfacet
  facet normal -0.412712 -0.910862 -0
    outer loop
      vertex -21.0476 -50.8134 300
      vertex -24.3259 -49.328 0
      vertex -21.0476 -50.8134 0
    endloop
  endfacet
  facet normal -0.634392 -0.773012 0
    outer loop
      vertex -36.264 -41.3512 0
      vertex -33.4819 -43.6344 300
      vertex -36.264 -41.3512 300
    endloop
  endfacet
  facet normal -0.634392 -0.773012 -0
    outer loop
      vertex -33.4819 -43.6344 300
      vertex -36.264 -41.3512 0
      vertex -33.4819 -43.6344 0
    endloop
  endfacet
  facet normal 0.935904 0.352256 0
    outer loop
      vertex 52.0812 17.6792 300
      vertex 50.8134 21.0476 0
      vertex 50.8134 21.0476 300
    endloop
  endfacet
  facet normal 0.935904 0.352256 0
    outer loop
      vertex 50.8134 21.0476 0
      vertex 52.0812 17.6792 300
      vertex 52.0812 17.6792 0
    endloop
  endfacet
  facet normal 0.52807 -0.849201 0
    outer loop
      vertex 27.5 -47.6314 0
      vertex 30.5564 -45.7308 300
      vertex 27.5 -47.6314 300
    endloop
  endfacet
  facet normal 0.52807 -0.849201 0
    outer loop
      vertex 30.5564 -45.7308 300
      vertex 27.5 -47.6314 0
      vertex 30.5564 -45.7308 0
    endloop
  endfacet
  facet normal 0.352256 0.935904 -0
    outer loop
      vertex 21.0476 50.8134 0
      vertex 17.6792 52.0812 300
      vertex 21.0476 50.8134 300
    endloop
  endfacet
  facet normal 0.352256 0.935904 0
    outer loop
      vertex 17.6792 52.0812 300
      vertex 21.0476 50.8134 0
      vertex 17.6792 52.0812 0
    endloop
  endfacet
  facet normal -0.352256 0.935904 0
    outer loop
      vertex -17.6792 52.0812 0
      vertex -21.0476 50.8134 300
      vertex -17.6792 52.0812 300
    endloop
  endfacet
  facet normal -0.352256 0.935904 0
    outer loop
      vertex -21.0476 50.8134 300
      vertex -17.6792 52.0812 0
      vertex -21.0476 50.8134 0
    endloop
  endfacet
  facet normal -0.973874 0.227089 0
    outer loop
      vertex -53.9432 10.73 0
      vertex -53.1259 14.235 300
      vertex -53.1259 14.235 0
    endloop
  endfacet
  facet normal -0.973874 0.227089 0
    outer loop
      vertex -53.1259 14.235 300
      vertex -53.9432 10.73 0
      vertex -53.9432 10.73 300
    endloop
  endfacet
  facet normal -0.52807 0.849201 0
    outer loop
      vertex -27.5 47.6314 0
      vertex -30.5564 45.7308 300
      vertex -27.5 47.6314 300
    endloop
  endfacet
  facet normal -0.52807 0.849201 0
    outer loop
      vertex -30.5564 45.7308 300
      vertex -27.5 47.6314 0
      vertex -30.5564 45.7308 0
    endloop
  endfacet
  facet normal 0.773012 -0.634392 0
    outer loop
      vertex 41.3512 -36.264 300
      vertex 43.6344 -33.4819 0
      vertex 43.6344 -33.4819 300
    endloop
  endfacet
  facet normal 0.773012 -0.634392 0
    outer loop
      vertex 43.6344 -33.4819 0
      vertex 41.3512 -36.264 300
      vertex 41.3512 -36.264 0
    endloop
  endfacet
  facet normal -0.352256 -0.935904 0
    outer loop
      vertex -21.0476 -50.8134 0
      vertex -17.6792 -52.0812 300
      vertex -21.0476 -50.8134 300
    endloop
  endfacet
  facet normal -0.352256 -0.935904 -0
    outer loop
      vertex -17.6792 -52.0812 300
      vertex -21.0476 -50.8134 0
      vertex -17.6792 -52.0812 0
    endloop
  endfacet
  facet normal -0.812845 -0.582481 0
    outer loop
      vertex -43.6344 -33.4819 0
      vertex -45.7308 -30.5564 300
      vertex -45.7308 -30.5564 0
    endloop
  endfacet
  facet normal -0.812845 -0.582481 0
    outer loop
      vertex -45.7308 -30.5564 300
      vertex -43.6344 -33.4819 0
      vertex -43.6344 -33.4819 300
    endloop
  endfacet
  facet normal -0.0327304 0.999464 0
    outer loop
      vertex 0 55 0
      vertex -3.59717 54.8822 300
      vertex 0 55 300
    endloop
  endfacet
  facet normal -0.0327304 0.999464 0
    outer loop
      vertex -3.59717 54.8822 300
      vertex 0 55 0
      vertex -3.59717 54.8822 0
    endloop
  endfacet
  facet normal -0.849201 -0.52807 0
    outer loop
      vertex -45.7308 -30.5564 0
      vertex -47.6314 -27.5 300
      vertex -47.6314 -27.5 0
    endloop
  endfacet
  facet normal -0.849201 -0.52807 0
    outer loop
      vertex -47.6314 -27.5 300
      vertex -45.7308 -30.5564 0
      vertex -45.7308 -30.5564 300
    endloop
  endfacet
  facet normal 0.973874 -0.227089 0
    outer loop
      vertex 53.1259 -14.235 300
      vertex 53.9432 -10.73 0
      vertex 53.9432 -10.73 300
    endloop
  endfacet
  facet normal 0.973874 -0.227089 0
    outer loop
      vertex 53.9432 -10.73 0
      vertex 53.1259 -14.235 300
      vertex 53.1259 -14.235 0
    endloop
  endfacet
  facet normal 0.0979969 0.995187 -0
    outer loop
      vertex 7.17894 54.5295 0
      vertex 3.59717 54.8822 300
      vertex 7.17894 54.5295 300
    endloop
  endfacet
  facet normal 0.0979969 0.995187 0
    outer loop
      vertex 3.59717 54.8822 300
      vertex 7.17894 54.5295 0
      vertex 3.59717 54.8822 0
    endloop
  endfacet
  facet normal -0.999464 -0.0327304 0
    outer loop
      vertex -54.8822 -3.59717 0
      vertex -55 0 300
      vertex -55 0 0
    endloop
  endfacet
  facet normal -0.999464 -0.0327304 0
    outer loop
      vertex -55 0 300
      vertex -54.8822 -3.59717 0
      vertex -54.8822 -3.59717 300
    endloop
  endfacet
  facet normal -0.956947 0.290263 0
    outer loop
      vertex -53.1259 14.235 0
      vertex -52.0812 17.6792 300
      vertex -52.0812 17.6792 0
    endloop
  endfacet
  facet normal -0.956947 0.290263 0
    outer loop
      vertex -52.0812 17.6792 300
      vertex -53.1259 14.235 0
      vertex -53.1259 14.235 300
    endloop
  endfacet
  facet normal -0.935904 0.352256 0
    outer loop
      vertex -52.0812 17.6792 0
      vertex -50.8134 21.0476 300
      vertex -50.8134 21.0476 0
    endloop
  endfacet
  facet normal -0.935904 0.352256 0
    outer loop
      vertex -50.8134 21.0476 300
      vertex -52.0812 17.6792 0
      vertex -52.0812 17.6792 300
    endloop
  endfacet
  facet normal -0.729872 -0.683583 0
    outer loop
      vertex -38.8909 -38.8909 0
      vertex -41.3512 -36.264 300
      vertex -41.3512 -36.264 0
    endloop
  endfacet
  facet normal -0.729872 -0.683583 0
    outer loop
      vertex -41.3512 -36.264 300
      vertex -38.8909 -38.8909 0
      vertex -38.8909 -38.8909 300
    endloop
  endfacet
  facet normal -0.88192 0.471399 0
    outer loop
      vertex -49.328 24.3259 0
      vertex -47.6314 27.5 300
      vertex -47.6314 27.5 0
    endloop
  endfacet
  facet normal -0.88192 0.471399 0
    outer loop
      vertex -47.6314 27.5 300
      vertex -49.328 24.3259 0
      vertex -49.328 24.3259 300
    endloop
  endfacet
  facet normal 0.995187 -0.0979969 0
    outer loop
      vertex 54.5295 -7.17894 300
      vertex 54.8822 -3.59717 0
      vertex 54.8822 -3.59717 300
    endloop
  endfacet
  facet normal 0.995187 -0.0979969 0
    outer loop
      vertex 54.8822 -3.59717 0
      vertex 54.5295 -7.17894 300
      vertex 54.5295 -7.17894 0
    endloop
  endfacet
  facet normal 0.1629 -0.986643 0
    outer loop
      vertex 7.17894 -54.5295 0
      vertex 10.73 -53.9432 300
      vertex 7.17894 -54.5295 300
    endloop
  endfacet
  facet normal 0.1629 -0.986643 0
    outer loop
      vertex 10.73 -53.9432 300
      vertex 7.17894 -54.5295 0
      vertex 10.73 -53.9432 0
    endloop
  endfacet
  facet normal -0.729872 0.683583 0
    outer loop
      vertex -41.3512 36.264 0
      vertex -38.8909 38.8909 300
      vertex -38.8909 38.8909 0
    endloop
  endfacet
  facet normal -0.729872 0.683583 0
    outer loop
      vertex -38.8909 38.8909 300
      vertex -41.3512 36.264 0
      vertex -41.3512 36.264 300
    endloop
  endfacet
  facet normal 0.683583 0.729872 -0
    outer loop
      vertex 38.8909 38.8909 0
      vertex 36.264 41.3512 300
      vertex 38.8909 38.8909 300
    endloop
  endfacet
  facet normal 0.683583 0.729872 0
    outer loop
      vertex 36.264 41.3512 300
      vertex 38.8909 38.8909 0
      vertex 36.264 41.3512 0
    endloop
  endfacet
  facet normal 0.910862 0.412712 0
    outer loop
      vertex 50.8134 21.0476 300
      vertex 49.328 24.3259 0
      vertex 49.328 24.3259 300
    endloop
  endfacet
  facet normal 0.910862 0.412712 0
    outer loop
      vertex 49.328 24.3259 0
      vertex 50.8134 21.0476 300
      vertex 50.8134 21.0476 0
    endloop
  endfacet
  facet normal 0.88192 0.471399 0
    outer loop
      vertex 49.328 24.3259 300
      vertex 47.6314 27.5 0
      vertex 47.6314 27.5 300
    endloop
  endfacet
  facet normal 0.88192 0.471399 0
    outer loop
      vertex 47.6314 27.5 0
      vertex 49.328 24.3259 300
      vertex 49.328 24.3259 0
    endloop
  endfacet
  facet normal 0.634392 0.773012 -0
    outer loop
      vertex 36.264 41.3512 0
      vertex 33.4819 43.6344 300
      vertex 36.264 41.3512 300
    endloop
  endfacet
  facet normal 0.634392 0.773012 0
    outer loop
      vertex 33.4819 43.6344 300
      vertex 36.264 41.3512 0
      vertex 33.4819 43.6344 0
    endloop
  endfacet
  facet normal 0.935904 -0.352256 0
    outer loop
      vertex 50.8134 -21.0476 300
      vertex 52.0812 -17.6792 0
      vertex 52.0812 -17.6792 300
    endloop
  endfacet
  facet normal 0.935904 -0.352256 0
    outer loop
      vertex 52.0812 -17.6792 0
      vertex 50.8134 -21.0476 300
      vertex 50.8134 -21.0476 0
    endloop
  endfacet
  facet normal 0 0 -1
    outer loop
      vertex 48.4 0 0
      vertex 55 0 0
      vertex 54.8822 -3.59717 0
    endloop
  endfacet
  facet normal 0 0 -1
    outer loop
      vertex 48.2964 -3.16551 0
      vertex 54.8822 -3.59717 0
      vertex 54.5295 -7.17894 0
    endloop
  endfacet
  facet normal 0 0 -1
    outer loop
      vertex 55 0 0
      vertex 48.4 0 0
      vertex 54.8822 3.59717 0
    endloop
  endfacet
  facet normal 0 0 -1
    outer loop
      vertex 47.9859 -6.31747 0
      vertex 54.5295 -7.17894 0
      vertex 53.9432 -10.73 0
    endloop
  endfacet
  facet normal 0 0 -1
    outer loop
      vertex 48.2964 3.16551 0
      vertex 54.8822 3.59717 0
      vertex 48.4 0 0
    endloop
  endfacet
  facet normal 0 0 -1
    outer loop
      vertex 47.47 -9.44237 0
      vertex 53.9432 -10.73 0
      vertex 53.1259 -14.235 0
    endloop
  endfacet
  facet normal -0 0 -1
    outer loop
      vertex 54.8822 3.59717 0
      vertex 48.2964 3.16551 0
      vertex 54.5295 7.17894 0
    endloop
  endfacet
  facet normal 0 0 -1
    outer loop
      vertex 46.7508 -12.5268 0
      vertex 53.1259 -14.235 0
      vertex 52.0812 -17.6792 0
    endloop
  endfacet
  facet normal 0 0 -1
    outer loop
      vertex 47.9859 6.31747 0
      vertex 54.5295 7.17894 0
      vertex 48.2964 3.16551 0
    endloop
  endfacet
  facet normal 0 0 -1
    outer loop
      vertex 45.8314 -15.5577 0
      vertex 52.0812 -17.6792 0
      vertex 50.8134 -21.0476 0
    endloop
  endfacet
  facet normal -0 0 -1
    outer loop
      vertex 54.5295 7.17894 0
      vertex 47.9859 6.31747 0
      vertex 53.9432 10.73 0
    endloop
  endfacet
  facet normal 0 0 -1
    outer loop
      vertex 44.7158 -18.5219 0
      vertex 50.8134 -21.0476 0
      vertex 49.328 -24.3259 0
    endloop
  endfacet
  facet normal 0 0 -1
    outer loop
      vertex 47.47 9.44237 0
      vertex 53.9432 10.73 0
      vertex 47.9859 6.31747 0
    endloop
  endfacet
  facet normal -0 0 -1
    outer loop
      vertex 53.9432 10.73 0
      vertex 47.47 9.44237 0
      vertex 53.1259 14.235 0
    endloop
  endfacet
  facet normal 0 0 -1
    outer loop
      vertex 54.8822 -3.59717 0
      vertex 48.2964 -3.16551 0
      vertex 48.4 0 0
    endloop
  endfacet
  facet normal 0 0 -1
    outer loop
      vertex 54.5295 -7.17894 0
      vertex 47.9859 -6.31747 0
      vertex 48.2964 -3.16551 0
    endloop
  endfacet
  facet normal 0 0 -1
    outer loop
      vertex 43.4086 -21.4068 0
      vertex 49.328 -24.3259 0
      vertex 47.6314 -27.5 0
    endloop
  endfacet
  facet normal 0 0 -1
    outer loop
      vertex 53.9432 -10.73 0
      vertex 47.47 -9.44237 0
      vertex 47.9859 -6.31747 0
    endloop
  endfacet
  facet normal 0 0 -1
    outer loop
      vertex 53.1259 -14.235 0
      vertex 46.7508 -12.5268 0
      vertex 47.47 -9.44237 0
    endloop
  endfacet
  facet normal 0 0 -1
    outer loop
      vertex 52.0812 -17.6792 0
      vertex 45.8314 -15.5577 0
      vertex 46.7508 -12.5268 0
    endloop
  endfacet
  facet normal 0 0 -1
    outer loop
      vertex 41.9156 -24.2 0
      vertex 47.6314 -27.5 0
      vertex 45.7308 -30.5564 0
    endloop
  endfacet
  facet normal 0 0 -1
    outer loop
      vertex 50.8134 -21.0476 0
      vertex 44.7158 -18.5219 0
      vertex 45.8314 -15.5577 0
    endloop
  endfacet
  facet normal 0 0 -1
    outer loop
      vertex 40.2431 -26.8896 0
      vertex 45.7308 -30.5564 0
      vertex 43.6344 -33.4819 0
    endloop
  endfacet
  facet normal 0 0 -1
    outer loop
      vertex 49.328 -24.3259 0
      vertex 43.4086 -21.4068 0
      vertex 44.7158 -18.5219 0
    endloop
  endfacet
  facet normal 0 0 -1
    outer loop
      vertex 47.6314 -27.5 0
      vertex 41.9156 -24.2 0
      vertex 43.4086 -21.4068 0
    endloop
  endfacet
  facet normal 0 0 -1
    outer loop
      vertex 38.3983 -29.4641 0
      vertex 43.6344 -33.4819 0
      vertex 41.3512 -36.264 0
    endloop
  endfacet
  facet normal 0 0 -1
    outer loop
      vertex 45.7308 -30.5564 0
      vertex 40.2431 -26.8896 0
      vertex 41.9156 -24.2 0
    endloop
  endfacet
  facet normal 0 0 -1
    outer loop
      vertex 36.389 -31.9123 0
      vertex 41.3512 -36.264 0
      vertex 38.8909 -38.8909 0
    endloop
  endfacet
  facet normal 0 0 -1
    outer loop
      vertex 43.6344 -33.4819 0
      vertex 38.3983 -29.4641 0
      vertex 40.2431 -26.8896 0
    endloop
  endfacet
  facet normal 0 0 -1
    outer loop
      vertex 41.3512 -36.264 0
      vertex 36.389 -31.9123 0
      vertex 38.3983 -29.4641 0
    endloop
  endfacet
  facet normal 0 0 -1
    outer loop
      vertex 34.224 -34.224 0
      vertex 38.8909 -38.8909 0
      vertex 36.264 -41.3512 0
    endloop
  endfacet
  facet normal 0 0 -1
    outer loop
      vertex 38.8909 -38.8909 0
      vertex 34.224 -34.224 0
      vertex 36.389 -31.9123 0
    endloop
  endfacet
  facet normal 0 0 -1
    outer loop
      vertex 31.9123 -36.389 0
      vertex 36.264 -41.3512 0
      vertex 33.4819 -43.6344 0
    endloop
  endfacet
  facet normal 0 0 -1
    outer loop
      vertex 36.264 -41.3512 0
      vertex 31.9123 -36.389 0
      vertex 34.224 -34.224 0
    endloop
  endfacet
  facet normal 0 0 -1
    outer loop
      vertex 29.4641 -38.3983 0
      vertex 33.4819 -43.6344 0
      vertex 30.5564 -45.7308 0
    endloop
  endfacet
  facet normal 0 0 -1
    outer loop
      vertex 33.4819 -43.6344 0
      vertex 29.4641 -38.3983 0
      vertex 31.9123 -36.389 0
    endloop
  endfacet
  facet normal 0 0 -1
    outer loop
      vertex 26.8896 -40.2431 0
      vertex 30.5564 -45.7308 0
      vertex 27.5 -47.6314 0
    endloop
  endfacet
  facet normal 0 0 -1
    outer loop
      vertex 30.5564 -45.7308 0
      vertex 26.8896 -40.2431 0
      vertex 29.4641 -38.3983 0
    endloop
  endfacet
  facet normal 0 0 -1
    outer loop
      vertex 24.2 -41.9156 0
      vertex 27.5 -47.6314 0
      vertex 24.3259 -49.328 0
    endloop
  endfacet
  facet normal 0 0 -1
    outer loop
      vertex 27.5 -47.6314 0
      vertex 24.2 -41.9156 0
      vertex 26.8896 -40.2431 0
    endloop
  endfacet
  facet normal 0 0 -1
    outer loop
      vertex 24.3259 -49.328 0
      vertex 21.4068 -43.4086 0
      vertex 24.2 -41.9156 0
    endloop
  endfacet
  facet normal 0 0 -1
    outer loop
      vertex 21.0476 -50.8134 0
      vertex 21.4068 -43.4086 0
      vertex 24.3259 -49.328 0
    endloop
  endfacet
  facet normal 0 0 -1
    outer loop
      vertex 21.0476 -50.8134 0
      vertex 18.5219 -44.7158 0
      vertex 21.4068 -43.4086 0
    endloop
  endfacet
  facet normal 0 0 -1
    outer loop
      vertex 17.6792 -52.0812 0
      vertex 18.5219 -44.7158 0
      vertex 21.0476 -50.8134 0
    endloop
  endfacet
  facet normal 0 0 -1
    outer loop
      vertex 17.6792 -52.0812 0
      vertex 15.5577 -45.8314 0
      vertex 18.5219 -44.7158 0
    endloop
  endfacet
  facet normal 0 0 -1
    outer loop
      vertex 14.235 -53.1259 0
      vertex 15.5577 -45.8314 0
      vertex 17.6792 -52.0812 0
    endloop
  endfacet
  facet normal 0 0 -1
    outer loop
      vertex 14.235 -53.1259 0
      vertex 12.5268 -46.7508 0
      vertex 15.5577 -45.8314 0
    endloop
  endfacet
  facet normal 0 0 -1
    outer loop
      vertex 10.73 -53.9432 0
      vertex 12.5268 -46.7508 0
      vertex 14.235 -53.1259 0
    endloop
  endfacet
  facet normal 0 0 -1
    outer loop
      vertex 10.73 -53.9432 0
      vertex 9.44237 -47.47 0
      vertex 12.5268 -46.7508 0
    endloop
  endfacet
  facet normal 0 0 -1
    outer loop
      vertex 7.17894 -54.5295 0
      vertex 9.44237 -47.47 0
      vertex 10.73 -53.9432 0
    endloop
  endfacet
  facet normal 0 0 -1
    outer loop
      vertex 7.17894 -54.5295 0
      vertex 6.31747 -47.9859 0
      vertex 9.44237 -47.47 0
    endloop
  endfacet
  facet normal 0 0 -1
    outer loop
      vertex 3.59717 -54.8822 0
      vertex 6.31747 -47.9859 0
      vertex 7.17894 -54.5295 0
    endloop
  endfacet
  facet normal 0 0 -1
    outer loop
      vertex 3.59717 -54.8822 0
      vertex 3.16551 -48.2964 0
      vertex 6.31747 -47.9859 0
    endloop
  endfacet
  facet normal 0 0 -1
    outer loop
      vertex 0 -55 0
      vertex 3.16551 -48.2964 0
      vertex 3.59717 -54.8822 0
    endloop
  endfacet
  facet normal 0 0 -1
    outer loop
      vertex 0 -55 0
      vertex 0 -48.4 0
      vertex 3.16551 -48.2964 0
    endloop
  endfacet
  facet normal 0 0 -1
    outer loop
      vertex 0 -55 0
      vertex -3.16551 -48.2964 0
      vertex 0 -48.4 0
    endloop
  endfacet
  facet normal 0 0 -1
    outer loop
      vertex -3.59717 -54.8822 0
      vertex -3.16551 -48.2964 0
      vertex 0 -55 0
    endloop
  endfacet
  facet normal 0 0 -1
    outer loop
      vertex -3.59717 -54.8822 0
      vertex -6.31747 -47.9859 0
      vertex -3.16551 -48.2964 0
    endloop
  endfacet
  facet normal 0 0 -1
    outer loop
      vertex -7.17894 -54.5295 0
      vertex -6.31747 -47.9859 0
      vertex -3.59717 -54.8822 0
    endloop
  endfacet
  facet normal 0 0 -1
    outer loop
      vertex -7.17894 -54.5295 0
      vertex -9.44237 -47.47 0
      vertex -6.31747 -47.9859 0
    endloop
  endfacet
  facet normal 0 0 -1
    outer loop
      vertex -10.73 -53.9432 0
      vertex -9.44237 -47.47 0
      vertex -7.17894 -54.5295 0
    endloop
  endfacet
  facet normal 0 0 -1
    outer loop
      vertex -10.73 -53.9432 0
      vertex -12.5268 -46.7508 0
      vertex -9.44237 -47.47 0
    endloop
  endfacet
  facet normal 0 0 -1
    outer loop
      vertex -14.235 -53.1259 0
      vertex -12.5268 -46.7508 0
      vertex -10.73 -53.9432 0
    endloop
  endfacet
  facet normal 0 0 -1
    outer loop
      vertex -14.235 -53.1259 0
      vertex -15.5577 -45.8314 0
      vertex -12.5268 -46.7508 0
    endloop
  endfacet
  facet normal 0 0 -1
    outer loop
      vertex -17.6792 -52.0812 0
      vertex -15.5577 -45.8314 0
      vertex -14.235 -53.1259 0
    endloop
  endfacet
  facet normal 0 0 -1
    outer loop
      vertex -17.6792 -52.0812 0
      vertex -18.5219 -44.7158 0
      vertex -15.5577 -45.8314 0
    endloop
  endfacet
  facet normal 0 0 -1
    outer loop
      vertex -21.0476 -50.8134 0
      vertex -18.5219 -44.7158 0
      vertex -17.6792 -52.0812 0
    endloop
  endfacet
  facet normal 0 0 -1
    outer loop
      vertex -21.0476 -50.8134 0
      vertex -21.4068 -43.4086 0
      vertex -18.5219 -44.7158 0
    endloop
  endfacet
  facet normal 0 0 -1
    outer loop
      vertex -24.3259 -49.328 0
      vertex -21.4068 -43.4086 0
      vertex -21.0476 -50.8134 0
    endloop
  endfacet
  facet normal -0 0 -1
    outer loop
      vertex -21.4068 -43.4086 0
      vertex -24.3259 -49.328 0
      vertex -24.2 -41.9156 0
    endloop
  endfacet
  facet normal 0 0 -1
    outer loop
      vertex -27.5 -47.6314 0
      vertex -24.2 -41.9156 0
      vertex -24.3259 -49.328 0
    endloop
  endfacet
  facet normal -0 0 -1
    outer loop
      vertex -24.2 -41.9156 0
      vertex -27.5 -47.6314 0
      vertex -26.8896 -40.2431 0
    endloop
  endfacet
  facet normal 0 0 -1
    outer loop
      vertex -30.5564 -45.7308 0
      vertex -26.8896 -40.2431 0
      vertex -27.5 -47.6314 0
    endloop
  endfacet
  facet normal -0 0 -1
    outer loop
      vertex -26.8896 -40.2431 0
      vertex -30.5564 -45.7308 0
      vertex -29.4641 -38.3983 0
    endloop
  endfacet
  facet normal 0 0 -1
    outer loop
      vertex -33.4819 -43.6344 0
      vertex -29.4641 -38.3983 0
      vertex -30.5564 -45.7308 0
    endloop
  endfacet
  facet normal -0 0 -1
    outer loop
      vertex -29.4641 -38.3983 0
      vertex -33.4819 -43.6344 0
      vertex -31.9123 -36.389 0
    endloop
  endfacet
  facet normal 0 0 -1
    outer loop
      vertex -36.264 -41.3512 0
      vertex -31.9123 -36.389 0
      vertex -33.4819 -43.6344 0
    endloop
  endfacet
  facet normal -0 0 -1
    outer loop
      vertex -31.9123 -36.389 0
      vertex -36.264 -41.3512 0
      vertex -34.224 -34.224 0
    endloop
  endfacet
  facet normal 0 0 -1
    outer loop
      vertex -38.8909 -38.8909 0
      vertex -34.224 -34.224 0
      vertex -36.264 -41.3512 0
    endloop
  endfacet
  facet normal -0 0 -1
    outer loop
      vertex -34.224 -34.224 0
      vertex -38.8909 -38.8909 0
      vertex -36.389 -31.9123 0
    endloop
  endfacet
  facet normal 0 0 -1
    outer loop
      vertex -41.3512 -36.264 0
      vertex -36.389 -31.9123 0
      vertex -38.8909 -38.8909 0
    endloop
  endfacet
  facet normal -0 0 -1
    outer loop
      vertex -36.389 -31.9123 0
      vertex -41.3512 -36.264 0
      vertex -38.3983 -29.4641 0
    endloop
  endfacet
  facet normal 0 0 -1
    outer loop
      vertex -43.6344 -33.4819 0
      vertex -38.3983 -29.4641 0
      vertex -41.3512 -36.264 0
    endloop
  endfacet
  facet normal -0 0 -1
    outer loop
      vertex -38.3983 -29.4641 0
      vertex -43.6344 -33.4819 0
      vertex -40.2431 -26.8896 0
    endloop
  endfacet
  facet normal 0 0 -1
    outer loop
      vertex -45.7308 -30.5564 0
      vertex -40.2431 -26.8896 0
      vertex -43.6344 -33.4819 0
    endloop
  endfacet
  facet normal -0 0 -1
    outer loop
      vertex -40.2431 -26.8896 0
      vertex -45.7308 -30.5564 0
      vertex -41.9156 -24.2 0
    endloop
  endfacet
  facet normal 0 0 -1
    outer loop
      vertex -47.6314 -27.5 0
      vertex -41.9156 -24.2 0
      vertex -45.7308 -30.5564 0
    endloop
  endfacet
  facet normal -0 0 -1
    outer loop
      vertex -41.9156 -24.2 0
      vertex -47.6314 -27.5 0
      vertex -43.4086 -21.4068 0
    endloop
  endfacet
  facet normal 0 0 -1
    outer loop
      vertex -49.328 -24.3259 0
      vertex -43.4086 -21.4068 0
      vertex -47.6314 -27.5 0
    endloop
  endfacet
  facet normal -0 0 -1
    outer loop
      vertex -43.4086 -21.4068 0
      vertex -49.328 -24.3259 0
      vertex -44.7158 -18.5219 0
    endloop
  endfacet
  facet normal 0 0 -1
    outer loop
      vertex -50.8134 -21.0476 0
      vertex -44.7158 -18.5219 0
      vertex -49.328 -24.3259 0
    endloop
  endfacet
  facet normal -0 0 -1
    outer loop
      vertex -44.7158 -18.5219 0
      vertex -50.8134 -21.0476 0
      vertex -45.8314 -15.5577 0
    endloop
  endfacet
  facet normal 0 0 -1
    outer loop
      vertex -52.0812 -17.6792 0
      vertex -45.8314 -15.5577 0
      vertex -50.8134 -21.0476 0
    endloop
  endfacet
  facet normal -0 0 -1
    outer loop
      vertex -45.8314 -15.5577 0
      vertex -52.0812 -17.6792 0
      vertex -46.7508 -12.5268 0
    endloop
  endfacet
  facet normal 0 0 -1
    outer loop
      vertex -53.1259 -14.235 0
      vertex -46.7508 -12.5268 0
      vertex -52.0812 -17.6792 0
    endloop
  endfacet
  facet normal -0 0 -1
    outer loop
      vertex -46.7508 -12.5268 0
      vertex -53.1259 -14.235 0
      vertex -47.47 -9.44237 0
    endloop
  endfacet
  facet normal 0 0 -1
    outer loop
      vertex 46.7508 12.5268 0
      vertex 53.1259 14.235 0
      vertex 47.47 9.44237 0
    endloop
  endfacet
  facet normal -0 0 -1
    outer loop
      vertex 53.1259 14.235 0
      vertex 46.7508 12.5268 0
      vertex 52.0812 17.6792 0
    endloop
  endfacet
  facet normal 0 0 -1
    outer loop
      vertex 45.8314 15.5577 0
      vertex 52.0812 17.6792 0
      vertex 46.7508 12.5268 0
    endloop
  endfacet
  facet normal -0 0 -1
    outer loop
      vertex 52.0812 17.6792 0
      vertex 45.8314 15.5577 0
      vertex 50.8134 21.0476 0
    endloop
  endfacet
  facet normal 0 0 -1
    outer loop
      vertex 44.7158 18.5219 0
      vertex 50.8134 21.0476 0
      vertex 45.8314 15.5577 0
    endloop
  endfacet
  facet normal -0 0 -1
    outer loop
      vertex 50.8134 21.0476 0
      vertex 44.7158 18.5219 0
      vertex 49.328 24.3259 0
    endloop
  endfacet
  facet normal 0 0 -1
    outer loop
      vertex 43.4086 21.4068 0
      vertex 49.328 24.3259 0
      vertex 44.7158 18.5219 0
    endloop
  endfacet
  facet normal -0 0 -1
    outer loop
      vertex 49.328 24.3259 0
      vertex 43.4086 21.4068 0
      vertex 47.6314 27.5 0
    endloop
  endfacet
  facet normal 0 0 -1
    outer loop
      vertex 41.9156 24.2 0
      vertex 47.6314 27.5 0
      vertex 43.4086 21.4068 0
    endloop
  endfacet
  facet normal -0 0 -1
    outer loop
      vertex 47.6314 27.5 0
      vertex 41.9156 24.2 0
      vertex 45.7308 30.5564 0
    endloop
  endfacet
  facet normal 0 0 -1
    outer loop
      vertex 40.2431 26.8896 0
      vertex 45.7308 30.5564 0
      vertex 41.9156 24.2 0
    endloop
  endfacet
  facet normal -0 0 -1
    outer loop
      vertex 45.7308 30.5564 0
      vertex 40.2431 26.8896 0
      vertex 43.6344 33.4819 0
    endloop
  endfacet
  facet normal 0 0 -1
    outer loop
      vertex 38.3983 29.4641 0
      vertex 43.6344 33.4819 0
      vertex 40.2431 26.8896 0
    endloop
  endfacet
  facet normal -0 0 -1
    outer loop
      vertex 43.6344 33.4819 0
      vertex 38.3983 29.4641 0
      vertex 41.3512 36.264 0
    endloop
  endfacet
  facet normal 0 0 -1
    outer loop
      vertex 36.389 31.9123 0
      vertex 41.3512 36.264 0
      vertex 38.3983 29.4641 0
    endloop
  endfacet
  facet normal -0 0 -1
    outer loop
      vertex 41.3512 36.264 0
      vertex 36.389 31.9123 0
      vertex 38.8909 38.8909 0
    endloop
  endfacet
  facet normal 0 0 -1
    outer loop
      vertex 34.224 34.224 0
      vertex 38.8909 38.8909 0
      vertex 36.389 31.9123 0
    endloop
  endfacet
  facet normal -0 0 -1
    outer loop
      vertex 38.8909 38.8909 0
      vertex 34.224 34.224 0
      vertex 36.264 41.3512 0
    endloop
  endfacet
  facet normal 0 0 -1
    outer loop
      vertex 31.9123 36.389 0
      vertex 36.264 41.3512 0
      vertex 34.224 34.224 0
    endloop
  endfacet
  facet normal -0 0 -1
    outer loop
      vertex 36.264 41.3512 0
      vertex 31.9123 36.389 0
      vertex 33.4819 43.6344 0
    endloop
  endfacet
  facet normal 0 0 -1
    outer loop
      vertex 29.4641 38.3983 0
      vertex 33.4819 43.6344 0
      vertex 31.9123 36.389 0
    endloop
  endfacet
  facet normal -0 0 -1
    outer loop
      vertex 33.4819 43.6344 0
      vertex 29.4641 38.3983 0
      vertex 30.5564 45.7308 0
    endloop
  endfacet
  facet normal 0 0 -1
    outer loop
      vertex 26.8896 40.2431 0
      vertex 30.5564 45.7308 0
      vertex 29.4641 38.3983 0
    endloop
  endfacet
  facet normal -0 0 -1
    outer loop
      vertex 30.5564 45.7308 0
      vertex 26.8896 40.2431 0
      vertex 27.5 47.6314 0
    endloop
  endfacet
  facet normal 0 0 -1
    outer loop
      vertex 24.2 41.9156 0
      vertex 27.5 47.6314 0
      vertex 26.8896 40.2431 0
    endloop
  endfacet
  facet normal -0 0 -1
    outer loop
      vertex 27.5 47.6314 0
      vertex 24.2 41.9156 0
      vertex 24.3259 49.328 0
    endloop
  endfacet
  facet normal 0 0 -1
    outer loop
      vertex 21.4068 43.4086 0
      vertex 24.3259 49.328 0
      vertex 24.2 41.9156 0
    endloop
  endfacet
  facet normal 0 0 -1
    outer loop
      vertex 21.4068 43.4086 0
      vertex 21.0476 50.8134 0
      vertex 24.3259 49.328 0
    endloop
  endfacet
  facet normal 0 0 -1
    outer loop
      vertex 18.5219 44.7158 0
      vertex 21.0476 50.8134 0
      vertex 21.4068 43.4086 0
    endloop
  endfacet
  facet normal 0 0 -1
    outer loop
      vertex 18.5219 44.7158 0
      vertex 17.6792 52.0812 0
      vertex 21.0476 50.8134 0
    endloop
  endfacet
  facet normal 0 0 -1
    outer loop
      vertex 15.5577 45.8314 0
      vertex 17.6792 52.0812 0
      vertex 18.5219 44.7158 0
    endloop
  endfacet
  facet normal 0 0 -1
    outer loop
      vertex 15.5577 45.8314 0
      vertex 14.235 53.1259 0
      vertex 17.6792 52.0812 0
    endloop
  endfacet
  facet normal 0 0 -1
    outer loop
      vertex 12.5268 46.7508 0
      vertex 14.235 53.1259 0
      vertex 15.5577 45.8314 0
    endloop
  endfacet
  facet normal 0 0 -1
    outer loop
      vertex 12.5268 46.7508 0
      vertex 10.73 53.9432 0
      vertex 14.235 53.1259 0
    endloop
  endfacet
  facet normal 0 0 -1
    outer loop
      vertex 9.44237 47.47 0
      vertex 10.73 53.9432 0
      vertex 12.5268 46.7508 0
    endloop
  endfacet
  facet normal 0 0 -1
    outer loop
      vertex 9.44237 47.47 0
      vertex 7.17894 54.5295 0
      vertex 10.73 53.9432 0
    endloop
  endfacet
  facet normal 0 0 -1
    outer loop
      vertex 6.31747 47.9859 0
      vertex 7.17894 54.5295 0
      vertex 9.44237 47.47 0
    endloop
  endfacet
  facet normal 0 0 -1
    outer loop
      vertex 6.31747 47.9859 0
      vertex 3.59717 54.8822 0
      vertex 7.17894 54.5295 0
    endloop
  endfacet
  facet normal 0 0 -1
    outer loop
      vertex 3.16551 48.2964 0
      vertex 3.59717 54.8822 0
      vertex 6.31747 47.9859 0
    endloop
  endfacet
  facet normal 0 0 -1
    outer loop
      vertex 0 48.4 0
      vertex 3.59717 54.8822 0
      vertex 3.16551 48.2964 0
    endloop
  endfacet
  facet normal 0 0 -1
    outer loop
      vertex 0 48.4 0
      vertex 0 55 0
      vertex 3.59717 54.8822 0
    endloop
  endfacet
  facet normal 0 0 -1
    outer loop
      vertex -3.16551 48.2964 0
      vertex 0 55 0
      vertex 0 48.4 0
    endloop
  endfacet
  facet normal 0 0 -1
    outer loop
      vertex -3.16551 48.2964 0
      vertex -3.59717 54.8822 0
      vertex 0 55 0
    endloop
  endfacet
  facet normal 0 0 -1
    outer loop
      vertex -6.31747 47.9859 0
      vertex -3.59717 54.8822 0
      vertex -3.16551 48.2964 0
    endloop
  endfacet
  facet normal 0 0 -1
    outer loop
      vertex -6.31747 47.9859 0
      vertex -7.17894 54.5295 0
      vertex -3.59717 54.8822 0
    endloop
  endfacet
  facet normal 0 0 -1
    outer loop
      vertex -9.44237 47.47 0
      vertex -7.17894 54.5295 0
      vertex -6.31747 47.9859 0
    endloop
  endfacet
  facet normal 0 0 -1
    outer loop
      vertex -9.44237 47.47 0
      vertex -10.73 53.9432 0
      vertex -7.17894 54.5295 0
    endloop
  endfacet
  facet normal 0 0 -1
    outer loop
      vertex -12.5268 46.7508 0
      vertex -10.73 53.9432 0
      vertex -9.44237 47.47 0
    endloop
  endfacet
  facet normal 0 0 -1
    outer loop
      vertex -12.5268 46.7508 0
      vertex -14.235 53.1259 0
      vertex -10.73 53.9432 0
    endloop
  endfacet
  facet normal 0 0 -1
    outer loop
      vertex -15.5577 45.8314 0
      vertex -14.235 53.1259 0
      vertex -12.5268 46.7508 0
    endloop
  endfacet
  facet normal 0 0 -1
    outer loop
      vertex -15.5577 45.8314 0
      vertex -17.6792 52.0812 0
      vertex -14.235 53.1259 0
    endloop
  endfacet
  facet normal 0 0 -1
    outer loop
      vertex -18.5219 44.7158 0
      vertex -17.6792 52.0812 0
      vertex -15.5577 45.8314 0
    endloop
  endfacet
  facet normal 0 0 -1
    outer loop
      vertex -18.5219 44.7158 0
      vertex -21.0476 50.8134 0
      vertex -17.6792 52.0812 0
    endloop
  endfacet
  facet normal 0 0 -1
    outer loop
      vertex -21.4068 43.4086 0
      vertex -21.0476 50.8134 0
      vertex -18.5219 44.7158 0
    endloop
  endfacet
  facet normal 0 0 -1
    outer loop
      vertex -24.3259 49.328 0
      vertex -21.4068 43.4086 0
      vertex -24.2 41.9156 0
    endloop
  endfacet
  facet normal 0 0 -1
    outer loop
      vertex -21.4068 43.4086 0
      vertex -24.3259 49.328 0
      vertex -21.0476 50.8134 0
    endloop
  endfacet
  facet normal 0 0 -1
    outer loop
      vertex -27.5 47.6314 0
      vertex -24.2 41.9156 0
      vertex -26.8896 40.2431 0
    endloop
  endfacet
  facet normal 0 0 -1
    outer loop
      vertex -24.2 41.9156 0
      vertex -27.5 47.6314 0
      vertex -24.3259 49.328 0
    endloop
  endfacet
  facet normal 0 0 -1
    outer loop
      vertex -30.5564 45.7308 0
      vertex -26.8896 40.2431 0
      vertex -29.4641 38.3983 0
    endloop
  endfacet
  facet normal 0 0 -1
    outer loop
      vertex -26.8896 40.2431 0
      vertex -30.5564 45.7308 0
      vertex -27.5 47.6314 0
    endloop
  endfacet
  facet normal 0 0 -1
    outer loop
      vertex -33.4819 43.6344 0
      vertex -29.4641 38.3983 0
      vertex -31.9123 36.389 0
    endloop
  endfacet
  facet normal 0 0 -1
    outer loop
      vertex -29.4641 38.3983 0
      vertex -33.4819 43.6344 0
      vertex -30.5564 45.7308 0
    endloop
  endfacet
  facet normal 0 0 -1
    outer loop
      vertex -36.264 41.3512 0
      vertex -31.9123 36.389 0
      vertex -34.224 34.224 0
    endloop
  endfacet
  facet normal 0 0 -1
    outer loop
      vertex -31.9123 36.389 0
      vertex -36.264 41.3512 0
      vertex -33.4819 43.6344 0
    endloop
  endfacet
  facet normal 0 0 -1
    outer loop
      vertex -38.8909 38.8909 0
      vertex -34.224 34.224 0
      vertex -36.389 31.9123 0
    endloop
  endfacet
  facet normal 0 0 -1
    outer loop
      vertex -41.3512 36.264 0
      vertex -36.389 31.9123 0
      vertex -38.3983 29.4641 0
    endloop
  endfacet
  facet normal 0 0 -1
    outer loop
      vertex -34.224 34.224 0
      vertex -38.8909 38.8909 0
      vertex -36.264 41.3512 0
    endloop
  endfacet
  facet normal 0 0 -1
    outer loop
      vertex -43.6344 33.4819 0
      vertex -38.3983 29.4641 0
      vertex -40.2431 26.8896 0
    endloop
  endfacet
  facet normal 0 0 -1
    outer loop
      vertex -36.389 31.9123 0
      vertex -41.3512 36.264 0
      vertex -38.8909 38.8909 0
    endloop
  endfacet
  facet normal 0 0 -1
    outer loop
      vertex -45.7308 30.5564 0
      vertex -40.2431 26.8896 0
      vertex -41.9156 24.2 0
    endloop
  endfacet
  facet normal 0 0 -1
    outer loop
      vertex -47.6314 27.5 0
      vertex -41.9156 24.2 0
      vertex -43.4086 21.4068 0
    endloop
  endfacet
  facet normal 0 0 -1
    outer loop
      vertex -38.3983 29.4641 0
      vertex -43.6344 33.4819 0
      vertex -41.3512 36.264 0
    endloop
  endfacet
  facet normal 0 0 -1
    outer loop
      vertex -49.328 24.3259 0
      vertex -43.4086 21.4068 0
      vertex -44.7158 18.5219 0
    endloop
  endfacet
  facet normal 0 0 -1
    outer loop
      vertex -40.2431 26.8896 0
      vertex -45.7308 30.5564 0
      vertex -43.6344 33.4819 0
    endloop
  endfacet
  facet normal 0 0 -1
    outer loop
      vertex -50.8134 21.0476 0
      vertex -44.7158 18.5219 0
      vertex -45.8314 15.5577 0
    endloop
  endfacet
  facet normal 0 0 -1
    outer loop
      vertex -52.0812 17.6792 0
      vertex -45.8314 15.5577 0
      vertex -46.7508 12.5268 0
    endloop
  endfacet
  facet normal 0 0 -1
    outer loop
      vertex -53.1259 14.235 0
      vertex -46.7508 12.5268 0
      vertex -47.47 9.44237 0
    endloop
  endfacet
  facet normal 0 0 -1
    outer loop
      vertex -41.9156 24.2 0
      vertex -47.6314 27.5 0
      vertex -45.7308 30.5564 0
    endloop
  endfacet
  facet normal 0 0 -1
    outer loop
      vertex -53.9432 10.73 0
      vertex -47.47 9.44237 0
      vertex -47.9859 6.31747 0
    endloop
  endfacet
  facet normal 0 0 -1
    outer loop
      vertex -54.5295 7.17894 0
      vertex -47.9859 6.31747 0
      vertex -48.2964 3.16551 0
    endloop
  endfacet
  facet normal 0 0 -1
    outer loop
      vertex -54.8822 3.59717 0
      vertex -48.2964 3.16551 0
      vertex -48.4 0 0
    endloop
  endfacet
  facet normal 0 0 -1
    outer loop
      vertex -53.9432 -10.73 0
      vertex -47.47 -9.44237 0
      vertex -53.1259 -14.235 0
    endloop
  endfacet
  facet normal 0 0 -1
    outer loop
      vertex -43.4086 21.4068 0
      vertex -49.328 24.3259 0
      vertex -47.6314 27.5 0
    endloop
  endfacet
  facet normal -0 0 -1
    outer loop
      vertex -47.47 -9.44237 0
      vertex -53.9432 -10.73 0
      vertex -47.9859 -6.31747 0
    endloop
  endfacet
  facet normal 0 0 -1
    outer loop
      vertex -44.7158 18.5219 0
      vertex -50.8134 21.0476 0
      vertex -49.328 24.3259 0
    endloop
  endfacet
  facet normal 0 0 -1
    outer loop
      vertex -54.5295 -7.17894 0
      vertex -47.9859 -6.31747 0
      vertex -53.9432 -10.73 0
    endloop
  endfacet
  facet normal 0 0 -1
    outer loop
      vertex -45.8314 15.5577 0
      vertex -52.0812 17.6792 0
      vertex -50.8134 21.0476 0
    endloop
  endfacet
  facet normal -0 0 -1
    outer loop
      vertex -47.9859 -6.31747 0
      vertex -54.5295 -7.17894 0
      vertex -48.2964 -3.16551 0
    endloop
  endfacet
  facet normal 0 0 -1
    outer loop
      vertex -46.7508 12.5268 0
      vertex -53.1259 14.235 0
      vertex -52.0812 17.6792 0
    endloop
  endfacet
  facet normal 0 0 -1
    outer loop
      vertex -54.8822 -3.59717 0
      vertex -48.2964 -3.16551 0
      vertex -54.5295 -7.17894 0
    endloop
  endfacet
  facet normal 0 0 -1
    outer loop
      vertex -47.47 9.44237 0
      vertex -53.9432 10.73 0
      vertex -53.1259 14.235 0
    endloop
  endfacet
  facet normal -0 0 -1
    outer loop
      vertex -48.2964 -3.16551 0
      vertex -54.8822 -3.59717 0
      vertex -48.4 0 0
    endloop
  endfacet
  facet normal 0 0 -1
    outer loop
      vertex -47.9859 6.31747 0
      vertex -54.5295 7.17894 0
      vertex -53.9432 10.73 0
    endloop
  endfacet
  facet normal 0 0 -1
    outer loop
      vertex -55 0 0
      vertex -48.4 0 0
      vertex -54.8822 -3.59717 0
    endloop
  endfacet
  facet normal 0 0 -1
    outer loop
      vertex -48.2964 3.16551 0
      vertex -54.8822 3.59717 0
      vertex -54.5295 7.17894 0
    endloop
  endfacet
  facet normal 0 0 -1
    outer loop
      vertex -48.4 0 0
      vertex -55 0 0
      vertex -54.8822 3.59717 0
    endloop
  endfacet
  facet normal 0.729872 -0.683583 0
    outer loop
      vertex 38.8909 -38.8909 300
      vertex 41.3512 -36.264 0
      vertex 41.3512 -36.264 300
    endloop
  endfacet
  facet normal 0.729872 -0.683583 0
    outer loop
      vertex 41.3512 -36.264 0
      vertex 38.8909 -38.8909 300
      vertex 38.8909 -38.8909 0
    endloop
  endfacet
  facet normal 0.412712 0.910862 -0
    outer loop
      vertex 24.3259 49.328 0
      vertex 21.0476 50.8134 300
      vertex 24.3259 49.328 300
    endloop
  endfacet
  facet normal 0.412712 0.910862 0
    outer loop
      vertex 21.0476 50.8134 300
      vertex 24.3259 49.328 0
      vertex 21.0476 50.8134 0
    endloop
  endfacet
  facet normal -0.683583 -0.729872 0
    outer loop
      vertex -38.8909 -38.8909 0
      vertex -36.264 -41.3512 300
      vertex -38.8909 -38.8909 300
    endloop
  endfacet
  facet normal -0.683583 -0.729872 -0
    outer loop
      vertex -36.264 -41.3512 300
      vertex -38.8909 -38.8909 0
      vertex -36.264 -41.3512 0
    endloop
  endfacet
  facet normal -0.999464 0.0327304 0
    outer loop
      vertex -55 0 0
      vertex -54.8822 3.59717 300
      vertex -54.8822 3.59717 0
    endloop
  endfacet
  facet normal -0.999464 0.0327304 0
    outer loop
      vertex -54.8822 3.59717 300
      vertex -55 0 0
      vertex -55 0 300
    endloop
  endfacet
  facet normal -0.0979969 0.995187 0
    outer loop
      vertex -3.59717 54.8822 0
      vertex -7.17894 54.5295 300
      vertex -3.59717 54.8822 300
    endloop
  endfacet
  facet normal -0.0979969 0.995187 0
    outer loop
      vertex -7.17894 54.5295 300
      vertex -3.59717 54.8822 0
      vertex -7.17894 54.5295 0
    endloop
  endfacet
  facet normal 0.1629 0.986643 -0
    outer loop
      vertex 10.73 53.9432 0
      vertex 7.17894 54.5295 300
      vertex 10.73 53.9432 300
    endloop
  endfacet
  facet normal 0.1629 0.986643 0
    outer loop
      vertex 7.17894 54.5295 300
      vertex 10.73 53.9432 0
      vertex 7.17894 54.5295 0
    endloop
  endfacet
  facet normal -0.986643 0.1629 0
    outer loop
      vertex -54.5295 7.17894 0
      vertex -53.9432 10.73 300
      vertex -53.9432 10.73 0
    endloop
  endfacet
  facet normal -0.986643 0.1629 0
    outer loop
      vertex -53.9432 10.73 300
      vertex -54.5295 7.17894 0
      vertex -54.5295 7.17894 300
    endloop
  endfacet
  facet normal 0.986643 0.1629 0
    outer loop
      vertex 54.5295 7.17894 300
      vertex 53.9432 10.73 0
      vertex 53.9432 10.73 300
    endloop
  endfacet
  facet normal 0.986643 0.1629 0
    outer loop
      vertex 53.9432 10.73 0
      vertex 54.5295 7.17894 300
      vertex 54.5295 7.17894 0
    endloop
  endfacet
  facet normal 0.290263 -0.956947 0
    outer loop
      vertex 14.235 -53.1259 0
      vertex 17.6792 -52.0812 300
      vertex 14.235 -53.1259 300
    endloop
  endfacet
  facet normal 0.290263 -0.956947 0
    outer loop
      vertex 17.6792 -52.0812 300
      vertex 14.235 -53.1259 0
      vertex 17.6792 -52.0812 0
    endloop
  endfacet
  facet normal 0.634392 -0.773012 0
    outer loop
      vertex 33.4819 -43.6344 0
      vertex 36.264 -41.3512 300
      vertex 33.4819 -43.6344 300
    endloop
  endfacet
  facet normal 0.634392 -0.773012 0
    outer loop
      vertex 36.264 -41.3512 300
      vertex 33.4819 -43.6344 0
      vertex 36.264 -41.3512 0
    endloop
  endfacet
  facet normal -0.683583 0.729872 0
    outer loop
      vertex -36.264 41.3512 0
      vertex -38.8909 38.8909 300
      vertex -36.264 41.3512 300
    endloop
  endfacet
  facet normal -0.683583 0.729872 0
    outer loop
      vertex -38.8909 38.8909 300
      vertex -36.264 41.3512 0
      vertex -38.8909 38.8909 0
    endloop
  endfacet
  facet normal -0.634392 0.773012 0
    outer loop
      vertex -33.4819 43.6344 0
      vertex -36.264 41.3512 300
      vertex -33.4819 43.6344 300
    endloop
  endfacet
  facet normal -0.634392 0.773012 0
    outer loop
      vertex -36.264 41.3512 300
      vertex -33.4819 43.6344 0
      vertex -36.264 41.3512 0
    endloop
  endfacet
  facet normal -0.956947 -0.290263 0
    outer loop
      vertex -52.0812 -17.6792 0
      vertex -53.1259 -14.235 300
      vertex -53.1259 -14.235 0
    endloop
  endfacet
  facet normal -0.956947 -0.290263 0
    outer loop
      vertex -53.1259 -14.235 300
      vertex -52.0812 -17.6792 0
      vertex -52.0812 -17.6792 300
    endloop
  endfacet
  facet normal 0.849201 -0.52807 0
    outer loop
      vertex 45.7308 -30.5564 300
      vertex 47.6314 -27.5 0
      vertex 47.6314 -27.5 300
    endloop
  endfacet
  facet normal 0.849201 -0.52807 0
    outer loop
      vertex 47.6314 -27.5 0
      vertex 45.7308 -30.5564 300
      vertex 45.7308 -30.5564 0
    endloop
  endfacet
  facet normal -0.52807 -0.849201 0
    outer loop
      vertex -30.5564 -45.7308 0
      vertex -27.5 -47.6314 300
      vertex -30.5564 -45.7308 300
    endloop
  endfacet
  facet normal -0.52807 -0.849201 -0
    outer loop
      vertex -27.5 -47.6314 300
      vertex -30.5564 -45.7308 0
      vertex -27.5 -47.6314 0
    endloop
  endfacet
  facet normal 0.471399 -0.88192 0
    outer loop
      vertex 24.3259 -49.328 0
      vertex 27.5 -47.6314 300
      vertex 24.3259 -49.328 300
    endloop
  endfacet
  facet normal 0.471399 -0.88192 0
    outer loop
      vertex 27.5 -47.6314 300
      vertex 24.3259 -49.328 0
      vertex 27.5 -47.6314 0
    endloop
  endfacet
  facet normal -0.227089 -0.973874 0
    outer loop
      vertex -14.235 -53.1259 0
      vertex -10.73 -53.9432 300
      vertex -14.235 -53.1259 300
    endloop
  endfacet
  facet normal -0.227089 -0.973874 -0
    outer loop
      vertex -10.73 -53.9432 300
      vertex -14.235 -53.1259 0
      vertex -10.73 -53.9432 0
    endloop
  endfacet
  facet normal -0.582481 -0.812845 0
    outer loop
      vertex -33.4819 -43.6344 0
      vertex -30.5564 -45.7308 300
      vertex -33.4819 -43.6344 300
    endloop
  endfacet
  facet normal -0.582481 -0.812845 -0
    outer loop
      vertex -30.5564 -45.7308 300
      vertex -33.4819 -43.6344 0
      vertex -30.5564 -45.7308 0
    endloop
  endfacet
  facet normal 0.812845 -0.582481 0
    outer loop
      vertex 43.6344 -33.4819 300
      vertex 45.7308 -30.5564 0
      vertex 45.7308 -30.5564 300
    endloop
  endfacet
  facet normal 0.812845 -0.582481 0
    outer loop
      vertex 45.7308 -30.5564 0
      vertex 43.6344 -33.4819 300
      vertex 43.6344 -33.4819 0
    endloop
  endfacet
  facet normal -0.773012 -0.634392 0
    outer loop
      vertex -41.3512 -36.264 0
      vertex -43.6344 -33.4819 300
      vertex -43.6344 -33.4819 0
    endloop
  endfacet
  facet normal -0.773012 -0.634392 0
    outer loop
      vertex -43.6344 -33.4819 300
      vertex -41.3512 -36.264 0
      vertex -41.3512 -36.264 300
    endloop
  endfacet
  facet normal -0.773012 0.634392 0
    outer loop
      vertex -43.6344 33.4819 0
      vertex -41.3512 36.264 300
      vertex -41.3512 36.264 0
    endloop
  endfacet
  facet normal -0.773012 0.634392 0
    outer loop
      vertex -41.3512 36.264 300
      vertex -43.6344 33.4819 0
      vertex -43.6344 33.4819 300
    endloop
  endfacet
  facet normal -0.0979969 -0.995187 0
    outer loop
      vertex -7.17894 -54.5295 0
      vertex -3.59717 -54.8822 300
      vertex -7.17894 -54.5295 300
    endloop
  endfacet
  facet normal -0.0979969 -0.995187 -0
    outer loop
      vertex -3.59717 -54.8822 300
      vertex -7.17894 -54.5295 0
      vertex -3.59717 -54.8822 0
    endloop
  endfacet
  facet normal -0.910862 -0.412712 0
    outer loop
      vertex -49.328 -24.3259 0
      vertex -50.8134 -21.0476 300
      vertex -50.8134 -21.0476 0
    endloop
  endfacet
  facet normal -0.910862 -0.412712 0
    outer loop
      vertex -50.8134 -21.0476 300
      vertex -49.328 -24.3259 0
      vertex -49.328 -24.3259 300
    endloop
  endfacet
  facet normal 0.986643 -0.1629 0
    outer loop
      vertex 53.9432 -10.73 300
      vertex 54.5295 -7.17894 0
      vertex 54.5295 -7.17894 300
    endloop
  endfacet
  facet normal 0.986643 -0.1629 0
    outer loop
      vertex 54.5295 -7.17894 0
      vertex 53.9432 -10.73 300
      vertex 53.9432 -10.73 0
    endloop
  endfacet
  facet normal 0.290263 0.956947 -0
    outer loop
      vertex 17.6792 52.0812 0
      vertex 14.235 53.1259 300
      vertex 17.6792 52.0812 300
    endloop
  endfacet
  facet normal 0.290263 0.956947 0
    outer loop
      vertex 14.235 53.1259 300
      vertex 17.6792 52.0812 0
      vertex 14.235 53.1259 0
    endloop
  endfacet
  facet normal 0 0 1
    outer loop
      vertex 48.4 0 300
      vertex 55 0 300
      vertex 54.8822 3.59717 300
    endloop
  endfacet
  facet normal 0 0 1
    outer loop
      vertex 48.2964 3.16551 300
      vertex 54.8822 3.59717 300
      vertex 54.5295 7.17894 300
    endloop
  endfacet
  facet normal 0 0 1
    outer loop
      vertex 55 0 300
      vertex 48.4 0 300
      vertex 54.8822 -3.59717 300
    endloop
  endfacet
  facet normal 0 0 1
    outer loop
      vertex 47.9859 6.31747 300
      vertex 54.5295 7.17894 300
      vertex 53.9432 10.73 300
    endloop
  endfacet
  facet normal -0 0 1
    outer loop
      vertex 48.2964 -3.16551 300
      vertex 54.8822 -3.59717 300
      vertex 48.4 0 300
    endloop
  endfacet
  facet normal 0 0 1
    outer loop
      vertex 47.47 9.44237 300
      vertex 53.9432 10.73 300
      vertex 53.1259 14.235 300
    endloop
  endfacet
  facet normal 0 0 1
    outer loop
      vertex 54.8822 -3.59717 300
      vertex 48.2964 -3.16551 300
      vertex 54.5295 -7.17894 300
    endloop
  endfacet
  facet normal 0 0 1
    outer loop
      vertex 46.7508 12.5268 300
      vertex 53.1259 14.235 300
      vertex 52.0812 17.6792 300
    endloop
  endfacet
  facet normal -0 0 1
    outer loop
      vertex 47.9859 -6.31747 300
      vertex 54.5295 -7.17894 300
      vertex 48.2964 -3.16551 300
    endloop
  endfacet
  facet normal 0 0 1
    outer loop
      vertex 45.8314 15.5577 300
      vertex 52.0812 17.6792 300
      vertex 50.8134 21.0476 300
    endloop
  endfacet
  facet normal 0 0 1
    outer loop
      vertex 54.5295 -7.17894 300
      vertex 47.9859 -6.31747 300
      vertex 53.9432 -10.73 300
    endloop
  endfacet
  facet normal 0 0 1
    outer loop
      vertex 44.7158 18.5219 300
      vertex 50.8134 21.0476 300
      vertex 49.328 24.3259 300
    endloop
  endfacet
  facet normal -0 0 1
    outer loop
      vertex 47.47 -9.44237 300
      vertex 53.9432 -10.73 300
      vertex 47.9859 -6.31747 300
    endloop
  endfacet
  facet normal 0 0 1
    outer loop
      vertex 53.9432 -10.73 300
      vertex 47.47 -9.44237 300
      vertex 53.1259 -14.235 300
    endloop
  endfacet
  facet normal 0 0 1
    outer loop
      vertex 54.8822 3.59717 300
      vertex 48.2964 3.16551 300
      vertex 48.4 0 300
    endloop
  endfacet
  facet normal 0 0 1
    outer loop
      vertex 54.5295 7.17894 300
      vertex 47.9859 6.31747 300
      vertex 48.2964 3.16551 300
    endloop
  endfacet
  facet normal 0 0 1
    outer loop
      vertex 43.4086 21.4068 300
      vertex 49.328 24.3259 300
      vertex 47.6314 27.5 300
    endloop
  endfacet
  facet normal 0 0 1
    outer loop
      vertex 53.9432 10.73 300
      vertex 47.47 9.44237 300
      vertex 47.9859 6.31747 300
    endloop
  endfacet
  facet normal 0 0 1
    outer loop
      vertex 53.1259 14.235 300
      vertex 46.7508 12.5268 300
      vertex 47.47 9.44237 300
    endloop
  endfacet
  facet normal 0 0 1
    outer loop
      vertex 52.0812 17.6792 300
      vertex 45.8314 15.5577 300
      vertex 46.7508 12.5268 300
    endloop
  endfacet
  facet normal 0 0 1
    outer loop
      vertex 41.9156 24.2 300
      vertex 47.6314 27.5 300
      vertex 45.7308 30.5564 300
    endloop
  endfacet
  facet normal 0 0 1
    outer loop
      vertex 50.8134 21.0476 300
      vertex 44.7158 18.5219 300
      vertex 45.8314 15.5577 300
    endloop
  endfacet
  facet normal 0 0 1
    outer loop
      vertex 40.2431 26.8896 300
      vertex 45.7308 30.5564 300
      vertex 43.6344 33.4819 300
    endloop
  endfacet
  facet normal 0 0 1
    outer loop
      vertex 49.328 24.3259 300
      vertex 43.4086 21.4068 300
      vertex 44.7158 18.5219 300
    endloop
  endfacet
  facet normal 0 0 1
    outer loop
      vertex 47.6314 27.5 300
      vertex 41.9156 24.2 300
      vertex 43.4086 21.4068 300
    endloop
  endfacet
  facet normal 0 0 1
    outer loop
      vertex 38.3983 29.4641 300
      vertex 43.6344 33.4819 300
      vertex 41.3512 36.264 300
    endloop
  endfacet
  facet normal 0 0 1
    outer loop
      vertex 45.7308 30.5564 300
      vertex 40.2431 26.8896 300
      vertex 41.9156 24.2 300
    endloop
  endfacet
  facet normal 0 0 1
    outer loop
      vertex 36.389 31.9123 300
      vertex 41.3512 36.264 300
      vertex 38.8909 38.8909 300
    endloop
  endfacet
  facet normal 0 0 1
    outer loop
      vertex 43.6344 33.4819 300
      vertex 38.3983 29.4641 300
      vertex 40.2431 26.8896 300
    endloop
  endfacet
  facet normal 0 0 1
    outer loop
      vertex 41.3512 36.264 300
      vertex 36.389 31.9123 300
      vertex 38.3983 29.4641 300
    endloop
  endfacet
  facet normal 0 0 1
    outer loop
      vertex 34.224 34.224 300
      vertex 38.8909 38.8909 300
      vertex 36.264 41.3512 300
    endloop
  endfacet
  facet normal 0 0 1
    outer loop
      vertex 38.8909 38.8909 300
      vertex 34.224 34.224 300
      vertex 36.389 31.9123 300
    endloop
  endfacet
  facet normal 0 0 1
    outer loop
      vertex 31.9123 36.389 300
      vertex 36.264 41.3512 300
      vertex 33.4819 43.6344 300
    endloop
  endfacet
  facet normal 0 0 1
    outer loop
      vertex 36.264 41.3512 300
      vertex 31.9123 36.389 300
      vertex 34.224 34.224 300
    endloop
  endfacet
  facet normal 0 0 1
    outer loop
      vertex 29.4641 38.3983 300
      vertex 33.4819 43.6344 300
      vertex 30.5564 45.7308 300
    endloop
  endfacet
  facet normal 0 0 1
    outer loop
      vertex 33.4819 43.6344 300
      vertex 29.4641 38.3983 300
      vertex 31.9123 36.389 300
    endloop
  endfacet
  facet normal 0 0 1
    outer loop
      vertex 26.8896 40.2431 300
      vertex 30.5564 45.7308 300
      vertex 27.5 47.6314 300
    endloop
  endfacet
  facet normal 0 0 1
    outer loop
      vertex 30.5564 45.7308 300
      vertex 26.8896 40.2431 300
      vertex 29.4641 38.3983 300
    endloop
  endfacet
  facet normal 0 0 1
    outer loop
      vertex 24.2 41.9156 300
      vertex 27.5 47.6314 300
      vertex 24.3259 49.328 300
    endloop
  endfacet
  facet normal 0 0 1
    outer loop
      vertex 27.5 47.6314 300
      vertex 24.2 41.9156 300
      vertex 26.8896 40.2431 300
    endloop
  endfacet
  facet normal 0 0 1
    outer loop
      vertex 24.3259 49.328 300
      vertex 21.4068 43.4086 300
      vertex 24.2 41.9156 300
    endloop
  endfacet
  facet normal 0 0 1
    outer loop
      vertex 21.0476 50.8134 300
      vertex 21.4068 43.4086 300
      vertex 24.3259 49.328 300
    endloop
  endfacet
  facet normal 0 0 1
    outer loop
      vertex 21.0476 50.8134 300
      vertex 18.5219 44.7158 300
      vertex 21.4068 43.4086 300
    endloop
  endfacet
  facet normal 0 0 1
    outer loop
      vertex 17.6792 52.0812 300
      vertex 18.5219 44.7158 300
      vertex 21.0476 50.8134 300
    endloop
  endfacet
  facet normal 0 0 1
    outer loop
      vertex 17.6792 52.0812 300
      vertex 15.5577 45.8314 300
      vertex 18.5219 44.7158 300
    endloop
  endfacet
  facet normal 0 0 1
    outer loop
      vertex 14.235 53.1259 300
      vertex 15.5577 45.8314 300
      vertex 17.6792 52.0812 300
    endloop
  endfacet
  facet normal 0 0 1
    outer loop
      vertex 14.235 53.1259 300
      vertex 12.5268 46.7508 300
      vertex 15.5577 45.8314 300
    endloop
  endfacet
  facet normal 0 0 1
    outer loop
      vertex 10.73 53.9432 300
      vertex 12.5268 46.7508 300
      vertex 14.235 53.1259 300
    endloop
  endfacet
  facet normal 0 0 1
    outer loop
      vertex 10.73 53.9432 300
      vertex 9.44237 47.47 300
      vertex 12.5268 46.7508 300
    endloop
  endfacet
  facet normal 0 0 1
    outer loop
      vertex 7.17894 54.5295 300
      vertex 9.44237 47.47 300
      vertex 10.73 53.9432 300
    endloop
  endfacet
  facet normal 0 0 1
    outer loop
      vertex 7.17894 54.5295 300
      vertex 6.31747 47.9859 300
      vertex 9.44237 47.47 300
    endloop
  endfacet
  facet normal 0 0 1
    outer loop
      vertex 3.59717 54.8822 300
      vertex 6.31747 47.9859 300
      vertex 7.17894 54.5295 300
    endloop
  endfacet
  facet normal 0 0 1
    outer loop
      vertex 3.59717 54.8822 300
      vertex 3.16551 48.2964 300
      vertex 6.31747 47.9859 300
    endloop
  endfacet
  facet normal 0 0 1
    outer loop
      vertex 0 55 300
      vertex 3.16551 48.2964 300
      vertex 3.59717 54.8822 300
    endloop
  endfacet
  facet normal 0 0 1
    outer loop
      vertex 0 55 300
      vertex 0 48.4 300
      vertex 3.16551 48.2964 300
    endloop
  endfacet
  facet normal 0 0 1
    outer loop
      vertex 0 55 300
      vertex -3.16551 48.2964 300
      vertex 0 48.4 300
    endloop
  endfacet
  facet normal -0 0 1
    outer loop
      vertex -3.59717 54.8822 300
      vertex -3.16551 48.2964 300
      vertex 0 55 300
    endloop
  endfacet
  facet normal 0 0 1
    outer loop
      vertex -3.59717 54.8822 300
      vertex -6.31747 47.9859 300
      vertex -3.16551 48.2964 300
    endloop
  endfacet
  facet normal -0 0 1
    outer loop
      vertex -7.17894 54.5295 300
      vertex -6.31747 47.9859 300
      vertex -3.59717 54.8822 300
    endloop
  endfacet
  facet normal 0 0 1
    outer loop
      vertex -7.17894 54.5295 300
      vertex -9.44237 47.47 300
      vertex -6.31747 47.9859 300
    endloop
  endfacet
  facet normal -0 0 1
    outer loop
      vertex -10.73 53.9432 300
      vertex -9.44237 47.47 300
      vertex -7.17894 54.5295 300
    endloop
  endfacet
  facet normal 0 0 1
    outer loop
      vertex -10.73 53.9432 300
      vertex -12.5268 46.7508 300
      vertex -9.44237 47.47 300
    endloop
  endfacet
  facet normal -0 0 1
    outer loop
      vertex -14.235 53.1259 300
      vertex -12.5268 46.7508 300
      vertex -10.73 53.9432 300
    endloop
  endfacet
  facet normal 0 0 1
    outer loop
      vertex -14.235 53.1259 300
      vertex -15.5577 45.8314 300
      vertex -12.5268 46.7508 300
    endloop
  endfacet
  facet normal -0 0 1
    outer loop
      vertex -17.6792 52.0812 300
      vertex -15.5577 45.8314 300
      vertex -14.235 53.1259 300
    endloop
  endfacet
  facet normal 0 0 1
    outer loop
      vertex -17.6792 52.0812 300
      vertex -18.5219 44.7158 300
      vertex -15.5577 45.8314 300
    endloop
  endfacet
  facet normal -0 0 1
    outer loop
      vertex -21.0476 50.8134 300
      vertex -18.5219 44.7158 300
      vertex -17.6792 52.0812 300
    endloop
  endfacet
  facet normal 0 0 1
    outer loop
      vertex -21.0476 50.8134 300
      vertex -21.4068 43.4086 300
      vertex -18.5219 44.7158 300
    endloop
  endfacet
  facet normal -0 0 1
    outer loop
      vertex -24.3259 49.328 300
      vertex -21.4068 43.4086 300
      vertex -21.0476 50.8134 300
    endloop
  endfacet
  facet normal 0 0 1
    outer loop
      vertex -21.4068 43.4086 300
      vertex -24.3259 49.328 300
      vertex -24.2 41.9156 300
    endloop
  endfacet
  facet normal -0 0 1
    outer loop
      vertex -27.5 47.6314 300
      vertex -24.2 41.9156 300
      vertex -24.3259 49.328 300
    endloop
  endfacet
  facet normal 0 0 1
    outer loop
      vertex -24.2 41.9156 300
      vertex -27.5 47.6314 300
      vertex -26.8896 40.2431 300
    endloop
  endfacet
  facet normal -0 0 1
    outer loop
      vertex -30.5564 45.7308 300
      vertex -26.8896 40.2431 300
      vertex -27.5 47.6314 300
    endloop
  endfacet
  facet normal 0 0 1
    outer loop
      vertex -26.8896 40.2431 300
      vertex -30.5564 45.7308 300
      vertex -29.4641 38.3983 300
    endloop
  endfacet
  facet normal -0 0 1
    outer loop
      vertex -33.4819 43.6344 300
      vertex -29.4641 38.3983 300
      vertex -30.5564 45.7308 300
    endloop
  endfacet
  facet normal 0 0 1
    outer loop
      vertex -29.4641 38.3983 300
      vertex -33.4819 43.6344 300
      vertex -31.9123 36.389 300
    endloop
  endfacet
  facet normal -0 0 1
    outer loop
      vertex -36.264 41.3512 300
      vertex -31.9123 36.389 300
      vertex -33.4819 43.6344 300
    endloop
  endfacet
  facet normal 0 0 1
    outer loop
      vertex -31.9123 36.389 300
      vertex -36.264 41.3512 300
      vertex -34.224 34.224 300
    endloop
  endfacet
  facet normal -0 0 1
    outer loop
      vertex -38.8909 38.8909 300
      vertex -34.224 34.224 300
      vertex -36.264 41.3512 300
    endloop
  endfacet
  facet normal 0 0 1
    outer loop
      vertex -34.224 34.224 300
      vertex -38.8909 38.8909 300
      vertex -36.389 31.9123 300
    endloop
  endfacet
  facet normal -0 0 1
    outer loop
      vertex -41.3512 36.264 300
      vertex -36.389 31.9123 300
      vertex -38.8909 38.8909 300
    endloop
  endfacet
  facet normal 0 0 1
    outer loop
      vertex -36.389 31.9123 300
      vertex -41.3512 36.264 300
      vertex -38.3983 29.4641 300
    endloop
  endfacet
  facet normal -0 0 1
    outer loop
      vertex -43.6344 33.4819 300
      vertex -38.3983 29.4641 300
      vertex -41.3512 36.264 300
    endloop
  endfacet
  facet normal 0 0 1
    outer loop
      vertex -38.3983 29.4641 300
      vertex -43.6344 33.4819 300
      vertex -40.2431 26.8896 300
    endloop
  endfacet
  facet normal -0 0 1
    outer loop
      vertex -45.7308 30.5564 300
      vertex -40.2431 26.8896 300
      vertex -43.6344 33.4819 300
    endloop
  endfacet
  facet normal 0 0 1
    outer loop
      vertex -40.2431 26.8896 300
      vertex -45.7308 30.5564 300
      vertex -41.9156 24.2 300
    endloop
  endfacet
  facet normal -0 0 1
    outer loop
      vertex -47.6314 27.5 300
      vertex -41.9156 24.2 300
      vertex -45.7308 30.5564 300
    endloop
  endfacet
  facet normal 0 0 1
    outer loop
      vertex -41.9156 24.2 300
      vertex -47.6314 27.5 300
      vertex -43.4086 21.4068 300
    endloop
  endfacet
  facet normal -0 0 1
    outer loop
      vertex -49.328 24.3259 300
      vertex -43.4086 21.4068 300
      vertex -47.6314 27.5 300
    endloop
  endfacet
  facet normal 0 0 1
    outer loop
      vertex -43.4086 21.4068 300
      vertex -49.328 24.3259 300
      vertex -44.7158 18.5219 300
    endloop
  endfacet
  facet normal -0 0 1
    outer loop
      vertex -50.8134 21.0476 300
      vertex -44.7158 18.5219 300
      vertex -49.328 24.3259 300
    endloop
  endfacet
  facet normal 0 0 1
    outer loop
      vertex -44.7158 18.5219 300
      vertex -50.8134 21.0476 300
      vertex -45.8314 15.5577 300
    endloop
  endfacet
  facet normal -0 0 1
    outer loop
      vertex -52.0812 17.6792 300
      vertex -45.8314 15.5577 300
      vertex -50.8134 21.0476 300
    endloop
  endfacet
  facet normal 0 0 1
    outer loop
      vertex -45.8314 15.5577 300
      vertex -52.0812 17.6792 300
      vertex -46.7508 12.5268 300
    endloop
  endfacet
  facet normal -0 0 1
    outer loop
      vertex -53.1259 14.235 300
      vertex -46.7508 12.5268 300
      vertex -52.0812 17.6792 300
    endloop
  endfacet
  facet normal 0 0 1
    outer loop
      vertex -46.7508 12.5268 300
      vertex -53.1259 14.235 300
      vertex -47.47 9.44237 300
    endloop
  endfacet
  facet normal -0 0 1
    outer loop
      vertex 46.7508 -12.5268 300
      vertex 53.1259 -14.235 300
      vertex 47.47 -9.44237 300
    endloop
  endfacet
  facet normal 0 0 1
    outer loop
      vertex 53.1259 -14.235 300
      vertex 46.7508 -12.5268 300
      vertex 52.0812 -17.6792 300
    endloop
  endfacet
  facet normal -0 0 1
    outer loop
      vertex 45.8314 -15.5577 300
      vertex 52.0812 -17.6792 300
      vertex 46.7508 -12.5268 300
    endloop
  endfacet
  facet normal 0 0 1
    outer loop
      vertex 52.0812 -17.6792 300
      vertex 45.8314 -15.5577 300
      vertex 50.8134 -21.0476 300
    endloop
  endfacet
  facet normal -0 0 1
    outer loop
      vertex 44.7158 -18.5219 300
      vertex 50.8134 -21.0476 300
      vertex 45.8314 -15.5577 300
    endloop
  endfacet
  facet normal 0 0 1
    outer loop
      vertex 50.8134 -21.0476 300
      vertex 44.7158 -18.5219 300
      vertex 49.328 -24.3259 300
    endloop
  endfacet
  facet normal -0 0 1
    outer loop
      vertex 43.4086 -21.4068 300
      vertex 49.328 -24.3259 300
      vertex 44.7158 -18.5219 300
    endloop
  endfacet
  facet normal 0 0 1
    outer loop
      vertex 49.328 -24.3259 300
      vertex 43.4086 -21.4068 300
      vertex 47.6314 -27.5 300
    endloop
  endfacet
  facet normal -0 0 1
    outer loop
      vertex 41.9156 -24.2 300
      vertex 47.6314 -27.5 300
      vertex 43.4086 -21.4068 300
    endloop
  endfacet
  facet normal 0 0 1
    outer loop
      vertex 47.6314 -27.5 300
      vertex 41.9156 -24.2 300
      vertex 45.7308 -30.5564 300
    endloop
  endfacet
  facet normal -0 0 1
    outer loop
      vertex 40.2431 -26.8896 300
      vertex 45.7308 -30.5564 300
      vertex 41.9156 -24.2 300
    endloop
  endfacet
  facet normal 0 0 1
    outer loop
      vertex 45.7308 -30.5564 300
      vertex 40.2431 -26.8896 300
      vertex 43.6344 -33.4819 300
    endloop
  endfacet
  facet normal -0 0 1
    outer loop
      vertex 38.3983 -29.4641 300
      vertex 43.6344 -33.4819 300
      vertex 40.2431 -26.8896 300
    endloop
  endfacet
  facet normal 0 0 1
    outer loop
      vertex 43.6344 -33.4819 300
      vertex 38.3983 -29.4641 300
      vertex 41.3512 -36.264 300
    endloop
  endfacet
  facet normal -0 0 1
    outer loop
      vertex 36.389 -31.9123 300
      vertex 41.3512 -36.264 300
      vertex 38.3983 -29.4641 300
    endloop
  endfacet
  facet normal 0 0 1
    outer loop
      vertex 41.3512 -36.264 300
      vertex 36.389 -31.9123 300
      vertex 38.8909 -38.8909 300
    endloop
  endfacet
  facet normal -0 0 1
    outer loop
      vertex 34.224 -34.224 300
      vertex 38.8909 -38.8909 300
      vertex 36.389 -31.9123 300
    endloop
  endfacet
  facet normal 0 0 1
    outer loop
      vertex 38.8909 -38.8909 300
      vertex 34.224 -34.224 300
      vertex 36.264 -41.3512 300
    endloop
  endfacet
  facet normal -0 0 1
    outer loop
      vertex 31.9123 -36.389 300
      vertex 36.264 -41.3512 300
      vertex 34.224 -34.224 300
    endloop
  endfacet
  facet normal 0 0 1
    outer loop
      vertex 36.264 -41.3512 300
      vertex 31.9123 -36.389 300
      vertex 33.4819 -43.6344 300
    endloop
  endfacet
  facet normal -0 0 1
    outer loop
      vertex 29.4641 -38.3983 300
      vertex 33.4819 -43.6344 300
      vertex 31.9123 -36.389 300
    endloop
  endfacet
  facet normal 0 0 1
    outer loop
      vertex 33.4819 -43.6344 300
      vertex 29.4641 -38.3983 300
      vertex 30.5564 -45.7308 300
    endloop
  endfacet
  facet normal -0 0 1
    outer loop
      vertex 26.8896 -40.2431 300
      vertex 30.5564 -45.7308 300
      vertex 29.4641 -38.3983 300
    endloop
  endfacet
  facet normal 0 0 1
    outer loop
      vertex 30.5564 -45.7308 300
      vertex 26.8896 -40.2431 300
      vertex 27.5 -47.6314 300
    endloop
  endfacet
  facet normal -0 0 1
    outer loop
      vertex 24.2 -41.9156 300
      vertex 27.5 -47.6314 300
      vertex 26.8896 -40.2431 300
    endloop
  endfacet
  facet normal 0 0 1
    outer loop
      vertex 27.5 -47.6314 300
      vertex 24.2 -41.9156 300
      vertex 24.3259 -49.328 300
    endloop
  endfacet
  facet normal -0 0 1
    outer loop
      vertex 21.4068 -43.4086 300
      vertex 24.3259 -49.328 300
      vertex 24.2 -41.9156 300
    endloop
  endfacet
  facet normal 0 0 1
    outer loop
      vertex 21.4068 -43.4086 300
      vertex 21.0476 -50.8134 300
      vertex 24.3259 -49.328 300
    endloop
  endfacet
  facet normal -0 0 1
    outer loop
      vertex 18.5219 -44.7158 300
      vertex 21.0476 -50.8134 300
      vertex 21.4068 -43.4086 300
    endloop
  endfacet
  facet normal 0 0 1
    outer loop
      vertex 18.5219 -44.7158 300
      vertex 17.6792 -52.0812 300
      vertex 21.0476 -50.8134 300
    endloop
  endfacet
  facet normal -0 0 1
    outer loop
      vertex 15.5577 -45.8314 300
      vertex 17.6792 -52.0812 300
      vertex 18.5219 -44.7158 300
    endloop
  endfacet
  facet normal 0 0 1
    outer loop
      vertex 15.5577 -45.8314 300
      vertex 14.235 -53.1259 300
      vertex 17.6792 -52.0812 300
    endloop
  endfacet
  facet normal -0 0 1
    outer loop
      vertex 12.5268 -46.7508 300
      vertex 14.235 -53.1259 300
      vertex 15.5577 -45.8314 300
    endloop
  endfacet
  facet normal 0 0 1
    outer loop
      vertex 12.5268 -46.7508 300
      vertex 10.73 -53.9432 300
      vertex 14.235 -53.1259 300
    endloop
  endfacet
  facet normal -0 0 1
    outer loop
      vertex 9.44237 -47.47 300
      vertex 10.73 -53.9432 300
      vertex 12.5268 -46.7508 300
    endloop
  endfacet
  facet normal 0 0 1
    outer loop
      vertex 9.44237 -47.47 300
      vertex 7.17894 -54.5295 300
      vertex 10.73 -53.9432 300
    endloop
  endfacet
  facet normal -0 0 1
    outer loop
      vertex 6.31747 -47.9859 300
      vertex 7.17894 -54.5295 300
      vertex 9.44237 -47.47 300
    endloop
  endfacet
  facet normal 0 0 1
    outer loop
      vertex 6.31747 -47.9859 300
      vertex 3.59717 -54.8822 300
      vertex 7.17894 -54.5295 300
    endloop
  endfacet
  facet normal -0 0 1
    outer loop
      vertex 3.16551 -48.2964 300
      vertex 3.59717 -54.8822 300
      vertex 6.31747 -47.9859 300
    endloop
  endfacet
  facet normal -0 0 1
    outer loop
      vertex 0 -48.4 300
      vertex 3.59717 -54.8822 300
      vertex 3.16551 -48.2964 300
    endloop
  endfacet
  facet normal 0 0 1
    outer loop
      vertex 0 -48.4 300
      vertex 0 -55 300
      vertex 3.59717 -54.8822 300
    endloop
  endfacet
  facet normal 0 0 1
    outer loop
      vertex -3.16551 -48.2964 300
      vertex 0 -55 300
      vertex 0 -48.4 300
    endloop
  endfacet
  facet normal 0 0 1
    outer loop
      vertex -3.16551 -48.2964 300
      vertex -3.59717 -54.8822 300
      vertex 0 -55 300
    endloop
  endfacet
  facet normal 0 0 1
    outer loop
      vertex -6.31747 -47.9859 300
      vertex -3.59717 -54.8822 300
      vertex -3.16551 -48.2964 300
    endloop
  endfacet
  facet normal 0 0 1
    outer loop
      vertex -6.31747 -47.9859 300
      vertex -7.17894 -54.5295 300
      vertex -3.59717 -54.8822 300
    endloop
  endfacet
  facet normal 0 0 1
    outer loop
      vertex -9.44237 -47.47 300
      vertex -7.17894 -54.5295 300
      vertex -6.31747 -47.9859 300
    endloop
  endfacet
  facet normal 0 0 1
    outer loop
      vertex -9.44237 -47.47 300
      vertex -10.73 -53.9432 300
      vertex -7.17894 -54.5295 300
    endloop
  endfacet
  facet normal 0 0 1
    outer loop
      vertex -12.5268 -46.7508 300
      vertex -10.73 -53.9432 300
      vertex -9.44237 -47.47 300
    endloop
  endfacet
  facet normal 0 0 1
    outer loop
      vertex -12.5268 -46.7508 300
      vertex -14.235 -53.1259 300
      vertex -10.73 -53.9432 300
    endloop
  endfacet
  facet normal 0 0 1
    outer loop
      vertex -15.5577 -45.8314 300
      vertex -14.235 -53.1259 300
      vertex -12.5268 -46.7508 300
    endloop
  endfacet
  facet normal 0 0 1
    outer loop
      vertex -15.5577 -45.8314 300
      vertex -17.6792 -52.0812 300
      vertex -14.235 -53.1259 300
    endloop
  endfacet
  facet normal 0 0 1
    outer loop
      vertex -18.5219 -44.7158 300
      vertex -17.6792 -52.0812 300
      vertex -15.5577 -45.8314 300
    endloop
  endfacet
  facet normal 0 0 1
    outer loop
      vertex -18.5219 -44.7158 300
      vertex -21.0476 -50.8134 300
      vertex -17.6792 -52.0812 300
    endloop
  endfacet
  facet normal 0 0 1
    outer loop
      vertex -21.4068 -43.4086 300
      vertex -21.0476 -50.8134 300
      vertex -18.5219 -44.7158 300
    endloop
  endfacet
  facet normal 0 0 1
    outer loop
      vertex -24.3259 -49.328 300
      vertex -21.4068 -43.4086 300
      vertex -24.2 -41.9156 300
    endloop
  endfacet
  facet normal 0 0 1
    outer loop
      vertex -21.4068 -43.4086 300
      vertex -24.3259 -49.328 300
      vertex -21.0476 -50.8134 300
    endloop
  endfacet
  facet normal 0 0 1
    outer loop
      vertex -27.5 -47.6314 300
      vertex -24.2 -41.9156 300
      vertex -26.8896 -40.2431 300
    endloop
  endfacet
  facet normal 0 0 1
    outer loop
      vertex -24.2 -41.9156 300
      vertex -27.5 -47.6314 300
      vertex -24.3259 -49.328 300
    endloop
  endfacet
  facet normal 0 0 1
    outer loop
      vertex -30.5564 -45.7308 300
      vertex -26.8896 -40.2431 300
      vertex -29.4641 -38.3983 300
    endloop
  endfacet
  facet normal 0 0 1
    outer loop
      vertex -26.8896 -40.2431 300
      vertex -30.5564 -45.7308 300
      vertex -27.5 -47.6314 300
    endloop
  endfacet
  facet normal 0 0 1
    outer loop
      vertex -33.4819 -43.6344 300
      vertex -29.4641 -38.3983 300
      vertex -31.9123 -36.389 300
    endloop
  endfacet
  facet normal 0 0 1
    outer loop
      vertex -29.4641 -38.3983 300
      vertex -33.4819 -43.6344 300
      vertex -30.5564 -45.7308 300
    endloop
  endfacet
  facet normal 0 0 1
    outer loop
      vertex -36.264 -41.3512 300
      vertex -31.9123 -36.389 300
      vertex -34.224 -34.224 300
    endloop
  endfacet
  facet normal 0 0 1
    outer loop
      vertex -31.9123 -36.389 300
      vertex -36.264 -41.3512 300
      vertex -33.4819 -43.6344 300
    endloop
  endfacet
  facet normal 0 0 1
    outer loop
      vertex -38.8909 -38.8909 300
      vertex -34.224 -34.224 300
      vertex -36.389 -31.9123 300
    endloop
  endfacet
  facet normal 0 0 1
    outer loop
      vertex -41.3512 -36.264 300
      vertex -36.389 -31.9123 300
      vertex -38.3983 -29.4641 300
    endloop
  endfacet
  facet normal 0 0 1
    outer loop
      vertex -34.224 -34.224 300
      vertex -38.8909 -38.8909 300
      vertex -36.264 -41.3512 300
    endloop
  endfacet
  facet normal 0 0 1
    outer loop
      vertex -43.6344 -33.4819 300
      vertex -38.3983 -29.4641 300
      vertex -40.2431 -26.8896 300
    endloop
  endfacet
  facet normal 0 0 1
    outer loop
      vertex -36.389 -31.9123 300
      vertex -41.3512 -36.264 300
      vertex -38.8909 -38.8909 300
    endloop
  endfacet
  facet normal 0 0 1
    outer loop
      vertex -45.7308 -30.5564 300
      vertex -40.2431 -26.8896 300
      vertex -41.9156 -24.2 300
    endloop
  endfacet
  facet normal 0 0 1
    outer loop
      vertex -47.6314 -27.5 300
      vertex -41.9156 -24.2 300
      vertex -43.4086 -21.4068 300
    endloop
  endfacet
  facet normal 0 0 1
    outer loop
      vertex -38.3983 -29.4641 300
      vertex -43.6344 -33.4819 300
      vertex -41.3512 -36.264 300
    endloop
  endfacet
  facet normal 0 0 1
    outer loop
      vertex -49.328 -24.3259 300
      vertex -43.4086 -21.4068 300
      vertex -44.7158 -18.5219 300
    endloop
  endfacet
  facet normal 0 0 1
    outer loop
      vertex -40.2431 -26.8896 300
      vertex -45.7308 -30.5564 300
      vertex -43.6344 -33.4819 300
    endloop
  endfacet
  facet normal 0 0 1
    outer loop
      vertex -50.8134 -21.0476 300
      vertex -44.7158 -18.5219 300
      vertex -45.8314 -15.5577 300
    endloop
  endfacet
  facet normal 0 0 1
    outer loop
      vertex -52.0812 -17.6792 300
      vertex -45.8314 -15.5577 300
      vertex -46.7508 -12.5268 300
    endloop
  endfacet
  facet normal 0 0 1
    outer loop
      vertex -53.1259 -14.235 300
      vertex -46.7508 -12.5268 300
      vertex -47.47 -9.44237 300
    endloop
  endfacet
  facet normal 0 0 1
    outer loop
      vertex -41.9156 -24.2 300
      vertex -47.6314 -27.5 300
      vertex -45.7308 -30.5564 300
    endloop
  endfacet
  facet normal 0 0 1
    outer loop
      vertex -53.9432 -10.73 300
      vertex -47.47 -9.44237 300
      vertex -47.9859 -6.31747 300
    endloop
  endfacet
  facet normal 0 0 1
    outer loop
      vertex -54.5295 -7.17894 300
      vertex -47.9859 -6.31747 300
      vertex -48.2964 -3.16551 300
    endloop
  endfacet
  facet normal 0 0 1
    outer loop
      vertex -54.8822 -3.59717 300
      vertex -48.2964 -3.16551 300
      vertex -48.4 0 300
    endloop
  endfacet
  facet normal -0 0 1
    outer loop
      vertex -53.9432 10.73 300
      vertex -47.47 9.44237 300
      vertex -53.1259 14.235 300
    endloop
  endfacet
  facet normal 0 0 1
    outer loop
      vertex -43.4086 -21.4068 300
      vertex -49.328 -24.3259 300
      vertex -47.6314 -27.5 300
    endloop
  endfacet
  facet normal 0 0 1
    outer loop
      vertex -47.47 9.44237 300
      vertex -53.9432 10.73 300
      vertex -47.9859 6.31747 300
    endloop
  endfacet
  facet normal 0 0 1
    outer loop
      vertex -44.7158 -18.5219 300
      vertex -50.8134 -21.0476 300
      vertex -49.328 -24.3259 300
    endloop
  endfacet
  facet normal -0 0 1
    outer loop
      vertex -54.5295 7.17894 300
      vertex -47.9859 6.31747 300
      vertex -53.9432 10.73 300
    endloop
  endfacet
  facet normal 0 0 1
    outer loop
      vertex -45.8314 -15.5577 300
      vertex -52.0812 -17.6792 300
      vertex -50.8134 -21.0476 300
    endloop
  endfacet
  facet normal 0 0 1
    outer loop
      vertex -47.9859 6.31747 300
      vertex -54.5295 7.17894 300
      vertex -48.2964 3.16551 300
    endloop
  endfacet
  facet normal 0 0 1
    outer loop
      vertex -46.7508 -12.5268 300
      vertex -53.1259 -14.235 300
      vertex -52.0812 -17.6792 300
    endloop
  endfacet
  facet normal -0 0 1
    outer loop
      vertex -54.8822 3.59717 300
      vertex -48.2964 3.16551 300
      vertex -54.5295 7.17894 300
    endloop
  endfacet
  facet normal 0 0 1
    outer loop
      vertex -47.47 -9.44237 300
      vertex -53.9432 -10.73 300
      vertex -53.1259 -14.235 300
    endloop
  endfacet
  facet normal 0 0 1
    outer loop
      vertex -48.2964 3.16551 300
      vertex -54.8822 3.59717 300
      vertex -48.4 0 300
    endloop
  endfacet
  facet normal 0 0 1
    outer loop
      vertex -47.9859 -6.31747 300
      vertex -54.5295 -7.17894 300
      vertex -53.9432 -10.73 300
    endloop
  endfacet
  facet normal 0 0 1
    outer loop
      vertex -55 0 300
      vertex -48.4 0 300
      vertex -54.8822 3.59717 300
    endloop
  endfacet
  facet normal 0 0 1
    outer loop
      vertex -48.2964 -3.16551 300
      vertex -54.8822 -3.59717 300
      vertex -54.5295 -7.17894 300
    endloop
  endfacet
  facet normal 0 0 1
    outer loop
      vertex -48.4 0 300
      vertex -55 0 300
      vertex -54.8822 -3.59717 300
    endloop
  endfacet
  facet normal -0.88192 -0.471399 0
    outer loop
      vertex -47.6314 -27.5 0
      vertex -49.328 -24.3259 300
      vertex -49.328 -24.3259 0
    endloop
  endfacet
  facet normal -0.88192 -0.471399 0
    outer loop
      vertex -49.328 -24.3259 300
      vertex -47.6314 -27.5 0
      vertex -47.6314 -27.5 300
    endloop
  endfacet
  facet normal -0.910862 0.412712 0
    outer loop
      vertex -50.8134 21.0476 0
      vertex -49.328 24.3259 300
      vertex -49.328 24.3259 0
    endloop
  endfacet
  facet normal -0.910862 0.412712 0
    outer loop
      vertex -49.328 24.3259 300
      vertex -50.8134 21.0476 0
      vertex -50.8134 21.0476 300
    endloop
  endfacet
  facet normal -0.471399 -0.88192 0
    outer loop
      vertex -27.5 -47.6314 0
      vertex -24.3259 -49.328 300
      vertex -27.5 -47.6314 300
    endloop
  endfacet
  facet normal -0.471399 -0.88192 -0
    outer loop
      vertex -24.3259 -49.328 300
      vertex -27.5 -47.6314 0
      vertex -24.3259 -49.328 0
    endloop
  endfacet
  facet normal -0.849201 0.52807 0
    outer loop
      vertex -47.6314 27.5 0
      vertex -45.7308 30.5564 300
      vertex -45.7308 30.5564 0
    endloop
  endfacet
  facet normal -0.849201 0.52807 0
    outer loop
      vertex -45.7308 30.5564 300
      vertex -47.6314 27.5 0
      vertex -47.6314 27.5 300
    endloop
  endfacet
  facet normal -0.999465 0.0327102 0
    outer loop
      vertex 48.2964 -3.16551 0
      vertex 48.4 0 300
      vertex 48.4 0 0
    endloop
  endfacet
  facet normal -0.999465 0.0327102 0
    outer loop
      vertex 48.4 0 300
      vertex 48.2964 -3.16551 0
      vertex 48.2964 -3.16551 300
    endloop
  endfacet
  facet normal -0.290281 -0.956942 0
    outer loop
      vertex 12.5268 46.7508 0
      vertex 15.5577 45.8314 300
      vertex 12.5268 46.7508 300
    endloop
  endfacet
  facet normal -0.290281 -0.956942 -0
    outer loop
      vertex 15.5577 45.8314 300
      vertex 12.5268 46.7508 0
      vertex 15.5577 45.8314 0
    endloop
  endfacet
  facet normal 0.772993 0.634415 0
    outer loop
      vertex -36.389 -31.9123 300
      vertex -38.3983 -29.4641 0
      vertex -38.3983 -29.4641 300
    endloop
  endfacet
  facet normal 0.772993 0.634415 0
    outer loop
      vertex -38.3983 -29.4641 0
      vertex -36.389 -31.9123 300
      vertex -36.389 -31.9123 0
    endloop
  endfacet
  facet normal -0.986645 -0.162888 0
    outer loop
      vertex 47.9859 6.31747 0
      vertex 47.47 9.44237 300
      vertex 47.47 9.44237 0
    endloop
  endfacet
  facet normal -0.986645 -0.162888 0
    outer loop
      vertex 47.47 9.44237 300
      vertex 47.9859 6.31747 0
      vertex 47.9859 6.31747 300
    endloop
  endfacet
  facet normal -0.352237 -0.935911 0
    outer loop
      vertex 15.5577 45.8314 0
      vertex 18.5219 44.7158 300
      vertex 15.5577 45.8314 300
    endloop
  endfacet
  facet normal -0.352237 -0.935911 -0
    outer loop
      vertex 18.5219 44.7158 300
      vertex 15.5577 45.8314 0
      vertex 18.5219 44.7158 0
    endloop
  endfacet
  facet normal -0.772993 -0.634415 0
    outer loop
      vertex 38.3983 29.4641 0
      vertex 36.389 31.9123 300
      vertex 36.389 31.9123 0
    endloop
  endfacet
  facet normal -0.772993 -0.634415 0
    outer loop
      vertex 36.389 31.9123 300
      vertex 38.3983 29.4641 0
      vertex 38.3983 29.4641 300
    endloop
  endfacet
  facet normal -0.0327102 -0.999465 0
    outer loop
      vertex 0 48.4 0
      vertex 3.16551 48.2964 300
      vertex 0 48.4 300
    endloop
  endfacet
  facet normal -0.0327102 -0.999465 -0
    outer loop
      vertex 3.16551 48.2964 300
      vertex 0 48.4 0
      vertex 3.16551 48.2964 0
    endloop
  endfacet
  facet normal -0.999465 -0.0327102 0
    outer loop
      vertex 48.4 0 0
      vertex 48.2964 3.16551 300
      vertex 48.2964 3.16551 0
    endloop
  endfacet
  facet normal -0.999465 -0.0327102 0
    outer loop
      vertex 48.2964 3.16551 300
      vertex 48.4 0 0
      vertex 48.4 0 300
    endloop
  endfacet
  facet normal 0.935911 0.352237 0
    outer loop
      vertex -44.7158 -18.5219 300
      vertex -45.8314 -15.5577 0
      vertex -45.8314 -15.5577 300
    endloop
  endfacet
  facet normal 0.935911 0.352237 0
    outer loop
      vertex -45.8314 -15.5577 0
      vertex -44.7158 -18.5219 300
      vertex -44.7158 -18.5219 0
    endloop
  endfacet
  facet normal 0.812856 0.582465 0
    outer loop
      vertex -38.3983 -29.4641 300
      vertex -40.2431 -26.8896 0
      vertex -40.2431 -26.8896 300
    endloop
  endfacet
  facet normal 0.812856 0.582465 0
    outer loop
      vertex -40.2431 -26.8896 0
      vertex -38.3983 -29.4641 300
      vertex -38.3983 -29.4641 0
    endloop
  endfacet
  facet normal -0.162888 -0.986645 0
    outer loop
      vertex 6.31747 47.9859 0
      vertex 9.44237 47.47 300
      vertex 6.31747 47.9859 300
    endloop
  endfacet
  facet normal -0.162888 -0.986645 -0
    outer loop
      vertex 9.44237 47.47 300
      vertex 6.31747 47.9859 0
      vertex 9.44237 47.47 0
    endloop
  endfacet
  facet normal 0.0327102 -0.999465 0
    outer loop
      vertex -3.16551 48.2964 0
      vertex 0 48.4 300
      vertex -3.16551 48.2964 300
    endloop
  endfacet
  facet normal 0.0327102 -0.999465 0
    outer loop
      vertex 0 48.4 300
      vertex -3.16551 48.2964 0
      vertex 0 48.4 0
    endloop
  endfacet
  facet normal 0.290281 -0.956942 0
    outer loop
      vertex -15.5577 45.8314 0
      vertex -12.5268 46.7508 300
      vertex -15.5577 45.8314 300
    endloop
  endfacet
  facet normal 0.290281 -0.956942 0
    outer loop
      vertex -12.5268 46.7508 300
      vertex -15.5577 45.8314 0
      vertex -12.5268 46.7508 0
    endloop
  endfacet
  facet normal -0.634415 -0.772993 0
    outer loop
      vertex 29.4641 38.3983 0
      vertex 31.9123 36.389 300
      vertex 29.4641 38.3983 300
    endloop
  endfacet
  facet normal -0.634415 -0.772993 -0
    outer loop
      vertex 31.9123 36.389 300
      vertex 29.4641 38.3983 0
      vertex 31.9123 36.389 0
    endloop
  endfacet
  facet normal 0.729887 0.683568 0
    outer loop
      vertex -34.224 -34.224 300
      vertex -36.389 -31.9123 0
      vertex -36.389 -31.9123 300
    endloop
  endfacet
  facet normal 0.729887 0.683568 0
    outer loop
      vertex -36.389 -31.9123 0
      vertex -34.224 -34.224 300
      vertex -34.224 -34.224 0
    endloop
  endfacet
  facet normal -0.471398 0.881921 0
    outer loop
      vertex 24.2 -41.9156 0
      vertex 21.4068 -43.4086 300
      vertex 24.2 -41.9156 300
    endloop
  endfacet
  facet normal -0.471398 0.881921 0
    outer loop
      vertex 21.4068 -43.4086 300
      vertex 24.2 -41.9156 0
      vertex 21.4068 -43.4086 0
    endloop
  endfacet
  facet normal -0.0980356 -0.995183 0
    outer loop
      vertex 3.16551 48.2964 0
      vertex 6.31747 47.9859 300
      vertex 3.16551 48.2964 300
    endloop
  endfacet
  facet normal -0.0980356 -0.995183 -0
    outer loop
      vertex 6.31747 47.9859 300
      vertex 3.16551 48.2964 0
      vertex 6.31747 47.9859 0
    endloop
  endfacet
  facet normal -0.986645 0.162888 0
    outer loop
      vertex 47.47 -9.44237 0
      vertex 47.9859 -6.31747 300
      vertex 47.9859 -6.31747 0
    endloop
  endfacet
  facet normal -0.986645 0.162888 0
    outer loop
      vertex 47.9859 -6.31747 300
      vertex 47.47 -9.44237 0
      vertex 47.47 -9.44237 300
    endloop
  endfacet
  facet normal -0.881921 -0.471398 0
    outer loop
      vertex 43.4086 21.4068 0
      vertex 41.9156 24.2 300
      vertex 41.9156 24.2 0
    endloop
  endfacet
  facet normal -0.881921 -0.471398 0
    outer loop
      vertex 41.9156 24.2 300
      vertex 43.4086 21.4068 0
      vertex 43.4086 21.4068 300
    endloop
  endfacet
  facet normal -0.910856 0.412725 0
    outer loop
      vertex 43.4086 -21.4068 0
      vertex 44.7158 -18.5219 300
      vertex 44.7158 -18.5219 0
    endloop
  endfacet
  facet normal -0.910856 0.412725 0
    outer loop
      vertex 44.7158 -18.5219 300
      vertex 43.4086 -21.4068 0
      vertex 43.4086 -21.4068 300
    endloop
  endfacet
  facet normal -0.0327102 0.999465 0
    outer loop
      vertex 3.16551 -48.2964 0
      vertex 0 -48.4 300
      vertex 3.16551 -48.2964 300
    endloop
  endfacet
  facet normal -0.0327102 0.999465 0
    outer loop
      vertex 0 -48.4 300
      vertex 3.16551 -48.2964 0
      vertex 0 -48.4 0
    endloop
  endfacet
  facet normal 0.412725 -0.910856 0
    outer loop
      vertex -21.4068 43.4086 0
      vertex -18.5219 44.7158 300
      vertex -21.4068 43.4086 300
    endloop
  endfacet
  facet normal 0.412725 -0.910856 0
    outer loop
      vertex -18.5219 44.7158 300
      vertex -21.4068 43.4086 0
      vertex -18.5219 44.7158 0
    endloop
  endfacet
  facet normal -0.935911 0.352237 0
    outer loop
      vertex 44.7158 -18.5219 0
      vertex 45.8314 -15.5577 300
      vertex 45.8314 -15.5577 0
    endloop
  endfacet
  facet normal -0.935911 0.352237 0
    outer loop
      vertex 45.8314 -15.5577 300
      vertex 44.7158 -18.5219 0
      vertex 44.7158 -18.5219 300
    endloop
  endfacet
  facet normal -0.956942 0.290281 0
    outer loop
      vertex 45.8314 -15.5577 0
      vertex 46.7508 -12.5268 300
      vertex 46.7508 -12.5268 0
    endloop
  endfacet
  facet normal -0.956942 0.290281 0
    outer loop
      vertex 46.7508 -12.5268 300
      vertex 45.8314 -15.5577 0
      vertex 45.8314 -15.5577 300
    endloop
  endfacet
  facet normal -0.973876 -0.22708 0
    outer loop
      vertex 47.47 9.44237 0
      vertex 46.7508 12.5268 300
      vertex 46.7508 12.5268 0
    endloop
  endfacet
  facet normal -0.973876 -0.22708 0
    outer loop
      vertex 46.7508 12.5268 300
      vertex 47.47 9.44237 0
      vertex 47.47 9.44237 300
    endloop
  endfacet
  facet normal 0.999465 -0.0327102 0
    outer loop
      vertex -48.4 0 300
      vertex -48.2964 3.16551 0
      vertex -48.2964 3.16551 300
    endloop
  endfacet
  facet normal 0.999465 -0.0327102 0
    outer loop
      vertex -48.2964 3.16551 0
      vertex -48.4 0 300
      vertex -48.4 0 0
    endloop
  endfacet
  facet normal 0.986645 -0.162888 0
    outer loop
      vertex -47.9859 6.31747 300
      vertex -47.47 9.44237 0
      vertex -47.47 9.44237 300
    endloop
  endfacet
  facet normal 0.986645 -0.162888 0
    outer loop
      vertex -47.47 9.44237 0
      vertex -47.9859 6.31747 300
      vertex -47.9859 6.31747 0
    endloop
  endfacet
  facet normal 0.812856 -0.582465 0
    outer loop
      vertex -40.2431 26.8896 300
      vertex -38.3983 29.4641 0
      vertex -38.3983 29.4641 300
    endloop
  endfacet
  facet normal 0.812856 -0.582465 0
    outer loop
      vertex -38.3983 29.4641 0
      vertex -40.2431 26.8896 300
      vertex -40.2431 26.8896 0
    endloop
  endfacet
  facet normal 0.471398 0.881921 -0
    outer loop
      vertex -21.4068 -43.4086 0
      vertex -24.2 -41.9156 300
      vertex -21.4068 -43.4086 300
    endloop
  endfacet
  facet normal 0.471398 0.881921 0
    outer loop
      vertex -24.2 -41.9156 300
      vertex -21.4068 -43.4086 0
      vertex -24.2 -41.9156 0
    endloop
  endfacet
  facet normal 0.729887 -0.683568 0
    outer loop
      vertex -36.389 31.9123 300
      vertex -34.224 34.224 0
      vertex -34.224 34.224 300
    endloop
  endfacet
  facet normal 0.729887 -0.683568 0
    outer loop
      vertex -34.224 34.224 0
      vertex -36.389 31.9123 300
      vertex -36.389 31.9123 0
    endloop
  endfacet
  facet normal -0.582465 0.812856 0
    outer loop
      vertex 29.4641 -38.3983 0
      vertex 26.8896 -40.2431 300
      vertex 29.4641 -38.3983 300
    endloop
  endfacet
  facet normal -0.582465 0.812856 0
    outer loop
      vertex 26.8896 -40.2431 300
      vertex 29.4641 -38.3983 0
      vertex 26.8896 -40.2431 0
    endloop
  endfacet
  facet normal -0.995183 0.0980356 0
    outer loop
      vertex 47.9859 -6.31747 0
      vertex 48.2964 -3.16551 300
      vertex 48.2964 -3.16551 0
    endloop
  endfacet
  facet normal -0.995183 0.0980356 0
    outer loop
      vertex 48.2964 -3.16551 300
      vertex 47.9859 -6.31747 0
      vertex 47.9859 -6.31747 300
    endloop
  endfacet
  facet normal -0.812856 -0.582465 0
    outer loop
      vertex 40.2431 26.8896 0
      vertex 38.3983 29.4641 300
      vertex 38.3983 29.4641 0
    endloop
  endfacet
  facet normal -0.812856 -0.582465 0
    outer loop
      vertex 38.3983 29.4641 300
      vertex 40.2431 26.8896 0
      vertex 40.2431 26.8896 300
    endloop
  endfacet
  facet normal 0.528068 -0.849202 0
    outer loop
      vertex -26.8896 40.2431 0
      vertex -24.2 41.9156 300
      vertex -26.8896 40.2431 300
    endloop
  endfacet
  facet normal 0.528068 -0.849202 0
    outer loop
      vertex -24.2 41.9156 300
      vertex -26.8896 40.2431 0
      vertex -24.2 41.9156 0
    endloop
  endfacet
  facet normal 0.849202 -0.528068 0
    outer loop
      vertex -41.9156 24.2 300
      vertex -40.2431 26.8896 0
      vertex -40.2431 26.8896 300
    endloop
  endfacet
  facet normal 0.849202 -0.528068 0
    outer loop
      vertex -40.2431 26.8896 0
      vertex -41.9156 24.2 300
      vertex -41.9156 24.2 0
    endloop
  endfacet
  facet normal -0.683568 -0.729887 0
    outer loop
      vertex 31.9123 36.389 0
      vertex 34.224 34.224 300
      vertex 31.9123 36.389 300
    endloop
  endfacet
  facet normal -0.683568 -0.729887 -0
    outer loop
      vertex 34.224 34.224 300
      vertex 31.9123 36.389 0
      vertex 34.224 34.224 0
    endloop
  endfacet
  facet normal 0.0980356 -0.995183 0
    outer loop
      vertex -6.31747 47.9859 0
      vertex -3.16551 48.2964 300
      vertex -6.31747 47.9859 300
    endloop
  endfacet
  facet normal 0.0980356 -0.995183 0
    outer loop
      vertex -3.16551 48.2964 300
      vertex -6.31747 47.9859 0
      vertex -3.16551 48.2964 0
    endloop
  endfacet
  facet normal -0.995183 -0.0980356 0
    outer loop
      vertex 48.2964 3.16551 0
      vertex 47.9859 6.31747 300
      vertex 47.9859 6.31747 0
    endloop
  endfacet
  facet normal -0.995183 -0.0980356 0
    outer loop
      vertex 47.9859 6.31747 300
      vertex 48.2964 3.16551 0
      vertex 48.2964 3.16551 300
    endloop
  endfacet
  facet normal -0.881921 0.471398 0
    outer loop
      vertex 41.9156 -24.2 0
      vertex 43.4086 -21.4068 300
      vertex 43.4086 -21.4068 0
    endloop
  endfacet
  facet normal -0.881921 0.471398 0
    outer loop
      vertex 43.4086 -21.4068 300
      vertex 41.9156 -24.2 0
      vertex 41.9156 -24.2 300
    endloop
  endfacet
  facet normal 0.683568 -0.729887 0
    outer loop
      vertex -34.224 34.224 0
      vertex -31.9123 36.389 300
      vertex -34.224 34.224 300
    endloop
  endfacet
  facet normal 0.683568 -0.729887 0
    outer loop
      vertex -31.9123 36.389 300
      vertex -34.224 34.224 0
      vertex -31.9123 36.389 0
    endloop
  endfacet
  facet normal -0.22708 -0.973876 0
    outer loop
      vertex 9.44237 47.47 0
      vertex 12.5268 46.7508 300
      vertex 9.44237 47.47 300
    endloop
  endfacet
  facet normal -0.22708 -0.973876 -0
    outer loop
      vertex 12.5268 46.7508 300
      vertex 9.44237 47.47 0
      vertex 12.5268 46.7508 0
    endloop
  endfacet
  facet normal 0.995183 0.0980356 0
    outer loop
      vertex -47.9859 -6.31747 300
      vertex -48.2964 -3.16551 0
      vertex -48.2964 -3.16551 300
    endloop
  endfacet
  facet normal 0.995183 0.0980356 0
    outer loop
      vertex -48.2964 -3.16551 0
      vertex -47.9859 -6.31747 300
      vertex -47.9859 -6.31747 0
    endloop
  endfacet
  facet normal 0.956942 0.290281 0
    outer loop
      vertex -45.8314 -15.5577 300
      vertex -46.7508 -12.5268 0
      vertex -46.7508 -12.5268 300
    endloop
  endfacet
  facet normal 0.956942 0.290281 0
    outer loop
      vertex -46.7508 -12.5268 0
      vertex -45.8314 -15.5577 300
      vertex -45.8314 -15.5577 0
    endloop
  endfacet
  facet normal -0.956942 -0.290281 0
    outer loop
      vertex 46.7508 12.5268 0
      vertex 45.8314 15.5577 300
      vertex 45.8314 15.5577 0
    endloop
  endfacet
  facet normal -0.956942 -0.290281 0
    outer loop
      vertex 45.8314 15.5577 300
      vertex 46.7508 12.5268 0
      vertex 46.7508 12.5268 300
    endloop
  endfacet
  facet normal -0.528068 0.849202 0
    outer loop
      vertex 26.8896 -40.2431 0
      vertex 24.2 -41.9156 300
      vertex 26.8896 -40.2431 300
    endloop
  endfacet
  facet normal -0.528068 0.849202 0
    outer loop
      vertex 24.2 -41.9156 300
      vertex 26.8896 -40.2431 0
      vertex 24.2 -41.9156 0
    endloop
  endfacet
  facet normal -0.290281 0.956942 0
    outer loop
      vertex 15.5577 -45.8314 0
      vertex 12.5268 -46.7508 300
      vertex 15.5577 -45.8314 300
    endloop
  endfacet
  facet normal -0.290281 0.956942 0
    outer loop
      vertex 12.5268 -46.7508 300
      vertex 15.5577 -45.8314 0
      vertex 12.5268 -46.7508 0
    endloop
  endfacet
  facet normal 0.881921 0.471398 0
    outer loop
      vertex -41.9156 -24.2 300
      vertex -43.4086 -21.4068 0
      vertex -43.4086 -21.4068 300
    endloop
  endfacet
  facet normal 0.881921 0.471398 0
    outer loop
      vertex -43.4086 -21.4068 0
      vertex -41.9156 -24.2 300
      vertex -41.9156 -24.2 0
    endloop
  endfacet
  facet normal -0.471398 -0.881921 0
    outer loop
      vertex 21.4068 43.4086 0
      vertex 24.2 41.9156 300
      vertex 21.4068 43.4086 300
    endloop
  endfacet
  facet normal -0.471398 -0.881921 -0
    outer loop
      vertex 24.2 41.9156 300
      vertex 21.4068 43.4086 0
      vertex 24.2 41.9156 0
    endloop
  endfacet
  facet normal 0.935911 -0.352237 0
    outer loop
      vertex -45.8314 15.5577 300
      vertex -44.7158 18.5219 0
      vertex -44.7158 18.5219 300
    endloop
  endfacet
  facet normal 0.935911 -0.352237 0
    outer loop
      vertex -44.7158 18.5219 0
      vertex -45.8314 15.5577 300
      vertex -45.8314 15.5577 0
    endloop
  endfacet
  facet normal 0.352237 -0.935911 0
    outer loop
      vertex -18.5219 44.7158 0
      vertex -15.5577 45.8314 300
      vertex -18.5219 44.7158 300
    endloop
  endfacet
  facet normal 0.352237 -0.935911 0
    outer loop
      vertex -15.5577 45.8314 300
      vertex -18.5219 44.7158 0
      vertex -15.5577 45.8314 0
    endloop
  endfacet
  facet normal -0.22708 0.973876 0
    outer loop
      vertex 12.5268 -46.7508 0
      vertex 9.44237 -47.47 300
      vertex 12.5268 -46.7508 300
    endloop
  endfacet
  facet normal -0.22708 0.973876 0
    outer loop
      vertex 9.44237 -47.47 300
      vertex 12.5268 -46.7508 0
      vertex 9.44237 -47.47 0
    endloop
  endfacet
  facet normal -0.352237 0.935911 0
    outer loop
      vertex 18.5219 -44.7158 0
      vertex 15.5577 -45.8314 300
      vertex 18.5219 -44.7158 300
    endloop
  endfacet
  facet normal -0.352237 0.935911 0
    outer loop
      vertex 15.5577 -45.8314 300
      vertex 18.5219 -44.7158 0
      vertex 15.5577 -45.8314 0
    endloop
  endfacet
  facet normal 0.528068 0.849202 -0
    outer loop
      vertex -24.2 -41.9156 0
      vertex -26.8896 -40.2431 300
      vertex -24.2 -41.9156 300
    endloop
  endfacet
  facet normal 0.528068 0.849202 0
    outer loop
      vertex -26.8896 -40.2431 300
      vertex -24.2 -41.9156 0
      vertex -26.8896 -40.2431 0
    endloop
  endfacet
  facet normal -0.973876 0.22708 0
    outer loop
      vertex 46.7508 -12.5268 0
      vertex 47.47 -9.44237 300
      vertex 47.47 -9.44237 0
    endloop
  endfacet
  facet normal -0.973876 0.22708 0
    outer loop
      vertex 47.47 -9.44237 300
      vertex 46.7508 -12.5268 0
      vertex 46.7508 -12.5268 300
    endloop
  endfacet
  facet normal 0.0980356 0.995183 -0
    outer loop
      vertex -3.16551 -48.2964 0
      vertex -6.31747 -47.9859 300
      vertex -3.16551 -48.2964 300
    endloop
  endfacet
  facet normal 0.0980356 0.995183 0
    outer loop
      vertex -6.31747 -47.9859 300
      vertex -3.16551 -48.2964 0
      vertex -6.31747 -47.9859 0
    endloop
  endfacet
  facet normal 0.162888 -0.986645 0
    outer loop
      vertex -9.44237 47.47 0
      vertex -6.31747 47.9859 300
      vertex -9.44237 47.47 300
    endloop
  endfacet
  facet normal 0.162888 -0.986645 0
    outer loop
      vertex -6.31747 47.9859 300
      vertex -9.44237 47.47 0
      vertex -6.31747 47.9859 0
    endloop
  endfacet
  facet normal 0.22708 -0.973876 0
    outer loop
      vertex -12.5268 46.7508 0
      vertex -9.44237 47.47 300
      vertex -12.5268 46.7508 300
    endloop
  endfacet
  facet normal 0.22708 -0.973876 0
    outer loop
      vertex -9.44237 47.47 300
      vertex -12.5268 46.7508 0
      vertex -9.44237 47.47 0
    endloop
  endfacet
  facet normal -0.935911 -0.352237 0
    outer loop
      vertex 45.8314 15.5577 0
      vertex 44.7158 18.5219 300
      vertex 44.7158 18.5219 0
    endloop
  endfacet
  facet normal -0.935911 -0.352237 0
    outer loop
      vertex 44.7158 18.5219 300
      vertex 45.8314 15.5577 0
      vertex 45.8314 15.5577 300
    endloop
  endfacet
  facet normal 0.352237 0.935911 -0
    outer loop
      vertex -15.5577 -45.8314 0
      vertex -18.5219 -44.7158 300
      vertex -15.5577 -45.8314 300
    endloop
  endfacet
  facet normal 0.352237 0.935911 0
    outer loop
      vertex -18.5219 -44.7158 300
      vertex -15.5577 -45.8314 0
      vertex -18.5219 -44.7158 0
    endloop
  endfacet
  facet normal -0.772993 0.634415 0
    outer loop
      vertex 36.389 -31.9123 0
      vertex 38.3983 -29.4641 300
      vertex 38.3983 -29.4641 0
    endloop
  endfacet
  facet normal -0.772993 0.634415 0
    outer loop
      vertex 38.3983 -29.4641 300
      vertex 36.389 -31.9123 0
      vertex 36.389 -31.9123 300
    endloop
  endfacet
  facet normal -0.162888 0.986645 0
    outer loop
      vertex 9.44237 -47.47 0
      vertex 6.31747 -47.9859 300
      vertex 9.44237 -47.47 300
    endloop
  endfacet
  facet normal -0.162888 0.986645 0
    outer loop
      vertex 6.31747 -47.9859 300
      vertex 9.44237 -47.47 0
      vertex 6.31747 -47.9859 0
    endloop
  endfacet
  facet normal 0.910856 0.412725 0
    outer loop
      vertex -43.4086 -21.4068 300
      vertex -44.7158 -18.5219 0
      vertex -44.7158 -18.5219 300
    endloop
  endfacet
  facet normal 0.910856 0.412725 0
    outer loop
      vertex -44.7158 -18.5219 0
      vertex -43.4086 -21.4068 300
      vertex -43.4086 -21.4068 0
    endloop
  endfacet
  facet normal -0.582465 -0.812856 0
    outer loop
      vertex 26.8896 40.2431 0
      vertex 29.4641 38.3983 300
      vertex 26.8896 40.2431 300
    endloop
  endfacet
  facet normal -0.582465 -0.812856 -0
    outer loop
      vertex 29.4641 38.3983 300
      vertex 26.8896 40.2431 0
      vertex 29.4641 38.3983 0
    endloop
  endfacet
  facet normal -0.412725 -0.910856 0
    outer loop
      vertex 18.5219 44.7158 0
      vertex 21.4068 43.4086 300
      vertex 18.5219 44.7158 300
    endloop
  endfacet
  facet normal -0.412725 -0.910856 -0
    outer loop
      vertex 21.4068 43.4086 300
      vertex 18.5219 44.7158 0
      vertex 21.4068 43.4086 0
    endloop
  endfacet
  facet normal 0.999465 0.0327102 0
    outer loop
      vertex -48.2964 -3.16551 300
      vertex -48.4 0 0
      vertex -48.4 0 300
    endloop
  endfacet
  facet normal 0.999465 0.0327102 0
    outer loop
      vertex -48.4 0 0
      vertex -48.2964 -3.16551 300
      vertex -48.2964 -3.16551 0
    endloop
  endfacet
  facet normal -0.528068 -0.849202 0
    outer loop
      vertex 24.2 41.9156 0
      vertex 26.8896 40.2431 300
      vertex 24.2 41.9156 300
    endloop
  endfacet
  facet normal -0.528068 -0.849202 -0
    outer loop
      vertex 26.8896 40.2431 300
      vertex 24.2 41.9156 0
      vertex 26.8896 40.2431 0
    endloop
  endfacet
  facet normal -0.849202 0.528068 0
    outer loop
      vertex 40.2431 -26.8896 0
      vertex 41.9156 -24.2 300
      vertex 41.9156 -24.2 0
    endloop
  endfacet
  facet normal -0.849202 0.528068 0
    outer loop
      vertex 41.9156 -24.2 300
      vertex 40.2431 -26.8896 0
      vertex 40.2431 -26.8896 300
    endloop
  endfacet
  facet normal 0.162888 0.986645 -0
    outer loop
      vertex -6.31747 -47.9859 0
      vertex -9.44237 -47.47 300
      vertex -6.31747 -47.9859 300
    endloop
  endfacet
  facet normal 0.162888 0.986645 0
    outer loop
      vertex -9.44237 -47.47 300
      vertex -6.31747 -47.9859 0
      vertex -9.44237 -47.47 0
    endloop
  endfacet
  facet normal -0.849202 -0.528068 0
    outer loop
      vertex 41.9156 24.2 0
      vertex 40.2431 26.8896 300
      vertex 40.2431 26.8896 0
    endloop
  endfacet
  facet normal -0.849202 -0.528068 0
    outer loop
      vertex 40.2431 26.8896 300
      vertex 41.9156 24.2 0
      vertex 41.9156 24.2 300
    endloop
  endfacet
  facet normal 0.849202 0.528068 0
    outer loop
      vertex -40.2431 -26.8896 300
      vertex -41.9156 -24.2 0
      vertex -41.9156 -24.2 300
    endloop
  endfacet
  facet normal 0.849202 0.528068 0
    outer loop
      vertex -41.9156 -24.2 0
      vertex -40.2431 -26.8896 300
      vertex -40.2431 -26.8896 0
    endloop
  endfacet
  facet normal 0.973876 -0.22708 0
    outer loop
      vertex -47.47 9.44237 300
      vertex -46.7508 12.5268 0
      vertex -46.7508 12.5268 300
    endloop
  endfacet
  facet normal 0.973876 -0.22708 0
    outer loop
      vertex -46.7508 12.5268 0
      vertex -47.47 9.44237 300
      vertex -47.47 9.44237 0
    endloop
  endfacet
  facet normal 0.683568 0.729887 -0
    outer loop
      vertex -31.9123 -36.389 0
      vertex -34.224 -34.224 300
      vertex -31.9123 -36.389 300
    endloop
  endfacet
  facet normal 0.683568 0.729887 0
    outer loop
      vertex -34.224 -34.224 300
      vertex -31.9123 -36.389 0
      vertex -34.224 -34.224 0
    endloop
  endfacet
  facet normal 0.0327102 0.999465 -0
    outer loop
      vertex 0 -48.4 0
      vertex -3.16551 -48.2964 300
      vertex 0 -48.4 300
    endloop
  endfacet
  facet normal 0.0327102 0.999465 0
    outer loop
      vertex -3.16551 -48.2964 300
      vertex 0 -48.4 0
      vertex -3.16551 -48.2964 0
    endloop
  endfacet
  facet normal -0.0980356 0.995183 0
    outer loop
      vertex 6.31747 -47.9859 0
      vertex 3.16551 -48.2964 300
      vertex 6.31747 -47.9859 300
    endloop
  endfacet
  facet normal -0.0980356 0.995183 0
    outer loop
      vertex 3.16551 -48.2964 300
      vertex 6.31747 -47.9859 0
      vertex 3.16551 -48.2964 0
    endloop
  endfacet
  facet normal 0.986645 0.162888 0
    outer loop
      vertex -47.47 -9.44237 300
      vertex -47.9859 -6.31747 0
      vertex -47.9859 -6.31747 300
    endloop
  endfacet
  facet normal 0.986645 0.162888 0
    outer loop
      vertex -47.9859 -6.31747 0
      vertex -47.47 -9.44237 300
      vertex -47.47 -9.44237 0
    endloop
  endfacet
  facet normal 0.412725 0.910856 -0
    outer loop
      vertex -18.5219 -44.7158 0
      vertex -21.4068 -43.4086 300
      vertex -18.5219 -44.7158 300
    endloop
  endfacet
  facet normal 0.412725 0.910856 0
    outer loop
      vertex -21.4068 -43.4086 300
      vertex -18.5219 -44.7158 0
      vertex -21.4068 -43.4086 0
    endloop
  endfacet
  facet normal -0.812856 0.582465 0
    outer loop
      vertex 38.3983 -29.4641 0
      vertex 40.2431 -26.8896 300
      vertex 40.2431 -26.8896 0
    endloop
  endfacet
  facet normal -0.812856 0.582465 0
    outer loop
      vertex 40.2431 -26.8896 300
      vertex 38.3983 -29.4641 0
      vertex 38.3983 -29.4641 300
    endloop
  endfacet
  facet normal -0.634415 0.772993 0
    outer loop
      vertex 31.9123 -36.389 0
      vertex 29.4641 -38.3983 300
      vertex 31.9123 -36.389 300
    endloop
  endfacet
  facet normal -0.634415 0.772993 0
    outer loop
      vertex 29.4641 -38.3983 300
      vertex 31.9123 -36.389 0
      vertex 29.4641 -38.3983 0
    endloop
  endfacet
  facet normal 0.582465 0.812856 -0
    outer loop
      vertex -26.8896 -40.2431 0
      vertex -29.4641 -38.3983 300
      vertex -26.8896 -40.2431 300
    endloop
  endfacet
  facet normal 0.582465 0.812856 0
    outer loop
      vertex -29.4641 -38.3983 300
      vertex -26.8896 -40.2431 0
      vertex -29.4641 -38.3983 0
    endloop
  endfacet
  facet normal -0.910856 -0.412725 0
    outer loop
      vertex 44.7158 18.5219 0
      vertex 43.4086 21.4068 300
      vertex 43.4086 21.4068 0
    endloop
  endfacet
  facet normal -0.910856 -0.412725 0
    outer loop
      vertex 43.4086 21.4068 300
      vertex 44.7158 18.5219 0
      vertex 44.7158 18.5219 300
    endloop
  endfacet
  facet normal 0.634415 0.772993 -0
    outer loop
      vertex -29.4641 -38.3983 0
      vertex -31.9123 -36.389 300
      vertex -29.4641 -38.3983 300
    endloop
  endfacet
  facet normal 0.634415 0.772993 0
    outer loop
      vertex -31.9123 -36.389 300
      vertex -29.4641 -38.3983 0
      vertex -31.9123 -36.389 0
    endloop
  endfacet
  facet normal -0.412725 0.910856 0
    outer loop
      vertex 21.4068 -43.4086 0
      vertex 18.5219 -44.7158 300
      vertex 21.4068 -43.4086 300
    endloop
  endfacet
  facet normal -0.412725 0.910856 0
    outer loop
      vertex 18.5219 -44.7158 300
      vertex 21.4068 -43.4086 0
      vertex 18.5219 -44.7158 0
    endloop
  endfacet
  facet normal 0.290281 0.956942 -0
    outer loop
      vertex -12.5268 -46.7508 0
      vertex -15.5577 -45.8314 300
      vertex -12.5268 -46.7508 300
    endloop
  endfacet
  facet normal 0.290281 0.956942 0
    outer loop
      vertex -15.5577 -45.8314 300
      vertex -12.5268 -46.7508 0
      vertex -15.5577 -45.8314 0
    endloop
  endfacet
  facet normal 0.22708 0.973876 -0
    outer loop
      vertex -9.44237 -47.47 0
      vertex -12.5268 -46.7508 300
      vertex -9.44237 -47.47 300
    endloop
  endfacet
  facet normal 0.22708 0.973876 0
    outer loop
      vertex -12.5268 -46.7508 300
      vertex -9.44237 -47.47 0
      vertex -12.5268 -46.7508 0
    endloop
  endfacet
  facet normal -0.729887 -0.683568 0
    outer loop
      vertex 36.389 31.9123 0
      vertex 34.224 34.224 300
      vertex 34.224 34.224 0
    endloop
  endfacet
  facet normal -0.729887 -0.683568 0
    outer loop
      vertex 34.224 34.224 300
      vertex 36.389 31.9123 0
      vertex 36.389 31.9123 300
    endloop
  endfacet
  facet normal 0.471398 -0.881921 0
    outer loop
      vertex -24.2 41.9156 0
      vertex -21.4068 43.4086 300
      vertex -24.2 41.9156 300
    endloop
  endfacet
  facet normal 0.471398 -0.881921 0
    outer loop
      vertex -21.4068 43.4086 300
      vertex -24.2 41.9156 0
      vertex -21.4068 43.4086 0
    endloop
  endfacet
  facet normal 0.881921 -0.471398 0
    outer loop
      vertex -43.4086 21.4068 300
      vertex -41.9156 24.2 0
      vertex -41.9156 24.2 300
    endloop
  endfacet
  facet normal 0.881921 -0.471398 0
    outer loop
      vertex -41.9156 24.2 0
      vertex -43.4086 21.4068 300
      vertex -43.4086 21.4068 0
    endloop
  endfacet
  facet normal 0.634415 -0.772993 0
    outer loop
      vertex -31.9123 36.389 0
      vertex -29.4641 38.3983 300
      vertex -31.9123 36.389 300
    endloop
  endfacet
  facet normal 0.634415 -0.772993 0
    outer loop
      vertex -29.4641 38.3983 300
      vertex -31.9123 36.389 0
      vertex -29.4641 38.3983 0
    endloop
  endfacet
  facet normal 0.582465 -0.812856 0
    outer loop
      vertex -29.4641 38.3983 0
      vertex -26.8896 40.2431 300
      vertex -29.4641 38.3983 300
    endloop
  endfacet
  facet normal 0.582465 -0.812856 0
    outer loop
      vertex -26.8896 40.2431 300
      vertex -29.4641 38.3983 0
      vertex -26.8896 40.2431 0
    endloop
  endfacet
  facet normal 0.973876 0.22708 0
    outer loop
      vertex -46.7508 -12.5268 300
      vertex -47.47 -9.44237 0
      vertex -47.47 -9.44237 300
    endloop
  endfacet
  facet normal 0.973876 0.22708 0
    outer loop
      vertex -47.47 -9.44237 0
      vertex -46.7508 -12.5268 300
      vertex -46.7508 -12.5268 0
    endloop
  endfacet
  facet normal 0.995183 -0.0980356 0
    outer loop
      vertex -48.2964 3.16551 300
      vertex -47.9859 6.31747 0
      vertex -47.9859 6.31747 300
    endloop
  endfacet
  facet normal 0.995183 -0.0980356 0
    outer loop
      vertex -47.9859 6.31747 0
      vertex -48.2964 3.16551 300
      vertex -48.2964 3.16551 0
    endloop
  endfacet
  facet normal -0.729887 0.683568 0
    outer loop
      vertex 34.224 -34.224 0
      vertex 36.389 -31.9123 300
      vertex 36.389 -31.9123 0
    endloop
  endfacet
  facet normal -0.729887 0.683568 0
    outer loop
      vertex 36.389 -31.9123 300
      vertex 34.224 -34.224 0
      vertex 34.224 -34.224 300
    endloop
  endfacet
  facet normal 0.910856 -0.412725 0
    outer loop
      vertex -44.7158 18.5219 300
      vertex -43.4086 21.4068 0
      vertex -43.4086 21.4068 300
    endloop
  endfacet
  facet normal 0.910856 -0.412725 0
    outer loop
      vertex -43.4086 21.4068 0
      vertex -44.7158 18.5219 300
      vertex -44.7158 18.5219 0
    endloop
  endfacet
  facet normal 0.772993 -0.634415 0
    outer loop
      vertex -38.3983 29.4641 300
      vertex -36.389 31.9123 0
      vertex -36.389 31.9123 300
    endloop
  endfacet
  facet normal 0.772993 -0.634415 0
    outer loop
      vertex -36.389 31.9123 0
      vertex -38.3983 29.4641 300
      vertex -38.3983 29.4641 0
    endloop
  endfacet
  facet normal -0.683568 0.729887 0
    outer loop
      vertex 34.224 -34.224 0
      vertex 31.9123 -36.389 300
      vertex 34.224 -34.224 300
    endloop
  endfacet
  facet normal -0.683568 0.729887 0
    outer loop
      vertex 31.9123 -36.389 300
      vertex 34.224 -34.224 0
      vertex 31.9123 -36.389 0
    endloop
  endfacet
  facet normal 0.956942 -0.290281 0
    outer loop
      vertex -46.7508 12.5268 300
      vertex -45.8314 15.5577 0
      vertex -45.8314 15.5577 300
    endloop
  endfacet
  facet normal 0.956942 -0.290281 0
    outer loop
      vertex -45.8314 15.5577 0
      vertex -46.7508 12.5268 300
      vertex -46.7508 12.5268 0
    endloop
  endfacet
endsolid OpenSCAD_Model
