solid OpenSCAD_Model
  facet normal 0.92388 0.382682 0
    outer loop
      vertex 93.358 35.8368 800
      vertex 91.3545 40.6737 0
      vertex 91.3545 40.6737 800
    endloop
  endfacet
  facet normal 0.92388 0.382682 0
    outer loop
      vertex 91.3545 40.6737 0
      vertex 93.358 35.8368 800
      vertex 93.358 35.8368 0
    endloop
  endfacet
  facet normal 0.996917 0.0784665 0
    outer loop
      vertex 99.863 5.23359 800
      vertex 99.4522 10.4528 0
      vertex 99.4522 10.4528 800
    endloop
  endfacet
  facet normal 0.996917 0.0784665 0
    outer loop
      vertex 99.4522 10.4528 0
      vertex 99.863 5.23359 800
      vertex 99.863 5.23359 0
    endloop
  endfacet
  facet normal 0.999658 0.0261681 0
    outer loop
      vertex 100 0 800
      vertex 99.863 5.23359 0
      vertex 99.863 5.23359 800
    endloop
  endfacet
  facet normal 0.999658 0.0261681 0
    outer loop
      vertex 99.863 5.23359 0
      vertex 100 0 800
      vertex 100 0 0
    endloop
  endfacet
  facet normal -0.28401 -0.958821 0
    outer loop
      vertex -30.9017 -95.1057 0
      vertex -25.8819 -96.5926 800
      vertex -30.9017 -95.1057 800
    endloop
  endfacet
  facet normal -0.28401 -0.958821 -0
    outer loop
      vertex -25.8819 -96.5926 800
      vertex -30.9017 -95.1057 0
      vertex -25.8819 -96.5926 0
    endloop
  endfacet
  facet normal -0.333822 -0.942636 0
    outer loop
      vertex -35.8368 -93.358 0
      vertex -30.9017 -95.1057 800
      vertex -35.8368 -93.358 800
    endloop
  endfacet
  facet normal -0.333822 -0.942636 -0
    outer loop
      vertex -30.9017 -95.1057 800
      vertex -35.8368 -93.358 0
      vertex -30.9017 -95.1057 0
    endloop
  endfacet
  facet normal 0.983258 -0.182219 0
    outer loop
      vertex 97.8148 -20.7912 800
      vertex 98.7688 -15.6434 0
      vertex 98.7688 -15.6434 800
    endloop
  endfacet
  facet normal 0.983258 -0.182219 0
    outer loop
      vertex 98.7688 -15.6434 0
      vertex 97.8148 -20.7912 800
      vertex 97.8148 -20.7912 0
    endloop
  endfacet
  facet normal -0.793353 0.608762 0
    outer loop
      vertex -80.9017 58.7785 0
      vertex -77.7146 62.932 800
      vertex -77.7146 62.932 0
    endloop
  endfacet
  facet normal -0.793353 0.608762 0
    outer loop
      vertex -77.7146 62.932 800
      vertex -80.9017 58.7785 0
      vertex -80.9017 58.7785 800
    endloop
  endfacet
  facet normal 0.0261681 -0.999658 0
    outer loop
      vertex 0 -100 0
      vertex 5.23359 -99.863 800
      vertex 0 -100 800
    endloop
  endfacet
  facet normal 0.0261681 -0.999658 0
    outer loop
      vertex 5.23359 -99.863 800
      vertex 0 -100 0
      vertex 5.23359 -99.863 0
    endloop
  endfacet
  facet normal -0.942636 0.333822 0
    outer loop
      vertex -95.1057 30.9017 0
      vertex -93.358 35.8368 800
      vertex -93.358 35.8368 0
    endloop
  endfacet
  facet normal -0.942636 0.333822 0
    outer loop
      vertex -93.358 35.8368 800
      vertex -95.1057 30.9017 0
      vertex -95.1057 30.9017 800
    endloop
  endfacet
  facet normal 0.793353 -0.608762 0
    outer loop
      vertex 77.7146 -62.932 800
      vertex 80.9017 -58.7785 0
      vertex 80.9017 -58.7785 800
    endloop
  endfacet
  facet normal 0.793353 -0.608762 0
    outer loop
      vertex 80.9017 -58.7785 0
      vertex 77.7146 -62.932 800
      vertex 77.7146 -62.932 0
    endloop
  endfacet
  facet normal 0.182219 0.983258 -0
    outer loop
      vertex 20.7912 97.8148 0
      vertex 15.6434 98.7688 800
      vertex 20.7912 97.8148 800
    endloop
  endfacet
  facet normal 0.182219 0.983258 0
    outer loop
      vertex 15.6434 98.7688 800
      vertex 20.7912 97.8148 0
      vertex 15.6434 98.7688 0
    endloop
  endfacet
  facet normal -0.958821 0.28401 0
    outer loop
      vertex -96.5926 25.8819 0
      vertex -95.1057 30.9017 800
      vertex -95.1057 30.9017 0
    endloop
  endfacet
  facet normal -0.958821 0.28401 0
    outer loop
      vertex -95.1057 30.9017 800
      vertex -96.5926 25.8819 0
      vertex -96.5926 25.8819 800
    endloop
  endfacet
  facet normal 0.0784665 -0.996917 0
    outer loop
      vertex 5.23359 -99.863 0
      vertex 10.4528 -99.4522 800
      vertex 5.23359 -99.863 800
    endloop
  endfacet
  facet normal 0.0784665 -0.996917 0
    outer loop
      vertex 10.4528 -99.4522 800
      vertex 5.23359 -99.863 0
      vertex 10.4528 -99.4522 0
    endloop
  endfacet
  facet normal -0.608762 -0.793353 0
    outer loop
      vertex -62.932 -77.7146 0
      vertex -58.7785 -80.9017 800
      vertex -62.932 -77.7146 800
    endloop
  endfacet
  facet normal -0.608762 -0.793353 -0
    outer loop
      vertex -58.7785 -80.9017 800
      vertex -62.932 -77.7146 0
      vertex -58.7785 -80.9017 0
    endloop
  endfacet
  facet normal -0.972369 0.233451 0
    outer loop
      vertex -97.8148 20.7912 0
      vertex -96.5926 25.8819 800
      vertex -96.5926 25.8819 0
    endloop
  endfacet
  facet normal -0.972369 0.233451 0
    outer loop
      vertex -96.5926 25.8819 800
      vertex -97.8148 20.7912 0
      vertex -97.8148 20.7912 800
    endloop
  endfacet
  facet normal -0.942636 -0.333822 0
    outer loop
      vertex -93.358 -35.8368 0
      vertex -95.1057 -30.9017 800
      vertex -95.1057 -30.9017 0
    endloop
  endfacet
  facet normal -0.942636 -0.333822 0
    outer loop
      vertex -95.1057 -30.9017 800
      vertex -93.358 -35.8368 0
      vertex -93.358 -35.8368 800
    endloop
  endfacet
  facet normal 0.983258 0.182219 0
    outer loop
      vertex 98.7688 15.6434 800
      vertex 97.8148 20.7912 0
      vertex 97.8148 20.7912 800
    endloop
  endfacet
  facet normal 0.983258 0.182219 0
    outer loop
      vertex 97.8148 20.7912 0
      vertex 98.7688 15.6434 800
      vertex 98.7688 15.6434 0
    endloop
  endfacet
  facet normal -0.852647 -0.522487 0
    outer loop
      vertex -83.8671 -54.4639 0
      vertex -86.6025 -50 800
      vertex -86.6025 -50 0
    endloop
  endfacet
  facet normal -0.852647 -0.522487 0
    outer loop
      vertex -86.6025 -50 800
      vertex -83.8671 -54.4639 0
      vertex -83.8671 -54.4639 800
    endloop
  endfacet
  facet normal 0.333822 -0.942636 0
    outer loop
      vertex 30.9017 -95.1057 0
      vertex 35.8368 -93.358 800
      vertex 30.9017 -95.1057 800
    endloop
  endfacet
  facet normal 0.333822 -0.942636 0
    outer loop
      vertex 35.8368 -93.358 800
      vertex 30.9017 -95.1057 0
      vertex 35.8368 -93.358 0
    endloop
  endfacet
  facet normal 0.991444 -0.130535 0
    outer loop
      vertex 98.7688 -15.6434 800
      vertex 99.4522 -10.4528 0
      vertex 99.4522 -10.4528 800
    endloop
  endfacet
  facet normal 0.991444 -0.130535 0
    outer loop
      vertex 99.4522 -10.4528 0
      vertex 98.7688 -15.6434 800
      vertex 98.7688 -15.6434 0
    endloop
  endfacet
  facet normal 0.430503 0.902589 -0
    outer loop
      vertex 45.399 89.1007 0
      vertex 40.6737 91.3545 800
      vertex 45.399 89.1007 800
    endloop
  endfacet
  facet normal 0.430503 0.902589 0
    outer loop
      vertex 40.6737 91.3545 800
      vertex 45.399 89.1007 0
      vertex 40.6737 91.3545 0
    endloop
  endfacet
  facet normal 0.130535 -0.991444 0
    outer loop
      vertex 10.4528 -99.4522 0
      vertex 15.6434 -98.7688 800
      vertex 10.4528 -99.4522 800
    endloop
  endfacet
  facet normal 0.130535 -0.991444 0
    outer loop
      vertex 15.6434 -98.7688 800
      vertex 10.4528 -99.4522 0
      vertex 15.6434 -98.7688 0
    endloop
  endfacet
  facet normal -0.0261681 -0.999658 0
    outer loop
      vertex -5.23359 -99.863 0
      vertex 0 -100 800
      vertex -5.23359 -99.863 800
    endloop
  endfacet
  facet normal -0.0261681 -0.999658 -0
    outer loop
      vertex 0 -100 800
      vertex -5.23359 -99.863 0
      vertex 0 -100 0
    endloop
  endfacet
  facet normal -0.430503 0.902589 0
    outer loop
      vertex -40.6737 91.3545 0
      vertex -45.399 89.1007 800
      vertex -40.6737 91.3545 800
    endloop
  endfacet
  facet normal -0.430503 0.902589 0
    outer loop
      vertex -45.399 89.1007 800
      vertex -40.6737 91.3545 0
      vertex -45.399 89.1007 0
    endloop
  endfacet
  facet normal 0 0 -1
    outer loop
      vertex 99.7 0 0
      vertex 100 0 0
      vertex 99.863 -5.23359 0
    endloop
  endfacet
  facet normal 0 0 -1
    outer loop
      vertex 100 0 0
      vertex 99.7 0 0
      vertex 99.863 5.23359 0
    endloop
  endfacet
  facet normal 0 0 -1
    outer loop
      vertex 99.863 -5.23359 0
      vertex 99.5634 -5.21789 0
      vertex 99.7 0 0
    endloop
  endfacet
  facet normal 0 0 -1
    outer loop
      vertex 99.4522 -10.4528 0
      vertex 99.5634 -5.21789 0
      vertex 99.863 -5.23359 0
    endloop
  endfacet
  facet normal 0 0 -1
    outer loop
      vertex 99.4522 -10.4528 0
      vertex 99.1538 -10.4215 0
      vertex 99.5634 -5.21789 0
    endloop
  endfacet
  facet normal 0 0 -1
    outer loop
      vertex 98.7688 -15.6434 0
      vertex 99.1538 -10.4215 0
      vertex 99.4522 -10.4528 0
    endloop
  endfacet
  facet normal 0 0 -1
    outer loop
      vertex 98.7688 -15.6434 0
      vertex 98.4725 -15.5965 0
      vertex 99.1538 -10.4215 0
    endloop
  endfacet
  facet normal 0 0 -1
    outer loop
      vertex 97.8148 -20.7912 0
      vertex 98.4725 -15.5965 0
      vertex 98.7688 -15.6434 0
    endloop
  endfacet
  facet normal 0 0 -1
    outer loop
      vertex 97.8148 -20.7912 0
      vertex 97.5213 -20.7288 0
      vertex 98.4725 -15.5965 0
    endloop
  endfacet
  facet normal 0 0 -1
    outer loop
      vertex 96.5926 -25.8819 0
      vertex 97.5213 -20.7288 0
      vertex 97.8148 -20.7912 0
    endloop
  endfacet
  facet normal 0 0 -1
    outer loop
      vertex 96.5926 -25.8819 0
      vertex 96.3028 -25.8043 0
      vertex 97.5213 -20.7288 0
    endloop
  endfacet
  facet normal 0 0 -1
    outer loop
      vertex 95.1057 -30.9017 0
      vertex 96.3028 -25.8043 0
      vertex 96.5926 -25.8819 0
    endloop
  endfacet
  facet normal 0 0 -1
    outer loop
      vertex 95.1057 -30.9017 0
      vertex 94.8203 -30.809 0
      vertex 96.3028 -25.8043 0
    endloop
  endfacet
  facet normal 0 0 -1
    outer loop
      vertex 93.358 -35.8368 0
      vertex 94.8203 -30.809 0
      vertex 95.1057 -30.9017 0
    endloop
  endfacet
  facet normal 0 0 -1
    outer loop
      vertex 93.358 -35.8368 0
      vertex 93.078 -35.7293 0
      vertex 94.8203 -30.809 0
    endloop
  endfacet
  facet normal 0 0 -1
    outer loop
      vertex 91.3545 -40.6737 0
      vertex 93.078 -35.7293 0
      vertex 93.358 -35.8368 0
    endloop
  endfacet
  facet normal 0 0 -1
    outer loop
      vertex 91.3545 -40.6737 0
      vertex 91.0805 -40.5516 0
      vertex 93.078 -35.7293 0
    endloop
  endfacet
  facet normal 0 0 -1
    outer loop
      vertex 89.1007 -45.399 0
      vertex 91.0805 -40.5516 0
      vertex 91.3545 -40.6737 0
    endloop
  endfacet
  facet normal 0 0 -1
    outer loop
      vertex 89.1007 -45.399 0
      vertex 88.8334 -45.2629 0
      vertex 91.0805 -40.5516 0
    endloop
  endfacet
  facet normal 0 0 -1
    outer loop
      vertex 86.6025 -50 0
      vertex 88.8334 -45.2629 0
      vertex 89.1007 -45.399 0
    endloop
  endfacet
  facet normal 0 0 -1
    outer loop
      vertex 86.6025 -50 0
      vertex 86.3427 -49.85 0
      vertex 88.8334 -45.2629 0
    endloop
  endfacet
  facet normal 0 0 -1
    outer loop
      vertex 83.8671 -54.4639 0
      vertex 86.3427 -49.85 0
      vertex 86.6025 -50 0
    endloop
  endfacet
  facet normal 0 0 -1
    outer loop
      vertex 83.8671 -54.4639 0
      vertex 83.6155 -54.3005 0
      vertex 86.3427 -49.85 0
    endloop
  endfacet
  facet normal 0 0 -1
    outer loop
      vertex 80.9017 -58.7785 0
      vertex 83.6155 -54.3005 0
      vertex 83.8671 -54.4639 0
    endloop
  endfacet
  facet normal 0 0 -1
    outer loop
      vertex 80.9017 -58.7785 0
      vertex 80.659 -58.6022 0
      vertex 83.6155 -54.3005 0
    endloop
  endfacet
  facet normal 0 0 -1
    outer loop
      vertex 77.7146 -62.932 0
      vertex 80.659 -58.6022 0
      vertex 80.9017 -58.7785 0
    endloop
  endfacet
  facet normal 0 0 -1
    outer loop
      vertex 77.7146 -62.932 0
      vertex 77.4815 -62.7432 0
      vertex 80.659 -58.6022 0
    endloop
  endfacet
  facet normal 0 0 -1
    outer loop
      vertex 74.3145 -66.9131 0
      vertex 77.4815 -62.7432 0
      vertex 77.7146 -62.932 0
    endloop
  endfacet
  facet normal 0 0 -1
    outer loop
      vertex 74.3145 -66.9131 0
      vertex 74.0915 -66.7123 0
      vertex 77.4815 -62.7432 0
    endloop
  endfacet
  facet normal 0 0 -1
    outer loop
      vertex 70.7107 -70.7107 0
      vertex 74.0915 -66.7123 0
      vertex 74.3145 -66.9131 0
    endloop
  endfacet
  facet normal 0 0 -1
    outer loop
      vertex 70.7107 -70.7107 0
      vertex 70.4985 -70.4985 0
      vertex 74.0915 -66.7123 0
    endloop
  endfacet
  facet normal 0 0 -1
    outer loop
      vertex 66.9131 -74.3145 0
      vertex 70.4985 -70.4985 0
      vertex 70.7107 -70.7107 0
    endloop
  endfacet
  facet normal 0 0 -1
    outer loop
      vertex 66.9131 -74.3145 0
      vertex 66.7123 -74.0915 0
      vertex 70.4985 -70.4985 0
    endloop
  endfacet
  facet normal 0 0 -1
    outer loop
      vertex 62.932 -77.7146 0
      vertex 66.7123 -74.0915 0
      vertex 66.9131 -74.3145 0
    endloop
  endfacet
  facet normal 0 0 -1
    outer loop
      vertex 62.932 -77.7146 0
      vertex 62.7432 -77.4815 0
      vertex 66.7123 -74.0915 0
    endloop
  endfacet
  facet normal 0 0 -1
    outer loop
      vertex 58.7785 -80.9017 0
      vertex 62.7432 -77.4815 0
      vertex 62.932 -77.7146 0
    endloop
  endfacet
  facet normal 0 0 -1
    outer loop
      vertex 58.7785 -80.9017 0
      vertex 58.6022 -80.659 0
      vertex 62.7432 -77.4815 0
    endloop
  endfacet
  facet normal 0 0 -1
    outer loop
      vertex 54.4639 -83.8671 0
      vertex 58.6022 -80.659 0
      vertex 58.7785 -80.9017 0
    endloop
  endfacet
  facet normal 0 0 -1
    outer loop
      vertex 54.4639 -83.8671 0
      vertex 54.3005 -83.6155 0
      vertex 58.6022 -80.659 0
    endloop
  endfacet
  facet normal 0 0 -1
    outer loop
      vertex 50 -86.6025 0
      vertex 54.3005 -83.6155 0
      vertex 54.4639 -83.8671 0
    endloop
  endfacet
  facet normal 0 0 -1
    outer loop
      vertex 50 -86.6025 0
      vertex 49.85 -86.3427 0
      vertex 54.3005 -83.6155 0
    endloop
  endfacet
  facet normal 0 0 -1
    outer loop
      vertex 45.399 -89.1007 0
      vertex 49.85 -86.3427 0
      vertex 50 -86.6025 0
    endloop
  endfacet
  facet normal 0 0 -1
    outer loop
      vertex 45.399 -89.1007 0
      vertex 45.2629 -88.8334 0
      vertex 49.85 -86.3427 0
    endloop
  endfacet
  facet normal 0 0 -1
    outer loop
      vertex 40.6737 -91.3545 0
      vertex 45.2629 -88.8334 0
      vertex 45.399 -89.1007 0
    endloop
  endfacet
  facet normal 0 0 -1
    outer loop
      vertex 40.6737 -91.3545 0
      vertex 40.5516 -91.0805 0
      vertex 45.2629 -88.8334 0
    endloop
  endfacet
  facet normal 0 0 -1
    outer loop
      vertex 35.8368 -93.358 0
      vertex 40.5516 -91.0805 0
      vertex 40.6737 -91.3545 0
    endloop
  endfacet
  facet normal 0 0 -1
    outer loop
      vertex 35.8368 -93.358 0
      vertex 35.7293 -93.078 0
      vertex 40.5516 -91.0805 0
    endloop
  endfacet
  facet normal 0 0 -1
    outer loop
      vertex 30.9017 -95.1057 0
      vertex 35.7293 -93.078 0
      vertex 35.8368 -93.358 0
    endloop
  endfacet
  facet normal 0 0 -1
    outer loop
      vertex 30.9017 -95.1057 0
      vertex 30.809 -94.8203 0
      vertex 35.7293 -93.078 0
    endloop
  endfacet
  facet normal 0 0 -1
    outer loop
      vertex 25.8819 -96.5926 0
      vertex 30.809 -94.8203 0
      vertex 30.9017 -95.1057 0
    endloop
  endfacet
  facet normal 0 0 -1
    outer loop
      vertex 25.8819 -96.5926 0
      vertex 25.8043 -96.3028 0
      vertex 30.809 -94.8203 0
    endloop
  endfacet
  facet normal 0 0 -1
    outer loop
      vertex 20.7912 -97.8148 0
      vertex 25.8043 -96.3028 0
      vertex 25.8819 -96.5926 0
    endloop
  endfacet
  facet normal 0 0 -1
    outer loop
      vertex 20.7912 -97.8148 0
      vertex 20.7288 -97.5213 0
      vertex 25.8043 -96.3028 0
    endloop
  endfacet
  facet normal 0 0 -1
    outer loop
      vertex 15.6434 -98.7688 0
      vertex 20.7288 -97.5213 0
      vertex 20.7912 -97.8148 0
    endloop
  endfacet
  facet normal 0 0 -1
    outer loop
      vertex 15.6434 -98.7688 0
      vertex 15.5965 -98.4725 0
      vertex 20.7288 -97.5213 0
    endloop
  endfacet
  facet normal 0 0 -1
    outer loop
      vertex 10.4528 -99.4522 0
      vertex 15.5965 -98.4725 0
      vertex 15.6434 -98.7688 0
    endloop
  endfacet
  facet normal 0 0 -1
    outer loop
      vertex 10.4528 -99.4522 0
      vertex 10.4215 -99.1538 0
      vertex 15.5965 -98.4725 0
    endloop
  endfacet
  facet normal 0 0 -1
    outer loop
      vertex 5.23359 -99.863 0
      vertex 10.4215 -99.1538 0
      vertex 10.4528 -99.4522 0
    endloop
  endfacet
  facet normal 0 0 -1
    outer loop
      vertex 5.23359 -99.863 0
      vertex 5.21789 -99.5634 0
      vertex 10.4215 -99.1538 0
    endloop
  endfacet
  facet normal 0 0 -1
    outer loop
      vertex 0 -100 0
      vertex 5.21789 -99.5634 0
      vertex 5.23359 -99.863 0
    endloop
  endfacet
  facet normal 0 0 -1
    outer loop
      vertex 0 -100 0
      vertex 0 -99.7 0
      vertex 5.21789 -99.5634 0
    endloop
  endfacet
  facet normal 0 0 -1
    outer loop
      vertex 0 -100 0
      vertex -5.21789 -99.5634 0
      vertex 0 -99.7 0
    endloop
  endfacet
  facet normal 0 0 -1
    outer loop
      vertex -5.23359 -99.863 0
      vertex -5.21789 -99.5634 0
      vertex 0 -100 0
    endloop
  endfacet
  facet normal 0 0 -1
    outer loop
      vertex -5.23359 -99.863 0
      vertex -10.4215 -99.1538 0
      vertex -5.21789 -99.5634 0
    endloop
  endfacet
  facet normal 0 0 -1
    outer loop
      vertex -10.4528 -99.4522 0
      vertex -10.4215 -99.1538 0
      vertex -5.23359 -99.863 0
    endloop
  endfacet
  facet normal 0 0 -1
    outer loop
      vertex -10.4528 -99.4522 0
      vertex -15.5965 -98.4725 0
      vertex -10.4215 -99.1538 0
    endloop
  endfacet
  facet normal 0 0 -1
    outer loop
      vertex -15.6434 -98.7688 0
      vertex -15.5965 -98.4725 0
      vertex -10.4528 -99.4522 0
    endloop
  endfacet
  facet normal 0 0 -1
    outer loop
      vertex -15.6434 -98.7688 0
      vertex -20.7288 -97.5213 0
      vertex -15.5965 -98.4725 0
    endloop
  endfacet
  facet normal 0 0 -1
    outer loop
      vertex -20.7912 -97.8148 0
      vertex -20.7288 -97.5213 0
      vertex -15.6434 -98.7688 0
    endloop
  endfacet
  facet normal 0 0 -1
    outer loop
      vertex -20.7912 -97.8148 0
      vertex -25.8043 -96.3028 0
      vertex -20.7288 -97.5213 0
    endloop
  endfacet
  facet normal 0 0 -1
    outer loop
      vertex -25.8819 -96.5926 0
      vertex -25.8043 -96.3028 0
      vertex -20.7912 -97.8148 0
    endloop
  endfacet
  facet normal 0 0 -1
    outer loop
      vertex -25.8819 -96.5926 0
      vertex -30.809 -94.8203 0
      vertex -25.8043 -96.3028 0
    endloop
  endfacet
  facet normal 0 0 -1
    outer loop
      vertex -30.9017 -95.1057 0
      vertex -30.809 -94.8203 0
      vertex -25.8819 -96.5926 0
    endloop
  endfacet
  facet normal 0 0 -1
    outer loop
      vertex -30.9017 -95.1057 0
      vertex -35.7293 -93.078 0
      vertex -30.809 -94.8203 0
    endloop
  endfacet
  facet normal 0 0 -1
    outer loop
      vertex -35.8368 -93.358 0
      vertex -35.7293 -93.078 0
      vertex -30.9017 -95.1057 0
    endloop
  endfacet
  facet normal 0 0 -1
    outer loop
      vertex -35.8368 -93.358 0
      vertex -40.5516 -91.0805 0
      vertex -35.7293 -93.078 0
    endloop
  endfacet
  facet normal 0 0 -1
    outer loop
      vertex -40.6737 -91.3545 0
      vertex -40.5516 -91.0805 0
      vertex -35.8368 -93.358 0
    endloop
  endfacet
  facet normal 0 0 -1
    outer loop
      vertex -40.6737 -91.3545 0
      vertex -45.2629 -88.8334 0
      vertex -40.5516 -91.0805 0
    endloop
  endfacet
  facet normal 0 0 -1
    outer loop
      vertex -45.399 -89.1007 0
      vertex -45.2629 -88.8334 0
      vertex -40.6737 -91.3545 0
    endloop
  endfacet
  facet normal 0 0 -1
    outer loop
      vertex -45.399 -89.1007 0
      vertex -49.85 -86.3427 0
      vertex -45.2629 -88.8334 0
    endloop
  endfacet
  facet normal 0 0 -1
    outer loop
      vertex -50 -86.6025 0
      vertex -49.85 -86.3427 0
      vertex -45.399 -89.1007 0
    endloop
  endfacet
  facet normal 0 0 -1
    outer loop
      vertex -50 -86.6025 0
      vertex -54.3005 -83.6155 0
      vertex -49.85 -86.3427 0
    endloop
  endfacet
  facet normal 0 0 -1
    outer loop
      vertex -54.4639 -83.8671 0
      vertex -54.3005 -83.6155 0
      vertex -50 -86.6025 0
    endloop
  endfacet
  facet normal 0 0 -1
    outer loop
      vertex -54.4639 -83.8671 0
      vertex -58.6022 -80.659 0
      vertex -54.3005 -83.6155 0
    endloop
  endfacet
  facet normal 0 0 -1
    outer loop
      vertex -58.7785 -80.9017 0
      vertex -58.6022 -80.659 0
      vertex -54.4639 -83.8671 0
    endloop
  endfacet
  facet normal 0 0 -1
    outer loop
      vertex -58.7785 -80.9017 0
      vertex -62.7432 -77.4815 0
      vertex -58.6022 -80.659 0
    endloop
  endfacet
  facet normal 0 0 -1
    outer loop
      vertex -62.932 -77.7146 0
      vertex -62.7432 -77.4815 0
      vertex -58.7785 -80.9017 0
    endloop
  endfacet
  facet normal 0 0 -1
    outer loop
      vertex -62.932 -77.7146 0
      vertex -66.7123 -74.0915 0
      vertex -62.7432 -77.4815 0
    endloop
  endfacet
  facet normal 0 0 -1
    outer loop
      vertex -66.9131 -74.3145 0
      vertex -66.7123 -74.0915 0
      vertex -62.932 -77.7146 0
    endloop
  endfacet
  facet normal 0 0 -1
    outer loop
      vertex -66.9131 -74.3145 0
      vertex -70.4985 -70.4985 0
      vertex -66.7123 -74.0915 0
    endloop
  endfacet
  facet normal 0 0 -1
    outer loop
      vertex -70.7107 -70.7107 0
      vertex -70.4985 -70.4985 0
      vertex -66.9131 -74.3145 0
    endloop
  endfacet
  facet normal 0 0 -1
    outer loop
      vertex -70.7107 -70.7107 0
      vertex -74.0915 -66.7123 0
      vertex -70.4985 -70.4985 0
    endloop
  endfacet
  facet normal 0 0 -1
    outer loop
      vertex -74.3145 -66.9131 0
      vertex -74.0915 -66.7123 0
      vertex -70.7107 -70.7107 0
    endloop
  endfacet
  facet normal 0 0 -1
    outer loop
      vertex -74.3145 -66.9131 0
      vertex -77.4815 -62.7432 0
      vertex -74.0915 -66.7123 0
    endloop
  endfacet
  facet normal 0 0 -1
    outer loop
      vertex -77.7146 -62.932 0
      vertex -77.4815 -62.7432 0
      vertex -74.3145 -66.9131 0
    endloop
  endfacet
  facet normal 0 0 -1
    outer loop
      vertex -77.7146 -62.932 0
      vertex -80.659 -58.6022 0
      vertex -77.4815 -62.7432 0
    endloop
  endfacet
  facet normal 0 0 -1
    outer loop
      vertex -80.9017 -58.7785 0
      vertex -80.659 -58.6022 0
      vertex -77.7146 -62.932 0
    endloop
  endfacet
  facet normal 0 0 -1
    outer loop
      vertex -80.9017 -58.7785 0
      vertex -83.6155 -54.3005 0
      vertex -80.659 -58.6022 0
    endloop
  endfacet
  facet normal 0 0 -1
    outer loop
      vertex -83.8671 -54.4639 0
      vertex -83.6155 -54.3005 0
      vertex -80.9017 -58.7785 0
    endloop
  endfacet
  facet normal 0 0 -1
    outer loop
      vertex -83.8671 -54.4639 0
      vertex -86.3427 -49.85 0
      vertex -83.6155 -54.3005 0
    endloop
  endfacet
  facet normal 0 0 -1
    outer loop
      vertex -86.6025 -50 0
      vertex -86.3427 -49.85 0
      vertex -83.8671 -54.4639 0
    endloop
  endfacet
  facet normal 0 0 -1
    outer loop
      vertex -86.6025 -50 0
      vertex -88.8334 -45.2629 0
      vertex -86.3427 -49.85 0
    endloop
  endfacet
  facet normal 0 0 -1
    outer loop
      vertex -89.1007 -45.399 0
      vertex -88.8334 -45.2629 0
      vertex -86.6025 -50 0
    endloop
  endfacet
  facet normal 0 0 -1
    outer loop
      vertex -89.1007 -45.399 0
      vertex -91.0805 -40.5516 0
      vertex -88.8334 -45.2629 0
    endloop
  endfacet
  facet normal 0 0 -1
    outer loop
      vertex -91.3545 -40.6737 0
      vertex -91.0805 -40.5516 0
      vertex -89.1007 -45.399 0
    endloop
  endfacet
  facet normal 0 0 -1
    outer loop
      vertex -91.3545 -40.6737 0
      vertex -93.078 -35.7293 0
      vertex -91.0805 -40.5516 0
    endloop
  endfacet
  facet normal 0 0 -1
    outer loop
      vertex -93.358 -35.8368 0
      vertex -93.078 -35.7293 0
      vertex -91.3545 -40.6737 0
    endloop
  endfacet
  facet normal 0 0 -1
    outer loop
      vertex -93.358 -35.8368 0
      vertex -94.8203 -30.809 0
      vertex -93.078 -35.7293 0
    endloop
  endfacet
  facet normal 0 0 -1
    outer loop
      vertex -95.1057 -30.9017 0
      vertex -94.8203 -30.809 0
      vertex -93.358 -35.8368 0
    endloop
  endfacet
  facet normal 0 0 -1
    outer loop
      vertex -95.1057 -30.9017 0
      vertex -96.3028 -25.8043 0
      vertex -94.8203 -30.809 0
    endloop
  endfacet
  facet normal 0 0 -1
    outer loop
      vertex -96.5926 -25.8819 0
      vertex -96.3028 -25.8043 0
      vertex -95.1057 -30.9017 0
    endloop
  endfacet
  facet normal 0 0 -1
    outer loop
      vertex -96.5926 -25.8819 0
      vertex -97.5213 -20.7288 0
      vertex -96.3028 -25.8043 0
    endloop
  endfacet
  facet normal 0 0 -1
    outer loop
      vertex -97.8148 -20.7912 0
      vertex -97.5213 -20.7288 0
      vertex -96.5926 -25.8819 0
    endloop
  endfacet
  facet normal 0 0 -1
    outer loop
      vertex -97.8148 -20.7912 0
      vertex -98.4725 -15.5965 0
      vertex -97.5213 -20.7288 0
    endloop
  endfacet
  facet normal 0 0 -1
    outer loop
      vertex -98.7688 -15.6434 0
      vertex -98.4725 -15.5965 0
      vertex -97.8148 -20.7912 0
    endloop
  endfacet
  facet normal 0 0 -1
    outer loop
      vertex -98.7688 -15.6434 0
      vertex -99.1538 -10.4215 0
      vertex -98.4725 -15.5965 0
    endloop
  endfacet
  facet normal 0 0 -1
    outer loop
      vertex -99.4522 -10.4528 0
      vertex -99.1538 -10.4215 0
      vertex -98.7688 -15.6434 0
    endloop
  endfacet
  facet normal 0 0 -1
    outer loop
      vertex -99.4522 -10.4528 0
      vertex -99.5634 -5.21789 0
      vertex -99.1538 -10.4215 0
    endloop
  endfacet
  facet normal 0 0 -1
    outer loop
      vertex -99.863 -5.23359 0
      vertex -99.5634 -5.21789 0
      vertex -99.4522 -10.4528 0
    endloop
  endfacet
  facet normal -0 0 -1
    outer loop
      vertex -99.5634 -5.21789 0
      vertex -99.863 -5.23359 0
      vertex -99.7 0 0
    endloop
  endfacet
  facet normal 0 0 -1
    outer loop
      vertex 99.5634 5.21789 0
      vertex 99.863 5.23359 0
      vertex 99.7 0 0
    endloop
  endfacet
  facet normal 0 0 -1
    outer loop
      vertex 99.5634 5.21789 0
      vertex 99.4522 10.4528 0
      vertex 99.863 5.23359 0
    endloop
  endfacet
  facet normal 0 0 -1
    outer loop
      vertex 99.1538 10.4215 0
      vertex 99.4522 10.4528 0
      vertex 99.5634 5.21789 0
    endloop
  endfacet
  facet normal 0 0 -1
    outer loop
      vertex 99.1538 10.4215 0
      vertex 98.7688 15.6434 0
      vertex 99.4522 10.4528 0
    endloop
  endfacet
  facet normal 0 0 -1
    outer loop
      vertex 98.4725 15.5965 0
      vertex 98.7688 15.6434 0
      vertex 99.1538 10.4215 0
    endloop
  endfacet
  facet normal 0 0 -1
    outer loop
      vertex 98.4725 15.5965 0
      vertex 97.8148 20.7912 0
      vertex 98.7688 15.6434 0
    endloop
  endfacet
  facet normal 0 0 -1
    outer loop
      vertex 97.5213 20.7288 0
      vertex 97.8148 20.7912 0
      vertex 98.4725 15.5965 0
    endloop
  endfacet
  facet normal 0 0 -1
    outer loop
      vertex 97.5213 20.7288 0
      vertex 96.5926 25.8819 0
      vertex 97.8148 20.7912 0
    endloop
  endfacet
  facet normal 0 0 -1
    outer loop
      vertex 96.3028 25.8043 0
      vertex 96.5926 25.8819 0
      vertex 97.5213 20.7288 0
    endloop
  endfacet
  facet normal 0 0 -1
    outer loop
      vertex 96.3028 25.8043 0
      vertex 95.1057 30.9017 0
      vertex 96.5926 25.8819 0
    endloop
  endfacet
  facet normal 0 0 -1
    outer loop
      vertex 94.8203 30.809 0
      vertex 95.1057 30.9017 0
      vertex 96.3028 25.8043 0
    endloop
  endfacet
  facet normal 0 0 -1
    outer loop
      vertex 94.8203 30.809 0
      vertex 93.358 35.8368 0
      vertex 95.1057 30.9017 0
    endloop
  endfacet
  facet normal 0 0 -1
    outer loop
      vertex 93.078 35.7293 0
      vertex 93.358 35.8368 0
      vertex 94.8203 30.809 0
    endloop
  endfacet
  facet normal 0 0 -1
    outer loop
      vertex 93.078 35.7293 0
      vertex 91.3545 40.6737 0
      vertex 93.358 35.8368 0
    endloop
  endfacet
  facet normal 0 0 -1
    outer loop
      vertex 91.0805 40.5516 0
      vertex 91.3545 40.6737 0
      vertex 93.078 35.7293 0
    endloop
  endfacet
  facet normal 0 0 -1
    outer loop
      vertex 91.0805 40.5516 0
      vertex 89.1007 45.399 0
      vertex 91.3545 40.6737 0
    endloop
  endfacet
  facet normal 0 0 -1
    outer loop
      vertex 88.8334 45.2629 0
      vertex 89.1007 45.399 0
      vertex 91.0805 40.5516 0
    endloop
  endfacet
  facet normal 0 0 -1
    outer loop
      vertex 88.8334 45.2629 0
      vertex 86.6025 50 0
      vertex 89.1007 45.399 0
    endloop
  endfacet
  facet normal 0 0 -1
    outer loop
      vertex 86.3427 49.85 0
      vertex 86.6025 50 0
      vertex 88.8334 45.2629 0
    endloop
  endfacet
  facet normal 0 0 -1
    outer loop
      vertex 86.3427 49.85 0
      vertex 83.8671 54.4639 0
      vertex 86.6025 50 0
    endloop
  endfacet
  facet normal 0 0 -1
    outer loop
      vertex 83.6155 54.3005 0
      vertex 83.8671 54.4639 0
      vertex 86.3427 49.85 0
    endloop
  endfacet
  facet normal 0 0 -1
    outer loop
      vertex 83.6155 54.3005 0
      vertex 80.9017 58.7785 0
      vertex 83.8671 54.4639 0
    endloop
  endfacet
  facet normal 0 0 -1
    outer loop
      vertex 80.659 58.6022 0
      vertex 80.9017 58.7785 0
      vertex 83.6155 54.3005 0
    endloop
  endfacet
  facet normal 0 0 -1
    outer loop
      vertex 80.659 58.6022 0
      vertex 77.7146 62.932 0
      vertex 80.9017 58.7785 0
    endloop
  endfacet
  facet normal 0 0 -1
    outer loop
      vertex 77.4815 62.7432 0
      vertex 77.7146 62.932 0
      vertex 80.659 58.6022 0
    endloop
  endfacet
  facet normal 0 0 -1
    outer loop
      vertex 77.4815 62.7432 0
      vertex 74.3145 66.9131 0
      vertex 77.7146 62.932 0
    endloop
  endfacet
  facet normal 0 0 -1
    outer loop
      vertex 74.0915 66.7123 0
      vertex 74.3145 66.9131 0
      vertex 77.4815 62.7432 0
    endloop
  endfacet
  facet normal 0 0 -1
    outer loop
      vertex 74.0915 66.7123 0
      vertex 70.7107 70.7107 0
      vertex 74.3145 66.9131 0
    endloop
  endfacet
  facet normal 0 0 -1
    outer loop
      vertex 70.4985 70.4985 0
      vertex 70.7107 70.7107 0
      vertex 74.0915 66.7123 0
    endloop
  endfacet
  facet normal 0 0 -1
    outer loop
      vertex 70.4985 70.4985 0
      vertex 66.9131 74.3145 0
      vertex 70.7107 70.7107 0
    endloop
  endfacet
  facet normal 0 0 -1
    outer loop
      vertex 66.7123 74.0915 0
      vertex 66.9131 74.3145 0
      vertex 70.4985 70.4985 0
    endloop
  endfacet
  facet normal 0 0 -1
    outer loop
      vertex 66.7123 74.0915 0
      vertex 62.932 77.7146 0
      vertex 66.9131 74.3145 0
    endloop
  endfacet
  facet normal 0 0 -1
    outer loop
      vertex 62.7432 77.4815 0
      vertex 62.932 77.7146 0
      vertex 66.7123 74.0915 0
    endloop
  endfacet
  facet normal 0 0 -1
    outer loop
      vertex 62.7432 77.4815 0
      vertex 58.7785 80.9017 0
      vertex 62.932 77.7146 0
    endloop
  endfacet
  facet normal 0 0 -1
    outer loop
      vertex 58.6022 80.659 0
      vertex 58.7785 80.9017 0
      vertex 62.7432 77.4815 0
    endloop
  endfacet
  facet normal 0 0 -1
    outer loop
      vertex 58.6022 80.659 0
      vertex 54.4639 83.8671 0
      vertex 58.7785 80.9017 0
    endloop
  endfacet
  facet normal 0 0 -1
    outer loop
      vertex 54.3005 83.6155 0
      vertex 54.4639 83.8671 0
      vertex 58.6022 80.659 0
    endloop
  endfacet
  facet normal 0 0 -1
    outer loop
      vertex 54.3005 83.6155 0
      vertex 50 86.6025 0
      vertex 54.4639 83.8671 0
    endloop
  endfacet
  facet normal 0 0 -1
    outer loop
      vertex 49.85 86.3427 0
      vertex 50 86.6025 0
      vertex 54.3005 83.6155 0
    endloop
  endfacet
  facet normal 0 0 -1
    outer loop
      vertex 49.85 86.3427 0
      vertex 45.399 89.1007 0
      vertex 50 86.6025 0
    endloop
  endfacet
  facet normal 0 0 -1
    outer loop
      vertex 45.2629 88.8334 0
      vertex 45.399 89.1007 0
      vertex 49.85 86.3427 0
    endloop
  endfacet
  facet normal 0 0 -1
    outer loop
      vertex 45.2629 88.8334 0
      vertex 40.6737 91.3545 0
      vertex 45.399 89.1007 0
    endloop
  endfacet
  facet normal 0 0 -1
    outer loop
      vertex 40.5516 91.0805 0
      vertex 40.6737 91.3545 0
      vertex 45.2629 88.8334 0
    endloop
  endfacet
  facet normal 0 0 -1
    outer loop
      vertex 40.5516 91.0805 0
      vertex 35.8368 93.358 0
      vertex 40.6737 91.3545 0
    endloop
  endfacet
  facet normal 0 0 -1
    outer loop
      vertex 35.7293 93.078 0
      vertex 35.8368 93.358 0
      vertex 40.5516 91.0805 0
    endloop
  endfacet
  facet normal 0 0 -1
    outer loop
      vertex 35.7293 93.078 0
      vertex 30.9017 95.1057 0
      vertex 35.8368 93.358 0
    endloop
  endfacet
  facet normal 0 0 -1
    outer loop
      vertex 30.809 94.8203 0
      vertex 30.9017 95.1057 0
      vertex 35.7293 93.078 0
    endloop
  endfacet
  facet normal 0 0 -1
    outer loop
      vertex 30.809 94.8203 0
      vertex 25.8819 96.5926 0
      vertex 30.9017 95.1057 0
    endloop
  endfacet
  facet normal 0 0 -1
    outer loop
      vertex 25.8043 96.3028 0
      vertex 25.8819 96.5926 0
      vertex 30.809 94.8203 0
    endloop
  endfacet
  facet normal 0 0 -1
    outer loop
      vertex 25.8043 96.3028 0
      vertex 20.7912 97.8148 0
      vertex 25.8819 96.5926 0
    endloop
  endfacet
  facet normal 0 0 -1
    outer loop
      vertex 20.7288 97.5213 0
      vertex 20.7912 97.8148 0
      vertex 25.8043 96.3028 0
    endloop
  endfacet
  facet normal 0 0 -1
    outer loop
      vertex 20.7288 97.5213 0
      vertex 15.6434 98.7688 0
      vertex 20.7912 97.8148 0
    endloop
  endfacet
  facet normal 0 0 -1
    outer loop
      vertex 15.5965 98.4725 0
      vertex 15.6434 98.7688 0
      vertex 20.7288 97.5213 0
    endloop
  endfacet
  facet normal 0 0 -1
    outer loop
      vertex 15.5965 98.4725 0
      vertex 10.4528 99.4522 0
      vertex 15.6434 98.7688 0
    endloop
  endfacet
  facet normal 0 0 -1
    outer loop
      vertex 10.4215 99.1538 0
      vertex 10.4528 99.4522 0
      vertex 15.5965 98.4725 0
    endloop
  endfacet
  facet normal 0 0 -1
    outer loop
      vertex 10.4215 99.1538 0
      vertex 5.23359 99.863 0
      vertex 10.4528 99.4522 0
    endloop
  endfacet
  facet normal 0 0 -1
    outer loop
      vertex 5.21789 99.5634 0
      vertex 5.23359 99.863 0
      vertex 10.4215 99.1538 0
    endloop
  endfacet
  facet normal 0 0 -1
    outer loop
      vertex 0 99.7 0
      vertex 5.23359 99.863 0
      vertex 5.21789 99.5634 0
    endloop
  endfacet
  facet normal 0 0 -1
    outer loop
      vertex 0 99.7 0
      vertex 0 100 0
      vertex 5.23359 99.863 0
    endloop
  endfacet
  facet normal 0 0 -1
    outer loop
      vertex -5.21789 99.5634 0
      vertex 0 100 0
      vertex 0 99.7 0
    endloop
  endfacet
  facet normal 0 0 -1
    outer loop
      vertex -5.21789 99.5634 0
      vertex -5.23359 99.863 0
      vertex 0 100 0
    endloop
  endfacet
  facet normal 0 0 -1
    outer loop
      vertex -10.4215 99.1538 0
      vertex -5.23359 99.863 0
      vertex -5.21789 99.5634 0
    endloop
  endfacet
  facet normal 0 0 -1
    outer loop
      vertex -10.4215 99.1538 0
      vertex -10.4528 99.4522 0
      vertex -5.23359 99.863 0
    endloop
  endfacet
  facet normal 0 0 -1
    outer loop
      vertex -15.5965 98.4725 0
      vertex -10.4528 99.4522 0
      vertex -10.4215 99.1538 0
    endloop
  endfacet
  facet normal 0 0 -1
    outer loop
      vertex -15.5965 98.4725 0
      vertex -15.6434 98.7688 0
      vertex -10.4528 99.4522 0
    endloop
  endfacet
  facet normal 0 0 -1
    outer loop
      vertex -20.7288 97.5213 0
      vertex -15.6434 98.7688 0
      vertex -15.5965 98.4725 0
    endloop
  endfacet
  facet normal 0 0 -1
    outer loop
      vertex -20.7288 97.5213 0
      vertex -20.7912 97.8148 0
      vertex -15.6434 98.7688 0
    endloop
  endfacet
  facet normal 0 0 -1
    outer loop
      vertex -25.8043 96.3028 0
      vertex -20.7912 97.8148 0
      vertex -20.7288 97.5213 0
    endloop
  endfacet
  facet normal 0 0 -1
    outer loop
      vertex -25.8043 96.3028 0
      vertex -25.8819 96.5926 0
      vertex -20.7912 97.8148 0
    endloop
  endfacet
  facet normal 0 0 -1
    outer loop
      vertex -30.809 94.8203 0
      vertex -25.8819 96.5926 0
      vertex -25.8043 96.3028 0
    endloop
  endfacet
  facet normal 0 0 -1
    outer loop
      vertex -30.809 94.8203 0
      vertex -30.9017 95.1057 0
      vertex -25.8819 96.5926 0
    endloop
  endfacet
  facet normal 0 0 -1
    outer loop
      vertex -35.7293 93.078 0
      vertex -30.9017 95.1057 0
      vertex -30.809 94.8203 0
    endloop
  endfacet
  facet normal 0 0 -1
    outer loop
      vertex -35.7293 93.078 0
      vertex -35.8368 93.358 0
      vertex -30.9017 95.1057 0
    endloop
  endfacet
  facet normal 0 0 -1
    outer loop
      vertex -40.5516 91.0805 0
      vertex -35.8368 93.358 0
      vertex -35.7293 93.078 0
    endloop
  endfacet
  facet normal 0 0 -1
    outer loop
      vertex -40.5516 91.0805 0
      vertex -40.6737 91.3545 0
      vertex -35.8368 93.358 0
    endloop
  endfacet
  facet normal 0 0 -1
    outer loop
      vertex -45.2629 88.8334 0
      vertex -40.6737 91.3545 0
      vertex -40.5516 91.0805 0
    endloop
  endfacet
  facet normal 0 0 -1
    outer loop
      vertex -45.2629 88.8334 0
      vertex -45.399 89.1007 0
      vertex -40.6737 91.3545 0
    endloop
  endfacet
  facet normal 0 0 -1
    outer loop
      vertex -49.85 86.3427 0
      vertex -45.399 89.1007 0
      vertex -45.2629 88.8334 0
    endloop
  endfacet
  facet normal 0 0 -1
    outer loop
      vertex -49.85 86.3427 0
      vertex -50 86.6025 0
      vertex -45.399 89.1007 0
    endloop
  endfacet
  facet normal 0 0 -1
    outer loop
      vertex -54.3005 83.6155 0
      vertex -50 86.6025 0
      vertex -49.85 86.3427 0
    endloop
  endfacet
  facet normal 0 0 -1
    outer loop
      vertex -54.3005 83.6155 0
      vertex -54.4639 83.8671 0
      vertex -50 86.6025 0
    endloop
  endfacet
  facet normal 0 0 -1
    outer loop
      vertex -58.6022 80.659 0
      vertex -54.4639 83.8671 0
      vertex -54.3005 83.6155 0
    endloop
  endfacet
  facet normal 0 0 -1
    outer loop
      vertex -58.6022 80.659 0
      vertex -58.7785 80.9017 0
      vertex -54.4639 83.8671 0
    endloop
  endfacet
  facet normal 0 0 -1
    outer loop
      vertex -62.7432 77.4815 0
      vertex -58.7785 80.9017 0
      vertex -58.6022 80.659 0
    endloop
  endfacet
  facet normal 0 0 -1
    outer loop
      vertex -62.7432 77.4815 0
      vertex -62.932 77.7146 0
      vertex -58.7785 80.9017 0
    endloop
  endfacet
  facet normal 0 0 -1
    outer loop
      vertex -66.7123 74.0915 0
      vertex -62.932 77.7146 0
      vertex -62.7432 77.4815 0
    endloop
  endfacet
  facet normal 0 0 -1
    outer loop
      vertex -66.7123 74.0915 0
      vertex -66.9131 74.3145 0
      vertex -62.932 77.7146 0
    endloop
  endfacet
  facet normal 0 0 -1
    outer loop
      vertex -70.4985 70.4985 0
      vertex -66.9131 74.3145 0
      vertex -66.7123 74.0915 0
    endloop
  endfacet
  facet normal 0 0 -1
    outer loop
      vertex -70.4985 70.4985 0
      vertex -70.7107 70.7107 0
      vertex -66.9131 74.3145 0
    endloop
  endfacet
  facet normal 0 0 -1
    outer loop
      vertex -74.0915 66.7123 0
      vertex -70.7107 70.7107 0
      vertex -70.4985 70.4985 0
    endloop
  endfacet
  facet normal 0 0 -1
    outer loop
      vertex -74.0915 66.7123 0
      vertex -74.3145 66.9131 0
      vertex -70.7107 70.7107 0
    endloop
  endfacet
  facet normal 0 0 -1
    outer loop
      vertex -77.4815 62.7432 0
      vertex -74.3145 66.9131 0
      vertex -74.0915 66.7123 0
    endloop
  endfacet
  facet normal 0 0 -1
    outer loop
      vertex -77.4815 62.7432 0
      vertex -77.7146 62.932 0
      vertex -74.3145 66.9131 0
    endloop
  endfacet
  facet normal 0 0 -1
    outer loop
      vertex -80.659 58.6022 0
      vertex -77.7146 62.932 0
      vertex -77.4815 62.7432 0
    endloop
  endfacet
  facet normal 0 0 -1
    outer loop
      vertex -80.659 58.6022 0
      vertex -80.9017 58.7785 0
      vertex -77.7146 62.932 0
    endloop
  endfacet
  facet normal 0 0 -1
    outer loop
      vertex -83.6155 54.3005 0
      vertex -80.9017 58.7785 0
      vertex -80.659 58.6022 0
    endloop
  endfacet
  facet normal 0 0 -1
    outer loop
      vertex -83.6155 54.3005 0
      vertex -83.8671 54.4639 0
      vertex -80.9017 58.7785 0
    endloop
  endfacet
  facet normal 0 0 -1
    outer loop
      vertex -86.3427 49.85 0
      vertex -83.8671 54.4639 0
      vertex -83.6155 54.3005 0
    endloop
  endfacet
  facet normal 0 0 -1
    outer loop
      vertex -86.3427 49.85 0
      vertex -86.6025 50 0
      vertex -83.8671 54.4639 0
    endloop
  endfacet
  facet normal 0 0 -1
    outer loop
      vertex -88.8334 45.2629 0
      vertex -86.6025 50 0
      vertex -86.3427 49.85 0
    endloop
  endfacet
  facet normal 0 0 -1
    outer loop
      vertex -88.8334 45.2629 0
      vertex -89.1007 45.399 0
      vertex -86.6025 50 0
    endloop
  endfacet
  facet normal 0 0 -1
    outer loop
      vertex -91.0805 40.5516 0
      vertex -89.1007 45.399 0
      vertex -88.8334 45.2629 0
    endloop
  endfacet
  facet normal 0 0 -1
    outer loop
      vertex -91.0805 40.5516 0
      vertex -91.3545 40.6737 0
      vertex -89.1007 45.399 0
    endloop
  endfacet
  facet normal 0 0 -1
    outer loop
      vertex -93.078 35.7293 0
      vertex -91.3545 40.6737 0
      vertex -91.0805 40.5516 0
    endloop
  endfacet
  facet normal 0 0 -1
    outer loop
      vertex -93.078 35.7293 0
      vertex -93.358 35.8368 0
      vertex -91.3545 40.6737 0
    endloop
  endfacet
  facet normal 0 0 -1
    outer loop
      vertex -94.8203 30.809 0
      vertex -93.358 35.8368 0
      vertex -93.078 35.7293 0
    endloop
  endfacet
  facet normal 0 0 -1
    outer loop
      vertex -94.8203 30.809 0
      vertex -95.1057 30.9017 0
      vertex -93.358 35.8368 0
    endloop
  endfacet
  facet normal 0 0 -1
    outer loop
      vertex -96.3028 25.8043 0
      vertex -95.1057 30.9017 0
      vertex -94.8203 30.809 0
    endloop
  endfacet
  facet normal 0 0 -1
    outer loop
      vertex -96.3028 25.8043 0
      vertex -96.5926 25.8819 0
      vertex -95.1057 30.9017 0
    endloop
  endfacet
  facet normal 0 0 -1
    outer loop
      vertex -97.5213 20.7288 0
      vertex -96.5926 25.8819 0
      vertex -96.3028 25.8043 0
    endloop
  endfacet
  facet normal 0 0 -1
    outer loop
      vertex -97.5213 20.7288 0
      vertex -97.8148 20.7912 0
      vertex -96.5926 25.8819 0
    endloop
  endfacet
  facet normal 0 0 -1
    outer loop
      vertex -98.4725 15.5965 0
      vertex -97.8148 20.7912 0
      vertex -97.5213 20.7288 0
    endloop
  endfacet
  facet normal 0 0 -1
    outer loop
      vertex -98.4725 15.5965 0
      vertex -98.7688 15.6434 0
      vertex -97.8148 20.7912 0
    endloop
  endfacet
  facet normal 0 0 -1
    outer loop
      vertex -99.1538 10.4215 0
      vertex -98.7688 15.6434 0
      vertex -98.4725 15.5965 0
    endloop
  endfacet
  facet normal 0 0 -1
    outer loop
      vertex -99.1538 10.4215 0
      vertex -99.4522 10.4528 0
      vertex -98.7688 15.6434 0
    endloop
  endfacet
  facet normal 0 0 -1
    outer loop
      vertex -99.5634 5.21789 0
      vertex -99.4522 10.4528 0
      vertex -99.1538 10.4215 0
    endloop
  endfacet
  facet normal 0 0 -1
    outer loop
      vertex -99.863 5.23359 0
      vertex -99.5634 5.21789 0
      vertex -99.7 0 0
    endloop
  endfacet
  facet normal 0 0 -1
    outer loop
      vertex -100 0 0
      vertex -99.7 0 0
      vertex -99.863 -5.23359 0
    endloop
  endfacet
  facet normal 0 0 -1
    outer loop
      vertex -99.5634 5.21789 0
      vertex -99.863 5.23359 0
      vertex -99.4522 10.4528 0
    endloop
  endfacet
  facet normal 0 0 -1
    outer loop
      vertex -99.7 0 0
      vertex -100 0 0
      vertex -99.863 5.23359 0
    endloop
  endfacet
  facet normal 0 0 1
    outer loop
      vertex 89.8 0 0
      vertex 90 0 0
      vertex 89.8767 4.71024 0
    endloop
  endfacet
  facet normal 0 0 1
    outer loop
      vertex 90 0 0
      vertex 89.8 0 0
      vertex 89.8767 -4.71024 0
    endloop
  endfacet
  facet normal 0 0 1
    outer loop
      vertex 89.8767 4.71024 0
      vertex 89.6769 4.69977 0
      vertex 89.8 0 0
    endloop
  endfacet
  facet normal 0 0 1
    outer loop
      vertex 89.507 9.40756 0
      vertex 89.6769 4.69977 0
      vertex 89.8767 4.71024 0
    endloop
  endfacet
  facet normal 0 0 1
    outer loop
      vertex 89.507 9.40756 0
      vertex 89.3081 9.38666 0
      vertex 89.6769 4.69977 0
    endloop
  endfacet
  facet normal 0 0 1
    outer loop
      vertex 88.892 14.0791 0
      vertex 89.3081 9.38666 0
      vertex 89.507 9.40756 0
    endloop
  endfacet
  facet normal 0 0 1
    outer loop
      vertex 88.892 14.0791 0
      vertex 88.6944 14.0478 0
      vertex 89.3081 9.38666 0
    endloop
  endfacet
  facet normal 0 0 1
    outer loop
      vertex 88.0333 18.7121 0
      vertex 88.6944 14.0478 0
      vertex 88.892 14.0791 0
    endloop
  endfacet
  facet normal 0 0 1
    outer loop
      vertex 88.0333 18.7121 0
      vertex 87.8377 18.6705 0
      vertex 88.6944 14.0478 0
    endloop
  endfacet
  facet normal 0 0 1
    outer loop
      vertex 86.9333 23.2937 0
      vertex 87.8377 18.6705 0
      vertex 88.0333 18.7121 0
    endloop
  endfacet
  facet normal 0 0 1
    outer loop
      vertex 86.9333 23.2937 0
      vertex 86.7401 23.242 0
      vertex 87.8377 18.6705 0
    endloop
  endfacet
  facet normal 0 0 1
    outer loop
      vertex 85.5951 27.8115 0
      vertex 86.7401 23.242 0
      vertex 86.9333 23.2937 0
    endloop
  endfacet
  facet normal 0 0 1
    outer loop
      vertex 85.5951 27.8115 0
      vertex 85.4049 27.7497 0
      vertex 86.7401 23.242 0
    endloop
  endfacet
  facet normal 0 0 1
    outer loop
      vertex 84.0222 32.2531 0
      vertex 85.4049 27.7497 0
      vertex 85.5951 27.8115 0
    endloop
  endfacet
  facet normal 0 0 1
    outer loop
      vertex 84.0222 32.2531 0
      vertex 83.8355 32.1814 0
      vertex 85.4049 27.7497 0
    endloop
  endfacet
  facet normal 0 0 1
    outer loop
      vertex 82.2191 36.6063 0
      vertex 83.8355 32.1814 0
      vertex 84.0222 32.2531 0
    endloop
  endfacet
  facet normal 0 0 1
    outer loop
      vertex 82.2191 36.6063 0
      vertex 82.0364 36.5249 0
      vertex 83.8355 32.1814 0
    endloop
  endfacet
  facet normal 0 0 1
    outer loop
      vertex 80.1906 40.8591 0
      vertex 82.0364 36.5249 0
      vertex 82.2191 36.6063 0
    endloop
  endfacet
  facet normal 0 0 1
    outer loop
      vertex 80.1906 40.8591 0
      vertex 80.0124 40.7683 0
      vertex 82.0364 36.5249 0
    endloop
  endfacet
  facet normal 0 0 1
    outer loop
      vertex 77.9423 45 0
      vertex 80.0124 40.7683 0
      vertex 80.1906 40.8591 0
    endloop
  endfacet
  facet normal 0 0 1
    outer loop
      vertex 77.9423 45 0
      vertex 77.7691 44.9 0
      vertex 80.0124 40.7683 0
    endloop
  endfacet
  facet normal 0 0 1
    outer loop
      vertex 75.4803 49.0175 0
      vertex 77.7691 44.9 0
      vertex 77.9423 45 0
    endloop
  endfacet
  facet normal 0 0 1
    outer loop
      vertex 75.4803 49.0175 0
      vertex 75.3126 48.9086 0
      vertex 77.7691 44.9 0
    endloop
  endfacet
  facet normal 0 0 1
    outer loop
      vertex 72.8115 52.9007 0
      vertex 75.3126 48.9086 0
      vertex 75.4803 49.0175 0
    endloop
  endfacet
  facet normal 0 0 1
    outer loop
      vertex 72.8115 52.9007 0
      vertex 72.6497 52.7831 0
      vertex 75.3126 48.9086 0
    endloop
  endfacet
  facet normal 0 0 1
    outer loop
      vertex 69.9431 56.6388 0
      vertex 72.6497 52.7831 0
      vertex 72.8115 52.9007 0
    endloop
  endfacet
  facet normal 0 0 1
    outer loop
      vertex 69.9431 56.6388 0
      vertex 69.7877 56.513 0
      vertex 72.6497 52.7831 0
    endloop
  endfacet
  facet normal 0 0 1
    outer loop
      vertex 66.883 60.2218 0
      vertex 69.7877 56.513 0
      vertex 69.9431 56.6388 0
    endloop
  endfacet
  facet normal 0 0 1
    outer loop
      vertex 66.883 60.2218 0
      vertex 66.7344 60.0879 0
      vertex 69.7877 56.513 0
    endloop
  endfacet
  facet normal 0 0 1
    outer loop
      vertex 63.6396 63.6396 0
      vertex 66.7344 60.0879 0
      vertex 66.883 60.2218 0
    endloop
  endfacet
  facet normal 0 0 1
    outer loop
      vertex 63.6396 63.6396 0
      vertex 63.4982 63.4982 0
      vertex 66.7344 60.0879 0
    endloop
  endfacet
  facet normal 0 0 1
    outer loop
      vertex 60.2218 66.883 0
      vertex 63.4982 63.4982 0
      vertex 63.6396 63.6396 0
    endloop
  endfacet
  facet normal 0 0 1
    outer loop
      vertex 60.2218 66.883 0
      vertex 60.0879 66.7344 0
      vertex 63.4982 63.4982 0
    endloop
  endfacet
  facet normal 0 0 1
    outer loop
      vertex 56.6388 69.9431 0
      vertex 60.0879 66.7344 0
      vertex 60.2218 66.883 0
    endloop
  endfacet
  facet normal 0 0 1
    outer loop
      vertex 56.6388 69.9431 0
      vertex 56.513 69.7877 0
      vertex 60.0879 66.7344 0
    endloop
  endfacet
  facet normal 0 0 1
    outer loop
      vertex 52.9007 72.8115 0
      vertex 56.513 69.7877 0
      vertex 56.6388 69.9431 0
    endloop
  endfacet
  facet normal 0 0 1
    outer loop
      vertex 52.9007 72.8115 0
      vertex 52.7831 72.6497 0
      vertex 56.513 69.7877 0
    endloop
  endfacet
  facet normal 0 0 1
    outer loop
      vertex 49.0175 75.4803 0
      vertex 52.7831 72.6497 0
      vertex 52.9007 72.8115 0
    endloop
  endfacet
  facet normal 0 0 1
    outer loop
      vertex 49.0175 75.4803 0
      vertex 48.9086 75.3126 0
      vertex 52.7831 72.6497 0
    endloop
  endfacet
  facet normal 0 0 1
    outer loop
      vertex 45 77.9423 0
      vertex 48.9086 75.3126 0
      vertex 49.0175 75.4803 0
    endloop
  endfacet
  facet normal 0 0 1
    outer loop
      vertex 45 77.9423 0
      vertex 44.9 77.7691 0
      vertex 48.9086 75.3126 0
    endloop
  endfacet
  facet normal 0 0 1
    outer loop
      vertex 40.8591 80.1906 0
      vertex 44.9 77.7691 0
      vertex 45 77.9423 0
    endloop
  endfacet
  facet normal 0 0 1
    outer loop
      vertex 40.8591 80.1906 0
      vertex 40.7683 80.0124 0
      vertex 44.9 77.7691 0
    endloop
  endfacet
  facet normal 0 0 1
    outer loop
      vertex 36.6063 82.2191 0
      vertex 40.7683 80.0124 0
      vertex 40.8591 80.1906 0
    endloop
  endfacet
  facet normal 0 0 1
    outer loop
      vertex 36.6063 82.2191 0
      vertex 36.5249 82.0364 0
      vertex 40.7683 80.0124 0
    endloop
  endfacet
  facet normal 0 0 1
    outer loop
      vertex 32.2531 84.0222 0
      vertex 36.5249 82.0364 0
      vertex 36.6063 82.2191 0
    endloop
  endfacet
  facet normal 0 0 1
    outer loop
      vertex 32.2531 84.0222 0
      vertex 32.1814 83.8355 0
      vertex 36.5249 82.0364 0
    endloop
  endfacet
  facet normal 0 0 1
    outer loop
      vertex 27.8115 85.5951 0
      vertex 32.1814 83.8355 0
      vertex 32.2531 84.0222 0
    endloop
  endfacet
  facet normal 0 0 1
    outer loop
      vertex 27.8115 85.5951 0
      vertex 27.7497 85.4049 0
      vertex 32.1814 83.8355 0
    endloop
  endfacet
  facet normal 0 0 1
    outer loop
      vertex 23.2937 86.9333 0
      vertex 27.7497 85.4049 0
      vertex 27.8115 85.5951 0
    endloop
  endfacet
  facet normal 0 0 1
    outer loop
      vertex 23.2937 86.9333 0
      vertex 23.242 86.7401 0
      vertex 27.7497 85.4049 0
    endloop
  endfacet
  facet normal 0 0 1
    outer loop
      vertex 18.7121 88.0333 0
      vertex 23.242 86.7401 0
      vertex 23.2937 86.9333 0
    endloop
  endfacet
  facet normal 0 0 1
    outer loop
      vertex 18.7121 88.0333 0
      vertex 18.6705 87.8377 0
      vertex 23.242 86.7401 0
    endloop
  endfacet
  facet normal 0 0 1
    outer loop
      vertex 14.0791 88.892 0
      vertex 18.6705 87.8377 0
      vertex 18.7121 88.0333 0
    endloop
  endfacet
  facet normal 0 0 1
    outer loop
      vertex 14.0791 88.892 0
      vertex 14.0478 88.6944 0
      vertex 18.6705 87.8377 0
    endloop
  endfacet
  facet normal 0 0 1
    outer loop
      vertex 9.40756 89.507 0
      vertex 14.0478 88.6944 0
      vertex 14.0791 88.892 0
    endloop
  endfacet
  facet normal 0 0 1
    outer loop
      vertex 9.40756 89.507 0
      vertex 9.38666 89.3081 0
      vertex 14.0478 88.6944 0
    endloop
  endfacet
  facet normal 0 0 1
    outer loop
      vertex 4.71024 89.8767 0
      vertex 9.38666 89.3081 0
      vertex 9.40756 89.507 0
    endloop
  endfacet
  facet normal 0 0 1
    outer loop
      vertex 4.71024 89.8767 0
      vertex 4.69977 89.6769 0
      vertex 9.38666 89.3081 0
    endloop
  endfacet
  facet normal 0 0 1
    outer loop
      vertex 0 90 0
      vertex 4.69977 89.6769 0
      vertex 4.71024 89.8767 0
    endloop
  endfacet
  facet normal 0 0 1
    outer loop
      vertex 0 90 0
      vertex 0 89.8 0
      vertex 4.69977 89.6769 0
    endloop
  endfacet
  facet normal 0 0 1
    outer loop
      vertex 0 90 0
      vertex -4.69977 89.6769 0
      vertex 0 89.8 0
    endloop
  endfacet
  facet normal -0 0 1
    outer loop
      vertex -4.71024 89.8767 0
      vertex -4.69977 89.6769 0
      vertex 0 90 0
    endloop
  endfacet
  facet normal 0 0 1
    outer loop
      vertex -4.71024 89.8767 0
      vertex -9.38666 89.3081 0
      vertex -4.69977 89.6769 0
    endloop
  endfacet
  facet normal -0 0 1
    outer loop
      vertex -9.40756 89.507 0
      vertex -9.38666 89.3081 0
      vertex -4.71024 89.8767 0
    endloop
  endfacet
  facet normal 0 0 1
    outer loop
      vertex -9.40756 89.507 0
      vertex -14.0478 88.6944 0
      vertex -9.38666 89.3081 0
    endloop
  endfacet
  facet normal -0 0 1
    outer loop
      vertex -14.0791 88.892 0
      vertex -14.0478 88.6944 0
      vertex -9.40756 89.507 0
    endloop
  endfacet
  facet normal 0 0 1
    outer loop
      vertex -14.0791 88.892 0
      vertex -18.6705 87.8377 0
      vertex -14.0478 88.6944 0
    endloop
  endfacet
  facet normal -0 0 1
    outer loop
      vertex -18.7121 88.0333 0
      vertex -18.6705 87.8377 0
      vertex -14.0791 88.892 0
    endloop
  endfacet
  facet normal 0 0 1
    outer loop
      vertex -18.7121 88.0333 0
      vertex -23.242 86.7401 0
      vertex -18.6705 87.8377 0
    endloop
  endfacet
  facet normal -0 0 1
    outer loop
      vertex -23.2937 86.9333 0
      vertex -23.242 86.7401 0
      vertex -18.7121 88.0333 0
    endloop
  endfacet
  facet normal 0 0 1
    outer loop
      vertex -23.2937 86.9333 0
      vertex -27.7497 85.4049 0
      vertex -23.242 86.7401 0
    endloop
  endfacet
  facet normal -0 0 1
    outer loop
      vertex -27.8115 85.5951 0
      vertex -27.7497 85.4049 0
      vertex -23.2937 86.9333 0
    endloop
  endfacet
  facet normal 0 0 1
    outer loop
      vertex -27.8115 85.5951 0
      vertex -32.1814 83.8355 0
      vertex -27.7497 85.4049 0
    endloop
  endfacet
  facet normal -0 0 1
    outer loop
      vertex -32.2531 84.0222 0
      vertex -32.1814 83.8355 0
      vertex -27.8115 85.5951 0
    endloop
  endfacet
  facet normal 0 0 1
    outer loop
      vertex -32.2531 84.0222 0
      vertex -36.5249 82.0364 0
      vertex -32.1814 83.8355 0
    endloop
  endfacet
  facet normal -0 0 1
    outer loop
      vertex -36.6063 82.2191 0
      vertex -36.5249 82.0364 0
      vertex -32.2531 84.0222 0
    endloop
  endfacet
  facet normal 0 0 1
    outer loop
      vertex -36.6063 82.2191 0
      vertex -40.7683 80.0124 0
      vertex -36.5249 82.0364 0
    endloop
  endfacet
  facet normal -0 0 1
    outer loop
      vertex -40.8591 80.1906 0
      vertex -40.7683 80.0124 0
      vertex -36.6063 82.2191 0
    endloop
  endfacet
  facet normal 0 0 1
    outer loop
      vertex -40.8591 80.1906 0
      vertex -44.9 77.7691 0
      vertex -40.7683 80.0124 0
    endloop
  endfacet
  facet normal -0 0 1
    outer loop
      vertex -45 77.9423 0
      vertex -44.9 77.7691 0
      vertex -40.8591 80.1906 0
    endloop
  endfacet
  facet normal 0 0 1
    outer loop
      vertex -45 77.9423 0
      vertex -48.9086 75.3126 0
      vertex -44.9 77.7691 0
    endloop
  endfacet
  facet normal -0 0 1
    outer loop
      vertex -49.0175 75.4803 0
      vertex -48.9086 75.3126 0
      vertex -45 77.9423 0
    endloop
  endfacet
  facet normal 0 0 1
    outer loop
      vertex -49.0175 75.4803 0
      vertex -52.7831 72.6497 0
      vertex -48.9086 75.3126 0
    endloop
  endfacet
  facet normal -0 0 1
    outer loop
      vertex -52.9007 72.8115 0
      vertex -52.7831 72.6497 0
      vertex -49.0175 75.4803 0
    endloop
  endfacet
  facet normal 0 0 1
    outer loop
      vertex -52.9007 72.8115 0
      vertex -56.513 69.7877 0
      vertex -52.7831 72.6497 0
    endloop
  endfacet
  facet normal -0 0 1
    outer loop
      vertex -56.6388 69.9431 0
      vertex -56.513 69.7877 0
      vertex -52.9007 72.8115 0
    endloop
  endfacet
  facet normal 0 0 1
    outer loop
      vertex -56.6388 69.9431 0
      vertex -60.0879 66.7344 0
      vertex -56.513 69.7877 0
    endloop
  endfacet
  facet normal -0 0 1
    outer loop
      vertex -60.2218 66.883 0
      vertex -60.0879 66.7344 0
      vertex -56.6388 69.9431 0
    endloop
  endfacet
  facet normal 0 0 1
    outer loop
      vertex -60.2218 66.883 0
      vertex -63.4982 63.4982 0
      vertex -60.0879 66.7344 0
    endloop
  endfacet
  facet normal -0 0 1
    outer loop
      vertex -63.6396 63.6396 0
      vertex -63.4982 63.4982 0
      vertex -60.2218 66.883 0
    endloop
  endfacet
  facet normal 0 0 1
    outer loop
      vertex -63.6396 63.6396 0
      vertex -66.7344 60.0879 0
      vertex -63.4982 63.4982 0
    endloop
  endfacet
  facet normal -0 0 1
    outer loop
      vertex -66.883 60.2218 0
      vertex -66.7344 60.0879 0
      vertex -63.6396 63.6396 0
    endloop
  endfacet
  facet normal 0 0 1
    outer loop
      vertex -66.883 60.2218 0
      vertex -69.7877 56.513 0
      vertex -66.7344 60.0879 0
    endloop
  endfacet
  facet normal -0 0 1
    outer loop
      vertex -69.9431 56.6388 0
      vertex -69.7877 56.513 0
      vertex -66.883 60.2218 0
    endloop
  endfacet
  facet normal 0 0 1
    outer loop
      vertex -69.9431 56.6388 0
      vertex -72.6497 52.7831 0
      vertex -69.7877 56.513 0
    endloop
  endfacet
  facet normal -0 0 1
    outer loop
      vertex -72.8115 52.9007 0
      vertex -72.6497 52.7831 0
      vertex -69.9431 56.6388 0
    endloop
  endfacet
  facet normal 0 0 1
    outer loop
      vertex -72.8115 52.9007 0
      vertex -75.3126 48.9086 0
      vertex -72.6497 52.7831 0
    endloop
  endfacet
  facet normal -0 0 1
    outer loop
      vertex -75.4803 49.0175 0
      vertex -75.3126 48.9086 0
      vertex -72.8115 52.9007 0
    endloop
  endfacet
  facet normal 0 0 1
    outer loop
      vertex -75.4803 49.0175 0
      vertex -77.7691 44.9 0
      vertex -75.3126 48.9086 0
    endloop
  endfacet
  facet normal -0 0 1
    outer loop
      vertex -77.9423 45 0
      vertex -77.7691 44.9 0
      vertex -75.4803 49.0175 0
    endloop
  endfacet
  facet normal 0 0 1
    outer loop
      vertex -77.9423 45 0
      vertex -80.0124 40.7683 0
      vertex -77.7691 44.9 0
    endloop
  endfacet
  facet normal -0 0 1
    outer loop
      vertex -80.1906 40.8591 0
      vertex -80.0124 40.7683 0
      vertex -77.9423 45 0
    endloop
  endfacet
  facet normal 0 0 1
    outer loop
      vertex -80.1906 40.8591 0
      vertex -82.0364 36.5249 0
      vertex -80.0124 40.7683 0
    endloop
  endfacet
  facet normal -0 0 1
    outer loop
      vertex -82.2191 36.6063 0
      vertex -82.0364 36.5249 0
      vertex -80.1906 40.8591 0
    endloop
  endfacet
  facet normal 0 0 1
    outer loop
      vertex -82.2191 36.6063 0
      vertex -83.8355 32.1814 0
      vertex -82.0364 36.5249 0
    endloop
  endfacet
  facet normal -0 0 1
    outer loop
      vertex -84.0222 32.2531 0
      vertex -83.8355 32.1814 0
      vertex -82.2191 36.6063 0
    endloop
  endfacet
  facet normal 0 0 1
    outer loop
      vertex -84.0222 32.2531 0
      vertex -85.4049 27.7497 0
      vertex -83.8355 32.1814 0
    endloop
  endfacet
  facet normal -0 0 1
    outer loop
      vertex -85.5951 27.8115 0
      vertex -85.4049 27.7497 0
      vertex -84.0222 32.2531 0
    endloop
  endfacet
  facet normal 0 0 1
    outer loop
      vertex -85.5951 27.8115 0
      vertex -86.7401 23.242 0
      vertex -85.4049 27.7497 0
    endloop
  endfacet
  facet normal -0 0 1
    outer loop
      vertex -86.9333 23.2937 0
      vertex -86.7401 23.242 0
      vertex -85.5951 27.8115 0
    endloop
  endfacet
  facet normal 0 0 1
    outer loop
      vertex -86.9333 23.2937 0
      vertex -87.8377 18.6705 0
      vertex -86.7401 23.242 0
    endloop
  endfacet
  facet normal -0 0 1
    outer loop
      vertex -88.0333 18.7121 0
      vertex -87.8377 18.6705 0
      vertex -86.9333 23.2937 0
    endloop
  endfacet
  facet normal 0 0 1
    outer loop
      vertex -88.0333 18.7121 0
      vertex -88.6944 14.0478 0
      vertex -87.8377 18.6705 0
    endloop
  endfacet
  facet normal -0 0 1
    outer loop
      vertex -88.892 14.0791 0
      vertex -88.6944 14.0478 0
      vertex -88.0333 18.7121 0
    endloop
  endfacet
  facet normal 0 0 1
    outer loop
      vertex -88.892 14.0791 0
      vertex -89.3081 9.38666 0
      vertex -88.6944 14.0478 0
    endloop
  endfacet
  facet normal -0 0 1
    outer loop
      vertex -89.507 9.40756 0
      vertex -89.3081 9.38666 0
      vertex -88.892 14.0791 0
    endloop
  endfacet
  facet normal 0 0 1
    outer loop
      vertex -89.507 9.40756 0
      vertex -89.6769 4.69977 0
      vertex -89.3081 9.38666 0
    endloop
  endfacet
  facet normal 0 0 1
    outer loop
      vertex -89.6769 4.69977 0
      vertex -89.8767 4.71024 0
      vertex -89.8 0 0
    endloop
  endfacet
  facet normal -0 0 1
    outer loop
      vertex -89.8767 4.71024 0
      vertex -89.6769 4.69977 0
      vertex -89.507 9.40756 0
    endloop
  endfacet
  facet normal -0 0 1
    outer loop
      vertex 89.6769 -4.69977 0
      vertex 89.8767 -4.71024 0
      vertex 89.8 0 0
    endloop
  endfacet
  facet normal 0 0 1
    outer loop
      vertex 89.6769 -4.69977 0
      vertex 89.507 -9.40756 0
      vertex 89.8767 -4.71024 0
    endloop
  endfacet
  facet normal -0 0 1
    outer loop
      vertex 89.3081 -9.38666 0
      vertex 89.507 -9.40756 0
      vertex 89.6769 -4.69977 0
    endloop
  endfacet
  facet normal 0 0 1
    outer loop
      vertex 89.3081 -9.38666 0
      vertex 88.892 -14.0791 0
      vertex 89.507 -9.40756 0
    endloop
  endfacet
  facet normal -0 0 1
    outer loop
      vertex 88.6944 -14.0478 0
      vertex 88.892 -14.0791 0
      vertex 89.3081 -9.38666 0
    endloop
  endfacet
  facet normal 0 0 1
    outer loop
      vertex 88.6944 -14.0478 0
      vertex 88.0333 -18.7121 0
      vertex 88.892 -14.0791 0
    endloop
  endfacet
  facet normal -0 0 1
    outer loop
      vertex 87.8377 -18.6705 0
      vertex 88.0333 -18.7121 0
      vertex 88.6944 -14.0478 0
    endloop
  endfacet
  facet normal 0 0 1
    outer loop
      vertex 87.8377 -18.6705 0
      vertex 86.9333 -23.2937 0
      vertex 88.0333 -18.7121 0
    endloop
  endfacet
  facet normal -0 0 1
    outer loop
      vertex 86.7401 -23.242 0
      vertex 86.9333 -23.2937 0
      vertex 87.8377 -18.6705 0
    endloop
  endfacet
  facet normal 0 0 1
    outer loop
      vertex 86.7401 -23.242 0
      vertex 85.5951 -27.8115 0
      vertex 86.9333 -23.2937 0
    endloop
  endfacet
  facet normal -0 0 1
    outer loop
      vertex 85.4049 -27.7497 0
      vertex 85.5951 -27.8115 0
      vertex 86.7401 -23.242 0
    endloop
  endfacet
  facet normal 0 0 1
    outer loop
      vertex 85.4049 -27.7497 0
      vertex 84.0222 -32.2531 0
      vertex 85.5951 -27.8115 0
    endloop
  endfacet
  facet normal -0 0 1
    outer loop
      vertex 83.8355 -32.1814 0
      vertex 84.0222 -32.2531 0
      vertex 85.4049 -27.7497 0
    endloop
  endfacet
  facet normal 0 0 1
    outer loop
      vertex 83.8355 -32.1814 0
      vertex 82.2191 -36.6063 0
      vertex 84.0222 -32.2531 0
    endloop
  endfacet
  facet normal -0 0 1
    outer loop
      vertex 82.0364 -36.5249 0
      vertex 82.2191 -36.6063 0
      vertex 83.8355 -32.1814 0
    endloop
  endfacet
  facet normal 0 0 1
    outer loop
      vertex 82.0364 -36.5249 0
      vertex 80.1906 -40.8591 0
      vertex 82.2191 -36.6063 0
    endloop
  endfacet
  facet normal -0 0 1
    outer loop
      vertex 80.0124 -40.7683 0
      vertex 80.1906 -40.8591 0
      vertex 82.0364 -36.5249 0
    endloop
  endfacet
  facet normal 0 0 1
    outer loop
      vertex 80.0124 -40.7683 0
      vertex 77.9423 -45 0
      vertex 80.1906 -40.8591 0
    endloop
  endfacet
  facet normal -0 0 1
    outer loop
      vertex 77.7691 -44.9 0
      vertex 77.9423 -45 0
      vertex 80.0124 -40.7683 0
    endloop
  endfacet
  facet normal 0 0 1
    outer loop
      vertex 77.7691 -44.9 0
      vertex 75.4803 -49.0175 0
      vertex 77.9423 -45 0
    endloop
  endfacet
  facet normal -0 0 1
    outer loop
      vertex 75.3126 -48.9086 0
      vertex 75.4803 -49.0175 0
      vertex 77.7691 -44.9 0
    endloop
  endfacet
  facet normal 0 0 1
    outer loop
      vertex 75.3126 -48.9086 0
      vertex 72.8115 -52.9007 0
      vertex 75.4803 -49.0175 0
    endloop
  endfacet
  facet normal -0 0 1
    outer loop
      vertex 72.6497 -52.7831 0
      vertex 72.8115 -52.9007 0
      vertex 75.3126 -48.9086 0
    endloop
  endfacet
  facet normal 0 0 1
    outer loop
      vertex 72.6497 -52.7831 0
      vertex 69.9431 -56.6388 0
      vertex 72.8115 -52.9007 0
    endloop
  endfacet
  facet normal -0 0 1
    outer loop
      vertex 69.7877 -56.513 0
      vertex 69.9431 -56.6388 0
      vertex 72.6497 -52.7831 0
    endloop
  endfacet
  facet normal 0 0 1
    outer loop
      vertex 69.7877 -56.513 0
      vertex 66.883 -60.2218 0
      vertex 69.9431 -56.6388 0
    endloop
  endfacet
  facet normal -0 0 1
    outer loop
      vertex 66.7344 -60.0879 0
      vertex 66.883 -60.2218 0
      vertex 69.7877 -56.513 0
    endloop
  endfacet
  facet normal 0 0 1
    outer loop
      vertex 66.7344 -60.0879 0
      vertex 63.6396 -63.6396 0
      vertex 66.883 -60.2218 0
    endloop
  endfacet
  facet normal -0 0 1
    outer loop
      vertex 63.4982 -63.4982 0
      vertex 63.6396 -63.6396 0
      vertex 66.7344 -60.0879 0
    endloop
  endfacet
  facet normal 0 0 1
    outer loop
      vertex 63.4982 -63.4982 0
      vertex 60.2218 -66.883 0
      vertex 63.6396 -63.6396 0
    endloop
  endfacet
  facet normal -0 0 1
    outer loop
      vertex 60.0879 -66.7344 0
      vertex 60.2218 -66.883 0
      vertex 63.4982 -63.4982 0
    endloop
  endfacet
  facet normal 0 0 1
    outer loop
      vertex 60.0879 -66.7344 0
      vertex 56.6388 -69.9431 0
      vertex 60.2218 -66.883 0
    endloop
  endfacet
  facet normal -0 0 1
    outer loop
      vertex 56.513 -69.7877 0
      vertex 56.6388 -69.9431 0
      vertex 60.0879 -66.7344 0
    endloop
  endfacet
  facet normal 0 0 1
    outer loop
      vertex 56.513 -69.7877 0
      vertex 52.9007 -72.8115 0
      vertex 56.6388 -69.9431 0
    endloop
  endfacet
  facet normal -0 0 1
    outer loop
      vertex 52.7831 -72.6497 0
      vertex 52.9007 -72.8115 0
      vertex 56.513 -69.7877 0
    endloop
  endfacet
  facet normal 0 0 1
    outer loop
      vertex 52.7831 -72.6497 0
      vertex 49.0175 -75.4803 0
      vertex 52.9007 -72.8115 0
    endloop
  endfacet
  facet normal -0 0 1
    outer loop
      vertex 48.9086 -75.3126 0
      vertex 49.0175 -75.4803 0
      vertex 52.7831 -72.6497 0
    endloop
  endfacet
  facet normal 0 0 1
    outer loop
      vertex 48.9086 -75.3126 0
      vertex 45 -77.9423 0
      vertex 49.0175 -75.4803 0
    endloop
  endfacet
  facet normal -0 0 1
    outer loop
      vertex 44.9 -77.7691 0
      vertex 45 -77.9423 0
      vertex 48.9086 -75.3126 0
    endloop
  endfacet
  facet normal 0 0 1
    outer loop
      vertex 44.9 -77.7691 0
      vertex 40.8591 -80.1906 0
      vertex 45 -77.9423 0
    endloop
  endfacet
  facet normal -0 0 1
    outer loop
      vertex 40.7683 -80.0124 0
      vertex 40.8591 -80.1906 0
      vertex 44.9 -77.7691 0
    endloop
  endfacet
  facet normal 0 0 1
    outer loop
      vertex 40.7683 -80.0124 0
      vertex 36.6063 -82.2191 0
      vertex 40.8591 -80.1906 0
    endloop
  endfacet
  facet normal -0 0 1
    outer loop
      vertex 36.5249 -82.0364 0
      vertex 36.6063 -82.2191 0
      vertex 40.7683 -80.0124 0
    endloop
  endfacet
  facet normal 0 0 1
    outer loop
      vertex 36.5249 -82.0364 0
      vertex 32.2531 -84.0222 0
      vertex 36.6063 -82.2191 0
    endloop
  endfacet
  facet normal -0 0 1
    outer loop
      vertex 32.1814 -83.8355 0
      vertex 32.2531 -84.0222 0
      vertex 36.5249 -82.0364 0
    endloop
  endfacet
  facet normal 0 0 1
    outer loop
      vertex 32.1814 -83.8355 0
      vertex 27.8115 -85.5951 0
      vertex 32.2531 -84.0222 0
    endloop
  endfacet
  facet normal -0 0 1
    outer loop
      vertex 27.7497 -85.4049 0
      vertex 27.8115 -85.5951 0
      vertex 32.1814 -83.8355 0
    endloop
  endfacet
  facet normal 0 0 1
    outer loop
      vertex 27.7497 -85.4049 0
      vertex 23.2937 -86.9333 0
      vertex 27.8115 -85.5951 0
    endloop
  endfacet
  facet normal -0 0 1
    outer loop
      vertex 23.242 -86.7401 0
      vertex 23.2937 -86.9333 0
      vertex 27.7497 -85.4049 0
    endloop
  endfacet
  facet normal 0 0 1
    outer loop
      vertex 23.242 -86.7401 0
      vertex 18.7121 -88.0333 0
      vertex 23.2937 -86.9333 0
    endloop
  endfacet
  facet normal -0 0 1
    outer loop
      vertex 18.6705 -87.8377 0
      vertex 18.7121 -88.0333 0
      vertex 23.242 -86.7401 0
    endloop
  endfacet
  facet normal 0 0 1
    outer loop
      vertex 18.6705 -87.8377 0
      vertex 14.0791 -88.892 0
      vertex 18.7121 -88.0333 0
    endloop
  endfacet
  facet normal -0 0 1
    outer loop
      vertex 14.0478 -88.6944 0
      vertex 14.0791 -88.892 0
      vertex 18.6705 -87.8377 0
    endloop
  endfacet
  facet normal 0 0 1
    outer loop
      vertex 14.0478 -88.6944 0
      vertex 9.40756 -89.507 0
      vertex 14.0791 -88.892 0
    endloop
  endfacet
  facet normal -0 0 1
    outer loop
      vertex 9.38666 -89.3081 0
      vertex 9.40756 -89.507 0
      vertex 14.0478 -88.6944 0
    endloop
  endfacet
  facet normal 0 0 1
    outer loop
      vertex 9.38666 -89.3081 0
      vertex 4.71024 -89.8767 0
      vertex 9.40756 -89.507 0
    endloop
  endfacet
  facet normal -0 0 1
    outer loop
      vertex 4.69977 -89.6769 0
      vertex 4.71024 -89.8767 0
      vertex 9.38666 -89.3081 0
    endloop
  endfacet
  facet normal -0 0 1
    outer loop
      vertex 0 -89.8 0
      vertex 4.71024 -89.8767 0
      vertex 4.69977 -89.6769 0
    endloop
  endfacet
  facet normal 0 0 1
    outer loop
      vertex 0 -89.8 0
      vertex 0 -90 0
      vertex 4.71024 -89.8767 0
    endloop
  endfacet
  facet normal 0 0 1
    outer loop
      vertex -4.69977 -89.6769 0
      vertex 0 -90 0
      vertex 0 -89.8 0
    endloop
  endfacet
  facet normal 0 0 1
    outer loop
      vertex -4.69977 -89.6769 0
      vertex -4.71024 -89.8767 0
      vertex 0 -90 0
    endloop
  endfacet
  facet normal 0 0 1
    outer loop
      vertex -9.38666 -89.3081 0
      vertex -4.71024 -89.8767 0
      vertex -4.69977 -89.6769 0
    endloop
  endfacet
  facet normal 0 0 1
    outer loop
      vertex -9.38666 -89.3081 0
      vertex -9.40756 -89.507 0
      vertex -4.71024 -89.8767 0
    endloop
  endfacet
  facet normal 0 0 1
    outer loop
      vertex -14.0478 -88.6944 0
      vertex -9.40756 -89.507 0
      vertex -9.38666 -89.3081 0
    endloop
  endfacet
  facet normal 0 0 1
    outer loop
      vertex -14.0478 -88.6944 0
      vertex -14.0791 -88.892 0
      vertex -9.40756 -89.507 0
    endloop
  endfacet
  facet normal 0 0 1
    outer loop
      vertex -18.6705 -87.8377 0
      vertex -14.0791 -88.892 0
      vertex -14.0478 -88.6944 0
    endloop
  endfacet
  facet normal 0 0 1
    outer loop
      vertex -18.6705 -87.8377 0
      vertex -18.7121 -88.0333 0
      vertex -14.0791 -88.892 0
    endloop
  endfacet
  facet normal 0 0 1
    outer loop
      vertex -23.242 -86.7401 0
      vertex -18.7121 -88.0333 0
      vertex -18.6705 -87.8377 0
    endloop
  endfacet
  facet normal 0 0 1
    outer loop
      vertex -23.242 -86.7401 0
      vertex -23.2937 -86.9333 0
      vertex -18.7121 -88.0333 0
    endloop
  endfacet
  facet normal 0 0 1
    outer loop
      vertex -27.7497 -85.4049 0
      vertex -23.2937 -86.9333 0
      vertex -23.242 -86.7401 0
    endloop
  endfacet
  facet normal 0 0 1
    outer loop
      vertex -27.7497 -85.4049 0
      vertex -27.8115 -85.5951 0
      vertex -23.2937 -86.9333 0
    endloop
  endfacet
  facet normal 0 0 1
    outer loop
      vertex -32.1814 -83.8355 0
      vertex -27.8115 -85.5951 0
      vertex -27.7497 -85.4049 0
    endloop
  endfacet
  facet normal 0 0 1
    outer loop
      vertex -32.1814 -83.8355 0
      vertex -32.2531 -84.0222 0
      vertex -27.8115 -85.5951 0
    endloop
  endfacet
  facet normal 0 0 1
    outer loop
      vertex -36.5249 -82.0364 0
      vertex -32.2531 -84.0222 0
      vertex -32.1814 -83.8355 0
    endloop
  endfacet
  facet normal 0 0 1
    outer loop
      vertex -36.5249 -82.0364 0
      vertex -36.6063 -82.2191 0
      vertex -32.2531 -84.0222 0
    endloop
  endfacet
  facet normal 0 0 1
    outer loop
      vertex -40.7683 -80.0124 0
      vertex -36.6063 -82.2191 0
      vertex -36.5249 -82.0364 0
    endloop
  endfacet
  facet normal 0 0 1
    outer loop
      vertex -40.7683 -80.0124 0
      vertex -40.8591 -80.1906 0
      vertex -36.6063 -82.2191 0
    endloop
  endfacet
  facet normal 0 0 1
    outer loop
      vertex -44.9 -77.7691 0
      vertex -40.8591 -80.1906 0
      vertex -40.7683 -80.0124 0
    endloop
  endfacet
  facet normal 0 0 1
    outer loop
      vertex -44.9 -77.7691 0
      vertex -45 -77.9423 0
      vertex -40.8591 -80.1906 0
    endloop
  endfacet
  facet normal 0 0 1
    outer loop
      vertex -48.9086 -75.3126 0
      vertex -45 -77.9423 0
      vertex -44.9 -77.7691 0
    endloop
  endfacet
  facet normal 0 0 1
    outer loop
      vertex -48.9086 -75.3126 0
      vertex -49.0175 -75.4803 0
      vertex -45 -77.9423 0
    endloop
  endfacet
  facet normal 0 0 1
    outer loop
      vertex -52.7831 -72.6497 0
      vertex -49.0175 -75.4803 0
      vertex -48.9086 -75.3126 0
    endloop
  endfacet
  facet normal 0 0 1
    outer loop
      vertex -52.7831 -72.6497 0
      vertex -52.9007 -72.8115 0
      vertex -49.0175 -75.4803 0
    endloop
  endfacet
  facet normal 0 0 1
    outer loop
      vertex -56.513 -69.7877 0
      vertex -52.9007 -72.8115 0
      vertex -52.7831 -72.6497 0
    endloop
  endfacet
  facet normal 0 0 1
    outer loop
      vertex -56.513 -69.7877 0
      vertex -56.6388 -69.9431 0
      vertex -52.9007 -72.8115 0
    endloop
  endfacet
  facet normal 0 0 1
    outer loop
      vertex -60.0879 -66.7344 0
      vertex -56.6388 -69.9431 0
      vertex -56.513 -69.7877 0
    endloop
  endfacet
  facet normal 0 0 1
    outer loop
      vertex -60.0879 -66.7344 0
      vertex -60.2218 -66.883 0
      vertex -56.6388 -69.9431 0
    endloop
  endfacet
  facet normal 0 0 1
    outer loop
      vertex -63.4982 -63.4982 0
      vertex -60.2218 -66.883 0
      vertex -60.0879 -66.7344 0
    endloop
  endfacet
  facet normal 0 0 1
    outer loop
      vertex -63.4982 -63.4982 0
      vertex -63.6396 -63.6396 0
      vertex -60.2218 -66.883 0
    endloop
  endfacet
  facet normal 0 0 1
    outer loop
      vertex -66.7344 -60.0879 0
      vertex -63.6396 -63.6396 0
      vertex -63.4982 -63.4982 0
    endloop
  endfacet
  facet normal 0 0 1
    outer loop
      vertex -66.7344 -60.0879 0
      vertex -66.883 -60.2218 0
      vertex -63.6396 -63.6396 0
    endloop
  endfacet
  facet normal 0 0 1
    outer loop
      vertex -69.7877 -56.513 0
      vertex -66.883 -60.2218 0
      vertex -66.7344 -60.0879 0
    endloop
  endfacet
  facet normal 0 0 1
    outer loop
      vertex -69.7877 -56.513 0
      vertex -69.9431 -56.6388 0
      vertex -66.883 -60.2218 0
    endloop
  endfacet
  facet normal 0 0 1
    outer loop
      vertex -72.6497 -52.7831 0
      vertex -69.9431 -56.6388 0
      vertex -69.7877 -56.513 0
    endloop
  endfacet
  facet normal 0 0 1
    outer loop
      vertex -72.6497 -52.7831 0
      vertex -72.8115 -52.9007 0
      vertex -69.9431 -56.6388 0
    endloop
  endfacet
  facet normal 0 0 1
    outer loop
      vertex -75.3126 -48.9086 0
      vertex -72.8115 -52.9007 0
      vertex -72.6497 -52.7831 0
    endloop
  endfacet
  facet normal 0 0 1
    outer loop
      vertex -75.3126 -48.9086 0
      vertex -75.4803 -49.0175 0
      vertex -72.8115 -52.9007 0
    endloop
  endfacet
  facet normal 0 0 1
    outer loop
      vertex -77.7691 -44.9 0
      vertex -75.4803 -49.0175 0
      vertex -75.3126 -48.9086 0
    endloop
  endfacet
  facet normal 0 0 1
    outer loop
      vertex -77.7691 -44.9 0
      vertex -77.9423 -45 0
      vertex -75.4803 -49.0175 0
    endloop
  endfacet
  facet normal 0 0 1
    outer loop
      vertex -80.0124 -40.7683 0
      vertex -77.9423 -45 0
      vertex -77.7691 -44.9 0
    endloop
  endfacet
  facet normal 0 0 1
    outer loop
      vertex -80.0124 -40.7683 0
      vertex -80.1906 -40.8591 0
      vertex -77.9423 -45 0
    endloop
  endfacet
  facet normal 0 0 1
    outer loop
      vertex -82.0364 -36.5249 0
      vertex -80.1906 -40.8591 0
      vertex -80.0124 -40.7683 0
    endloop
  endfacet
  facet normal 0 0 1
    outer loop
      vertex -82.0364 -36.5249 0
      vertex -82.2191 -36.6063 0
      vertex -80.1906 -40.8591 0
    endloop
  endfacet
  facet normal 0 0 1
    outer loop
      vertex -83.8355 -32.1814 0
      vertex -82.2191 -36.6063 0
      vertex -82.0364 -36.5249 0
    endloop
  endfacet
  facet normal 0 0 1
    outer loop
      vertex -83.8355 -32.1814 0
      vertex -84.0222 -32.2531 0
      vertex -82.2191 -36.6063 0
    endloop
  endfacet
  facet normal 0 0 1
    outer loop
      vertex -85.4049 -27.7497 0
      vertex -84.0222 -32.2531 0
      vertex -83.8355 -32.1814 0
    endloop
  endfacet
  facet normal 0 0 1
    outer loop
      vertex -85.4049 -27.7497 0
      vertex -85.5951 -27.8115 0
      vertex -84.0222 -32.2531 0
    endloop
  endfacet
  facet normal 0 0 1
    outer loop
      vertex -86.7401 -23.242 0
      vertex -85.5951 -27.8115 0
      vertex -85.4049 -27.7497 0
    endloop
  endfacet
  facet normal 0 0 1
    outer loop
      vertex -86.7401 -23.242 0
      vertex -86.9333 -23.2937 0
      vertex -85.5951 -27.8115 0
    endloop
  endfacet
  facet normal 0 0 1
    outer loop
      vertex -87.8377 -18.6705 0
      vertex -86.9333 -23.2937 0
      vertex -86.7401 -23.242 0
    endloop
  endfacet
  facet normal 0 0 1
    outer loop
      vertex -87.8377 -18.6705 0
      vertex -88.0333 -18.7121 0
      vertex -86.9333 -23.2937 0
    endloop
  endfacet
  facet normal 0 0 1
    outer loop
      vertex -88.6944 -14.0478 0
      vertex -88.0333 -18.7121 0
      vertex -87.8377 -18.6705 0
    endloop
  endfacet
  facet normal 0 0 1
    outer loop
      vertex -88.6944 -14.0478 0
      vertex -88.892 -14.0791 0
      vertex -88.0333 -18.7121 0
    endloop
  endfacet
  facet normal 0 0 1
    outer loop
      vertex -89.3081 -9.38666 0
      vertex -88.892 -14.0791 0
      vertex -88.6944 -14.0478 0
    endloop
  endfacet
  facet normal 0 0 1
    outer loop
      vertex -89.3081 -9.38666 0
      vertex -89.507 -9.40756 0
      vertex -88.892 -14.0791 0
    endloop
  endfacet
  facet normal 0 0 1
    outer loop
      vertex -89.6769 -4.69977 0
      vertex -89.507 -9.40756 0
      vertex -89.3081 -9.38666 0
    endloop
  endfacet
  facet normal 0 0 1
    outer loop
      vertex -89.6769 -4.69977 0
      vertex -89.8767 -4.71024 0
      vertex -89.507 -9.40756 0
    endloop
  endfacet
  facet normal 0 0 1
    outer loop
      vertex -89.8 0 0
      vertex -89.8767 -4.71024 0
      vertex -89.6769 -4.69977 0
    endloop
  endfacet
  facet normal 0 0 1
    outer loop
      vertex -90 0 0
      vertex -89.8 0 0
      vertex -89.8767 4.71024 0
    endloop
  endfacet
  facet normal 0 0 1
    outer loop
      vertex -89.8 0 0
      vertex -90 0 0
      vertex -89.8767 -4.71024 0
    endloop
  endfacet
  facet normal -0.477168 -0.878812 0
    outer loop
      vertex -50 -86.6025 0
      vertex -45.399 -89.1007 800
      vertex -50 -86.6025 800
    endloop
  endfacet
  facet normal -0.477168 -0.878812 -0
    outer loop
      vertex -45.399 -89.1007 800
      vertex -50 -86.6025 0
      vertex -45.399 -89.1007 0
    endloop
  endfacet
  facet normal -0.522487 -0.852647 0
    outer loop
      vertex -54.4639 -83.8671 0
      vertex -50 -86.6025 800
      vertex -54.4639 -83.8671 800
    endloop
  endfacet
  facet normal -0.522487 -0.852647 -0
    outer loop
      vertex -50 -86.6025 800
      vertex -54.4639 -83.8671 0
      vertex -50 -86.6025 0
    endloop
  endfacet
  facet normal 0.878812 0.477168 0
    outer loop
      vertex 89.1007 45.399 800
      vertex 86.6025 50 0
      vertex 86.6025 50 800
    endloop
  endfacet
  facet normal 0.878812 0.477168 0
    outer loop
      vertex 86.6025 50 0
      vertex 89.1007 45.399 800
      vertex 89.1007 45.399 0
    endloop
  endfacet
  facet normal 0.972369 0.233451 0
    outer loop
      vertex 97.8148 20.7912 800
      vertex 96.5926 25.8819 0
      vertex 96.5926 25.8819 800
    endloop
  endfacet
  facet normal 0.972369 0.233451 0
    outer loop
      vertex 96.5926 25.8819 0
      vertex 97.8148 20.7912 800
      vertex 97.8148 20.7912 0
    endloop
  endfacet
  facet normal -0.991444 0.130535 0
    outer loop
      vertex -99.4522 10.4528 0
      vertex -98.7688 15.6434 800
      vertex -98.7688 15.6434 0
    endloop
  endfacet
  facet normal -0.991444 0.130535 0
    outer loop
      vertex -98.7688 15.6434 800
      vertex -99.4522 10.4528 0
      vertex -99.4522 10.4528 800
    endloop
  endfacet
  facet normal 0.430503 -0.902589 0
    outer loop
      vertex 40.6737 -91.3545 0
      vertex 45.399 -89.1007 800
      vertex 40.6737 -91.3545 800
    endloop
  endfacet
  facet normal 0.430503 -0.902589 0
    outer loop
      vertex 45.399 -89.1007 800
      vertex 40.6737 -91.3545 0
      vertex 45.399 -89.1007 0
    endloop
  endfacet
  facet normal -0.130535 -0.991444 0
    outer loop
      vertex -15.6434 -98.7688 0
      vertex -10.4528 -99.4522 800
      vertex -15.6434 -98.7688 800
    endloop
  endfacet
  facet normal -0.130535 -0.991444 -0
    outer loop
      vertex -10.4528 -99.4522 800
      vertex -15.6434 -98.7688 0
      vertex -10.4528 -99.4522 0
    endloop
  endfacet
  facet normal -0.902589 0.430503 0
    outer loop
      vertex -91.3545 40.6737 0
      vertex -89.1007 45.399 800
      vertex -89.1007 45.399 0
    endloop
  endfacet
  facet normal -0.902589 0.430503 0
    outer loop
      vertex -89.1007 45.399 800
      vertex -91.3545 40.6737 0
      vertex -91.3545 40.6737 800
    endloop
  endfacet
  facet normal -0.999658 -0.0261681 0
    outer loop
      vertex -99.863 -5.23359 0
      vertex -100 0 800
      vertex -100 0 0
    endloop
  endfacet
  facet normal -0.999658 -0.0261681 0
    outer loop
      vertex -100 0 800
      vertex -99.863 -5.23359 0
      vertex -99.863 -5.23359 800
    endloop
  endfacet
  facet normal -0.878812 0.477168 0
    outer loop
      vertex -89.1007 45.399 0
      vertex -86.6025 50 800
      vertex -86.6025 50 0
    endloop
  endfacet
  facet normal -0.878812 0.477168 0
    outer loop
      vertex -86.6025 50 800
      vertex -89.1007 45.399 0
      vertex -89.1007 45.399 800
    endloop
  endfacet
  facet normal -0.92388 -0.382682 0
    outer loop
      vertex -91.3545 -40.6737 0
      vertex -93.358 -35.8368 800
      vertex -93.358 -35.8368 0
    endloop
  endfacet
  facet normal -0.92388 -0.382682 0
    outer loop
      vertex -93.358 -35.8368 800
      vertex -91.3545 -40.6737 0
      vertex -91.3545 -40.6737 800
    endloop
  endfacet
  facet normal 0.793353 0.608762 0
    outer loop
      vertex 80.9017 58.7785 800
      vertex 77.7146 62.932 0
      vertex 77.7146 62.932 800
    endloop
  endfacet
  facet normal 0.793353 0.608762 0
    outer loop
      vertex 77.7146 62.932 0
      vertex 80.9017 58.7785 800
      vertex 80.9017 58.7785 0
    endloop
  endfacet
  facet normal -0.983258 -0.182219 0
    outer loop
      vertex -97.8148 -20.7912 0
      vertex -98.7688 -15.6434 800
      vertex -98.7688 -15.6434 0
    endloop
  endfacet
  facet normal -0.983258 -0.182219 0
    outer loop
      vertex -98.7688 -15.6434 800
      vertex -97.8148 -20.7912 0
      vertex -97.8148 -20.7912 800
    endloop
  endfacet
  facet normal 0.566414 0.824121 -0
    outer loop
      vertex 58.7785 80.9017 0
      vertex 54.4639 83.8671 800
      vertex 58.7785 80.9017 800
    endloop
  endfacet
  facet normal 0.566414 0.824121 0
    outer loop
      vertex 54.4639 83.8671 800
      vertex 58.7785 80.9017 0
      vertex 54.4639 83.8671 0
    endloop
  endfacet
  facet normal -0.233451 0.972369 0
    outer loop
      vertex -20.7912 97.8148 0
      vertex -25.8819 96.5926 800
      vertex -20.7912 97.8148 800
    endloop
  endfacet
  facet normal -0.233451 0.972369 0
    outer loop
      vertex -25.8819 96.5926 800
      vertex -20.7912 97.8148 0
      vertex -25.8819 96.5926 0
    endloop
  endfacet
  facet normal 0.649439 0.760414 -0
    outer loop
      vertex 66.9131 74.3145 0
      vertex 62.932 77.7146 800
      vertex 66.9131 74.3145 800
    endloop
  endfacet
  facet normal 0.649439 0.760414 0
    outer loop
      vertex 62.932 77.7146 800
      vertex 66.9131 74.3145 0
      vertex 62.932 77.7146 0
    endloop
  endfacet
  facet normal 0.958821 0.28401 0
    outer loop
      vertex 96.5926 25.8819 800
      vertex 95.1057 30.9017 0
      vertex 95.1057 30.9017 800
    endloop
  endfacet
  facet normal 0.958821 0.28401 0
    outer loop
      vertex 95.1057 30.9017 0
      vertex 96.5926 25.8819 800
      vertex 96.5926 25.8819 0
    endloop
  endfacet
  facet normal -0.725373 0.688356 0
    outer loop
      vertex -74.3145 66.9131 0
      vertex -70.7107 70.7107 800
      vertex -70.7107 70.7107 0
    endloop
  endfacet
  facet normal -0.725373 0.688356 0
    outer loop
      vertex -70.7107 70.7107 800
      vertex -74.3145 66.9131 0
      vertex -74.3145 66.9131 800
    endloop
  endfacet
  facet normal 0.522487 0.852647 -0
    outer loop
      vertex 54.4639 83.8671 0
      vertex 50 86.6025 800
      vertex 54.4639 83.8671 800
    endloop
  endfacet
  facet normal 0.522487 0.852647 0
    outer loop
      vertex 50 86.6025 800
      vertex 54.4639 83.8671 0
      vertex 50 86.6025 0
    endloop
  endfacet
  facet normal -0.566414 0.824121 0
    outer loop
      vertex -54.4639 83.8671 0
      vertex -58.7785 80.9017 800
      vertex -54.4639 83.8671 800
    endloop
  endfacet
  facet normal -0.566414 0.824121 0
    outer loop
      vertex -58.7785 80.9017 800
      vertex -54.4639 83.8671 0
      vertex -58.7785 80.9017 0
    endloop
  endfacet
  facet normal -0.522487 0.852647 0
    outer loop
      vertex -50 86.6025 0
      vertex -54.4639 83.8671 800
      vertex -50 86.6025 800
    endloop
  endfacet
  facet normal -0.522487 0.852647 0
    outer loop
      vertex -54.4639 83.8671 800
      vertex -50 86.6025 0
      vertex -54.4639 83.8671 0
    endloop
  endfacet
  facet normal 0.477168 -0.878812 0
    outer loop
      vertex 45.399 -89.1007 0
      vertex 50 -86.6025 800
      vertex 45.399 -89.1007 800
    endloop
  endfacet
  facet normal 0.477168 -0.878812 0
    outer loop
      vertex 50 -86.6025 800
      vertex 45.399 -89.1007 0
      vertex 50 -86.6025 0
    endloop
  endfacet
  facet normal 0.852647 0.522487 0
    outer loop
      vertex 86.6025 50 800
      vertex 83.8671 54.4639 0
      vertex 83.8671 54.4639 800
    endloop
  endfacet
  facet normal 0.852647 0.522487 0
    outer loop
      vertex 83.8671 54.4639 0
      vertex 86.6025 50 800
      vertex 86.6025 50 0
    endloop
  endfacet
  facet normal -0.649439 0.760414 0
    outer loop
      vertex -62.932 77.7146 0
      vertex -66.9131 74.3145 800
      vertex -62.932 77.7146 800
    endloop
  endfacet
  facet normal -0.649439 0.760414 0
    outer loop
      vertex -66.9131 74.3145 800
      vertex -62.932 77.7146 0
      vertex -66.9131 74.3145 0
    endloop
  endfacet
  facet normal -0.725373 -0.688356 0
    outer loop
      vertex -70.7107 -70.7107 0
      vertex -74.3145 -66.9131 800
      vertex -74.3145 -66.9131 0
    endloop
  endfacet
  facet normal -0.725373 -0.688356 0
    outer loop
      vertex -74.3145 -66.9131 800
      vertex -70.7107 -70.7107 0
      vertex -70.7107 -70.7107 800
    endloop
  endfacet
  facet normal 0.566414 -0.824121 0
    outer loop
      vertex 54.4639 -83.8671 0
      vertex 58.7785 -80.9017 800
      vertex 54.4639 -83.8671 800
    endloop
  endfacet
  facet normal 0.566414 -0.824121 0
    outer loop
      vertex 58.7785 -80.9017 800
      vertex 54.4639 -83.8671 0
      vertex 58.7785 -80.9017 0
    endloop
  endfacet
  facet normal 0.996917 -0.0784665 0
    outer loop
      vertex 99.4522 -10.4528 800
      vertex 99.863 -5.23359 0
      vertex 99.863 -5.23359 800
    endloop
  endfacet
  facet normal 0.996917 -0.0784665 0
    outer loop
      vertex 99.863 -5.23359 0
      vertex 99.4522 -10.4528 800
      vertex 99.4522 -10.4528 0
    endloop
  endfacet
  facet normal 0.130535 0.991444 -0
    outer loop
      vertex 15.6434 98.7688 0
      vertex 10.4528 99.4522 800
      vertex 15.6434 98.7688 800
    endloop
  endfacet
  facet normal 0.130535 0.991444 0
    outer loop
      vertex 10.4528 99.4522 800
      vertex 15.6434 98.7688 0
      vertex 10.4528 99.4522 0
    endloop
  endfacet
  facet normal -0.608762 0.793353 0
    outer loop
      vertex -58.7785 80.9017 0
      vertex -62.932 77.7146 800
      vertex -58.7785 80.9017 800
    endloop
  endfacet
  facet normal -0.608762 0.793353 0
    outer loop
      vertex -62.932 77.7146 800
      vertex -58.7785 80.9017 0
      vertex -62.932 77.7146 0
    endloop
  endfacet
  facet normal -0.382682 0.92388 0
    outer loop
      vertex -35.8368 93.358 0
      vertex -40.6737 91.3545 800
      vertex -35.8368 93.358 800
    endloop
  endfacet
  facet normal -0.382682 0.92388 0
    outer loop
      vertex -40.6737 91.3545 800
      vertex -35.8368 93.358 0
      vertex -40.6737 91.3545 0
    endloop
  endfacet
  facet normal 0.878812 -0.477168 0
    outer loop
      vertex 86.6025 -50 800
      vertex 89.1007 -45.399 0
      vertex 89.1007 -45.399 800
    endloop
  endfacet
  facet normal 0.878812 -0.477168 0
    outer loop
      vertex 89.1007 -45.399 0
      vertex 86.6025 -50 800
      vertex 86.6025 -50 0
    endloop
  endfacet
  facet normal 0.760414 -0.649439 0
    outer loop
      vertex 74.3145 -66.9131 800
      vertex 77.7146 -62.932 0
      vertex 77.7146 -62.932 800
    endloop
  endfacet
  facet normal 0.760414 -0.649439 0
    outer loop
      vertex 77.7146 -62.932 0
      vertex 74.3145 -66.9131 800
      vertex 74.3145 -66.9131 0
    endloop
  endfacet
  facet normal 0.760414 0.649439 0
    outer loop
      vertex 77.7146 62.932 800
      vertex 74.3145 66.9131 0
      vertex 74.3145 66.9131 800
    endloop
  endfacet
  facet normal 0.760414 0.649439 0
    outer loop
      vertex 74.3145 66.9131 0
      vertex 77.7146 62.932 800
      vertex 77.7146 62.932 0
    endloop
  endfacet
  facet normal 0.942636 -0.333822 0
    outer loop
      vertex 93.358 -35.8368 800
      vertex 95.1057 -30.9017 0
      vertex 95.1057 -30.9017 800
    endloop
  endfacet
  facet normal 0.942636 -0.333822 0
    outer loop
      vertex 95.1057 -30.9017 0
      vertex 93.358 -35.8368 800
      vertex 93.358 -35.8368 0
    endloop
  endfacet
  facet normal 0.28401 -0.958821 0
    outer loop
      vertex 25.8819 -96.5926 0
      vertex 30.9017 -95.1057 800
      vertex 25.8819 -96.5926 800
    endloop
  endfacet
  facet normal 0.28401 -0.958821 0
    outer loop
      vertex 30.9017 -95.1057 800
      vertex 25.8819 -96.5926 0
      vertex 30.9017 -95.1057 0
    endloop
  endfacet
  facet normal 0.725373 -0.688356 0
    outer loop
      vertex 70.7107 -70.7107 800
      vertex 74.3145 -66.9131 0
      vertex 74.3145 -66.9131 800
    endloop
  endfacet
  facet normal 0.725373 -0.688356 0
    outer loop
      vertex 74.3145 -66.9131 0
      vertex 70.7107 -70.7107 800
      vertex 70.7107 -70.7107 0
    endloop
  endfacet
  facet normal 0.958821 -0.28401 0
    outer loop
      vertex 95.1057 -30.9017 800
      vertex 96.5926 -25.8819 0
      vertex 96.5926 -25.8819 800
    endloop
  endfacet
  facet normal 0.958821 -0.28401 0
    outer loop
      vertex 96.5926 -25.8819 0
      vertex 95.1057 -30.9017 800
      vertex 95.1057 -30.9017 0
    endloop
  endfacet
  facet normal -0.996917 -0.0784665 0
    outer loop
      vertex -99.4522 -10.4528 0
      vertex -99.863 -5.23359 800
      vertex -99.863 -5.23359 0
    endloop
  endfacet
  facet normal -0.996917 -0.0784665 0
    outer loop
      vertex -99.863 -5.23359 800
      vertex -99.4522 -10.4528 0
      vertex -99.4522 -10.4528 800
    endloop
  endfacet
  facet normal -0.477168 0.878812 0
    outer loop
      vertex -45.399 89.1007 0
      vertex -50 86.6025 800
      vertex -45.399 89.1007 800
    endloop
  endfacet
  facet normal -0.477168 0.878812 0
    outer loop
      vertex -50 86.6025 800
      vertex -45.399 89.1007 0
      vertex -50 86.6025 0
    endloop
  endfacet
  facet normal 0.649439 -0.760414 0
    outer loop
      vertex 62.932 -77.7146 0
      vertex 66.9131 -74.3145 800
      vertex 62.932 -77.7146 800
    endloop
  endfacet
  facet normal 0.649439 -0.760414 0
    outer loop
      vertex 66.9131 -74.3145 800
      vertex 62.932 -77.7146 0
      vertex 66.9131 -74.3145 0
    endloop
  endfacet
  facet normal -0.991444 -0.130535 0
    outer loop
      vertex -98.7688 -15.6434 0
      vertex -99.4522 -10.4528 800
      vertex -99.4522 -10.4528 0
    endloop
  endfacet
  facet normal -0.991444 -0.130535 0
    outer loop
      vertex -99.4522 -10.4528 800
      vertex -98.7688 -15.6434 0
      vertex -98.7688 -15.6434 800
    endloop
  endfacet
  facet normal 0.824121 0.566414 0
    outer loop
      vertex 83.8671 54.4639 800
      vertex 80.9017 58.7785 0
      vertex 80.9017 58.7785 800
    endloop
  endfacet
  facet normal 0.824121 0.566414 0
    outer loop
      vertex 80.9017 58.7785 0
      vertex 83.8671 54.4639 800
      vertex 83.8671 54.4639 0
    endloop
  endfacet
  facet normal 0.477168 0.878812 -0
    outer loop
      vertex 50 86.6025 0
      vertex 45.399 89.1007 800
      vertex 50 86.6025 800
    endloop
  endfacet
  facet normal 0.477168 0.878812 0
    outer loop
      vertex 45.399 89.1007 800
      vertex 50 86.6025 0
      vertex 45.399 89.1007 0
    endloop
  endfacet
  facet normal -0.233451 -0.972369 0
    outer loop
      vertex -25.8819 -96.5926 0
      vertex -20.7912 -97.8148 800
      vertex -25.8819 -96.5926 800
    endloop
  endfacet
  facet normal -0.233451 -0.972369 -0
    outer loop
      vertex -20.7912 -97.8148 800
      vertex -25.8819 -96.5926 0
      vertex -20.7912 -97.8148 0
    endloop
  endfacet
  facet normal -0.28401 0.958821 0
    outer loop
      vertex -25.8819 96.5926 0
      vertex -30.9017 95.1057 800
      vertex -25.8819 96.5926 800
    endloop
  endfacet
  facet normal -0.28401 0.958821 0
    outer loop
      vertex -30.9017 95.1057 800
      vertex -25.8819 96.5926 0
      vertex -30.9017 95.1057 0
    endloop
  endfacet
  facet normal 0.522487 -0.852647 0
    outer loop
      vertex 50 -86.6025 0
      vertex 54.4639 -83.8671 800
      vertex 50 -86.6025 800
    endloop
  endfacet
  facet normal 0.522487 -0.852647 0
    outer loop
      vertex 54.4639 -83.8671 800
      vertex 50 -86.6025 0
      vertex 54.4639 -83.8671 0
    endloop
  endfacet
  facet normal 0.333822 0.942636 -0
    outer loop
      vertex 35.8368 93.358 0
      vertex 30.9017 95.1057 800
      vertex 35.8368 93.358 800
    endloop
  endfacet
  facet normal 0.333822 0.942636 0
    outer loop
      vertex 30.9017 95.1057 800
      vertex 35.8368 93.358 0
      vertex 30.9017 95.1057 0
    endloop
  endfacet
  facet normal -0.649439 -0.760414 0
    outer loop
      vertex -66.9131 -74.3145 0
      vertex -62.932 -77.7146 800
      vertex -66.9131 -74.3145 800
    endloop
  endfacet
  facet normal -0.649439 -0.760414 -0
    outer loop
      vertex -62.932 -77.7146 800
      vertex -66.9131 -74.3145 0
      vertex -62.932 -77.7146 0
    endloop
  endfacet
  facet normal -0.182219 0.983258 0
    outer loop
      vertex -15.6434 98.7688 0
      vertex -20.7912 97.8148 800
      vertex -15.6434 98.7688 800
    endloop
  endfacet
  facet normal -0.182219 0.983258 0
    outer loop
      vertex -20.7912 97.8148 800
      vertex -15.6434 98.7688 0
      vertex -20.7912 97.8148 0
    endloop
  endfacet
  facet normal -0.760414 0.649439 0
    outer loop
      vertex -77.7146 62.932 0
      vertex -74.3145 66.9131 800
      vertex -74.3145 66.9131 0
    endloop
  endfacet
  facet normal -0.760414 0.649439 0
    outer loop
      vertex -74.3145 66.9131 800
      vertex -77.7146 62.932 0
      vertex -77.7146 62.932 800
    endloop
  endfacet
  facet normal 0.0261681 0.999658 -0
    outer loop
      vertex 5.23359 99.863 0
      vertex 0 100 800
      vertex 5.23359 99.863 800
    endloop
  endfacet
  facet normal 0.0261681 0.999658 0
    outer loop
      vertex 0 100 800
      vertex 5.23359 99.863 0
      vertex 0 100 0
    endloop
  endfacet
  facet normal -0.824121 0.566414 0
    outer loop
      vertex -83.8671 54.4639 0
      vertex -80.9017 58.7785 800
      vertex -80.9017 58.7785 0
    endloop
  endfacet
  facet normal -0.824121 0.566414 0
    outer loop
      vertex -80.9017 58.7785 800
      vertex -83.8671 54.4639 0
      vertex -83.8671 54.4639 800
    endloop
  endfacet
  facet normal 0.972369 -0.233451 0
    outer loop
      vertex 96.5926 -25.8819 800
      vertex 97.8148 -20.7912 0
      vertex 97.8148 -20.7912 800
    endloop
  endfacet
  facet normal 0.972369 -0.233451 0
    outer loop
      vertex 97.8148 -20.7912 0
      vertex 96.5926 -25.8819 800
      vertex 96.5926 -25.8819 0
    endloop
  endfacet
  facet normal -0.0784665 0.996917 0
    outer loop
      vertex -5.23359 99.863 0
      vertex -10.4528 99.4522 800
      vertex -5.23359 99.863 800
    endloop
  endfacet
  facet normal -0.0784665 0.996917 0
    outer loop
      vertex -10.4528 99.4522 800
      vertex -5.23359 99.863 0
      vertex -10.4528 99.4522 0
    endloop
  endfacet
  facet normal -0.688356 -0.725373 0
    outer loop
      vertex -70.7107 -70.7107 0
      vertex -66.9131 -74.3145 800
      vertex -70.7107 -70.7107 800
    endloop
  endfacet
  facet normal -0.688356 -0.725373 -0
    outer loop
      vertex -66.9131 -74.3145 800
      vertex -70.7107 -70.7107 0
      vertex -66.9131 -74.3145 0
    endloop
  endfacet
  facet normal 0.902589 0.430503 0
    outer loop
      vertex 91.3545 40.6737 800
      vertex 89.1007 45.399 0
      vertex 89.1007 45.399 800
    endloop
  endfacet
  facet normal 0.902589 0.430503 0
    outer loop
      vertex 89.1007 45.399 0
      vertex 91.3545 40.6737 800
      vertex 91.3545 40.6737 0
    endloop
  endfacet
  facet normal 0.688356 -0.725373 0
    outer loop
      vertex 66.9131 -74.3145 0
      vertex 70.7107 -70.7107 800
      vertex 66.9131 -74.3145 800
    endloop
  endfacet
  facet normal 0.688356 -0.725373 0
    outer loop
      vertex 70.7107 -70.7107 800
      vertex 66.9131 -74.3145 0
      vertex 70.7107 -70.7107 0
    endloop
  endfacet
  facet normal 0.991444 0.130535 0
    outer loop
      vertex 99.4522 10.4528 800
      vertex 98.7688 15.6434 0
      vertex 98.7688 15.6434 800
    endloop
  endfacet
  facet normal 0.991444 0.130535 0
    outer loop
      vertex 98.7688 15.6434 0
      vertex 99.4522 10.4528 800
      vertex 99.4522 10.4528 0
    endloop
  endfacet
  facet normal 0.688356 0.725373 -0
    outer loop
      vertex 70.7107 70.7107 0
      vertex 66.9131 74.3145 800
      vertex 70.7107 70.7107 800
    endloop
  endfacet
  facet normal 0.688356 0.725373 0
    outer loop
      vertex 66.9131 74.3145 800
      vertex 70.7107 70.7107 0
      vertex 66.9131 74.3145 0
    endloop
  endfacet
  facet normal -0.382682 -0.92388 0
    outer loop
      vertex -40.6737 -91.3545 0
      vertex -35.8368 -93.358 800
      vertex -40.6737 -91.3545 800
    endloop
  endfacet
  facet normal -0.382682 -0.92388 -0
    outer loop
      vertex -35.8368 -93.358 800
      vertex -40.6737 -91.3545 0
      vertex -35.8368 -93.358 0
    endloop
  endfacet
  facet normal 0.608762 0.793353 -0
    outer loop
      vertex 62.932 77.7146 0
      vertex 58.7785 80.9017 800
      vertex 62.932 77.7146 800
    endloop
  endfacet
  facet normal 0.608762 0.793353 0
    outer loop
      vertex 58.7785 80.9017 800
      vertex 62.932 77.7146 0
      vertex 58.7785 80.9017 0
    endloop
  endfacet
  facet normal -0.333822 0.942636 0
    outer loop
      vertex -30.9017 95.1057 0
      vertex -35.8368 93.358 800
      vertex -30.9017 95.1057 800
    endloop
  endfacet
  facet normal -0.333822 0.942636 0
    outer loop
      vertex -35.8368 93.358 800
      vertex -30.9017 95.1057 0
      vertex -35.8368 93.358 0
    endloop
  endfacet
  facet normal -0.688356 0.725373 0
    outer loop
      vertex -66.9131 74.3145 0
      vertex -70.7107 70.7107 800
      vertex -66.9131 74.3145 800
    endloop
  endfacet
  facet normal -0.688356 0.725373 0
    outer loop
      vertex -70.7107 70.7107 800
      vertex -66.9131 74.3145 0
      vertex -70.7107 70.7107 0
    endloop
  endfacet
  facet normal 0.942636 0.333822 0
    outer loop
      vertex 95.1057 30.9017 800
      vertex 93.358 35.8368 0
      vertex 93.358 35.8368 800
    endloop
  endfacet
  facet normal 0.942636 0.333822 0
    outer loop
      vertex 93.358 35.8368 0
      vertex 95.1057 30.9017 800
      vertex 95.1057 30.9017 0
    endloop
  endfacet
  facet normal -0.760414 -0.649439 0
    outer loop
      vertex -74.3145 -66.9131 0
      vertex -77.7146 -62.932 800
      vertex -77.7146 -62.932 0
    endloop
  endfacet
  facet normal -0.760414 -0.649439 0
    outer loop
      vertex -77.7146 -62.932 800
      vertex -74.3145 -66.9131 0
      vertex -74.3145 -66.9131 800
    endloop
  endfacet
  facet normal -0.999658 0.0261681 0
    outer loop
      vertex -100 0 0
      vertex -99.863 5.23359 800
      vertex -99.863 5.23359 0
    endloop
  endfacet
  facet normal -0.999658 0.0261681 0
    outer loop
      vertex -99.863 5.23359 800
      vertex -100 0 0
      vertex -100 0 800
    endloop
  endfacet
  facet normal -0.130535 0.991444 0
    outer loop
      vertex -10.4528 99.4522 0
      vertex -15.6434 98.7688 800
      vertex -10.4528 99.4522 800
    endloop
  endfacet
  facet normal -0.130535 0.991444 0
    outer loop
      vertex -15.6434 98.7688 800
      vertex -10.4528 99.4522 0
      vertex -15.6434 98.7688 0
    endloop
  endfacet
  facet normal 0.725373 0.688356 0
    outer loop
      vertex 74.3145 66.9131 800
      vertex 70.7107 70.7107 0
      vertex 70.7107 70.7107 800
    endloop
  endfacet
  facet normal 0.725373 0.688356 0
    outer loop
      vertex 70.7107 70.7107 0
      vertex 74.3145 66.9131 800
      vertex 74.3145 66.9131 0
    endloop
  endfacet
  facet normal 0.824121 -0.566414 0
    outer loop
      vertex 80.9017 -58.7785 800
      vertex 83.8671 -54.4639 0
      vertex 83.8671 -54.4639 800
    endloop
  endfacet
  facet normal 0.824121 -0.566414 0
    outer loop
      vertex 83.8671 -54.4639 0
      vertex 80.9017 -58.7785 800
      vertex 80.9017 -58.7785 0
    endloop
  endfacet
  facet normal -0.0261681 0.999658 0
    outer loop
      vertex 0 100 0
      vertex -5.23359 99.863 800
      vertex 0 100 800
    endloop
  endfacet
  facet normal -0.0261681 0.999658 0
    outer loop
      vertex -5.23359 99.863 800
      vertex 0 100 0
      vertex -5.23359 99.863 0
    endloop
  endfacet
  facet normal 0.92388 -0.382682 0
    outer loop
      vertex 91.3545 -40.6737 800
      vertex 93.358 -35.8368 0
      vertex 93.358 -35.8368 800
    endloop
  endfacet
  facet normal 0.92388 -0.382682 0
    outer loop
      vertex 93.358 -35.8368 0
      vertex 91.3545 -40.6737 800
      vertex 91.3545 -40.6737 0
    endloop
  endfacet
  facet normal 0.902589 -0.430503 0
    outer loop
      vertex 89.1007 -45.399 800
      vertex 91.3545 -40.6737 0
      vertex 91.3545 -40.6737 800
    endloop
  endfacet
  facet normal 0.902589 -0.430503 0
    outer loop
      vertex 91.3545 -40.6737 0
      vertex 89.1007 -45.399 800
      vertex 89.1007 -45.399 0
    endloop
  endfacet
  facet normal 0.233451 -0.972369 0
    outer loop
      vertex 20.7912 -97.8148 0
      vertex 25.8819 -96.5926 800
      vertex 20.7912 -97.8148 800
    endloop
  endfacet
  facet normal 0.233451 -0.972369 0
    outer loop
      vertex 25.8819 -96.5926 800
      vertex 20.7912 -97.8148 0
      vertex 25.8819 -96.5926 0
    endloop
  endfacet
  facet normal 0.999658 -0.0261681 0
    outer loop
      vertex 99.863 -5.23359 800
      vertex 100 0 0
      vertex 100 0 800
    endloop
  endfacet
  facet normal 0.999658 -0.0261681 0
    outer loop
      vertex 100 0 0
      vertex 99.863 -5.23359 800
      vertex 99.863 -5.23359 0
    endloop
  endfacet
  facet normal -0.878812 -0.477168 0
    outer loop
      vertex -86.6025 -50 0
      vertex -89.1007 -45.399 800
      vertex -89.1007 -45.399 0
    endloop
  endfacet
  facet normal -0.878812 -0.477168 0
    outer loop
      vertex -89.1007 -45.399 800
      vertex -86.6025 -50 0
      vertex -86.6025 -50 800
    endloop
  endfacet
  facet normal -0.92388 0.382682 0
    outer loop
      vertex -93.358 35.8368 0
      vertex -91.3545 40.6737 800
      vertex -91.3545 40.6737 0
    endloop
  endfacet
  facet normal -0.92388 0.382682 0
    outer loop
      vertex -91.3545 40.6737 800
      vertex -93.358 35.8368 0
      vertex -93.358 35.8368 800
    endloop
  endfacet
  facet normal 0.182219 -0.983258 0
    outer loop
      vertex 15.6434 -98.7688 0
      vertex 20.7912 -97.8148 800
      vertex 15.6434 -98.7688 800
    endloop
  endfacet
  facet normal 0.182219 -0.983258 0
    outer loop
      vertex 20.7912 -97.8148 800
      vertex 15.6434 -98.7688 0
      vertex 20.7912 -97.8148 0
    endloop
  endfacet
  facet normal 0.852647 -0.522487 0
    outer loop
      vertex 83.8671 -54.4639 800
      vertex 86.6025 -50 0
      vertex 86.6025 -50 800
    endloop
  endfacet
  facet normal 0.852647 -0.522487 0
    outer loop
      vertex 86.6025 -50 0
      vertex 83.8671 -54.4639 800
      vertex 83.8671 -54.4639 0
    endloop
  endfacet
  facet normal 0.382682 0.92388 -0
    outer loop
      vertex 40.6737 91.3545 0
      vertex 35.8368 93.358 800
      vertex 40.6737 91.3545 800
    endloop
  endfacet
  facet normal 0.382682 0.92388 0
    outer loop
      vertex 35.8368 93.358 800
      vertex 40.6737 91.3545 0
      vertex 35.8368 93.358 0
    endloop
  endfacet
  facet normal -0.852647 0.522487 0
    outer loop
      vertex -86.6025 50 0
      vertex -83.8671 54.4639 800
      vertex -83.8671 54.4639 0
    endloop
  endfacet
  facet normal -0.852647 0.522487 0
    outer loop
      vertex -83.8671 54.4639 800
      vertex -86.6025 50 0
      vertex -86.6025 50 800
    endloop
  endfacet
  facet normal 0.608762 -0.793353 0
    outer loop
      vertex 58.7785 -80.9017 0
      vertex 62.932 -77.7146 800
      vertex 58.7785 -80.9017 800
    endloop
  endfacet
  facet normal 0.608762 -0.793353 0
    outer loop
      vertex 62.932 -77.7146 800
      vertex 58.7785 -80.9017 0
      vertex 62.932 -77.7146 0
    endloop
  endfacet
  facet normal 0.0784665 0.996917 -0
    outer loop
      vertex 10.4528 99.4522 0
      vertex 5.23359 99.863 800
      vertex 10.4528 99.4522 800
    endloop
  endfacet
  facet normal 0.0784665 0.996917 0
    outer loop
      vertex 5.23359 99.863 800
      vertex 10.4528 99.4522 0
      vertex 5.23359 99.863 0
    endloop
  endfacet
  facet normal 0.382682 -0.92388 0
    outer loop
      vertex 35.8368 -93.358 0
      vertex 40.6737 -91.3545 800
      vertex 35.8368 -93.358 800
    endloop
  endfacet
  facet normal 0.382682 -0.92388 0
    outer loop
      vertex 40.6737 -91.3545 800
      vertex 35.8368 -93.358 0
      vertex 40.6737 -91.3545 0
    endloop
  endfacet
  facet normal -0.0784665 -0.996917 0
    outer loop
      vertex -10.4528 -99.4522 0
      vertex -5.23359 -99.863 800
      vertex -10.4528 -99.4522 800
    endloop
  endfacet
  facet normal -0.0784665 -0.996917 -0
    outer loop
      vertex -5.23359 -99.863 800
      vertex -10.4528 -99.4522 0
      vertex -5.23359 -99.863 0
    endloop
  endfacet
  facet normal -0.182219 -0.983258 0
    outer loop
      vertex -20.7912 -97.8148 0
      vertex -15.6434 -98.7688 800
      vertex -20.7912 -97.8148 800
    endloop
  endfacet
  facet normal -0.182219 -0.983258 -0
    outer loop
      vertex -15.6434 -98.7688 800
      vertex -20.7912 -97.8148 0
      vertex -15.6434 -98.7688 0
    endloop
  endfacet
  facet normal -0.996917 0.0784665 0
    outer loop
      vertex -99.863 5.23359 0
      vertex -99.4522 10.4528 800
      vertex -99.4522 10.4528 0
    endloop
  endfacet
  facet normal -0.996917 0.0784665 0
    outer loop
      vertex -99.4522 10.4528 800
      vertex -99.863 5.23359 0
      vertex -99.863 5.23359 800
    endloop
  endfacet
  facet normal -0.983258 0.182219 0
    outer loop
      vertex -98.7688 15.6434 0
      vertex -97.8148 20.7912 800
      vertex -97.8148 20.7912 0
    endloop
  endfacet
  facet normal -0.983258 0.182219 0
    outer loop
      vertex -97.8148 20.7912 800
      vertex -98.7688 15.6434 0
      vertex -98.7688 15.6434 800
    endloop
  endfacet
  facet normal 0 0 1
    outer loop
      vertex 99.7 0 800
      vertex 100 0 800
      vertex 99.863 5.23359 800
    endloop
  endfacet
  facet normal 0 0 1
    outer loop
      vertex 100 0 800
      vertex 99.7 0 800
      vertex 99.863 -5.23359 800
    endloop
  endfacet
  facet normal 0 0 1
    outer loop
      vertex 99.863 5.23359 800
      vertex 99.5634 5.21789 800
      vertex 99.7 0 800
    endloop
  endfacet
  facet normal 0 0 1
    outer loop
      vertex 99.4522 10.4528 800
      vertex 99.5634 5.21789 800
      vertex 99.863 5.23359 800
    endloop
  endfacet
  facet normal 0 0 1
    outer loop
      vertex 99.4522 10.4528 800
      vertex 99.1538 10.4215 800
      vertex 99.5634 5.21789 800
    endloop
  endfacet
  facet normal 0 0 1
    outer loop
      vertex 98.7688 15.6434 800
      vertex 99.1538 10.4215 800
      vertex 99.4522 10.4528 800
    endloop
  endfacet
  facet normal 0 0 1
    outer loop
      vertex 98.7688 15.6434 800
      vertex 98.4725 15.5965 800
      vertex 99.1538 10.4215 800
    endloop
  endfacet
  facet normal 0 0 1
    outer loop
      vertex 97.8148 20.7912 800
      vertex 98.4725 15.5965 800
      vertex 98.7688 15.6434 800
    endloop
  endfacet
  facet normal 0 0 1
    outer loop
      vertex 97.8148 20.7912 800
      vertex 97.5213 20.7288 800
      vertex 98.4725 15.5965 800
    endloop
  endfacet
  facet normal 0 0 1
    outer loop
      vertex 96.5926 25.8819 800
      vertex 97.5213 20.7288 800
      vertex 97.8148 20.7912 800
    endloop
  endfacet
  facet normal 0 0 1
    outer loop
      vertex 96.5926 25.8819 800
      vertex 96.3028 25.8043 800
      vertex 97.5213 20.7288 800
    endloop
  endfacet
  facet normal 0 0 1
    outer loop
      vertex 95.1057 30.9017 800
      vertex 96.3028 25.8043 800
      vertex 96.5926 25.8819 800
    endloop
  endfacet
  facet normal 0 0 1
    outer loop
      vertex 95.1057 30.9017 800
      vertex 94.8203 30.809 800
      vertex 96.3028 25.8043 800
    endloop
  endfacet
  facet normal 0 0 1
    outer loop
      vertex 93.358 35.8368 800
      vertex 94.8203 30.809 800
      vertex 95.1057 30.9017 800
    endloop
  endfacet
  facet normal 0 0 1
    outer loop
      vertex 93.358 35.8368 800
      vertex 93.078 35.7293 800
      vertex 94.8203 30.809 800
    endloop
  endfacet
  facet normal 0 0 1
    outer loop
      vertex 91.3545 40.6737 800
      vertex 93.078 35.7293 800
      vertex 93.358 35.8368 800
    endloop
  endfacet
  facet normal 0 0 1
    outer loop
      vertex 91.3545 40.6737 800
      vertex 91.0805 40.5516 800
      vertex 93.078 35.7293 800
    endloop
  endfacet
  facet normal 0 0 1
    outer loop
      vertex 89.1007 45.399 800
      vertex 91.0805 40.5516 800
      vertex 91.3545 40.6737 800
    endloop
  endfacet
  facet normal 0 0 1
    outer loop
      vertex 89.1007 45.399 800
      vertex 88.8334 45.2629 800
      vertex 91.0805 40.5516 800
    endloop
  endfacet
  facet normal 0 0 1
    outer loop
      vertex 86.6025 50 800
      vertex 88.8334 45.2629 800
      vertex 89.1007 45.399 800
    endloop
  endfacet
  facet normal 0 0 1
    outer loop
      vertex 86.6025 50 800
      vertex 86.3427 49.85 800
      vertex 88.8334 45.2629 800
    endloop
  endfacet
  facet normal 0 0 1
    outer loop
      vertex 83.8671 54.4639 800
      vertex 86.3427 49.85 800
      vertex 86.6025 50 800
    endloop
  endfacet
  facet normal 0 0 1
    outer loop
      vertex 83.8671 54.4639 800
      vertex 83.6155 54.3005 800
      vertex 86.3427 49.85 800
    endloop
  endfacet
  facet normal 0 0 1
    outer loop
      vertex 80.9017 58.7785 800
      vertex 83.6155 54.3005 800
      vertex 83.8671 54.4639 800
    endloop
  endfacet
  facet normal 0 0 1
    outer loop
      vertex 80.9017 58.7785 800
      vertex 80.659 58.6022 800
      vertex 83.6155 54.3005 800
    endloop
  endfacet
  facet normal 0 0 1
    outer loop
      vertex 77.7146 62.932 800
      vertex 80.659 58.6022 800
      vertex 80.9017 58.7785 800
    endloop
  endfacet
  facet normal 0 0 1
    outer loop
      vertex 77.7146 62.932 800
      vertex 77.4815 62.7432 800
      vertex 80.659 58.6022 800
    endloop
  endfacet
  facet normal 0 0 1
    outer loop
      vertex 74.3145 66.9131 800
      vertex 77.4815 62.7432 800
      vertex 77.7146 62.932 800
    endloop
  endfacet
  facet normal 0 0 1
    outer loop
      vertex 74.3145 66.9131 800
      vertex 74.0915 66.7123 800
      vertex 77.4815 62.7432 800
    endloop
  endfacet
  facet normal 0 0 1
    outer loop
      vertex 70.7107 70.7107 800
      vertex 74.0915 66.7123 800
      vertex 74.3145 66.9131 800
    endloop
  endfacet
  facet normal 0 0 1
    outer loop
      vertex 70.7107 70.7107 800
      vertex 70.4985 70.4985 800
      vertex 74.0915 66.7123 800
    endloop
  endfacet
  facet normal 0 0 1
    outer loop
      vertex 66.9131 74.3145 800
      vertex 70.4985 70.4985 800
      vertex 70.7107 70.7107 800
    endloop
  endfacet
  facet normal 0 0 1
    outer loop
      vertex 66.9131 74.3145 800
      vertex 66.7123 74.0915 800
      vertex 70.4985 70.4985 800
    endloop
  endfacet
  facet normal 0 0 1
    outer loop
      vertex 62.932 77.7146 800
      vertex 66.7123 74.0915 800
      vertex 66.9131 74.3145 800
    endloop
  endfacet
  facet normal 0 0 1
    outer loop
      vertex 62.932 77.7146 800
      vertex 62.7432 77.4815 800
      vertex 66.7123 74.0915 800
    endloop
  endfacet
  facet normal 0 0 1
    outer loop
      vertex 58.7785 80.9017 800
      vertex 62.7432 77.4815 800
      vertex 62.932 77.7146 800
    endloop
  endfacet
  facet normal 0 0 1
    outer loop
      vertex 58.7785 80.9017 800
      vertex 58.6022 80.659 800
      vertex 62.7432 77.4815 800
    endloop
  endfacet
  facet normal 0 0 1
    outer loop
      vertex 54.4639 83.8671 800
      vertex 58.6022 80.659 800
      vertex 58.7785 80.9017 800
    endloop
  endfacet
  facet normal 0 0 1
    outer loop
      vertex 54.4639 83.8671 800
      vertex 54.3005 83.6155 800
      vertex 58.6022 80.659 800
    endloop
  endfacet
  facet normal 0 0 1
    outer loop
      vertex 50 86.6025 800
      vertex 54.3005 83.6155 800
      vertex 54.4639 83.8671 800
    endloop
  endfacet
  facet normal 0 0 1
    outer loop
      vertex 50 86.6025 800
      vertex 49.85 86.3427 800
      vertex 54.3005 83.6155 800
    endloop
  endfacet
  facet normal 0 0 1
    outer loop
      vertex 45.399 89.1007 800
      vertex 49.85 86.3427 800
      vertex 50 86.6025 800
    endloop
  endfacet
  facet normal 0 0 1
    outer loop
      vertex 45.399 89.1007 800
      vertex 45.2629 88.8334 800
      vertex 49.85 86.3427 800
    endloop
  endfacet
  facet normal 0 0 1
    outer loop
      vertex 40.6737 91.3545 800
      vertex 45.2629 88.8334 800
      vertex 45.399 89.1007 800
    endloop
  endfacet
  facet normal 0 0 1
    outer loop
      vertex 40.6737 91.3545 800
      vertex 40.5516 91.0805 800
      vertex 45.2629 88.8334 800
    endloop
  endfacet
  facet normal 0 0 1
    outer loop
      vertex 35.8368 93.358 800
      vertex 40.5516 91.0805 800
      vertex 40.6737 91.3545 800
    endloop
  endfacet
  facet normal 0 0 1
    outer loop
      vertex 35.8368 93.358 800
      vertex 35.7293 93.078 800
      vertex 40.5516 91.0805 800
    endloop
  endfacet
  facet normal 0 0 1
    outer loop
      vertex 30.9017 95.1057 800
      vertex 35.7293 93.078 800
      vertex 35.8368 93.358 800
    endloop
  endfacet
  facet normal 0 0 1
    outer loop
      vertex 30.9017 95.1057 800
      vertex 30.809 94.8203 800
      vertex 35.7293 93.078 800
    endloop
  endfacet
  facet normal 0 0 1
    outer loop
      vertex 25.8819 96.5926 800
      vertex 30.809 94.8203 800
      vertex 30.9017 95.1057 800
    endloop
  endfacet
  facet normal 0 0 1
    outer loop
      vertex 25.8819 96.5926 800
      vertex 25.8043 96.3028 800
      vertex 30.809 94.8203 800
    endloop
  endfacet
  facet normal 0 0 1
    outer loop
      vertex 20.7912 97.8148 800
      vertex 25.8043 96.3028 800
      vertex 25.8819 96.5926 800
    endloop
  endfacet
  facet normal 0 0 1
    outer loop
      vertex 20.7912 97.8148 800
      vertex 20.7288 97.5213 800
      vertex 25.8043 96.3028 800
    endloop
  endfacet
  facet normal 0 0 1
    outer loop
      vertex 15.6434 98.7688 800
      vertex 20.7288 97.5213 800
      vertex 20.7912 97.8148 800
    endloop
  endfacet
  facet normal 0 0 1
    outer loop
      vertex 15.6434 98.7688 800
      vertex 15.5965 98.4725 800
      vertex 20.7288 97.5213 800
    endloop
  endfacet
  facet normal 0 0 1
    outer loop
      vertex 10.4528 99.4522 800
      vertex 15.5965 98.4725 800
      vertex 15.6434 98.7688 800
    endloop
  endfacet
  facet normal 0 0 1
    outer loop
      vertex 10.4528 99.4522 800
      vertex 10.4215 99.1538 800
      vertex 15.5965 98.4725 800
    endloop
  endfacet
  facet normal 0 0 1
    outer loop
      vertex 5.23359 99.863 800
      vertex 10.4215 99.1538 800
      vertex 10.4528 99.4522 800
    endloop
  endfacet
  facet normal 0 0 1
    outer loop
      vertex 5.23359 99.863 800
      vertex 5.21789 99.5634 800
      vertex 10.4215 99.1538 800
    endloop
  endfacet
  facet normal 0 0 1
    outer loop
      vertex 0 100 800
      vertex 5.21789 99.5634 800
      vertex 5.23359 99.863 800
    endloop
  endfacet
  facet normal 0 0 1
    outer loop
      vertex 0 100 800
      vertex 0 99.7 800
      vertex 5.21789 99.5634 800
    endloop
  endfacet
  facet normal 0 0 1
    outer loop
      vertex 0 100 800
      vertex -5.21789 99.5634 800
      vertex 0 99.7 800
    endloop
  endfacet
  facet normal -0 0 1
    outer loop
      vertex -5.23359 99.863 800
      vertex -5.21789 99.5634 800
      vertex 0 100 800
    endloop
  endfacet
  facet normal 0 0 1
    outer loop
      vertex -5.23359 99.863 800
      vertex -10.4215 99.1538 800
      vertex -5.21789 99.5634 800
    endloop
  endfacet
  facet normal -0 0 1
    outer loop
      vertex -10.4528 99.4522 800
      vertex -10.4215 99.1538 800
      vertex -5.23359 99.863 800
    endloop
  endfacet
  facet normal 0 0 1
    outer loop
      vertex -10.4528 99.4522 800
      vertex -15.5965 98.4725 800
      vertex -10.4215 99.1538 800
    endloop
  endfacet
  facet normal -0 0 1
    outer loop
      vertex -15.6434 98.7688 800
      vertex -15.5965 98.4725 800
      vertex -10.4528 99.4522 800
    endloop
  endfacet
  facet normal 0 0 1
    outer loop
      vertex -15.6434 98.7688 800
      vertex -20.7288 97.5213 800
      vertex -15.5965 98.4725 800
    endloop
  endfacet
  facet normal -0 0 1
    outer loop
      vertex -20.7912 97.8148 800
      vertex -20.7288 97.5213 800
      vertex -15.6434 98.7688 800
    endloop
  endfacet
  facet normal 0 0 1
    outer loop
      vertex -20.7912 97.8148 800
      vertex -25.8043 96.3028 800
      vertex -20.7288 97.5213 800
    endloop
  endfacet
  facet normal -0 0 1
    outer loop
      vertex -25.8819 96.5926 800
      vertex -25.8043 96.3028 800
      vertex -20.7912 97.8148 800
    endloop
  endfacet
  facet normal 0 0 1
    outer loop
      vertex -25.8819 96.5926 800
      vertex -30.809 94.8203 800
      vertex -25.8043 96.3028 800
    endloop
  endfacet
  facet normal -0 0 1
    outer loop
      vertex -30.9017 95.1057 800
      vertex -30.809 94.8203 800
      vertex -25.8819 96.5926 800
    endloop
  endfacet
  facet normal 0 0 1
    outer loop
      vertex -30.9017 95.1057 800
      vertex -35.7293 93.078 800
      vertex -30.809 94.8203 800
    endloop
  endfacet
  facet normal -0 0 1
    outer loop
      vertex -35.8368 93.358 800
      vertex -35.7293 93.078 800
      vertex -30.9017 95.1057 800
    endloop
  endfacet
  facet normal 0 0 1
    outer loop
      vertex -35.8368 93.358 800
      vertex -40.5516 91.0805 800
      vertex -35.7293 93.078 800
    endloop
  endfacet
  facet normal -0 0 1
    outer loop
      vertex -40.6737 91.3545 800
      vertex -40.5516 91.0805 800
      vertex -35.8368 93.358 800
    endloop
  endfacet
  facet normal 0 0 1
    outer loop
      vertex -40.6737 91.3545 800
      vertex -45.2629 88.8334 800
      vertex -40.5516 91.0805 800
    endloop
  endfacet
  facet normal -0 0 1
    outer loop
      vertex -45.399 89.1007 800
      vertex -45.2629 88.8334 800
      vertex -40.6737 91.3545 800
    endloop
  endfacet
  facet normal 0 0 1
    outer loop
      vertex -45.399 89.1007 800
      vertex -49.85 86.3427 800
      vertex -45.2629 88.8334 800
    endloop
  endfacet
  facet normal -0 0 1
    outer loop
      vertex -50 86.6025 800
      vertex -49.85 86.3427 800
      vertex -45.399 89.1007 800
    endloop
  endfacet
  facet normal 0 0 1
    outer loop
      vertex -50 86.6025 800
      vertex -54.3005 83.6155 800
      vertex -49.85 86.3427 800
    endloop
  endfacet
  facet normal -0 0 1
    outer loop
      vertex -54.4639 83.8671 800
      vertex -54.3005 83.6155 800
      vertex -50 86.6025 800
    endloop
  endfacet
  facet normal 0 0 1
    outer loop
      vertex -54.4639 83.8671 800
      vertex -58.6022 80.659 800
      vertex -54.3005 83.6155 800
    endloop
  endfacet
  facet normal -0 0 1
    outer loop
      vertex -58.7785 80.9017 800
      vertex -58.6022 80.659 800
      vertex -54.4639 83.8671 800
    endloop
  endfacet
  facet normal 0 0 1
    outer loop
      vertex -58.7785 80.9017 800
      vertex -62.7432 77.4815 800
      vertex -58.6022 80.659 800
    endloop
  endfacet
  facet normal -0 0 1
    outer loop
      vertex -62.932 77.7146 800
      vertex -62.7432 77.4815 800
      vertex -58.7785 80.9017 800
    endloop
  endfacet
  facet normal 0 0 1
    outer loop
      vertex -62.932 77.7146 800
      vertex -66.7123 74.0915 800
      vertex -62.7432 77.4815 800
    endloop
  endfacet
  facet normal -0 0 1
    outer loop
      vertex -66.9131 74.3145 800
      vertex -66.7123 74.0915 800
      vertex -62.932 77.7146 800
    endloop
  endfacet
  facet normal 0 0 1
    outer loop
      vertex -66.9131 74.3145 800
      vertex -70.4985 70.4985 800
      vertex -66.7123 74.0915 800
    endloop
  endfacet
  facet normal -0 0 1
    outer loop
      vertex -70.7107 70.7107 800
      vertex -70.4985 70.4985 800
      vertex -66.9131 74.3145 800
    endloop
  endfacet
  facet normal 0 0 1
    outer loop
      vertex -70.7107 70.7107 800
      vertex -74.0915 66.7123 800
      vertex -70.4985 70.4985 800
    endloop
  endfacet
  facet normal -0 0 1
    outer loop
      vertex -74.3145 66.9131 800
      vertex -74.0915 66.7123 800
      vertex -70.7107 70.7107 800
    endloop
  endfacet
  facet normal 0 0 1
    outer loop
      vertex -74.3145 66.9131 800
      vertex -77.4815 62.7432 800
      vertex -74.0915 66.7123 800
    endloop
  endfacet
  facet normal -0 0 1
    outer loop
      vertex -77.7146 62.932 800
      vertex -77.4815 62.7432 800
      vertex -74.3145 66.9131 800
    endloop
  endfacet
  facet normal 0 0 1
    outer loop
      vertex -77.7146 62.932 800
      vertex -80.659 58.6022 800
      vertex -77.4815 62.7432 800
    endloop
  endfacet
  facet normal -0 0 1
    outer loop
      vertex -80.9017 58.7785 800
      vertex -80.659 58.6022 800
      vertex -77.7146 62.932 800
    endloop
  endfacet
  facet normal 0 0 1
    outer loop
      vertex -80.9017 58.7785 800
      vertex -83.6155 54.3005 800
      vertex -80.659 58.6022 800
    endloop
  endfacet
  facet normal -0 0 1
    outer loop
      vertex -83.8671 54.4639 800
      vertex -83.6155 54.3005 800
      vertex -80.9017 58.7785 800
    endloop
  endfacet
  facet normal 0 0 1
    outer loop
      vertex -83.8671 54.4639 800
      vertex -86.3427 49.85 800
      vertex -83.6155 54.3005 800
    endloop
  endfacet
  facet normal -0 0 1
    outer loop
      vertex -86.6025 50 800
      vertex -86.3427 49.85 800
      vertex -83.8671 54.4639 800
    endloop
  endfacet
  facet normal 0 0 1
    outer loop
      vertex -86.6025 50 800
      vertex -88.8334 45.2629 800
      vertex -86.3427 49.85 800
    endloop
  endfacet
  facet normal -0 0 1
    outer loop
      vertex -89.1007 45.399 800
      vertex -88.8334 45.2629 800
      vertex -86.6025 50 800
    endloop
  endfacet
  facet normal 0 0 1
    outer loop
      vertex -89.1007 45.399 800
      vertex -91.0805 40.5516 800
      vertex -88.8334 45.2629 800
    endloop
  endfacet
  facet normal -0 0 1
    outer loop
      vertex -91.3545 40.6737 800
      vertex -91.0805 40.5516 800
      vertex -89.1007 45.399 800
    endloop
  endfacet
  facet normal 0 0 1
    outer loop
      vertex -91.3545 40.6737 800
      vertex -93.078 35.7293 800
      vertex -91.0805 40.5516 800
    endloop
  endfacet
  facet normal -0 0 1
    outer loop
      vertex -93.358 35.8368 800
      vertex -93.078 35.7293 800
      vertex -91.3545 40.6737 800
    endloop
  endfacet
  facet normal 0 0 1
    outer loop
      vertex -93.358 35.8368 800
      vertex -94.8203 30.809 800
      vertex -93.078 35.7293 800
    endloop
  endfacet
  facet normal -0 0 1
    outer loop
      vertex -95.1057 30.9017 800
      vertex -94.8203 30.809 800
      vertex -93.358 35.8368 800
    endloop
  endfacet
  facet normal 0 0 1
    outer loop
      vertex -95.1057 30.9017 800
      vertex -96.3028 25.8043 800
      vertex -94.8203 30.809 800
    endloop
  endfacet
  facet normal -0 0 1
    outer loop
      vertex -96.5926 25.8819 800
      vertex -96.3028 25.8043 800
      vertex -95.1057 30.9017 800
    endloop
  endfacet
  facet normal 0 0 1
    outer loop
      vertex -96.5926 25.8819 800
      vertex -97.5213 20.7288 800
      vertex -96.3028 25.8043 800
    endloop
  endfacet
  facet normal -0 0 1
    outer loop
      vertex -97.8148 20.7912 800
      vertex -97.5213 20.7288 800
      vertex -96.5926 25.8819 800
    endloop
  endfacet
  facet normal 0 0 1
    outer loop
      vertex -97.8148 20.7912 800
      vertex -98.4725 15.5965 800
      vertex -97.5213 20.7288 800
    endloop
  endfacet
  facet normal -0 0 1
    outer loop
      vertex -98.7688 15.6434 800
      vertex -98.4725 15.5965 800
      vertex -97.8148 20.7912 800
    endloop
  endfacet
  facet normal 0 0 1
    outer loop
      vertex -98.7688 15.6434 800
      vertex -99.1538 10.4215 800
      vertex -98.4725 15.5965 800
    endloop
  endfacet
  facet normal -0 0 1
    outer loop
      vertex -99.4522 10.4528 800
      vertex -99.1538 10.4215 800
      vertex -98.7688 15.6434 800
    endloop
  endfacet
  facet normal 0 0 1
    outer loop
      vertex -99.4522 10.4528 800
      vertex -99.5634 5.21789 800
      vertex -99.1538 10.4215 800
    endloop
  endfacet
  facet normal -0 0 1
    outer loop
      vertex -99.863 5.23359 800
      vertex -99.5634 5.21789 800
      vertex -99.4522 10.4528 800
    endloop
  endfacet
  facet normal 0 0 1
    outer loop
      vertex -99.5634 5.21789 800
      vertex -99.863 5.23359 800
      vertex -99.7 0 800
    endloop
  endfacet
  facet normal -0 0 1
    outer loop
      vertex 99.5634 -5.21789 800
      vertex 99.863 -5.23359 800
      vertex 99.7 0 800
    endloop
  endfacet
  facet normal 0 0 1
    outer loop
      vertex 99.5634 -5.21789 800
      vertex 99.4522 -10.4528 800
      vertex 99.863 -5.23359 800
    endloop
  endfacet
  facet normal -0 0 1
    outer loop
      vertex 99.1538 -10.4215 800
      vertex 99.4522 -10.4528 800
      vertex 99.5634 -5.21789 800
    endloop
  endfacet
  facet normal 0 0 1
    outer loop
      vertex 99.1538 -10.4215 800
      vertex 98.7688 -15.6434 800
      vertex 99.4522 -10.4528 800
    endloop
  endfacet
  facet normal -0 0 1
    outer loop
      vertex 98.4725 -15.5965 800
      vertex 98.7688 -15.6434 800
      vertex 99.1538 -10.4215 800
    endloop
  endfacet
  facet normal 0 0 1
    outer loop
      vertex 98.4725 -15.5965 800
      vertex 97.8148 -20.7912 800
      vertex 98.7688 -15.6434 800
    endloop
  endfacet
  facet normal -0 0 1
    outer loop
      vertex 97.5213 -20.7288 800
      vertex 97.8148 -20.7912 800
      vertex 98.4725 -15.5965 800
    endloop
  endfacet
  facet normal 0 0 1
    outer loop
      vertex 97.5213 -20.7288 800
      vertex 96.5926 -25.8819 800
      vertex 97.8148 -20.7912 800
    endloop
  endfacet
  facet normal -0 0 1
    outer loop
      vertex 96.3028 -25.8043 800
      vertex 96.5926 -25.8819 800
      vertex 97.5213 -20.7288 800
    endloop
  endfacet
  facet normal 0 0 1
    outer loop
      vertex 96.3028 -25.8043 800
      vertex 95.1057 -30.9017 800
      vertex 96.5926 -25.8819 800
    endloop
  endfacet
  facet normal -0 0 1
    outer loop
      vertex 94.8203 -30.809 800
      vertex 95.1057 -30.9017 800
      vertex 96.3028 -25.8043 800
    endloop
  endfacet
  facet normal 0 0 1
    outer loop
      vertex 94.8203 -30.809 800
      vertex 93.358 -35.8368 800
      vertex 95.1057 -30.9017 800
    endloop
  endfacet
  facet normal -0 0 1
    outer loop
      vertex 93.078 -35.7293 800
      vertex 93.358 -35.8368 800
      vertex 94.8203 -30.809 800
    endloop
  endfacet
  facet normal 0 0 1
    outer loop
      vertex 93.078 -35.7293 800
      vertex 91.3545 -40.6737 800
      vertex 93.358 -35.8368 800
    endloop
  endfacet
  facet normal -0 0 1
    outer loop
      vertex 91.0805 -40.5516 800
      vertex 91.3545 -40.6737 800
      vertex 93.078 -35.7293 800
    endloop
  endfacet
  facet normal 0 0 1
    outer loop
      vertex 91.0805 -40.5516 800
      vertex 89.1007 -45.399 800
      vertex 91.3545 -40.6737 800
    endloop
  endfacet
  facet normal -0 0 1
    outer loop
      vertex 88.8334 -45.2629 800
      vertex 89.1007 -45.399 800
      vertex 91.0805 -40.5516 800
    endloop
  endfacet
  facet normal 0 0 1
    outer loop
      vertex 88.8334 -45.2629 800
      vertex 86.6025 -50 800
      vertex 89.1007 -45.399 800
    endloop
  endfacet
  facet normal -0 0 1
    outer loop
      vertex 86.3427 -49.85 800
      vertex 86.6025 -50 800
      vertex 88.8334 -45.2629 800
    endloop
  endfacet
  facet normal 0 0 1
    outer loop
      vertex 86.3427 -49.85 800
      vertex 83.8671 -54.4639 800
      vertex 86.6025 -50 800
    endloop
  endfacet
  facet normal -0 0 1
    outer loop
      vertex 83.6155 -54.3005 800
      vertex 83.8671 -54.4639 800
      vertex 86.3427 -49.85 800
    endloop
  endfacet
  facet normal 0 0 1
    outer loop
      vertex 83.6155 -54.3005 800
      vertex 80.9017 -58.7785 800
      vertex 83.8671 -54.4639 800
    endloop
  endfacet
  facet normal -0 0 1
    outer loop
      vertex 80.659 -58.6022 800
      vertex 80.9017 -58.7785 800
      vertex 83.6155 -54.3005 800
    endloop
  endfacet
  facet normal 0 0 1
    outer loop
      vertex 80.659 -58.6022 800
      vertex 77.7146 -62.932 800
      vertex 80.9017 -58.7785 800
    endloop
  endfacet
  facet normal -0 0 1
    outer loop
      vertex 77.4815 -62.7432 800
      vertex 77.7146 -62.932 800
      vertex 80.659 -58.6022 800
    endloop
  endfacet
  facet normal 0 0 1
    outer loop
      vertex 77.4815 -62.7432 800
      vertex 74.3145 -66.9131 800
      vertex 77.7146 -62.932 800
    endloop
  endfacet
  facet normal -0 0 1
    outer loop
      vertex 74.0915 -66.7123 800
      vertex 74.3145 -66.9131 800
      vertex 77.4815 -62.7432 800
    endloop
  endfacet
  facet normal 0 0 1
    outer loop
      vertex 74.0915 -66.7123 800
      vertex 70.7107 -70.7107 800
      vertex 74.3145 -66.9131 800
    endloop
  endfacet
  facet normal -0 0 1
    outer loop
      vertex 70.4985 -70.4985 800
      vertex 70.7107 -70.7107 800
      vertex 74.0915 -66.7123 800
    endloop
  endfacet
  facet normal 0 0 1
    outer loop
      vertex 70.4985 -70.4985 800
      vertex 66.9131 -74.3145 800
      vertex 70.7107 -70.7107 800
    endloop
  endfacet
  facet normal -0 0 1
    outer loop
      vertex 66.7123 -74.0915 800
      vertex 66.9131 -74.3145 800
      vertex 70.4985 -70.4985 800
    endloop
  endfacet
  facet normal 0 0 1
    outer loop
      vertex 66.7123 -74.0915 800
      vertex 62.932 -77.7146 800
      vertex 66.9131 -74.3145 800
    endloop
  endfacet
  facet normal -0 0 1
    outer loop
      vertex 62.7432 -77.4815 800
      vertex 62.932 -77.7146 800
      vertex 66.7123 -74.0915 800
    endloop
  endfacet
  facet normal 0 0 1
    outer loop
      vertex 62.7432 -77.4815 800
      vertex 58.7785 -80.9017 800
      vertex 62.932 -77.7146 800
    endloop
  endfacet
  facet normal -0 0 1
    outer loop
      vertex 58.6022 -80.659 800
      vertex 58.7785 -80.9017 800
      vertex 62.7432 -77.4815 800
    endloop
  endfacet
  facet normal 0 0 1
    outer loop
      vertex 58.6022 -80.659 800
      vertex 54.4639 -83.8671 800
      vertex 58.7785 -80.9017 800
    endloop
  endfacet
  facet normal -0 0 1
    outer loop
      vertex 54.3005 -83.6155 800
      vertex 54.4639 -83.8671 800
      vertex 58.6022 -80.659 800
    endloop
  endfacet
  facet normal 0 0 1
    outer loop
      vertex 54.3005 -83.6155 800
      vertex 50 -86.6025 800
      vertex 54.4639 -83.8671 800
    endloop
  endfacet
  facet normal -0 0 1
    outer loop
      vertex 49.85 -86.3427 800
      vertex 50 -86.6025 800
      vertex 54.3005 -83.6155 800
    endloop
  endfacet
  facet normal 0 0 1
    outer loop
      vertex 49.85 -86.3427 800
      vertex 45.399 -89.1007 800
      vertex 50 -86.6025 800
    endloop
  endfacet
  facet normal -0 0 1
    outer loop
      vertex 45.2629 -88.8334 800
      vertex 45.399 -89.1007 800
      vertex 49.85 -86.3427 800
    endloop
  endfacet
  facet normal 0 0 1
    outer loop
      vertex 45.2629 -88.8334 800
      vertex 40.6737 -91.3545 800
      vertex 45.399 -89.1007 800
    endloop
  endfacet
  facet normal -0 0 1
    outer loop
      vertex 40.5516 -91.0805 800
      vertex 40.6737 -91.3545 800
      vertex 45.2629 -88.8334 800
    endloop
  endfacet
  facet normal 0 0 1
    outer loop
      vertex 40.5516 -91.0805 800
      vertex 35.8368 -93.358 800
      vertex 40.6737 -91.3545 800
    endloop
  endfacet
  facet normal -0 0 1
    outer loop
      vertex 35.7293 -93.078 800
      vertex 35.8368 -93.358 800
      vertex 40.5516 -91.0805 800
    endloop
  endfacet
  facet normal 0 0 1
    outer loop
      vertex 35.7293 -93.078 800
      vertex 30.9017 -95.1057 800
      vertex 35.8368 -93.358 800
    endloop
  endfacet
  facet normal -0 0 1
    outer loop
      vertex 30.809 -94.8203 800
      vertex 30.9017 -95.1057 800
      vertex 35.7293 -93.078 800
    endloop
  endfacet
  facet normal 0 0 1
    outer loop
      vertex 30.809 -94.8203 800
      vertex 25.8819 -96.5926 800
      vertex 30.9017 -95.1057 800
    endloop
  endfacet
  facet normal -0 0 1
    outer loop
      vertex 25.8043 -96.3028 800
      vertex 25.8819 -96.5926 800
      vertex 30.809 -94.8203 800
    endloop
  endfacet
  facet normal 0 0 1
    outer loop
      vertex 25.8043 -96.3028 800
      vertex 20.7912 -97.8148 800
      vertex 25.8819 -96.5926 800
    endloop
  endfacet
  facet normal -0 0 1
    outer loop
      vertex 20.7288 -97.5213 800
      vertex 20.7912 -97.8148 800
      vertex 25.8043 -96.3028 800
    endloop
  endfacet
  facet normal 0 0 1
    outer loop
      vertex 20.7288 -97.5213 800
      vertex 15.6434 -98.7688 800
      vertex 20.7912 -97.8148 800
    endloop
  endfacet
  facet normal -0 0 1
    outer loop
      vertex 15.5965 -98.4725 800
      vertex 15.6434 -98.7688 800
      vertex 20.7288 -97.5213 800
    endloop
  endfacet
  facet normal 0 0 1
    outer loop
      vertex 15.5965 -98.4725 800
      vertex 10.4528 -99.4522 800
      vertex 15.6434 -98.7688 800
    endloop
  endfacet
  facet normal -0 0 1
    outer loop
      vertex 10.4215 -99.1538 800
      vertex 10.4528 -99.4522 800
      vertex 15.5965 -98.4725 800
    endloop
  endfacet
  facet normal 0 0 1
    outer loop
      vertex 10.4215 -99.1538 800
      vertex 5.23359 -99.863 800
      vertex 10.4528 -99.4522 800
    endloop
  endfacet
  facet normal -0 0 1
    outer loop
      vertex 5.21789 -99.5634 800
      vertex 5.23359 -99.863 800
      vertex 10.4215 -99.1538 800
    endloop
  endfacet
  facet normal -0 0 1
    outer loop
      vertex 0 -99.7 800
      vertex 5.23359 -99.863 800
      vertex 5.21789 -99.5634 800
    endloop
  endfacet
  facet normal 0 0 1
    outer loop
      vertex 0 -99.7 800
      vertex 0 -100 800
      vertex 5.23359 -99.863 800
    endloop
  endfacet
  facet normal 0 0 1
    outer loop
      vertex -5.21789 -99.5634 800
      vertex 0 -100 800
      vertex 0 -99.7 800
    endloop
  endfacet
  facet normal 0 0 1
    outer loop
      vertex -5.21789 -99.5634 800
      vertex -5.23359 -99.863 800
      vertex 0 -100 800
    endloop
  endfacet
  facet normal 0 0 1
    outer loop
      vertex -10.4215 -99.1538 800
      vertex -5.23359 -99.863 800
      vertex -5.21789 -99.5634 800
    endloop
  endfacet
  facet normal 0 0 1
    outer loop
      vertex -10.4215 -99.1538 800
      vertex -10.4528 -99.4522 800
      vertex -5.23359 -99.863 800
    endloop
  endfacet
  facet normal 0 0 1
    outer loop
      vertex -15.5965 -98.4725 800
      vertex -10.4528 -99.4522 800
      vertex -10.4215 -99.1538 800
    endloop
  endfacet
  facet normal 0 0 1
    outer loop
      vertex -15.5965 -98.4725 800
      vertex -15.6434 -98.7688 800
      vertex -10.4528 -99.4522 800
    endloop
  endfacet
  facet normal 0 0 1
    outer loop
      vertex -20.7288 -97.5213 800
      vertex -15.6434 -98.7688 800
      vertex -15.5965 -98.4725 800
    endloop
  endfacet
  facet normal 0 0 1
    outer loop
      vertex -20.7288 -97.5213 800
      vertex -20.7912 -97.8148 800
      vertex -15.6434 -98.7688 800
    endloop
  endfacet
  facet normal 0 0 1
    outer loop
      vertex -25.8043 -96.3028 800
      vertex -20.7912 -97.8148 800
      vertex -20.7288 -97.5213 800
    endloop
  endfacet
  facet normal 0 0 1
    outer loop
      vertex -25.8043 -96.3028 800
      vertex -25.8819 -96.5926 800
      vertex -20.7912 -97.8148 800
    endloop
  endfacet
  facet normal 0 0 1
    outer loop
      vertex -30.809 -94.8203 800
      vertex -25.8819 -96.5926 800
      vertex -25.8043 -96.3028 800
    endloop
  endfacet
  facet normal 0 0 1
    outer loop
      vertex -30.809 -94.8203 800
      vertex -30.9017 -95.1057 800
      vertex -25.8819 -96.5926 800
    endloop
  endfacet
  facet normal 0 0 1
    outer loop
      vertex -35.7293 -93.078 800
      vertex -30.9017 -95.1057 800
      vertex -30.809 -94.8203 800
    endloop
  endfacet
  facet normal 0 0 1
    outer loop
      vertex -35.7293 -93.078 800
      vertex -35.8368 -93.358 800
      vertex -30.9017 -95.1057 800
    endloop
  endfacet
  facet normal 0 0 1
    outer loop
      vertex -40.5516 -91.0805 800
      vertex -35.8368 -93.358 800
      vertex -35.7293 -93.078 800
    endloop
  endfacet
  facet normal 0 0 1
    outer loop
      vertex -40.5516 -91.0805 800
      vertex -40.6737 -91.3545 800
      vertex -35.8368 -93.358 800
    endloop
  endfacet
  facet normal 0 0 1
    outer loop
      vertex -45.2629 -88.8334 800
      vertex -40.6737 -91.3545 800
      vertex -40.5516 -91.0805 800
    endloop
  endfacet
  facet normal 0 0 1
    outer loop
      vertex -45.2629 -88.8334 800
      vertex -45.399 -89.1007 800
      vertex -40.6737 -91.3545 800
    endloop
  endfacet
  facet normal 0 0 1
    outer loop
      vertex -49.85 -86.3427 800
      vertex -45.399 -89.1007 800
      vertex -45.2629 -88.8334 800
    endloop
  endfacet
  facet normal 0 0 1
    outer loop
      vertex -49.85 -86.3427 800
      vertex -50 -86.6025 800
      vertex -45.399 -89.1007 800
    endloop
  endfacet
  facet normal 0 0 1
    outer loop
      vertex -54.3005 -83.6155 800
      vertex -50 -86.6025 800
      vertex -49.85 -86.3427 800
    endloop
  endfacet
  facet normal 0 0 1
    outer loop
      vertex -54.3005 -83.6155 800
      vertex -54.4639 -83.8671 800
      vertex -50 -86.6025 800
    endloop
  endfacet
  facet normal 0 0 1
    outer loop
      vertex -58.6022 -80.659 800
      vertex -54.4639 -83.8671 800
      vertex -54.3005 -83.6155 800
    endloop
  endfacet
  facet normal 0 0 1
    outer loop
      vertex -58.6022 -80.659 800
      vertex -58.7785 -80.9017 800
      vertex -54.4639 -83.8671 800
    endloop
  endfacet
  facet normal 0 0 1
    outer loop
      vertex -62.7432 -77.4815 800
      vertex -58.7785 -80.9017 800
      vertex -58.6022 -80.659 800
    endloop
  endfacet
  facet normal 0 0 1
    outer loop
      vertex -62.7432 -77.4815 800
      vertex -62.932 -77.7146 800
      vertex -58.7785 -80.9017 800
    endloop
  endfacet
  facet normal 0 0 1
    outer loop
      vertex -66.7123 -74.0915 800
      vertex -62.932 -77.7146 800
      vertex -62.7432 -77.4815 800
    endloop
  endfacet
  facet normal 0 0 1
    outer loop
      vertex -66.7123 -74.0915 800
      vertex -66.9131 -74.3145 800
      vertex -62.932 -77.7146 800
    endloop
  endfacet
  facet normal 0 0 1
    outer loop
      vertex -70.4985 -70.4985 800
      vertex -66.9131 -74.3145 800
      vertex -66.7123 -74.0915 800
    endloop
  endfacet
  facet normal 0 0 1
    outer loop
      vertex -70.4985 -70.4985 800
      vertex -70.7107 -70.7107 800
      vertex -66.9131 -74.3145 800
    endloop
  endfacet
  facet normal 0 0 1
    outer loop
      vertex -74.0915 -66.7123 800
      vertex -70.7107 -70.7107 800
      vertex -70.4985 -70.4985 800
    endloop
  endfacet
  facet normal 0 0 1
    outer loop
      vertex -74.0915 -66.7123 800
      vertex -74.3145 -66.9131 800
      vertex -70.7107 -70.7107 800
    endloop
  endfacet
  facet normal 0 0 1
    outer loop
      vertex -77.4815 -62.7432 800
      vertex -74.3145 -66.9131 800
      vertex -74.0915 -66.7123 800
    endloop
  endfacet
  facet normal 0 0 1
    outer loop
      vertex -77.4815 -62.7432 800
      vertex -77.7146 -62.932 800
      vertex -74.3145 -66.9131 800
    endloop
  endfacet
  facet normal 0 0 1
    outer loop
      vertex -80.659 -58.6022 800
      vertex -77.7146 -62.932 800
      vertex -77.4815 -62.7432 800
    endloop
  endfacet
  facet normal 0 0 1
    outer loop
      vertex -80.659 -58.6022 800
      vertex -80.9017 -58.7785 800
      vertex -77.7146 -62.932 800
    endloop
  endfacet
  facet normal 0 0 1
    outer loop
      vertex -83.6155 -54.3005 800
      vertex -80.9017 -58.7785 800
      vertex -80.659 -58.6022 800
    endloop
  endfacet
  facet normal 0 0 1
    outer loop
      vertex -83.6155 -54.3005 800
      vertex -83.8671 -54.4639 800
      vertex -80.9017 -58.7785 800
    endloop
  endfacet
  facet normal 0 0 1
    outer loop
      vertex -86.3427 -49.85 800
      vertex -83.8671 -54.4639 800
      vertex -83.6155 -54.3005 800
    endloop
  endfacet
  facet normal 0 0 1
    outer loop
      vertex -86.3427 -49.85 800
      vertex -86.6025 -50 800
      vertex -83.8671 -54.4639 800
    endloop
  endfacet
  facet normal 0 0 1
    outer loop
      vertex -88.8334 -45.2629 800
      vertex -86.6025 -50 800
      vertex -86.3427 -49.85 800
    endloop
  endfacet
  facet normal 0 0 1
    outer loop
      vertex -88.8334 -45.2629 800
      vertex -89.1007 -45.399 800
      vertex -86.6025 -50 800
    endloop
  endfacet
  facet normal 0 0 1
    outer loop
      vertex -91.0805 -40.5516 800
      vertex -89.1007 -45.399 800
      vertex -88.8334 -45.2629 800
    endloop
  endfacet
  facet normal 0 0 1
    outer loop
      vertex -91.0805 -40.5516 800
      vertex -91.3545 -40.6737 800
      vertex -89.1007 -45.399 800
    endloop
  endfacet
  facet normal 0 0 1
    outer loop
      vertex -93.078 -35.7293 800
      vertex -91.3545 -40.6737 800
      vertex -91.0805 -40.5516 800
    endloop
  endfacet
  facet normal 0 0 1
    outer loop
      vertex -93.078 -35.7293 800
      vertex -93.358 -35.8368 800
      vertex -91.3545 -40.6737 800
    endloop
  endfacet
  facet normal 0 0 1
    outer loop
      vertex -94.8203 -30.809 800
      vertex -93.358 -35.8368 800
      vertex -93.078 -35.7293 800
    endloop
  endfacet
  facet normal 0 0 1
    outer loop
      vertex -94.8203 -30.809 800
      vertex -95.1057 -30.9017 800
      vertex -93.358 -35.8368 800
    endloop
  endfacet
  facet normal 0 0 1
    outer loop
      vertex -96.3028 -25.8043 800
      vertex -95.1057 -30.9017 800
      vertex -94.8203 -30.809 800
    endloop
  endfacet
  facet normal 0 0 1
    outer loop
      vertex -96.3028 -25.8043 800
      vertex -96.5926 -25.8819 800
      vertex -95.1057 -30.9017 800
    endloop
  endfacet
  facet normal 0 0 1
    outer loop
      vertex -97.5213 -20.7288 800
      vertex -96.5926 -25.8819 800
      vertex -96.3028 -25.8043 800
    endloop
  endfacet
  facet normal 0 0 1
    outer loop
      vertex -97.5213 -20.7288 800
      vertex -97.8148 -20.7912 800
      vertex -96.5926 -25.8819 800
    endloop
  endfacet
  facet normal 0 0 1
    outer loop
      vertex -98.4725 -15.5965 800
      vertex -97.8148 -20.7912 800
      vertex -97.5213 -20.7288 800
    endloop
  endfacet
  facet normal 0 0 1
    outer loop
      vertex -98.4725 -15.5965 800
      vertex -98.7688 -15.6434 800
      vertex -97.8148 -20.7912 800
    endloop
  endfacet
  facet normal 0 0 1
    outer loop
      vertex -99.1538 -10.4215 800
      vertex -98.7688 -15.6434 800
      vertex -98.4725 -15.5965 800
    endloop
  endfacet
  facet normal 0 0 1
    outer loop
      vertex -99.1538 -10.4215 800
      vertex -99.4522 -10.4528 800
      vertex -98.7688 -15.6434 800
    endloop
  endfacet
  facet normal 0 0 1
    outer loop
      vertex -99.5634 -5.21789 800
      vertex -99.4522 -10.4528 800
      vertex -99.1538 -10.4215 800
    endloop
  endfacet
  facet normal 0 0 1
    outer loop
      vertex -99.863 -5.23359 800
      vertex -99.5634 -5.21789 800
      vertex -99.7 0 800
    endloop
  endfacet
  facet normal 0 0 1
    outer loop
      vertex -100 0 800
      vertex -99.7 0 800
      vertex -99.863 5.23359 800
    endloop
  endfacet
  facet normal 0 0 1
    outer loop
      vertex -99.5634 -5.21789 800
      vertex -99.863 -5.23359 800
      vertex -99.4522 -10.4528 800
    endloop
  endfacet
  facet normal 0 0 1
    outer loop
      vertex -99.7 0 800
      vertex -100 0 800
      vertex -99.863 -5.23359 800
    endloop
  endfacet
  facet normal -0 0 -1
    outer loop
      vertex -29.77 43.1764 800
      vertex -52.2768 4.19335 800
      vertex -30 43.3013 800
    endloop
  endfacet
  facet normal 0 0 -1
    outer loop
      vertex -52.5 4.33013 800
      vertex -30 43.3013 800
      vertex -52.2768 4.19335 800
    endloop
  endfacet
  facet normal -0 0 -1
    outer loop
      vertex -30 43.3013 800
      vertex -52.5 4.33013 800
      vertex -30.2232 43.438 800
    endloop
  endfacet
  facet normal 0 0 -1
    outer loop
      vertex -52.73 4.45503 800
      vertex -30.2232 43.438 800
      vertex -52.5 4.33013 800
    endloop
  endfacet
  facet normal -0 0 -1
    outer loop
      vertex -30.2232 43.438 800
      vertex -52.73 4.45503 800
      vertex -30.4389 43.5863 800
    endloop
  endfacet
  facet normal 0 0 -1
    outer loop
      vertex -52.9663 4.56773 800
      vertex -30.4389 43.5863 800
      vertex -52.73 4.45503 800
    endloop
  endfacet
  facet normal -0 0 -1
    outer loop
      vertex -30.4389 43.5863 800
      vertex -52.9663 4.56773 800
      vertex -30.6466 43.7457 800
    endloop
  endfacet
  facet normal 0 0 -1
    outer loop
      vertex -53.2082 4.6679 800
      vertex -30.6466 43.7457 800
      vertex -52.9663 4.56773 800
    endloop
  endfacet
  facet normal -0 0 -1
    outer loop
      vertex -30.6466 43.7457 800
      vertex -53.2082 4.6679 800
      vertex -30.8457 43.9157 800
    endloop
  endfacet
  facet normal 0 0 -1
    outer loop
      vertex -53.4549 4.75528 800
      vertex -30.8457 43.9157 800
      vertex -53.2082 4.6679 800
    endloop
  endfacet
  facet normal -0 0 -1
    outer loop
      vertex -30.8457 43.9157 800
      vertex -53.4549 4.75528 800
      vertex -31.0355 44.0959 800
    endloop
  endfacet
  facet normal 0 0 -1
    outer loop
      vertex -53.7059 4.82963 800
      vertex -31.0355 44.0959 800
      vertex -53.4549 4.75528 800
    endloop
  endfacet
  facet normal -0 0 -1
    outer loop
      vertex -31.0355 44.0959 800
      vertex -53.7059 4.82963 800
      vertex -31.2157 44.2857 800
    endloop
  endfacet
  facet normal 0 0 -1
    outer loop
      vertex -53.9604 4.89074 800
      vertex -31.2157 44.2857 800
      vertex -53.7059 4.82963 800
    endloop
  endfacet
  facet normal -0 0 -1
    outer loop
      vertex -31.2157 44.2857 800
      vertex -53.9604 4.89074 800
      vertex -31.3857 44.4848 800
    endloop
  endfacet
  facet normal 0 0 -1
    outer loop
      vertex -54.2178 4.93844 800
      vertex -31.3857 44.4848 800
      vertex -53.9604 4.89074 800
    endloop
  endfacet
  facet normal -0 0 -1
    outer loop
      vertex -31.3857 44.4848 800
      vertex -54.2178 4.93844 800
      vertex -31.5451 44.6925 800
    endloop
  endfacet
  facet normal 0 0 -1
    outer loop
      vertex -54.4774 4.97261 800
      vertex -31.5451 44.6925 800
      vertex -54.2178 4.93844 800
    endloop
  endfacet
  facet normal -0 0 -1
    outer loop
      vertex -31.5451 44.6925 800
      vertex -54.4774 4.97261 800
      vertex -31.6934 44.9082 800
    endloop
  endfacet
  facet normal 0 0 -1
    outer loop
      vertex -54.7383 4.99315 800
      vertex -31.6934 44.9082 800
      vertex -54.4774 4.97261 800
    endloop
  endfacet
  facet normal -0 0 -1
    outer loop
      vertex -31.6934 44.9082 800
      vertex -54.7383 4.99315 800
      vertex -31.8301 45.1314 800
    endloop
  endfacet
  facet normal 0 0 -1
    outer loop
      vertex -32.4384 46.8492 800
      vertex -52.9007 72.8115 800
      vertex -49.0175 75.4803 800
    endloop
  endfacet
  facet normal 0 0 -1
    outer loop
      vertex -55 5 800
      vertex -31.8301 45.1314 800
      vertex -54.7383 4.99315 800
    endloop
  endfacet
  facet normal 0 0 -1
    outer loop
      vertex -77.9423 45 800
      vertex -31.8301 45.1314 800
      vertex -55 5 800
    endloop
  endfacet
  facet normal -0 0 -1
    outer loop
      vertex -31.8301 45.1314 800
      vertex -77.9423 45 800
      vertex -31.955 45.3614 800
    endloop
  endfacet
  facet normal 0 -0 -1
    outer loop
      vertex -75.4803 49.0175 800
      vertex -31.955 45.3614 800
      vertex -77.9423 45 800
    endloop
  endfacet
  facet normal 0 0 -1
    outer loop
      vertex -31.955 45.3614 800
      vertex -75.4803 49.0175 800
      vertex -32.0677 45.5977 800
    endloop
  endfacet
  facet normal 0 0 -1
    outer loop
      vertex -32.0677 45.5977 800
      vertex -75.4803 49.0175 800
      vertex -32.1679 45.8396 800
    endloop
  endfacet
  facet normal 0 -0 -1
    outer loop
      vertex -72.8115 52.9007 800
      vertex -32.1679 45.8396 800
      vertex -75.4803 49.0175 800
    endloop
  endfacet
  facet normal 0 0 -1
    outer loop
      vertex -32.1679 45.8396 800
      vertex -72.8115 52.9007 800
      vertex -32.2553 46.0863 800
    endloop
  endfacet
  facet normal 0 0 -1
    outer loop
      vertex -32.2553 46.0863 800
      vertex -72.8115 52.9007 800
      vertex -32.3296 46.3373 800
    endloop
  endfacet
  facet normal 0 0 -1
    outer loop
      vertex -77.9423 45 800
      vertex -55 5 800
      vertex -55.2617 4.99315 800
    endloop
  endfacet
  facet normal 0 0 -1
    outer loop
      vertex -80.1906 40.8591 800
      vertex -55.2617 4.99315 800
      vertex -55.5226 4.97261 800
    endloop
  endfacet
  facet normal 0 0 -1
    outer loop
      vertex -80.1906 40.8591 800
      vertex -55.5226 4.97261 800
      vertex -55.7822 4.93844 800
    endloop
  endfacet
  facet normal 0 0 -1
    outer loop
      vertex -82.2191 36.6063 800
      vertex -55.7822 4.93844 800
      vertex -56.0396 4.89074 800
    endloop
  endfacet
  facet normal 0 0 -1
    outer loop
      vertex -82.2191 36.6063 800
      vertex -56.0396 4.89074 800
      vertex -56.2941 4.82963 800
    endloop
  endfacet
  facet normal 0 0 -1
    outer loop
      vertex -82.2191 36.6063 800
      vertex -56.2941 4.82963 800
      vertex -56.5451 4.75528 800
    endloop
  endfacet
  facet normal 0 0 -1
    outer loop
      vertex -32.4384 46.8492 800
      vertex -56.6388 69.9431 800
      vertex -52.9007 72.8115 800
    endloop
  endfacet
  facet normal 0 0 -1
    outer loop
      vertex -84.0222 32.2531 800
      vertex -56.5451 4.75528 800
      vertex -56.7918 4.6679 800
    endloop
  endfacet
  facet normal 0 0 -1
    outer loop
      vertex -84.0222 32.2531 800
      vertex -56.7918 4.6679 800
      vertex -57.0337 4.56773 800
    endloop
  endfacet
  facet normal 0 0 -1
    outer loop
      vertex -85.5951 27.8115 800
      vertex -57.0337 4.56773 800
      vertex -57.27 4.45503 800
    endloop
  endfacet
  facet normal 0 0 -1
    outer loop
      vertex -85.5951 27.8115 800
      vertex -57.27 4.45503 800
      vertex -57.5 4.33013 800
    endloop
  endfacet
  facet normal 0 0 -1
    outer loop
      vertex -85.5951 27.8115 800
      vertex -57.5 4.33013 800
      vertex -57.7232 4.19335 800
    endloop
  endfacet
  facet normal 0 0 -1
    outer loop
      vertex -86.9333 23.2937 800
      vertex -57.7232 4.19335 800
      vertex -57.9389 4.04508 800
    endloop
  endfacet
  facet normal 0 0 -1
    outer loop
      vertex -86.9333 23.2937 800
      vertex -57.9389 4.04508 800
      vertex -58.1466 3.88573 800
    endloop
  endfacet
  facet normal 0 0 -1
    outer loop
      vertex -86.9333 23.2937 800
      vertex -58.1466 3.88573 800
      vertex -58.3457 3.71572 800
    endloop
  endfacet
  facet normal 0 0 -1
    outer loop
      vertex -88.0333 18.7121 800
      vertex -58.3457 3.71572 800
      vertex -58.5355 3.53553 800
    endloop
  endfacet
  facet normal 0 0 -1
    outer loop
      vertex -88.0333 18.7121 800
      vertex -58.5355 3.53553 800
      vertex -58.7157 3.34565 800
    endloop
  endfacet
  facet normal 0 0 -1
    outer loop
      vertex -88.0333 18.7121 800
      vertex -58.7157 3.34565 800
      vertex -58.8857 3.1466 800
    endloop
  endfacet
  facet normal 0 0 -1
    outer loop
      vertex -88.0333 18.7121 800
      vertex -58.8857 3.1466 800
      vertex -59.0451 2.93893 800
    endloop
  endfacet
  facet normal 0 0 -1
    outer loop
      vertex -88.892 14.0791 800
      vertex -59.0451 2.93893 800
      vertex -59.1934 2.7232 800
    endloop
  endfacet
  facet normal 0 0 -1
    outer loop
      vertex -88.892 14.0791 800
      vertex -59.1934 2.7232 800
      vertex -59.3301 2.5 800
    endloop
  endfacet
  facet normal 0 0 -1
    outer loop
      vertex -88.892 14.0791 800
      vertex -59.3301 2.5 800
      vertex -59.455 2.26995 800
    endloop
  endfacet
  facet normal 0 0 -1
    outer loop
      vertex -89.507 9.40756 800
      vertex -59.455 2.26995 800
      vertex -59.5677 2.03368 800
    endloop
  endfacet
  facet normal 0 0 -1
    outer loop
      vertex -89.507 9.40756 800
      vertex -59.5677 2.03368 800
      vertex -59.6679 1.79184 800
    endloop
  endfacet
  facet normal 0 0 -1
    outer loop
      vertex -89.507 9.40756 800
      vertex -59.6679 1.79184 800
      vertex -59.7553 1.54508 800
    endloop
  endfacet
  facet normal 0 0 -1
    outer loop
      vertex -89.507 9.40756 800
      vertex -59.7553 1.54508 800
      vertex -59.8296 1.2941 800
    endloop
  endfacet
  facet normal 0 0 -1
    outer loop
      vertex -89.8767 4.71024 800
      vertex -59.8296 1.2941 800
      vertex -59.8907 1.03956 800
    endloop
  endfacet
  facet normal 0 0 -1
    outer loop
      vertex -89.8767 4.71024 800
      vertex -59.8907 1.03956 800
      vertex -59.9384 0.782172 800
    endloop
  endfacet
  facet normal 0 0 -1
    outer loop
      vertex -89.8767 4.71024 800
      vertex -59.9384 0.782172 800
      vertex -59.9726 0.522642 800
    endloop
  endfacet
  facet normal 0 0 -1
    outer loop
      vertex -90 0 800
      vertex -59.9726 0.522642 800
      vertex -59.9931 0.26168 800
    endloop
  endfacet
  facet normal 0 0 -1
    outer loop
      vertex -32.4384 46.8492 800
      vertex -60.2218 66.883 800
      vertex -56.6388 69.9431 800
    endloop
  endfacet
  facet normal 0 0 -1
    outer loop
      vertex -90 0 800
      vertex -59.9931 0.26168 800
      vertex -60 0 800
    endloop
  endfacet
  facet normal 0 0 -1
    outer loop
      vertex -88.892 -14.0791 800
      vertex -59.0451 -2.93893 800
      vertex -88.0333 -18.7121 800
    endloop
  endfacet
  facet normal -0 0 -1
    outer loop
      vertex -59.0451 -2.93893 800
      vertex -88.892 -14.0791 800
      vertex -59.1934 -2.7232 800
    endloop
  endfacet
  facet normal 0 0 -1
    outer loop
      vertex -32.4384 46.8492 800
      vertex -63.6396 63.6396 800
      vertex -60.2218 66.883 800
    endloop
  endfacet
  facet normal -0 0 -1
    outer loop
      vertex -59.1934 -2.7232 800
      vertex -88.892 -14.0791 800
      vertex -59.3301 -2.5 800
    endloop
  endfacet
  facet normal 0 0 -1
    outer loop
      vertex -32.4384 46.8492 800
      vertex -66.883 60.2218 800
      vertex -63.6396 63.6396 800
    endloop
  endfacet
  facet normal -0 0 -1
    outer loop
      vertex -59.3301 -2.5 800
      vertex -88.892 -14.0791 800
      vertex -59.455 -2.26995 800
    endloop
  endfacet
  facet normal 0 0 -1
    outer loop
      vertex -32.4384 46.8492 800
      vertex -69.9431 56.6388 800
      vertex -66.883 60.2218 800
    endloop
  endfacet
  facet normal 0 0 -1
    outer loop
      vertex -89.507 -9.40756 800
      vertex -59.455 -2.26995 800
      vertex -88.892 -14.0791 800
    endloop
  endfacet
  facet normal 0 0 -1
    outer loop
      vertex -32.3907 46.5918 800
      vertex -69.9431 56.6388 800
      vertex -32.4384 46.8492 800
    endloop
  endfacet
  facet normal -0 0 -1
    outer loop
      vertex -59.455 -2.26995 800
      vertex -89.507 -9.40756 800
      vertex -59.5677 -2.03368 800
    endloop
  endfacet
  facet normal 0 -0 -1
    outer loop
      vertex -69.9431 56.6388 800
      vertex -32.3907 46.5918 800
      vertex -72.8115 52.9007 800
    endloop
  endfacet
  facet normal -0 0 -1
    outer loop
      vertex -59.5677 -2.03368 800
      vertex -89.507 -9.40756 800
      vertex -59.6679 -1.79184 800
    endloop
  endfacet
  facet normal 0 0 -1
    outer loop
      vertex -32.3296 46.3373 800
      vertex -72.8115 52.9007 800
      vertex -32.3907 46.5918 800
    endloop
  endfacet
  facet normal -0 0 -1
    outer loop
      vertex -59.6679 -1.79184 800
      vertex -89.507 -9.40756 800
      vertex -59.7553 -1.54508 800
    endloop
  endfacet
  facet normal 0 0 -1
    outer loop
      vertex -55.2617 4.99315 800
      vertex -80.1906 40.8591 800
      vertex -77.9423 45 800
    endloop
  endfacet
  facet normal -0 0 -1
    outer loop
      vertex -59.7553 -1.54508 800
      vertex -89.507 -9.40756 800
      vertex -59.8296 -1.2941 800
    endloop
  endfacet
  facet normal 0 0 -1
    outer loop
      vertex -55.7822 4.93844 800
      vertex -82.2191 36.6063 800
      vertex -80.1906 40.8591 800
    endloop
  endfacet
  facet normal 0 0 -1
    outer loop
      vertex -89.8767 -4.71024 800
      vertex -59.8296 -1.2941 800
      vertex -89.507 -9.40756 800
    endloop
  endfacet
  facet normal 0 0 -1
    outer loop
      vertex -56.5451 4.75528 800
      vertex -84.0222 32.2531 800
      vertex -82.2191 36.6063 800
    endloop
  endfacet
  facet normal -0 0 -1
    outer loop
      vertex -59.8296 -1.2941 800
      vertex -89.8767 -4.71024 800
      vertex -59.8907 -1.03956 800
    endloop
  endfacet
  facet normal 0 0 -1
    outer loop
      vertex -57.0337 4.56773 800
      vertex -85.5951 27.8115 800
      vertex -84.0222 32.2531 800
    endloop
  endfacet
  facet normal -0 0 -1
    outer loop
      vertex -59.8907 -1.03956 800
      vertex -89.8767 -4.71024 800
      vertex -59.9384 -0.782172 800
    endloop
  endfacet
  facet normal 0 0 -1
    outer loop
      vertex -57.7232 4.19335 800
      vertex -86.9333 23.2937 800
      vertex -85.5951 27.8115 800
    endloop
  endfacet
  facet normal -0 0 -1
    outer loop
      vertex -59.9384 -0.782172 800
      vertex -89.8767 -4.71024 800
      vertex -59.9726 -0.522642 800
    endloop
  endfacet
  facet normal 0 0 -1
    outer loop
      vertex -58.3457 3.71572 800
      vertex -88.0333 18.7121 800
      vertex -86.9333 23.2937 800
    endloop
  endfacet
  facet normal 0 0 -1
    outer loop
      vertex -90 0 800
      vertex -59.9726 -0.522642 800
      vertex -89.8767 -4.71024 800
    endloop
  endfacet
  facet normal 0 0 -1
    outer loop
      vertex -59.0451 2.93893 800
      vertex -88.892 14.0791 800
      vertex -88.0333 18.7121 800
    endloop
  endfacet
  facet normal 0 0 -1
    outer loop
      vertex -59.9726 -0.522642 800
      vertex -90 0 800
      vertex -59.9931 -0.26168 800
    endloop
  endfacet
  facet normal 0 0 -1
    outer loop
      vertex -59.455 2.26995 800
      vertex -89.507 9.40756 800
      vertex -88.892 14.0791 800
    endloop
  endfacet
  facet normal 0 0 -1
    outer loop
      vertex -59.9931 -0.26168 800
      vertex -90 0 800
      vertex -60 0 800
    endloop
  endfacet
  facet normal 0 0 -1
    outer loop
      vertex -59.8296 1.2941 800
      vertex -89.8767 4.71024 800
      vertex -89.507 9.40756 800
    endloop
  endfacet
  facet normal -0 0 -1
    outer loop
      vertex -59.9726 0.522642 800
      vertex -90 0 800
      vertex -89.8767 4.71024 800
    endloop
  endfacet
  facet normal 0 0 -1
    outer loop
      vertex -23.3066 -44.9082 800
      vertex 23.3066 -44.9082 800
      vertex -23.1699 -45.1314 800
    endloop
  endfacet
  facet normal 0 0 -1
    outer loop
      vertex 24.7768 43.438 800
      vertex -22.5069 47.3697 800
      vertex -22.5 47.6314 800
    endloop
  endfacet
  facet normal 0 0 -1
    outer loop
      vertex 23.3066 -44.9082 800
      vertex -23.3066 -44.9082 800
      vertex 23.4549 -44.6925 800
    endloop
  endfacet
  facet normal 0 0 -1
    outer loop
      vertex 24.7768 43.438 800
      vertex -22.5274 47.1088 800
      vertex -22.5069 47.3697 800
    endloop
  endfacet
  facet normal 0 0 -1
    outer loop
      vertex -23.4549 -44.6925 800
      vertex 23.4549 -44.6925 800
      vertex -23.3066 -44.9082 800
    endloop
  endfacet
  facet normal 0 0 -1
    outer loop
      vertex 24.7768 43.438 800
      vertex -22.5616 46.8492 800
      vertex -22.5274 47.1088 800
    endloop
  endfacet
  facet normal 0 0 -1
    outer loop
      vertex 23.4549 -44.6925 800
      vertex -23.4549 -44.6925 800
      vertex 23.6143 -44.4848 800
    endloop
  endfacet
  facet normal 0 0 -1
    outer loop
      vertex 24.7768 43.438 800
      vertex -22.6093 46.5918 800
      vertex -22.5616 46.8492 800
    endloop
  endfacet
  facet normal 0 0 -1
    outer loop
      vertex -23.6143 -44.4848 800
      vertex 23.6143 -44.4848 800
      vertex -23.4549 -44.6925 800
    endloop
  endfacet
  facet normal 0 0 -1
    outer loop
      vertex 24.7768 43.438 800
      vertex -22.6704 46.3373 800
      vertex -22.6093 46.5918 800
    endloop
  endfacet
  facet normal 0 0 -1
    outer loop
      vertex 23.6143 -44.4848 800
      vertex -23.6143 -44.4848 800
      vertex 23.7843 -44.2857 800
    endloop
  endfacet
  facet normal 0 0 -1
    outer loop
      vertex 24.7768 43.438 800
      vertex -22.7447 46.0863 800
      vertex -22.6704 46.3373 800
    endloop
  endfacet
  facet normal 0 0 -1
    outer loop
      vertex -23.7843 -44.2857 800
      vertex 23.7843 -44.2857 800
      vertex -23.6143 -44.4848 800
    endloop
  endfacet
  facet normal 0 0 -1
    outer loop
      vertex 24.7768 43.438 800
      vertex -22.8321 45.8396 800
      vertex -22.7447 46.0863 800
    endloop
  endfacet
  facet normal 0 0 -1
    outer loop
      vertex 23.7843 -44.2857 800
      vertex -23.7843 -44.2857 800
      vertex 23.9645 -44.0959 800
    endloop
  endfacet
  facet normal 0 0 -1
    outer loop
      vertex 24.7768 43.438 800
      vertex -22.9323 45.5977 800
      vertex -22.8321 45.8396 800
    endloop
  endfacet
  facet normal 0 0 -1
    outer loop
      vertex -23.9645 -44.0959 800
      vertex 23.9645 -44.0959 800
      vertex -23.7843 -44.2857 800
    endloop
  endfacet
  facet normal 0 0 -1
    outer loop
      vertex 24.7768 43.438 800
      vertex -23.045 45.3614 800
      vertex -22.9323 45.5977 800
    endloop
  endfacet
  facet normal 0 0 -1
    outer loop
      vertex 23.9645 -44.0959 800
      vertex -23.9645 -44.0959 800
      vertex 24.1543 -43.9157 800
    endloop
  endfacet
  facet normal 0 0 -1
    outer loop
      vertex 24.7768 43.438 800
      vertex -23.1699 45.1314 800
      vertex -23.045 45.3614 800
    endloop
  endfacet
  facet normal 0 0 -1
    outer loop
      vertex -24.1543 -43.9157 800
      vertex 24.1543 -43.9157 800
      vertex -23.9645 -44.0959 800
    endloop
  endfacet
  facet normal 0 0 -1
    outer loop
      vertex 24.7768 43.438 800
      vertex -23.3066 44.9082 800
      vertex -23.1699 45.1314 800
    endloop
  endfacet
  facet normal 0 0 -1
    outer loop
      vertex 24.1543 -43.9157 800
      vertex -24.1543 -43.9157 800
      vertex 24.3534 -43.7457 800
    endloop
  endfacet
  facet normal 0 0 -1
    outer loop
      vertex 24.7768 43.438 800
      vertex -23.4549 44.6925 800
      vertex -23.3066 44.9082 800
    endloop
  endfacet
  facet normal 0 0 -1
    outer loop
      vertex -24.3534 -43.7457 800
      vertex 24.3534 -43.7457 800
      vertex -24.1543 -43.9157 800
    endloop
  endfacet
  facet normal 0 0 -1
    outer loop
      vertex 24.7768 43.438 800
      vertex -23.6143 44.4848 800
      vertex -23.4549 44.6925 800
    endloop
  endfacet
  facet normal 0 0 -1
    outer loop
      vertex 24.3534 -43.7457 800
      vertex -24.3534 -43.7457 800
      vertex 24.5611 -43.5863 800
    endloop
  endfacet
  facet normal 0 0 -1
    outer loop
      vertex 24.7768 43.438 800
      vertex -23.7843 44.2857 800
      vertex -23.6143 44.4848 800
    endloop
  endfacet
  facet normal 0 0 -1
    outer loop
      vertex -24.5611 -43.5863 800
      vertex 24.5611 -43.5863 800
      vertex -24.3534 -43.7457 800
    endloop
  endfacet
  facet normal 0 0 -1
    outer loop
      vertex 24.7768 43.438 800
      vertex -23.9645 44.0959 800
      vertex -23.7843 44.2857 800
    endloop
  endfacet
  facet normal 0 0 -1
    outer loop
      vertex 24.5611 -43.5863 800
      vertex -24.5611 -43.5863 800
      vertex 24.7768 -43.438 800
    endloop
  endfacet
  facet normal 0 0 -1
    outer loop
      vertex 24.7768 43.438 800
      vertex -24.1543 43.9157 800
      vertex -23.9645 44.0959 800
    endloop
  endfacet
  facet normal 0 0 -1
    outer loop
      vertex -24.7768 -43.438 800
      vertex 24.7768 -43.438 800
      vertex -24.5611 -43.5863 800
    endloop
  endfacet
  facet normal 0 0 -1
    outer loop
      vertex 24.7768 43.438 800
      vertex -24.3534 43.7457 800
      vertex -24.1543 43.9157 800
    endloop
  endfacet
  facet normal 0 0 -1
    outer loop
      vertex -25 -43.3013 800
      vertex 24.7768 -43.438 800
      vertex -24.7768 -43.438 800
    endloop
  endfacet
  facet normal 0 0 -1
    outer loop
      vertex 24.7768 43.438 800
      vertex -24.5611 43.5863 800
      vertex -24.3534 43.7457 800
    endloop
  endfacet
  facet normal 0 0 -1
    outer loop
      vertex 24.7768 -43.438 800
      vertex -25 -43.3013 800
      vertex 24.7768 43.438 800
    endloop
  endfacet
  facet normal 0 0 -1
    outer loop
      vertex 24.7768 43.438 800
      vertex -24.7768 43.438 800
      vertex -24.5611 43.5863 800
    endloop
  endfacet
  facet normal 0 0 -1
    outer loop
      vertex -25 43.3013 800
      vertex 24.7768 43.438 800
      vertex -25 -43.3013 800
    endloop
  endfacet
  facet normal -0 0 -1
    outer loop
      vertex 24.7768 43.438 800
      vertex -25 43.3013 800
      vertex -24.7768 43.438 800
    endloop
  endfacet
  facet normal 0 0 -1
    outer loop
      vertex -50 0 800
      vertex -25 -43.3013 800
      vertex -25.23 -43.1764 800
    endloop
  endfacet
  facet normal 0 0 -1
    outer loop
      vertex -25 -43.3013 800
      vertex -50 0 800
      vertex -25 43.3013 800
    endloop
  endfacet
  facet normal 0 0 -1
    outer loop
      vertex -50.0069 -0.26168 800
      vertex -25.23 -43.1764 800
      vertex -25.4663 -43.0637 800
    endloop
  endfacet
  facet normal 0 0 -1
    outer loop
      vertex -25 43.3013 800
      vertex -50 0 800
      vertex -25.23 43.1764 800
    endloop
  endfacet
  facet normal 0 0 -1
    outer loop
      vertex -50.0274 -0.522642 800
      vertex -25.4663 -43.0637 800
      vertex -25.7082 -42.9635 800
    endloop
  endfacet
  facet normal 0 0 -1
    outer loop
      vertex -50.0069 0.26168 800
      vertex -25.23 43.1764 800
      vertex -50 0 800
    endloop
  endfacet
  facet normal 0 0 -1
    outer loop
      vertex -50.0616 -0.782172 800
      vertex -25.7082 -42.9635 800
      vertex -25.9549 -42.8761 800
    endloop
  endfacet
  facet normal 0 0 -1
    outer loop
      vertex -25.23 43.1764 800
      vertex -50.0069 0.26168 800
      vertex -25.4663 43.0637 800
    endloop
  endfacet
  facet normal 0 0 -1
    outer loop
      vertex -50.0616 -0.782172 800
      vertex -25.9549 -42.8761 800
      vertex -26.2059 -42.8018 800
    endloop
  endfacet
  facet normal 0 0 -1
    outer loop
      vertex -50.0274 0.522642 800
      vertex -25.4663 43.0637 800
      vertex -50.0069 0.26168 800
    endloop
  endfacet
  facet normal 0 0 -1
    outer loop
      vertex -50.0616 -0.782172 800
      vertex -26.2059 -42.8018 800
      vertex -26.4604 -42.7407 800
    endloop
  endfacet
  facet normal 0 0 -1
    outer loop
      vertex -25.4663 43.0637 800
      vertex -50.0274 0.522642 800
      vertex -25.7082 42.9635 800
    endloop
  endfacet
  facet normal 0 0 -1
    outer loop
      vertex -50.0616 -0.782172 800
      vertex -26.4604 -42.7407 800
      vertex -26.7178 -42.693 800
    endloop
  endfacet
  facet normal 0 0 -1
    outer loop
      vertex -50.0616 0.782172 800
      vertex -25.7082 42.9635 800
      vertex -50.0274 0.522642 800
    endloop
  endfacet
  facet normal 0 0 -1
    outer loop
      vertex -50.0616 -0.782172 800
      vertex -26.7178 -42.693 800
      vertex -26.9774 -42.6588 800
    endloop
  endfacet
  facet normal 0 0 -1
    outer loop
      vertex -25.7082 42.9635 800
      vertex -50.0616 0.782172 800
      vertex -25.9549 42.8761 800
    endloop
  endfacet
  facet normal 0 0 -1
    outer loop
      vertex -50.0616 -0.782172 800
      vertex -26.9774 -42.6588 800
      vertex -27.2383 -42.6382 800
    endloop
  endfacet
  facet normal 0 0 -1
    outer loop
      vertex -50.1093 1.03956 800
      vertex -25.9549 42.8761 800
      vertex -50.0616 0.782172 800
    endloop
  endfacet
  facet normal 0 0 -1
    outer loop
      vertex -50.0616 -0.782172 800
      vertex -27.2383 -42.6382 800
      vertex -27.5 -42.6314 800
    endloop
  endfacet
  facet normal 0 0 -1
    outer loop
      vertex -25.9549 42.8761 800
      vertex -50.1093 1.03956 800
      vertex -26.2059 42.8018 800
    endloop
  endfacet
  facet normal 0 0 -1
    outer loop
      vertex -50.0616 -0.782172 800
      vertex -27.5 -42.6314 800
      vertex -27.7617 -42.6382 800
    endloop
  endfacet
  facet normal 0 0 -1
    outer loop
      vertex -50.1704 1.2941 800
      vertex -26.2059 42.8018 800
      vertex -50.1093 1.03956 800
    endloop
  endfacet
  facet normal 0 0 -1
    outer loop
      vertex -50.0616 -0.782172 800
      vertex -27.7617 -42.6382 800
      vertex -28.0226 -42.6588 800
    endloop
  endfacet
  facet normal 0 0 -1
    outer loop
      vertex -26.2059 42.8018 800
      vertex -50.1704 1.2941 800
      vertex -26.4604 42.7407 800
    endloop
  endfacet
  facet normal 0 0 -1
    outer loop
      vertex -50.0616 -0.782172 800
      vertex -28.0226 -42.6588 800
      vertex -28.2822 -42.693 800
    endloop
  endfacet
  facet normal 0 0 -1
    outer loop
      vertex -50.2447 1.54508 800
      vertex -26.4604 42.7407 800
      vertex -50.1704 1.2941 800
    endloop
  endfacet
  facet normal 0 0 -1
    outer loop
      vertex -50.0616 -0.782172 800
      vertex -28.2822 -42.693 800
      vertex -28.5396 -42.7407 800
    endloop
  endfacet
  facet normal 0 0 -1
    outer loop
      vertex -26.4604 42.7407 800
      vertex -50.2447 1.54508 800
      vertex -26.7178 42.693 800
    endloop
  endfacet
  facet normal 0 0 -1
    outer loop
      vertex -50.0616 -0.782172 800
      vertex -28.5396 -42.7407 800
      vertex -28.7941 -42.8018 800
    endloop
  endfacet
  facet normal 0 0 -1
    outer loop
      vertex -50.3321 1.79184 800
      vertex -26.7178 42.693 800
      vertex -50.2447 1.54508 800
    endloop
  endfacet
  facet normal 0 0 -1
    outer loop
      vertex -50.0616 -0.782172 800
      vertex -28.7941 -42.8018 800
      vertex -29.0451 -42.8761 800
    endloop
  endfacet
  facet normal 0 0 -1
    outer loop
      vertex -26.7178 42.693 800
      vertex -50.3321 1.79184 800
      vertex -26.9774 42.6588 800
    endloop
  endfacet
  facet normal 0 0 -1
    outer loop
      vertex -50.0616 -0.782172 800
      vertex -29.0451 -42.8761 800
      vertex -29.2918 -42.9635 800
    endloop
  endfacet
  facet normal 0 0 -1
    outer loop
      vertex -50.4323 2.03368 800
      vertex -26.9774 42.6588 800
      vertex -50.3321 1.79184 800
    endloop
  endfacet
  facet normal 0 0 -1
    outer loop
      vertex -50.0616 -0.782172 800
      vertex -29.2918 -42.9635 800
      vertex -29.5337 -43.0637 800
    endloop
  endfacet
  facet normal 0 0 -1
    outer loop
      vertex -26.9774 42.6588 800
      vertex -50.4323 2.03368 800
      vertex -27.2383 42.6382 800
    endloop
  endfacet
  facet normal 0 0 -1
    outer loop
      vertex -50.0616 -0.782172 800
      vertex -29.5337 -43.0637 800
      vertex -29.77 -43.1764 800
    endloop
  endfacet
  facet normal 0 0 -1
    outer loop
      vertex -50.545 2.26995 800
      vertex -27.2383 42.6382 800
      vertex -50.4323 2.03368 800
    endloop
  endfacet
  facet normal 0 0 -1
    outer loop
      vertex -50.0616 -0.782172 800
      vertex -29.77 -43.1764 800
      vertex -30 -43.3013 800
    endloop
  endfacet
  facet normal 0 0 -1
    outer loop
      vertex -27.2383 42.6382 800
      vertex -50.545 2.26995 800
      vertex -27.5 42.6314 800
    endloop
  endfacet
  facet normal 0 0 -1
    outer loop
      vertex -50.0616 -0.782172 800
      vertex -30 -43.3013 800
      vertex -30.2232 -43.438 800
    endloop
  endfacet
  facet normal 0 0 -1
    outer loop
      vertex -50.6699 2.5 800
      vertex -27.5 42.6314 800
      vertex -50.545 2.26995 800
    endloop
  endfacet
  facet normal 0 0 -1
    outer loop
      vertex -50.0616 -0.782172 800
      vertex -30.2232 -43.438 800
      vertex -30.4389 -43.5863 800
    endloop
  endfacet
  facet normal -0 0 -1
    outer loop
      vertex -27.5 42.6314 800
      vertex -50.6699 2.5 800
      vertex -27.7617 42.6382 800
    endloop
  endfacet
  facet normal 0 0 -1
    outer loop
      vertex -50.0616 -0.782172 800
      vertex -30.4389 -43.5863 800
      vertex -30.6466 -43.7457 800
    endloop
  endfacet
  facet normal 0 0 -1
    outer loop
      vertex -50.8066 2.7232 800
      vertex -27.7617 42.6382 800
      vertex -50.6699 2.5 800
    endloop
  endfacet
  facet normal 0 0 -1
    outer loop
      vertex -50.0616 -0.782172 800
      vertex -30.6466 -43.7457 800
      vertex -30.8457 -43.9157 800
    endloop
  endfacet
  facet normal -0 0 -1
    outer loop
      vertex -27.7617 42.6382 800
      vertex -50.8066 2.7232 800
      vertex -28.0226 42.6588 800
    endloop
  endfacet
  facet normal 0 0 -1
    outer loop
      vertex -50.0616 -0.782172 800
      vertex -30.8457 -43.9157 800
      vertex -31.0355 -44.0959 800
    endloop
  endfacet
  facet normal 0 0 -1
    outer loop
      vertex -50.9549 2.93893 800
      vertex -28.0226 42.6588 800
      vertex -50.8066 2.7232 800
    endloop
  endfacet
  facet normal 0 0 -1
    outer loop
      vertex -50.0616 -0.782172 800
      vertex -31.0355 -44.0959 800
      vertex -31.2157 -44.2857 800
    endloop
  endfacet
  facet normal -0 0 -1
    outer loop
      vertex -28.0226 42.6588 800
      vertex -50.9549 2.93893 800
      vertex -28.2822 42.693 800
    endloop
  endfacet
  facet normal 0 0 -1
    outer loop
      vertex -50.0616 -0.782172 800
      vertex -31.2157 -44.2857 800
      vertex -31.3857 -44.4848 800
    endloop
  endfacet
  facet normal 0 0 -1
    outer loop
      vertex -51.1143 3.1466 800
      vertex -28.2822 42.693 800
      vertex -50.9549 2.93893 800
    endloop
  endfacet
  facet normal 0 0 -1
    outer loop
      vertex -50.0616 -0.782172 800
      vertex -31.3857 -44.4848 800
      vertex -31.5451 -44.6925 800
    endloop
  endfacet
  facet normal -0 0 -1
    outer loop
      vertex -28.2822 42.693 800
      vertex -51.1143 3.1466 800
      vertex -28.5396 42.7407 800
    endloop
  endfacet
  facet normal 0 0 -1
    outer loop
      vertex -50.0616 -0.782172 800
      vertex -31.5451 -44.6925 800
      vertex -31.6934 -44.9082 800
    endloop
  endfacet
  facet normal 0 0 -1
    outer loop
      vertex -51.2843 3.34565 800
      vertex -28.5396 42.7407 800
      vertex -51.1143 3.1466 800
    endloop
  endfacet
  facet normal 0 0 -1
    outer loop
      vertex -50.0616 -0.782172 800
      vertex -31.6934 -44.9082 800
      vertex -31.8301 -45.1314 800
    endloop
  endfacet
  facet normal -0 0 -1
    outer loop
      vertex -28.5396 42.7407 800
      vertex -51.2843 3.34565 800
      vertex -28.7941 42.8018 800
    endloop
  endfacet
  facet normal 0 0 -1
    outer loop
      vertex -50.0616 -0.782172 800
      vertex -31.8301 -45.1314 800
      vertex -31.955 -45.3614 800
    endloop
  endfacet
  facet normal 0 0 -1
    outer loop
      vertex -51.4645 3.53553 800
      vertex -28.7941 42.8018 800
      vertex -51.2843 3.34565 800
    endloop
  endfacet
  facet normal 0 0 -1
    outer loop
      vertex -50.0616 -0.782172 800
      vertex -31.955 -45.3614 800
      vertex -32.0677 -45.5977 800
    endloop
  endfacet
  facet normal -0 0 -1
    outer loop
      vertex -28.7941 42.8018 800
      vertex -51.4645 3.53553 800
      vertex -29.0451 42.8761 800
    endloop
  endfacet
  facet normal 0 0 -1
    outer loop
      vertex -50.0616 -0.782172 800
      vertex -32.0677 -45.5977 800
      vertex -32.1679 -45.8396 800
    endloop
  endfacet
  facet normal 0 0 -1
    outer loop
      vertex -51.6543 3.71572 800
      vertex -29.0451 42.8761 800
      vertex -51.4645 3.53553 800
    endloop
  endfacet
  facet normal 0 0 -1
    outer loop
      vertex -50.0616 -0.782172 800
      vertex -32.1679 -45.8396 800
      vertex -32.2553 -46.0863 800
    endloop
  endfacet
  facet normal -0 0 -1
    outer loop
      vertex -29.0451 42.8761 800
      vertex -51.6543 3.71572 800
      vertex -29.2918 42.9635 800
    endloop
  endfacet
  facet normal 0 0 -1
    outer loop
      vertex -50.0616 -0.782172 800
      vertex -32.2553 -46.0863 800
      vertex -32.3296 -46.3373 800
    endloop
  endfacet
  facet normal 0 0 -1
    outer loop
      vertex -51.8534 3.88573 800
      vertex -29.2918 42.9635 800
      vertex -51.6543 3.71572 800
    endloop
  endfacet
  facet normal 0 0 -1
    outer loop
      vertex -50.0616 -0.782172 800
      vertex -32.3296 -46.3373 800
      vertex -32.3907 -46.5918 800
    endloop
  endfacet
  facet normal -0 0 -1
    outer loop
      vertex -29.2918 42.9635 800
      vertex -51.8534 3.88573 800
      vertex -29.5337 43.0637 800
    endloop
  endfacet
  facet normal 0 0 -1
    outer loop
      vertex -50.0616 -0.782172 800
      vertex -32.3907 -46.5918 800
      vertex -32.4384 -46.8492 800
    endloop
  endfacet
  facet normal 0 0 -1
    outer loop
      vertex -52.0611 4.04508 800
      vertex -29.5337 43.0637 800
      vertex -51.8534 3.88573 800
    endloop
  endfacet
  facet normal 0 0 -1
    outer loop
      vertex -50.0616 -0.782172 800
      vertex -32.4384 -46.8492 800
      vertex -32.4726 -47.1088 800
    endloop
  endfacet
  facet normal -0 0 -1
    outer loop
      vertex -29.5337 43.0637 800
      vertex -52.0611 4.04508 800
      vertex -29.77 43.1764 800
    endloop
  endfacet
  facet normal 0 0 -1
    outer loop
      vertex -50.0616 -0.782172 800
      vertex -32.4726 -47.1088 800
      vertex -32.4931 -47.3697 800
    endloop
  endfacet
  facet normal 0 0 -1
    outer loop
      vertex -52.2768 4.19335 800
      vertex -29.77 43.1764 800
      vertex -52.0611 4.04508 800
    endloop
  endfacet
  facet normal 0 0 -1
    outer loop
      vertex -50.0616 -0.782172 800
      vertex -32.4931 -47.3697 800
      vertex -32.5 -47.6314 800
    endloop
  endfacet
  facet normal 0 0 -1
    outer loop
      vertex -32.4384 46.8492 800
      vertex -49.0175 75.4803 800
      vertex -32.4726 47.1088 800
    endloop
  endfacet
  facet normal 0 0 -1
    outer loop
      vertex 22.8321 49.4232 800
      vertex -22.8321 49.4232 800
      vertex 22.9323 49.6651 800
    endloop
  endfacet
  facet normal 0 0 -1
    outer loop
      vertex -22.9323 49.6651 800
      vertex 22.9323 49.6651 800
      vertex -22.8321 49.4232 800
    endloop
  endfacet
  facet normal 0 0 -1
    outer loop
      vertex 22.9323 49.6651 800
      vertex -22.9323 49.6651 800
      vertex 23.045 49.9013 800
    endloop
  endfacet
  facet normal 0 0 -1
    outer loop
      vertex -23.045 49.9013 800
      vertex 23.045 49.9013 800
      vertex -22.9323 49.6651 800
    endloop
  endfacet
  facet normal 0 0 -1
    outer loop
      vertex 23.045 49.9013 800
      vertex -23.045 49.9013 800
      vertex 23.1699 50.1314 800
    endloop
  endfacet
  facet normal 0 0 -1
    outer loop
      vertex -23.1699 50.1314 800
      vertex 23.1699 50.1314 800
      vertex -23.045 49.9013 800
    endloop
  endfacet
  facet normal 0 0 -1
    outer loop
      vertex 23.1699 50.1314 800
      vertex -23.1699 50.1314 800
      vertex 0 90 800
    endloop
  endfacet
  facet normal 0 0 -1
    outer loop
      vertex -23.3066 50.3546 800
      vertex 0 90 800
      vertex -23.1699 50.1314 800
    endloop
  endfacet
  facet normal 0 0 -1
    outer loop
      vertex 0 90 800
      vertex -23.3066 50.3546 800
      vertex -4.71024 89.8767 800
    endloop
  endfacet
  facet normal 0 0 -1
    outer loop
      vertex -23.4549 50.5703 800
      vertex -4.71024 89.8767 800
      vertex -23.3066 50.3546 800
    endloop
  endfacet
  facet normal 0 0 -1
    outer loop
      vertex -23.6143 50.778 800
      vertex -4.71024 89.8767 800
      vertex -23.4549 50.5703 800
    endloop
  endfacet
  facet normal 0 0 -1
    outer loop
      vertex -4.71024 89.8767 800
      vertex -23.6143 50.778 800
      vertex -9.40756 89.507 800
    endloop
  endfacet
  facet normal 0 0 -1
    outer loop
      vertex -23.7843 50.9771 800
      vertex -9.40756 89.507 800
      vertex -23.6143 50.778 800
    endloop
  endfacet
  facet normal 0 0 -1
    outer loop
      vertex -23.9645 51.1669 800
      vertex -9.40756 89.507 800
      vertex -23.7843 50.9771 800
    endloop
  endfacet
  facet normal 0 0 -1
    outer loop
      vertex -9.40756 89.507 800
      vertex -23.9645 51.1669 800
      vertex -14.0791 88.892 800
    endloop
  endfacet
  facet normal 0 0 -1
    outer loop
      vertex -24.1543 51.3471 800
      vertex -14.0791 88.892 800
      vertex -23.9645 51.1669 800
    endloop
  endfacet
  facet normal 0 0 -1
    outer loop
      vertex -24.3534 51.5171 800
      vertex -14.0791 88.892 800
      vertex -24.1543 51.3471 800
    endloop
  endfacet
  facet normal 0 0 -1
    outer loop
      vertex -24.5611 51.6765 800
      vertex -14.0791 88.892 800
      vertex -24.3534 51.5171 800
    endloop
  endfacet
  facet normal 0 0 -1
    outer loop
      vertex -14.0791 88.892 800
      vertex -24.5611 51.6765 800
      vertex -18.7121 88.0333 800
    endloop
  endfacet
  facet normal 0 0 -1
    outer loop
      vertex -24.7768 51.8247 800
      vertex -18.7121 88.0333 800
      vertex -24.5611 51.6765 800
    endloop
  endfacet
  facet normal 0 0 -1
    outer loop
      vertex -25 51.9615 800
      vertex -18.7121 88.0333 800
      vertex -24.7768 51.8247 800
    endloop
  endfacet
  facet normal 0 0 -1
    outer loop
      vertex -25.23 52.0864 800
      vertex -18.7121 88.0333 800
      vertex -25 51.9615 800
    endloop
  endfacet
  facet normal 0 0 -1
    outer loop
      vertex -18.7121 88.0333 800
      vertex -25.23 52.0864 800
      vertex -23.2937 86.9333 800
    endloop
  endfacet
  facet normal 0 0 -1
    outer loop
      vertex -25.4663 52.1991 800
      vertex -23.2937 86.9333 800
      vertex -25.23 52.0864 800
    endloop
  endfacet
  facet normal 0 0 -1
    outer loop
      vertex -25.7082 52.2993 800
      vertex -23.2937 86.9333 800
      vertex -25.4663 52.1991 800
    endloop
  endfacet
  facet normal 0 0 -1
    outer loop
      vertex -25.9549 52.3867 800
      vertex -23.2937 86.9333 800
      vertex -25.7082 52.2993 800
    endloop
  endfacet
  facet normal 0 0 -1
    outer loop
      vertex -27.8115 85.5951 800
      vertex -25.9549 52.3867 800
      vertex -26.2059 52.461 800
    endloop
  endfacet
  facet normal 0 0 -1
    outer loop
      vertex -27.8115 85.5951 800
      vertex -26.2059 52.461 800
      vertex -26.4604 52.5221 800
    endloop
  endfacet
  facet normal 0 0 -1
    outer loop
      vertex -27.8115 85.5951 800
      vertex -26.4604 52.5221 800
      vertex -26.7178 52.5698 800
    endloop
  endfacet
  facet normal 0 0 -1
    outer loop
      vertex -27.8115 85.5951 800
      vertex -26.7178 52.5698 800
      vertex -26.9774 52.604 800
    endloop
  endfacet
  facet normal 0 0 -1
    outer loop
      vertex -32.2531 84.0222 800
      vertex -26.9774 52.604 800
      vertex -27.2383 52.6245 800
    endloop
  endfacet
  facet normal 0 0 -1
    outer loop
      vertex -32.2531 84.0222 800
      vertex -27.2383 52.6245 800
      vertex -27.5 52.6314 800
    endloop
  endfacet
  facet normal 0 0 -1
    outer loop
      vertex -32.2531 84.0222 800
      vertex -27.5 52.6314 800
      vertex -27.7617 52.6245 800
    endloop
  endfacet
  facet normal 0 0 -1
    outer loop
      vertex -25.9549 52.3867 800
      vertex -27.8115 85.5951 800
      vertex -23.2937 86.9333 800
    endloop
  endfacet
  facet normal 0 0 -1
    outer loop
      vertex -36.6063 82.2191 800
      vertex -27.7617 52.6245 800
      vertex -28.0226 52.604 800
    endloop
  endfacet
  facet normal 0 0 -1
    outer loop
      vertex -36.6063 82.2191 800
      vertex -28.0226 52.604 800
      vertex -28.2822 52.5698 800
    endloop
  endfacet
  facet normal 0 0 -1
    outer loop
      vertex -36.6063 82.2191 800
      vertex -28.2822 52.5698 800
      vertex -28.5396 52.5221 800
    endloop
  endfacet
  facet normal 0 0 -1
    outer loop
      vertex -36.6063 82.2191 800
      vertex -28.5396 52.5221 800
      vertex -28.7941 52.461 800
    endloop
  endfacet
  facet normal 0 0 -1
    outer loop
      vertex -40.8591 80.1906 800
      vertex -28.7941 52.461 800
      vertex -29.0451 52.3867 800
    endloop
  endfacet
  facet normal 0 0 -1
    outer loop
      vertex -40.8591 80.1906 800
      vertex -29.0451 52.3867 800
      vertex -29.2918 52.2993 800
    endloop
  endfacet
  facet normal 0 0 -1
    outer loop
      vertex -40.8591 80.1906 800
      vertex -29.2918 52.2993 800
      vertex -29.5337 52.1991 800
    endloop
  endfacet
  facet normal 0 0 -1
    outer loop
      vertex -45 77.9423 800
      vertex -29.5337 52.1991 800
      vertex -29.77 52.0864 800
    endloop
  endfacet
  facet normal 0 0 -1
    outer loop
      vertex -45 77.9423 800
      vertex -29.77 52.0864 800
      vertex -30 51.9615 800
    endloop
  endfacet
  facet normal 0 0 -1
    outer loop
      vertex -45 77.9423 800
      vertex -30 51.9615 800
      vertex -30.2232 51.8247 800
    endloop
  endfacet
  facet normal 0 0 -1
    outer loop
      vertex -45 77.9423 800
      vertex -30.2232 51.8247 800
      vertex -30.4389 51.6765 800
    endloop
  endfacet
  facet normal 0 0 -1
    outer loop
      vertex -49.0175 75.4803 800
      vertex -30.4389 51.6765 800
      vertex -30.6466 51.5171 800
    endloop
  endfacet
  facet normal 0 0 -1
    outer loop
      vertex -49.0175 75.4803 800
      vertex -30.6466 51.5171 800
      vertex -30.8457 51.3471 800
    endloop
  endfacet
  facet normal 0 0 -1
    outer loop
      vertex -49.0175 75.4803 800
      vertex -30.8457 51.3471 800
      vertex -31.0355 51.1669 800
    endloop
  endfacet
  facet normal 0 0 -1
    outer loop
      vertex -49.0175 75.4803 800
      vertex -31.0355 51.1669 800
      vertex -31.2157 50.9771 800
    endloop
  endfacet
  facet normal 0 0 -1
    outer loop
      vertex -49.0175 75.4803 800
      vertex -31.2157 50.9771 800
      vertex -31.3857 50.778 800
    endloop
  endfacet
  facet normal 0 0 -1
    outer loop
      vertex -49.0175 75.4803 800
      vertex -31.3857 50.778 800
      vertex -31.5451 50.5703 800
    endloop
  endfacet
  facet normal 0 0 -1
    outer loop
      vertex -49.0175 75.4803 800
      vertex -31.5451 50.5703 800
      vertex -31.6934 50.3546 800
    endloop
  endfacet
  facet normal 0 0 -1
    outer loop
      vertex -49.0175 75.4803 800
      vertex -31.6934 50.3546 800
      vertex -31.8301 50.1314 800
    endloop
  endfacet
  facet normal 0 0 -1
    outer loop
      vertex -49.0175 75.4803 800
      vertex -31.8301 50.1314 800
      vertex -31.955 49.9013 800
    endloop
  endfacet
  facet normal 0 0 -1
    outer loop
      vertex -49.0175 75.4803 800
      vertex -31.955 49.9013 800
      vertex -32.0677 49.6651 800
    endloop
  endfacet
  facet normal 0 0 -1
    outer loop
      vertex -49.0175 75.4803 800
      vertex -32.0677 49.6651 800
      vertex -32.1679 49.4232 800
    endloop
  endfacet
  facet normal 0 0 -1
    outer loop
      vertex -26.9774 52.604 800
      vertex -32.2531 84.0222 800
      vertex -27.8115 85.5951 800
    endloop
  endfacet
  facet normal 0 0 -1
    outer loop
      vertex -49.0175 75.4803 800
      vertex -32.1679 49.4232 800
      vertex -32.2553 49.1765 800
    endloop
  endfacet
  facet normal 0 0 -1
    outer loop
      vertex -49.0175 75.4803 800
      vertex -32.2553 49.1765 800
      vertex -32.3296 48.9255 800
    endloop
  endfacet
  facet normal 0 0 -1
    outer loop
      vertex -49.0175 75.4803 800
      vertex -32.3296 48.9255 800
      vertex -32.3907 48.671 800
    endloop
  endfacet
  facet normal 0 0 -1
    outer loop
      vertex -49.0175 75.4803 800
      vertex -32.3907 48.671 800
      vertex -32.4384 48.4136 800
    endloop
  endfacet
  facet normal 0 0 -1
    outer loop
      vertex -49.0175 75.4803 800
      vertex -32.4384 48.4136 800
      vertex -32.4726 48.154 800
    endloop
  endfacet
  facet normal 0 0 -1
    outer loop
      vertex -49.0175 75.4803 800
      vertex -32.4726 48.154 800
      vertex -32.4931 47.8931 800
    endloop
  endfacet
  facet normal 0 0 -1
    outer loop
      vertex -49.0175 75.4803 800
      vertex -32.4931 47.8931 800
      vertex -32.5 47.6314 800
    endloop
  endfacet
  facet normal 0 0 -1
    outer loop
      vertex -25.7082 -42.9635 800
      vertex -50.0616 -0.782172 800
      vertex -50.0274 -0.522642 800
    endloop
  endfacet
  facet normal 0 0 -1
    outer loop
      vertex -32.4931 47.3697 800
      vertex -49.0175 75.4803 800
      vertex -32.5 47.6314 800
    endloop
  endfacet
  facet normal 0 0 -1
    outer loop
      vertex -51.4645 -3.53553 800
      vertex -36.6063 -82.2191 800
      vertex -40.8591 -80.1906 800
    endloop
  endfacet
  facet normal 0 0 -1
    outer loop
      vertex -27.7617 52.6245 800
      vertex -36.6063 82.2191 800
      vertex -32.2531 84.0222 800
    endloop
  endfacet
  facet normal 0 0 -1
    outer loop
      vertex -51.6543 -3.71572 800
      vertex -40.8591 -80.1906 800
      vertex -45 -77.9423 800
    endloop
  endfacet
  facet normal 0 0 -1
    outer loop
      vertex -28.7941 52.461 800
      vertex -40.8591 80.1906 800
      vertex -36.6063 82.2191 800
    endloop
  endfacet
  facet normal 0 0 -1
    outer loop
      vertex -51.8534 -3.88573 800
      vertex -45 -77.9423 800
      vertex -49.0175 -75.4803 800
    endloop
  endfacet
  facet normal 0 0 -1
    outer loop
      vertex -29.5337 52.1991 800
      vertex -45 77.9423 800
      vertex -40.8591 80.1906 800
    endloop
  endfacet
  facet normal 0 0 -1
    outer loop
      vertex -30.4389 51.6765 800
      vertex -49.0175 75.4803 800
      vertex -45 77.9423 800
    endloop
  endfacet
  facet normal 0 0 -1
    outer loop
      vertex -32.4726 47.1088 800
      vertex -49.0175 75.4803 800
      vertex -32.4931 47.3697 800
    endloop
  endfacet
  facet normal 0 0 -1
    outer loop
      vertex -25.23 -43.1764 800
      vertex -50.0069 -0.26168 800
      vertex -50 0 800
    endloop
  endfacet
  facet normal 0 0 -1
    outer loop
      vertex -25.4663 -43.0637 800
      vertex -50.0274 -0.522642 800
      vertex -50.0069 -0.26168 800
    endloop
  endfacet
  facet normal 0 0 -1
    outer loop
      vertex -36.6063 -82.2191 800
      vertex -50.1093 -1.03956 800
      vertex -50.0616 -0.782172 800
    endloop
  endfacet
  facet normal 0 0 -1
    outer loop
      vertex -36.6063 -82.2191 800
      vertex -50.1704 -1.2941 800
      vertex -50.1093 -1.03956 800
    endloop
  endfacet
  facet normal 0 0 -1
    outer loop
      vertex -36.6063 -82.2191 800
      vertex -50.2447 -1.54508 800
      vertex -50.1704 -1.2941 800
    endloop
  endfacet
  facet normal 0 0 -1
    outer loop
      vertex -36.6063 -82.2191 800
      vertex -50.3321 -1.79184 800
      vertex -50.2447 -1.54508 800
    endloop
  endfacet
  facet normal 0 0 -1
    outer loop
      vertex -36.6063 -82.2191 800
      vertex -50.4323 -2.03368 800
      vertex -50.3321 -1.79184 800
    endloop
  endfacet
  facet normal 0 0 -1
    outer loop
      vertex -36.6063 -82.2191 800
      vertex -50.545 -2.26995 800
      vertex -50.4323 -2.03368 800
    endloop
  endfacet
  facet normal 0 0 -1
    outer loop
      vertex -36.6063 -82.2191 800
      vertex -50.6699 -2.5 800
      vertex -50.545 -2.26995 800
    endloop
  endfacet
  facet normal 0 0 -1
    outer loop
      vertex -36.6063 -82.2191 800
      vertex -50.8066 -2.7232 800
      vertex -50.6699 -2.5 800
    endloop
  endfacet
  facet normal 0 0 -1
    outer loop
      vertex -36.6063 -82.2191 800
      vertex -50.9549 -2.93893 800
      vertex -50.8066 -2.7232 800
    endloop
  endfacet
  facet normal 0 0 -1
    outer loop
      vertex -36.6063 -82.2191 800
      vertex -51.1143 -3.1466 800
      vertex -50.9549 -2.93893 800
    endloop
  endfacet
  facet normal 0 0 -1
    outer loop
      vertex -36.6063 -82.2191 800
      vertex -51.2843 -3.34565 800
      vertex -51.1143 -3.1466 800
    endloop
  endfacet
  facet normal 0 0 -1
    outer loop
      vertex -36.6063 -82.2191 800
      vertex -51.4645 -3.53553 800
      vertex -51.2843 -3.34565 800
    endloop
  endfacet
  facet normal 0 0 -1
    outer loop
      vertex -40.8591 -80.1906 800
      vertex -51.6543 -3.71572 800
      vertex -51.4645 -3.53553 800
    endloop
  endfacet
  facet normal 0 0 -1
    outer loop
      vertex -45 -77.9423 800
      vertex -51.8534 -3.88573 800
      vertex -51.6543 -3.71572 800
    endloop
  endfacet
  facet normal 0 0 -1
    outer loop
      vertex -49.0175 -75.4803 800
      vertex -52.0611 -4.04508 800
      vertex -51.8534 -3.88573 800
    endloop
  endfacet
  facet normal 0 0 -1
    outer loop
      vertex -52.9007 -72.8115 800
      vertex -52.0611 -4.04508 800
      vertex -49.0175 -75.4803 800
    endloop
  endfacet
  facet normal 0 0 -1
    outer loop
      vertex -52.0611 -4.04508 800
      vertex -52.9007 -72.8115 800
      vertex -52.2768 -4.19335 800
    endloop
  endfacet
  facet normal 0 0 -1
    outer loop
      vertex -56.6388 -69.9431 800
      vertex -52.2768 -4.19335 800
      vertex -52.9007 -72.8115 800
    endloop
  endfacet
  facet normal 0 0 -1
    outer loop
      vertex -52.2768 -4.19335 800
      vertex -56.6388 -69.9431 800
      vertex -52.5 -4.33013 800
    endloop
  endfacet
  facet normal 0 0 -1
    outer loop
      vertex -60.2218 -66.883 800
      vertex -52.5 -4.33013 800
      vertex -56.6388 -69.9431 800
    endloop
  endfacet
  facet normal 0 0 -1
    outer loop
      vertex -52.5 -4.33013 800
      vertex -60.2218 -66.883 800
      vertex -52.73 -4.45503 800
    endloop
  endfacet
  facet normal 0 0 -1
    outer loop
      vertex -63.6396 -63.6396 800
      vertex -52.73 -4.45503 800
      vertex -60.2218 -66.883 800
    endloop
  endfacet
  facet normal 0 0 -1
    outer loop
      vertex -52.73 -4.45503 800
      vertex -63.6396 -63.6396 800
      vertex -52.9663 -4.56773 800
    endloop
  endfacet
  facet normal 0 0 -1
    outer loop
      vertex -52.9663 -4.56773 800
      vertex -63.6396 -63.6396 800
      vertex -53.2082 -4.6679 800
    endloop
  endfacet
  facet normal 0 0 -1
    outer loop
      vertex -66.883 -60.2218 800
      vertex -53.2082 -4.6679 800
      vertex -63.6396 -63.6396 800
    endloop
  endfacet
  facet normal 0 0 -1
    outer loop
      vertex -53.2082 -4.6679 800
      vertex -66.883 -60.2218 800
      vertex -53.4549 -4.75528 800
    endloop
  endfacet
  facet normal 0 0 -1
    outer loop
      vertex -69.9431 -56.6388 800
      vertex -53.4549 -4.75528 800
      vertex -66.883 -60.2218 800
    endloop
  endfacet
  facet normal 0 0 -1
    outer loop
      vertex -53.4549 -4.75528 800
      vertex -69.9431 -56.6388 800
      vertex -53.7059 -4.82963 800
    endloop
  endfacet
  facet normal 0 0 -1
    outer loop
      vertex -53.7059 -4.82963 800
      vertex -69.9431 -56.6388 800
      vertex -53.9604 -4.89074 800
    endloop
  endfacet
  facet normal 0 0 -1
    outer loop
      vertex -72.8115 -52.9007 800
      vertex -53.9604 -4.89074 800
      vertex -69.9431 -56.6388 800
    endloop
  endfacet
  facet normal 0 0 -1
    outer loop
      vertex -53.9604 -4.89074 800
      vertex -72.8115 -52.9007 800
      vertex -54.2178 -4.93844 800
    endloop
  endfacet
  facet normal 0 0 -1
    outer loop
      vertex -75.4803 -49.0175 800
      vertex -54.2178 -4.93844 800
      vertex -72.8115 -52.9007 800
    endloop
  endfacet
  facet normal 0 0 -1
    outer loop
      vertex -54.2178 -4.93844 800
      vertex -75.4803 -49.0175 800
      vertex -54.4774 -4.97261 800
    endloop
  endfacet
  facet normal 0 0 -1
    outer loop
      vertex -54.4774 -4.97261 800
      vertex -75.4803 -49.0175 800
      vertex -54.7383 -4.99315 800
    endloop
  endfacet
  facet normal 0 0 -1
    outer loop
      vertex -77.9423 -45 800
      vertex -54.7383 -4.99315 800
      vertex -75.4803 -49.0175 800
    endloop
  endfacet
  facet normal 0 0 -1
    outer loop
      vertex -54.7383 -4.99315 800
      vertex -77.9423 -45 800
      vertex -55 -5 800
    endloop
  endfacet
  facet normal -0 0 -1
    outer loop
      vertex -55 -5 800
      vertex -77.9423 -45 800
      vertex -55.2617 -4.99315 800
    endloop
  endfacet
  facet normal 0 0 -1
    outer loop
      vertex -80.1906 -40.8591 800
      vertex -55.2617 -4.99315 800
      vertex -77.9423 -45 800
    endloop
  endfacet
  facet normal -0 0 -1
    outer loop
      vertex -55.2617 -4.99315 800
      vertex -80.1906 -40.8591 800
      vertex -55.5226 -4.97261 800
    endloop
  endfacet
  facet normal -0 0 -1
    outer loop
      vertex -55.5226 -4.97261 800
      vertex -80.1906 -40.8591 800
      vertex -55.7822 -4.93844 800
    endloop
  endfacet
  facet normal 0 0 -1
    outer loop
      vertex -82.2191 -36.6063 800
      vertex -55.7822 -4.93844 800
      vertex -80.1906 -40.8591 800
    endloop
  endfacet
  facet normal -0 0 -1
    outer loop
      vertex -55.7822 -4.93844 800
      vertex -82.2191 -36.6063 800
      vertex -56.0396 -4.89074 800
    endloop
  endfacet
  facet normal -0 0 -1
    outer loop
      vertex -56.0396 -4.89074 800
      vertex -82.2191 -36.6063 800
      vertex -56.2941 -4.82963 800
    endloop
  endfacet
  facet normal -0 0 -1
    outer loop
      vertex -56.2941 -4.82963 800
      vertex -82.2191 -36.6063 800
      vertex -56.5451 -4.75528 800
    endloop
  endfacet
  facet normal 0 0 -1
    outer loop
      vertex -84.0222 -32.2531 800
      vertex -56.5451 -4.75528 800
      vertex -82.2191 -36.6063 800
    endloop
  endfacet
  facet normal -0 0 -1
    outer loop
      vertex -56.5451 -4.75528 800
      vertex -84.0222 -32.2531 800
      vertex -56.7918 -4.6679 800
    endloop
  endfacet
  facet normal -0 0 -1
    outer loop
      vertex -56.7918 -4.6679 800
      vertex -84.0222 -32.2531 800
      vertex -57.0337 -4.56773 800
    endloop
  endfacet
  facet normal 0 0 -1
    outer loop
      vertex -85.5951 -27.8115 800
      vertex -57.0337 -4.56773 800
      vertex -84.0222 -32.2531 800
    endloop
  endfacet
  facet normal -0 0 -1
    outer loop
      vertex -57.0337 -4.56773 800
      vertex -85.5951 -27.8115 800
      vertex -57.27 -4.45503 800
    endloop
  endfacet
  facet normal -0 0 -1
    outer loop
      vertex -57.27 -4.45503 800
      vertex -85.5951 -27.8115 800
      vertex -57.5 -4.33013 800
    endloop
  endfacet
  facet normal -0 0 -1
    outer loop
      vertex -57.5 -4.33013 800
      vertex -85.5951 -27.8115 800
      vertex -57.7232 -4.19335 800
    endloop
  endfacet
  facet normal 0 0 -1
    outer loop
      vertex -86.9333 -23.2937 800
      vertex -57.7232 -4.19335 800
      vertex -85.5951 -27.8115 800
    endloop
  endfacet
  facet normal -0 0 -1
    outer loop
      vertex -57.7232 -4.19335 800
      vertex -86.9333 -23.2937 800
      vertex -57.9389 -4.04508 800
    endloop
  endfacet
  facet normal -0 0 -1
    outer loop
      vertex -57.9389 -4.04508 800
      vertex -86.9333 -23.2937 800
      vertex -58.1466 -3.88573 800
    endloop
  endfacet
  facet normal -0 0 -1
    outer loop
      vertex -58.1466 -3.88573 800
      vertex -86.9333 -23.2937 800
      vertex -58.3457 -3.71572 800
    endloop
  endfacet
  facet normal 0 0 -1
    outer loop
      vertex -88.0333 -18.7121 800
      vertex -58.3457 -3.71572 800
      vertex -86.9333 -23.2937 800
    endloop
  endfacet
  facet normal -0 0 -1
    outer loop
      vertex -58.3457 -3.71572 800
      vertex -88.0333 -18.7121 800
      vertex -58.5355 -3.53553 800
    endloop
  endfacet
  facet normal -0 0 -1
    outer loop
      vertex -58.5355 -3.53553 800
      vertex -88.0333 -18.7121 800
      vertex -58.7157 -3.34565 800
    endloop
  endfacet
  facet normal -0 0 -1
    outer loop
      vertex -58.8857 -3.1466 800
      vertex -88.0333 -18.7121 800
      vertex -59.0451 -2.93893 800
    endloop
  endfacet
  facet normal -0 0 -1
    outer loop
      vertex -58.7157 -3.34565 800
      vertex -88.0333 -18.7121 800
      vertex -58.8857 -3.1466 800
    endloop
  endfacet
  facet normal 0 0 -1
    outer loop
      vertex 29.77 -43.1764 800
      vertex 52.2768 -4.19335 800
      vertex 30 -43.3013 800
    endloop
  endfacet
  facet normal 0 0 -1
    outer loop
      vertex 50 0 800
      vertex 32.4931 47.3697 800
      vertex 32.5 47.6314 800
    endloop
  endfacet
  facet normal -0 0 -1
    outer loop
      vertex 52.2768 -4.19335 800
      vertex 29.77 -43.1764 800
      vertex 52.0611 -4.04508 800
    endloop
  endfacet
  facet normal 0 0 -1
    outer loop
      vertex 50 0 800
      vertex 32.4726 47.1088 800
      vertex 32.4931 47.3697 800
    endloop
  endfacet
  facet normal 0 0 -1
    outer loop
      vertex 29.5337 -43.0637 800
      vertex 52.0611 -4.04508 800
      vertex 29.77 -43.1764 800
    endloop
  endfacet
  facet normal 0 0 -1
    outer loop
      vertex 50 0 800
      vertex 32.4384 46.8492 800
      vertex 32.4726 47.1088 800
    endloop
  endfacet
  facet normal -0 0 -1
    outer loop
      vertex 52.0611 -4.04508 800
      vertex 29.5337 -43.0637 800
      vertex 51.8534 -3.88573 800
    endloop
  endfacet
  facet normal 0 0 -1
    outer loop
      vertex 50 0 800
      vertex 32.3907 46.5918 800
      vertex 32.4384 46.8492 800
    endloop
  endfacet
  facet normal 0 0 -1
    outer loop
      vertex 29.2918 -42.9635 800
      vertex 51.8534 -3.88573 800
      vertex 29.5337 -43.0637 800
    endloop
  endfacet
  facet normal 0 0 -1
    outer loop
      vertex 50 0 800
      vertex 32.3296 46.3373 800
      vertex 32.3907 46.5918 800
    endloop
  endfacet
  facet normal -0 0 -1
    outer loop
      vertex 51.8534 -3.88573 800
      vertex 29.2918 -42.9635 800
      vertex 51.6543 -3.71572 800
    endloop
  endfacet
  facet normal 0 0 -1
    outer loop
      vertex 50 0 800
      vertex 32.2553 46.0863 800
      vertex 32.3296 46.3373 800
    endloop
  endfacet
  facet normal 0 0 -1
    outer loop
      vertex 29.0451 -42.8761 800
      vertex 51.6543 -3.71572 800
      vertex 29.2918 -42.9635 800
    endloop
  endfacet
  facet normal 0 0 -1
    outer loop
      vertex 50 0 800
      vertex 32.1679 45.8396 800
      vertex 32.2553 46.0863 800
    endloop
  endfacet
  facet normal -0 0 -1
    outer loop
      vertex 51.6543 -3.71572 800
      vertex 29.0451 -42.8761 800
      vertex 51.4645 -3.53553 800
    endloop
  endfacet
  facet normal 0 0 -1
    outer loop
      vertex 50 0 800
      vertex 32.0677 45.5977 800
      vertex 32.1679 45.8396 800
    endloop
  endfacet
  facet normal 0 0 -1
    outer loop
      vertex 28.7941 -42.8018 800
      vertex 51.4645 -3.53553 800
      vertex 29.0451 -42.8761 800
    endloop
  endfacet
  facet normal 0 0 -1
    outer loop
      vertex 50 0 800
      vertex 31.955 45.3614 800
      vertex 32.0677 45.5977 800
    endloop
  endfacet
  facet normal -0 0 -1
    outer loop
      vertex 51.4645 -3.53553 800
      vertex 28.7941 -42.8018 800
      vertex 51.2843 -3.34565 800
    endloop
  endfacet
  facet normal 0 0 -1
    outer loop
      vertex 50 0 800
      vertex 31.8301 45.1314 800
      vertex 31.955 45.3614 800
    endloop
  endfacet
  facet normal 0 0 -1
    outer loop
      vertex 28.5396 -42.7407 800
      vertex 51.2843 -3.34565 800
      vertex 28.7941 -42.8018 800
    endloop
  endfacet
  facet normal 0 0 -1
    outer loop
      vertex 50 0 800
      vertex 31.6934 44.9082 800
      vertex 31.8301 45.1314 800
    endloop
  endfacet
  facet normal -0 0 -1
    outer loop
      vertex 51.2843 -3.34565 800
      vertex 28.5396 -42.7407 800
      vertex 51.1143 -3.1466 800
    endloop
  endfacet
  facet normal 0 0 -1
    outer loop
      vertex 50 0 800
      vertex 31.5451 44.6925 800
      vertex 31.6934 44.9082 800
    endloop
  endfacet
  facet normal 0 0 -1
    outer loop
      vertex 28.2822 -42.693 800
      vertex 51.1143 -3.1466 800
      vertex 28.5396 -42.7407 800
    endloop
  endfacet
  facet normal 0 0 -1
    outer loop
      vertex 50 0 800
      vertex 31.3857 44.4848 800
      vertex 31.5451 44.6925 800
    endloop
  endfacet
  facet normal -0 0 -1
    outer loop
      vertex 51.1143 -3.1466 800
      vertex 28.2822 -42.693 800
      vertex 50.9549 -2.93893 800
    endloop
  endfacet
  facet normal 0 0 -1
    outer loop
      vertex 50 0 800
      vertex 31.2157 44.2857 800
      vertex 31.3857 44.4848 800
    endloop
  endfacet
  facet normal 0 0 -1
    outer loop
      vertex 28.0226 -42.6588 800
      vertex 50.9549 -2.93893 800
      vertex 28.2822 -42.693 800
    endloop
  endfacet
  facet normal 0 0 -1
    outer loop
      vertex 50 0 800
      vertex 31.0355 44.0959 800
      vertex 31.2157 44.2857 800
    endloop
  endfacet
  facet normal -0 0 -1
    outer loop
      vertex 50.9549 -2.93893 800
      vertex 28.0226 -42.6588 800
      vertex 50.8066 -2.7232 800
    endloop
  endfacet
  facet normal 0 0 -1
    outer loop
      vertex 50 0 800
      vertex 30.8457 43.9157 800
      vertex 31.0355 44.0959 800
    endloop
  endfacet
  facet normal 0 0 -1
    outer loop
      vertex 27.7617 -42.6382 800
      vertex 50.8066 -2.7232 800
      vertex 28.0226 -42.6588 800
    endloop
  endfacet
  facet normal 0 0 -1
    outer loop
      vertex 50 0 800
      vertex 30.6466 43.7457 800
      vertex 30.8457 43.9157 800
    endloop
  endfacet
  facet normal -0 0 -1
    outer loop
      vertex 50.8066 -2.7232 800
      vertex 27.7617 -42.6382 800
      vertex 50.6699 -2.5 800
    endloop
  endfacet
  facet normal 0 0 -1
    outer loop
      vertex 50 0 800
      vertex 30.4389 43.5863 800
      vertex 30.6466 43.7457 800
    endloop
  endfacet
  facet normal 0 0 -1
    outer loop
      vertex 27.5 -42.6314 800
      vertex 50.6699 -2.5 800
      vertex 27.7617 -42.6382 800
    endloop
  endfacet
  facet normal 0 0 -1
    outer loop
      vertex 50 0 800
      vertex 30.2232 43.438 800
      vertex 30.4389 43.5863 800
    endloop
  endfacet
  facet normal -0 0 -1
    outer loop
      vertex 50.6699 -2.5 800
      vertex 27.5 -42.6314 800
      vertex 50.545 -2.26995 800
    endloop
  endfacet
  facet normal 0 0 -1
    outer loop
      vertex 50 0 800
      vertex 30 43.3013 800
      vertex 30.2232 43.438 800
    endloop
  endfacet
  facet normal 0 0 -1
    outer loop
      vertex 27.2383 -42.6382 800
      vertex 50.545 -2.26995 800
      vertex 27.5 -42.6314 800
    endloop
  endfacet
  facet normal 0 0 -1
    outer loop
      vertex 50 0 800
      vertex 29.77 43.1764 800
      vertex 30 43.3013 800
    endloop
  endfacet
  facet normal -0 0 -1
    outer loop
      vertex 50.545 -2.26995 800
      vertex 27.2383 -42.6382 800
      vertex 50.4323 -2.03368 800
    endloop
  endfacet
  facet normal 0 0 -1
    outer loop
      vertex 50 0 800
      vertex 29.5337 43.0637 800
      vertex 29.77 43.1764 800
    endloop
  endfacet
  facet normal 0 0 -1
    outer loop
      vertex 26.9774 -42.6588 800
      vertex 50.4323 -2.03368 800
      vertex 27.2383 -42.6382 800
    endloop
  endfacet
  facet normal 0 0 -1
    outer loop
      vertex 50 0 800
      vertex 29.2918 42.9635 800
      vertex 29.5337 43.0637 800
    endloop
  endfacet
  facet normal -0 0 -1
    outer loop
      vertex 50.4323 -2.03368 800
      vertex 26.9774 -42.6588 800
      vertex 50.3321 -1.79184 800
    endloop
  endfacet
  facet normal 0 0 -1
    outer loop
      vertex 50 0 800
      vertex 29.0451 42.8761 800
      vertex 29.2918 42.9635 800
    endloop
  endfacet
  facet normal 0 0 -1
    outer loop
      vertex 26.7178 -42.693 800
      vertex 50.3321 -1.79184 800
      vertex 26.9774 -42.6588 800
    endloop
  endfacet
  facet normal 0 0 -1
    outer loop
      vertex 50 0 800
      vertex 28.7941 42.8018 800
      vertex 29.0451 42.8761 800
    endloop
  endfacet
  facet normal -0 0 -1
    outer loop
      vertex 50.3321 -1.79184 800
      vertex 26.7178 -42.693 800
      vertex 50.2447 -1.54508 800
    endloop
  endfacet
  facet normal 0 0 -1
    outer loop
      vertex 50 0 800
      vertex 28.5396 42.7407 800
      vertex 28.7941 42.8018 800
    endloop
  endfacet
  facet normal 0 0 -1
    outer loop
      vertex 26.4604 -42.7407 800
      vertex 50.2447 -1.54508 800
      vertex 26.7178 -42.693 800
    endloop
  endfacet
  facet normal 0 0 -1
    outer loop
      vertex 50 0 800
      vertex 28.2822 42.693 800
      vertex 28.5396 42.7407 800
    endloop
  endfacet
  facet normal -0 0 -1
    outer loop
      vertex 50.2447 -1.54508 800
      vertex 26.4604 -42.7407 800
      vertex 50.1704 -1.2941 800
    endloop
  endfacet
  facet normal 0 0 -1
    outer loop
      vertex 50 0 800
      vertex 28.0226 42.6588 800
      vertex 28.2822 42.693 800
    endloop
  endfacet
  facet normal 0 0 -1
    outer loop
      vertex 26.2059 -42.8018 800
      vertex 50.1704 -1.2941 800
      vertex 26.4604 -42.7407 800
    endloop
  endfacet
  facet normal 0 0 -1
    outer loop
      vertex 50 0 800
      vertex 27.7617 42.6382 800
      vertex 28.0226 42.6588 800
    endloop
  endfacet
  facet normal -0 0 -1
    outer loop
      vertex 50.1704 -1.2941 800
      vertex 26.2059 -42.8018 800
      vertex 50.1093 -1.03956 800
    endloop
  endfacet
  facet normal 0 0 -1
    outer loop
      vertex 50 0 800
      vertex 27.5 42.6314 800
      vertex 27.7617 42.6382 800
    endloop
  endfacet
  facet normal 0 0 -1
    outer loop
      vertex 25.9549 -42.8761 800
      vertex 50.1093 -1.03956 800
      vertex 26.2059 -42.8018 800
    endloop
  endfacet
  facet normal 0 0 -1
    outer loop
      vertex 50 0 800
      vertex 27.2383 42.6382 800
      vertex 27.5 42.6314 800
    endloop
  endfacet
  facet normal -0 0 -1
    outer loop
      vertex 50.1093 -1.03956 800
      vertex 25.9549 -42.8761 800
      vertex 50.0616 -0.782172 800
    endloop
  endfacet
  facet normal 0 0 -1
    outer loop
      vertex 50 0 800
      vertex 26.9774 42.6588 800
      vertex 27.2383 42.6382 800
    endloop
  endfacet
  facet normal 0 0 -1
    outer loop
      vertex 25.7082 -42.9635 800
      vertex 50.0616 -0.782172 800
      vertex 25.9549 -42.8761 800
    endloop
  endfacet
  facet normal 0 0 -1
    outer loop
      vertex 50 0 800
      vertex 26.7178 42.693 800
      vertex 26.9774 42.6588 800
    endloop
  endfacet
  facet normal -0 0 -1
    outer loop
      vertex 50.0616 -0.782172 800
      vertex 25.7082 -42.9635 800
      vertex 50.0274 -0.522642 800
    endloop
  endfacet
  facet normal 0 0 -1
    outer loop
      vertex 50 0 800
      vertex 26.4604 42.7407 800
      vertex 26.7178 42.693 800
    endloop
  endfacet
  facet normal 0 0 -1
    outer loop
      vertex 25.4663 -43.0637 800
      vertex 50.0274 -0.522642 800
      vertex 25.7082 -42.9635 800
    endloop
  endfacet
  facet normal 0 0 -1
    outer loop
      vertex 50 0 800
      vertex 26.2059 42.8018 800
      vertex 26.4604 42.7407 800
    endloop
  endfacet
  facet normal -0 0 -1
    outer loop
      vertex 50.0274 -0.522642 800
      vertex 25.4663 -43.0637 800
      vertex 50.0069 -0.26168 800
    endloop
  endfacet
  facet normal 0 0 -1
    outer loop
      vertex 50 0 800
      vertex 25.9549 42.8761 800
      vertex 26.2059 42.8018 800
    endloop
  endfacet
  facet normal 0 0 -1
    outer loop
      vertex 25.23 -43.1764 800
      vertex 50.0069 -0.26168 800
      vertex 25.4663 -43.0637 800
    endloop
  endfacet
  facet normal 0 0 -1
    outer loop
      vertex 50 0 800
      vertex 25.7082 42.9635 800
      vertex 25.9549 42.8761 800
    endloop
  endfacet
  facet normal -0 0 -1
    outer loop
      vertex 50.0069 -0.26168 800
      vertex 25.23 -43.1764 800
      vertex 50 0 800
    endloop
  endfacet
  facet normal 0 0 -1
    outer loop
      vertex 50 0 800
      vertex 25.4663 43.0637 800
      vertex 25.7082 42.9635 800
    endloop
  endfacet
  facet normal 0 0 -1
    outer loop
      vertex 25 -43.3013 800
      vertex 50 0 800
      vertex 25.23 -43.1764 800
    endloop
  endfacet
  facet normal 0 0 -1
    outer loop
      vertex 50 0 800
      vertex 25.23 43.1764 800
      vertex 25.4663 43.0637 800
    endloop
  endfacet
  facet normal 0 0 -1
    outer loop
      vertex 25 43.3013 800
      vertex 50 0 800
      vertex 25 -43.3013 800
    endloop
  endfacet
  facet normal 0 0 -1
    outer loop
      vertex 50 0 800
      vertex 25 43.3013 800
      vertex 25.23 43.1764 800
    endloop
  endfacet
  facet normal 0 0 -1
    outer loop
      vertex 24.7768 -43.438 800
      vertex 25 43.3013 800
      vertex 25 -43.3013 800
    endloop
  endfacet
  facet normal 0 0 -1
    outer loop
      vertex 24.7768 -43.438 800
      vertex 24.7768 43.438 800
      vertex 25 43.3013 800
    endloop
  endfacet
  facet normal 0 0 -1
    outer loop
      vertex 23.045 -45.3614 800
      vertex -23.045 -45.3614 800
      vertex 23.1699 -45.1314 800
    endloop
  endfacet
  facet normal 0 0 -1
    outer loop
      vertex -23.1699 -45.1314 800
      vertex 23.1699 -45.1314 800
      vertex -23.045 -45.3614 800
    endloop
  endfacet
  facet normal 0 0 -1
    outer loop
      vertex -23.045 -45.3614 800
      vertex 23.045 -45.3614 800
      vertex -22.9323 -45.5977 800
    endloop
  endfacet
  facet normal 0 0 -1
    outer loop
      vertex 23.1699 -45.1314 800
      vertex -23.1699 -45.1314 800
      vertex 23.3066 -44.9082 800
    endloop
  endfacet
  facet normal 0 0 -1
    outer loop
      vertex 22.9323 -45.5977 800
      vertex -22.9323 -45.5977 800
      vertex 23.045 -45.3614 800
    endloop
  endfacet
  facet normal 0 0 -1
    outer loop
      vertex 24.7768 43.438 800
      vertex -22.5 47.6314 800
      vertex 24.5611 43.5863 800
    endloop
  endfacet
  facet normal 0 0 -1
    outer loop
      vertex -22.9323 -45.5977 800
      vertex 22.9323 -45.5977 800
      vertex -22.8321 -45.8396 800
    endloop
  endfacet
  facet normal 0 0 -1
    outer loop
      vertex 24.5611 43.5863 800
      vertex -22.5 47.6314 800
      vertex 24.3534 43.7457 800
    endloop
  endfacet
  facet normal 0 0 -1
    outer loop
      vertex 22.8321 -45.8396 800
      vertex -22.8321 -45.8396 800
      vertex 22.9323 -45.5977 800
    endloop
  endfacet
  facet normal 0 0 -1
    outer loop
      vertex 24.3534 43.7457 800
      vertex -22.5 47.6314 800
      vertex 24.1543 43.9157 800
    endloop
  endfacet
  facet normal 0 0 -1
    outer loop
      vertex -22.8321 -45.8396 800
      vertex 22.8321 -45.8396 800
      vertex -22.7447 -46.0863 800
    endloop
  endfacet
  facet normal 0 0 -1
    outer loop
      vertex 24.1543 43.9157 800
      vertex -22.5 47.6314 800
      vertex 23.9645 44.0959 800
    endloop
  endfacet
  facet normal 0 0 -1
    outer loop
      vertex 22.7447 -46.0863 800
      vertex -22.7447 -46.0863 800
      vertex 22.8321 -45.8396 800
    endloop
  endfacet
  facet normal 0 0 -1
    outer loop
      vertex 23.9645 44.0959 800
      vertex -22.5 47.6314 800
      vertex 23.7843 44.2857 800
    endloop
  endfacet
  facet normal 0 0 -1
    outer loop
      vertex -22.7447 -46.0863 800
      vertex 22.7447 -46.0863 800
      vertex -22.6704 -46.3373 800
    endloop
  endfacet
  facet normal 0 0 -1
    outer loop
      vertex 23.7843 44.2857 800
      vertex -22.5 47.6314 800
      vertex 23.6143 44.4848 800
    endloop
  endfacet
  facet normal 0 0 -1
    outer loop
      vertex 22.6704 -46.3373 800
      vertex -22.6704 -46.3373 800
      vertex 22.7447 -46.0863 800
    endloop
  endfacet
  facet normal 0 0 -1
    outer loop
      vertex 23.6143 44.4848 800
      vertex -22.5 47.6314 800
      vertex 23.4549 44.6925 800
    endloop
  endfacet
  facet normal 0 0 -1
    outer loop
      vertex -22.6704 -46.3373 800
      vertex 22.6704 -46.3373 800
      vertex -22.6093 -46.5918 800
    endloop
  endfacet
  facet normal 0 0 -1
    outer loop
      vertex 23.4549 44.6925 800
      vertex -22.5 47.6314 800
      vertex 23.3066 44.9082 800
    endloop
  endfacet
  facet normal 0 0 -1
    outer loop
      vertex 22.6093 -46.5918 800
      vertex -22.6093 -46.5918 800
      vertex 22.6704 -46.3373 800
    endloop
  endfacet
  facet normal 0 0 -1
    outer loop
      vertex 23.3066 44.9082 800
      vertex -22.5 47.6314 800
      vertex 23.1699 45.1314 800
    endloop
  endfacet
  facet normal 0 0 -1
    outer loop
      vertex -22.6093 -46.5918 800
      vertex 22.6093 -46.5918 800
      vertex -22.5616 -46.8492 800
    endloop
  endfacet
  facet normal 0 0 -1
    outer loop
      vertex 23.1699 45.1314 800
      vertex -22.5 47.6314 800
      vertex 23.045 45.3614 800
    endloop
  endfacet
  facet normal 0 0 -1
    outer loop
      vertex 22.5616 -46.8492 800
      vertex -22.5616 -46.8492 800
      vertex 22.6093 -46.5918 800
    endloop
  endfacet
  facet normal 0 0 -1
    outer loop
      vertex 23.045 45.3614 800
      vertex -22.5 47.6314 800
      vertex 22.9323 45.5977 800
    endloop
  endfacet
  facet normal 0 0 -1
    outer loop
      vertex -22.5616 -46.8492 800
      vertex 22.5616 -46.8492 800
      vertex -22.5274 -47.1088 800
    endloop
  endfacet
  facet normal 0 0 -1
    outer loop
      vertex 22.9323 45.5977 800
      vertex -22.5 47.6314 800
      vertex 22.8321 45.8396 800
    endloop
  endfacet
  facet normal 0 0 -1
    outer loop
      vertex 22.5274 -47.1088 800
      vertex -22.5274 -47.1088 800
      vertex 22.5616 -46.8492 800
    endloop
  endfacet
  facet normal 0 0 -1
    outer loop
      vertex -22.5 47.6314 800
      vertex 22.7447 46.0863 800
      vertex 22.8321 45.8396 800
    endloop
  endfacet
  facet normal 0 0 -1
    outer loop
      vertex -22.5274 -47.1088 800
      vertex 22.5274 -47.1088 800
      vertex -22.5069 -47.3697 800
    endloop
  endfacet
  facet normal 0 0 -1
    outer loop
      vertex -22.5 47.6314 800
      vertex 22.6704 46.3373 800
      vertex 22.7447 46.0863 800
    endloop
  endfacet
  facet normal 0 0 -1
    outer loop
      vertex 22.5069 -47.3697 800
      vertex -22.5069 -47.3697 800
      vertex 22.5274 -47.1088 800
    endloop
  endfacet
  facet normal 0 0 -1
    outer loop
      vertex -22.5 47.6314 800
      vertex 22.6093 46.5918 800
      vertex 22.6704 46.3373 800
    endloop
  endfacet
  facet normal 0 0 -1
    outer loop
      vertex -22.5069 -47.3697 800
      vertex 22.5069 -47.3697 800
      vertex -22.5 -47.6314 800
    endloop
  endfacet
  facet normal 0 0 -1
    outer loop
      vertex -22.5 47.6314 800
      vertex 22.5616 46.8492 800
      vertex 22.6093 46.5918 800
    endloop
  endfacet
  facet normal 0 0 -1
    outer loop
      vertex -22.5 -47.6314 800
      vertex 22.5069 -47.3697 800
      vertex 22.5 -47.6314 800
    endloop
  endfacet
  facet normal 0 0 -1
    outer loop
      vertex -22.5 47.6314 800
      vertex 22.5274 47.1088 800
      vertex 22.5616 46.8492 800
    endloop
  endfacet
  facet normal 0 0 -1
    outer loop
      vertex 32.2553 49.1765 800
      vertex 60.2218 66.883 800
      vertex 32.3296 48.9255 800
    endloop
  endfacet
  facet normal 0 0 -1
    outer loop
      vertex 32.1679 49.4232 800
      vertex 60.2218 66.883 800
      vertex 32.2553 49.1765 800
    endloop
  endfacet
  facet normal -0 0 -1
    outer loop
      vertex 60.2218 66.883 800
      vertex 32.1679 49.4232 800
      vertex 56.6388 69.9431 800
    endloop
  endfacet
  facet normal 0 0 -1
    outer loop
      vertex 32.0677 49.6651 800
      vertex 56.6388 69.9431 800
      vertex 32.1679 49.4232 800
    endloop
  endfacet
  facet normal 0 0 -1
    outer loop
      vertex 31.955 49.9013 800
      vertex 56.6388 69.9431 800
      vertex 32.0677 49.6651 800
    endloop
  endfacet
  facet normal 0 0 -1
    outer loop
      vertex 31.8301 50.1314 800
      vertex 56.6388 69.9431 800
      vertex 31.955 49.9013 800
    endloop
  endfacet
  facet normal 0 0 -1
    outer loop
      vertex 31.6934 50.3546 800
      vertex 56.6388 69.9431 800
      vertex 31.8301 50.1314 800
    endloop
  endfacet
  facet normal -0 0 -1
    outer loop
      vertex 56.6388 69.9431 800
      vertex 31.6934 50.3546 800
      vertex 52.9007 72.8115 800
    endloop
  endfacet
  facet normal 0 0 -1
    outer loop
      vertex 31.5451 50.5703 800
      vertex 52.9007 72.8115 800
      vertex 31.6934 50.3546 800
    endloop
  endfacet
  facet normal 0 0 -1
    outer loop
      vertex 31.3857 50.778 800
      vertex 52.9007 72.8115 800
      vertex 31.5451 50.5703 800
    endloop
  endfacet
  facet normal 0 0 -1
    outer loop
      vertex 31.2157 50.9771 800
      vertex 52.9007 72.8115 800
      vertex 31.3857 50.778 800
    endloop
  endfacet
  facet normal -0 0 -1
    outer loop
      vertex 52.9007 72.8115 800
      vertex 31.2157 50.9771 800
      vertex 49.0175 75.4803 800
    endloop
  endfacet
  facet normal 0 0 -1
    outer loop
      vertex 31.0355 51.1669 800
      vertex 49.0175 75.4803 800
      vertex 31.2157 50.9771 800
    endloop
  endfacet
  facet normal 0 0 -1
    outer loop
      vertex 30.8457 51.3471 800
      vertex 49.0175 75.4803 800
      vertex 31.0355 51.1669 800
    endloop
  endfacet
  facet normal 0 0 -1
    outer loop
      vertex 30.6466 51.5171 800
      vertex 49.0175 75.4803 800
      vertex 30.8457 51.3471 800
    endloop
  endfacet
  facet normal 0 0 -1
    outer loop
      vertex 30.4389 51.6765 800
      vertex 49.0175 75.4803 800
      vertex 30.6466 51.5171 800
    endloop
  endfacet
  facet normal -0 0 -1
    outer loop
      vertex 49.0175 75.4803 800
      vertex 30.4389 51.6765 800
      vertex 45 77.9423 800
    endloop
  endfacet
  facet normal 0 0 -1
    outer loop
      vertex 30.2232 51.8247 800
      vertex 45 77.9423 800
      vertex 30.4389 51.6765 800
    endloop
  endfacet
  facet normal 0 0 -1
    outer loop
      vertex 30 51.9615 800
      vertex 45 77.9423 800
      vertex 30.2232 51.8247 800
    endloop
  endfacet
  facet normal 0 0 -1
    outer loop
      vertex 29.77 52.0864 800
      vertex 45 77.9423 800
      vertex 30 51.9615 800
    endloop
  endfacet
  facet normal 0 0 -1
    outer loop
      vertex 29.5337 52.1991 800
      vertex 45 77.9423 800
      vertex 29.77 52.0864 800
    endloop
  endfacet
  facet normal -0 0 -1
    outer loop
      vertex 45 77.9423 800
      vertex 29.5337 52.1991 800
      vertex 40.8591 80.1906 800
    endloop
  endfacet
  facet normal 0 0 -1
    outer loop
      vertex 29.2918 52.2993 800
      vertex 40.8591 80.1906 800
      vertex 29.5337 52.1991 800
    endloop
  endfacet
  facet normal 0 0 -1
    outer loop
      vertex 29.0451 52.3867 800
      vertex 40.8591 80.1906 800
      vertex 29.2918 52.2993 800
    endloop
  endfacet
  facet normal 0 0 -1
    outer loop
      vertex 28.7941 52.461 800
      vertex 40.8591 80.1906 800
      vertex 29.0451 52.3867 800
    endloop
  endfacet
  facet normal -0 0 -1
    outer loop
      vertex 40.8591 80.1906 800
      vertex 28.7941 52.461 800
      vertex 36.6063 82.2191 800
    endloop
  endfacet
  facet normal 0 0 -1
    outer loop
      vertex 28.5396 52.5221 800
      vertex 36.6063 82.2191 800
      vertex 28.7941 52.461 800
    endloop
  endfacet
  facet normal 0 0 -1
    outer loop
      vertex 28.2822 52.5698 800
      vertex 36.6063 82.2191 800
      vertex 28.5396 52.5221 800
    endloop
  endfacet
  facet normal 0 0 -1
    outer loop
      vertex 28.0226 52.604 800
      vertex 36.6063 82.2191 800
      vertex 28.2822 52.5698 800
    endloop
  endfacet
  facet normal 0 0 -1
    outer loop
      vertex 27.7617 52.6245 800
      vertex 36.6063 82.2191 800
      vertex 28.0226 52.604 800
    endloop
  endfacet
  facet normal -0 0 -1
    outer loop
      vertex 36.6063 82.2191 800
      vertex 27.7617 52.6245 800
      vertex 32.2531 84.0222 800
    endloop
  endfacet
  facet normal 0 0 -1
    outer loop
      vertex 27.5 52.6314 800
      vertex 32.2531 84.0222 800
      vertex 27.7617 52.6245 800
    endloop
  endfacet
  facet normal 0 0 -1
    outer loop
      vertex 27.2383 52.6245 800
      vertex 32.2531 84.0222 800
      vertex 27.5 52.6314 800
    endloop
  endfacet
  facet normal 0 0 -1
    outer loop
      vertex 26.9774 52.604 800
      vertex 32.2531 84.0222 800
      vertex 27.2383 52.6245 800
    endloop
  endfacet
  facet normal -0 0 -1
    outer loop
      vertex 32.2531 84.0222 800
      vertex 26.9774 52.604 800
      vertex 27.8115 85.5951 800
    endloop
  endfacet
  facet normal 0 0 -1
    outer loop
      vertex 26.7178 52.5698 800
      vertex 27.8115 85.5951 800
      vertex 26.9774 52.604 800
    endloop
  endfacet
  facet normal 0 0 -1
    outer loop
      vertex 26.4604 52.5221 800
      vertex 27.8115 85.5951 800
      vertex 26.7178 52.5698 800
    endloop
  endfacet
  facet normal 0 0 -1
    outer loop
      vertex 26.2059 52.461 800
      vertex 27.8115 85.5951 800
      vertex 26.4604 52.5221 800
    endloop
  endfacet
  facet normal 0 0 -1
    outer loop
      vertex 25.9549 52.3867 800
      vertex 27.8115 85.5951 800
      vertex 26.2059 52.461 800
    endloop
  endfacet
  facet normal 0 0 -1
    outer loop
      vertex 23.2937 86.9333 800
      vertex 25.9549 52.3867 800
      vertex 25.7082 52.2993 800
    endloop
  endfacet
  facet normal 0 0 -1
    outer loop
      vertex 23.2937 86.9333 800
      vertex 25.7082 52.2993 800
      vertex 25.4663 52.1991 800
    endloop
  endfacet
  facet normal 0 0 -1
    outer loop
      vertex 23.2937 86.9333 800
      vertex 25.4663 52.1991 800
      vertex 25.23 52.0864 800
    endloop
  endfacet
  facet normal 0 0 -1
    outer loop
      vertex 18.7121 88.0333 800
      vertex 25.23 52.0864 800
      vertex 25 51.9615 800
    endloop
  endfacet
  facet normal 0 0 -1
    outer loop
      vertex 18.7121 88.0333 800
      vertex 25 51.9615 800
      vertex 24.7768 51.8247 800
    endloop
  endfacet
  facet normal 0 0 -1
    outer loop
      vertex 18.7121 88.0333 800
      vertex 24.7768 51.8247 800
      vertex 24.5611 51.6765 800
    endloop
  endfacet
  facet normal 0 0 -1
    outer loop
      vertex 14.0791 88.892 800
      vertex 24.5611 51.6765 800
      vertex 24.3534 51.5171 800
    endloop
  endfacet
  facet normal 0 0 -1
    outer loop
      vertex 14.0791 88.892 800
      vertex 24.3534 51.5171 800
      vertex 24.1543 51.3471 800
    endloop
  endfacet
  facet normal 0 0 -1
    outer loop
      vertex 14.0791 88.892 800
      vertex 24.1543 51.3471 800
      vertex 23.9645 51.1669 800
    endloop
  endfacet
  facet normal 0 0 -1
    outer loop
      vertex 9.40756 89.507 800
      vertex 23.9645 51.1669 800
      vertex 23.7843 50.9771 800
    endloop
  endfacet
  facet normal 0 0 -1
    outer loop
      vertex 9.40756 89.507 800
      vertex 23.7843 50.9771 800
      vertex 23.6143 50.778 800
    endloop
  endfacet
  facet normal 0 0 -1
    outer loop
      vertex 4.71024 89.8767 800
      vertex 23.6143 50.778 800
      vertex 23.4549 50.5703 800
    endloop
  endfacet
  facet normal 0 0 -1
    outer loop
      vertex 4.71024 89.8767 800
      vertex 23.4549 50.5703 800
      vertex 23.3066 50.3546 800
    endloop
  endfacet
  facet normal 0 0 -1
    outer loop
      vertex 25.9549 52.3867 800
      vertex 23.2937 86.9333 800
      vertex 27.8115 85.5951 800
    endloop
  endfacet
  facet normal 0 0 -1
    outer loop
      vertex 0 90 800
      vertex 23.3066 50.3546 800
      vertex 23.1699 50.1314 800
    endloop
  endfacet
  facet normal 0 0 -1
    outer loop
      vertex 22.6704 48.9255 800
      vertex -22.6704 48.9255 800
      vertex 22.7447 49.1765 800
    endloop
  endfacet
  facet normal 0 0 -1
    outer loop
      vertex 22.6093 48.671 800
      vertex -22.6093 48.671 800
      vertex 22.6704 48.9255 800
    endloop
  endfacet
  facet normal 0 0 -1
    outer loop
      vertex -22.6093 48.671 800
      vertex 22.6093 48.671 800
      vertex -22.5616 48.4136 800
    endloop
  endfacet
  facet normal 0 0 -1
    outer loop
      vertex 22.5616 48.4136 800
      vertex -22.5616 48.4136 800
      vertex 22.6093 48.671 800
    endloop
  endfacet
  facet normal 0 0 -1
    outer loop
      vertex -22.5616 48.4136 800
      vertex 22.5616 48.4136 800
      vertex -22.5274 48.154 800
    endloop
  endfacet
  facet normal 0 0 -1
    outer loop
      vertex 22.5274 48.154 800
      vertex -22.5274 48.154 800
      vertex 22.5616 48.4136 800
    endloop
  endfacet
  facet normal 0 0 -1
    outer loop
      vertex -22.5274 48.154 800
      vertex 22.5274 48.154 800
      vertex -22.5069 47.8931 800
    endloop
  endfacet
  facet normal 0 0 -1
    outer loop
      vertex 22.5069 47.8931 800
      vertex -22.5069 47.8931 800
      vertex 22.5274 48.154 800
    endloop
  endfacet
  facet normal 0 0 -1
    outer loop
      vertex -22.5069 47.8931 800
      vertex 22.5069 47.8931 800
      vertex -22.5 47.6314 800
    endloop
  endfacet
  facet normal 0 0 -1
    outer loop
      vertex -22.5 47.6314 800
      vertex 22.5069 47.8931 800
      vertex 22.5 47.6314 800
    endloop
  endfacet
  facet normal 0 0 -1
    outer loop
      vertex -22.5 47.6314 800
      vertex 22.5069 47.3697 800
      vertex 22.5274 47.1088 800
    endloop
  endfacet
  facet normal 0 0 -1
    outer loop
      vertex -22.5 47.6314 800
      vertex 22.5 47.6314 800
      vertex 22.5069 47.3697 800
    endloop
  endfacet
  facet normal 0 0 -1
    outer loop
      vertex -22.6093 -48.671 800
      vertex 18.7121 -88.0333 800
      vertex 14.0791 -88.892 800
    endloop
  endfacet
  facet normal 0 0 -1
    outer loop
      vertex 25.23 52.0864 800
      vertex 18.7121 88.0333 800
      vertex 23.2937 86.9333 800
    endloop
  endfacet
  facet normal 0 0 -1
    outer loop
      vertex -22.6704 -48.9255 800
      vertex 14.0791 -88.892 800
      vertex 9.40756 -89.507 800
    endloop
  endfacet
  facet normal 0 0 -1
    outer loop
      vertex 24.5611 51.6765 800
      vertex 14.0791 88.892 800
      vertex 18.7121 88.0333 800
    endloop
  endfacet
  facet normal 0 0 -1
    outer loop
      vertex -22.8321 -49.4232 800
      vertex 9.40756 -89.507 800
      vertex 4.71024 -89.8767 800
    endloop
  endfacet
  facet normal 0 0 -1
    outer loop
      vertex 23.9645 51.1669 800
      vertex 9.40756 89.507 800
      vertex 14.0791 88.892 800
    endloop
  endfacet
  facet normal 0 0 -1
    outer loop
      vertex -23.045 -49.9013 800
      vertex 4.71024 -89.8767 800
      vertex 0 -90 800
    endloop
  endfacet
  facet normal 0 0 -1
    outer loop
      vertex 23.6143 50.778 800
      vertex 4.71024 89.8767 800
      vertex 9.40756 89.507 800
    endloop
  endfacet
  facet normal 0 0 -1
    outer loop
      vertex -23.3066 -50.3546 800
      vertex 0 -90 800
      vertex -4.71024 -89.8767 800
    endloop
  endfacet
  facet normal 0 0 -1
    outer loop
      vertex 23.3066 50.3546 800
      vertex 0 90 800
      vertex 4.71024 89.8767 800
    endloop
  endfacet
  facet normal 0 0 -1
    outer loop
      vertex -23.6143 -50.778 800
      vertex -4.71024 -89.8767 800
      vertex -9.40756 -89.507 800
    endloop
  endfacet
  facet normal 0 0 -1
    outer loop
      vertex -22.6704 48.9255 800
      vertex 22.6704 48.9255 800
      vertex -22.6093 48.671 800
    endloop
  endfacet
  facet normal 0 0 -1
    outer loop
      vertex -23.9645 -51.1669 800
      vertex -9.40756 -89.507 800
      vertex -14.0791 -88.892 800
    endloop
  endfacet
  facet normal 0 0 -1
    outer loop
      vertex -22.7447 49.1765 800
      vertex 22.7447 49.1765 800
      vertex -22.6704 48.9255 800
    endloop
  endfacet
  facet normal 0 0 -1
    outer loop
      vertex -24.5611 -51.6765 800
      vertex -14.0791 -88.892 800
      vertex -18.7121 -88.0333 800
    endloop
  endfacet
  facet normal 0 0 -1
    outer loop
      vertex 22.7447 49.1765 800
      vertex -22.7447 49.1765 800
      vertex 22.8321 49.4232 800
    endloop
  endfacet
  facet normal 0 0 -1
    outer loop
      vertex -22.8321 49.4232 800
      vertex 22.8321 49.4232 800
      vertex -22.7447 49.1765 800
    endloop
  endfacet
  facet normal 0 0 -1
    outer loop
      vertex 18.7121 -88.0333 800
      vertex -22.5069 -47.8931 800
      vertex -22.5 -47.6314 800
    endloop
  endfacet
  facet normal 0 0 -1
    outer loop
      vertex 18.7121 -88.0333 800
      vertex -22.5274 -48.154 800
      vertex -22.5069 -47.8931 800
    endloop
  endfacet
  facet normal 0 0 -1
    outer loop
      vertex 18.7121 -88.0333 800
      vertex -22.5616 -48.4136 800
      vertex -22.5274 -48.154 800
    endloop
  endfacet
  facet normal 0 0 -1
    outer loop
      vertex 18.7121 -88.0333 800
      vertex -22.6093 -48.671 800
      vertex -22.5616 -48.4136 800
    endloop
  endfacet
  facet normal 0 0 -1
    outer loop
      vertex 14.0791 -88.892 800
      vertex -22.6704 -48.9255 800
      vertex -22.6093 -48.671 800
    endloop
  endfacet
  facet normal 0 0 -1
    outer loop
      vertex 9.40756 -89.507 800
      vertex -22.7447 -49.1765 800
      vertex -22.6704 -48.9255 800
    endloop
  endfacet
  facet normal 0 0 -1
    outer loop
      vertex 9.40756 -89.507 800
      vertex -22.8321 -49.4232 800
      vertex -22.7447 -49.1765 800
    endloop
  endfacet
  facet normal 0 0 -1
    outer loop
      vertex 4.71024 -89.8767 800
      vertex -22.9323 -49.6651 800
      vertex -22.8321 -49.4232 800
    endloop
  endfacet
  facet normal 0 0 -1
    outer loop
      vertex 4.71024 -89.8767 800
      vertex -23.045 -49.9013 800
      vertex -22.9323 -49.6651 800
    endloop
  endfacet
  facet normal 0 0 -1
    outer loop
      vertex 0 -90 800
      vertex -23.1699 -50.1314 800
      vertex -23.045 -49.9013 800
    endloop
  endfacet
  facet normal 0 0 -1
    outer loop
      vertex -25.23 -52.0864 800
      vertex -18.7121 -88.0333 800
      vertex -23.2937 -86.9333 800
    endloop
  endfacet
  facet normal 0 0 -1
    outer loop
      vertex 0 -90 800
      vertex -23.3066 -50.3546 800
      vertex -23.1699 -50.1314 800
    endloop
  endfacet
  facet normal 0 0 -1
    outer loop
      vertex -4.71024 -89.8767 800
      vertex -23.4549 -50.5703 800
      vertex -23.3066 -50.3546 800
    endloop
  endfacet
  facet normal 0 0 -1
    outer loop
      vertex -4.71024 -89.8767 800
      vertex -23.6143 -50.778 800
      vertex -23.4549 -50.5703 800
    endloop
  endfacet
  facet normal 0 0 -1
    outer loop
      vertex -9.40756 -89.507 800
      vertex -23.7843 -50.9771 800
      vertex -23.6143 -50.778 800
    endloop
  endfacet
  facet normal 0 0 -1
    outer loop
      vertex -9.40756 -89.507 800
      vertex -23.9645 -51.1669 800
      vertex -23.7843 -50.9771 800
    endloop
  endfacet
  facet normal 0 0 -1
    outer loop
      vertex -14.0791 -88.892 800
      vertex -24.1543 -51.3471 800
      vertex -23.9645 -51.1669 800
    endloop
  endfacet
  facet normal 0 0 -1
    outer loop
      vertex -14.0791 -88.892 800
      vertex -24.3534 -51.5171 800
      vertex -24.1543 -51.3471 800
    endloop
  endfacet
  facet normal 0 0 -1
    outer loop
      vertex -14.0791 -88.892 800
      vertex -24.5611 -51.6765 800
      vertex -24.3534 -51.5171 800
    endloop
  endfacet
  facet normal 0 0 -1
    outer loop
      vertex -18.7121 -88.0333 800
      vertex -24.7768 -51.8247 800
      vertex -24.5611 -51.6765 800
    endloop
  endfacet
  facet normal 0 0 -1
    outer loop
      vertex -18.7121 -88.0333 800
      vertex -25 -51.9615 800
      vertex -24.7768 -51.8247 800
    endloop
  endfacet
  facet normal 0 0 -1
    outer loop
      vertex -18.7121 -88.0333 800
      vertex -25.23 -52.0864 800
      vertex -25 -51.9615 800
    endloop
  endfacet
  facet normal 0 0 -1
    outer loop
      vertex -23.2937 -86.9333 800
      vertex -25.4663 -52.1991 800
      vertex -25.23 -52.0864 800
    endloop
  endfacet
  facet normal 0 0 -1
    outer loop
      vertex -23.2937 -86.9333 800
      vertex -25.7082 -52.2993 800
      vertex -25.4663 -52.1991 800
    endloop
  endfacet
  facet normal 0 0 -1
    outer loop
      vertex -23.2937 -86.9333 800
      vertex -25.9549 -52.3867 800
      vertex -25.7082 -52.2993 800
    endloop
  endfacet
  facet normal 0 0 -1
    outer loop
      vertex -27.8115 -85.5951 800
      vertex -25.9549 -52.3867 800
      vertex -23.2937 -86.9333 800
    endloop
  endfacet
  facet normal 0 0 -1
    outer loop
      vertex -25.9549 -52.3867 800
      vertex -27.8115 -85.5951 800
      vertex -26.2059 -52.461 800
    endloop
  endfacet
  facet normal 0 0 -1
    outer loop
      vertex -26.2059 -52.461 800
      vertex -27.8115 -85.5951 800
      vertex -26.4604 -52.5221 800
    endloop
  endfacet
  facet normal 0 0 -1
    outer loop
      vertex -26.4604 -52.5221 800
      vertex -27.8115 -85.5951 800
      vertex -26.7178 -52.5698 800
    endloop
  endfacet
  facet normal 0 0 -1
    outer loop
      vertex -26.7178 -52.5698 800
      vertex -27.8115 -85.5951 800
      vertex -26.9774 -52.604 800
    endloop
  endfacet
  facet normal 0 0 -1
    outer loop
      vertex -32.2531 -84.0222 800
      vertex -26.9774 -52.604 800
      vertex -27.8115 -85.5951 800
    endloop
  endfacet
  facet normal 0 0 -1
    outer loop
      vertex -26.9774 -52.604 800
      vertex -32.2531 -84.0222 800
      vertex -27.2383 -52.6245 800
    endloop
  endfacet
  facet normal 0 0 -1
    outer loop
      vertex -27.2383 -52.6245 800
      vertex -32.2531 -84.0222 800
      vertex -27.5 -52.6314 800
    endloop
  endfacet
  facet normal -0 0 -1
    outer loop
      vertex -27.5 -52.6314 800
      vertex -32.2531 -84.0222 800
      vertex -27.7617 -52.6245 800
    endloop
  endfacet
  facet normal 0 0 -1
    outer loop
      vertex -36.6063 -82.2191 800
      vertex -27.7617 -52.6245 800
      vertex -32.2531 -84.0222 800
    endloop
  endfacet
  facet normal -0 0 -1
    outer loop
      vertex -27.7617 -52.6245 800
      vertex -36.6063 -82.2191 800
      vertex -28.0226 -52.604 800
    endloop
  endfacet
  facet normal -0 0 -1
    outer loop
      vertex -28.0226 -52.604 800
      vertex -36.6063 -82.2191 800
      vertex -28.2822 -52.5698 800
    endloop
  endfacet
  facet normal -0 0 -1
    outer loop
      vertex -28.2822 -52.5698 800
      vertex -36.6063 -82.2191 800
      vertex -28.5396 -52.5221 800
    endloop
  endfacet
  facet normal -0 0 -1
    outer loop
      vertex -28.5396 -52.5221 800
      vertex -36.6063 -82.2191 800
      vertex -28.7941 -52.461 800
    endloop
  endfacet
  facet normal -0 0 -1
    outer loop
      vertex -28.7941 -52.461 800
      vertex -36.6063 -82.2191 800
      vertex -29.0451 -52.3867 800
    endloop
  endfacet
  facet normal -0 0 -1
    outer loop
      vertex -29.0451 -52.3867 800
      vertex -36.6063 -82.2191 800
      vertex -29.2918 -52.2993 800
    endloop
  endfacet
  facet normal -0 0 -1
    outer loop
      vertex -29.2918 -52.2993 800
      vertex -36.6063 -82.2191 800
      vertex -29.5337 -52.1991 800
    endloop
  endfacet
  facet normal -0 0 -1
    outer loop
      vertex -29.5337 -52.1991 800
      vertex -36.6063 -82.2191 800
      vertex -29.77 -52.0864 800
    endloop
  endfacet
  facet normal -0 0 -1
    outer loop
      vertex -29.77 -52.0864 800
      vertex -36.6063 -82.2191 800
      vertex -30 -51.9615 800
    endloop
  endfacet
  facet normal -0 0 -1
    outer loop
      vertex -30 -51.9615 800
      vertex -36.6063 -82.2191 800
      vertex -30.2232 -51.8247 800
    endloop
  endfacet
  facet normal -0 0 -1
    outer loop
      vertex -30.2232 -51.8247 800
      vertex -36.6063 -82.2191 800
      vertex -30.4389 -51.6765 800
    endloop
  endfacet
  facet normal -0 0 -1
    outer loop
      vertex -30.4389 -51.6765 800
      vertex -36.6063 -82.2191 800
      vertex -30.6466 -51.5171 800
    endloop
  endfacet
  facet normal -0 0 -1
    outer loop
      vertex -30.6466 -51.5171 800
      vertex -36.6063 -82.2191 800
      vertex -30.8457 -51.3471 800
    endloop
  endfacet
  facet normal -0 0 -1
    outer loop
      vertex -30.8457 -51.3471 800
      vertex -36.6063 -82.2191 800
      vertex -31.0355 -51.1669 800
    endloop
  endfacet
  facet normal -0 0 -1
    outer loop
      vertex -31.0355 -51.1669 800
      vertex -36.6063 -82.2191 800
      vertex -31.2157 -50.9771 800
    endloop
  endfacet
  facet normal -0 0 -1
    outer loop
      vertex -31.2157 -50.9771 800
      vertex -36.6063 -82.2191 800
      vertex -31.3857 -50.778 800
    endloop
  endfacet
  facet normal -0 0 -1
    outer loop
      vertex -31.3857 -50.778 800
      vertex -36.6063 -82.2191 800
      vertex -31.5451 -50.5703 800
    endloop
  endfacet
  facet normal -0 0 -1
    outer loop
      vertex -31.5451 -50.5703 800
      vertex -36.6063 -82.2191 800
      vertex -31.6934 -50.3546 800
    endloop
  endfacet
  facet normal -0 0 -1
    outer loop
      vertex -31.6934 -50.3546 800
      vertex -36.6063 -82.2191 800
      vertex -31.8301 -50.1314 800
    endloop
  endfacet
  facet normal -0 0 -1
    outer loop
      vertex -31.8301 -50.1314 800
      vertex -36.6063 -82.2191 800
      vertex -31.955 -49.9013 800
    endloop
  endfacet
  facet normal -0 0 -1
    outer loop
      vertex -31.955 -49.9013 800
      vertex -36.6063 -82.2191 800
      vertex -32.0677 -49.6651 800
    endloop
  endfacet
  facet normal -0 0 -1
    outer loop
      vertex -32.0677 -49.6651 800
      vertex -36.6063 -82.2191 800
      vertex -32.1679 -49.4232 800
    endloop
  endfacet
  facet normal -0 0 -1
    outer loop
      vertex -32.1679 -49.4232 800
      vertex -36.6063 -82.2191 800
      vertex -32.2553 -49.1765 800
    endloop
  endfacet
  facet normal -0 0 -1
    outer loop
      vertex -32.2553 -49.1765 800
      vertex -36.6063 -82.2191 800
      vertex -32.3296 -48.9255 800
    endloop
  endfacet
  facet normal -0 0 -1
    outer loop
      vertex -32.3296 -48.9255 800
      vertex -36.6063 -82.2191 800
      vertex -32.3907 -48.671 800
    endloop
  endfacet
  facet normal -0 0 -1
    outer loop
      vertex -32.3907 -48.671 800
      vertex -36.6063 -82.2191 800
      vertex -32.4384 -48.4136 800
    endloop
  endfacet
  facet normal -0 0 -1
    outer loop
      vertex -32.4384 -48.4136 800
      vertex -36.6063 -82.2191 800
      vertex -32.4726 -48.154 800
    endloop
  endfacet
  facet normal -0 0 -1
    outer loop
      vertex -32.4726 -48.154 800
      vertex -36.6063 -82.2191 800
      vertex -32.4931 -47.8931 800
    endloop
  endfacet
  facet normal 0 0 -1
    outer loop
      vertex -32.4931 -47.8931 800
      vertex -50.0616 -0.782172 800
      vertex -32.5 -47.6314 800
    endloop
  endfacet
  facet normal 0 0 -1
    outer loop
      vertex -50.0616 -0.782172 800
      vertex -32.4931 -47.8931 800
      vertex -36.6063 -82.2191 800
    endloop
  endfacet
  facet normal 0 0 -1
    outer loop
      vertex 59.9726 -0.522642 800
      vertex 90 0 800
      vertex 89.8767 -4.71024 800
    endloop
  endfacet
  facet normal 0 0 -1
    outer loop
      vertex 59.8296 -1.2941 800
      vertex 89.8767 -4.71024 800
      vertex 89.507 -9.40756 800
    endloop
  endfacet
  facet normal 0 0 -1
    outer loop
      vertex 90 0 800
      vertex 59.9726 -0.522642 800
      vertex 59.9931 -0.26168 800
    endloop
  endfacet
  facet normal 0 0 -1
    outer loop
      vertex 59.455 -2.26995 800
      vertex 89.507 -9.40756 800
      vertex 88.892 -14.0791 800
    endloop
  endfacet
  facet normal -0 0 -1
    outer loop
      vertex 90 0 800
      vertex 59.9931 -0.26168 800
      vertex 60 0 800
    endloop
  endfacet
  facet normal 0 0 -1
    outer loop
      vertex 59.0451 -2.93893 800
      vertex 88.892 -14.0791 800
      vertex 88.0333 -18.7121 800
    endloop
  endfacet
  facet normal 0 0 -1
    outer loop
      vertex 59.9726 0.522642 800
      vertex 90 0 800
      vertex 59.9931 0.26168 800
    endloop
  endfacet
  facet normal 0 0 -1
    outer loop
      vertex 58.3457 -3.71572 800
      vertex 88.0333 -18.7121 800
      vertex 86.9333 -23.2937 800
    endloop
  endfacet
  facet normal 0 0 -1
    outer loop
      vertex 90 0 800
      vertex 59.9726 0.522642 800
      vertex 89.8767 4.71024 800
    endloop
  endfacet
  facet normal 0 0 -1
    outer loop
      vertex 57.7232 -4.19335 800
      vertex 86.9333 -23.2937 800
      vertex 85.5951 -27.8115 800
    endloop
  endfacet
  facet normal 0 0 -1
    outer loop
      vertex 59.9384 0.782172 800
      vertex 89.8767 4.71024 800
      vertex 59.9726 0.522642 800
    endloop
  endfacet
  facet normal 0 0 -1
    outer loop
      vertex 57.0337 -4.56773 800
      vertex 85.5951 -27.8115 800
      vertex 84.0222 -32.2531 800
    endloop
  endfacet
  facet normal 0 0 -1
    outer loop
      vertex 59.8907 1.03956 800
      vertex 89.8767 4.71024 800
      vertex 59.9384 0.782172 800
    endloop
  endfacet
  facet normal 0 0 -1
    outer loop
      vertex 56.5451 -4.75528 800
      vertex 84.0222 -32.2531 800
      vertex 82.2191 -36.6063 800
    endloop
  endfacet
  facet normal 0 0 -1
    outer loop
      vertex 59.8296 1.2941 800
      vertex 89.8767 4.71024 800
      vertex 59.8907 1.03956 800
    endloop
  endfacet
  facet normal 0 0 -1
    outer loop
      vertex 55.7822 -4.93844 800
      vertex 82.2191 -36.6063 800
      vertex 80.1906 -40.8591 800
    endloop
  endfacet
  facet normal -0 0 -1
    outer loop
      vertex 89.8767 4.71024 800
      vertex 59.8296 1.2941 800
      vertex 89.507 9.40756 800
    endloop
  endfacet
  facet normal 0 0 -1
    outer loop
      vertex 55.2617 -4.99315 800
      vertex 80.1906 -40.8591 800
      vertex 77.9423 -45 800
    endloop
  endfacet
  facet normal 0 0 -1
    outer loop
      vertex 59.7553 1.54508 800
      vertex 89.507 9.40756 800
      vertex 59.8296 1.2941 800
    endloop
  endfacet
  facet normal 0 0 -1
    outer loop
      vertex 32.4384 -46.8492 800
      vertex 69.9431 -56.6388 800
      vertex 32.4726 -47.1088 800
    endloop
  endfacet
  facet normal 0 0 -1
    outer loop
      vertex 59.6679 1.79184 800
      vertex 89.507 9.40756 800
      vertex 59.7553 1.54508 800
    endloop
  endfacet
  facet normal 0 0 -1
    outer loop
      vertex 66.883 -60.2218 800
      vertex 32.4726 -47.1088 800
      vertex 69.9431 -56.6388 800
    endloop
  endfacet
  facet normal 0 0 -1
    outer loop
      vertex 59.5677 2.03368 800
      vertex 89.507 9.40756 800
      vertex 59.6679 1.79184 800
    endloop
  endfacet
  facet normal 0 0 -1
    outer loop
      vertex 32.4726 -47.1088 800
      vertex 66.883 -60.2218 800
      vertex 32.4931 -47.3697 800
    endloop
  endfacet
  facet normal 0 0 -1
    outer loop
      vertex 59.455 2.26995 800
      vertex 89.507 9.40756 800
      vertex 59.5677 2.03368 800
    endloop
  endfacet
  facet normal 0 0 -1
    outer loop
      vertex 32.4931 -47.3697 800
      vertex 66.883 -60.2218 800
      vertex 32.5 -47.6314 800
    endloop
  endfacet
  facet normal 0 0 -1
    outer loop
      vertex 59.3301 2.5 800
      vertex 88.892 14.0791 800
      vertex 59.455 2.26995 800
    endloop
  endfacet
  facet normal 0 0 -1
    outer loop
      vertex 32.5 -47.6314 800
      vertex 66.883 -60.2218 800
      vertex 63.6396 -63.6396 800
    endloop
  endfacet
  facet normal 0 0 -1
    outer loop
      vertex 59.1934 2.7232 800
      vertex 88.892 14.0791 800
      vertex 59.3301 2.5 800
    endloop
  endfacet
  facet normal 0 0 -1
    outer loop
      vertex 32.5 -47.6314 800
      vertex 63.6396 -63.6396 800
      vertex 60.2218 -66.883 800
    endloop
  endfacet
  facet normal 0 0 -1
    outer loop
      vertex 59.0451 2.93893 800
      vertex 88.892 14.0791 800
      vertex 59.1934 2.7232 800
    endloop
  endfacet
  facet normal -0 0 -1
    outer loop
      vertex 88.892 14.0791 800
      vertex 59.0451 2.93893 800
      vertex 88.0333 18.7121 800
    endloop
  endfacet
  facet normal -0 0 -1
    outer loop
      vertex 89.507 9.40756 800
      vertex 59.455 2.26995 800
      vertex 88.892 14.0791 800
    endloop
  endfacet
  facet normal 0 0 -1
    outer loop
      vertex 59.9931 0.26168 800
      vertex 90 0 800
      vertex 60 0 800
    endloop
  endfacet
  facet normal 0 0 -1
    outer loop
      vertex 89.8767 -4.71024 800
      vertex 59.9384 -0.782172 800
      vertex 59.9726 -0.522642 800
    endloop
  endfacet
  facet normal 0 0 -1
    outer loop
      vertex 89.8767 -4.71024 800
      vertex 59.8907 -1.03956 800
      vertex 59.9384 -0.782172 800
    endloop
  endfacet
  facet normal 0 0 -1
    outer loop
      vertex 89.8767 -4.71024 800
      vertex 59.8296 -1.2941 800
      vertex 59.8907 -1.03956 800
    endloop
  endfacet
  facet normal 0 0 -1
    outer loop
      vertex 89.507 -9.40756 800
      vertex 59.7553 -1.54508 800
      vertex 59.8296 -1.2941 800
    endloop
  endfacet
  facet normal 0 0 -1
    outer loop
      vertex 89.507 -9.40756 800
      vertex 59.6679 -1.79184 800
      vertex 59.7553 -1.54508 800
    endloop
  endfacet
  facet normal 0 0 -1
    outer loop
      vertex 89.507 -9.40756 800
      vertex 59.5677 -2.03368 800
      vertex 59.6679 -1.79184 800
    endloop
  endfacet
  facet normal 0 0 -1
    outer loop
      vertex 89.507 -9.40756 800
      vertex 59.455 -2.26995 800
      vertex 59.5677 -2.03368 800
    endloop
  endfacet
  facet normal 0 0 -1
    outer loop
      vertex 88.892 -14.0791 800
      vertex 59.3301 -2.5 800
      vertex 59.455 -2.26995 800
    endloop
  endfacet
  facet normal 0 0 -1
    outer loop
      vertex 88.892 -14.0791 800
      vertex 59.1934 -2.7232 800
      vertex 59.3301 -2.5 800
    endloop
  endfacet
  facet normal 0 0 -1
    outer loop
      vertex 88.892 -14.0791 800
      vertex 59.0451 -2.93893 800
      vertex 59.1934 -2.7232 800
    endloop
  endfacet
  facet normal 0 0 -1
    outer loop
      vertex 88.0333 -18.7121 800
      vertex 58.8857 -3.1466 800
      vertex 59.0451 -2.93893 800
    endloop
  endfacet
  facet normal 0 0 -1
    outer loop
      vertex 88.0333 -18.7121 800
      vertex 58.7157 -3.34565 800
      vertex 58.8857 -3.1466 800
    endloop
  endfacet
  facet normal 0 0 -1
    outer loop
      vertex 88.0333 -18.7121 800
      vertex 58.5355 -3.53553 800
      vertex 58.7157 -3.34565 800
    endloop
  endfacet
  facet normal 0 0 -1
    outer loop
      vertex 88.0333 -18.7121 800
      vertex 58.3457 -3.71572 800
      vertex 58.5355 -3.53553 800
    endloop
  endfacet
  facet normal 0 0 -1
    outer loop
      vertex 86.9333 -23.2937 800
      vertex 58.1466 -3.88573 800
      vertex 58.3457 -3.71572 800
    endloop
  endfacet
  facet normal 0 0 -1
    outer loop
      vertex 86.9333 -23.2937 800
      vertex 57.9389 -4.04508 800
      vertex 58.1466 -3.88573 800
    endloop
  endfacet
  facet normal 0 0 -1
    outer loop
      vertex 86.9333 -23.2937 800
      vertex 57.7232 -4.19335 800
      vertex 57.9389 -4.04508 800
    endloop
  endfacet
  facet normal 0 0 -1
    outer loop
      vertex 85.5951 -27.8115 800
      vertex 57.5 -4.33013 800
      vertex 57.7232 -4.19335 800
    endloop
  endfacet
  facet normal 0 0 -1
    outer loop
      vertex 85.5951 -27.8115 800
      vertex 57.27 -4.45503 800
      vertex 57.5 -4.33013 800
    endloop
  endfacet
  facet normal 0 0 -1
    outer loop
      vertex 85.5951 -27.8115 800
      vertex 57.0337 -4.56773 800
      vertex 57.27 -4.45503 800
    endloop
  endfacet
  facet normal 0 0 -1
    outer loop
      vertex 84.0222 -32.2531 800
      vertex 56.7918 -4.6679 800
      vertex 57.0337 -4.56773 800
    endloop
  endfacet
  facet normal 0 0 -1
    outer loop
      vertex 32.5 -47.6314 800
      vertex 60.2218 -66.883 800
      vertex 56.6388 -69.9431 800
    endloop
  endfacet
  facet normal 0 0 -1
    outer loop
      vertex 84.0222 -32.2531 800
      vertex 56.5451 -4.75528 800
      vertex 56.7918 -4.6679 800
    endloop
  endfacet
  facet normal 0 0 -1
    outer loop
      vertex 82.2191 -36.6063 800
      vertex 56.2941 -4.82963 800
      vertex 56.5451 -4.75528 800
    endloop
  endfacet
  facet normal 0 0 -1
    outer loop
      vertex 32.3907 -46.5918 800
      vertex 69.9431 -56.6388 800
      vertex 32.4384 -46.8492 800
    endloop
  endfacet
  facet normal 0 0 -1
    outer loop
      vertex 82.2191 -36.6063 800
      vertex 56.0396 -4.89074 800
      vertex 56.2941 -4.82963 800
    endloop
  endfacet
  facet normal 0 0 -1
    outer loop
      vertex 82.2191 -36.6063 800
      vertex 55.7822 -4.93844 800
      vertex 56.0396 -4.89074 800
    endloop
  endfacet
  facet normal 0 0 -1
    outer loop
      vertex 80.1906 -40.8591 800
      vertex 55.5226 -4.97261 800
      vertex 55.7822 -4.93844 800
    endloop
  endfacet
  facet normal 0 0 -1
    outer loop
      vertex 80.1906 -40.8591 800
      vertex 55.2617 -4.99315 800
      vertex 55.5226 -4.97261 800
    endloop
  endfacet
  facet normal 0 0 -1
    outer loop
      vertex 77.9423 -45 800
      vertex 55 -5 800
      vertex 55.2617 -4.99315 800
    endloop
  endfacet
  facet normal 0 0 -1
    outer loop
      vertex 69.9431 -56.6388 800
      vertex 32.3907 -46.5918 800
      vertex 72.8115 -52.9007 800
    endloop
  endfacet
  facet normal 0 0 -1
    outer loop
      vertex 32.3296 -46.3373 800
      vertex 72.8115 -52.9007 800
      vertex 32.3907 -46.5918 800
    endloop
  endfacet
  facet normal 0 0 -1
    outer loop
      vertex 32.2553 -46.0863 800
      vertex 72.8115 -52.9007 800
      vertex 32.3296 -46.3373 800
    endloop
  endfacet
  facet normal 0 0 -1
    outer loop
      vertex 32.1679 -45.8396 800
      vertex 72.8115 -52.9007 800
      vertex 32.2553 -46.0863 800
    endloop
  endfacet
  facet normal 0 0 -1
    outer loop
      vertex 72.8115 -52.9007 800
      vertex 32.1679 -45.8396 800
      vertex 75.4803 -49.0175 800
    endloop
  endfacet
  facet normal 0 0 -1
    outer loop
      vertex 32.0677 -45.5977 800
      vertex 75.4803 -49.0175 800
      vertex 32.1679 -45.8396 800
    endloop
  endfacet
  facet normal 0 0 -1
    outer loop
      vertex 31.955 -45.3614 800
      vertex 75.4803 -49.0175 800
      vertex 32.0677 -45.5977 800
    endloop
  endfacet
  facet normal 0 0 -1
    outer loop
      vertex 32.5 -47.6314 800
      vertex 56.6388 -69.9431 800
      vertex 52.9007 -72.8115 800
    endloop
  endfacet
  facet normal 0 0 -1
    outer loop
      vertex 75.4803 -49.0175 800
      vertex 31.955 -45.3614 800
      vertex 77.9423 -45 800
    endloop
  endfacet
  facet normal 0 0 -1
    outer loop
      vertex 31.8301 -45.1314 800
      vertex 77.9423 -45 800
      vertex 31.955 -45.3614 800
    endloop
  endfacet
  facet normal -0 0 -1
    outer loop
      vertex 77.9423 -45 800
      vertex 31.8301 -45.1314 800
      vertex 55 -5 800
    endloop
  endfacet
  facet normal -0 0 -1
    outer loop
      vertex 55 -5 800
      vertex 31.8301 -45.1314 800
      vertex 54.7383 -4.99315 800
    endloop
  endfacet
  facet normal 0 0 -1
    outer loop
      vertex 31.6934 -44.9082 800
      vertex 54.7383 -4.99315 800
      vertex 31.8301 -45.1314 800
    endloop
  endfacet
  facet normal -0 0 -1
    outer loop
      vertex 54.7383 -4.99315 800
      vertex 31.6934 -44.9082 800
      vertex 54.4774 -4.97261 800
    endloop
  endfacet
  facet normal 0 0 -1
    outer loop
      vertex 31.5451 -44.6925 800
      vertex 54.4774 -4.97261 800
      vertex 31.6934 -44.9082 800
    endloop
  endfacet
  facet normal -0 0 -1
    outer loop
      vertex 54.4774 -4.97261 800
      vertex 31.5451 -44.6925 800
      vertex 54.2178 -4.93844 800
    endloop
  endfacet
  facet normal 0 0 -1
    outer loop
      vertex 31.3857 -44.4848 800
      vertex 54.2178 -4.93844 800
      vertex 31.5451 -44.6925 800
    endloop
  endfacet
  facet normal -0 0 -1
    outer loop
      vertex 54.2178 -4.93844 800
      vertex 31.3857 -44.4848 800
      vertex 53.9604 -4.89074 800
    endloop
  endfacet
  facet normal 0 0 -1
    outer loop
      vertex 31.2157 -44.2857 800
      vertex 53.9604 -4.89074 800
      vertex 31.3857 -44.4848 800
    endloop
  endfacet
  facet normal -0 0 -1
    outer loop
      vertex 53.9604 -4.89074 800
      vertex 31.2157 -44.2857 800
      vertex 53.7059 -4.82963 800
    endloop
  endfacet
  facet normal 0 0 -1
    outer loop
      vertex 31.0355 -44.0959 800
      vertex 53.7059 -4.82963 800
      vertex 31.2157 -44.2857 800
    endloop
  endfacet
  facet normal -0 0 -1
    outer loop
      vertex 53.7059 -4.82963 800
      vertex 31.0355 -44.0959 800
      vertex 53.4549 -4.75528 800
    endloop
  endfacet
  facet normal 0 0 -1
    outer loop
      vertex 30.8457 -43.9157 800
      vertex 53.4549 -4.75528 800
      vertex 31.0355 -44.0959 800
    endloop
  endfacet
  facet normal -0 0 -1
    outer loop
      vertex 53.4549 -4.75528 800
      vertex 30.8457 -43.9157 800
      vertex 53.2082 -4.6679 800
    endloop
  endfacet
  facet normal 0 0 -1
    outer loop
      vertex 30.6466 -43.7457 800
      vertex 53.2082 -4.6679 800
      vertex 30.8457 -43.9157 800
    endloop
  endfacet
  facet normal -0 0 -1
    outer loop
      vertex 53.2082 -4.6679 800
      vertex 30.6466 -43.7457 800
      vertex 52.9663 -4.56773 800
    endloop
  endfacet
  facet normal 0 0 -1
    outer loop
      vertex 30.4389 -43.5863 800
      vertex 52.9663 -4.56773 800
      vertex 30.6466 -43.7457 800
    endloop
  endfacet
  facet normal -0 0 -1
    outer loop
      vertex 52.9663 -4.56773 800
      vertex 30.4389 -43.5863 800
      vertex 52.73 -4.45503 800
    endloop
  endfacet
  facet normal 0 0 -1
    outer loop
      vertex 30.2232 -43.438 800
      vertex 52.73 -4.45503 800
      vertex 30.4389 -43.5863 800
    endloop
  endfacet
  facet normal -0 0 -1
    outer loop
      vertex 52.73 -4.45503 800
      vertex 30.2232 -43.438 800
      vertex 52.5 -4.33013 800
    endloop
  endfacet
  facet normal 0 0 -1
    outer loop
      vertex 32.5 -47.6314 800
      vertex 52.9007 -72.8115 800
      vertex 49.0175 -75.4803 800
    endloop
  endfacet
  facet normal 0 0 -1
    outer loop
      vertex 58.8857 3.1466 800
      vertex 88.0333 18.7121 800
      vertex 59.0451 2.93893 800
    endloop
  endfacet
  facet normal 0 0 -1
    outer loop
      vertex 58.7157 3.34565 800
      vertex 88.0333 18.7121 800
      vertex 58.8857 3.1466 800
    endloop
  endfacet
  facet normal 0 0 -1
    outer loop
      vertex 58.5355 3.53553 800
      vertex 88.0333 18.7121 800
      vertex 58.7157 3.34565 800
    endloop
  endfacet
  facet normal 0 0 -1
    outer loop
      vertex 58.3457 3.71572 800
      vertex 88.0333 18.7121 800
      vertex 58.5355 3.53553 800
    endloop
  endfacet
  facet normal -0 0 -1
    outer loop
      vertex 88.0333 18.7121 800
      vertex 58.3457 3.71572 800
      vertex 86.9333 23.2937 800
    endloop
  endfacet
  facet normal 0 0 -1
    outer loop
      vertex 58.1466 3.88573 800
      vertex 86.9333 23.2937 800
      vertex 58.3457 3.71572 800
    endloop
  endfacet
  facet normal 0 0 -1
    outer loop
      vertex 57.9389 4.04508 800
      vertex 86.9333 23.2937 800
      vertex 58.1466 3.88573 800
    endloop
  endfacet
  facet normal 0 0 -1
    outer loop
      vertex 57.7232 4.19335 800
      vertex 86.9333 23.2937 800
      vertex 57.9389 4.04508 800
    endloop
  endfacet
  facet normal -0 0 -1
    outer loop
      vertex 86.9333 23.2937 800
      vertex 57.7232 4.19335 800
      vertex 85.5951 27.8115 800
    endloop
  endfacet
  facet normal 0 0 -1
    outer loop
      vertex 57.5 4.33013 800
      vertex 85.5951 27.8115 800
      vertex 57.7232 4.19335 800
    endloop
  endfacet
  facet normal 0 0 -1
    outer loop
      vertex 57.27 4.45503 800
      vertex 85.5951 27.8115 800
      vertex 57.5 4.33013 800
    endloop
  endfacet
  facet normal 0 0 -1
    outer loop
      vertex 57.0337 4.56773 800
      vertex 85.5951 27.8115 800
      vertex 57.27 4.45503 800
    endloop
  endfacet
  facet normal -0 0 -1
    outer loop
      vertex 85.5951 27.8115 800
      vertex 57.0337 4.56773 800
      vertex 84.0222 32.2531 800
    endloop
  endfacet
  facet normal 0 0 -1
    outer loop
      vertex 56.7918 4.6679 800
      vertex 84.0222 32.2531 800
      vertex 57.0337 4.56773 800
    endloop
  endfacet
  facet normal 0 0 -1
    outer loop
      vertex 56.5451 4.75528 800
      vertex 84.0222 32.2531 800
      vertex 56.7918 4.6679 800
    endloop
  endfacet
  facet normal -0 0 -1
    outer loop
      vertex 84.0222 32.2531 800
      vertex 56.5451 4.75528 800
      vertex 82.2191 36.6063 800
    endloop
  endfacet
  facet normal 0 0 -1
    outer loop
      vertex 56.2941 4.82963 800
      vertex 82.2191 36.6063 800
      vertex 56.5451 4.75528 800
    endloop
  endfacet
  facet normal 0 0 -1
    outer loop
      vertex 56.0396 4.89074 800
      vertex 82.2191 36.6063 800
      vertex 56.2941 4.82963 800
    endloop
  endfacet
  facet normal 0 0 -1
    outer loop
      vertex 55.7822 4.93844 800
      vertex 82.2191 36.6063 800
      vertex 56.0396 4.89074 800
    endloop
  endfacet
  facet normal -0 0 -1
    outer loop
      vertex 82.2191 36.6063 800
      vertex 55.7822 4.93844 800
      vertex 80.1906 40.8591 800
    endloop
  endfacet
  facet normal 0 0 -1
    outer loop
      vertex 55.5226 4.97261 800
      vertex 80.1906 40.8591 800
      vertex 55.7822 4.93844 800
    endloop
  endfacet
  facet normal 0 0 -1
    outer loop
      vertex 55.2617 4.99315 800
      vertex 80.1906 40.8591 800
      vertex 55.5226 4.97261 800
    endloop
  endfacet
  facet normal -0 0 -1
    outer loop
      vertex 80.1906 40.8591 800
      vertex 55.2617 4.99315 800
      vertex 77.9423 45 800
    endloop
  endfacet
  facet normal 0 0 -1
    outer loop
      vertex 55 5 800
      vertex 77.9423 45 800
      vertex 55.2617 4.99315 800
    endloop
  endfacet
  facet normal 0 0 -1
    outer loop
      vertex 54.7383 4.99315 800
      vertex 77.9423 45 800
      vertex 55 5 800
    endloop
  endfacet
  facet normal 0 0 -1
    outer loop
      vertex 32.5 47.6314 800
      vertex 77.9423 45 800
      vertex 54.7383 4.99315 800
    endloop
  endfacet
  facet normal 0 0 -1
    outer loop
      vertex 32.5 47.6314 800
      vertex 54.7383 4.99315 800
      vertex 54.4774 4.97261 800
    endloop
  endfacet
  facet normal 0 0 -1
    outer loop
      vertex 32.5 47.6314 800
      vertex 54.4774 4.97261 800
      vertex 54.2178 4.93844 800
    endloop
  endfacet
  facet normal 0 0 -1
    outer loop
      vertex 77.9423 45 800
      vertex 32.5 47.6314 800
      vertex 75.4803 49.0175 800
    endloop
  endfacet
  facet normal 0 0 -1
    outer loop
      vertex 32.5 47.6314 800
      vertex 54.2178 4.93844 800
      vertex 53.9604 4.89074 800
    endloop
  endfacet
  facet normal -0 0 -1
    outer loop
      vertex 75.4803 49.0175 800
      vertex 32.5 47.6314 800
      vertex 72.8115 52.9007 800
    endloop
  endfacet
  facet normal 0 0 -1
    outer loop
      vertex 32.5 47.6314 800
      vertex 53.9604 4.89074 800
      vertex 53.7059 4.82963 800
    endloop
  endfacet
  facet normal 0 0 -1
    outer loop
      vertex 32.5 47.6314 800
      vertex 53.7059 4.82963 800
      vertex 53.4549 4.75528 800
    endloop
  endfacet
  facet normal -0 0 -1
    outer loop
      vertex 72.8115 52.9007 800
      vertex 32.5 47.6314 800
      vertex 69.9431 56.6388 800
    endloop
  endfacet
  facet normal 0 0 -1
    outer loop
      vertex 32.5 47.6314 800
      vertex 53.4549 4.75528 800
      vertex 53.2082 4.6679 800
    endloop
  endfacet
  facet normal -0 0 -1
    outer loop
      vertex 69.9431 56.6388 800
      vertex 32.5 47.6314 800
      vertex 66.883 60.2218 800
    endloop
  endfacet
  facet normal 0 0 -1
    outer loop
      vertex 32.5 47.6314 800
      vertex 53.2082 4.6679 800
      vertex 52.9663 4.56773 800
    endloop
  endfacet
  facet normal 0 0 -1
    outer loop
      vertex 32.5 47.6314 800
      vertex 52.9663 4.56773 800
      vertex 52.73 4.45503 800
    endloop
  endfacet
  facet normal 0 0 -1
    outer loop
      vertex 32.4931 47.8931 800
      vertex 66.883 60.2218 800
      vertex 32.5 47.6314 800
    endloop
  endfacet
  facet normal 0 0 -1
    outer loop
      vertex 32.5 47.6314 800
      vertex 52.73 4.45503 800
      vertex 52.5 4.33013 800
    endloop
  endfacet
  facet normal -0 0 -1
    outer loop
      vertex 66.883 60.2218 800
      vertex 32.4931 47.8931 800
      vertex 63.6396 63.6396 800
    endloop
  endfacet
  facet normal 0 0 -1
    outer loop
      vertex 32.5 47.6314 800
      vertex 52.5 4.33013 800
      vertex 52.2768 4.19335 800
    endloop
  endfacet
  facet normal 0 0 -1
    outer loop
      vertex 32.4726 48.154 800
      vertex 63.6396 63.6396 800
      vertex 32.4931 47.8931 800
    endloop
  endfacet
  facet normal 0 0 -1
    outer loop
      vertex 32.5 47.6314 800
      vertex 52.2768 4.19335 800
      vertex 52.0611 4.04508 800
    endloop
  endfacet
  facet normal 0 0 -1
    outer loop
      vertex 32.5 47.6314 800
      vertex 52.0611 4.04508 800
      vertex 51.8534 3.88573 800
    endloop
  endfacet
  facet normal 0 0 -1
    outer loop
      vertex 32.5 47.6314 800
      vertex 51.8534 3.88573 800
      vertex 51.6543 3.71572 800
    endloop
  endfacet
  facet normal 0 0 -1
    outer loop
      vertex 32.5 47.6314 800
      vertex 51.6543 3.71572 800
      vertex 51.4645 3.53553 800
    endloop
  endfacet
  facet normal 0 0 -1
    outer loop
      vertex 32.5 47.6314 800
      vertex 51.4645 3.53553 800
      vertex 51.2843 3.34565 800
    endloop
  endfacet
  facet normal 0 0 -1
    outer loop
      vertex 32.5 47.6314 800
      vertex 51.2843 3.34565 800
      vertex 51.1143 3.1466 800
    endloop
  endfacet
  facet normal 0 0 -1
    outer loop
      vertex 32.5 47.6314 800
      vertex 51.1143 3.1466 800
      vertex 50.9549 2.93893 800
    endloop
  endfacet
  facet normal 0 0 -1
    outer loop
      vertex 32.5 47.6314 800
      vertex 50.9549 2.93893 800
      vertex 50.8066 2.7232 800
    endloop
  endfacet
  facet normal 0 0 -1
    outer loop
      vertex 32.5 47.6314 800
      vertex 50.8066 2.7232 800
      vertex 50.6699 2.5 800
    endloop
  endfacet
  facet normal 0 0 -1
    outer loop
      vertex 32.5 47.6314 800
      vertex 50.6699 2.5 800
      vertex 50.545 2.26995 800
    endloop
  endfacet
  facet normal 0 0 -1
    outer loop
      vertex 32.5 47.6314 800
      vertex 50.545 2.26995 800
      vertex 50.4323 2.03368 800
    endloop
  endfacet
  facet normal 0 0 -1
    outer loop
      vertex 32.5 47.6314 800
      vertex 50.4323 2.03368 800
      vertex 50.3321 1.79184 800
    endloop
  endfacet
  facet normal 0 0 -1
    outer loop
      vertex 32.5 47.6314 800
      vertex 50.3321 1.79184 800
      vertex 50.2447 1.54508 800
    endloop
  endfacet
  facet normal 0 0 -1
    outer loop
      vertex 32.5 47.6314 800
      vertex 50.2447 1.54508 800
      vertex 50.1704 1.2941 800
    endloop
  endfacet
  facet normal 0 0 -1
    outer loop
      vertex 32.5 47.6314 800
      vertex 50.1704 1.2941 800
      vertex 50.1093 1.03956 800
    endloop
  endfacet
  facet normal 0 0 -1
    outer loop
      vertex 32.5 47.6314 800
      vertex 50.1093 1.03956 800
      vertex 50.0616 0.782172 800
    endloop
  endfacet
  facet normal 0 0 -1
    outer loop
      vertex 50.0069 0.26168 800
      vertex 32.5 47.6314 800
      vertex 50.0274 0.522642 800
    endloop
  endfacet
  facet normal 0 0 -1
    outer loop
      vertex 50 0 800
      vertex 32.5 47.6314 800
      vertex 50.0069 0.26168 800
    endloop
  endfacet
  facet normal 0 0 -1
    outer loop
      vertex 32.4384 48.4136 800
      vertex 63.6396 63.6396 800
      vertex 32.4726 48.154 800
    endloop
  endfacet
  facet normal -0 0 -1
    outer loop
      vertex 52.5 -4.33013 800
      vertex 30 -43.3013 800
      vertex 52.2768 -4.19335 800
    endloop
  endfacet
  facet normal 0 0 -1
    outer loop
      vertex 30 -43.3013 800
      vertex 52.5 -4.33013 800
      vertex 30.2232 -43.438 800
    endloop
  endfacet
  facet normal 0 0 -1
    outer loop
      vertex 30.4389 -51.6765 800
      vertex 49.0175 -75.4803 800
      vertex 45 -77.9423 800
    endloop
  endfacet
  facet normal 0 0 -1
    outer loop
      vertex 50.0274 0.522642 800
      vertex 32.5 47.6314 800
      vertex 50.0616 0.782172 800
    endloop
  endfacet
  facet normal 0 0 -1
    outer loop
      vertex 29.5337 -52.1991 800
      vertex 45 -77.9423 800
      vertex 40.8591 -80.1906 800
    endloop
  endfacet
  facet normal 0 0 -1
    outer loop
      vertex 32.3907 48.671 800
      vertex 63.6396 63.6396 800
      vertex 32.4384 48.4136 800
    endloop
  endfacet
  facet normal 0 0 -1
    outer loop
      vertex 28.7941 -52.461 800
      vertex 40.8591 -80.1906 800
      vertex 36.6063 -82.2191 800
    endloop
  endfacet
  facet normal -0 0 -1
    outer loop
      vertex 63.6396 63.6396 800
      vertex 32.3907 48.671 800
      vertex 60.2218 66.883 800
    endloop
  endfacet
  facet normal 0 0 -1
    outer loop
      vertex 32.3296 48.9255 800
      vertex 60.2218 66.883 800
      vertex 32.3907 48.671 800
    endloop
  endfacet
  facet normal 0 0 -1
    outer loop
      vertex 49.0175 -75.4803 800
      vertex 32.4931 -47.8931 800
      vertex 32.5 -47.6314 800
    endloop
  endfacet
  facet normal 0 0 -1
    outer loop
      vertex 49.0175 -75.4803 800
      vertex 32.4726 -48.154 800
      vertex 32.4931 -47.8931 800
    endloop
  endfacet
  facet normal 0 0 -1
    outer loop
      vertex 49.0175 -75.4803 800
      vertex 32.4384 -48.4136 800
      vertex 32.4726 -48.154 800
    endloop
  endfacet
  facet normal 0 0 -1
    outer loop
      vertex 49.0175 -75.4803 800
      vertex 32.3907 -48.671 800
      vertex 32.4384 -48.4136 800
    endloop
  endfacet
  facet normal 0 0 -1
    outer loop
      vertex 49.0175 -75.4803 800
      vertex 32.3296 -48.9255 800
      vertex 32.3907 -48.671 800
    endloop
  endfacet
  facet normal 0 0 -1
    outer loop
      vertex 49.0175 -75.4803 800
      vertex 32.2553 -49.1765 800
      vertex 32.3296 -48.9255 800
    endloop
  endfacet
  facet normal 0 0 -1
    outer loop
      vertex 27.7617 -52.6245 800
      vertex 36.6063 -82.2191 800
      vertex 32.2531 -84.0222 800
    endloop
  endfacet
  facet normal 0 0 -1
    outer loop
      vertex 49.0175 -75.4803 800
      vertex 32.1679 -49.4232 800
      vertex 32.2553 -49.1765 800
    endloop
  endfacet
  facet normal 0 0 -1
    outer loop
      vertex 49.0175 -75.4803 800
      vertex 32.0677 -49.6651 800
      vertex 32.1679 -49.4232 800
    endloop
  endfacet
  facet normal 0 0 -1
    outer loop
      vertex 49.0175 -75.4803 800
      vertex 31.955 -49.9013 800
      vertex 32.0677 -49.6651 800
    endloop
  endfacet
  facet normal 0 0 -1
    outer loop
      vertex 49.0175 -75.4803 800
      vertex 31.8301 -50.1314 800
      vertex 31.955 -49.9013 800
    endloop
  endfacet
  facet normal 0 0 -1
    outer loop
      vertex 49.0175 -75.4803 800
      vertex 31.6934 -50.3546 800
      vertex 31.8301 -50.1314 800
    endloop
  endfacet
  facet normal 0 0 -1
    outer loop
      vertex 49.0175 -75.4803 800
      vertex 31.5451 -50.5703 800
      vertex 31.6934 -50.3546 800
    endloop
  endfacet
  facet normal 0 0 -1
    outer loop
      vertex 49.0175 -75.4803 800
      vertex 31.3857 -50.778 800
      vertex 31.5451 -50.5703 800
    endloop
  endfacet
  facet normal 0 0 -1
    outer loop
      vertex 49.0175 -75.4803 800
      vertex 31.2157 -50.9771 800
      vertex 31.3857 -50.778 800
    endloop
  endfacet
  facet normal 0 0 -1
    outer loop
      vertex 49.0175 -75.4803 800
      vertex 31.0355 -51.1669 800
      vertex 31.2157 -50.9771 800
    endloop
  endfacet
  facet normal 0 0 -1
    outer loop
      vertex 49.0175 -75.4803 800
      vertex 30.8457 -51.3471 800
      vertex 31.0355 -51.1669 800
    endloop
  endfacet
  facet normal 0 0 -1
    outer loop
      vertex 49.0175 -75.4803 800
      vertex 30.6466 -51.5171 800
      vertex 30.8457 -51.3471 800
    endloop
  endfacet
  facet normal 0 0 -1
    outer loop
      vertex 49.0175 -75.4803 800
      vertex 30.4389 -51.6765 800
      vertex 30.6466 -51.5171 800
    endloop
  endfacet
  facet normal 0 0 -1
    outer loop
      vertex 45 -77.9423 800
      vertex 30.2232 -51.8247 800
      vertex 30.4389 -51.6765 800
    endloop
  endfacet
  facet normal 0 0 -1
    outer loop
      vertex 45 -77.9423 800
      vertex 30 -51.9615 800
      vertex 30.2232 -51.8247 800
    endloop
  endfacet
  facet normal 0 0 -1
    outer loop
      vertex 45 -77.9423 800
      vertex 29.77 -52.0864 800
      vertex 30 -51.9615 800
    endloop
  endfacet
  facet normal 0 0 -1
    outer loop
      vertex 45 -77.9423 800
      vertex 29.5337 -52.1991 800
      vertex 29.77 -52.0864 800
    endloop
  endfacet
  facet normal 0 0 -1
    outer loop
      vertex 40.8591 -80.1906 800
      vertex 29.2918 -52.2993 800
      vertex 29.5337 -52.1991 800
    endloop
  endfacet
  facet normal 0 0 -1
    outer loop
      vertex 40.8591 -80.1906 800
      vertex 29.0451 -52.3867 800
      vertex 29.2918 -52.2993 800
    endloop
  endfacet
  facet normal 0 0 -1
    outer loop
      vertex 40.8591 -80.1906 800
      vertex 28.7941 -52.461 800
      vertex 29.0451 -52.3867 800
    endloop
  endfacet
  facet normal 0 0 -1
    outer loop
      vertex 36.6063 -82.2191 800
      vertex 28.5396 -52.5221 800
      vertex 28.7941 -52.461 800
    endloop
  endfacet
  facet normal 0 0 -1
    outer loop
      vertex 36.6063 -82.2191 800
      vertex 28.2822 -52.5698 800
      vertex 28.5396 -52.5221 800
    endloop
  endfacet
  facet normal 0 0 -1
    outer loop
      vertex 36.6063 -82.2191 800
      vertex 28.0226 -52.604 800
      vertex 28.2822 -52.5698 800
    endloop
  endfacet
  facet normal 0 0 -1
    outer loop
      vertex 26.9774 -52.604 800
      vertex 32.2531 -84.0222 800
      vertex 27.8115 -85.5951 800
    endloop
  endfacet
  facet normal 0 0 -1
    outer loop
      vertex 36.6063 -82.2191 800
      vertex 27.7617 -52.6245 800
      vertex 28.0226 -52.604 800
    endloop
  endfacet
  facet normal 0 0 -1
    outer loop
      vertex 32.2531 -84.0222 800
      vertex 27.5 -52.6314 800
      vertex 27.7617 -52.6245 800
    endloop
  endfacet
  facet normal 0 0 -1
    outer loop
      vertex 32.2531 -84.0222 800
      vertex 27.2383 -52.6245 800
      vertex 27.5 -52.6314 800
    endloop
  endfacet
  facet normal 0 0 -1
    outer loop
      vertex 32.2531 -84.0222 800
      vertex 26.9774 -52.604 800
      vertex 27.2383 -52.6245 800
    endloop
  endfacet
  facet normal 0 0 -1
    outer loop
      vertex 27.8115 -85.5951 800
      vertex 26.7178 -52.5698 800
      vertex 26.9774 -52.604 800
    endloop
  endfacet
  facet normal 0 0 -1
    outer loop
      vertex 27.8115 -85.5951 800
      vertex 26.4604 -52.5221 800
      vertex 26.7178 -52.5698 800
    endloop
  endfacet
  facet normal 0 0 -1
    outer loop
      vertex 27.8115 -85.5951 800
      vertex 26.2059 -52.461 800
      vertex 26.4604 -52.5221 800
    endloop
  endfacet
  facet normal 0 0 -1
    outer loop
      vertex 27.8115 -85.5951 800
      vertex 25.9549 -52.3867 800
      vertex 26.2059 -52.461 800
    endloop
  endfacet
  facet normal 0 0 -1
    outer loop
      vertex 23.2937 -86.9333 800
      vertex 25.9549 -52.3867 800
      vertex 27.8115 -85.5951 800
    endloop
  endfacet
  facet normal -0 0 -1
    outer loop
      vertex 25.9549 -52.3867 800
      vertex 23.2937 -86.9333 800
      vertex 25.7082 -52.2993 800
    endloop
  endfacet
  facet normal -0 0 -1
    outer loop
      vertex 25.7082 -52.2993 800
      vertex 23.2937 -86.9333 800
      vertex 25.4663 -52.1991 800
    endloop
  endfacet
  facet normal -0 0 -1
    outer loop
      vertex 25.4663 -52.1991 800
      vertex 23.2937 -86.9333 800
      vertex 25.23 -52.0864 800
    endloop
  endfacet
  facet normal 0 0 -1
    outer loop
      vertex 18.7121 -88.0333 800
      vertex 25.23 -52.0864 800
      vertex 23.2937 -86.9333 800
    endloop
  endfacet
  facet normal -0 0 -1
    outer loop
      vertex 25.23 -52.0864 800
      vertex 18.7121 -88.0333 800
      vertex 25 -51.9615 800
    endloop
  endfacet
  facet normal -0 0 -1
    outer loop
      vertex 25 -51.9615 800
      vertex 18.7121 -88.0333 800
      vertex 24.7768 -51.8247 800
    endloop
  endfacet
  facet normal -0 0 -1
    outer loop
      vertex 24.7768 -51.8247 800
      vertex 18.7121 -88.0333 800
      vertex 24.5611 -51.6765 800
    endloop
  endfacet
  facet normal -0 0 -1
    outer loop
      vertex 24.5611 -51.6765 800
      vertex 18.7121 -88.0333 800
      vertex 24.3534 -51.5171 800
    endloop
  endfacet
  facet normal -0 0 -1
    outer loop
      vertex 24.3534 -51.5171 800
      vertex 18.7121 -88.0333 800
      vertex 24.1543 -51.3471 800
    endloop
  endfacet
  facet normal -0 0 -1
    outer loop
      vertex 24.1543 -51.3471 800
      vertex 18.7121 -88.0333 800
      vertex 23.9645 -51.1669 800
    endloop
  endfacet
  facet normal -0 0 -1
    outer loop
      vertex 23.9645 -51.1669 800
      vertex 18.7121 -88.0333 800
      vertex 23.7843 -50.9771 800
    endloop
  endfacet
  facet normal -0 0 -1
    outer loop
      vertex 23.7843 -50.9771 800
      vertex 18.7121 -88.0333 800
      vertex 23.6143 -50.778 800
    endloop
  endfacet
  facet normal -0 0 -1
    outer loop
      vertex 23.6143 -50.778 800
      vertex 18.7121 -88.0333 800
      vertex 23.4549 -50.5703 800
    endloop
  endfacet
  facet normal -0 0 -1
    outer loop
      vertex 23.4549 -50.5703 800
      vertex 18.7121 -88.0333 800
      vertex 23.3066 -50.3546 800
    endloop
  endfacet
  facet normal 0 0 -1
    outer loop
      vertex -22.5 -47.6314 800
      vertex 23.3066 -50.3546 800
      vertex 18.7121 -88.0333 800
    endloop
  endfacet
  facet normal 0 0 -1
    outer loop
      vertex 23.3066 -50.3546 800
      vertex -22.5 -47.6314 800
      vertex 23.1699 -50.1314 800
    endloop
  endfacet
  facet normal 0 0 -1
    outer loop
      vertex 23.1699 -50.1314 800
      vertex -22.5 -47.6314 800
      vertex 23.045 -49.9013 800
    endloop
  endfacet
  facet normal 0 0 -1
    outer loop
      vertex 23.045 -49.9013 800
      vertex -22.5 -47.6314 800
      vertex 22.9323 -49.6651 800
    endloop
  endfacet
  facet normal 0 0 -1
    outer loop
      vertex 22.9323 -49.6651 800
      vertex -22.5 -47.6314 800
      vertex 22.8321 -49.4232 800
    endloop
  endfacet
  facet normal 0 0 -1
    outer loop
      vertex 22.8321 -49.4232 800
      vertex -22.5 -47.6314 800
      vertex 22.7447 -49.1765 800
    endloop
  endfacet
  facet normal 0 0 -1
    outer loop
      vertex 22.7447 -49.1765 800
      vertex -22.5 -47.6314 800
      vertex 22.6704 -48.9255 800
    endloop
  endfacet
  facet normal 0 0 -1
    outer loop
      vertex 22.6704 -48.9255 800
      vertex -22.5 -47.6314 800
      vertex 22.6093 -48.671 800
    endloop
  endfacet
  facet normal 0 0 -1
    outer loop
      vertex 22.6093 -48.671 800
      vertex -22.5 -47.6314 800
      vertex 22.5616 -48.4136 800
    endloop
  endfacet
  facet normal 0 0 -1
    outer loop
      vertex 22.5616 -48.4136 800
      vertex -22.5 -47.6314 800
      vertex 22.5274 -48.154 800
    endloop
  endfacet
  facet normal 0 0 -1
    outer loop
      vertex 22.5069 -47.8931 800
      vertex -22.5 -47.6314 800
      vertex 22.5 -47.6314 800
    endloop
  endfacet
  facet normal 0 0 -1
    outer loop
      vertex 22.5274 -48.154 800
      vertex -22.5 -47.6314 800
      vertex 22.5069 -47.8931 800
    endloop
  endfacet
  facet normal 0.233451 0.972369 -0
    outer loop
      vertex 25.8819 96.5926 0
      vertex 20.7912 97.8148 800
      vertex 25.8819 96.5926 800
    endloop
  endfacet
  facet normal 0.233451 0.972369 0
    outer loop
      vertex 20.7912 97.8148 800
      vertex 25.8819 96.5926 0
      vertex 20.7912 97.8148 0
    endloop
  endfacet
  facet normal -0.793353 -0.608762 0
    outer loop
      vertex -77.7146 -62.932 0
      vertex -80.9017 -58.7785 800
      vertex -80.9017 -58.7785 0
    endloop
  endfacet
  facet normal -0.793353 -0.608762 0
    outer loop
      vertex -80.9017 -58.7785 800
      vertex -77.7146 -62.932 0
      vertex -77.7146 -62.932 800
    endloop
  endfacet
  facet normal -0.824121 -0.566414 0
    outer loop
      vertex -80.9017 -58.7785 0
      vertex -83.8671 -54.4639 800
      vertex -83.8671 -54.4639 0
    endloop
  endfacet
  facet normal -0.824121 -0.566414 0
    outer loop
      vertex -83.8671 -54.4639 800
      vertex -80.9017 -58.7785 0
      vertex -80.9017 -58.7785 800
    endloop
  endfacet
  facet normal -0.958821 -0.28401 0
    outer loop
      vertex -95.1057 -30.9017 0
      vertex -96.5926 -25.8819 800
      vertex -96.5926 -25.8819 0
    endloop
  endfacet
  facet normal -0.958821 -0.28401 0
    outer loop
      vertex -96.5926 -25.8819 800
      vertex -95.1057 -30.9017 0
      vertex -95.1057 -30.9017 800
    endloop
  endfacet
  facet normal -0.972369 -0.233451 0
    outer loop
      vertex -96.5926 -25.8819 0
      vertex -97.8148 -20.7912 800
      vertex -97.8148 -20.7912 0
    endloop
  endfacet
  facet normal -0.972369 -0.233451 0
    outer loop
      vertex -97.8148 -20.7912 800
      vertex -96.5926 -25.8819 0
      vertex -96.5926 -25.8819 800
    endloop
  endfacet
  facet normal -0.430503 -0.902589 0
    outer loop
      vertex -45.399 -89.1007 0
      vertex -40.6737 -91.3545 800
      vertex -45.399 -89.1007 800
    endloop
  endfacet
  facet normal -0.430503 -0.902589 -0
    outer loop
      vertex -40.6737 -91.3545 800
      vertex -45.399 -89.1007 0
      vertex -40.6737 -91.3545 0
    endloop
  endfacet
  facet normal 0.28401 0.958821 -0
    outer loop
      vertex 30.9017 95.1057 0
      vertex 25.8819 96.5926 800
      vertex 30.9017 95.1057 800
    endloop
  endfacet
  facet normal 0.28401 0.958821 0
    outer loop
      vertex 25.8819 96.5926 800
      vertex 30.9017 95.1057 0
      vertex 25.8819 96.5926 0
    endloop
  endfacet
  facet normal -0.566414 -0.824121 0
    outer loop
      vertex -58.7785 -80.9017 0
      vertex -54.4639 -83.8671 800
      vertex -58.7785 -80.9017 800
    endloop
  endfacet
  facet normal -0.566414 -0.824121 -0
    outer loop
      vertex -54.4639 -83.8671 800
      vertex -58.7785 -80.9017 0
      vertex -54.4639 -83.8671 0
    endloop
  endfacet
  facet normal -0.902589 -0.430503 0
    outer loop
      vertex -89.1007 -45.399 0
      vertex -91.3545 -40.6737 800
      vertex -91.3545 -40.6737 0
    endloop
  endfacet
  facet normal -0.902589 -0.430503 0
    outer loop
      vertex -91.3545 -40.6737 800
      vertex -89.1007 -45.399 0
      vertex -89.1007 -45.399 800
    endloop
  endfacet
  facet normal -0.996917 -0.0784618 0
    outer loop
      vertex 89.8767 4.71024 0
      vertex 89.507 9.40756 800
      vertex 89.507 9.40756 0
    endloop
  endfacet
  facet normal -0.996917 -0.0784618 0
    outer loop
      vertex 89.507 9.40756 800
      vertex 89.8767 4.71024 0
      vertex 89.8767 4.71024 800
    endloop
  endfacet
  facet normal -0.999658 -0.026168 0
    outer loop
      vertex 90 0 0
      vertex 89.8767 4.71024 800
      vertex 89.8767 4.71024 0
    endloop
  endfacet
  facet normal -0.999658 -0.026168 0
    outer loop
      vertex 89.8767 4.71024 800
      vertex 90 0 0
      vertex 90 0 800
    endloop
  endfacet
  facet normal -0.991445 -0.130522 0
    outer loop
      vertex 89.507 9.40756 0
      vertex 88.892 14.0791 800
      vertex 88.892 14.0791 0
    endloop
  endfacet
  facet normal -0.991445 -0.130522 0
    outer loop
      vertex 88.892 14.0791 800
      vertex 89.507 9.40756 0
      vertex 89.507 9.40756 800
    endloop
  endfacet
  facet normal 0.52251 -0.852633 0
    outer loop
      vertex -49.0175 75.4803 0
      vertex -45 77.9423 800
      vertex -49.0175 75.4803 800
    endloop
  endfacet
  facet normal 0.52251 -0.852633 0
    outer loop
      vertex -45 77.9423 800
      vertex -49.0175 75.4803 0
      vertex -45 77.9423 0
    endloop
  endfacet
  facet normal 0.333816 -0.942638 0
    outer loop
      vertex -32.2531 84.0222 0
      vertex -27.8115 85.5951 800
      vertex -32.2531 84.0222 800
    endloop
  endfacet
  facet normal 0.333816 -0.942638 0
    outer loop
      vertex -27.8115 85.5951 800
      vertex -32.2531 84.0222 0
      vertex -27.8115 85.5951 0
    endloop
  endfacet
  facet normal -0.430514 0.902584 0
    outer loop
      vertex 40.8591 -80.1906 0
      vertex 36.6063 -82.2191 800
      vertex 40.8591 -80.1906 800
    endloop
  endfacet
  facet normal -0.430514 0.902584 0
    outer loop
      vertex 36.6063 -82.2191 800
      vertex 40.8591 -80.1906 0
      vertex 36.6063 -82.2191 0
    endloop
  endfacet
  facet normal -0.608769 -0.793348 0
    outer loop
      vertex 52.9007 72.8115 0
      vertex 56.6388 69.9431 800
      vertex 52.9007 72.8115 800
    endloop
  endfacet
  facet normal -0.608769 -0.793348 -0
    outer loop
      vertex 56.6388 69.9431 800
      vertex 52.9007 72.8115 0
      vertex 56.6388 69.9431 0
    endloop
  endfacet
  facet normal -0.996917 0.0784618 0
    outer loop
      vertex 89.507 -9.40756 0
      vertex 89.8767 -4.71024 800
      vertex 89.8767 -4.71024 0
    endloop
  endfacet
  facet normal -0.996917 0.0784618 0
    outer loop
      vertex 89.8767 -4.71024 800
      vertex 89.507 -9.40756 0
      vertex 89.507 -9.40756 800
    endloop
  endfacet
  facet normal 0.026168 0.999658 -0
    outer loop
      vertex 0 -90 0
      vertex -4.71024 -89.8767 800
      vertex 0 -90 800
    endloop
  endfacet
  facet normal 0.026168 0.999658 0
    outer loop
      vertex -4.71024 -89.8767 800
      vertex 0 -90 0
      vertex -4.71024 -89.8767 0
    endloop
  endfacet
  facet normal -0.0784618 0.996917 0
    outer loop
      vertex 9.40756 -89.507 0
      vertex 4.71024 -89.8767 800
      vertex 9.40756 -89.507 800
    endloop
  endfacet
  facet normal -0.0784618 0.996917 0
    outer loop
      vertex 4.71024 -89.8767 800
      vertex 9.40756 -89.507 0
      vertex 4.71024 -89.8767 0
    endloop
  endfacet
  facet normal -0.52251 0.852633 0
    outer loop
      vertex 49.0175 -75.4803 0
      vertex 45 -77.9423 800
      vertex 49.0175 -75.4803 800
    endloop
  endfacet
  facet normal -0.52251 0.852633 0
    outer loop
      vertex 45 -77.9423 800
      vertex 49.0175 -75.4803 0
      vertex 45 -77.9423 0
    endloop
  endfacet
  facet normal -0.760413 0.649439 0
    outer loop
      vertex 66.883 -60.2218 0
      vertex 69.9431 -56.6388 800
      vertex 69.9431 -56.6388 0
    endloop
  endfacet
  facet normal -0.760413 0.649439 0
    outer loop
      vertex 69.9431 -56.6388 800
      vertex 66.883 -60.2218 0
      vertex 66.883 -60.2218 800
    endloop
  endfacet
  facet normal 0.026168 -0.999658 0
    outer loop
      vertex -4.71024 89.8767 0
      vertex 0 90 800
      vertex -4.71024 89.8767 800
    endloop
  endfacet
  facet normal 0.026168 -0.999658 0
    outer loop
      vertex 0 90 800
      vertex -4.71024 89.8767 0
      vertex 0 90 0
    endloop
  endfacet
  facet normal -0.566399 0.824131 0
    outer loop
      vertex 52.9007 -72.8115 0
      vertex 49.0175 -75.4803 800
      vertex 52.9007 -72.8115 800
    endloop
  endfacet
  facet normal -0.566399 0.824131 0
    outer loop
      vertex 49.0175 -75.4803 800
      vertex 52.9007 -72.8115 0
      vertex 49.0175 -75.4803 0
    endloop
  endfacet
  facet normal -0.430514 -0.902584 0
    outer loop
      vertex 36.6063 82.2191 0
      vertex 40.8591 80.1906 800
      vertex 36.6063 82.2191 800
    endloop
  endfacet
  facet normal -0.430514 -0.902584 -0
    outer loop
      vertex 40.8591 80.1906 800
      vertex 36.6063 82.2191 0
      vertex 40.8591 80.1906 0
    endloop
  endfacet
  facet normal 0.649439 0.760413 -0
    outer loop
      vertex -56.6388 -69.9431 0
      vertex -60.2218 -66.883 800
      vertex -56.6388 -69.9431 800
    endloop
  endfacet
  facet normal 0.649439 0.760413 0
    outer loop
      vertex -60.2218 -66.883 800
      vertex -56.6388 -69.9431 0
      vertex -60.2218 -66.883 0
    endloop
  endfacet
  facet normal 0.233456 0.972367 -0
    outer loop
      vertex -18.7121 -88.0333 0
      vertex -23.2937 -86.9333 800
      vertex -18.7121 -88.0333 800
    endloop
  endfacet
  facet normal 0.233456 0.972367 0
    outer loop
      vertex -23.2937 -86.9333 800
      vertex -18.7121 -88.0333 0
      vertex -23.2937 -86.9333 0
    endloop
  endfacet
  facet normal 0.996917 -0.0784618 0
    outer loop
      vertex -89.8767 4.71024 800
      vertex -89.507 9.40756 0
      vertex -89.507 9.40756 800
    endloop
  endfacet
  facet normal 0.996917 -0.0784618 0
    outer loop
      vertex -89.507 9.40756 0
      vertex -89.8767 4.71024 800
      vertex -89.8767 4.71024 0
    endloop
  endfacet
  facet normal -0.972367 0.233456 0
    outer loop
      vertex 86.9333 -23.2937 0
      vertex 88.0333 -18.7121 800
      vertex 88.0333 -18.7121 0
    endloop
  endfacet
  facet normal -0.972367 0.233456 0
    outer loop
      vertex 88.0333 -18.7121 800
      vertex 86.9333 -23.2937 0
      vertex 86.9333 -23.2937 800
    endloop
  endfacet
  facet normal -0.026168 0.999658 0
    outer loop
      vertex 4.71024 -89.8767 0
      vertex 0 -90 800
      vertex 4.71024 -89.8767 800
    endloop
  endfacet
  facet normal -0.026168 0.999658 0
    outer loop
      vertex 0 -90 800
      vertex 4.71024 -89.8767 0
      vertex 0 -90 0
    endloop
  endfacet
  facet normal 0.0784618 -0.996917 0
    outer loop
      vertex -9.40756 89.507 0
      vertex -4.71024 89.8767 800
      vertex -9.40756 89.507 800
    endloop
  endfacet
  facet normal 0.0784618 -0.996917 0
    outer loop
      vertex -4.71024 89.8767 800
      vertex -9.40756 89.507 0
      vertex -4.71024 89.8767 0
    endloop
  endfacet
  facet normal 0.923884 0.382674 0
    outer loop
      vertex -82.2191 -36.6063 800
      vertex -84.0222 -32.2531 0
      vertex -84.0222 -32.2531 800
    endloop
  endfacet
  facet normal 0.923884 0.382674 0
    outer loop
      vertex -84.0222 -32.2531 0
      vertex -82.2191 -36.6063 800
      vertex -82.2191 -36.6063 0
    endloop
  endfacet
  facet normal 0.942638 0.333816 0
    outer loop
      vertex -84.0222 -32.2531 800
      vertex -85.5951 -27.8115 0
      vertex -85.5951 -27.8115 800
    endloop
  endfacet
  facet normal 0.942638 0.333816 0
    outer loop
      vertex -85.5951 -27.8115 0
      vertex -84.0222 -32.2531 800
      vertex -84.0222 -32.2531 0
    endloop
  endfacet
  facet normal 0.382674 -0.923884 0
    outer loop
      vertex -36.6063 82.2191 0
      vertex -32.2531 84.0222 800
      vertex -36.6063 82.2191 800
    endloop
  endfacet
  facet normal 0.382674 -0.923884 0
    outer loop
      vertex -32.2531 84.0222 800
      vertex -36.6063 82.2191 0
      vertex -32.2531 84.0222 0
    endloop
  endfacet
  facet normal -0.958822 -0.284009 0
    outer loop
      vertex 86.9333 23.2937 0
      vertex 85.5951 27.8115 800
      vertex 85.5951 27.8115 0
    endloop
  endfacet
  facet normal -0.958822 -0.284009 0
    outer loop
      vertex 85.5951 27.8115 800
      vertex 86.9333 23.2937 0
      vertex 86.9333 23.2937 800
    endloop
  endfacet
  facet normal 0.972367 0.233456 0
    outer loop
      vertex -86.9333 -23.2937 800
      vertex -88.0333 -18.7121 0
      vertex -88.0333 -18.7121 800
    endloop
  endfacet
  facet normal 0.972367 0.233456 0
    outer loop
      vertex -88.0333 -18.7121 0
      vertex -86.9333 -23.2937 800
      vertex -86.9333 -23.2937 0
    endloop
  endfacet
  facet normal 0.902584 -0.430514 0
    outer loop
      vertex -82.2191 36.6063 800
      vertex -80.1906 40.8591 0
      vertex -80.1906 40.8591 800
    endloop
  endfacet
  facet normal 0.902584 -0.430514 0
    outer loop
      vertex -80.1906 40.8591 0
      vertex -82.2191 36.6063 800
      vertex -82.2191 36.6063 0
    endloop
  endfacet
  facet normal -0.725371 0.688358 0
    outer loop
      vertex 63.6396 -63.6396 0
      vertex 66.883 -60.2218 800
      vertex 66.883 -60.2218 0
    endloop
  endfacet
  facet normal -0.725371 0.688358 0
    outer loop
      vertex 66.883 -60.2218 800
      vertex 63.6396 -63.6396 0
      vertex 63.6396 -63.6396 800
    endloop
  endfacet
  facet normal -0.824131 -0.566399 0
    outer loop
      vertex 75.4803 49.0175 0
      vertex 72.8115 52.9007 800
      vertex 72.8115 52.9007 0
    endloop
  endfacet
  facet normal -0.824131 -0.566399 0
    outer loop
      vertex 72.8115 52.9007 800
      vertex 75.4803 49.0175 0
      vertex 75.4803 49.0175 800
    endloop
  endfacet
  facet normal 0.996917 0.0784618 0
    outer loop
      vertex -89.507 -9.40756 800
      vertex -89.8767 -4.71024 0
      vertex -89.8767 -4.71024 800
    endloop
  endfacet
  facet normal 0.996917 0.0784618 0
    outer loop
      vertex -89.8767 -4.71024 0
      vertex -89.507 -9.40756 800
      vertex -89.507 -9.40756 0
    endloop
  endfacet
  facet normal -0.983254 0.18224 0
    outer loop
      vertex 88.0333 -18.7121 0
      vertex 88.892 -14.0791 800
      vertex 88.892 -14.0791 0
    endloop
  endfacet
  facet normal -0.983254 0.18224 0
    outer loop
      vertex 88.892 -14.0791 800
      vertex 88.0333 -18.7121 0
      vertex 88.0333 -18.7121 800
    endloop
  endfacet
  facet normal -0.852633 -0.52251 0
    outer loop
      vertex 77.9423 45 0
      vertex 75.4803 49.0175 800
      vertex 75.4803 49.0175 0
    endloop
  endfacet
  facet normal -0.852633 -0.52251 0
    outer loop
      vertex 75.4803 49.0175 800
      vertex 77.9423 45 0
      vertex 77.9423 45 800
    endloop
  endfacet
  facet normal -0.477155 -0.878819 0
    outer loop
      vertex 40.8591 80.1906 0
      vertex 45 77.9423 800
      vertex 40.8591 80.1906 800
    endloop
  endfacet
  facet normal -0.477155 -0.878819 -0
    outer loop
      vertex 45 77.9423 800
      vertex 40.8591 80.1906 0
      vertex 45 77.9423 0
    endloop
  endfacet
  facet normal -0.026168 -0.999658 0
    outer loop
      vertex 0 90 0
      vertex 4.71024 89.8767 800
      vertex 0 90 800
    endloop
  endfacet
  facet normal -0.026168 -0.999658 -0
    outer loop
      vertex 4.71024 89.8767 800
      vertex 0 90 0
      vertex 4.71024 89.8767 0
    endloop
  endfacet
  facet normal 0.852633 0.52251 0
    outer loop
      vertex -75.4803 -49.0175 800
      vertex -77.9423 -45 0
      vertex -77.9423 -45 800
    endloop
  endfacet
  facet normal 0.852633 0.52251 0
    outer loop
      vertex -77.9423 -45 0
      vertex -75.4803 -49.0175 800
      vertex -75.4803 -49.0175 0
    endloop
  endfacet
  facet normal -0.130522 -0.991445 0
    outer loop
      vertex 9.40756 89.507 0
      vertex 14.0791 88.892 800
      vertex 9.40756 89.507 800
    endloop
  endfacet
  facet normal -0.130522 -0.991445 -0
    outer loop
      vertex 14.0791 88.892 800
      vertex 9.40756 89.507 0
      vertex 14.0791 88.892 0
    endloop
  endfacet
  facet normal -0.793348 0.608769 0
    outer loop
      vertex 69.9431 -56.6388 0
      vertex 72.8115 -52.9007 800
      vertex 72.8115 -52.9007 0
    endloop
  endfacet
  facet normal -0.793348 0.608769 0
    outer loop
      vertex 72.8115 -52.9007 800
      vertex 69.9431 -56.6388 0
      vertex 69.9431 -56.6388 800
    endloop
  endfacet
  facet normal 0.999658 0.026168 0
    outer loop
      vertex -89.8767 -4.71024 800
      vertex -90 0 0
      vertex -90 0 800
    endloop
  endfacet
  facet normal 0.999658 0.026168 0
    outer loop
      vertex -90 0 0
      vertex -89.8767 -4.71024 800
      vertex -89.8767 -4.71024 0
    endloop
  endfacet
  facet normal 0.824131 0.566399 0
    outer loop
      vertex -72.8115 -52.9007 800
      vertex -75.4803 -49.0175 0
      vertex -75.4803 -49.0175 800
    endloop
  endfacet
  facet normal 0.824131 0.566399 0
    outer loop
      vertex -75.4803 -49.0175 0
      vertex -72.8115 -52.9007 800
      vertex -72.8115 -52.9007 0
    endloop
  endfacet
  facet normal 0.991445 0.130522 0
    outer loop
      vertex -88.892 -14.0791 800
      vertex -89.507 -9.40756 0
      vertex -89.507 -9.40756 800
    endloop
  endfacet
  facet normal 0.991445 0.130522 0
    outer loop
      vertex -89.507 -9.40756 0
      vertex -88.892 -14.0791 800
      vertex -88.892 -14.0791 0
    endloop
  endfacet
  facet normal -0.958822 0.284009 0
    outer loop
      vertex 85.5951 -27.8115 0
      vertex 86.9333 -23.2937 800
      vertex 86.9333 -23.2937 0
    endloop
  endfacet
  facet normal -0.958822 0.284009 0
    outer loop
      vertex 86.9333 -23.2937 800
      vertex 85.5951 -27.8115 0
      vertex 85.5951 -27.8115 800
    endloop
  endfacet
  facet normal -0.233456 0.972367 0
    outer loop
      vertex 23.2937 -86.9333 0
      vertex 18.7121 -88.0333 800
      vertex 23.2937 -86.9333 800
    endloop
  endfacet
  facet normal -0.233456 0.972367 0
    outer loop
      vertex 18.7121 -88.0333 800
      vertex 23.2937 -86.9333 0
      vertex 18.7121 -88.0333 0
    endloop
  endfacet
  facet normal 0.688358 -0.725371 0
    outer loop
      vertex -63.6396 63.6396 0
      vertex -60.2218 66.883 800
      vertex -63.6396 63.6396 800
    endloop
  endfacet
  facet normal 0.688358 -0.725371 0
    outer loop
      vertex -60.2218 66.883 800
      vertex -63.6396 63.6396 0
      vertex -60.2218 66.883 0
    endloop
  endfacet
  facet normal -0.793348 -0.608769 0
    outer loop
      vertex 72.8115 52.9007 0
      vertex 69.9431 56.6388 800
      vertex 69.9431 56.6388 0
    endloop
  endfacet
  facet normal -0.793348 -0.608769 0
    outer loop
      vertex 69.9431 56.6388 800
      vertex 72.8115 52.9007 0
      vertex 72.8115 52.9007 800
    endloop
  endfacet
  facet normal 0.0784618 0.996917 -0
    outer loop
      vertex -4.71024 -89.8767 0
      vertex -9.40756 -89.507 800
      vertex -4.71024 -89.8767 800
    endloop
  endfacet
  facet normal 0.0784618 0.996917 0
    outer loop
      vertex -9.40756 -89.507 800
      vertex -4.71024 -89.8767 0
      vertex -9.40756 -89.507 0
    endloop
  endfacet
  facet normal -0.991445 0.130522 0
    outer loop
      vertex 88.892 -14.0791 0
      vertex 89.507 -9.40756 800
      vertex 89.507 -9.40756 0
    endloop
  endfacet
  facet normal -0.991445 0.130522 0
    outer loop
      vertex 89.507 -9.40756 800
      vertex 88.892 -14.0791 0
      vertex 88.892 -14.0791 800
    endloop
  endfacet
  facet normal 0.760413 0.649439 0
    outer loop
      vertex -66.883 -60.2218 800
      vertex -69.9431 -56.6388 0
      vertex -69.9431 -56.6388 800
    endloop
  endfacet
  facet normal 0.760413 0.649439 0
    outer loop
      vertex -69.9431 -56.6388 0
      vertex -66.883 -60.2218 800
      vertex -66.883 -60.2218 0
    endloop
  endfacet
  facet normal -0.878819 -0.477155 0
    outer loop
      vertex 80.1906 40.8591 0
      vertex 77.9423 45 800
      vertex 77.9423 45 0
    endloop
  endfacet
  facet normal -0.878819 -0.477155 0
    outer loop
      vertex 77.9423 45 800
      vertex 80.1906 40.8591 0
      vertex 80.1906 40.8591 800
    endloop
  endfacet
  facet normal 0.958822 -0.284009 0
    outer loop
      vertex -86.9333 23.2937 800
      vertex -85.5951 27.8115 0
      vertex -85.5951 27.8115 800
    endloop
  endfacet
  facet normal 0.958822 -0.284009 0
    outer loop
      vertex -85.5951 27.8115 0
      vertex -86.9333 23.2937 800
      vertex -86.9333 23.2937 0
    endloop
  endfacet
  facet normal 0.608769 -0.793348 0
    outer loop
      vertex -56.6388 69.9431 0
      vertex -52.9007 72.8115 800
      vertex -56.6388 69.9431 800
    endloop
  endfacet
  facet normal 0.608769 -0.793348 0
    outer loop
      vertex -52.9007 72.8115 800
      vertex -56.6388 69.9431 0
      vertex -52.9007 72.8115 0
    endloop
  endfacet
  facet normal -0.824131 0.566399 0
    outer loop
      vertex 72.8115 -52.9007 0
      vertex 75.4803 -49.0175 800
      vertex 75.4803 -49.0175 0
    endloop
  endfacet
  facet normal -0.824131 0.566399 0
    outer loop
      vertex 75.4803 -49.0175 800
      vertex 72.8115 -52.9007 0
      vertex 72.8115 -52.9007 800
    endloop
  endfacet
  facet normal 0.333816 0.942638 -0
    outer loop
      vertex -27.8115 -85.5951 0
      vertex -32.2531 -84.0222 800
      vertex -27.8115 -85.5951 800
    endloop
  endfacet
  facet normal 0.333816 0.942638 0
    outer loop
      vertex -32.2531 -84.0222 800
      vertex -27.8115 -85.5951 0
      vertex -32.2531 -84.0222 0
    endloop
  endfacet
  facet normal -0.923884 0.382674 0
    outer loop
      vertex 82.2191 -36.6063 0
      vertex 84.0222 -32.2531 800
      vertex 84.0222 -32.2531 0
    endloop
  endfacet
  facet normal -0.923884 0.382674 0
    outer loop
      vertex 84.0222 -32.2531 800
      vertex 82.2191 -36.6063 0
      vertex 82.2191 -36.6063 800
    endloop
  endfacet
  facet normal -0.942638 0.333816 0
    outer loop
      vertex 84.0222 -32.2531 0
      vertex 85.5951 -27.8115 800
      vertex 85.5951 -27.8115 0
    endloop
  endfacet
  facet normal -0.942638 0.333816 0
    outer loop
      vertex 85.5951 -27.8115 800
      vertex 84.0222 -32.2531 0
      vertex 84.0222 -32.2531 800
    endloop
  endfacet
  facet normal -0.649439 -0.760413 0
    outer loop
      vertex 56.6388 69.9431 0
      vertex 60.2218 66.883 800
      vertex 56.6388 69.9431 800
    endloop
  endfacet
  facet normal -0.649439 -0.760413 -0
    outer loop
      vertex 60.2218 66.883 800
      vertex 56.6388 69.9431 0
      vertex 60.2218 66.883 0
    endloop
  endfacet
  facet normal 0.793348 -0.608769 0
    outer loop
      vertex -72.8115 52.9007 800
      vertex -69.9431 56.6388 0
      vertex -69.9431 56.6388 800
    endloop
  endfacet
  facet normal 0.793348 -0.608769 0
    outer loop
      vertex -69.9431 56.6388 0
      vertex -72.8115 52.9007 800
      vertex -72.8115 52.9007 0
    endloop
  endfacet
  facet normal 0.793348 0.608769 0
    outer loop
      vertex -69.9431 -56.6388 800
      vertex -72.8115 -52.9007 0
      vertex -72.8115 -52.9007 800
    endloop
  endfacet
  facet normal 0.793348 0.608769 0
    outer loop
      vertex -72.8115 -52.9007 0
      vertex -69.9431 -56.6388 800
      vertex -69.9431 -56.6388 0
    endloop
  endfacet
  facet normal -0.649439 0.760413 0
    outer loop
      vertex 60.2218 -66.883 0
      vertex 56.6388 -69.9431 800
      vertex 60.2218 -66.883 800
    endloop
  endfacet
  facet normal -0.649439 0.760413 0
    outer loop
      vertex 56.6388 -69.9431 800
      vertex 60.2218 -66.883 0
      vertex 56.6388 -69.9431 0
    endloop
  endfacet
  facet normal -0.688358 -0.725371 0
    outer loop
      vertex 60.2218 66.883 0
      vertex 63.6396 63.6396 800
      vertex 60.2218 66.883 800
    endloop
  endfacet
  facet normal -0.688358 -0.725371 -0
    outer loop
      vertex 63.6396 63.6396 800
      vertex 60.2218 66.883 0
      vertex 63.6396 63.6396 0
    endloop
  endfacet
  facet normal 0.983254 -0.18224 0
    outer loop
      vertex -88.892 14.0791 800
      vertex -88.0333 18.7121 0
      vertex -88.0333 18.7121 800
    endloop
  endfacet
  facet normal 0.983254 -0.18224 0
    outer loop
      vertex -88.0333 18.7121 0
      vertex -88.892 14.0791 800
      vertex -88.892 14.0791 0
    endloop
  endfacet
  facet normal 0.923884 -0.382674 0
    outer loop
      vertex -84.0222 32.2531 800
      vertex -82.2191 36.6063 0
      vertex -82.2191 36.6063 800
    endloop
  endfacet
  facet normal 0.923884 -0.382674 0
    outer loop
      vertex -82.2191 36.6063 0
      vertex -84.0222 32.2531 800
      vertex -84.0222 32.2531 0
    endloop
  endfacet
  facet normal 0.130522 -0.991445 0
    outer loop
      vertex -14.0791 88.892 0
      vertex -9.40756 89.507 800
      vertex -14.0791 88.892 800
    endloop
  endfacet
  facet normal 0.130522 -0.991445 0
    outer loop
      vertex -9.40756 89.507 800
      vertex -14.0791 88.892 0
      vertex -9.40756 89.507 0
    endloop
  endfacet
  facet normal -0.999658 0.026168 0
    outer loop
      vertex 89.8767 -4.71024 0
      vertex 90 0 800
      vertex 90 0 0
    endloop
  endfacet
  facet normal -0.999658 0.026168 0
    outer loop
      vertex 90 0 800
      vertex 89.8767 -4.71024 0
      vertex 89.8767 -4.71024 800
    endloop
  endfacet
  facet normal 0.760413 -0.649439 0
    outer loop
      vertex -69.9431 56.6388 800
      vertex -66.883 60.2218 0
      vertex -66.883 60.2218 800
    endloop
  endfacet
  facet normal 0.760413 -0.649439 0
    outer loop
      vertex -66.883 60.2218 0
      vertex -69.9431 56.6388 800
      vertex -69.9431 56.6388 0
    endloop
  endfacet
  facet normal -0.608769 0.793348 0
    outer loop
      vertex 56.6388 -69.9431 0
      vertex 52.9007 -72.8115 800
      vertex 56.6388 -69.9431 800
    endloop
  endfacet
  facet normal -0.608769 0.793348 0
    outer loop
      vertex 52.9007 -72.8115 800
      vertex 56.6388 -69.9431 0
      vertex 52.9007 -72.8115 0
    endloop
  endfacet
  facet normal -0.284009 0.958822 0
    outer loop
      vertex 27.8115 -85.5951 0
      vertex 23.2937 -86.9333 800
      vertex 27.8115 -85.5951 800
    endloop
  endfacet
  facet normal -0.284009 0.958822 0
    outer loop
      vertex 23.2937 -86.9333 800
      vertex 27.8115 -85.5951 0
      vertex 23.2937 -86.9333 0
    endloop
  endfacet
  facet normal 0.430514 0.902584 -0
    outer loop
      vertex -36.6063 -82.2191 0
      vertex -40.8591 -80.1906 800
      vertex -36.6063 -82.2191 800
    endloop
  endfacet
  facet normal 0.430514 0.902584 0
    outer loop
      vertex -40.8591 -80.1906 800
      vertex -36.6063 -82.2191 0
      vertex -40.8591 -80.1906 0
    endloop
  endfacet
  facet normal -0.725371 -0.688358 0
    outer loop
      vertex 66.883 60.2218 0
      vertex 63.6396 63.6396 800
      vertex 63.6396 63.6396 0
    endloop
  endfacet
  facet normal -0.725371 -0.688358 0
    outer loop
      vertex 63.6396 63.6396 800
      vertex 66.883 60.2218 0
      vertex 66.883 60.2218 800
    endloop
  endfacet
  facet normal -0.852633 0.52251 0
    outer loop
      vertex 75.4803 -49.0175 0
      vertex 77.9423 -45 800
      vertex 77.9423 -45 0
    endloop
  endfacet
  facet normal -0.852633 0.52251 0
    outer loop
      vertex 77.9423 -45 800
      vertex 75.4803 -49.0175 0
      vertex 75.4803 -49.0175 800
    endloop
  endfacet
  facet normal -0.923884 -0.382674 0
    outer loop
      vertex 84.0222 32.2531 0
      vertex 82.2191 36.6063 800
      vertex 82.2191 36.6063 0
    endloop
  endfacet
  facet normal -0.923884 -0.382674 0
    outer loop
      vertex 82.2191 36.6063 800
      vertex 84.0222 32.2531 0
      vertex 84.0222 32.2531 800
    endloop
  endfacet
  facet normal 0.878819 0.477155 0
    outer loop
      vertex -77.9423 -45 800
      vertex -80.1906 -40.8591 0
      vertex -80.1906 -40.8591 800
    endloop
  endfacet
  facet normal 0.878819 0.477155 0
    outer loop
      vertex -80.1906 -40.8591 0
      vertex -77.9423 -45 800
      vertex -77.9423 -45 0
    endloop
  endfacet
  facet normal -0.566399 -0.824131 0
    outer loop
      vertex 49.0175 75.4803 0
      vertex 52.9007 72.8115 800
      vertex 49.0175 75.4803 800
    endloop
  endfacet
  facet normal -0.566399 -0.824131 -0
    outer loop
      vertex 52.9007 72.8115 800
      vertex 49.0175 75.4803 0
      vertex 52.9007 72.8115 0
    endloop
  endfacet
  facet normal -0.18224 -0.983254 0
    outer loop
      vertex 14.0791 88.892 0
      vertex 18.7121 88.0333 800
      vertex 14.0791 88.892 800
    endloop
  endfacet
  facet normal -0.18224 -0.983254 -0
    outer loop
      vertex 18.7121 88.0333 800
      vertex 14.0791 88.892 0
      vertex 18.7121 88.0333 0
    endloop
  endfacet
  facet normal -0.52251 -0.852633 0
    outer loop
      vertex 45 77.9423 0
      vertex 49.0175 75.4803 800
      vertex 45 77.9423 800
    endloop
  endfacet
  facet normal -0.52251 -0.852633 -0
    outer loop
      vertex 49.0175 75.4803 800
      vertex 45 77.9423 0
      vertex 49.0175 75.4803 0
    endloop
  endfacet
  facet normal 0.18224 0.983254 -0
    outer loop
      vertex -14.0791 -88.892 0
      vertex -18.7121 -88.0333 800
      vertex -14.0791 -88.892 800
    endloop
  endfacet
  facet normal 0.18224 0.983254 0
    outer loop
      vertex -18.7121 -88.0333 800
      vertex -14.0791 -88.892 0
      vertex -18.7121 -88.0333 0
    endloop
  endfacet
  facet normal -0.983254 -0.18224 0
    outer loop
      vertex 88.892 14.0791 0
      vertex 88.0333 18.7121 800
      vertex 88.0333 18.7121 0
    endloop
  endfacet
  facet normal -0.983254 -0.18224 0
    outer loop
      vertex 88.0333 18.7121 800
      vertex 88.892 14.0791 0
      vertex 88.892 14.0791 800
    endloop
  endfacet
  facet normal 0.942638 -0.333816 0
    outer loop
      vertex -85.5951 27.8115 800
      vertex -84.0222 32.2531 0
      vertex -84.0222 32.2531 800
    endloop
  endfacet
  facet normal 0.942638 -0.333816 0
    outer loop
      vertex -84.0222 32.2531 0
      vertex -85.5951 27.8115 800
      vertex -85.5951 27.8115 0
    endloop
  endfacet
  facet normal -0.902584 -0.430514 0
    outer loop
      vertex 82.2191 36.6063 0
      vertex 80.1906 40.8591 800
      vertex 80.1906 40.8591 0
    endloop
  endfacet
  facet normal -0.902584 -0.430514 0
    outer loop
      vertex 80.1906 40.8591 800
      vertex 82.2191 36.6063 0
      vertex 82.2191 36.6063 800
    endloop
  endfacet
  facet normal -0.333816 -0.942638 0
    outer loop
      vertex 27.8115 85.5951 0
      vertex 32.2531 84.0222 800
      vertex 27.8115 85.5951 800
    endloop
  endfacet
  facet normal -0.333816 -0.942638 -0
    outer loop
      vertex 32.2531 84.0222 800
      vertex 27.8115 85.5951 0
      vertex 32.2531 84.0222 0
    endloop
  endfacet
  facet normal -0.18224 0.983254 0
    outer loop
      vertex 18.7121 -88.0333 0
      vertex 14.0791 -88.892 800
      vertex 18.7121 -88.0333 800
    endloop
  endfacet
  facet normal -0.18224 0.983254 0
    outer loop
      vertex 14.0791 -88.892 800
      vertex 18.7121 -88.0333 0
      vertex 14.0791 -88.892 0
    endloop
  endfacet
  facet normal 0.18224 -0.983254 0
    outer loop
      vertex -18.7121 88.0333 0
      vertex -14.0791 88.892 800
      vertex -18.7121 88.0333 800
    endloop
  endfacet
  facet normal 0.18224 -0.983254 0
    outer loop
      vertex -14.0791 88.892 800
      vertex -18.7121 88.0333 0
      vertex -14.0791 88.892 0
    endloop
  endfacet
  facet normal 0.999658 -0.026168 0
    outer loop
      vertex -90 0 800
      vertex -89.8767 4.71024 0
      vertex -89.8767 4.71024 800
    endloop
  endfacet
  facet normal 0.999658 -0.026168 0
    outer loop
      vertex -89.8767 4.71024 0
      vertex -90 0 800
      vertex -90 0 0
    endloop
  endfacet
  facet normal -0.972367 -0.233456 0
    outer loop
      vertex 88.0333 18.7121 0
      vertex 86.9333 23.2937 800
      vertex 86.9333 23.2937 0
    endloop
  endfacet
  facet normal -0.972367 -0.233456 0
    outer loop
      vertex 86.9333 23.2937 800
      vertex 88.0333 18.7121 0
      vertex 88.0333 18.7121 800
    endloop
  endfacet
  facet normal -0.942638 -0.333816 0
    outer loop
      vertex 85.5951 27.8115 0
      vertex 84.0222 32.2531 800
      vertex 84.0222 32.2531 0
    endloop
  endfacet
  facet normal -0.942638 -0.333816 0
    outer loop
      vertex 84.0222 32.2531 800
      vertex 85.5951 27.8115 0
      vertex 85.5951 27.8115 800
    endloop
  endfacet
  facet normal 0.649439 -0.760413 0
    outer loop
      vertex -60.2218 66.883 0
      vertex -56.6388 69.9431 800
      vertex -60.2218 66.883 800
    endloop
  endfacet
  facet normal 0.649439 -0.760413 0
    outer loop
      vertex -56.6388 69.9431 800
      vertex -60.2218 66.883 0
      vertex -56.6388 69.9431 0
    endloop
  endfacet
  facet normal 0.958822 0.284009 0
    outer loop
      vertex -85.5951 -27.8115 800
      vertex -86.9333 -23.2937 0
      vertex -86.9333 -23.2937 800
    endloop
  endfacet
  facet normal 0.958822 0.284009 0
    outer loop
      vertex -86.9333 -23.2937 0
      vertex -85.5951 -27.8115 800
      vertex -85.5951 -27.8115 0
    endloop
  endfacet
  facet normal 0.382674 0.923884 -0
    outer loop
      vertex -32.2531 -84.0222 0
      vertex -36.6063 -82.2191 800
      vertex -32.2531 -84.0222 800
    endloop
  endfacet
  facet normal 0.382674 0.923884 0
    outer loop
      vertex -36.6063 -82.2191 800
      vertex -32.2531 -84.0222 0
      vertex -36.6063 -82.2191 0
    endloop
  endfacet
  facet normal 0.725371 0.688358 0
    outer loop
      vertex -63.6396 -63.6396 800
      vertex -66.883 -60.2218 0
      vertex -66.883 -60.2218 800
    endloop
  endfacet
  facet normal 0.725371 0.688358 0
    outer loop
      vertex -66.883 -60.2218 0
      vertex -63.6396 -63.6396 800
      vertex -63.6396 -63.6396 0
    endloop
  endfacet
  facet normal 0.430514 -0.902584 0
    outer loop
      vertex -40.8591 80.1906 0
      vertex -36.6063 82.2191 800
      vertex -40.8591 80.1906 800
    endloop
  endfacet
  facet normal 0.430514 -0.902584 0
    outer loop
      vertex -36.6063 82.2191 800
      vertex -40.8591 80.1906 0
      vertex -36.6063 82.2191 0
    endloop
  endfacet
  facet normal -0.902584 0.430514 0
    outer loop
      vertex 80.1906 -40.8591 0
      vertex 82.2191 -36.6063 800
      vertex 82.2191 -36.6063 0
    endloop
  endfacet
  facet normal -0.902584 0.430514 0
    outer loop
      vertex 82.2191 -36.6063 800
      vertex 80.1906 -40.8591 0
      vertex 80.1906 -40.8591 800
    endloop
  endfacet
  facet normal -0.878819 0.477155 0
    outer loop
      vertex 77.9423 -45 0
      vertex 80.1906 -40.8591 800
      vertex 80.1906 -40.8591 0
    endloop
  endfacet
  facet normal -0.878819 0.477155 0
    outer loop
      vertex 80.1906 -40.8591 800
      vertex 77.9423 -45 0
      vertex 77.9423 -45 800
    endloop
  endfacet
  facet normal 0.477155 0.878819 -0
    outer loop
      vertex -40.8591 -80.1906 0
      vertex -45 -77.9423 800
      vertex -40.8591 -80.1906 800
    endloop
  endfacet
  facet normal 0.477155 0.878819 0
    outer loop
      vertex -45 -77.9423 800
      vertex -40.8591 -80.1906 0
      vertex -45 -77.9423 0
    endloop
  endfacet
  facet normal -0.130522 0.991445 0
    outer loop
      vertex 14.0791 -88.892 0
      vertex 9.40756 -89.507 800
      vertex 14.0791 -88.892 800
    endloop
  endfacet
  facet normal -0.130522 0.991445 0
    outer loop
      vertex 9.40756 -89.507 800
      vertex 14.0791 -88.892 0
      vertex 9.40756 -89.507 0
    endloop
  endfacet
  facet normal 0.233456 -0.972367 0
    outer loop
      vertex -23.2937 86.9333 0
      vertex -18.7121 88.0333 800
      vertex -23.2937 86.9333 800
    endloop
  endfacet
  facet normal 0.233456 -0.972367 0
    outer loop
      vertex -18.7121 88.0333 800
      vertex -23.2937 86.9333 0
      vertex -18.7121 88.0333 0
    endloop
  endfacet
  facet normal 0.972367 -0.233456 0
    outer loop
      vertex -88.0333 18.7121 800
      vertex -86.9333 23.2937 0
      vertex -86.9333 23.2937 800
    endloop
  endfacet
  facet normal 0.972367 -0.233456 0
    outer loop
      vertex -86.9333 23.2937 0
      vertex -88.0333 18.7121 800
      vertex -88.0333 18.7121 0
    endloop
  endfacet
  facet normal 0.983254 0.18224 0
    outer loop
      vertex -88.0333 -18.7121 800
      vertex -88.892 -14.0791 0
      vertex -88.892 -14.0791 800
    endloop
  endfacet
  facet normal 0.983254 0.18224 0
    outer loop
      vertex -88.892 -14.0791 0
      vertex -88.0333 -18.7121 800
      vertex -88.0333 -18.7121 0
    endloop
  endfacet
  facet normal -0.477155 0.878819 0
    outer loop
      vertex 45 -77.9423 0
      vertex 40.8591 -80.1906 800
      vertex 45 -77.9423 800
    endloop
  endfacet
  facet normal -0.477155 0.878819 0
    outer loop
      vertex 40.8591 -80.1906 800
      vertex 45 -77.9423 0
      vertex 40.8591 -80.1906 0
    endloop
  endfacet
  facet normal -0.382674 -0.923884 0
    outer loop
      vertex 32.2531 84.0222 0
      vertex 36.6063 82.2191 800
      vertex 32.2531 84.0222 800
    endloop
  endfacet
  facet normal -0.382674 -0.923884 -0
    outer loop
      vertex 36.6063 82.2191 800
      vertex 32.2531 84.0222 0
      vertex 36.6063 82.2191 0
    endloop
  endfacet
  facet normal 0.608769 0.793348 -0
    outer loop
      vertex -52.9007 -72.8115 0
      vertex -56.6388 -69.9431 800
      vertex -52.9007 -72.8115 800
    endloop
  endfacet
  facet normal 0.608769 0.793348 0
    outer loop
      vertex -56.6388 -69.9431 800
      vertex -52.9007 -72.8115 0
      vertex -56.6388 -69.9431 0
    endloop
  endfacet
  facet normal -0.760413 -0.649439 0
    outer loop
      vertex 69.9431 56.6388 0
      vertex 66.883 60.2218 800
      vertex 66.883 60.2218 0
    endloop
  endfacet
  facet normal -0.760413 -0.649439 0
    outer loop
      vertex 66.883 60.2218 800
      vertex 69.9431 56.6388 0
      vertex 69.9431 56.6388 800
    endloop
  endfacet
  facet normal 0.566399 -0.824131 0
    outer loop
      vertex -52.9007 72.8115 0
      vertex -49.0175 75.4803 800
      vertex -52.9007 72.8115 800
    endloop
  endfacet
  facet normal 0.566399 -0.824131 0
    outer loop
      vertex -49.0175 75.4803 800
      vertex -52.9007 72.8115 0
      vertex -49.0175 75.4803 0
    endloop
  endfacet
  facet normal 0.130522 0.991445 -0
    outer loop
      vertex -9.40756 -89.507 0
      vertex -14.0791 -88.892 800
      vertex -9.40756 -89.507 800
    endloop
  endfacet
  facet normal 0.130522 0.991445 0
    outer loop
      vertex -14.0791 -88.892 800
      vertex -9.40756 -89.507 0
      vertex -14.0791 -88.892 0
    endloop
  endfacet
  facet normal 0.566399 0.824131 -0
    outer loop
      vertex -49.0175 -75.4803 0
      vertex -52.9007 -72.8115 800
      vertex -49.0175 -75.4803 800
    endloop
  endfacet
  facet normal 0.566399 0.824131 0
    outer loop
      vertex -52.9007 -72.8115 800
      vertex -49.0175 -75.4803 0
      vertex -52.9007 -72.8115 0
    endloop
  endfacet
  facet normal 0.824131 -0.566399 0
    outer loop
      vertex -75.4803 49.0175 800
      vertex -72.8115 52.9007 0
      vertex -72.8115 52.9007 800
    endloop
  endfacet
  facet normal 0.824131 -0.566399 0
    outer loop
      vertex -72.8115 52.9007 0
      vertex -75.4803 49.0175 800
      vertex -75.4803 49.0175 0
    endloop
  endfacet
  facet normal 0.284009 0.958822 -0
    outer loop
      vertex -23.2937 -86.9333 0
      vertex -27.8115 -85.5951 800
      vertex -23.2937 -86.9333 800
    endloop
  endfacet
  facet normal 0.284009 0.958822 0
    outer loop
      vertex -27.8115 -85.5951 800
      vertex -23.2937 -86.9333 0
      vertex -27.8115 -85.5951 0
    endloop
  endfacet
  facet normal 0.725371 -0.688358 0
    outer loop
      vertex -66.883 60.2218 800
      vertex -63.6396 63.6396 0
      vertex -63.6396 63.6396 800
    endloop
  endfacet
  facet normal 0.725371 -0.688358 0
    outer loop
      vertex -63.6396 63.6396 0
      vertex -66.883 60.2218 800
      vertex -66.883 60.2218 0
    endloop
  endfacet
  facet normal 0.902584 0.430514 0
    outer loop
      vertex -80.1906 -40.8591 800
      vertex -82.2191 -36.6063 0
      vertex -82.2191 -36.6063 800
    endloop
  endfacet
  facet normal 0.902584 0.430514 0
    outer loop
      vertex -82.2191 -36.6063 0
      vertex -80.1906 -40.8591 800
      vertex -80.1906 -40.8591 0
    endloop
  endfacet
  facet normal -0.0784618 -0.996917 0
    outer loop
      vertex 4.71024 89.8767 0
      vertex 9.40756 89.507 800
      vertex 4.71024 89.8767 800
    endloop
  endfacet
  facet normal -0.0784618 -0.996917 -0
    outer loop
      vertex 9.40756 89.507 800
      vertex 4.71024 89.8767 0
      vertex 9.40756 89.507 0
    endloop
  endfacet
  facet normal 0.878819 -0.477155 0
    outer loop
      vertex -80.1906 40.8591 800
      vertex -77.9423 45 0
      vertex -77.9423 45 800
    endloop
  endfacet
  facet normal 0.878819 -0.477155 0
    outer loop
      vertex -77.9423 45 0
      vertex -80.1906 40.8591 800
      vertex -80.1906 40.8591 0
    endloop
  endfacet
  facet normal 0.52251 0.852633 -0
    outer loop
      vertex -45 -77.9423 0
      vertex -49.0175 -75.4803 800
      vertex -45 -77.9423 800
    endloop
  endfacet
  facet normal 0.52251 0.852633 0
    outer loop
      vertex -49.0175 -75.4803 800
      vertex -45 -77.9423 0
      vertex -49.0175 -75.4803 0
    endloop
  endfacet
  facet normal 0.284009 -0.958822 0
    outer loop
      vertex -27.8115 85.5951 0
      vertex -23.2937 86.9333 800
      vertex -27.8115 85.5951 800
    endloop
  endfacet
  facet normal 0.284009 -0.958822 0
    outer loop
      vertex -23.2937 86.9333 800
      vertex -27.8115 85.5951 0
      vertex -23.2937 86.9333 0
    endloop
  endfacet
  facet normal 0.688358 0.725371 -0
    outer loop
      vertex -60.2218 -66.883 0
      vertex -63.6396 -63.6396 800
      vertex -60.2218 -66.883 800
    endloop
  endfacet
  facet normal 0.688358 0.725371 0
    outer loop
      vertex -63.6396 -63.6396 800
      vertex -60.2218 -66.883 0
      vertex -63.6396 -63.6396 0
    endloop
  endfacet
  facet normal 0.991445 -0.130522 0
    outer loop
      vertex -89.507 9.40756 800
      vertex -88.892 14.0791 0
      vertex -88.892 14.0791 800
    endloop
  endfacet
  facet normal 0.991445 -0.130522 0
    outer loop
      vertex -88.892 14.0791 0
      vertex -89.507 9.40756 800
      vertex -89.507 9.40756 0
    endloop
  endfacet
  facet normal 0.852633 -0.52251 0
    outer loop
      vertex -77.9423 45 800
      vertex -75.4803 49.0175 0
      vertex -75.4803 49.0175 800
    endloop
  endfacet
  facet normal 0.852633 -0.52251 0
    outer loop
      vertex -75.4803 49.0175 0
      vertex -77.9423 45 800
      vertex -77.9423 45 0
    endloop
  endfacet
  facet normal -0.233456 -0.972367 0
    outer loop
      vertex 18.7121 88.0333 0
      vertex 23.2937 86.9333 800
      vertex 18.7121 88.0333 800
    endloop
  endfacet
  facet normal -0.233456 -0.972367 -0
    outer loop
      vertex 23.2937 86.9333 800
      vertex 18.7121 88.0333 0
      vertex 23.2937 86.9333 0
    endloop
  endfacet
  facet normal -0.333816 0.942638 0
    outer loop
      vertex 32.2531 -84.0222 0
      vertex 27.8115 -85.5951 800
      vertex 32.2531 -84.0222 800
    endloop
  endfacet
  facet normal -0.333816 0.942638 0
    outer loop
      vertex 27.8115 -85.5951 800
      vertex 32.2531 -84.0222 0
      vertex 27.8115 -85.5951 0
    endloop
  endfacet
  facet normal -0.382674 0.923884 0
    outer loop
      vertex 36.6063 -82.2191 0
      vertex 32.2531 -84.0222 800
      vertex 36.6063 -82.2191 800
    endloop
  endfacet
  facet normal -0.382674 0.923884 0
    outer loop
      vertex 32.2531 -84.0222 800
      vertex 36.6063 -82.2191 0
      vertex 32.2531 -84.0222 0
    endloop
  endfacet
  facet normal -0.688358 0.725371 0
    outer loop
      vertex 63.6396 -63.6396 0
      vertex 60.2218 -66.883 800
      vertex 63.6396 -63.6396 800
    endloop
  endfacet
  facet normal -0.688358 0.725371 0
    outer loop
      vertex 60.2218 -66.883 800
      vertex 63.6396 -63.6396 0
      vertex 60.2218 -66.883 0
    endloop
  endfacet
  facet normal -0.284009 -0.958822 0
    outer loop
      vertex 23.2937 86.9333 0
      vertex 27.8115 85.5951 800
      vertex 23.2937 86.9333 800
    endloop
  endfacet
  facet normal -0.284009 -0.958822 -0
    outer loop
      vertex 27.8115 85.5951 800
      vertex 23.2937 86.9333 0
      vertex 27.8115 85.5951 0
    endloop
  endfacet
  facet normal 0.477155 -0.878819 0
    outer loop
      vertex -45 77.9423 0
      vertex -40.8591 80.1906 800
      vertex -45 77.9423 800
    endloop
  endfacet
  facet normal 0.477155 -0.878819 0
    outer loop
      vertex -40.8591 80.1906 800
      vertex -45 77.9423 0
      vertex -40.8591 80.1906 0
    endloop
  endfacet
  facet normal 0.996916 0.0784719 0
    outer loop
      vertex 99.5634 5.21789 0
      vertex 99.1538 10.4215 -30
      vertex 99.1538 10.4215 0
    endloop
  endfacet
  facet normal 0.996916 0.0784719 0
    outer loop
      vertex 99.1538 10.4215 -30
      vertex 99.5634 5.21789 0
      vertex 99.5634 5.21789 -30
    endloop
  endfacet
  facet normal 0.999658 0.0261702 0
    outer loop
      vertex 99.7 0 0
      vertex 99.5634 5.21789 -30
      vertex 99.5634 5.21789 0
    endloop
  endfacet
  facet normal 0.999658 0.0261702 0
    outer loop
      vertex 99.5634 5.21789 -30
      vertex 99.7 0 0
      vertex 99.7 0 -30
    endloop
  endfacet
  facet normal 0.991445 0.130526 0
    outer loop
      vertex 99.1538 10.4215 0
      vertex 98.4725 15.5965 -30
      vertex 98.4725 15.5965 0
    endloop
  endfacet
  facet normal 0.991445 0.130526 0
    outer loop
      vertex 98.4725 15.5965 -30
      vertex 99.1538 10.4215 0
      vertex 99.1538 10.4215 -30
    endloop
  endfacet
  facet normal 0.477175 0.878808 -0
    outer loop
      vertex 49.85 86.3427 -30
      vertex 45.2629 88.8334 0
      vertex 49.85 86.3427 0
    endloop
  endfacet
  facet normal 0.477175 0.878808 0
    outer loop
      vertex 45.2629 88.8334 0
      vertex 49.85 86.3427 -30
      vertex 45.2629 88.8334 -30
    endloop
  endfacet
  facet normal -0.725371 -0.688358 0
    outer loop
      vertex -70.4985 -70.4985 -30
      vertex -74.0915 -66.7123 0
      vertex -74.0915 -66.7123 -30
    endloop
  endfacet
  facet normal -0.725371 -0.688358 0
    outer loop
      vertex -74.0915 -66.7123 0
      vertex -70.4985 -70.4985 -30
      vertex -70.4985 -70.4985 0
    endloop
  endfacet
  facet normal -0.38269 0.923877 0
    outer loop
      vertex -35.7293 93.078 -30
      vertex -40.5516 91.0805 0
      vertex -35.7293 93.078 0
    endloop
  endfacet
  facet normal -0.38269 0.923877 0
    outer loop
      vertex -40.5516 91.0805 0
      vertex -35.7293 93.078 -30
      vertex -40.5516 91.0805 -30
    endloop
  endfacet
  facet normal 0.878808 -0.477175 0
    outer loop
      vertex 86.3427 -49.85 0
      vertex 88.8334 -45.2629 -30
      vertex 88.8334 -45.2629 0
    endloop
  endfacet
  facet normal 0.878808 -0.477175 0
    outer loop
      vertex 88.8334 -45.2629 -30
      vertex 86.3427 -49.85 0
      vertex 86.3427 -49.85 -30
    endloop
  endfacet
  facet normal -0.996916 0.0784719 0
    outer loop
      vertex -99.5634 5.21789 -30
      vertex -99.1538 10.4215 0
      vertex -99.1538 10.4215 -30
    endloop
  endfacet
  facet normal -0.996916 0.0784719 0
    outer loop
      vertex -99.1538 10.4215 0
      vertex -99.5634 5.21789 -30
      vertex -99.5634 5.21789 0
    endloop
  endfacet
  facet normal 0.958818 0.284022 0
    outer loop
      vertex 96.3028 25.8043 0
      vertex 94.8203 30.809 -30
      vertex 94.8203 30.809 0
    endloop
  endfacet
  facet normal 0.958818 0.284022 0
    outer loop
      vertex 94.8203 30.809 -30
      vertex 96.3028 25.8043 0
      vertex 96.3028 25.8043 -30
    endloop
  endfacet
  facet normal 0.430499 -0.902591 0
    outer loop
      vertex 40.5516 -91.0805 -30
      vertex 45.2629 -88.8334 0
      vertex 40.5516 -91.0805 0
    endloop
  endfacet
  facet normal 0.430499 -0.902591 0
    outer loop
      vertex 45.2629 -88.8334 0
      vertex 40.5516 -91.0805 -30
      vertex 45.2629 -88.8334 -30
    endloop
  endfacet
  facet normal 0 0 -1
    outer loop
      vertex 50 -5 -30
      vertex 99.7 0 -30
      vertex 99.5634 -5.21789 -30
    endloop
  endfacet
  facet normal 0 0 -1
    outer loop
      vertex 50 -5 -30
      vertex 99.5634 -5.21789 -30
      vertex 99.1538 -10.4215 -30
    endloop
  endfacet
  facet normal 0 0 -1
    outer loop
      vertex 50 5 -30
      vertex 99.7 0 -30
      vertex 50 -5 -30
    endloop
  endfacet
  facet normal 0 0 -1
    outer loop
      vertex 50 -5 -30
      vertex 99.1538 -10.4215 -30
      vertex 98.4725 -15.5965 -30
    endloop
  endfacet
  facet normal 0 0 -1
    outer loop
      vertex 99.7 0 -30
      vertex 50 5 -30
      vertex 99.5634 5.21789 -30
    endloop
  endfacet
  facet normal 0 0 -1
    outer loop
      vertex 50 -5 -30
      vertex 98.4725 -15.5965 -30
      vertex 97.5213 -20.7288 -30
    endloop
  endfacet
  facet normal -0 0 -1
    outer loop
      vertex 99.5634 5.21789 -30
      vertex 50 5 -30
      vertex 99.1538 10.4215 -30
    endloop
  endfacet
  facet normal 0 0 -1
    outer loop
      vertex 50 -5 -30
      vertex 97.5213 -20.7288 -30
      vertex 96.3028 -25.8043 -30
    endloop
  endfacet
  facet normal -0 0 -1
    outer loop
      vertex 99.1538 10.4215 -30
      vertex 50 5 -30
      vertex 98.4725 15.5965 -30
    endloop
  endfacet
  facet normal 0 0 -1
    outer loop
      vertex 50 -5 -30
      vertex 96.3028 -25.8043 -30
      vertex 94.8203 -30.809 -30
    endloop
  endfacet
  facet normal -0 0 -1
    outer loop
      vertex 98.4725 15.5965 -30
      vertex 50 5 -30
      vertex 97.5213 20.7288 -30
    endloop
  endfacet
  facet normal 0 0 -1
    outer loop
      vertex 50 -5 -30
      vertex 94.8203 -30.809 -30
      vertex 93.078 -35.7293 -30
    endloop
  endfacet
  facet normal -0 0 -1
    outer loop
      vertex 97.5213 20.7288 -30
      vertex 50 5 -30
      vertex 96.3028 25.8043 -30
    endloop
  endfacet
  facet normal 0 0 -1
    outer loop
      vertex 50 -5 -30
      vertex 93.078 -35.7293 -30
      vertex 91.0805 -40.5516 -30
    endloop
  endfacet
  facet normal -0 0 -1
    outer loop
      vertex 96.3028 25.8043 -30
      vertex 50 5 -30
      vertex 94.8203 30.809 -30
    endloop
  endfacet
  facet normal 0 0 -1
    outer loop
      vertex 50 -5 -30
      vertex 91.0805 -40.5516 -30
      vertex 88.8334 -45.2629 -30
    endloop
  endfacet
  facet normal -0 0 -1
    outer loop
      vertex 94.8203 30.809 -30
      vertex 50 5 -30
      vertex 93.078 35.7293 -30
    endloop
  endfacet
  facet normal 0 0 -1
    outer loop
      vertex 35.6403 -18.1596 -30
      vertex 88.8334 -45.2629 -30
      vertex 86.3427 -49.85 -30
    endloop
  endfacet
  facet normal -0 0 -1
    outer loop
      vertex 93.078 35.7293 -30
      vertex 50 5 -30
      vertex 91.0805 40.5516 -30
    endloop
  endfacet
  facet normal 0 0 -1
    outer loop
      vertex 34.641 -20 -30
      vertex 86.3427 -49.85 -30
      vertex 83.6155 -54.3005 -30
    endloop
  endfacet
  facet normal -0 0 -1
    outer loop
      vertex 91.0805 40.5516 -30
      vertex 50 5 -30
      vertex 88.8334 45.2629 -30
    endloop
  endfacet
  facet normal 0 0 -1
    outer loop
      vertex 33.5468 -21.7856 -30
      vertex 83.6155 -54.3005 -30
      vertex 80.659 -58.6022 -30
    endloop
  endfacet
  facet normal 0 0 -1
    outer loop
      vertex 35.6403 18.1596 -30
      vertex 88.8334 45.2629 -30
      vertex 50 5 -30
    endloop
  endfacet
  facet normal 0 0 -1
    outer loop
      vertex 32.3607 -23.5114 -30
      vertex 80.659 -58.6022 -30
      vertex 77.4815 -62.7432 -30
    endloop
  endfacet
  facet normal -0 0 -1
    outer loop
      vertex 88.8334 45.2629 -30
      vertex 35.6403 18.1596 -30
      vertex 86.3427 49.85 -30
    endloop
  endfacet
  facet normal 0 0 -1
    outer loop
      vertex 31.0858 -25.1728 -30
      vertex 77.4815 -62.7432 -30
      vertex 74.0915 -66.7123 -30
    endloop
  endfacet
  facet normal 0 0 -1
    outer loop
      vertex 34.641 20 -30
      vertex 86.3427 49.85 -30
      vertex 35.6403 18.1596 -30
    endloop
  endfacet
  facet normal 0 0 -1
    outer loop
      vertex 29.7258 -26.7652 -30
      vertex 74.0915 -66.7123 -30
      vertex 70.4985 -70.4985 -30
    endloop
  endfacet
  facet normal -0 0 -1
    outer loop
      vertex 86.3427 49.85 -30
      vertex 34.641 20 -30
      vertex 83.6155 54.3005 -30
    endloop
  endfacet
  facet normal 0 0 -1
    outer loop
      vertex 28.2843 -28.2843 -30
      vertex 70.4985 -70.4985 -30
      vertex 66.7123 -74.0915 -30
    endloop
  endfacet
  facet normal 0 0 -1
    outer loop
      vertex 33.5468 21.7856 -30
      vertex 83.6155 54.3005 -30
      vertex 34.641 20 -30
    endloop
  endfacet
  facet normal 0 0 -1
    outer loop
      vertex 26.7652 -29.7258 -30
      vertex 66.7123 -74.0915 -30
      vertex 62.7432 -77.4815 -30
    endloop
  endfacet
  facet normal 0 0 -1
    outer loop
      vertex 32.3607 23.5114 -30
      vertex 80.659 58.6022 -30
      vertex 33.5468 21.7856 -30
    endloop
  endfacet
  facet normal 0 0 -1
    outer loop
      vertex 25.1728 -31.0858 -30
      vertex 62.7432 -77.4815 -30
      vertex 58.6022 -80.659 -30
    endloop
  endfacet
  facet normal -0 0 -1
    outer loop
      vertex 80.659 58.6022 -30
      vertex 32.3607 23.5114 -30
      vertex 77.4815 62.7432 -30
    endloop
  endfacet
  facet normal 0 0 -1
    outer loop
      vertex 23.5114 -32.3607 -30
      vertex 58.6022 -80.659 -30
      vertex 54.3005 -83.6155 -30
    endloop
  endfacet
  facet normal 0 0 -1
    outer loop
      vertex 31.0858 25.1728 -30
      vertex 77.4815 62.7432 -30
      vertex 32.3607 23.5114 -30
    endloop
  endfacet
  facet normal -0 0 -1
    outer loop
      vertex 77.4815 62.7432 -30
      vertex 31.0858 25.1728 -30
      vertex 74.0915 66.7123 -30
    endloop
  endfacet
  facet normal 0 0 -1
    outer loop
      vertex 21.7856 -33.5468 -30
      vertex 54.3005 -83.6155 -30
      vertex 49.85 -86.3427 -30
    endloop
  endfacet
  facet normal 0 0 -1
    outer loop
      vertex 20 -34.641 -30
      vertex 49.85 -86.3427 -30
      vertex 45.2629 -88.8334 -30
    endloop
  endfacet
  facet normal 0 0 -1
    outer loop
      vertex 18.1596 -35.6403 -30
      vertex 45.2629 -88.8334 -30
      vertex 40.5516 -91.0805 -30
    endloop
  endfacet
  facet normal 0 0 -1
    outer loop
      vertex 83.6155 -54.3005 -30
      vertex 33.5468 -21.7856 -30
      vertex 34.641 -20 -30
    endloop
  endfacet
  facet normal -0 0 -1
    outer loop
      vertex 50 -5 -30
      vertex 39.5075 -6.25738 -30
      vertex 39.6731 -5 -30
    endloop
  endfacet
  facet normal 0 0 -1
    outer loop
      vertex 50 -5 -30
      vertex 39.1259 -8.31647 -30
      vertex 39.5075 -6.25738 -30
    endloop
  endfacet
  facet normal 0 0 -1
    outer loop
      vertex 50 -5 -30
      vertex 38.637 -10.3528 -30
      vertex 39.1259 -8.31647 -30
    endloop
  endfacet
  facet normal 0 0 -1
    outer loop
      vertex 50 -5 -30
      vertex 38.0423 -12.3607 -30
      vertex 38.637 -10.3528 -30
    endloop
  endfacet
  facet normal 0 0 -1
    outer loop
      vertex 50 -5 -30
      vertex 37.3432 -14.3347 -30
      vertex 38.0423 -12.3607 -30
    endloop
  endfacet
  facet normal 0 0 -1
    outer loop
      vertex 50 -5 -30
      vertex 36.5418 -16.2695 -30
      vertex 37.3432 -14.3347 -30
    endloop
  endfacet
  facet normal 0 0 -1
    outer loop
      vertex 16.2695 -36.5418 -30
      vertex 40.5516 -91.0805 -30
      vertex 35.7293 -93.078 -30
    endloop
  endfacet
  facet normal 0 0 -1
    outer loop
      vertex 50 -5 -30
      vertex 35.6403 -18.1596 -30
      vertex 36.5418 -16.2695 -30
    endloop
  endfacet
  facet normal 0 0 -1
    outer loop
      vertex 88.8334 -45.2629 -30
      vertex 35.6403 -18.1596 -30
      vertex 50 -5 -30
    endloop
  endfacet
  facet normal 0 0 -1
    outer loop
      vertex 86.3427 -49.85 -30
      vertex 34.641 -20 -30
      vertex 35.6403 -18.1596 -30
    endloop
  endfacet
  facet normal 0 0 -1
    outer loop
      vertex 80.659 -58.6022 -30
      vertex 32.3607 -23.5114 -30
      vertex 33.5468 -21.7856 -30
    endloop
  endfacet
  facet normal 0 0 -1
    outer loop
      vertex 77.4815 -62.7432 -30
      vertex 31.0858 -25.1728 -30
      vertex 32.3607 -23.5114 -30
    endloop
  endfacet
  facet normal 0 0 -1
    outer loop
      vertex 14.3347 -37.3432 -30
      vertex 35.7293 -93.078 -30
      vertex 30.809 -94.8203 -30
    endloop
  endfacet
  facet normal 0 0 -1
    outer loop
      vertex 74.0915 -66.7123 -30
      vertex 29.7258 -26.7652 -30
      vertex 31.0858 -25.1728 -30
    endloop
  endfacet
  facet normal 0 0 -1
    outer loop
      vertex 70.4985 -70.4985 -30
      vertex 28.2843 -28.2843 -30
      vertex 29.7258 -26.7652 -30
    endloop
  endfacet
  facet normal 0 0 -1
    outer loop
      vertex 66.7123 -74.0915 -30
      vertex 26.7652 -29.7258 -30
      vertex 28.2843 -28.2843 -30
    endloop
  endfacet
  facet normal 0 0 -1
    outer loop
      vertex 12.3607 -38.0423 -30
      vertex 30.809 -94.8203 -30
      vertex 25.8043 -96.3028 -30
    endloop
  endfacet
  facet normal 0 0 -1
    outer loop
      vertex 62.7432 -77.4815 -30
      vertex 25.1728 -31.0858 -30
      vertex 26.7652 -29.7258 -30
    endloop
  endfacet
  facet normal 0 0 -1
    outer loop
      vertex 58.6022 -80.659 -30
      vertex 23.5114 -32.3607 -30
      vertex 25.1728 -31.0858 -30
    endloop
  endfacet
  facet normal 0 0 -1
    outer loop
      vertex 54.3005 -83.6155 -30
      vertex 21.7856 -33.5468 -30
      vertex 23.5114 -32.3607 -30
    endloop
  endfacet
  facet normal 0 0 -1
    outer loop
      vertex 10.3528 -38.637 -30
      vertex 25.8043 -96.3028 -30
      vertex 20.7288 -97.5213 -30
    endloop
  endfacet
  facet normal 0 0 -1
    outer loop
      vertex 49.85 -86.3427 -30
      vertex 20 -34.641 -30
      vertex 21.7856 -33.5468 -30
    endloop
  endfacet
  facet normal 0 0 -1
    outer loop
      vertex 45.2629 -88.8334 -30
      vertex 18.1596 -35.6403 -30
      vertex 20 -34.641 -30
    endloop
  endfacet
  facet normal 0 0 -1
    outer loop
      vertex 40.5516 -91.0805 -30
      vertex 16.2695 -36.5418 -30
      vertex 18.1596 -35.6403 -30
    endloop
  endfacet
  facet normal 0 0 -1
    outer loop
      vertex 8.31647 -39.1259 -30
      vertex 20.7288 -97.5213 -30
      vertex 15.5965 -98.4725 -30
    endloop
  endfacet
  facet normal 0 0 -1
    outer loop
      vertex 35.7293 -93.078 -30
      vertex 14.3347 -37.3432 -30
      vertex 16.2695 -36.5418 -30
    endloop
  endfacet
  facet normal 0 0 -1
    outer loop
      vertex 30.809 -94.8203 -30
      vertex 12.3607 -38.0423 -30
      vertex 14.3347 -37.3432 -30
    endloop
  endfacet
  facet normal 0 0 -1
    outer loop
      vertex 6.25738 -39.5075 -30
      vertex 15.5965 -98.4725 -30
      vertex 10.4215 -99.1538 -30
    endloop
  endfacet
  facet normal 0 0 -1
    outer loop
      vertex 25.8043 -96.3028 -30
      vertex 10.3528 -38.637 -30
      vertex 12.3607 -38.0423 -30
    endloop
  endfacet
  facet normal 0 0 -1
    outer loop
      vertex 20.7288 -97.5213 -30
      vertex 8.31647 -39.1259 -30
      vertex 10.3528 -38.637 -30
    endloop
  endfacet
  facet normal 0 0 -1
    outer loop
      vertex 15.5965 -98.4725 -30
      vertex 6.25738 -39.5075 -30
      vertex 8.31647 -39.1259 -30
    endloop
  endfacet
  facet normal 0 0 -1
    outer loop
      vertex 4.18114 -39.7809 -30
      vertex 10.4215 -99.1538 -30
      vertex 5.21789 -99.5634 -30
    endloop
  endfacet
  facet normal 0 0 -1
    outer loop
      vertex 10.4215 -99.1538 -30
      vertex 4.18114 -39.7809 -30
      vertex 6.25738 -39.5075 -30
    endloop
  endfacet
  facet normal 0 0 -1
    outer loop
      vertex 5.21789 -99.5634 -30
      vertex 2.09344 -39.9452 -30
      vertex 4.18114 -39.7809 -30
    endloop
  endfacet
  facet normal 0 0 -1
    outer loop
      vertex 0 -99.7 -30
      vertex 2.09344 -39.9452 -30
      vertex 5.21789 -99.5634 -30
    endloop
  endfacet
  facet normal 0 0 -1
    outer loop
      vertex 0 -99.7 -30
      vertex 0 -40 -30
      vertex 2.09344 -39.9452 -30
    endloop
  endfacet
  facet normal 0 0 -1
    outer loop
      vertex 0 -99.7 -30
      vertex -2.09344 -39.9452 -30
      vertex 0 -40 -30
    endloop
  endfacet
  facet normal 0 0 -1
    outer loop
      vertex -5.21789 -99.5634 -30
      vertex -2.09344 -39.9452 -30
      vertex 0 -99.7 -30
    endloop
  endfacet
  facet normal -0 0 -1
    outer loop
      vertex -2.09344 -39.9452 -30
      vertex -5.21789 -99.5634 -30
      vertex -4.18114 -39.7809 -30
    endloop
  endfacet
  facet normal 0 0 -1
    outer loop
      vertex -10.4215 -99.1538 -30
      vertex -4.18114 -39.7809 -30
      vertex -5.21789 -99.5634 -30
    endloop
  endfacet
  facet normal -0 0 -1
    outer loop
      vertex -4.18114 -39.7809 -30
      vertex -10.4215 -99.1538 -30
      vertex -6.25738 -39.5075 -30
    endloop
  endfacet
  facet normal 0 0 -1
    outer loop
      vertex -15.5965 -98.4725 -30
      vertex -6.25738 -39.5075 -30
      vertex -10.4215 -99.1538 -30
    endloop
  endfacet
  facet normal -0 0 -1
    outer loop
      vertex -6.25738 -39.5075 -30
      vertex -15.5965 -98.4725 -30
      vertex -8.31647 -39.1259 -30
    endloop
  endfacet
  facet normal 0 0 -1
    outer loop
      vertex -20.7288 -97.5213 -30
      vertex -8.31647 -39.1259 -30
      vertex -15.5965 -98.4725 -30
    endloop
  endfacet
  facet normal -0 0 -1
    outer loop
      vertex -8.31647 -39.1259 -30
      vertex -20.7288 -97.5213 -30
      vertex -10.3528 -38.637 -30
    endloop
  endfacet
  facet normal 0 0 -1
    outer loop
      vertex -25.8043 -96.3028 -30
      vertex -10.3528 -38.637 -30
      vertex -20.7288 -97.5213 -30
    endloop
  endfacet
  facet normal -0 0 -1
    outer loop
      vertex -10.3528 -38.637 -30
      vertex -25.8043 -96.3028 -30
      vertex -12.3607 -38.0423 -30
    endloop
  endfacet
  facet normal 0 0 -1
    outer loop
      vertex -30.809 -94.8203 -30
      vertex -12.3607 -38.0423 -30
      vertex -25.8043 -96.3028 -30
    endloop
  endfacet
  facet normal -0 0 -1
    outer loop
      vertex -12.3607 -38.0423 -30
      vertex -30.809 -94.8203 -30
      vertex -14.3347 -37.3432 -30
    endloop
  endfacet
  facet normal 0 0 -1
    outer loop
      vertex -35.7293 -93.078 -30
      vertex -14.3347 -37.3432 -30
      vertex -30.809 -94.8203 -30
    endloop
  endfacet
  facet normal -0 0 -1
    outer loop
      vertex -14.3347 -37.3432 -30
      vertex -35.7293 -93.078 -30
      vertex -16.2695 -36.5418 -30
    endloop
  endfacet
  facet normal 0 0 -1
    outer loop
      vertex -40.5516 -91.0805 -30
      vertex -16.2695 -36.5418 -30
      vertex -35.7293 -93.078 -30
    endloop
  endfacet
  facet normal -0 0 -1
    outer loop
      vertex -16.2695 -36.5418 -30
      vertex -40.5516 -91.0805 -30
      vertex -18.1596 -35.6403 -30
    endloop
  endfacet
  facet normal 0 0 -1
    outer loop
      vertex -45.2629 -88.8334 -30
      vertex -18.1596 -35.6403 -30
      vertex -40.5516 -91.0805 -30
    endloop
  endfacet
  facet normal -0 0 -1
    outer loop
      vertex -18.1596 -35.6403 -30
      vertex -45.2629 -88.8334 -30
      vertex -20 -34.641 -30
    endloop
  endfacet
  facet normal 0 0 -1
    outer loop
      vertex -49.85 -86.3427 -30
      vertex -20 -34.641 -30
      vertex -45.2629 -88.8334 -30
    endloop
  endfacet
  facet normal -0 0 -1
    outer loop
      vertex -20 -34.641 -30
      vertex -49.85 -86.3427 -30
      vertex -21.7856 -33.5468 -30
    endloop
  endfacet
  facet normal 0 0 -1
    outer loop
      vertex -54.3005 -83.6155 -30
      vertex -21.7856 -33.5468 -30
      vertex -49.85 -86.3427 -30
    endloop
  endfacet
  facet normal -0 0 -1
    outer loop
      vertex -21.7856 -33.5468 -30
      vertex -54.3005 -83.6155 -30
      vertex -23.5114 -32.3607 -30
    endloop
  endfacet
  facet normal 0 0 -1
    outer loop
      vertex -58.6022 -80.659 -30
      vertex -23.5114 -32.3607 -30
      vertex -54.3005 -83.6155 -30
    endloop
  endfacet
  facet normal -0 0 -1
    outer loop
      vertex -23.5114 -32.3607 -30
      vertex -58.6022 -80.659 -30
      vertex -25.1728 -31.0858 -30
    endloop
  endfacet
  facet normal 0 0 -1
    outer loop
      vertex -62.7432 -77.4815 -30
      vertex -25.1728 -31.0858 -30
      vertex -58.6022 -80.659 -30
    endloop
  endfacet
  facet normal -0 0 -1
    outer loop
      vertex -25.1728 -31.0858 -30
      vertex -62.7432 -77.4815 -30
      vertex -26.7652 -29.7258 -30
    endloop
  endfacet
  facet normal 0 0 -1
    outer loop
      vertex -66.7123 -74.0915 -30
      vertex -26.7652 -29.7258 -30
      vertex -62.7432 -77.4815 -30
    endloop
  endfacet
  facet normal -0 0 -1
    outer loop
      vertex -26.7652 -29.7258 -30
      vertex -66.7123 -74.0915 -30
      vertex -28.2843 -28.2843 -30
    endloop
  endfacet
  facet normal 0 0 -1
    outer loop
      vertex -70.4985 -70.4985 -30
      vertex -28.2843 -28.2843 -30
      vertex -66.7123 -74.0915 -30
    endloop
  endfacet
  facet normal -0 0 -1
    outer loop
      vertex -28.2843 -28.2843 -30
      vertex -70.4985 -70.4985 -30
      vertex -29.7258 -26.7652 -30
    endloop
  endfacet
  facet normal 0 0 -1
    outer loop
      vertex -74.0915 -66.7123 -30
      vertex -29.7258 -26.7652 -30
      vertex -70.4985 -70.4985 -30
    endloop
  endfacet
  facet normal -0 0 -1
    outer loop
      vertex -29.7258 -26.7652 -30
      vertex -74.0915 -66.7123 -30
      vertex -31.0858 -25.1728 -30
    endloop
  endfacet
  facet normal 0 0 -1
    outer loop
      vertex -77.4815 -62.7432 -30
      vertex -31.0858 -25.1728 -30
      vertex -74.0915 -66.7123 -30
    endloop
  endfacet
  facet normal -0 0 -1
    outer loop
      vertex -31.0858 -25.1728 -30
      vertex -77.4815 -62.7432 -30
      vertex -32.3607 -23.5114 -30
    endloop
  endfacet
  facet normal 0 0 -1
    outer loop
      vertex -80.659 -58.6022 -30
      vertex -32.3607 -23.5114 -30
      vertex -77.4815 -62.7432 -30
    endloop
  endfacet
  facet normal -0 0 -1
    outer loop
      vertex -32.3607 -23.5114 -30
      vertex -80.659 -58.6022 -30
      vertex -33.5468 -21.7856 -30
    endloop
  endfacet
  facet normal 0 0 -1
    outer loop
      vertex -83.6155 -54.3005 -30
      vertex -33.5468 -21.7856 -30
      vertex -80.659 -58.6022 -30
    endloop
  endfacet
  facet normal -0 0 -1
    outer loop
      vertex -33.5468 -21.7856 -30
      vertex -83.6155 -54.3005 -30
      vertex -34.641 -20 -30
    endloop
  endfacet
  facet normal -0 0 -1
    outer loop
      vertex -34.641 -20 -30
      vertex -86.3427 -49.85 -30
      vertex -35.6403 -18.1596 -30
    endloop
  endfacet
  facet normal 0 0 -1
    outer loop
      vertex -86.3427 -49.85 -30
      vertex -34.641 -20 -30
      vertex -83.6155 -54.3005 -30
    endloop
  endfacet
  facet normal 0 0 -1
    outer loop
      vertex 29.7258 26.7652 -30
      vertex 74.0915 66.7123 -30
      vertex 31.0858 25.1728 -30
    endloop
  endfacet
  facet normal -0 0 -1
    outer loop
      vertex 74.0915 66.7123 -30
      vertex 29.7258 26.7652 -30
      vertex 70.4985 70.4985 -30
    endloop
  endfacet
  facet normal -0 0 -1
    outer loop
      vertex 70.4985 70.4985 -30
      vertex 28.2843 28.2843 -30
      vertex 66.7123 74.0915 -30
    endloop
  endfacet
  facet normal 0 0 -1
    outer loop
      vertex 26.7652 29.7258 -30
      vertex 66.7123 74.0915 -30
      vertex 28.2843 28.2843 -30
    endloop
  endfacet
  facet normal 0 0 -1
    outer loop
      vertex 39.5075 6.25738 -30
      vertex 50 5 -30
      vertex 39.6731 5 -30
    endloop
  endfacet
  facet normal 0 0 -1
    outer loop
      vertex 39.1259 8.31647 -30
      vertex 50 5 -30
      vertex 39.5075 6.25738 -30
    endloop
  endfacet
  facet normal 0 0 -1
    outer loop
      vertex 38.637 10.3528 -30
      vertex 50 5 -30
      vertex 39.1259 8.31647 -30
    endloop
  endfacet
  facet normal 0 0 -1
    outer loop
      vertex 38.0423 12.3607 -30
      vertex 50 5 -30
      vertex 38.637 10.3528 -30
    endloop
  endfacet
  facet normal 0 0 -1
    outer loop
      vertex 37.3432 14.3347 -30
      vertex 50 5 -30
      vertex 38.0423 12.3607 -30
    endloop
  endfacet
  facet normal 0 0 -1
    outer loop
      vertex 36.5418 16.2695 -30
      vertex 50 5 -30
      vertex 37.3432 14.3347 -30
    endloop
  endfacet
  facet normal 0 0 -1
    outer loop
      vertex 35.6403 18.1596 -30
      vertex 50 5 -30
      vertex 36.5418 16.2695 -30
    endloop
  endfacet
  facet normal -0 0 -1
    outer loop
      vertex 83.6155 54.3005 -30
      vertex 33.5468 21.7856 -30
      vertex 80.659 58.6022 -30
    endloop
  endfacet
  facet normal 0 0 -1
    outer loop
      vertex 28.2843 28.2843 -30
      vertex 70.4985 70.4985 -30
      vertex 29.7258 26.7652 -30
    endloop
  endfacet
  facet normal -0 0 -1
    outer loop
      vertex 66.7123 74.0915 -30
      vertex 26.7652 29.7258 -30
      vertex 62.7432 77.4815 -30
    endloop
  endfacet
  facet normal 0 0 -1
    outer loop
      vertex 25.1728 31.0858 -30
      vertex 62.7432 77.4815 -30
      vertex 26.7652 29.7258 -30
    endloop
  endfacet
  facet normal -0 0 -1
    outer loop
      vertex 62.7432 77.4815 -30
      vertex 25.1728 31.0858 -30
      vertex 58.6022 80.659 -30
    endloop
  endfacet
  facet normal 0 0 -1
    outer loop
      vertex 23.5114 32.3607 -30
      vertex 58.6022 80.659 -30
      vertex 25.1728 31.0858 -30
    endloop
  endfacet
  facet normal -0 0 -1
    outer loop
      vertex 58.6022 80.659 -30
      vertex 23.5114 32.3607 -30
      vertex 54.3005 83.6155 -30
    endloop
  endfacet
  facet normal 0 0 -1
    outer loop
      vertex 21.7856 33.5468 -30
      vertex 54.3005 83.6155 -30
      vertex 23.5114 32.3607 -30
    endloop
  endfacet
  facet normal -0 0 -1
    outer loop
      vertex 54.3005 83.6155 -30
      vertex 21.7856 33.5468 -30
      vertex 49.85 86.3427 -30
    endloop
  endfacet
  facet normal 0 0 -1
    outer loop
      vertex 20 34.641 -30
      vertex 49.85 86.3427 -30
      vertex 21.7856 33.5468 -30
    endloop
  endfacet
  facet normal -0 0 -1
    outer loop
      vertex 49.85 86.3427 -30
      vertex 20 34.641 -30
      vertex 45.2629 88.8334 -30
    endloop
  endfacet
  facet normal 0 0 -1
    outer loop
      vertex 18.1596 35.6403 -30
      vertex 45.2629 88.8334 -30
      vertex 20 34.641 -30
    endloop
  endfacet
  facet normal -0 0 -1
    outer loop
      vertex 45.2629 88.8334 -30
      vertex 18.1596 35.6403 -30
      vertex 40.5516 91.0805 -30
    endloop
  endfacet
  facet normal 0 0 -1
    outer loop
      vertex 16.2695 36.5418 -30
      vertex 40.5516 91.0805 -30
      vertex 18.1596 35.6403 -30
    endloop
  endfacet
  facet normal -0 0 -1
    outer loop
      vertex 40.5516 91.0805 -30
      vertex 16.2695 36.5418 -30
      vertex 35.7293 93.078 -30
    endloop
  endfacet
  facet normal 0 0 -1
    outer loop
      vertex 14.3347 37.3432 -30
      vertex 35.7293 93.078 -30
      vertex 16.2695 36.5418 -30
    endloop
  endfacet
  facet normal -0 0 -1
    outer loop
      vertex 35.7293 93.078 -30
      vertex 14.3347 37.3432 -30
      vertex 30.809 94.8203 -30
    endloop
  endfacet
  facet normal 0 0 -1
    outer loop
      vertex 12.3607 38.0423 -30
      vertex 30.809 94.8203 -30
      vertex 14.3347 37.3432 -30
    endloop
  endfacet
  facet normal -0 0 -1
    outer loop
      vertex 30.809 94.8203 -30
      vertex 12.3607 38.0423 -30
      vertex 25.8043 96.3028 -30
    endloop
  endfacet
  facet normal 0 0 -1
    outer loop
      vertex 10.3528 38.637 -30
      vertex 25.8043 96.3028 -30
      vertex 12.3607 38.0423 -30
    endloop
  endfacet
  facet normal -0 0 -1
    outer loop
      vertex 25.8043 96.3028 -30
      vertex 10.3528 38.637 -30
      vertex 20.7288 97.5213 -30
    endloop
  endfacet
  facet normal 0 0 -1
    outer loop
      vertex 8.31647 39.1259 -30
      vertex 20.7288 97.5213 -30
      vertex 10.3528 38.637 -30
    endloop
  endfacet
  facet normal -0 0 -1
    outer loop
      vertex 20.7288 97.5213 -30
      vertex 8.31647 39.1259 -30
      vertex 15.5965 98.4725 -30
    endloop
  endfacet
  facet normal 0 0 -1
    outer loop
      vertex 6.25738 39.5075 -30
      vertex 15.5965 98.4725 -30
      vertex 8.31647 39.1259 -30
    endloop
  endfacet
  facet normal -0 0 -1
    outer loop
      vertex 15.5965 98.4725 -30
      vertex 6.25738 39.5075 -30
      vertex 10.4215 99.1538 -30
    endloop
  endfacet
  facet normal 0 0 -1
    outer loop
      vertex 4.18114 39.7809 -30
      vertex 10.4215 99.1538 -30
      vertex 6.25738 39.5075 -30
    endloop
  endfacet
  facet normal -0 0 -1
    outer loop
      vertex 10.4215 99.1538 -30
      vertex 4.18114 39.7809 -30
      vertex 5.21789 99.5634 -30
    endloop
  endfacet
  facet normal 0 0 -1
    outer loop
      vertex 2.09344 39.9452 -30
      vertex 5.21789 99.5634 -30
      vertex 4.18114 39.7809 -30
    endloop
  endfacet
  facet normal 0 0 -1
    outer loop
      vertex 0 40 -30
      vertex 5.21789 99.5634 -30
      vertex 2.09344 39.9452 -30
    endloop
  endfacet
  facet normal 0 0 -1
    outer loop
      vertex 0 40 -30
      vertex 0 99.7 -30
      vertex 5.21789 99.5634 -30
    endloop
  endfacet
  facet normal 0 0 -1
    outer loop
      vertex -2.09344 39.9452 -30
      vertex 0 99.7 -30
      vertex 0 40 -30
    endloop
  endfacet
  facet normal 0 0 -1
    outer loop
      vertex -5.21789 99.5634 -30
      vertex -2.09344 39.9452 -30
      vertex -4.18114 39.7809 -30
    endloop
  endfacet
  facet normal 0 0 -1
    outer loop
      vertex -2.09344 39.9452 -30
      vertex -5.21789 99.5634 -30
      vertex 0 99.7 -30
    endloop
  endfacet
  facet normal 0 0 -1
    outer loop
      vertex -10.4215 99.1538 -30
      vertex -4.18114 39.7809 -30
      vertex -6.25738 39.5075 -30
    endloop
  endfacet
  facet normal 0 0 -1
    outer loop
      vertex -15.5965 98.4725 -30
      vertex -6.25738 39.5075 -30
      vertex -8.31647 39.1259 -30
    endloop
  endfacet
  facet normal 0 0 -1
    outer loop
      vertex -20.7288 97.5213 -30
      vertex -8.31647 39.1259 -30
      vertex -10.3528 38.637 -30
    endloop
  endfacet
  facet normal 0 0 -1
    outer loop
      vertex -4.18114 39.7809 -30
      vertex -10.4215 99.1538 -30
      vertex -5.21789 99.5634 -30
    endloop
  endfacet
  facet normal 0 0 -1
    outer loop
      vertex -25.8043 96.3028 -30
      vertex -10.3528 38.637 -30
      vertex -12.3607 38.0423 -30
    endloop
  endfacet
  facet normal 0 0 -1
    outer loop
      vertex -30.809 94.8203 -30
      vertex -12.3607 38.0423 -30
      vertex -14.3347 37.3432 -30
    endloop
  endfacet
  facet normal 0 0 -1
    outer loop
      vertex -6.25738 39.5075 -30
      vertex -15.5965 98.4725 -30
      vertex -10.4215 99.1538 -30
    endloop
  endfacet
  facet normal 0 0 -1
    outer loop
      vertex -35.7293 93.078 -30
      vertex -14.3347 37.3432 -30
      vertex -16.2695 36.5418 -30
    endloop
  endfacet
  facet normal 0 0 -1
    outer loop
      vertex -40.5516 91.0805 -30
      vertex -16.2695 36.5418 -30
      vertex -18.1596 35.6403 -30
    endloop
  endfacet
  facet normal 0 0 -1
    outer loop
      vertex -45.2629 88.8334 -30
      vertex -18.1596 35.6403 -30
      vertex -20 34.641 -30
    endloop
  endfacet
  facet normal 0 0 -1
    outer loop
      vertex -8.31647 39.1259 -30
      vertex -20.7288 97.5213 -30
      vertex -15.5965 98.4725 -30
    endloop
  endfacet
  facet normal 0 0 -1
    outer loop
      vertex -49.85 86.3427 -30
      vertex -20 34.641 -30
      vertex -21.7856 33.5468 -30
    endloop
  endfacet
  facet normal 0 0 -1
    outer loop
      vertex -54.3005 83.6155 -30
      vertex -21.7856 33.5468 -30
      vertex -23.5114 32.3607 -30
    endloop
  endfacet
  facet normal 0 0 -1
    outer loop
      vertex -58.6022 80.659 -30
      vertex -23.5114 32.3607 -30
      vertex -25.1728 31.0858 -30
    endloop
  endfacet
  facet normal 0 0 -1
    outer loop
      vertex -10.3528 38.637 -30
      vertex -25.8043 96.3028 -30
      vertex -20.7288 97.5213 -30
    endloop
  endfacet
  facet normal 0 0 -1
    outer loop
      vertex -62.7432 77.4815 -30
      vertex -25.1728 31.0858 -30
      vertex -26.7652 29.7258 -30
    endloop
  endfacet
  facet normal 0 0 -1
    outer loop
      vertex -66.7123 74.0915 -30
      vertex -26.7652 29.7258 -30
      vertex -28.2843 28.2843 -30
    endloop
  endfacet
  facet normal 0 0 -1
    outer loop
      vertex -70.4985 70.4985 -30
      vertex -28.2843 28.2843 -30
      vertex -29.7258 26.7652 -30
    endloop
  endfacet
  facet normal 0 0 -1
    outer loop
      vertex -12.3607 38.0423 -30
      vertex -30.809 94.8203 -30
      vertex -25.8043 96.3028 -30
    endloop
  endfacet
  facet normal 0 0 -1
    outer loop
      vertex -74.0915 66.7123 -30
      vertex -29.7258 26.7652 -30
      vertex -31.0858 25.1728 -30
    endloop
  endfacet
  facet normal 0 0 -1
    outer loop
      vertex -77.4815 62.7432 -30
      vertex -31.0858 25.1728 -30
      vertex -32.3607 23.5114 -30
    endloop
  endfacet
  facet normal 0 0 -1
    outer loop
      vertex -80.659 58.6022 -30
      vertex -32.3607 23.5114 -30
      vertex -33.5468 21.7856 -30
    endloop
  endfacet
  facet normal 0 0 -1
    outer loop
      vertex -83.6155 54.3005 -30
      vertex -33.5468 21.7856 -30
      vertex -34.641 20 -30
    endloop
  endfacet
  facet normal 0 0 -1
    outer loop
      vertex -86.3427 49.85 -30
      vertex -34.641 20 -30
      vertex -35.6403 18.1596 -30
    endloop
  endfacet
  facet normal 0 0 -1
    outer loop
      vertex -14.3347 37.3432 -30
      vertex -35.7293 93.078 -30
      vertex -30.809 94.8203 -30
    endloop
  endfacet
  facet normal 0 0 -1
    outer loop
      vertex -50 5 -30
      vertex -35.6403 18.1596 -30
      vertex -36.5418 16.2695 -30
    endloop
  endfacet
  facet normal 0 0 -1
    outer loop
      vertex -50 5 -30
      vertex -36.5418 16.2695 -30
      vertex -37.3432 14.3347 -30
    endloop
  endfacet
  facet normal 0 0 -1
    outer loop
      vertex -50 5 -30
      vertex -37.3432 14.3347 -30
      vertex -38.0423 12.3607 -30
    endloop
  endfacet
  facet normal 0 0 -1
    outer loop
      vertex -50 5 -30
      vertex -38.0423 12.3607 -30
      vertex -38.637 10.3528 -30
    endloop
  endfacet
  facet normal 0 0 -1
    outer loop
      vertex -50 5 -30
      vertex -38.637 10.3528 -30
      vertex -39.1259 8.31647 -30
    endloop
  endfacet
  facet normal 0 0 -1
    outer loop
      vertex -50 5 -30
      vertex -39.1259 8.31647 -30
      vertex -39.5075 6.25738 -30
    endloop
  endfacet
  facet normal 0 0 -1
    outer loop
      vertex -50 5 -30
      vertex -39.5075 6.25738 -30
      vertex -39.6731 5 -30
    endloop
  endfacet
  facet normal 0 0 -1
    outer loop
      vertex -16.2695 36.5418 -30
      vertex -40.5516 91.0805 -30
      vertex -35.7293 93.078 -30
    endloop
  endfacet
  facet normal 0 0 -1
    outer loop
      vertex -18.1596 35.6403 -30
      vertex -45.2629 88.8334 -30
      vertex -40.5516 91.0805 -30
    endloop
  endfacet
  facet normal 0 0 -1
    outer loop
      vertex -20 34.641 -30
      vertex -49.85 86.3427 -30
      vertex -45.2629 88.8334 -30
    endloop
  endfacet
  facet normal -0 0 -1
    outer loop
      vertex -35.6403 18.1596 -30
      vertex -50 5 -30
      vertex -88.8334 45.2629 -30
    endloop
  endfacet
  facet normal 0 0 -1
    outer loop
      vertex -88.8334 -45.2629 -30
      vertex -35.6403 -18.1596 -30
      vertex -86.3427 -49.85 -30
    endloop
  endfacet
  facet normal 0 0 -1
    outer loop
      vertex -21.7856 33.5468 -30
      vertex -54.3005 83.6155 -30
      vertex -49.85 86.3427 -30
    endloop
  endfacet
  facet normal 0 -0 -1
    outer loop
      vertex -50 -5 -30
      vertex -35.6403 -18.1596 -30
      vertex -88.8334 -45.2629 -30
    endloop
  endfacet
  facet normal 0 0 -1
    outer loop
      vertex -23.5114 32.3607 -30
      vertex -58.6022 80.659 -30
      vertex -54.3005 83.6155 -30
    endloop
  endfacet
  facet normal 0 0 -1
    outer loop
      vertex -39.5075 -6.25738 -30
      vertex -50 -5 -30
      vertex -39.6731 -5 -30
    endloop
  endfacet
  facet normal 0 0 -1
    outer loop
      vertex -25.1728 31.0858 -30
      vertex -62.7432 77.4815 -30
      vertex -58.6022 80.659 -30
    endloop
  endfacet
  facet normal 0 0 -1
    outer loop
      vertex -36.5418 -16.2695 -30
      vertex -50 -5 -30
      vertex -37.3432 -14.3347 -30
    endloop
  endfacet
  facet normal 0 0 -1
    outer loop
      vertex -26.7652 29.7258 -30
      vertex -66.7123 74.0915 -30
      vertex -62.7432 77.4815 -30
    endloop
  endfacet
  facet normal 0 0 -1
    outer loop
      vertex -39.1259 -8.31647 -30
      vertex -50 -5 -30
      vertex -39.5075 -6.25738 -30
    endloop
  endfacet
  facet normal 0 0 -1
    outer loop
      vertex -28.2843 28.2843 -30
      vertex -70.4985 70.4985 -30
      vertex -66.7123 74.0915 -30
    endloop
  endfacet
  facet normal 0 0 -1
    outer loop
      vertex -38.637 -10.3528 -30
      vertex -50 -5 -30
      vertex -39.1259 -8.31647 -30
    endloop
  endfacet
  facet normal 0 0 -1
    outer loop
      vertex -29.7258 26.7652 -30
      vertex -74.0915 66.7123 -30
      vertex -70.4985 70.4985 -30
    endloop
  endfacet
  facet normal 0 0 -1
    outer loop
      vertex -38.0423 -12.3607 -30
      vertex -50 -5 -30
      vertex -38.637 -10.3528 -30
    endloop
  endfacet
  facet normal 0 0 -1
    outer loop
      vertex -31.0858 25.1728 -30
      vertex -77.4815 62.7432 -30
      vertex -74.0915 66.7123 -30
    endloop
  endfacet
  facet normal 0 0 -1
    outer loop
      vertex -37.3432 -14.3347 -30
      vertex -50 -5 -30
      vertex -38.0423 -12.3607 -30
    endloop
  endfacet
  facet normal 0 0 -1
    outer loop
      vertex -32.3607 23.5114 -30
      vertex -80.659 58.6022 -30
      vertex -77.4815 62.7432 -30
    endloop
  endfacet
  facet normal 0 0 -1
    outer loop
      vertex -35.6403 -18.1596 -30
      vertex -50 -5 -30
      vertex -36.5418 -16.2695 -30
    endloop
  endfacet
  facet normal 0 0 -1
    outer loop
      vertex -33.5468 21.7856 -30
      vertex -83.6155 54.3005 -30
      vertex -80.659 58.6022 -30
    endloop
  endfacet
  facet normal 0 0 -1
    outer loop
      vertex -91.0805 -40.5516 -30
      vertex -50 -5 -30
      vertex -88.8334 -45.2629 -30
    endloop
  endfacet
  facet normal 0 0 -1
    outer loop
      vertex -34.641 20 -30
      vertex -86.3427 49.85 -30
      vertex -83.6155 54.3005 -30
    endloop
  endfacet
  facet normal 0 0 -1
    outer loop
      vertex -93.078 -35.7293 -30
      vertex -50 -5 -30
      vertex -91.0805 -40.5516 -30
    endloop
  endfacet
  facet normal 0 0 -1
    outer loop
      vertex -35.6403 18.1596 -30
      vertex -88.8334 45.2629 -30
      vertex -86.3427 49.85 -30
    endloop
  endfacet
  facet normal 0 0 -1
    outer loop
      vertex -94.8203 -30.809 -30
      vertex -50 -5 -30
      vertex -93.078 -35.7293 -30
    endloop
  endfacet
  facet normal 0 0 -1
    outer loop
      vertex -50 5 -30
      vertex -91.0805 40.5516 -30
      vertex -88.8334 45.2629 -30
    endloop
  endfacet
  facet normal 0 0 -1
    outer loop
      vertex -96.3028 -25.8043 -30
      vertex -50 -5 -30
      vertex -94.8203 -30.809 -30
    endloop
  endfacet
  facet normal 0 0 -1
    outer loop
      vertex -50 5 -30
      vertex -93.078 35.7293 -30
      vertex -91.0805 40.5516 -30
    endloop
  endfacet
  facet normal 0 0 -1
    outer loop
      vertex -97.5213 -20.7288 -30
      vertex -50 -5 -30
      vertex -96.3028 -25.8043 -30
    endloop
  endfacet
  facet normal 0 0 -1
    outer loop
      vertex -50 5 -30
      vertex -94.8203 30.809 -30
      vertex -93.078 35.7293 -30
    endloop
  endfacet
  facet normal 0 0 -1
    outer loop
      vertex -98.4725 -15.5965 -30
      vertex -50 -5 -30
      vertex -97.5213 -20.7288 -30
    endloop
  endfacet
  facet normal 0 0 -1
    outer loop
      vertex -50 5 -30
      vertex -96.3028 25.8043 -30
      vertex -94.8203 30.809 -30
    endloop
  endfacet
  facet normal 0 0 -1
    outer loop
      vertex -99.1538 -10.4215 -30
      vertex -50 -5 -30
      vertex -98.4725 -15.5965 -30
    endloop
  endfacet
  facet normal 0 0 -1
    outer loop
      vertex -50 5 -30
      vertex -97.5213 20.7288 -30
      vertex -96.3028 25.8043 -30
    endloop
  endfacet
  facet normal 0 0 -1
    outer loop
      vertex -99.5634 -5.21789 -30
      vertex -50 -5 -30
      vertex -99.1538 -10.4215 -30
    endloop
  endfacet
  facet normal 0 0 -1
    outer loop
      vertex -50 5 -30
      vertex -98.4725 15.5965 -30
      vertex -97.5213 20.7288 -30
    endloop
  endfacet
  facet normal 0 0 -1
    outer loop
      vertex -99.7 0 -30
      vertex -50 -5 -30
      vertex -99.5634 -5.21789 -30
    endloop
  endfacet
  facet normal 0 0 -1
    outer loop
      vertex -50 5 -30
      vertex -99.1538 10.4215 -30
      vertex -98.4725 15.5965 -30
    endloop
  endfacet
  facet normal 0 0 -1
    outer loop
      vertex -50 -5 -30
      vertex -99.7 0 -30
      vertex -50 5 -30
    endloop
  endfacet
  facet normal 0 0 -1
    outer loop
      vertex -50 5 -30
      vertex -99.5634 5.21789 -30
      vertex -99.1538 10.4215 -30
    endloop
  endfacet
  facet normal -0 0 -1
    outer loop
      vertex -50 5 -30
      vertex -99.7 0 -30
      vertex -99.5634 5.21789 -30
    endloop
  endfacet
  facet normal -0.902591 0.430499 0
    outer loop
      vertex -91.0805 40.5516 -30
      vertex -88.8334 45.2629 0
      vertex -88.8334 45.2629 -30
    endloop
  endfacet
  facet normal -0.902591 0.430499 0
    outer loop
      vertex -88.8334 45.2629 0
      vertex -91.0805 40.5516 -30
      vertex -91.0805 40.5516 0
    endloop
  endfacet
  facet normal -0.38269 -0.923877 0
    outer loop
      vertex -40.5516 -91.0805 -30
      vertex -35.7293 -93.078 0
      vertex -40.5516 -91.0805 0
    endloop
  endfacet
  facet normal -0.38269 -0.923877 -0
    outer loop
      vertex -35.7293 -93.078 0
      vertex -40.5516 -91.0805 -30
      vertex -35.7293 -93.078 -30
    endloop
  endfacet
  facet normal -0.996916 -0.0784719 0
    outer loop
      vertex -99.1538 -10.4215 -30
      vertex -99.5634 -5.21789 0
      vertex -99.5634 -5.21789 -30
    endloop
  endfacet
  facet normal -0.996916 -0.0784719 0
    outer loop
      vertex -99.5634 -5.21789 0
      vertex -99.1538 -10.4215 -30
      vertex -99.1538 -10.4215 0
    endloop
  endfacet
  facet normal -0.649456 0.760399 0
    outer loop
      vertex -62.7432 77.4815 -30
      vertex -66.7123 74.0915 0
      vertex -62.7432 77.4815 0
    endloop
  endfacet
  facet normal -0.649456 0.760399 0
    outer loop
      vertex -66.7123 74.0915 0
      vertex -62.7432 77.4815 -30
      vertex -66.7123 74.0915 -30
    endloop
  endfacet
  facet normal -0.824124 -0.566409 0
    outer loop
      vertex -80.659 -58.6022 -30
      vertex -83.6155 -54.3005 0
      vertex -83.6155 -54.3005 -30
    endloop
  endfacet
  facet normal -0.824124 -0.566409 0
    outer loop
      vertex -83.6155 -54.3005 0
      vertex -80.659 -58.6022 -30
      vertex -80.659 -58.6022 0
    endloop
  endfacet
  facet normal 0.902591 -0.430499 0
    outer loop
      vertex 88.8334 -45.2629 0
      vertex 91.0805 -40.5516 -30
      vertex 91.0805 -40.5516 0
    endloop
  endfacet
  facet normal 0.902591 -0.430499 0
    outer loop
      vertex 91.0805 -40.5516 -30
      vertex 88.8334 -45.2629 0
      vertex 88.8334 -45.2629 -30
    endloop
  endfacet
  facet normal 0.793353 0.608761 0
    outer loop
      vertex 80.659 58.6022 0
      vertex 77.4815 62.7432 -30
      vertex 77.4815 62.7432 0
    endloop
  endfacet
  facet normal 0.793353 0.608761 0
    outer loop
      vertex 77.4815 62.7432 -30
      vertex 80.659 58.6022 0
      vertex 80.659 58.6022 -30
    endloop
  endfacet
  facet normal -0.182233 -0.983255 0
    outer loop
      vertex -20.7288 -97.5213 -30
      vertex -15.5965 -98.4725 0
      vertex -20.7288 -97.5213 0
    endloop
  endfacet
  facet normal -0.182233 -0.983255 -0
    outer loop
      vertex -15.5965 -98.4725 0
      vertex -20.7288 -97.5213 -30
      vertex -15.5965 -98.4725 -30
    endloop
  endfacet
  facet normal -0.688358 0.725371 0
    outer loop
      vertex -66.7123 74.0915 -30
      vertex -70.4985 70.4985 0
      vertex -66.7123 74.0915 0
    endloop
  endfacet
  facet normal -0.688358 0.725371 0
    outer loop
      vertex -70.4985 70.4985 0
      vertex -66.7123 74.0915 -30
      vertex -70.4985 70.4985 -30
    endloop
  endfacet
  facet normal 0.983255 0.182233 0
    outer loop
      vertex 98.4725 15.5965 0
      vertex 97.5213 20.7288 -30
      vertex 97.5213 20.7288 0
    endloop
  endfacet
  facet normal 0.983255 0.182233 0
    outer loop
      vertex 97.5213 20.7288 -30
      vertex 98.4725 15.5965 0
      vertex 98.4725 15.5965 -30
    endloop
  endfacet
  facet normal 0.0261702 -0.999658 0
    outer loop
      vertex 0 -99.7 -30
      vertex 5.21789 -99.5634 0
      vertex 0 -99.7 0
    endloop
  endfacet
  facet normal 0.0261702 -0.999658 0
    outer loop
      vertex 5.21789 -99.5634 0
      vertex 0 -99.7 -30
      vertex 5.21789 -99.5634 -30
    endloop
  endfacet
  facet normal -0.942646 -0.333795 0
    outer loop
      vertex -93.078 -35.7293 -30
      vertex -94.8203 -30.809 0
      vertex -94.8203 -30.809 -30
    endloop
  endfacet
  facet normal -0.942646 -0.333795 0
    outer loop
      vertex -94.8203 -30.809 0
      vertex -93.078 -35.7293 -30
      vertex -93.078 -35.7293 0
    endloop
  endfacet
  facet normal 0.566409 -0.824124 0
    outer loop
      vertex 54.3005 -83.6155 -30
      vertex 58.6022 -80.659 0
      vertex 54.3005 -83.6155 0
    endloop
  endfacet
  facet normal 0.566409 -0.824124 0
    outer loop
      vertex 58.6022 -80.659 0
      vertex 54.3005 -83.6155 -30
      vertex 58.6022 -80.659 -30
    endloop
  endfacet
  facet normal -0.999658 -0.0261702 0
    outer loop
      vertex -99.5634 -5.21789 -30
      vertex -99.7 0 0
      vertex -99.7 0 -30
    endloop
  endfacet
  facet normal -0.999658 -0.0261702 0
    outer loop
      vertex -99.7 0 0
      vertex -99.5634 -5.21789 -30
      vertex -99.5634 -5.21789 0
    endloop
  endfacet
  facet normal -0.182233 0.983255 0
    outer loop
      vertex -15.5965 98.4725 -30
      vertex -20.7288 97.5213 0
      vertex -15.5965 98.4725 0
    endloop
  endfacet
  facet normal -0.182233 0.983255 0
    outer loop
      vertex -20.7288 97.5213 0
      vertex -15.5965 98.4725 -30
      vertex -20.7288 97.5213 -30
    endloop
  endfacet
  facet normal 0.958818 -0.284022 0
    outer loop
      vertex 94.8203 -30.809 0
      vertex 96.3028 -25.8043 -30
      vertex 96.3028 -25.8043 0
    endloop
  endfacet
  facet normal 0.958818 -0.284022 0
    outer loop
      vertex 96.3028 -25.8043 -30
      vertex 94.8203 -30.809 0
      vertex 94.8203 -30.809 -30
    endloop
  endfacet
  facet normal 0.902591 0.430499 0
    outer loop
      vertex 91.0805 40.5516 0
      vertex 88.8334 45.2629 -30
      vertex 88.8334 45.2629 0
    endloop
  endfacet
  facet normal 0.902591 0.430499 0
    outer loop
      vertex 88.8334 45.2629 -30
      vertex 91.0805 40.5516 0
      vertex 91.0805 40.5516 -30
    endloop
  endfacet
  facet normal 0.852646 0.522489 0
    outer loop
      vertex 86.3427 49.85 0
      vertex 83.6155 54.3005 -30
      vertex 83.6155 54.3005 0
    endloop
  endfacet
  facet normal 0.852646 0.522489 0
    outer loop
      vertex 83.6155 54.3005 -30
      vertex 86.3427 49.85 0
      vertex 86.3427 49.85 -30
    endloop
  endfacet
  facet normal 0.0784719 -0.996916 0
    outer loop
      vertex 5.21789 -99.5634 -30
      vertex 10.4215 -99.1538 0
      vertex 5.21789 -99.5634 0
    endloop
  endfacet
  facet normal 0.0784719 -0.996916 0
    outer loop
      vertex 10.4215 -99.1538 0
      vertex 5.21789 -99.5634 -30
      vertex 10.4215 -99.1538 -30
    endloop
  endfacet
  facet normal 0.852646 -0.522489 0
    outer loop
      vertex 83.6155 -54.3005 0
      vertex 86.3427 -49.85 -30
      vertex 86.3427 -49.85 0
    endloop
  endfacet
  facet normal 0.852646 -0.522489 0
    outer loop
      vertex 86.3427 -49.85 -30
      vertex 83.6155 -54.3005 0
      vertex 83.6155 -54.3005 -30
    endloop
  endfacet
  facet normal 0.522489 -0.852646 0
    outer loop
      vertex 49.85 -86.3427 -30
      vertex 54.3005 -83.6155 0
      vertex 49.85 -86.3427 0
    endloop
  endfacet
  facet normal 0.522489 -0.852646 0
    outer loop
      vertex 54.3005 -83.6155 0
      vertex 49.85 -86.3427 -30
      vertex 54.3005 -83.6155 -30
    endloop
  endfacet
  facet normal 0.725371 -0.688358 0
    outer loop
      vertex 70.4985 -70.4985 0
      vertex 74.0915 -66.7123 -30
      vertex 74.0915 -66.7123 0
    endloop
  endfacet
  facet normal 0.725371 -0.688358 0
    outer loop
      vertex 74.0915 -66.7123 -30
      vertex 70.4985 -70.4985 0
      vertex 70.4985 -70.4985 -30
    endloop
  endfacet
  facet normal 0.983255 -0.182233 0
    outer loop
      vertex 97.5213 -20.7288 0
      vertex 98.4725 -15.5965 -30
      vertex 98.4725 -15.5965 0
    endloop
  endfacet
  facet normal 0.983255 -0.182233 0
    outer loop
      vertex 98.4725 -15.5965 -30
      vertex 97.5213 -20.7288 0
      vertex 97.5213 -20.7288 -30
    endloop
  endfacet
  facet normal 0.477175 -0.878808 0
    outer loop
      vertex 45.2629 -88.8334 -30
      vertex 49.85 -86.3427 0
      vertex 45.2629 -88.8334 0
    endloop
  endfacet
  facet normal 0.477175 -0.878808 0
    outer loop
      vertex 49.85 -86.3427 0
      vertex 45.2629 -88.8334 -30
      vertex 49.85 -86.3427 -30
    endloop
  endfacet
  facet normal 0.991445 -0.130526 0
    outer loop
      vertex 98.4725 -15.5965 0
      vertex 99.1538 -10.4215 -30
      vertex 99.1538 -10.4215 0
    endloop
  endfacet
  facet normal 0.991445 -0.130526 0
    outer loop
      vertex 99.1538 -10.4215 -30
      vertex 98.4725 -15.5965 0
      vertex 98.4725 -15.5965 -30
    endloop
  endfacet
  facet normal 0.688358 0.725371 -0
    outer loop
      vertex 70.4985 70.4985 -30
      vertex 66.7123 74.0915 0
      vertex 70.4985 70.4985 0
    endloop
  endfacet
  facet normal 0.688358 0.725371 0
    outer loop
      vertex 66.7123 74.0915 0
      vertex 70.4985 70.4985 -30
      vertex 66.7123 74.0915 -30
    endloop
  endfacet
  facet normal -0.878808 0.477175 0
    outer loop
      vertex -88.8334 45.2629 -30
      vertex -86.3427 49.85 0
      vertex -86.3427 49.85 -30
    endloop
  endfacet
  facet normal -0.878808 0.477175 0
    outer loop
      vertex -86.3427 49.85 0
      vertex -88.8334 45.2629 -30
      vertex -88.8334 45.2629 0
    endloop
  endfacet
  facet normal -0.972371 -0.233442 0
    outer loop
      vertex -96.3028 -25.8043 -30
      vertex -97.5213 -20.7288 0
      vertex -97.5213 -20.7288 -30
    endloop
  endfacet
  facet normal -0.972371 -0.233442 0
    outer loop
      vertex -97.5213 -20.7288 0
      vertex -96.3028 -25.8043 -30
      vertex -96.3028 -25.8043 0
    endloop
  endfacet
  facet normal 0.566409 0.824124 -0
    outer loop
      vertex 58.6022 80.659 -30
      vertex 54.3005 83.6155 0
      vertex 58.6022 80.659 0
    endloop
  endfacet
  facet normal 0.566409 0.824124 0
    outer loop
      vertex 54.3005 83.6155 0
      vertex 58.6022 80.659 -30
      vertex 54.3005 83.6155 -30
    endloop
  endfacet
  facet normal -0.878808 -0.477175 0
    outer loop
      vertex -86.3427 -49.85 -30
      vertex -88.8334 -45.2629 0
      vertex -88.8334 -45.2629 -30
    endloop
  endfacet
  facet normal -0.878808 -0.477175 0
    outer loop
      vertex -88.8334 -45.2629 0
      vertex -86.3427 -49.85 -30
      vertex -86.3427 -49.85 0
    endloop
  endfacet
  facet normal 0.38269 -0.923877 0
    outer loop
      vertex 35.7293 -93.078 -30
      vertex 40.5516 -91.0805 0
      vertex 35.7293 -93.078 0
    endloop
  endfacet
  facet normal 0.38269 -0.923877 0
    outer loop
      vertex 40.5516 -91.0805 0
      vertex 35.7293 -93.078 -30
      vertex 40.5516 -91.0805 -30
    endloop
  endfacet
  facet normal 0.760399 -0.649456 0
    outer loop
      vertex 74.0915 -66.7123 0
      vertex 77.4815 -62.7432 -30
      vertex 77.4815 -62.7432 0
    endloop
  endfacet
  facet normal 0.760399 -0.649456 0
    outer loop
      vertex 77.4815 -62.7432 -30
      vertex 74.0915 -66.7123 0
      vertex 74.0915 -66.7123 -30
    endloop
  endfacet
  facet normal 0.996916 -0.0784719 0
    outer loop
      vertex 99.1538 -10.4215 0
      vertex 99.5634 -5.21789 -30
      vertex 99.5634 -5.21789 0
    endloop
  endfacet
  facet normal 0.996916 -0.0784719 0
    outer loop
      vertex 99.5634 -5.21789 -30
      vertex 99.1538 -10.4215 0
      vertex 99.1538 -10.4215 -30
    endloop
  endfacet
  facet normal -0.333795 0.942646 0
    outer loop
      vertex -30.809 94.8203 -30
      vertex -35.7293 93.078 0
      vertex -30.809 94.8203 0
    endloop
  endfacet
  facet normal -0.333795 0.942646 0
    outer loop
      vertex -35.7293 93.078 0
      vertex -30.809 94.8203 -30
      vertex -35.7293 93.078 -30
    endloop
  endfacet
  facet normal 0.284022 0.958818 -0
    outer loop
      vertex 30.809 94.8203 -30
      vertex 25.8043 96.3028 0
      vertex 30.809 94.8203 0
    endloop
  endfacet
  facet normal 0.284022 0.958818 0
    outer loop
      vertex 25.8043 96.3028 0
      vertex 30.809 94.8203 -30
      vertex 25.8043 96.3028 -30
    endloop
  endfacet
  facet normal 0.793353 -0.608761 0
    outer loop
      vertex 77.4815 -62.7432 0
      vertex 80.659 -58.6022 -30
      vertex 80.659 -58.6022 0
    endloop
  endfacet
  facet normal 0.793353 -0.608761 0
    outer loop
      vertex 80.659 -58.6022 -30
      vertex 77.4815 -62.7432 0
      vertex 77.4815 -62.7432 -30
    endloop
  endfacet
  facet normal 0.923877 0.38269 0
    outer loop
      vertex 93.078 35.7293 0
      vertex 91.0805 40.5516 -30
      vertex 91.0805 40.5516 0
    endloop
  endfacet
  facet normal 0.923877 0.38269 0
    outer loop
      vertex 91.0805 40.5516 -30
      vertex 93.078 35.7293 0
      vertex 93.078 35.7293 -30
    endloop
  endfacet
  facet normal -0.942646 0.333795 0
    outer loop
      vertex -94.8203 30.809 -30
      vertex -93.078 35.7293 0
      vertex -93.078 35.7293 -30
    endloop
  endfacet
  facet normal -0.942646 0.333795 0
    outer loop
      vertex -93.078 35.7293 0
      vertex -94.8203 30.809 -30
      vertex -94.8203 30.809 0
    endloop
  endfacet
  facet normal 0.649456 -0.760399 0
    outer loop
      vertex 62.7432 -77.4815 -30
      vertex 66.7123 -74.0915 0
      vertex 62.7432 -77.4815 0
    endloop
  endfacet
  facet normal 0.649456 -0.760399 0
    outer loop
      vertex 66.7123 -74.0915 0
      vertex 62.7432 -77.4815 -30
      vertex 66.7123 -74.0915 -30
    endloop
  endfacet
  facet normal -0.983255 -0.182233 0
    outer loop
      vertex -97.5213 -20.7288 -30
      vertex -98.4725 -15.5965 0
      vertex -98.4725 -15.5965 -30
    endloop
  endfacet
  facet normal -0.983255 -0.182233 0
    outer loop
      vertex -98.4725 -15.5965 0
      vertex -97.5213 -20.7288 -30
      vertex -97.5213 -20.7288 0
    endloop
  endfacet
  facet normal -0.793353 -0.608761 0
    outer loop
      vertex -77.4815 -62.7432 -30
      vertex -80.659 -58.6022 0
      vertex -80.659 -58.6022 -30
    endloop
  endfacet
  facet normal -0.793353 -0.608761 0
    outer loop
      vertex -80.659 -58.6022 0
      vertex -77.4815 -62.7432 -30
      vertex -77.4815 -62.7432 0
    endloop
  endfacet
  facet normal -0.958818 0.284022 0
    outer loop
      vertex -96.3028 25.8043 -30
      vertex -94.8203 30.809 0
      vertex -94.8203 30.809 -30
    endloop
  endfacet
  facet normal -0.958818 0.284022 0
    outer loop
      vertex -94.8203 30.809 0
      vertex -96.3028 25.8043 -30
      vertex -96.3028 25.8043 0
    endloop
  endfacet
  facet normal 0.942646 0.333795 0
    outer loop
      vertex 94.8203 30.809 0
      vertex 93.078 35.7293 -30
      vertex 93.078 35.7293 0
    endloop
  endfacet
  facet normal 0.942646 0.333795 0
    outer loop
      vertex 93.078 35.7293 -30
      vertex 94.8203 30.809 0
      vertex 94.8203 30.809 -30
    endloop
  endfacet
  facet normal 0.649456 0.760399 -0
    outer loop
      vertex 66.7123 74.0915 -30
      vertex 62.7432 77.4815 0
      vertex 66.7123 74.0915 0
    endloop
  endfacet
  facet normal 0.649456 0.760399 0
    outer loop
      vertex 62.7432 77.4815 0
      vertex 66.7123 74.0915 -30
      vertex 62.7432 77.4815 -30
    endloop
  endfacet
  facet normal 0.972371 -0.233442 0
    outer loop
      vertex 96.3028 -25.8043 0
      vertex 97.5213 -20.7288 -30
      vertex 97.5213 -20.7288 0
    endloop
  endfacet
  facet normal 0.972371 -0.233442 0
    outer loop
      vertex 97.5213 -20.7288 -30
      vertex 96.3028 -25.8043 0
      vertex 96.3028 -25.8043 -30
    endloop
  endfacet
  facet normal -0.793353 0.608761 0
    outer loop
      vertex -80.659 58.6022 -30
      vertex -77.4815 62.7432 0
      vertex -77.4815 62.7432 -30
    endloop
  endfacet
  facet normal -0.793353 0.608761 0
    outer loop
      vertex -77.4815 62.7432 0
      vertex -80.659 58.6022 -30
      vertex -80.659 58.6022 0
    endloop
  endfacet
  facet normal -0.0784719 -0.996916 0
    outer loop
      vertex -10.4215 -99.1538 -30
      vertex -5.21789 -99.5634 0
      vertex -10.4215 -99.1538 0
    endloop
  endfacet
  facet normal -0.0784719 -0.996916 -0
    outer loop
      vertex -5.21789 -99.5634 0
      vertex -10.4215 -99.1538 -30
      vertex -5.21789 -99.5634 -30
    endloop
  endfacet
  facet normal 0.182233 0.983255 -0
    outer loop
      vertex 20.7288 97.5213 -30
      vertex 15.5965 98.4725 0
      vertex 20.7288 97.5213 0
    endloop
  endfacet
  facet normal 0.182233 0.983255 0
    outer loop
      vertex 15.5965 98.4725 0
      vertex 20.7288 97.5213 -30
      vertex 15.5965 98.4725 -30
    endloop
  endfacet
  facet normal -0.923877 -0.38269 0
    outer loop
      vertex -91.0805 -40.5516 -30
      vertex -93.078 -35.7293 0
      vertex -93.078 -35.7293 -30
    endloop
  endfacet
  facet normal -0.923877 -0.38269 0
    outer loop
      vertex -93.078 -35.7293 0
      vertex -91.0805 -40.5516 -30
      vertex -91.0805 -40.5516 0
    endloop
  endfacet
  facet normal 0.522489 0.852646 -0
    outer loop
      vertex 54.3005 83.6155 -30
      vertex 49.85 86.3427 0
      vertex 54.3005 83.6155 0
    endloop
  endfacet
  facet normal 0.522489 0.852646 0
    outer loop
      vertex 49.85 86.3427 0
      vertex 54.3005 83.6155 -30
      vertex 49.85 86.3427 -30
    endloop
  endfacet
  facet normal -0.0261702 -0.999658 0
    outer loop
      vertex -5.21789 -99.5634 -30
      vertex 0 -99.7 0
      vertex -5.21789 -99.5634 0
    endloop
  endfacet
  facet normal -0.0261702 -0.999658 -0
    outer loop
      vertex 0 -99.7 0
      vertex -5.21789 -99.5634 -30
      vertex 0 -99.7 -30
    endloop
  endfacet
  facet normal 0.972371 0.233442 0
    outer loop
      vertex 97.5213 20.7288 0
      vertex 96.3028 25.8043 -30
      vertex 96.3028 25.8043 0
    endloop
  endfacet
  facet normal 0.972371 0.233442 0
    outer loop
      vertex 96.3028 25.8043 -30
      vertex 97.5213 20.7288 0
      vertex 97.5213 20.7288 -30
    endloop
  endfacet
  facet normal 0.608761 -0.793353 0
    outer loop
      vertex 58.6022 -80.659 -30
      vertex 62.7432 -77.4815 0
      vertex 58.6022 -80.659 0
    endloop
  endfacet
  facet normal 0.608761 -0.793353 0
    outer loop
      vertex 62.7432 -77.4815 0
      vertex 58.6022 -80.659 -30
      vertex 62.7432 -77.4815 -30
    endloop
  endfacet
  facet normal -0.649456 -0.760399 0
    outer loop
      vertex -66.7123 -74.0915 -30
      vertex -62.7432 -77.4815 0
      vertex -66.7123 -74.0915 0
    endloop
  endfacet
  facet normal -0.649456 -0.760399 -0
    outer loop
      vertex -62.7432 -77.4815 0
      vertex -66.7123 -74.0915 -30
      vertex -62.7432 -77.4815 -30
    endloop
  endfacet
  facet normal 0.760399 0.649456 0
    outer loop
      vertex 77.4815 62.7432 0
      vertex 74.0915 66.7123 -30
      vertex 74.0915 66.7123 0
    endloop
  endfacet
  facet normal 0.760399 0.649456 0
    outer loop
      vertex 74.0915 66.7123 -30
      vertex 77.4815 62.7432 0
      vertex 77.4815 62.7432 -30
    endloop
  endfacet
  facet normal 0.130526 0.991445 -0
    outer loop
      vertex 15.5965 98.4725 -30
      vertex 10.4215 99.1538 0
      vertex 15.5965 98.4725 0
    endloop
  endfacet
  facet normal 0.130526 0.991445 0
    outer loop
      vertex 10.4215 99.1538 0
      vertex 15.5965 98.4725 -30
      vertex 10.4215 99.1538 -30
    endloop
  endfacet
  facet normal -0.991445 -0.130526 0
    outer loop
      vertex -98.4725 -15.5965 -30
      vertex -99.1538 -10.4215 0
      vertex -99.1538 -10.4215 -30
    endloop
  endfacet
  facet normal -0.991445 -0.130526 0
    outer loop
      vertex -99.1538 -10.4215 0
      vertex -98.4725 -15.5965 -30
      vertex -98.4725 -15.5965 0
    endloop
  endfacet
  facet normal -0.233442 -0.972371 0
    outer loop
      vertex -25.8043 -96.3028 -30
      vertex -20.7288 -97.5213 0
      vertex -25.8043 -96.3028 0
    endloop
  endfacet
  facet normal -0.233442 -0.972371 -0
    outer loop
      vertex -20.7288 -97.5213 0
      vertex -25.8043 -96.3028 -30
      vertex -20.7288 -97.5213 -30
    endloop
  endfacet
  facet normal 0.999658 -0.0261702 0
    outer loop
      vertex 99.5634 -5.21789 0
      vertex 99.7 0 -30
      vertex 99.7 0 0
    endloop
  endfacet
  facet normal 0.999658 -0.0261702 0
    outer loop
      vertex 99.7 0 -30
      vertex 99.5634 -5.21789 0
      vertex 99.5634 -5.21789 -30
    endloop
  endfacet
  facet normal 0.0784719 0.996916 -0
    outer loop
      vertex 10.4215 99.1538 -30
      vertex 5.21789 99.5634 0
      vertex 10.4215 99.1538 0
    endloop
  endfacet
  facet normal 0.0784719 0.996916 0
    outer loop
      vertex 5.21789 99.5634 0
      vertex 10.4215 99.1538 -30
      vertex 5.21789 99.5634 -30
    endloop
  endfacet
  facet normal 0.233442 0.972371 -0
    outer loop
      vertex 25.8043 96.3028 -30
      vertex 20.7288 97.5213 0
      vertex 25.8043 96.3028 0
    endloop
  endfacet
  facet normal 0.233442 0.972371 0
    outer loop
      vertex 20.7288 97.5213 0
      vertex 25.8043 96.3028 -30
      vertex 20.7288 97.5213 -30
    endloop
  endfacet
  facet normal -0.852646 -0.522489 0
    outer loop
      vertex -83.6155 -54.3005 -30
      vertex -86.3427 -49.85 0
      vertex -86.3427 -49.85 -30
    endloop
  endfacet
  facet normal -0.852646 -0.522489 0
    outer loop
      vertex -86.3427 -49.85 0
      vertex -83.6155 -54.3005 -30
      vertex -83.6155 -54.3005 0
    endloop
  endfacet
  facet normal 0.430499 0.902591 -0
    outer loop
      vertex 45.2629 88.8334 -30
      vertex 40.5516 91.0805 0
      vertex 45.2629 88.8334 0
    endloop
  endfacet
  facet normal 0.430499 0.902591 0
    outer loop
      vertex 40.5516 91.0805 0
      vertex 45.2629 88.8334 -30
      vertex 40.5516 91.0805 -30
    endloop
  endfacet
  facet normal 0.878808 0.477175 0
    outer loop
      vertex 88.8334 45.2629 0
      vertex 86.3427 49.85 -30
      vertex 86.3427 49.85 0
    endloop
  endfacet
  facet normal 0.878808 0.477175 0
    outer loop
      vertex 86.3427 49.85 -30
      vertex 88.8334 45.2629 0
      vertex 88.8334 45.2629 -30
    endloop
  endfacet
  facet normal 0.725371 0.688358 0
    outer loop
      vertex 74.0915 66.7123 0
      vertex 70.4985 70.4985 -30
      vertex 70.4985 70.4985 0
    endloop
  endfacet
  facet normal 0.725371 0.688358 0
    outer loop
      vertex 70.4985 70.4985 -30
      vertex 74.0915 66.7123 0
      vertex 74.0915 66.7123 -30
    endloop
  endfacet
  facet normal 0.0261702 0.999658 -0
    outer loop
      vertex 5.21789 99.5634 -30
      vertex 0 99.7 0
      vertex 5.21789 99.5634 0
    endloop
  endfacet
  facet normal 0.0261702 0.999658 0
    outer loop
      vertex 0 99.7 0
      vertex 5.21789 99.5634 -30
      vertex 0 99.7 -30
    endloop
  endfacet
  facet normal -0.760399 -0.649456 0
    outer loop
      vertex -74.0915 -66.7123 -30
      vertex -77.4815 -62.7432 0
      vertex -77.4815 -62.7432 -30
    endloop
  endfacet
  facet normal -0.760399 -0.649456 0
    outer loop
      vertex -77.4815 -62.7432 0
      vertex -74.0915 -66.7123 -30
      vertex -74.0915 -66.7123 0
    endloop
  endfacet
  facet normal 0.824124 0.566409 0
    outer loop
      vertex 83.6155 54.3005 0
      vertex 80.659 58.6022 -30
      vertex 80.659 58.6022 0
    endloop
  endfacet
  facet normal 0.824124 0.566409 0
    outer loop
      vertex 80.659 58.6022 -30
      vertex 83.6155 54.3005 0
      vertex 83.6155 54.3005 -30
    endloop
  endfacet
  facet normal -0.430499 0.902591 0
    outer loop
      vertex -40.5516 91.0805 -30
      vertex -45.2629 88.8334 0
      vertex -40.5516 91.0805 0
    endloop
  endfacet
  facet normal -0.430499 0.902591 0
    outer loop
      vertex -45.2629 88.8334 0
      vertex -40.5516 91.0805 -30
      vertex -45.2629 88.8334 -30
    endloop
  endfacet
  facet normal -0.522489 0.852646 0
    outer loop
      vertex -49.85 86.3427 -30
      vertex -54.3005 83.6155 0
      vertex -49.85 86.3427 0
    endloop
  endfacet
  facet normal -0.522489 0.852646 0
    outer loop
      vertex -54.3005 83.6155 0
      vertex -49.85 86.3427 -30
      vertex -54.3005 83.6155 -30
    endloop
  endfacet
  facet normal -0.824124 0.566409 0
    outer loop
      vertex -83.6155 54.3005 -30
      vertex -80.659 58.6022 0
      vertex -80.659 58.6022 -30
    endloop
  endfacet
  facet normal -0.824124 0.566409 0
    outer loop
      vertex -80.659 58.6022 0
      vertex -83.6155 54.3005 -30
      vertex -83.6155 54.3005 0
    endloop
  endfacet
  facet normal -0.0784719 0.996916 0
    outer loop
      vertex -5.21789 99.5634 -30
      vertex -10.4215 99.1538 0
      vertex -5.21789 99.5634 0
    endloop
  endfacet
  facet normal -0.0784719 0.996916 0
    outer loop
      vertex -10.4215 99.1538 0
      vertex -5.21789 99.5634 -30
      vertex -10.4215 99.1538 -30
    endloop
  endfacet
  facet normal 0.608761 0.793353 -0
    outer loop
      vertex 62.7432 77.4815 -30
      vertex 58.6022 80.659 0
      vertex 62.7432 77.4815 0
    endloop
  endfacet
  facet normal 0.608761 0.793353 0
    outer loop
      vertex 58.6022 80.659 0
      vertex 62.7432 77.4815 -30
      vertex 58.6022 80.659 -30
    endloop
  endfacet
  facet normal -0.130526 -0.991445 0
    outer loop
      vertex -15.5965 -98.4725 -30
      vertex -10.4215 -99.1538 0
      vertex -15.5965 -98.4725 0
    endloop
  endfacet
  facet normal -0.130526 -0.991445 -0
    outer loop
      vertex -10.4215 -99.1538 0
      vertex -15.5965 -98.4725 -30
      vertex -10.4215 -99.1538 -30
    endloop
  endfacet
  facet normal -0.284022 -0.958818 0
    outer loop
      vertex -30.809 -94.8203 -30
      vertex -25.8043 -96.3028 0
      vertex -30.809 -94.8203 0
    endloop
  endfacet
  facet normal -0.284022 -0.958818 -0
    outer loop
      vertex -25.8043 -96.3028 0
      vertex -30.809 -94.8203 -30
      vertex -25.8043 -96.3028 -30
    endloop
  endfacet
  facet normal -0.972371 0.233442 0
    outer loop
      vertex -97.5213 20.7288 -30
      vertex -96.3028 25.8043 0
      vertex -96.3028 25.8043 -30
    endloop
  endfacet
  facet normal -0.972371 0.233442 0
    outer loop
      vertex -96.3028 25.8043 0
      vertex -97.5213 20.7288 -30
      vertex -97.5213 20.7288 0
    endloop
  endfacet
  facet normal -0.130526 0.991445 0
    outer loop
      vertex -10.4215 99.1538 -30
      vertex -15.5965 98.4725 0
      vertex -10.4215 99.1538 0
    endloop
  endfacet
  facet normal -0.130526 0.991445 0
    outer loop
      vertex -15.5965 98.4725 0
      vertex -10.4215 99.1538 -30
      vertex -15.5965 98.4725 -30
    endloop
  endfacet
  facet normal -0.725371 0.688358 0
    outer loop
      vertex -74.0915 66.7123 -30
      vertex -70.4985 70.4985 0
      vertex -70.4985 70.4985 -30
    endloop
  endfacet
  facet normal -0.725371 0.688358 0
    outer loop
      vertex -70.4985 70.4985 0
      vertex -74.0915 66.7123 -30
      vertex -74.0915 66.7123 0
    endloop
  endfacet
  facet normal -0.608761 0.793353 0
    outer loop
      vertex -58.6022 80.659 -30
      vertex -62.7432 77.4815 0
      vertex -58.6022 80.659 0
    endloop
  endfacet
  facet normal -0.608761 0.793353 0
    outer loop
      vertex -62.7432 77.4815 0
      vertex -58.6022 80.659 -30
      vertex -62.7432 77.4815 -30
    endloop
  endfacet
  facet normal -0.522489 -0.852646 0
    outer loop
      vertex -54.3005 -83.6155 -30
      vertex -49.85 -86.3427 0
      vertex -54.3005 -83.6155 0
    endloop
  endfacet
  facet normal -0.522489 -0.852646 -0
    outer loop
      vertex -49.85 -86.3427 0
      vertex -54.3005 -83.6155 -30
      vertex -49.85 -86.3427 -30
    endloop
  endfacet
  facet normal -0.0261702 0.999658 0
    outer loop
      vertex 0 99.7 -30
      vertex -5.21789 99.5634 0
      vertex 0 99.7 0
    endloop
  endfacet
  facet normal -0.0261702 0.999658 0
    outer loop
      vertex -5.21789 99.5634 0
      vertex 0 99.7 -30
      vertex -5.21789 99.5634 -30
    endloop
  endfacet
  facet normal 0.284022 -0.958818 0
    outer loop
      vertex 25.8043 -96.3028 -30
      vertex 30.809 -94.8203 0
      vertex 25.8043 -96.3028 0
    endloop
  endfacet
  facet normal 0.284022 -0.958818 0
    outer loop
      vertex 30.809 -94.8203 0
      vertex 25.8043 -96.3028 -30
      vertex 30.809 -94.8203 -30
    endloop
  endfacet
  facet normal 0.130526 -0.991445 0
    outer loop
      vertex 10.4215 -99.1538 -30
      vertex 15.5965 -98.4725 0
      vertex 10.4215 -99.1538 0
    endloop
  endfacet
  facet normal 0.130526 -0.991445 0
    outer loop
      vertex 15.5965 -98.4725 0
      vertex 10.4215 -99.1538 -30
      vertex 15.5965 -98.4725 -30
    endloop
  endfacet
  facet normal -0.923877 0.38269 0
    outer loop
      vertex -93.078 35.7293 -30
      vertex -91.0805 40.5516 0
      vertex -91.0805 40.5516 -30
    endloop
  endfacet
  facet normal -0.923877 0.38269 0
    outer loop
      vertex -91.0805 40.5516 0
      vertex -93.078 35.7293 -30
      vertex -93.078 35.7293 0
    endloop
  endfacet
  facet normal 0.233442 -0.972371 0
    outer loop
      vertex 20.7288 -97.5213 -30
      vertex 25.8043 -96.3028 0
      vertex 20.7288 -97.5213 0
    endloop
  endfacet
  facet normal 0.233442 -0.972371 0
    outer loop
      vertex 25.8043 -96.3028 0
      vertex 20.7288 -97.5213 -30
      vertex 25.8043 -96.3028 -30
    endloop
  endfacet
  facet normal 0.824124 -0.566409 0
    outer loop
      vertex 80.659 -58.6022 0
      vertex 83.6155 -54.3005 -30
      vertex 83.6155 -54.3005 0
    endloop
  endfacet
  facet normal 0.824124 -0.566409 0
    outer loop
      vertex 83.6155 -54.3005 -30
      vertex 80.659 -58.6022 0
      vertex 80.659 -58.6022 -30
    endloop
  endfacet
  facet normal 0.688358 -0.725371 0
    outer loop
      vertex 66.7123 -74.0915 -30
      vertex 70.4985 -70.4985 0
      vertex 66.7123 -74.0915 0
    endloop
  endfacet
  facet normal 0.688358 -0.725371 0
    outer loop
      vertex 70.4985 -70.4985 0
      vertex 66.7123 -74.0915 -30
      vertex 70.4985 -70.4985 -30
    endloop
  endfacet
  facet normal 0.333795 0.942646 -0
    outer loop
      vertex 35.7293 93.078 -30
      vertex 30.809 94.8203 0
      vertex 35.7293 93.078 0
    endloop
  endfacet
  facet normal 0.333795 0.942646 0
    outer loop
      vertex 30.809 94.8203 0
      vertex 35.7293 93.078 -30
      vertex 30.809 94.8203 -30
    endloop
  endfacet
  facet normal 0.182233 -0.983255 0
    outer loop
      vertex 15.5965 -98.4725 -30
      vertex 20.7288 -97.5213 0
      vertex 15.5965 -98.4725 0
    endloop
  endfacet
  facet normal 0.182233 -0.983255 0
    outer loop
      vertex 20.7288 -97.5213 0
      vertex 15.5965 -98.4725 -30
      vertex 20.7288 -97.5213 -30
    endloop
  endfacet
  facet normal -0.760399 0.649456 0
    outer loop
      vertex -77.4815 62.7432 -30
      vertex -74.0915 66.7123 0
      vertex -74.0915 66.7123 -30
    endloop
  endfacet
  facet normal -0.760399 0.649456 0
    outer loop
      vertex -74.0915 66.7123 0
      vertex -77.4815 62.7432 -30
      vertex -77.4815 62.7432 0
    endloop
  endfacet
  facet normal 0.333795 -0.942646 0
    outer loop
      vertex 30.809 -94.8203 -30
      vertex 35.7293 -93.078 0
      vertex 30.809 -94.8203 0
    endloop
  endfacet
  facet normal 0.333795 -0.942646 0
    outer loop
      vertex 35.7293 -93.078 0
      vertex 30.809 -94.8203 -30
      vertex 35.7293 -93.078 -30
    endloop
  endfacet
  facet normal -0.688358 -0.725371 0
    outer loop
      vertex -70.4985 -70.4985 -30
      vertex -66.7123 -74.0915 0
      vertex -70.4985 -70.4985 0
    endloop
  endfacet
  facet normal -0.688358 -0.725371 -0
    outer loop
      vertex -66.7123 -74.0915 0
      vertex -70.4985 -70.4985 -30
      vertex -66.7123 -74.0915 -30
    endloop
  endfacet
  facet normal -0.566409 -0.824124 0
    outer loop
      vertex -58.6022 -80.659 -30
      vertex -54.3005 -83.6155 0
      vertex -58.6022 -80.659 0
    endloop
  endfacet
  facet normal -0.566409 -0.824124 -0
    outer loop
      vertex -54.3005 -83.6155 0
      vertex -58.6022 -80.659 -30
      vertex -54.3005 -83.6155 -30
    endloop
  endfacet
  facet normal -0.852646 0.522489 0
    outer loop
      vertex -86.3427 49.85 -30
      vertex -83.6155 54.3005 0
      vertex -83.6155 54.3005 -30
    endloop
  endfacet
  facet normal -0.852646 0.522489 0
    outer loop
      vertex -83.6155 54.3005 0
      vertex -86.3427 49.85 -30
      vertex -86.3427 49.85 0
    endloop
  endfacet
  facet normal -0.333795 -0.942646 0
    outer loop
      vertex -35.7293 -93.078 -30
      vertex -30.809 -94.8203 0
      vertex -35.7293 -93.078 0
    endloop
  endfacet
  facet normal -0.333795 -0.942646 -0
    outer loop
      vertex -30.809 -94.8203 0
      vertex -35.7293 -93.078 -30
      vertex -30.809 -94.8203 -30
    endloop
  endfacet
  facet normal -0.566409 0.824124 0
    outer loop
      vertex -54.3005 83.6155 -30
      vertex -58.6022 80.659 0
      vertex -54.3005 83.6155 0
    endloop
  endfacet
  facet normal -0.566409 0.824124 0
    outer loop
      vertex -58.6022 80.659 0
      vertex -54.3005 83.6155 -30
      vertex -58.6022 80.659 -30
    endloop
  endfacet
  facet normal 0.38269 0.923877 -0
    outer loop
      vertex 40.5516 91.0805 -30
      vertex 35.7293 93.078 0
      vertex 40.5516 91.0805 0
    endloop
  endfacet
  facet normal 0.38269 0.923877 0
    outer loop
      vertex 35.7293 93.078 0
      vertex 40.5516 91.0805 -30
      vertex 35.7293 93.078 -30
    endloop
  endfacet
  facet normal -0.999658 0.0261702 0
    outer loop
      vertex -99.7 0 -30
      vertex -99.5634 5.21789 0
      vertex -99.5634 5.21789 -30
    endloop
  endfacet
  facet normal -0.999658 0.0261702 0
    outer loop
      vertex -99.5634 5.21789 0
      vertex -99.7 0 -30
      vertex -99.7 0 0
    endloop
  endfacet
  facet normal -0.233442 0.972371 0
    outer loop
      vertex -20.7288 97.5213 -30
      vertex -25.8043 96.3028 0
      vertex -20.7288 97.5213 0
    endloop
  endfacet
  facet normal -0.233442 0.972371 0
    outer loop
      vertex -25.8043 96.3028 0
      vertex -20.7288 97.5213 -30
      vertex -25.8043 96.3028 -30
    endloop
  endfacet
  facet normal -0.983255 0.182233 0
    outer loop
      vertex -98.4725 15.5965 -30
      vertex -97.5213 20.7288 0
      vertex -97.5213 20.7288 -30
    endloop
  endfacet
  facet normal -0.983255 0.182233 0
    outer loop
      vertex -97.5213 20.7288 0
      vertex -98.4725 15.5965 -30
      vertex -98.4725 15.5965 0
    endloop
  endfacet
  facet normal -0.991445 0.130526 0
    outer loop
      vertex -99.1538 10.4215 -30
      vertex -98.4725 15.5965 0
      vertex -98.4725 15.5965 -30
    endloop
  endfacet
  facet normal -0.991445 0.130526 0
    outer loop
      vertex -98.4725 15.5965 0
      vertex -99.1538 10.4215 -30
      vertex -99.1538 10.4215 0
    endloop
  endfacet
  facet normal -0.477175 -0.878808 0
    outer loop
      vertex -49.85 -86.3427 -30
      vertex -45.2629 -88.8334 0
      vertex -49.85 -86.3427 0
    endloop
  endfacet
  facet normal -0.477175 -0.878808 -0
    outer loop
      vertex -45.2629 -88.8334 0
      vertex -49.85 -86.3427 -30
      vertex -45.2629 -88.8334 -30
    endloop
  endfacet
  facet normal -0.284022 0.958818 0
    outer loop
      vertex -25.8043 96.3028 -30
      vertex -30.809 94.8203 0
      vertex -25.8043 96.3028 0
    endloop
  endfacet
  facet normal -0.284022 0.958818 0
    outer loop
      vertex -30.809 94.8203 0
      vertex -25.8043 96.3028 -30
      vertex -30.809 94.8203 -30
    endloop
  endfacet
  facet normal -0.902591 -0.430499 0
    outer loop
      vertex -88.8334 -45.2629 -30
      vertex -91.0805 -40.5516 0
      vertex -91.0805 -40.5516 -30
    endloop
  endfacet
  facet normal -0.902591 -0.430499 0
    outer loop
      vertex -91.0805 -40.5516 0
      vertex -88.8334 -45.2629 -30
      vertex -88.8334 -45.2629 0
    endloop
  endfacet
  facet normal -0.430499 -0.902591 0
    outer loop
      vertex -45.2629 -88.8334 -30
      vertex -40.5516 -91.0805 0
      vertex -45.2629 -88.8334 0
    endloop
  endfacet
  facet normal -0.430499 -0.902591 -0
    outer loop
      vertex -40.5516 -91.0805 0
      vertex -45.2629 -88.8334 -30
      vertex -40.5516 -91.0805 -30
    endloop
  endfacet
  facet normal -0.958818 -0.284022 0
    outer loop
      vertex -94.8203 -30.809 -30
      vertex -96.3028 -25.8043 0
      vertex -96.3028 -25.8043 -30
    endloop
  endfacet
  facet normal -0.958818 -0.284022 0
    outer loop
      vertex -96.3028 -25.8043 0
      vertex -94.8203 -30.809 -30
      vertex -94.8203 -30.809 0
    endloop
  endfacet
  facet normal 0.923877 -0.38269 0
    outer loop
      vertex 91.0805 -40.5516 0
      vertex 93.078 -35.7293 -30
      vertex 93.078 -35.7293 0
    endloop
  endfacet
  facet normal 0.923877 -0.38269 0
    outer loop
      vertex 93.078 -35.7293 -30
      vertex 91.0805 -40.5516 0
      vertex 91.0805 -40.5516 -30
    endloop
  endfacet
  facet normal 0.942646 -0.333795 0
    outer loop
      vertex 93.078 -35.7293 0
      vertex 94.8203 -30.809 -30
      vertex 94.8203 -30.809 0
    endloop
  endfacet
  facet normal 0.942646 -0.333795 0
    outer loop
      vertex 94.8203 -30.809 -30
      vertex 93.078 -35.7293 0
      vertex 93.078 -35.7293 -30
    endloop
  endfacet
  facet normal -0.477175 0.878808 0
    outer loop
      vertex -45.2629 88.8334 -30
      vertex -49.85 86.3427 0
      vertex -45.2629 88.8334 0
    endloop
  endfacet
  facet normal -0.477175 0.878808 0
    outer loop
      vertex -49.85 86.3427 0
      vertex -45.2629 88.8334 -30
      vertex -49.85 86.3427 -30
    endloop
  endfacet
  facet normal -0.608761 -0.793353 0
    outer loop
      vertex -62.7432 -77.4815 -30
      vertex -58.6022 -80.659 0
      vertex -62.7432 -77.4815 0
    endloop
  endfacet
  facet normal -0.608761 -0.793353 -0
    outer loop
      vertex -58.6022 -80.659 0
      vertex -62.7432 -77.4815 -30
      vertex -58.6022 -80.659 -30
    endloop
  endfacet
  facet normal 0.996918 0.0784451 0
    outer loop
      vertex 89.6769 4.69977 15
      vertex 89.3081 9.38666 0
      vertex 89.3081 9.38666 15
    endloop
  endfacet
  facet normal 0.996918 0.0784451 0
    outer loop
      vertex 89.3081 9.38666 0
      vertex 89.6769 4.69977 15
      vertex 89.6769 4.69977 0
    endloop
  endfacet
  facet normal 0.999657 0.0261838 0
    outer loop
      vertex 89.8 0 15
      vertex 89.6769 4.69977 0
      vertex 89.6769 4.69977 15
    endloop
  endfacet
  facet normal 0.999657 0.0261838 0
    outer loop
      vertex 89.6769 4.69977 0
      vertex 89.8 0 15
      vertex 89.8 0 0
    endloop
  endfacet
  facet normal 0.991444 0.130536 0
    outer loop
      vertex 89.3081 9.38666 15
      vertex 88.6944 14.0478 0
      vertex 88.6944 14.0478 15
    endloop
  endfacet
  facet normal 0.991444 0.130536 0
    outer loop
      vertex 88.6944 14.0478 0
      vertex 89.3081 9.38666 15
      vertex 89.3081 9.38666 0
    endloop
  endfacet
  facet normal -0.522503 -0.852638 0
    outer loop
      vertex -48.9086 -75.3126 0
      vertex -44.9 -77.7691 15
      vertex -48.9086 -75.3126 15
    endloop
  endfacet
  facet normal -0.522503 -0.852638 -0
    outer loop
      vertex -44.9 -77.7691 15
      vertex -48.9086 -75.3126 0
      vertex -44.9 -77.7691 0
    endloop
  endfacet
  facet normal 0.87882 -0.477154 0
    outer loop
      vertex 77.7691 -44.9 15
      vertex 80.0124 -40.7683 0
      vertex 80.0124 -40.7683 15
    endloop
  endfacet
  facet normal 0.87882 -0.477154 0
    outer loop
      vertex 80.0124 -40.7683 0
      vertex 77.7691 -44.9 15
      vertex 77.7691 -44.9 0
    endloop
  endfacet
  facet normal 0.760401 0.649454 0
    outer loop
      vertex 69.7877 56.513 15
      vertex 66.7344 60.0879 0
      vertex 66.7344 60.0879 15
    endloop
  endfacet
  facet normal 0.760401 0.649454 0
    outer loop
      vertex 66.7344 60.0879 0
      vertex 69.7877 56.513 15
      vertex 69.7877 56.513 0
    endloop
  endfacet
  facet normal 0.608754 0.793359 -0
    outer loop
      vertex 56.513 69.7877 0
      vertex 52.7831 72.6497 15
      vertex 56.513 69.7877 15
    endloop
  endfacet
  facet normal 0.608754 0.793359 0
    outer loop
      vertex 52.7831 72.6497 15
      vertex 56.513 69.7877 0
      vertex 52.7831 72.6497 0
    endloop
  endfacet
  facet normal -0.991444 0.130536 0
    outer loop
      vertex -89.3081 9.38666 0
      vertex -88.6944 14.0478 15
      vertex -88.6944 14.0478 0
    endloop
  endfacet
  facet normal -0.991444 0.130536 0
    outer loop
      vertex -88.6944 14.0478 15
      vertex -89.3081 9.38666 0
      vertex -89.3081 9.38666 15
    endloop
  endfacet
  facet normal 0.793359 0.608754 0
    outer loop
      vertex 72.6497 52.7831 15
      vertex 69.7877 56.513 0
      vertex 69.7877 56.513 15
    endloop
  endfacet
  facet normal 0.793359 0.608754 0
    outer loop
      vertex 69.7877 56.513 0
      vertex 72.6497 52.7831 15
      vertex 72.6497 52.7831 0
    endloop
  endfacet
  facet normal 0.923882 0.382677 0
    outer loop
      vertex 83.8355 32.1814 15
      vertex 82.0364 36.5249 0
      vertex 82.0364 36.5249 15
    endloop
  endfacet
  facet normal 0.923882 0.382677 0
    outer loop
      vertex 82.0364 36.5249 0
      vertex 83.8355 32.1814 15
      vertex 83.8355 32.1814 0
    endloop
  endfacet
  facet normal 0.760401 -0.649454 0
    outer loop
      vertex 66.7344 -60.0879 15
      vertex 69.7877 -56.513 0
      vertex 69.7877 -56.513 15
    endloop
  endfacet
  facet normal 0.760401 -0.649454 0
    outer loop
      vertex 69.7877 -56.513 0
      vertex 66.7344 -60.0879 15
      vertex 66.7344 -60.0879 0
    endloop
  endfacet
  facet normal -0.233461 -0.972366 0
    outer loop
      vertex -23.242 -86.7401 0
      vertex -18.6705 -87.8377 15
      vertex -23.242 -86.7401 15
    endloop
  endfacet
  facet normal -0.233461 -0.972366 -0
    outer loop
      vertex -18.6705 -87.8377 15
      vertex -23.242 -86.7401 0
      vertex -18.6705 -87.8377 0
    endloop
  endfacet
  facet normal -0.902585 -0.430511 0
    outer loop
      vertex -80.0124 -40.7683 0
      vertex -82.0364 -36.5249 15
      vertex -82.0364 -36.5249 0
    endloop
  endfacet
  facet normal -0.902585 -0.430511 0
    outer loop
      vertex -82.0364 -36.5249 15
      vertex -80.0124 -40.7683 0
      vertex -80.0124 -40.7683 15
    endloop
  endfacet
  facet normal 0.902585 -0.430511 0
    outer loop
      vertex 80.0124 -40.7683 15
      vertex 82.0364 -36.5249 0
      vertex 82.0364 -36.5249 15
    endloop
  endfacet
  facet normal 0.902585 -0.430511 0
    outer loop
      vertex 82.0364 -36.5249 0
      vertex 80.0124 -40.7683 15
      vertex 80.0124 -40.7683 0
    endloop
  endfacet
  facet normal -0.130536 0.991444 0
    outer loop
      vertex -9.38666 89.3081 0
      vertex -14.0478 88.6944 15
      vertex -9.38666 89.3081 15
    endloop
  endfacet
  facet normal -0.130536 0.991444 0
    outer loop
      vertex -14.0478 88.6944 15
      vertex -9.38666 89.3081 0
      vertex -14.0478 88.6944 0
    endloop
  endfacet
  facet normal 0.382677 -0.923882 0
    outer loop
      vertex 32.1814 -83.8355 0
      vertex 36.5249 -82.0364 15
      vertex 32.1814 -83.8355 15
    endloop
  endfacet
  facet normal 0.382677 -0.923882 0
    outer loop
      vertex 36.5249 -82.0364 15
      vertex 32.1814 -83.8355 0
      vertex 36.5249 -82.0364 0
    endloop
  endfacet
  facet normal -0.958822 0.284007 0
    outer loop
      vertex -86.7401 23.242 0
      vertex -85.4049 27.7497 15
      vertex -85.4049 27.7497 0
    endloop
  endfacet
  facet normal -0.958822 0.284007 0
    outer loop
      vertex -85.4049 27.7497 15
      vertex -86.7401 23.242 0
      vertex -86.7401 23.242 15
    endloop
  endfacet
  facet normal -0.430511 -0.902585 0
    outer loop
      vertex -40.7683 -80.0124 0
      vertex -36.5249 -82.0364 15
      vertex -40.7683 -80.0124 15
    endloop
  endfacet
  facet normal -0.430511 -0.902585 -0
    outer loop
      vertex -36.5249 -82.0364 15
      vertex -40.7683 -80.0124 0
      vertex -36.5249 -82.0364 0
    endloop
  endfacet
  facet normal 0.0261838 -0.999657 0
    outer loop
      vertex 0 -89.8 0
      vertex 4.69977 -89.6769 15
      vertex 0 -89.8 15
    endloop
  endfacet
  facet normal 0.0261838 -0.999657 0
    outer loop
      vertex 4.69977 -89.6769 15
      vertex 0 -89.8 0
      vertex 4.69977 -89.6769 0
    endloop
  endfacet
  facet normal 0.0784451 -0.996918 0
    outer loop
      vertex 4.69977 -89.6769 0
      vertex 9.38666 -89.3081 15
      vertex 4.69977 -89.6769 15
    endloop
  endfacet
  facet normal 0.0784451 -0.996918 0
    outer loop
      vertex 9.38666 -89.3081 15
      vertex 4.69977 -89.6769 0
      vertex 9.38666 -89.3081 0
    endloop
  endfacet
  facet normal -0.688349 0.72538 0
    outer loop
      vertex -60.0879 66.7344 0
      vertex -63.4982 63.4982 15
      vertex -60.0879 66.7344 15
    endloop
  endfacet
  facet normal -0.688349 0.72538 0
    outer loop
      vertex -63.4982 63.4982 15
      vertex -60.0879 66.7344 0
      vertex -63.4982 63.4982 0
    endloop
  endfacet
  facet normal 0.902585 0.430511 0
    outer loop
      vertex 82.0364 36.5249 15
      vertex 80.0124 40.7683 0
      vertex 80.0124 40.7683 15
    endloop
  endfacet
  facet normal 0.902585 0.430511 0
    outer loop
      vertex 80.0124 40.7683 0
      vertex 82.0364 36.5249 15
      vertex 82.0364 36.5249 0
    endloop
  endfacet
  facet normal 0 0 1
    outer loop
      vertex 50 5 15
      vertex 89.8 0 15
      vertex 89.6769 4.69977 15
    endloop
  endfacet
  facet normal -0 0 1
    outer loop
      vertex 50 5 15
      vertex 89.6769 4.69977 15
      vertex 89.3081 9.38666 15
    endloop
  endfacet
  facet normal 0 0 1
    outer loop
      vertex 50 -5 15
      vertex 89.8 0 15
      vertex 50 5 15
    endloop
  endfacet
  facet normal 0 0 1
    outer loop
      vertex 50 5 15
      vertex 89.3081 9.38666 15
      vertex 88.6944 14.0478 15
    endloop
  endfacet
  facet normal 0 0 1
    outer loop
      vertex 89.8 0 15
      vertex 50 -5 15
      vertex 89.6769 -4.69977 15
    endloop
  endfacet
  facet normal 0 0 1
    outer loop
      vertex 50 5 15
      vertex 88.6944 14.0478 15
      vertex 87.8377 18.6705 15
    endloop
  endfacet
  facet normal 0 0 1
    outer loop
      vertex 89.6769 -4.69977 15
      vertex 50 -5 15
      vertex 89.3081 -9.38666 15
    endloop
  endfacet
  facet normal 0 0 1
    outer loop
      vertex 50 5 15
      vertex 87.8377 18.6705 15
      vertex 86.7401 23.242 15
    endloop
  endfacet
  facet normal 0 0 1
    outer loop
      vertex 89.3081 -9.38666 15
      vertex 50 -5 15
      vertex 88.6944 -14.0478 15
    endloop
  endfacet
  facet normal 0 0 1
    outer loop
      vertex 50 5 15
      vertex 86.7401 23.242 15
      vertex 85.4049 27.7497 15
    endloop
  endfacet
  facet normal 0 0 1
    outer loop
      vertex 88.6944 -14.0478 15
      vertex 50 -5 15
      vertex 87.8377 -18.6705 15
    endloop
  endfacet
  facet normal 0 0 1
    outer loop
      vertex 50 5 15
      vertex 85.4049 27.7497 15
      vertex 83.8355 32.1814 15
    endloop
  endfacet
  facet normal 0 0 1
    outer loop
      vertex 87.8377 -18.6705 15
      vertex 50 -5 15
      vertex 86.7401 -23.242 15
    endloop
  endfacet
  facet normal 0 0 1
    outer loop
      vertex 50 5 15
      vertex 83.8355 32.1814 15
      vertex 82.0364 36.5249 15
    endloop
  endfacet
  facet normal 0 0 1
    outer loop
      vertex 86.7401 -23.242 15
      vertex 50 -5 15
      vertex 85.4049 -27.7497 15
    endloop
  endfacet
  facet normal 0 0 1
    outer loop
      vertex 50 5 15
      vertex 82.0364 36.5249 15
      vertex 80.0124 40.7683 15
    endloop
  endfacet
  facet normal 0 0 1
    outer loop
      vertex 85.4049 -27.7497 15
      vertex 50 -5 15
      vertex 83.8355 -32.1814 15
    endloop
  endfacet
  facet normal 0 0 1
    outer loop
      vertex 50 5 15
      vertex 80.0124 40.7683 15
      vertex 77.7691 44.9 15
    endloop
  endfacet
  facet normal 0 0 1
    outer loop
      vertex 83.8355 -32.1814 15
      vertex 50 -5 15
      vertex 82.0364 -36.5249 15
    endloop
  endfacet
  facet normal 0 0 1
    outer loop
      vertex 50 5 15
      vertex 77.7691 44.9 15
      vertex 75.3126 48.9086 15
    endloop
  endfacet
  facet normal 0 0 1
    outer loop
      vertex 82.0364 -36.5249 15
      vertex 50 -5 15
      vertex 80.0124 -40.7683 15
    endloop
  endfacet
  facet normal 0 0 1
    outer loop
      vertex 50 5 15
      vertex 75.3126 48.9086 15
      vertex 72.6497 52.7831 15
    endloop
  endfacet
  facet normal 0 0 1
    outer loop
      vertex 80.0124 -40.7683 15
      vertex 50 -5 15
      vertex 77.7691 -44.9 15
    endloop
  endfacet
  facet normal 0 0 1
    outer loop
      vertex 50 5 15
      vertex 72.6497 52.7831 15
      vertex 69.7877 56.513 15
    endloop
  endfacet
  facet normal 0 0 1
    outer loop
      vertex 77.7691 -44.9 15
      vertex 50 -5 15
      vertex 75.3126 -48.9086 15
    endloop
  endfacet
  facet normal 0 0 1
    outer loop
      vertex 50 5 15
      vertex 69.7877 56.513 15
      vertex 66.7344 60.0879 15
    endloop
  endfacet
  facet normal 0 0 1
    outer loop
      vertex 75.3126 -48.9086 15
      vertex 50 -5 15
      vertex 72.6497 -52.7831 15
    endloop
  endfacet
  facet normal 0 0 1
    outer loop
      vertex 50 5 15
      vertex 66.7344 60.0879 15
      vertex 63.4982 63.4982 15
    endloop
  endfacet
  facet normal 0 0 1
    outer loop
      vertex 72.6497 -52.7831 15
      vertex 50 -5 15
      vertex 69.7877 -56.513 15
    endloop
  endfacet
  facet normal 0 0 1
    outer loop
      vertex 50 5 15
      vertex 63.4982 63.4982 15
      vertex 60.0879 66.7344 15
    endloop
  endfacet
  facet normal 0 0 1
    outer loop
      vertex 69.7877 -56.513 15
      vertex 50 -5 15
      vertex 66.7344 -60.0879 15
    endloop
  endfacet
  facet normal 0 0 1
    outer loop
      vertex 50 5 15
      vertex 60.0879 66.7344 15
      vertex 56.513 69.7877 15
    endloop
  endfacet
  facet normal 0 0 1
    outer loop
      vertex 66.7344 -60.0879 15
      vertex 50 -5 15
      vertex 63.4982 -63.4982 15
    endloop
  endfacet
  facet normal 0 0 1
    outer loop
      vertex 50 5 15
      vertex 56.513 69.7877 15
      vertex 52.7831 72.6497 15
    endloop
  endfacet
  facet normal 0 0 1
    outer loop
      vertex 63.4982 -63.4982 15
      vertex 50 -5 15
      vertex 60.0879 -66.7344 15
    endloop
  endfacet
  facet normal 0 0 1
    outer loop
      vertex 60.0879 -66.7344 15
      vertex 50 -5 15
      vertex 56.513 -69.7877 15
    endloop
  endfacet
  facet normal 0 0 1
    outer loop
      vertex 48.9086 75.3126 15
      vertex 50 5 15
      vertex 52.7831 72.6497 15
    endloop
  endfacet
  facet normal 0 0 1
    outer loop
      vertex 44.9 77.7691 15
      vertex 50 5 15
      vertex 48.9086 75.3126 15
    endloop
  endfacet
  facet normal 0 0 1
    outer loop
      vertex 40.7683 80.0124 15
      vertex 50 5 15
      vertex 44.9 77.7691 15
    endloop
  endfacet
  facet normal 0 0 1
    outer loop
      vertex 36.5249 82.0364 15
      vertex 50 5 15
      vertex 40.7683 80.0124 15
    endloop
  endfacet
  facet normal 0 0 1
    outer loop
      vertex 32.1814 83.8355 15
      vertex 50 5 15
      vertex 36.5249 82.0364 15
    endloop
  endfacet
  facet normal 0 0 1
    outer loop
      vertex 27.7497 85.4049 15
      vertex 50 5 15
      vertex 32.1814 83.8355 15
    endloop
  endfacet
  facet normal 0 0 1
    outer loop
      vertex 23.242 86.7401 15
      vertex 50 5 15
      vertex 27.7497 85.4049 15
    endloop
  endfacet
  facet normal 0 0 1
    outer loop
      vertex 18.6705 87.8377 15
      vertex 50 5 15
      vertex 23.242 86.7401 15
    endloop
  endfacet
  facet normal 0 0 1
    outer loop
      vertex 14.0478 88.6944 15
      vertex 50 5 15
      vertex 18.6705 87.8377 15
    endloop
  endfacet
  facet normal 0 0 1
    outer loop
      vertex 9.38666 89.3081 15
      vertex 50 5 15
      vertex 14.0478 88.6944 15
    endloop
  endfacet
  facet normal 0 0 1
    outer loop
      vertex 4.69977 89.6769 15
      vertex 50 5 15
      vertex 9.38666 89.3081 15
    endloop
  endfacet
  facet normal 0 0 1
    outer loop
      vertex 0 89.8 15
      vertex 50 5 15
      vertex 4.69977 89.6769 15
    endloop
  endfacet
  facet normal 0 0 1
    outer loop
      vertex -50 5 15
      vertex 0 89.8 15
      vertex -4.69977 89.6769 15
    endloop
  endfacet
  facet normal 0 0 1
    outer loop
      vertex -50 5 15
      vertex -4.69977 89.6769 15
      vertex -9.38666 89.3081 15
    endloop
  endfacet
  facet normal 0 0 1
    outer loop
      vertex -50 5 15
      vertex -9.38666 89.3081 15
      vertex -14.0478 88.6944 15
    endloop
  endfacet
  facet normal 0 0 1
    outer loop
      vertex -50 5 15
      vertex -14.0478 88.6944 15
      vertex -18.6705 87.8377 15
    endloop
  endfacet
  facet normal 0 0 1
    outer loop
      vertex -50 5 15
      vertex -18.6705 87.8377 15
      vertex -23.242 86.7401 15
    endloop
  endfacet
  facet normal 0 0 1
    outer loop
      vertex -50 5 15
      vertex -23.242 86.7401 15
      vertex -27.7497 85.4049 15
    endloop
  endfacet
  facet normal 0 0 1
    outer loop
      vertex -50 5 15
      vertex -27.7497 85.4049 15
      vertex -32.1814 83.8355 15
    endloop
  endfacet
  facet normal 0 0 1
    outer loop
      vertex -50 5 15
      vertex -32.1814 83.8355 15
      vertex -36.5249 82.0364 15
    endloop
  endfacet
  facet normal 0 0 1
    outer loop
      vertex -50 5 15
      vertex -36.5249 82.0364 15
      vertex -40.7683 80.0124 15
    endloop
  endfacet
  facet normal 0 0 1
    outer loop
      vertex -50 5 15
      vertex -40.7683 80.0124 15
      vertex -44.9 77.7691 15
    endloop
  endfacet
  facet normal 0 0 1
    outer loop
      vertex -50 5 15
      vertex -44.9 77.7691 15
      vertex -48.9086 75.3126 15
    endloop
  endfacet
  facet normal 0 0 1
    outer loop
      vertex 0 89.8 15
      vertex -50 5 15
      vertex 50 5 15
    endloop
  endfacet
  facet normal -0 0 1
    outer loop
      vertex -56.513 69.7877 15
      vertex -50 5 15
      vertex -52.7831 72.6497 15
    endloop
  endfacet
  facet normal -0 0 1
    outer loop
      vertex -52.7831 72.6497 15
      vertex -50 5 15
      vertex -48.9086 75.3126 15
    endloop
  endfacet
  facet normal 0 0 1
    outer loop
      vertex 56.513 -69.7877 15
      vertex 50 -5 15
      vertex 52.7831 -72.6497 15
    endloop
  endfacet
  facet normal 0 0 1
    outer loop
      vertex 50 -5 15
      vertex 48.9086 -75.3126 15
      vertex 52.7831 -72.6497 15
    endloop
  endfacet
  facet normal 0 0 1
    outer loop
      vertex 50 -5 15
      vertex 44.9 -77.7691 15
      vertex 48.9086 -75.3126 15
    endloop
  endfacet
  facet normal 0 0 1
    outer loop
      vertex 50 -5 15
      vertex 40.7683 -80.0124 15
      vertex 44.9 -77.7691 15
    endloop
  endfacet
  facet normal 0 0 1
    outer loop
      vertex 50 -5 15
      vertex 36.5249 -82.0364 15
      vertex 40.7683 -80.0124 15
    endloop
  endfacet
  facet normal 0 0 1
    outer loop
      vertex 50 -5 15
      vertex 32.1814 -83.8355 15
      vertex 36.5249 -82.0364 15
    endloop
  endfacet
  facet normal 0 0 1
    outer loop
      vertex 50 -5 15
      vertex 27.7497 -85.4049 15
      vertex 32.1814 -83.8355 15
    endloop
  endfacet
  facet normal 0 0 1
    outer loop
      vertex 50 -5 15
      vertex 23.242 -86.7401 15
      vertex 27.7497 -85.4049 15
    endloop
  endfacet
  facet normal 0 0 1
    outer loop
      vertex 50 -5 15
      vertex 18.6705 -87.8377 15
      vertex 23.242 -86.7401 15
    endloop
  endfacet
  facet normal 0 0 1
    outer loop
      vertex 50 -5 15
      vertex 14.0478 -88.6944 15
      vertex 18.6705 -87.8377 15
    endloop
  endfacet
  facet normal 0 0 1
    outer loop
      vertex 50 -5 15
      vertex 9.38666 -89.3081 15
      vertex 14.0478 -88.6944 15
    endloop
  endfacet
  facet normal 0 0 1
    outer loop
      vertex 50 -5 15
      vertex 4.69977 -89.6769 15
      vertex 9.38666 -89.3081 15
    endloop
  endfacet
  facet normal 0 0 1
    outer loop
      vertex 50 -5 15
      vertex 0 -89.8 15
      vertex 4.69977 -89.6769 15
    endloop
  endfacet
  facet normal -0 0 1
    outer loop
      vertex -50 -5 15
      vertex 0 -89.8 15
      vertex 50 -5 15
    endloop
  endfacet
  facet normal 0 0 1
    outer loop
      vertex 0 -89.8 15
      vertex -50 -5 15
      vertex -4.69977 -89.6769 15
    endloop
  endfacet
  facet normal 0 0 1
    outer loop
      vertex -4.69977 -89.6769 15
      vertex -50 -5 15
      vertex -9.38666 -89.3081 15
    endloop
  endfacet
  facet normal 0 0 1
    outer loop
      vertex -9.38666 -89.3081 15
      vertex -50 -5 15
      vertex -14.0478 -88.6944 15
    endloop
  endfacet
  facet normal 0 0 1
    outer loop
      vertex -14.0478 -88.6944 15
      vertex -50 -5 15
      vertex -18.6705 -87.8377 15
    endloop
  endfacet
  facet normal 0 0 1
    outer loop
      vertex -18.6705 -87.8377 15
      vertex -50 -5 15
      vertex -23.242 -86.7401 15
    endloop
  endfacet
  facet normal 0 0 1
    outer loop
      vertex -23.242 -86.7401 15
      vertex -50 -5 15
      vertex -27.7497 -85.4049 15
    endloop
  endfacet
  facet normal 0 0 1
    outer loop
      vertex -27.7497 -85.4049 15
      vertex -50 -5 15
      vertex -32.1814 -83.8355 15
    endloop
  endfacet
  facet normal 0 0 1
    outer loop
      vertex -32.1814 -83.8355 15
      vertex -50 -5 15
      vertex -36.5249 -82.0364 15
    endloop
  endfacet
  facet normal 0 0 1
    outer loop
      vertex -36.5249 -82.0364 15
      vertex -50 -5 15
      vertex -40.7683 -80.0124 15
    endloop
  endfacet
  facet normal 0 0 1
    outer loop
      vertex -40.7683 -80.0124 15
      vertex -50 -5 15
      vertex -44.9 -77.7691 15
    endloop
  endfacet
  facet normal 0 0 1
    outer loop
      vertex -44.9 -77.7691 15
      vertex -50 -5 15
      vertex -48.9086 -75.3126 15
    endloop
  endfacet
  facet normal -0 0 1
    outer loop
      vertex -60.0879 66.7344 15
      vertex -50 5 15
      vertex -56.513 69.7877 15
    endloop
  endfacet
  facet normal 0 0 1
    outer loop
      vertex -50 -5 15
      vertex -52.7831 -72.6497 15
      vertex -48.9086 -75.3126 15
    endloop
  endfacet
  facet normal -0 0 1
    outer loop
      vertex -63.4982 63.4982 15
      vertex -50 5 15
      vertex -60.0879 66.7344 15
    endloop
  endfacet
  facet normal 0 0 1
    outer loop
      vertex -50 -5 15
      vertex -56.513 -69.7877 15
      vertex -52.7831 -72.6497 15
    endloop
  endfacet
  facet normal -0 0 1
    outer loop
      vertex -66.7344 60.0879 15
      vertex -50 5 15
      vertex -63.4982 63.4982 15
    endloop
  endfacet
  facet normal 0 0 1
    outer loop
      vertex -50 -5 15
      vertex -60.0879 -66.7344 15
      vertex -56.513 -69.7877 15
    endloop
  endfacet
  facet normal -0 0 1
    outer loop
      vertex -69.7877 56.513 15
      vertex -50 5 15
      vertex -66.7344 60.0879 15
    endloop
  endfacet
  facet normal 0 0 1
    outer loop
      vertex -50 -5 15
      vertex -63.4982 -63.4982 15
      vertex -60.0879 -66.7344 15
    endloop
  endfacet
  facet normal -0 0 1
    outer loop
      vertex -72.6497 52.7831 15
      vertex -50 5 15
      vertex -69.7877 56.513 15
    endloop
  endfacet
  facet normal 0 0 1
    outer loop
      vertex -50 -5 15
      vertex -66.7344 -60.0879 15
      vertex -63.4982 -63.4982 15
    endloop
  endfacet
  facet normal -0 0 1
    outer loop
      vertex -75.3126 48.9086 15
      vertex -50 5 15
      vertex -72.6497 52.7831 15
    endloop
  endfacet
  facet normal 0 0 1
    outer loop
      vertex -50 -5 15
      vertex -69.7877 -56.513 15
      vertex -66.7344 -60.0879 15
    endloop
  endfacet
  facet normal -0 0 1
    outer loop
      vertex -77.7691 44.9 15
      vertex -50 5 15
      vertex -75.3126 48.9086 15
    endloop
  endfacet
  facet normal 0 0 1
    outer loop
      vertex -50 -5 15
      vertex -72.6497 -52.7831 15
      vertex -69.7877 -56.513 15
    endloop
  endfacet
  facet normal -0 0 1
    outer loop
      vertex -80.0124 40.7683 15
      vertex -50 5 15
      vertex -77.7691 44.9 15
    endloop
  endfacet
  facet normal 0 0 1
    outer loop
      vertex -50 -5 15
      vertex -75.3126 -48.9086 15
      vertex -72.6497 -52.7831 15
    endloop
  endfacet
  facet normal -0 0 1
    outer loop
      vertex -82.0364 36.5249 15
      vertex -50 5 15
      vertex -80.0124 40.7683 15
    endloop
  endfacet
  facet normal 0 0 1
    outer loop
      vertex -50 -5 15
      vertex -77.7691 -44.9 15
      vertex -75.3126 -48.9086 15
    endloop
  endfacet
  facet normal -0 0 1
    outer loop
      vertex -83.8355 32.1814 15
      vertex -50 5 15
      vertex -82.0364 36.5249 15
    endloop
  endfacet
  facet normal 0 0 1
    outer loop
      vertex -50 -5 15
      vertex -80.0124 -40.7683 15
      vertex -77.7691 -44.9 15
    endloop
  endfacet
  facet normal -0 0 1
    outer loop
      vertex -85.4049 27.7497 15
      vertex -50 5 15
      vertex -83.8355 32.1814 15
    endloop
  endfacet
  facet normal 0 0 1
    outer loop
      vertex -50 -5 15
      vertex -82.0364 -36.5249 15
      vertex -80.0124 -40.7683 15
    endloop
  endfacet
  facet normal -0 0 1
    outer loop
      vertex -86.7401 23.242 15
      vertex -50 5 15
      vertex -85.4049 27.7497 15
    endloop
  endfacet
  facet normal 0 0 1
    outer loop
      vertex -50 -5 15
      vertex -83.8355 -32.1814 15
      vertex -82.0364 -36.5249 15
    endloop
  endfacet
  facet normal -0 0 1
    outer loop
      vertex -87.8377 18.6705 15
      vertex -50 5 15
      vertex -86.7401 23.242 15
    endloop
  endfacet
  facet normal 0 0 1
    outer loop
      vertex -50 -5 15
      vertex -85.4049 -27.7497 15
      vertex -83.8355 -32.1814 15
    endloop
  endfacet
  facet normal -0 0 1
    outer loop
      vertex -88.6944 14.0478 15
      vertex -50 5 15
      vertex -87.8377 18.6705 15
    endloop
  endfacet
  facet normal 0 0 1
    outer loop
      vertex -50 -5 15
      vertex -86.7401 -23.242 15
      vertex -85.4049 -27.7497 15
    endloop
  endfacet
  facet normal -0 0 1
    outer loop
      vertex -89.3081 9.38666 15
      vertex -50 5 15
      vertex -88.6944 14.0478 15
    endloop
  endfacet
  facet normal 0 0 1
    outer loop
      vertex -50 -5 15
      vertex -87.8377 -18.6705 15
      vertex -86.7401 -23.242 15
    endloop
  endfacet
  facet normal 0 0 1
    outer loop
      vertex -89.6769 4.69977 15
      vertex -50 5 15
      vertex -89.3081 9.38666 15
    endloop
  endfacet
  facet normal 0 0 1
    outer loop
      vertex -50 -5 15
      vertex -88.6944 -14.0478 15
      vertex -87.8377 -18.6705 15
    endloop
  endfacet
  facet normal 0 0 1
    outer loop
      vertex -89.8 0 15
      vertex -50 5 15
      vertex -89.6769 4.69977 15
    endloop
  endfacet
  facet normal 0 0 1
    outer loop
      vertex -50 -5 15
      vertex -89.3081 -9.38666 15
      vertex -88.6944 -14.0478 15
    endloop
  endfacet
  facet normal 0 0 1
    outer loop
      vertex -50 5 15
      vertex -89.8 0 15
      vertex -50 -5 15
    endloop
  endfacet
  facet normal 0 0 1
    outer loop
      vertex -50 -5 15
      vertex -89.6769 -4.69977 15
      vertex -89.3081 -9.38666 15
    endloop
  endfacet
  facet normal 0 0 1
    outer loop
      vertex -50 -5 15
      vertex -89.8 0 15
      vertex -89.6769 -4.69977 15
    endloop
  endfacet
  facet normal -0.430511 0.902585 0
    outer loop
      vertex -36.5249 82.0364 0
      vertex -40.7683 80.0124 15
      vertex -36.5249 82.0364 15
    endloop
  endfacet
  facet normal -0.430511 0.902585 0
    outer loop
      vertex -40.7683 80.0124 15
      vertex -36.5249 82.0364 0
      vertex -40.7683 80.0124 0
    endloop
  endfacet
  facet normal 0.958822 -0.284007 0
    outer loop
      vertex 85.4049 -27.7497 15
      vertex 86.7401 -23.242 0
      vertex 86.7401 -23.242 15
    endloop
  endfacet
  facet normal 0.958822 -0.284007 0
    outer loop
      vertex 86.7401 -23.242 0
      vertex 85.4049 -27.7497 15
      vertex 85.4049 -27.7497 0
    endloop
  endfacet
  facet normal -0.72538 -0.688349 0
    outer loop
      vertex -63.4982 -63.4982 0
      vertex -66.7344 -60.0879 15
      vertex -66.7344 -60.0879 0
    endloop
  endfacet
  facet normal -0.72538 -0.688349 0
    outer loop
      vertex -66.7344 -60.0879 15
      vertex -63.4982 -63.4982 0
      vertex -63.4982 -63.4982 15
    endloop
  endfacet
  facet normal 0.942638 0.333817 0
    outer loop
      vertex 85.4049 27.7497 15
      vertex 83.8355 32.1814 0
      vertex 83.8355 32.1814 15
    endloop
  endfacet
  facet normal 0.942638 0.333817 0
    outer loop
      vertex 83.8355 32.1814 0
      vertex 85.4049 27.7497 15
      vertex 85.4049 27.7497 0
    endloop
  endfacet
  facet normal -0.991444 -0.130536 0
    outer loop
      vertex -88.6944 -14.0478 0
      vertex -89.3081 -9.38666 15
      vertex -89.3081 -9.38666 0
    endloop
  endfacet
  facet normal -0.991444 -0.130536 0
    outer loop
      vertex -89.3081 -9.38666 15
      vertex -88.6944 -14.0478 0
      vertex -88.6944 -14.0478 15
    endloop
  endfacet
  facet normal 0.382677 0.923882 -0
    outer loop
      vertex 36.5249 82.0364 0
      vertex 32.1814 83.8355 15
      vertex 36.5249 82.0364 15
    endloop
  endfacet
  facet normal 0.382677 0.923882 0
    outer loop
      vertex 32.1814 83.8355 15
      vertex 36.5249 82.0364 0
      vertex 32.1814 83.8355 0
    endloop
  endfacet
  facet normal 0.996918 -0.0784451 0
    outer loop
      vertex 89.3081 -9.38666 15
      vertex 89.6769 -4.69977 0
      vertex 89.6769 -4.69977 15
    endloop
  endfacet
  facet normal 0.996918 -0.0784451 0
    outer loop
      vertex 89.6769 -4.69977 0
      vertex 89.3081 -9.38666 15
      vertex 89.3081 -9.38666 0
    endloop
  endfacet
  facet normal -0.972366 -0.233461 0
    outer loop
      vertex -86.7401 -23.242 0
      vertex -87.8377 -18.6705 15
      vertex -87.8377 -18.6705 0
    endloop
  endfacet
  facet normal -0.972366 -0.233461 0
    outer loop
      vertex -87.8377 -18.6705 15
      vertex -86.7401 -23.242 0
      vertex -86.7401 -23.242 15
    endloop
  endfacet
  facet normal 0.983257 -0.182222 0
    outer loop
      vertex 87.8377 -18.6705 15
      vertex 88.6944 -14.0478 0
      vertex 88.6944 -14.0478 15
    endloop
  endfacet
  facet normal 0.983257 -0.182222 0
    outer loop
      vertex 88.6944 -14.0478 0
      vertex 87.8377 -18.6705 15
      vertex 87.8377 -18.6705 0
    endloop
  endfacet
  facet normal 0.824123 0.566411 0
    outer loop
      vertex 75.3126 48.9086 15
      vertex 72.6497 52.7831 0
      vertex 72.6497 52.7831 15
    endloop
  endfacet
  facet normal 0.824123 0.566411 0
    outer loop
      vertex 72.6497 52.7831 0
      vertex 75.3126 48.9086 15
      vertex 75.3126 48.9086 0
    endloop
  endfacet
  facet normal -0.182222 -0.983257 0
    outer loop
      vertex -18.6705 -87.8377 0
      vertex -14.0478 -88.6944 15
      vertex -18.6705 -87.8377 15
    endloop
  endfacet
  facet normal -0.182222 -0.983257 -0
    outer loop
      vertex -14.0478 -88.6944 15
      vertex -18.6705 -87.8377 0
      vertex -14.0478 -88.6944 0
    endloop
  endfacet
  facet normal 0.852638 -0.522503 0
    outer loop
      vertex 75.3126 -48.9086 15
      vertex 77.7691 -44.9 0
      vertex 77.7691 -44.9 15
    endloop
  endfacet
  facet normal 0.852638 -0.522503 0
    outer loop
      vertex 77.7691 -44.9 0
      vertex 75.3126 -48.9086 15
      vertex 75.3126 -48.9086 0
    endloop
  endfacet
  facet normal -0.0261838 0.999657 0
    outer loop
      vertex 0 89.8 0
      vertex -4.69977 89.6769 15
      vertex 0 89.8 15
    endloop
  endfacet
  facet normal -0.0261838 0.999657 0
    outer loop
      vertex -4.69977 89.6769 15
      vertex 0 89.8 0
      vertex -4.69977 89.6769 0
    endloop
  endfacet
  facet normal 0.233461 -0.972366 0
    outer loop
      vertex 18.6705 -87.8377 0
      vertex 23.242 -86.7401 15
      vertex 18.6705 -87.8377 15
    endloop
  endfacet
  facet normal 0.233461 -0.972366 0
    outer loop
      vertex 23.242 -86.7401 15
      vertex 18.6705 -87.8377 0
      vertex 23.242 -86.7401 0
    endloop
  endfacet
  facet normal 0.688349 -0.72538 0
    outer loop
      vertex 60.0879 -66.7344 0
      vertex 63.4982 -63.4982 15
      vertex 60.0879 -66.7344 15
    endloop
  endfacet
  facet normal 0.688349 -0.72538 0
    outer loop
      vertex 63.4982 -63.4982 15
      vertex 60.0879 -66.7344 0
      vertex 63.4982 -63.4982 0
    endloop
  endfacet
  facet normal -0.566411 0.824123 0
    outer loop
      vertex -48.9086 75.3126 0
      vertex -52.7831 72.6497 15
      vertex -48.9086 75.3126 15
    endloop
  endfacet
  facet normal -0.566411 0.824123 0
    outer loop
      vertex -52.7831 72.6497 15
      vertex -48.9086 75.3126 0
      vertex -52.7831 72.6497 0
    endloop
  endfacet
  facet normal -0.760401 -0.649454 0
    outer loop
      vertex -66.7344 -60.0879 0
      vertex -69.7877 -56.513 15
      vertex -69.7877 -56.513 0
    endloop
  endfacet
  facet normal -0.760401 -0.649454 0
    outer loop
      vertex -69.7877 -56.513 15
      vertex -66.7344 -60.0879 0
      vertex -66.7344 -60.0879 15
    endloop
  endfacet
  facet normal -0.852638 -0.522503 0
    outer loop
      vertex -75.3126 -48.9086 0
      vertex -77.7691 -44.9 15
      vertex -77.7691 -44.9 0
    endloop
  endfacet
  facet normal -0.852638 -0.522503 0
    outer loop
      vertex -77.7691 -44.9 15
      vertex -75.3126 -48.9086 0
      vertex -75.3126 -48.9086 15
    endloop
  endfacet
  facet normal 0.87882 0.477154 0
    outer loop
      vertex 80.0124 40.7683 15
      vertex 77.7691 44.9 0
      vertex 77.7691 44.9 15
    endloop
  endfacet
  facet normal 0.87882 0.477154 0
    outer loop
      vertex 77.7691 44.9 0
      vertex 80.0124 40.7683 15
      vertex 80.0124 40.7683 0
    endloop
  endfacet
  facet normal 0.284007 -0.958822 0
    outer loop
      vertex 23.242 -86.7401 0
      vertex 27.7497 -85.4049 15
      vertex 23.242 -86.7401 15
    endloop
  endfacet
  facet normal 0.284007 -0.958822 0
    outer loop
      vertex 27.7497 -85.4049 15
      vertex 23.242 -86.7401 0
      vertex 27.7497 -85.4049 0
    endloop
  endfacet
  facet normal 0.233461 0.972366 -0
    outer loop
      vertex 23.242 86.7401 0
      vertex 18.6705 87.8377 15
      vertex 23.242 86.7401 15
    endloop
  endfacet
  facet normal 0.233461 0.972366 0
    outer loop
      vertex 18.6705 87.8377 15
      vertex 23.242 86.7401 0
      vertex 18.6705 87.8377 0
    endloop
  endfacet
  facet normal -0.0261838 -0.999657 0
    outer loop
      vertex -4.69977 -89.6769 0
      vertex 0 -89.8 15
      vertex -4.69977 -89.6769 15
    endloop
  endfacet
  facet normal -0.0261838 -0.999657 -0
    outer loop
      vertex 0 -89.8 15
      vertex -4.69977 -89.6769 0
      vertex 0 -89.8 0
    endloop
  endfacet
  facet normal 0.793359 -0.608754 0
    outer loop
      vertex 69.7877 -56.513 15
      vertex 72.6497 -52.7831 0
      vertex 72.6497 -52.7831 15
    endloop
  endfacet
  facet normal 0.793359 -0.608754 0
    outer loop
      vertex 72.6497 -52.7831 0
      vertex 69.7877 -56.513 15
      vertex 69.7877 -56.513 0
    endloop
  endfacet
  facet normal -0.333817 0.942638 0
    outer loop
      vertex -27.7497 85.4049 0
      vertex -32.1814 83.8355 15
      vertex -27.7497 85.4049 15
    endloop
  endfacet
  facet normal -0.333817 0.942638 0
    outer loop
      vertex -32.1814 83.8355 15
      vertex -27.7497 85.4049 0
      vertex -32.1814 83.8355 0
    endloop
  endfacet
  facet normal 0.942638 -0.333817 0
    outer loop
      vertex 83.8355 -32.1814 15
      vertex 85.4049 -27.7497 0
      vertex 85.4049 -27.7497 15
    endloop
  endfacet
  facet normal 0.942638 -0.333817 0
    outer loop
      vertex 85.4049 -27.7497 0
      vertex 83.8355 -32.1814 15
      vertex 83.8355 -32.1814 0
    endloop
  endfacet
  facet normal 0.983257 0.182222 0
    outer loop
      vertex 88.6944 14.0478 15
      vertex 87.8377 18.6705 0
      vertex 87.8377 18.6705 15
    endloop
  endfacet
  facet normal 0.983257 0.182222 0
    outer loop
      vertex 87.8377 18.6705 0
      vertex 88.6944 14.0478 15
      vertex 88.6944 14.0478 0
    endloop
  endfacet
  facet normal 0.72538 -0.688349 0
    outer loop
      vertex 63.4982 -63.4982 15
      vertex 66.7344 -60.0879 0
      vertex 66.7344 -60.0879 15
    endloop
  endfacet
  facet normal 0.72538 -0.688349 0
    outer loop
      vertex 66.7344 -60.0879 0
      vertex 63.4982 -63.4982 15
      vertex 63.4982 -63.4982 0
    endloop
  endfacet
  facet normal -0.608754 0.793359 0
    outer loop
      vertex -52.7831 72.6497 0
      vertex -56.513 69.7877 15
      vertex -52.7831 72.6497 15
    endloop
  endfacet
  facet normal -0.608754 0.793359 0
    outer loop
      vertex -56.513 69.7877 15
      vertex -52.7831 72.6497 0
      vertex -56.513 69.7877 0
    endloop
  endfacet
  facet normal 0.477154 0.87882 -0
    outer loop
      vertex 44.9 77.7691 0
      vertex 40.7683 80.0124 15
      vertex 44.9 77.7691 15
    endloop
  endfacet
  facet normal 0.477154 0.87882 0
    outer loop
      vertex 40.7683 80.0124 15
      vertex 44.9 77.7691 0
      vertex 40.7683 80.0124 0
    endloop
  endfacet
  facet normal -0.999657 -0.0261838 0
    outer loop
      vertex -89.6769 -4.69977 0
      vertex -89.8 0 15
      vertex -89.8 0 0
    endloop
  endfacet
  facet normal -0.999657 -0.0261838 0
    outer loop
      vertex -89.8 0 15
      vertex -89.6769 -4.69977 0
      vertex -89.6769 -4.69977 15
    endloop
  endfacet
  facet normal -0.972366 0.233461 0
    outer loop
      vertex -87.8377 18.6705 0
      vertex -86.7401 23.242 15
      vertex -86.7401 23.242 0
    endloop
  endfacet
  facet normal -0.972366 0.233461 0
    outer loop
      vertex -86.7401 23.242 15
      vertex -87.8377 18.6705 0
      vertex -87.8377 18.6705 15
    endloop
  endfacet
  facet normal -0.923882 0.382677 0
    outer loop
      vertex -83.8355 32.1814 0
      vertex -82.0364 36.5249 15
      vertex -82.0364 36.5249 0
    endloop
  endfacet
  facet normal -0.923882 0.382677 0
    outer loop
      vertex -82.0364 36.5249 15
      vertex -83.8355 32.1814 0
      vertex -83.8355 32.1814 15
    endloop
  endfacet
  facet normal -0.793359 -0.608754 0
    outer loop
      vertex -69.7877 -56.513 0
      vertex -72.6497 -52.7831 15
      vertex -72.6497 -52.7831 0
    endloop
  endfacet
  facet normal -0.793359 -0.608754 0
    outer loop
      vertex -72.6497 -52.7831 15
      vertex -69.7877 -56.513 0
      vertex -69.7877 -56.513 15
    endloop
  endfacet
  facet normal 0.649454 -0.760401 0
    outer loop
      vertex 56.513 -69.7877 0
      vertex 60.0879 -66.7344 15
      vertex 56.513 -69.7877 15
    endloop
  endfacet
  facet normal 0.649454 -0.760401 0
    outer loop
      vertex 60.0879 -66.7344 15
      vertex 56.513 -69.7877 0
      vertex 60.0879 -66.7344 0
    endloop
  endfacet
  facet normal 0.333817 0.942638 -0
    outer loop
      vertex 32.1814 83.8355 0
      vertex 27.7497 85.4049 15
      vertex 32.1814 83.8355 15
    endloop
  endfacet
  facet normal 0.333817 0.942638 0
    outer loop
      vertex 27.7497 85.4049 15
      vertex 32.1814 83.8355 0
      vertex 27.7497 85.4049 0
    endloop
  endfacet
  facet normal 0.284007 0.958822 -0
    outer loop
      vertex 27.7497 85.4049 0
      vertex 23.242 86.7401 15
      vertex 27.7497 85.4049 15
    endloop
  endfacet
  facet normal 0.284007 0.958822 0
    outer loop
      vertex 23.242 86.7401 15
      vertex 27.7497 85.4049 0
      vertex 23.242 86.7401 0
    endloop
  endfacet
  facet normal 0.566411 -0.824123 0
    outer loop
      vertex 48.9086 -75.3126 0
      vertex 52.7831 -72.6497 15
      vertex 48.9086 -75.3126 15
    endloop
  endfacet
  facet normal 0.566411 -0.824123 0
    outer loop
      vertex 52.7831 -72.6497 15
      vertex 48.9086 -75.3126 0
      vertex 52.7831 -72.6497 0
    endloop
  endfacet
  facet normal -0.333817 -0.942638 0
    outer loop
      vertex -32.1814 -83.8355 0
      vertex -27.7497 -85.4049 15
      vertex -32.1814 -83.8355 15
    endloop
  endfacet
  facet normal -0.333817 -0.942638 -0
    outer loop
      vertex -27.7497 -85.4049 15
      vertex -32.1814 -83.8355 0
      vertex -27.7497 -85.4049 0
    endloop
  endfacet
  facet normal -0.996918 -0.0784451 0
    outer loop
      vertex -89.3081 -9.38666 0
      vertex -89.6769 -4.69977 15
      vertex -89.6769 -4.69977 0
    endloop
  endfacet
  facet normal -0.996918 -0.0784451 0
    outer loop
      vertex -89.6769 -4.69977 15
      vertex -89.3081 -9.38666 0
      vertex -89.3081 -9.38666 15
    endloop
  endfacet
  facet normal -0.824123 -0.566411 0
    outer loop
      vertex -72.6497 -52.7831 0
      vertex -75.3126 -48.9086 15
      vertex -75.3126 -48.9086 0
    endloop
  endfacet
  facet normal -0.824123 -0.566411 0
    outer loop
      vertex -75.3126 -48.9086 15
      vertex -72.6497 -52.7831 0
      vertex -72.6497 -52.7831 15
    endloop
  endfacet
  facet normal 0.566411 0.824123 -0
    outer loop
      vertex 52.7831 72.6497 0
      vertex 48.9086 75.3126 15
      vertex 52.7831 72.6497 15
    endloop
  endfacet
  facet normal 0.566411 0.824123 0
    outer loop
      vertex 48.9086 75.3126 15
      vertex 52.7831 72.6497 0
      vertex 48.9086 75.3126 0
    endloop
  endfacet
  facet normal -0.0784451 0.996918 0
    outer loop
      vertex -4.69977 89.6769 0
      vertex -9.38666 89.3081 15
      vertex -4.69977 89.6769 15
    endloop
  endfacet
  facet normal -0.0784451 0.996918 0
    outer loop
      vertex -9.38666 89.3081 15
      vertex -4.69977 89.6769 0
      vertex -9.38666 89.3081 0
    endloop
  endfacet
  facet normal 0.923882 -0.382677 0
    outer loop
      vertex 82.0364 -36.5249 15
      vertex 83.8355 -32.1814 0
      vertex 83.8355 -32.1814 15
    endloop
  endfacet
  facet normal 0.923882 -0.382677 0
    outer loop
      vertex 83.8355 -32.1814 0
      vertex 82.0364 -36.5249 15
      vertex 82.0364 -36.5249 0
    endloop
  endfacet
  facet normal 0.0261838 0.999657 -0
    outer loop
      vertex 4.69977 89.6769 0
      vertex 0 89.8 15
      vertex 4.69977 89.6769 15
    endloop
  endfacet
  facet normal 0.0261838 0.999657 0
    outer loop
      vertex 0 89.8 15
      vertex 4.69977 89.6769 0
      vertex 0 89.8 0
    endloop
  endfacet
  facet normal 0.991444 -0.130536 0
    outer loop
      vertex 88.6944 -14.0478 15
      vertex 89.3081 -9.38666 0
      vertex 89.3081 -9.38666 15
    endloop
  endfacet
  facet normal 0.991444 -0.130536 0
    outer loop
      vertex 89.3081 -9.38666 0
      vertex 88.6944 -14.0478 15
      vertex 88.6944 -14.0478 0
    endloop
  endfacet
  facet normal -0.942638 -0.333817 0
    outer loop
      vertex -83.8355 -32.1814 0
      vertex -85.4049 -27.7497 15
      vertex -85.4049 -27.7497 0
    endloop
  endfacet
  facet normal -0.942638 -0.333817 0
    outer loop
      vertex -85.4049 -27.7497 15
      vertex -83.8355 -32.1814 0
      vertex -83.8355 -32.1814 15
    endloop
  endfacet
  facet normal -0.72538 0.688349 0
    outer loop
      vertex -66.7344 60.0879 0
      vertex -63.4982 63.4982 15
      vertex -63.4982 63.4982 0
    endloop
  endfacet
  facet normal -0.72538 0.688349 0
    outer loop
      vertex -63.4982 63.4982 15
      vertex -66.7344 60.0879 0
      vertex -66.7344 60.0879 15
    endloop
  endfacet
  facet normal 0.522503 -0.852638 0
    outer loop
      vertex 44.9 -77.7691 0
      vertex 48.9086 -75.3126 15
      vertex 44.9 -77.7691 15
    endloop
  endfacet
  facet normal 0.522503 -0.852638 0
    outer loop
      vertex 48.9086 -75.3126 15
      vertex 44.9 -77.7691 0
      vertex 48.9086 -75.3126 0
    endloop
  endfacet
  facet normal 0.130536 0.991444 -0
    outer loop
      vertex 14.0478 88.6944 0
      vertex 9.38666 89.3081 15
      vertex 14.0478 88.6944 15
    endloop
  endfacet
  facet normal 0.130536 0.991444 0
    outer loop
      vertex 9.38666 89.3081 15
      vertex 14.0478 88.6944 0
      vertex 9.38666 89.3081 0
    endloop
  endfacet
  facet normal -0.182222 0.983257 0
    outer loop
      vertex -14.0478 88.6944 0
      vertex -18.6705 87.8377 15
      vertex -14.0478 88.6944 15
    endloop
  endfacet
  facet normal -0.182222 0.983257 0
    outer loop
      vertex -18.6705 87.8377 15
      vertex -14.0478 88.6944 0
      vertex -18.6705 87.8377 0
    endloop
  endfacet
  facet normal 0.852638 0.522503 0
    outer loop
      vertex 77.7691 44.9 15
      vertex 75.3126 48.9086 0
      vertex 75.3126 48.9086 15
    endloop
  endfacet
  facet normal 0.852638 0.522503 0
    outer loop
      vertex 75.3126 48.9086 0
      vertex 77.7691 44.9 15
      vertex 77.7691 44.9 0
    endloop
  endfacet
  facet normal -0.284007 -0.958822 0
    outer loop
      vertex -27.7497 -85.4049 0
      vertex -23.242 -86.7401 15
      vertex -27.7497 -85.4049 15
    endloop
  endfacet
  facet normal -0.284007 -0.958822 -0
    outer loop
      vertex -23.242 -86.7401 15
      vertex -27.7497 -85.4049 0
      vertex -23.242 -86.7401 0
    endloop
  endfacet
  facet normal -0.942638 0.333817 0
    outer loop
      vertex -85.4049 27.7497 0
      vertex -83.8355 32.1814 15
      vertex -83.8355 32.1814 0
    endloop
  endfacet
  facet normal -0.942638 0.333817 0
    outer loop
      vertex -83.8355 32.1814 15
      vertex -85.4049 27.7497 0
      vertex -85.4049 27.7497 15
    endloop
  endfacet
  facet normal -0.0784451 -0.996918 0
    outer loop
      vertex -9.38666 -89.3081 0
      vertex -4.69977 -89.6769 15
      vertex -9.38666 -89.3081 15
    endloop
  endfacet
  facet normal -0.0784451 -0.996918 -0
    outer loop
      vertex -4.69977 -89.6769 15
      vertex -9.38666 -89.3081 0
      vertex -4.69977 -89.6769 0
    endloop
  endfacet
  facet normal -0.130536 -0.991444 0
    outer loop
      vertex -14.0478 -88.6944 0
      vertex -9.38666 -89.3081 15
      vertex -14.0478 -88.6944 15
    endloop
  endfacet
  facet normal -0.130536 -0.991444 -0
    outer loop
      vertex -9.38666 -89.3081 15
      vertex -14.0478 -88.6944 0
      vertex -9.38666 -89.3081 0
    endloop
  endfacet
  facet normal -0.608754 -0.793359 0
    outer loop
      vertex -56.513 -69.7877 0
      vertex -52.7831 -72.6497 15
      vertex -56.513 -69.7877 15
    endloop
  endfacet
  facet normal -0.608754 -0.793359 -0
    outer loop
      vertex -52.7831 -72.6497 15
      vertex -56.513 -69.7877 0
      vertex -52.7831 -72.6497 0
    endloop
  endfacet
  facet normal -0.382677 -0.923882 0
    outer loop
      vertex -36.5249 -82.0364 0
      vertex -32.1814 -83.8355 15
      vertex -36.5249 -82.0364 15
    endloop
  endfacet
  facet normal -0.382677 -0.923882 -0
    outer loop
      vertex -32.1814 -83.8355 15
      vertex -36.5249 -82.0364 0
      vertex -32.1814 -83.8355 0
    endloop
  endfacet
  facet normal 0.972366 0.233461 0
    outer loop
      vertex 87.8377 18.6705 15
      vertex 86.7401 23.242 0
      vertex 86.7401 23.242 15
    endloop
  endfacet
  facet normal 0.972366 0.233461 0
    outer loop
      vertex 86.7401 23.242 0
      vertex 87.8377 18.6705 15
      vertex 87.8377 18.6705 0
    endloop
  endfacet
  facet normal 0.958822 0.284007 0
    outer loop
      vertex 86.7401 23.242 15
      vertex 85.4049 27.7497 0
      vertex 85.4049 27.7497 15
    endloop
  endfacet
  facet normal 0.958822 0.284007 0
    outer loop
      vertex 85.4049 27.7497 0
      vertex 86.7401 23.242 15
      vertex 86.7401 23.242 0
    endloop
  endfacet
  facet normal 0.430511 0.902585 -0
    outer loop
      vertex 40.7683 80.0124 0
      vertex 36.5249 82.0364 15
      vertex 40.7683 80.0124 15
    endloop
  endfacet
  facet normal 0.430511 0.902585 0
    outer loop
      vertex 36.5249 82.0364 15
      vertex 40.7683 80.0124 0
      vertex 36.5249 82.0364 0
    endloop
  endfacet
  facet normal 0.0784451 0.996918 -0
    outer loop
      vertex 9.38666 89.3081 0
      vertex 4.69977 89.6769 15
      vertex 9.38666 89.3081 15
    endloop
  endfacet
  facet normal 0.0784451 0.996918 0
    outer loop
      vertex 4.69977 89.6769 15
      vertex 9.38666 89.3081 0
      vertex 4.69977 89.6769 0
    endloop
  endfacet
  facet normal -0.649454 0.760401 0
    outer loop
      vertex -56.513 69.7877 0
      vertex -60.0879 66.7344 15
      vertex -56.513 69.7877 15
    endloop
  endfacet
  facet normal -0.649454 0.760401 0
    outer loop
      vertex -60.0879 66.7344 15
      vertex -56.513 69.7877 0
      vertex -60.0879 66.7344 0
    endloop
  endfacet
  facet normal -0.824123 0.566411 0
    outer loop
      vertex -75.3126 48.9086 0
      vertex -72.6497 52.7831 15
      vertex -72.6497 52.7831 0
    endloop
  endfacet
  facet normal -0.824123 0.566411 0
    outer loop
      vertex -72.6497 52.7831 15
      vertex -75.3126 48.9086 0
      vertex -75.3126 48.9086 15
    endloop
  endfacet
  facet normal -0.760401 0.649454 0
    outer loop
      vertex -69.7877 56.513 0
      vertex -66.7344 60.0879 15
      vertex -66.7344 60.0879 0
    endloop
  endfacet
  facet normal -0.760401 0.649454 0
    outer loop
      vertex -66.7344 60.0879 15
      vertex -69.7877 56.513 0
      vertex -69.7877 56.513 15
    endloop
  endfacet
  facet normal -0.999657 0.0261838 0
    outer loop
      vertex -89.8 0 0
      vertex -89.6769 4.69977 15
      vertex -89.6769 4.69977 0
    endloop
  endfacet
  facet normal -0.999657 0.0261838 0
    outer loop
      vertex -89.6769 4.69977 15
      vertex -89.8 0 0
      vertex -89.8 0 15
    endloop
  endfacet
  facet normal 0.522503 0.852638 -0
    outer loop
      vertex 48.9086 75.3126 0
      vertex 44.9 77.7691 15
      vertex 48.9086 75.3126 15
    endloop
  endfacet
  facet normal 0.522503 0.852638 0
    outer loop
      vertex 44.9 77.7691 15
      vertex 48.9086 75.3126 0
      vertex 44.9 77.7691 0
    endloop
  endfacet
  facet normal 0.824123 -0.566411 0
    outer loop
      vertex 72.6497 -52.7831 15
      vertex 75.3126 -48.9086 0
      vertex 75.3126 -48.9086 15
    endloop
  endfacet
  facet normal 0.824123 -0.566411 0
    outer loop
      vertex 75.3126 -48.9086 0
      vertex 72.6497 -52.7831 15
      vertex 72.6497 -52.7831 0
    endloop
  endfacet
  facet normal -0.382677 0.923882 0
    outer loop
      vertex -32.1814 83.8355 0
      vertex -36.5249 82.0364 15
      vertex -32.1814 83.8355 15
    endloop
  endfacet
  facet normal -0.382677 0.923882 0
    outer loop
      vertex -36.5249 82.0364 15
      vertex -32.1814 83.8355 0
      vertex -36.5249 82.0364 0
    endloop
  endfacet
  facet normal 0.649454 0.760401 -0
    outer loop
      vertex 60.0879 66.7344 0
      vertex 56.513 69.7877 15
      vertex 60.0879 66.7344 15
    endloop
  endfacet
  facet normal 0.649454 0.760401 0
    outer loop
      vertex 56.513 69.7877 15
      vertex 60.0879 66.7344 0
      vertex 56.513 69.7877 0
    endloop
  endfacet
  facet normal 0.182222 0.983257 -0
    outer loop
      vertex 18.6705 87.8377 0
      vertex 14.0478 88.6944 15
      vertex 18.6705 87.8377 15
    endloop
  endfacet
  facet normal 0.182222 0.983257 0
    outer loop
      vertex 14.0478 88.6944 15
      vertex 18.6705 87.8377 0
      vertex 14.0478 88.6944 0
    endloop
  endfacet
  facet normal -0.87882 0.477154 0
    outer loop
      vertex -80.0124 40.7683 0
      vertex -77.7691 44.9 15
      vertex -77.7691 44.9 0
    endloop
  endfacet
  facet normal -0.87882 0.477154 0
    outer loop
      vertex -77.7691 44.9 15
      vertex -80.0124 40.7683 0
      vertex -80.0124 40.7683 15
    endloop
  endfacet
  facet normal -0.649454 -0.760401 0
    outer loop
      vertex -60.0879 -66.7344 0
      vertex -56.513 -69.7877 15
      vertex -60.0879 -66.7344 15
    endloop
  endfacet
  facet normal -0.649454 -0.760401 -0
    outer loop
      vertex -56.513 -69.7877 15
      vertex -60.0879 -66.7344 0
      vertex -56.513 -69.7877 0
    endloop
  endfacet
  facet normal -0.902585 0.430511 0
    outer loop
      vertex -82.0364 36.5249 0
      vertex -80.0124 40.7683 15
      vertex -80.0124 40.7683 0
    endloop
  endfacet
  facet normal -0.902585 0.430511 0
    outer loop
      vertex -80.0124 40.7683 15
      vertex -82.0364 36.5249 0
      vertex -82.0364 36.5249 15
    endloop
  endfacet
  facet normal 0.477154 -0.87882 0
    outer loop
      vertex 40.7683 -80.0124 0
      vertex 44.9 -77.7691 15
      vertex 40.7683 -80.0124 15
    endloop
  endfacet
  facet normal 0.477154 -0.87882 0
    outer loop
      vertex 44.9 -77.7691 15
      vertex 40.7683 -80.0124 0
      vertex 44.9 -77.7691 0
    endloop
  endfacet
  facet normal -0.477154 -0.87882 0
    outer loop
      vertex -44.9 -77.7691 0
      vertex -40.7683 -80.0124 15
      vertex -44.9 -77.7691 15
    endloop
  endfacet
  facet normal -0.477154 -0.87882 -0
    outer loop
      vertex -40.7683 -80.0124 15
      vertex -44.9 -77.7691 0
      vertex -40.7683 -80.0124 0
    endloop
  endfacet
  facet normal -0.284007 0.958822 0
    outer loop
      vertex -23.242 86.7401 0
      vertex -27.7497 85.4049 15
      vertex -23.242 86.7401 15
    endloop
  endfacet
  facet normal -0.284007 0.958822 0
    outer loop
      vertex -27.7497 85.4049 15
      vertex -23.242 86.7401 0
      vertex -27.7497 85.4049 0
    endloop
  endfacet
  facet normal 0.333817 -0.942638 0
    outer loop
      vertex 27.7497 -85.4049 0
      vertex 32.1814 -83.8355 15
      vertex 27.7497 -85.4049 15
    endloop
  endfacet
  facet normal 0.333817 -0.942638 0
    outer loop
      vertex 32.1814 -83.8355 15
      vertex 27.7497 -85.4049 0
      vertex 32.1814 -83.8355 0
    endloop
  endfacet
  facet normal 0.182222 -0.983257 0
    outer loop
      vertex 14.0478 -88.6944 0
      vertex 18.6705 -87.8377 15
      vertex 14.0478 -88.6944 15
    endloop
  endfacet
  facet normal 0.182222 -0.983257 0
    outer loop
      vertex 18.6705 -87.8377 15
      vertex 14.0478 -88.6944 0
      vertex 18.6705 -87.8377 0
    endloop
  endfacet
  facet normal 0.130536 -0.991444 0
    outer loop
      vertex 9.38666 -89.3081 0
      vertex 14.0478 -88.6944 15
      vertex 9.38666 -89.3081 15
    endloop
  endfacet
  facet normal 0.130536 -0.991444 0
    outer loop
      vertex 14.0478 -88.6944 15
      vertex 9.38666 -89.3081 0
      vertex 14.0478 -88.6944 0
    endloop
  endfacet
  facet normal -0.688349 -0.72538 0
    outer loop
      vertex -63.4982 -63.4982 0
      vertex -60.0879 -66.7344 15
      vertex -63.4982 -63.4982 15
    endloop
  endfacet
  facet normal -0.688349 -0.72538 -0
    outer loop
      vertex -60.0879 -66.7344 15
      vertex -63.4982 -63.4982 0
      vertex -60.0879 -66.7344 0
    endloop
  endfacet
  facet normal 0.688349 0.72538 -0
    outer loop
      vertex 63.4982 63.4982 0
      vertex 60.0879 66.7344 15
      vertex 63.4982 63.4982 15
    endloop
  endfacet
  facet normal 0.688349 0.72538 0
    outer loop
      vertex 60.0879 66.7344 15
      vertex 63.4982 63.4982 0
      vertex 60.0879 66.7344 0
    endloop
  endfacet
  facet normal -0.923882 -0.382677 0
    outer loop
      vertex -82.0364 -36.5249 0
      vertex -83.8355 -32.1814 15
      vertex -83.8355 -32.1814 0
    endloop
  endfacet
  facet normal -0.923882 -0.382677 0
    outer loop
      vertex -83.8355 -32.1814 15
      vertex -82.0364 -36.5249 0
      vertex -82.0364 -36.5249 15
    endloop
  endfacet
  facet normal 0.999657 -0.0261838 0
    outer loop
      vertex 89.6769 -4.69977 15
      vertex 89.8 0 0
      vertex 89.8 0 15
    endloop
  endfacet
  facet normal 0.999657 -0.0261838 0
    outer loop
      vertex 89.8 0 0
      vertex 89.6769 -4.69977 15
      vertex 89.6769 -4.69977 0
    endloop
  endfacet
  facet normal -0.983257 -0.182222 0
    outer loop
      vertex -87.8377 -18.6705 0
      vertex -88.6944 -14.0478 15
      vertex -88.6944 -14.0478 0
    endloop
  endfacet
  facet normal -0.983257 -0.182222 0
    outer loop
      vertex -88.6944 -14.0478 15
      vertex -87.8377 -18.6705 0
      vertex -87.8377 -18.6705 15
    endloop
  endfacet
  facet normal 0.430511 -0.902585 0
    outer loop
      vertex 36.5249 -82.0364 0
      vertex 40.7683 -80.0124 15
      vertex 36.5249 -82.0364 15
    endloop
  endfacet
  facet normal 0.430511 -0.902585 0
    outer loop
      vertex 40.7683 -80.0124 15
      vertex 36.5249 -82.0364 0
      vertex 40.7683 -80.0124 0
    endloop
  endfacet
  facet normal -0.233461 0.972366 0
    outer loop
      vertex -18.6705 87.8377 0
      vertex -23.242 86.7401 15
      vertex -18.6705 87.8377 15
    endloop
  endfacet
  facet normal -0.233461 0.972366 0
    outer loop
      vertex -23.242 86.7401 15
      vertex -18.6705 87.8377 0
      vertex -23.242 86.7401 0
    endloop
  endfacet
  facet normal -0.793359 0.608754 0
    outer loop
      vertex -72.6497 52.7831 0
      vertex -69.7877 56.513 15
      vertex -69.7877 56.513 0
    endloop
  endfacet
  facet normal -0.793359 0.608754 0
    outer loop
      vertex -69.7877 56.513 15
      vertex -72.6497 52.7831 0
      vertex -72.6497 52.7831 15
    endloop
  endfacet
  facet normal 0.608754 -0.793359 0
    outer loop
      vertex 52.7831 -72.6497 0
      vertex 56.513 -69.7877 15
      vertex 52.7831 -72.6497 15
    endloop
  endfacet
  facet normal 0.608754 -0.793359 0
    outer loop
      vertex 56.513 -69.7877 15
      vertex 52.7831 -72.6497 0
      vertex 56.513 -69.7877 0
    endloop
  endfacet
  facet normal 0.972366 -0.233461 0
    outer loop
      vertex 86.7401 -23.242 15
      vertex 87.8377 -18.6705 0
      vertex 87.8377 -18.6705 15
    endloop
  endfacet
  facet normal 0.972366 -0.233461 0
    outer loop
      vertex 87.8377 -18.6705 0
      vertex 86.7401 -23.242 15
      vertex 86.7401 -23.242 0
    endloop
  endfacet
  facet normal -0.852638 0.522503 0
    outer loop
      vertex -77.7691 44.9 0
      vertex -75.3126 48.9086 15
      vertex -75.3126 48.9086 0
    endloop
  endfacet
  facet normal -0.852638 0.522503 0
    outer loop
      vertex -75.3126 48.9086 15
      vertex -77.7691 44.9 0
      vertex -77.7691 44.9 15
    endloop
  endfacet
  facet normal 0.72538 0.688349 0
    outer loop
      vertex 66.7344 60.0879 15
      vertex 63.4982 63.4982 0
      vertex 63.4982 63.4982 15
    endloop
  endfacet
  facet normal 0.72538 0.688349 0
    outer loop
      vertex 63.4982 63.4982 0
      vertex 66.7344 60.0879 15
      vertex 66.7344 60.0879 0
    endloop
  endfacet
  facet normal -0.522503 0.852638 0
    outer loop
      vertex -44.9 77.7691 0
      vertex -48.9086 75.3126 15
      vertex -44.9 77.7691 15
    endloop
  endfacet
  facet normal -0.522503 0.852638 0
    outer loop
      vertex -48.9086 75.3126 15
      vertex -44.9 77.7691 0
      vertex -48.9086 75.3126 0
    endloop
  endfacet
  facet normal -0.996918 0.0784451 0
    outer loop
      vertex -89.6769 4.69977 0
      vertex -89.3081 9.38666 15
      vertex -89.3081 9.38666 0
    endloop
  endfacet
  facet normal -0.996918 0.0784451 0
    outer loop
      vertex -89.3081 9.38666 15
      vertex -89.6769 4.69977 0
      vertex -89.6769 4.69977 15
    endloop
  endfacet
  facet normal -0.983257 0.182222 0
    outer loop
      vertex -88.6944 14.0478 0
      vertex -87.8377 18.6705 15
      vertex -87.8377 18.6705 0
    endloop
  endfacet
  facet normal -0.983257 0.182222 0
    outer loop
      vertex -87.8377 18.6705 15
      vertex -88.6944 14.0478 0
      vertex -88.6944 14.0478 15
    endloop
  endfacet
  facet normal -0.958822 -0.284007 0
    outer loop
      vertex -85.4049 -27.7497 0
      vertex -86.7401 -23.242 15
      vertex -86.7401 -23.242 0
    endloop
  endfacet
  facet normal -0.958822 -0.284007 0
    outer loop
      vertex -86.7401 -23.242 15
      vertex -85.4049 -27.7497 0
      vertex -85.4049 -27.7497 15
    endloop
  endfacet
  facet normal -0.566411 -0.824123 0
    outer loop
      vertex -52.7831 -72.6497 0
      vertex -48.9086 -75.3126 15
      vertex -52.7831 -72.6497 15
    endloop
  endfacet
  facet normal -0.566411 -0.824123 -0
    outer loop
      vertex -48.9086 -75.3126 15
      vertex -52.7831 -72.6497 0
      vertex -48.9086 -75.3126 0
    endloop
  endfacet
  facet normal -0.477154 0.87882 0
    outer loop
      vertex -40.7683 80.0124 0
      vertex -44.9 77.7691 15
      vertex -40.7683 80.0124 15
    endloop
  endfacet
  facet normal -0.477154 0.87882 0
    outer loop
      vertex -44.9 77.7691 15
      vertex -40.7683 80.0124 0
      vertex -44.9 77.7691 0
    endloop
  endfacet
  facet normal -0.87882 -0.477154 0
    outer loop
      vertex -77.7691 -44.9 0
      vertex -80.0124 -40.7683 15
      vertex -80.0124 -40.7683 0
    endloop
  endfacet
  facet normal -0.87882 -0.477154 0
    outer loop
      vertex -80.0124 -40.7683 15
      vertex -77.7691 -44.9 0
      vertex -77.7691 -44.9 15
    endloop
  endfacet
  facet normal 0.991438 0.130575 0
    outer loop
      vertex 39.6731 5 -30
      vertex 39.5075 6.25738 -31
      vertex 39.5075 6.25738 -30
    endloop
  endfacet
  facet normal 0.991438 0.130575 0
    outer loop
      vertex 39.5075 6.25738 -31
      vertex 39.6731 5 -30
      vertex 39.6731 5 -31
    endloop
  endfacet
  facet normal -0.430499 0.902591 0
    outer loop
      vertex -16.2695 36.5418 -31
      vertex -18.1596 35.6403 -30
      vertex -16.2695 36.5418 -30
    endloop
  endfacet
  facet normal -0.430499 0.902591 0
    outer loop
      vertex -18.1596 35.6403 -30
      vertex -16.2695 36.5418 -31
      vertex -18.1596 35.6403 -31
    endloop
  endfacet
  facet normal -0.522493 0.852644 0
    outer loop
      vertex -20 34.641 -31
      vertex -21.7856 33.5468 -30
      vertex -20 34.641 -30
    endloop
  endfacet
  facet normal -0.522493 0.852644 0
    outer loop
      vertex -21.7856 33.5468 -30
      vertex -20 34.641 -31
      vertex -21.7856 33.5468 -31
    endloop
  endfacet
  facet normal 0.522493 -0.852644 0
    outer loop
      vertex 20 -34.641 -31
      vertex 21.7856 -33.5468 -30
      vertex 20 -34.641 -30
    endloop
  endfacet
  facet normal 0.522493 -0.852644 0
    outer loop
      vertex 21.7856 -33.5468 -30
      vertex 20 -34.641 -31
      vertex 21.7856 -33.5468 -31
    endloop
  endfacet
  facet normal 0.852644 -0.522493 0
    outer loop
      vertex 33.5468 -21.7856 -30
      vertex 34.641 -20 -31
      vertex 34.641 -20 -30
    endloop
  endfacet
  facet normal 0.852644 -0.522493 0
    outer loop
      vertex 34.641 -20 -31
      vertex 33.5468 -21.7856 -30
      vertex 33.5468 -21.7856 -31
    endloop
  endfacet
  facet normal -0.983257 0.182222 0
    outer loop
      vertex -39.5075 6.25738 -31
      vertex -39.1259 8.31647 -30
      vertex -39.1259 8.31647 -31
    endloop
  endfacet
  facet normal -0.983257 0.182222 0
    outer loop
      vertex -39.1259 8.31647 -30
      vertex -39.5075 6.25738 -31
      vertex -39.5075 6.25738 -30
    endloop
  endfacet
  facet normal -0.130553 -0.991441 0
    outer loop
      vertex -6.25738 -39.5075 -31
      vertex -4.18114 -39.7809 -30
      vertex -6.25738 -39.5075 -30
    endloop
  endfacet
  facet normal -0.130553 -0.991441 -0
    outer loop
      vertex -4.18114 -39.7809 -30
      vertex -6.25738 -39.5075 -31
      vertex -4.18114 -39.7809 -31
    endloop
  endfacet
  facet normal 0.130553 -0.991441 0
    outer loop
      vertex 4.18114 -39.7809 -31
      vertex 6.25738 -39.5075 -30
      vertex 4.18114 -39.7809 -30
    endloop
  endfacet
  facet normal 0.130553 -0.991441 0
    outer loop
      vertex 6.25738 -39.5075 -30
      vertex 4.18114 -39.7809 -31
      vertex 6.25738 -39.5075 -31
    endloop
  endfacet
  facet normal -0.725392 0.688336 0
    outer loop
      vertex -29.7258 26.7652 -31
      vertex -28.2843 28.2843 -30
      vertex -28.2843 28.2843 -31
    endloop
  endfacet
  facet normal -0.725392 0.688336 0
    outer loop
      vertex -28.2843 28.2843 -30
      vertex -29.7258 26.7652 -31
      vertex -29.7258 26.7652 -30
    endloop
  endfacet
  facet normal 0.972368 -0.233455 0
    outer loop
      vertex 38.637 -10.3528 -30
      vertex 39.1259 -8.31647 -31
      vertex 39.1259 -8.31647 -30
    endloop
  endfacet
  facet normal 0.972368 -0.233455 0
    outer loop
      vertex 39.1259 -8.31647 -31
      vertex 38.637 -10.3528 -30
      vertex 38.637 -10.3528 -31
    endloop
  endfacet
  facet normal 0.0784565 0.996918 -0
    outer loop
      vertex 4.18114 39.7809 -31
      vertex 2.09344 39.9452 -30
      vertex 4.18114 39.7809 -30
    endloop
  endfacet
  facet normal 0.0784565 0.996918 0
    outer loop
      vertex 2.09344 39.9452 -30
      vertex 4.18114 39.7809 -31
      vertex 2.09344 39.9452 -31
    endloop
  endfacet
  facet normal -0.649438 -0.760415 0
    outer loop
      vertex -26.7652 -29.7258 -31
      vertex -25.1728 -31.0858 -30
      vertex -26.7652 -29.7258 -30
    endloop
  endfacet
  facet normal -0.649438 -0.760415 -0
    outer loop
      vertex -25.1728 -31.0858 -30
      vertex -26.7652 -29.7258 -31
      vertex -25.1728 -31.0858 -31
    endloop
  endfacet
  facet normal -0.824128 -0.566403 0
    outer loop
      vertex -32.3607 -23.5114 -31
      vertex -33.5468 -21.7856 -30
      vertex -33.5468 -21.7856 -31
    endloop
  endfacet
  facet normal -0.824128 -0.566403 0
    outer loop
      vertex -33.5468 -21.7856 -30
      vertex -32.3607 -23.5114 -31
      vertex -32.3607 -23.5114 -30
    endloop
  endfacet
  facet normal 0.477175 -0.878808 0
    outer loop
      vertex 18.1596 -35.6403 -31
      vertex 20 -34.641 -30
      vertex 18.1596 -35.6403 -30
    endloop
  endfacet
  facet normal 0.477175 -0.878808 0
    outer loop
      vertex 20 -34.641 -30
      vertex 18.1596 -35.6403 -31
      vertex 20 -34.641 -31
    endloop
  endfacet
  facet normal 0.60878 -0.793339 0
    outer loop
      vertex 23.5114 -32.3607 -31
      vertex 25.1728 -31.0858 -30
      vertex 23.5114 -32.3607 -30
    endloop
  endfacet
  facet normal 0.60878 -0.793339 0
    outer loop
      vertex 25.1728 -31.0858 -30
      vertex 23.5114 -32.3607 -31
      vertex 25.1728 -31.0858 -31
    endloop
  endfacet
  facet normal 0.382675 0.923883 -0
    outer loop
      vertex 16.2695 36.5418 -31
      vertex 14.3347 37.3432 -30
      vertex 16.2695 36.5418 -30
    endloop
  endfacet
  facet normal 0.382675 0.923883 0
    outer loop
      vertex 14.3347 37.3432 -30
      vertex 16.2695 36.5418 -31
      vertex 14.3347 37.3432 -31
    endloop
  endfacet
  facet normal 0.283986 0.958828 -0
    outer loop
      vertex 12.3607 38.0423 -31
      vertex 10.3528 38.637 -30
      vertex 12.3607 38.0423 -30
    endloop
  endfacet
  facet normal 0.283986 0.958828 0
    outer loop
      vertex 10.3528 38.637 -30
      vertex 12.3607 38.0423 -31
      vertex 10.3528 38.637 -31
    endloop
  endfacet
  facet normal -0.991438 -0.130575 0
    outer loop
      vertex -39.5075 -6.25738 -31
      vertex -39.6731 -5 -30
      vertex -39.6731 -5 -31
    endloop
  endfacet
  facet normal -0.991438 -0.130575 0
    outer loop
      vertex -39.6731 -5 -30
      vertex -39.5075 -6.25738 -31
      vertex -39.5075 -6.25738 -30
    endloop
  endfacet
  facet normal -0.824128 0.566403 0
    outer loop
      vertex -33.5468 21.7856 -31
      vertex -32.3607 23.5114 -30
      vertex -32.3607 23.5114 -31
    endloop
  endfacet
  facet normal -0.824128 0.566403 0
    outer loop
      vertex -32.3607 23.5114 -30
      vertex -33.5468 21.7856 -31
      vertex -33.5468 21.7856 -30
    endloop
  endfacet
  facet normal 0.923883 0.382675 0
    outer loop
      vertex 37.3432 14.3347 -30
      vertex 36.5418 16.2695 -31
      vertex 36.5418 16.2695 -30
    endloop
  endfacet
  facet normal 0.923883 0.382675 0
    outer loop
      vertex 36.5418 16.2695 -31
      vertex 37.3432 14.3347 -30
      vertex 37.3432 14.3347 -31
    endloop
  endfacet
  facet normal 0.60878 0.793339 -0
    outer loop
      vertex 25.1728 31.0858 -31
      vertex 23.5114 32.3607 -30
      vertex 25.1728 31.0858 -30
    endloop
  endfacet
  facet normal 0.60878 0.793339 0
    outer loop
      vertex 23.5114 32.3607 -30
      vertex 25.1728 31.0858 -31
      vertex 23.5114 32.3607 -31
    endloop
  endfacet
  facet normal 0.649438 0.760415 -0
    outer loop
      vertex 26.7652 29.7258 -31
      vertex 25.1728 31.0858 -30
      vertex 26.7652 29.7258 -30
    endloop
  endfacet
  facet normal 0.649438 0.760415 0
    outer loop
      vertex 25.1728 31.0858 -30
      vertex 26.7652 29.7258 -31
      vertex 25.1728 31.0858 -31
    endloop
  endfacet
  facet normal 0.382675 -0.923883 0
    outer loop
      vertex 14.3347 -37.3432 -31
      vertex 16.2695 -36.5418 -30
      vertex 14.3347 -37.3432 -30
    endloop
  endfacet
  facet normal 0.382675 -0.923883 0
    outer loop
      vertex 16.2695 -36.5418 -30
      vertex 14.3347 -37.3432 -31
      vertex 16.2695 -36.5418 -31
    endloop
  endfacet
  facet normal -0.566403 -0.824128 0
    outer loop
      vertex -23.5114 -32.3607 -31
      vertex -21.7856 -33.5468 -30
      vertex -23.5114 -32.3607 -30
    endloop
  endfacet
  facet normal -0.566403 -0.824128 -0
    outer loop
      vertex -21.7856 -33.5468 -30
      vertex -23.5114 -32.3607 -31
      vertex -21.7856 -33.5468 -31
    endloop
  endfacet
  facet normal -0.902591 0.430499 0
    outer loop
      vertex -36.5418 16.2695 -31
      vertex -35.6403 18.1596 -30
      vertex -35.6403 18.1596 -31
    endloop
  endfacet
  facet normal -0.902591 0.430499 0
    outer loop
      vertex -35.6403 18.1596 -30
      vertex -36.5418 16.2695 -31
      vertex -36.5418 16.2695 -30
    endloop
  endfacet
  facet normal -0.0784565 0.996918 0
    outer loop
      vertex -2.09344 39.9452 -31
      vertex -4.18114 39.7809 -30
      vertex -2.09344 39.9452 -30
    endloop
  endfacet
  facet normal -0.0784565 0.996918 0
    outer loop
      vertex -4.18114 39.7809 -30
      vertex -2.09344 39.9452 -31
      vertex -4.18114 39.7809 -31
    endloop
  endfacet
  facet normal 0.942631 -0.333837 0
    outer loop
      vertex 37.3432 -14.3347 -30
      vertex 38.0423 -12.3607 -31
      vertex 38.0423 -12.3607 -30
    endloop
  endfacet
  facet normal 0.942631 -0.333837 0
    outer loop
      vertex 38.0423 -12.3607 -31
      vertex 37.3432 -14.3347 -30
      vertex 37.3432 -14.3347 -31
    endloop
  endfacet
  facet normal -0.760415 0.649438 0
    outer loop
      vertex -31.0858 25.1728 -31
      vertex -29.7258 26.7652 -30
      vertex -29.7258 26.7652 -31
    endloop
  endfacet
  facet normal -0.760415 0.649438 0
    outer loop
      vertex -29.7258 26.7652 -30
      vertex -31.0858 25.1728 -31
      vertex -31.0858 25.1728 -30
    endloop
  endfacet
  facet normal 0.182222 0.983257 -0
    outer loop
      vertex 8.31647 39.1259 -31
      vertex 6.25738 39.5075 -30
      vertex 8.31647 39.1259 -30
    endloop
  endfacet
  facet normal 0.182222 0.983257 0
    outer loop
      vertex 6.25738 39.5075 -30
      vertex 8.31647 39.1259 -31
      vertex 6.25738 39.5075 -31
    endloop
  endfacet
  facet normal 0.824128 0.566403 0
    outer loop
      vertex 33.5468 21.7856 -30
      vertex 32.3607 23.5114 -31
      vertex 32.3607 23.5114 -30
    endloop
  endfacet
  facet normal 0.824128 0.566403 0
    outer loop
      vertex 32.3607 23.5114 -31
      vertex 33.5468 21.7856 -30
      vertex 33.5468 21.7856 -31
    endloop
  endfacet
  facet normal 0.688336 0.725392 -0
    outer loop
      vertex 28.2843 28.2843 -31
      vertex 26.7652 29.7258 -30
      vertex 28.2843 28.2843 -30
    endloop
  endfacet
  facet normal 0.688336 0.725392 0
    outer loop
      vertex 26.7652 29.7258 -30
      vertex 28.2843 28.2843 -31
      vertex 26.7652 29.7258 -31
    endloop
  endfacet
  facet normal 0.760415 -0.649438 0
    outer loop
      vertex 29.7258 -26.7652 -30
      vertex 31.0858 -25.1728 -31
      vertex 31.0858 -25.1728 -30
    endloop
  endfacet
  facet normal 0.760415 -0.649438 0
    outer loop
      vertex 31.0858 -25.1728 -31
      vertex 29.7258 -26.7652 -30
      vertex 29.7258 -26.7652 -31
    endloop
  endfacet
  facet normal 0.793339 0.60878 0
    outer loop
      vertex 32.3607 23.5114 -30
      vertex 31.0858 25.1728 -31
      vertex 31.0858 25.1728 -30
    endloop
  endfacet
  facet normal 0.793339 0.60878 0
    outer loop
      vertex 31.0858 25.1728 -31
      vertex 32.3607 23.5114 -30
      vertex 32.3607 23.5114 -31
    endloop
  endfacet
  facet normal -0.983257 -0.182222 0
    outer loop
      vertex -39.1259 -8.31647 -31
      vertex -39.5075 -6.25738 -30
      vertex -39.5075 -6.25738 -31
    endloop
  endfacet
  facet normal -0.983257 -0.182222 0
    outer loop
      vertex -39.5075 -6.25738 -30
      vertex -39.1259 -8.31647 -31
      vertex -39.1259 -8.31647 -30
    endloop
  endfacet
  facet normal 0.852644 0.522493 0
    outer loop
      vertex 34.641 20 -30
      vertex 33.5468 21.7856 -31
      vertex 33.5468 21.7856 -30
    endloop
  endfacet
  facet normal 0.852644 0.522493 0
    outer loop
      vertex 33.5468 21.7856 -31
      vertex 34.641 20 -30
      vertex 34.641 20 -31
    endloop
  endfacet
  facet normal 0.566403 0.824128 -0
    outer loop
      vertex 23.5114 32.3607 -31
      vertex 21.7856 33.5468 -30
      vertex 23.5114 32.3607 -30
    endloop
  endfacet
  facet normal 0.566403 0.824128 0
    outer loop
      vertex 21.7856 33.5468 -30
      vertex 23.5114 32.3607 -31
      vertex 21.7856 33.5468 -31
    endloop
  endfacet
  facet normal 0.958828 0.283986 0
    outer loop
      vertex 38.637 10.3528 -30
      vertex 38.0423 12.3607 -31
      vertex 38.0423 12.3607 -30
    endloop
  endfacet
  facet normal 0.958828 0.283986 0
    outer loop
      vertex 38.0423 12.3607 -31
      vertex 38.637 10.3528 -30
      vertex 38.637 10.3528 -31
    endloop
  endfacet
  facet normal -0.878808 0.477175 0
    outer loop
      vertex -35.6403 18.1596 -31
      vertex -34.641 20 -30
      vertex -34.641 20 -31
    endloop
  endfacet
  facet normal -0.878808 0.477175 0
    outer loop
      vertex -34.641 20 -30
      vertex -35.6403 18.1596 -31
      vertex -35.6403 18.1596 -30
    endloop
  endfacet
  facet normal 0.725392 -0.688336 0
    outer loop
      vertex 28.2843 -28.2843 -30
      vertex 29.7258 -26.7652 -31
      vertex 29.7258 -26.7652 -30
    endloop
  endfacet
  facet normal 0.725392 -0.688336 0
    outer loop
      vertex 29.7258 -26.7652 -31
      vertex 28.2843 -28.2843 -30
      vertex 28.2843 -28.2843 -31
    endloop
  endfacet
  facet normal -0.688336 -0.725392 0
    outer loop
      vertex -28.2843 -28.2843 -31
      vertex -26.7652 -29.7258 -30
      vertex -28.2843 -28.2843 -30
    endloop
  endfacet
  facet normal -0.688336 -0.725392 -0
    outer loop
      vertex -26.7652 -29.7258 -30
      vertex -28.2843 -28.2843 -31
      vertex -26.7652 -29.7258 -31
    endloop
  endfacet
  facet normal -0.333837 0.942631 0
    outer loop
      vertex -12.3607 38.0423 -31
      vertex -14.3347 37.3432 -30
      vertex -12.3607 38.0423 -30
    endloop
  endfacet
  facet normal -0.333837 0.942631 0
    outer loop
      vertex -14.3347 37.3432 -30
      vertex -12.3607 38.0423 -31
      vertex -14.3347 37.3432 -31
    endloop
  endfacet
  facet normal 0.942631 0.333837 0
    outer loop
      vertex 38.0423 12.3607 -30
      vertex 37.3432 14.3347 -31
      vertex 37.3432 14.3347 -30
    endloop
  endfacet
  facet normal 0.942631 0.333837 0
    outer loop
      vertex 37.3432 14.3347 -31
      vertex 38.0423 12.3607 -30
      vertex 38.0423 12.3607 -31
    endloop
  endfacet
  facet normal -0.283986 -0.958828 0
    outer loop
      vertex -12.3607 -38.0423 -31
      vertex -10.3528 -38.637 -30
      vertex -12.3607 -38.0423 -30
    endloop
  endfacet
  facet normal -0.283986 -0.958828 -0
    outer loop
      vertex -10.3528 -38.637 -30
      vertex -12.3607 -38.0423 -31
      vertex -10.3528 -38.637 -31
    endloop
  endfacet
  facet normal 0.130553 0.991441 -0
    outer loop
      vertex 6.25738 39.5075 -31
      vertex 4.18114 39.7809 -30
      vertex 6.25738 39.5075 -30
    endloop
  endfacet
  facet normal 0.130553 0.991441 0
    outer loop
      vertex 4.18114 39.7809 -30
      vertex 6.25738 39.5075 -31
      vertex 4.18114 39.7809 -31
    endloop
  endfacet
  facet normal -0.942631 0.333837 0
    outer loop
      vertex -38.0423 12.3607 -31
      vertex -37.3432 14.3347 -30
      vertex -37.3432 14.3347 -31
    endloop
  endfacet
  facet normal -0.942631 0.333837 0
    outer loop
      vertex -37.3432 14.3347 -30
      vertex -38.0423 12.3607 -31
      vertex -38.0423 12.3607 -30
    endloop
  endfacet
  facet normal 0.333837 -0.942631 0
    outer loop
      vertex 12.3607 -38.0423 -31
      vertex 14.3347 -37.3432 -30
      vertex 12.3607 -38.0423 -30
    endloop
  endfacet
  facet normal 0.333837 -0.942631 0
    outer loop
      vertex 14.3347 -37.3432 -30
      vertex 12.3607 -38.0423 -31
      vertex 14.3347 -37.3432 -31
    endloop
  endfacet
  facet normal 0.991438 -0.130575 0
    outer loop
      vertex 39.5075 -6.25738 -30
      vertex 39.6731 -5 -31
      vertex 39.6731 -5 -30
    endloop
  endfacet
  facet normal 0.991438 -0.130575 0
    outer loop
      vertex 39.6731 -5 -31
      vertex 39.5075 -6.25738 -30
      vertex 39.5075 -6.25738 -31
    endloop
  endfacet
  facet normal -0.760415 -0.649438 0
    outer loop
      vertex -29.7258 -26.7652 -31
      vertex -31.0858 -25.1728 -30
      vertex -31.0858 -25.1728 -31
    endloop
  endfacet
  facet normal -0.760415 -0.649438 0
    outer loop
      vertex -31.0858 -25.1728 -30
      vertex -29.7258 -26.7652 -31
      vertex -29.7258 -26.7652 -30
    endloop
  endfacet
  facet normal -0.026168 0.999658 0
    outer loop
      vertex 0 40 -31
      vertex -2.09344 39.9452 -30
      vertex 0 40 -30
    endloop
  endfacet
  facet normal -0.026168 0.999658 0
    outer loop
      vertex -2.09344 39.9452 -30
      vertex 0 40 -31
      vertex -2.09344 39.9452 -31
    endloop
  endfacet
  facet normal 0.026168 -0.999658 0
    outer loop
      vertex 0 -40 -31
      vertex 2.09344 -39.9452 -30
      vertex 0 -40 -30
    endloop
  endfacet
  facet normal 0.026168 -0.999658 0
    outer loop
      vertex 2.09344 -39.9452 -30
      vertex 0 -40 -31
      vertex 2.09344 -39.9452 -31
    endloop
  endfacet
  facet normal -0.649438 0.760415 0
    outer loop
      vertex -25.1728 31.0858 -31
      vertex -26.7652 29.7258 -30
      vertex -25.1728 31.0858 -30
    endloop
  endfacet
  facet normal -0.649438 0.760415 0
    outer loop
      vertex -26.7652 29.7258 -30
      vertex -25.1728 31.0858 -31
      vertex -26.7652 29.7258 -31
    endloop
  endfacet
  facet normal 0.878808 0.477175 0
    outer loop
      vertex 35.6403 18.1596 -30
      vertex 34.641 20 -31
      vertex 34.641 20 -30
    endloop
  endfacet
  facet normal 0.878808 0.477175 0
    outer loop
      vertex 34.641 20 -31
      vertex 35.6403 18.1596 -30
      vertex 35.6403 18.1596 -31
    endloop
  endfacet
  facet normal -0.233455 -0.972368 0
    outer loop
      vertex -10.3528 -38.637 -31
      vertex -8.31647 -39.1259 -30
      vertex -10.3528 -38.637 -30
    endloop
  endfacet
  facet normal -0.233455 -0.972368 -0
    outer loop
      vertex -8.31647 -39.1259 -30
      vertex -10.3528 -38.637 -31
      vertex -8.31647 -39.1259 -31
    endloop
  endfacet
  facet normal -0.793339 -0.60878 0
    outer loop
      vertex -31.0858 -25.1728 -31
      vertex -32.3607 -23.5114 -30
      vertex -32.3607 -23.5114 -31
    endloop
  endfacet
  facet normal -0.793339 -0.60878 0
    outer loop
      vertex -32.3607 -23.5114 -30
      vertex -31.0858 -25.1728 -31
      vertex -31.0858 -25.1728 -30
    endloop
  endfacet
  facet normal 0.233455 0.972368 -0
    outer loop
      vertex 10.3528 38.637 -31
      vertex 8.31647 39.1259 -30
      vertex 10.3528 38.637 -30
    endloop
  endfacet
  facet normal 0.233455 0.972368 0
    outer loop
      vertex 8.31647 39.1259 -30
      vertex 10.3528 38.637 -31
      vertex 8.31647 39.1259 -31
    endloop
  endfacet
  facet normal -0.958828 -0.283986 0
    outer loop
      vertex -38.0423 -12.3607 -31
      vertex -38.637 -10.3528 -30
      vertex -38.637 -10.3528 -31
    endloop
  endfacet
  facet normal -0.958828 -0.283986 0
    outer loop
      vertex -38.637 -10.3528 -30
      vertex -38.0423 -12.3607 -31
      vertex -38.0423 -12.3607 -30
    endloop
  endfacet
  facet normal 0.026168 0.999658 -0
    outer loop
      vertex 2.09344 39.9452 -31
      vertex 0 40 -30
      vertex 2.09344 39.9452 -30
    endloop
  endfacet
  facet normal 0.026168 0.999658 0
    outer loop
      vertex 0 40 -30
      vertex 2.09344 39.9452 -31
      vertex 0 40 -31
    endloop
  endfacet
  facet normal 0.958828 -0.283986 0
    outer loop
      vertex 38.0423 -12.3607 -30
      vertex 38.637 -10.3528 -31
      vertex 38.637 -10.3528 -30
    endloop
  endfacet
  facet normal 0.958828 -0.283986 0
    outer loop
      vertex 38.637 -10.3528 -31
      vertex 38.0423 -12.3607 -30
      vertex 38.0423 -12.3607 -31
    endloop
  endfacet
  facet normal -0.283986 0.958828 0
    outer loop
      vertex -10.3528 38.637 -31
      vertex -12.3607 38.0423 -30
      vertex -10.3528 38.637 -30
    endloop
  endfacet
  facet normal -0.283986 0.958828 0
    outer loop
      vertex -12.3607 38.0423 -30
      vertex -10.3528 38.637 -31
      vertex -12.3607 38.0423 -31
    endloop
  endfacet
  facet normal 0.0784565 -0.996918 0
    outer loop
      vertex 2.09344 -39.9452 -31
      vertex 4.18114 -39.7809 -30
      vertex 2.09344 -39.9452 -30
    endloop
  endfacet
  facet normal 0.0784565 -0.996918 0
    outer loop
      vertex 4.18114 -39.7809 -30
      vertex 2.09344 -39.9452 -31
      vertex 4.18114 -39.7809 -31
    endloop
  endfacet
  facet normal 0.333837 0.942631 -0
    outer loop
      vertex 14.3347 37.3432 -31
      vertex 12.3607 38.0423 -30
      vertex 14.3347 37.3432 -30
    endloop
  endfacet
  facet normal 0.333837 0.942631 0
    outer loop
      vertex 12.3607 38.0423 -30
      vertex 14.3347 37.3432 -31
      vertex 12.3607 38.0423 -31
    endloop
  endfacet
  facet normal -0.852644 0.522493 0
    outer loop
      vertex -34.641 20 -31
      vertex -33.5468 21.7856 -30
      vertex -33.5468 21.7856 -31
    endloop
  endfacet
  facet normal -0.852644 0.522493 0
    outer loop
      vertex -33.5468 21.7856 -30
      vertex -34.641 20 -31
      vertex -34.641 20 -30
    endloop
  endfacet
  facet normal -0.130553 0.991441 0
    outer loop
      vertex -4.18114 39.7809 -31
      vertex -6.25738 39.5075 -30
      vertex -4.18114 39.7809 -30
    endloop
  endfacet
  facet normal -0.130553 0.991441 0
    outer loop
      vertex -6.25738 39.5075 -30
      vertex -4.18114 39.7809 -31
      vertex -6.25738 39.5075 -31
    endloop
  endfacet
  facet normal 0.283986 -0.958828 0
    outer loop
      vertex 10.3528 -38.637 -31
      vertex 12.3607 -38.0423 -30
      vertex 10.3528 -38.637 -30
    endloop
  endfacet
  facet normal 0.283986 -0.958828 0
    outer loop
      vertex 12.3607 -38.0423 -30
      vertex 10.3528 -38.637 -31
      vertex 12.3607 -38.0423 -31
    endloop
  endfacet
  facet normal -0.958828 0.283986 0
    outer loop
      vertex -38.637 10.3528 -31
      vertex -38.0423 12.3607 -30
      vertex -38.0423 12.3607 -31
    endloop
  endfacet
  facet normal -0.958828 0.283986 0
    outer loop
      vertex -38.0423 12.3607 -30
      vertex -38.637 10.3528 -31
      vertex -38.637 10.3528 -30
    endloop
  endfacet
  facet normal -0.430499 -0.902591 0
    outer loop
      vertex -18.1596 -35.6403 -31
      vertex -16.2695 -36.5418 -30
      vertex -18.1596 -35.6403 -30
    endloop
  endfacet
  facet normal -0.430499 -0.902591 -0
    outer loop
      vertex -16.2695 -36.5418 -30
      vertex -18.1596 -35.6403 -31
      vertex -16.2695 -36.5418 -31
    endloop
  endfacet
  facet normal 0.824128 -0.566403 0
    outer loop
      vertex 32.3607 -23.5114 -30
      vertex 33.5468 -21.7856 -31
      vertex 33.5468 -21.7856 -30
    endloop
  endfacet
  facet normal 0.824128 -0.566403 0
    outer loop
      vertex 33.5468 -21.7856 -31
      vertex 32.3607 -23.5114 -30
      vertex 32.3607 -23.5114 -31
    endloop
  endfacet
  facet normal -0.942631 -0.333837 0
    outer loop
      vertex -37.3432 -14.3347 -31
      vertex -38.0423 -12.3607 -30
      vertex -38.0423 -12.3607 -31
    endloop
  endfacet
  facet normal -0.942631 -0.333837 0
    outer loop
      vertex -38.0423 -12.3607 -30
      vertex -37.3432 -14.3347 -31
      vertex -37.3432 -14.3347 -30
    endloop
  endfacet
  facet normal -0.522493 -0.852644 0
    outer loop
      vertex -21.7856 -33.5468 -31
      vertex -20 -34.641 -30
      vertex -21.7856 -33.5468 -30
    endloop
  endfacet
  facet normal -0.522493 -0.852644 -0
    outer loop
      vertex -20 -34.641 -30
      vertex -21.7856 -33.5468 -31
      vertex -20 -34.641 -31
    endloop
  endfacet
  facet normal 0.983257 0.182222 0
    outer loop
      vertex 39.5075 6.25738 -30
      vertex 39.1259 8.31647 -31
      vertex 39.1259 8.31647 -30
    endloop
  endfacet
  facet normal 0.983257 0.182222 0
    outer loop
      vertex 39.1259 8.31647 -31
      vertex 39.5075 6.25738 -30
      vertex 39.5075 6.25738 -31
    endloop
  endfacet
  facet normal 0.902591 0.430499 0
    outer loop
      vertex 36.5418 16.2695 -30
      vertex 35.6403 18.1596 -31
      vertex 35.6403 18.1596 -30
    endloop
  endfacet
  facet normal 0.902591 0.430499 0
    outer loop
      vertex 35.6403 18.1596 -31
      vertex 36.5418 16.2695 -30
      vertex 36.5418 16.2695 -31
    endloop
  endfacet
  facet normal -0.182222 -0.983257 0
    outer loop
      vertex -8.31647 -39.1259 -31
      vertex -6.25738 -39.5075 -30
      vertex -8.31647 -39.1259 -30
    endloop
  endfacet
  facet normal -0.182222 -0.983257 -0
    outer loop
      vertex -6.25738 -39.5075 -30
      vertex -8.31647 -39.1259 -31
      vertex -6.25738 -39.5075 -31
    endloop
  endfacet
  facet normal 0.793339 -0.60878 0
    outer loop
      vertex 31.0858 -25.1728 -30
      vertex 32.3607 -23.5114 -31
      vertex 32.3607 -23.5114 -30
    endloop
  endfacet
  facet normal 0.793339 -0.60878 0
    outer loop
      vertex 32.3607 -23.5114 -31
      vertex 31.0858 -25.1728 -30
      vertex 31.0858 -25.1728 -31
    endloop
  endfacet
  facet normal -0.026168 -0.999658 0
    outer loop
      vertex -2.09344 -39.9452 -31
      vertex 0 -40 -30
      vertex -2.09344 -39.9452 -30
    endloop
  endfacet
  facet normal -0.026168 -0.999658 -0
    outer loop
      vertex 0 -40 -30
      vertex -2.09344 -39.9452 -31
      vertex 0 -40 -31
    endloop
  endfacet
  facet normal 0.760415 0.649438 0
    outer loop
      vertex 31.0858 25.1728 -30
      vertex 29.7258 26.7652 -31
      vertex 29.7258 26.7652 -30
    endloop
  endfacet
  facet normal 0.760415 0.649438 0
    outer loop
      vertex 29.7258 26.7652 -31
      vertex 31.0858 25.1728 -30
      vertex 31.0858 25.1728 -31
    endloop
  endfacet
  facet normal -0.182222 0.983257 0
    outer loop
      vertex -6.25738 39.5075 -31
      vertex -8.31647 39.1259 -30
      vertex -6.25738 39.5075 -30
    endloop
  endfacet
  facet normal -0.182222 0.983257 0
    outer loop
      vertex -8.31647 39.1259 -30
      vertex -6.25738 39.5075 -31
      vertex -8.31647 39.1259 -31
    endloop
  endfacet
  facet normal 0.972368 0.233455 0
    outer loop
      vertex 39.1259 8.31647 -30
      vertex 38.637 10.3528 -31
      vertex 38.637 10.3528 -30
    endloop
  endfacet
  facet normal 0.972368 0.233455 0
    outer loop
      vertex 38.637 10.3528 -31
      vertex 39.1259 8.31647 -30
      vertex 39.1259 8.31647 -31
    endloop
  endfacet
  facet normal -0.60878 0.793339 0
    outer loop
      vertex -23.5114 32.3607 -31
      vertex -25.1728 31.0858 -30
      vertex -23.5114 32.3607 -30
    endloop
  endfacet
  facet normal -0.60878 0.793339 0
    outer loop
      vertex -25.1728 31.0858 -30
      vertex -23.5114 32.3607 -31
      vertex -25.1728 31.0858 -31
    endloop
  endfacet
  facet normal 0.430499 0.902591 -0
    outer loop
      vertex 18.1596 35.6403 -31
      vertex 16.2695 36.5418 -30
      vertex 18.1596 35.6403 -30
    endloop
  endfacet
  facet normal 0.430499 0.902591 0
    outer loop
      vertex 16.2695 36.5418 -30
      vertex 18.1596 35.6403 -31
      vertex 16.2695 36.5418 -31
    endloop
  endfacet
  facet normal -0.972368 0.233455 0
    outer loop
      vertex -39.1259 8.31647 -31
      vertex -38.637 10.3528 -30
      vertex -38.637 10.3528 -31
    endloop
  endfacet
  facet normal -0.972368 0.233455 0
    outer loop
      vertex -38.637 10.3528 -30
      vertex -39.1259 8.31647 -31
      vertex -39.1259 8.31647 -30
    endloop
  endfacet
  facet normal -0.477175 0.878808 0
    outer loop
      vertex -18.1596 35.6403 -31
      vertex -20 34.641 -30
      vertex -18.1596 35.6403 -30
    endloop
  endfacet
  facet normal -0.477175 0.878808 0
    outer loop
      vertex -20 34.641 -30
      vertex -18.1596 35.6403 -31
      vertex -20 34.641 -31
    endloop
  endfacet
  facet normal -0.688336 0.725392 0
    outer loop
      vertex -26.7652 29.7258 -31
      vertex -28.2843 28.2843 -30
      vertex -26.7652 29.7258 -30
    endloop
  endfacet
  facet normal -0.688336 0.725392 0
    outer loop
      vertex -28.2843 28.2843 -30
      vertex -26.7652 29.7258 -31
      vertex -28.2843 28.2843 -31
    endloop
  endfacet
  facet normal -0.991438 0.130575 0
    outer loop
      vertex -39.6731 5 -31
      vertex -39.5075 6.25738 -30
      vertex -39.5075 6.25738 -31
    endloop
  endfacet
  facet normal -0.991438 0.130575 0
    outer loop
      vertex -39.5075 6.25738 -30
      vertex -39.6731 5 -31
      vertex -39.6731 5 -30
    endloop
  endfacet
  facet normal 0.725392 0.688336 0
    outer loop
      vertex 29.7258 26.7652 -30
      vertex 28.2843 28.2843 -31
      vertex 28.2843 28.2843 -30
    endloop
  endfacet
  facet normal 0.725392 0.688336 0
    outer loop
      vertex 28.2843 28.2843 -31
      vertex 29.7258 26.7652 -30
      vertex 29.7258 26.7652 -31
    endloop
  endfacet
  facet normal 0.878808 -0.477175 0
    outer loop
      vertex 34.641 -20 -30
      vertex 35.6403 -18.1596 -31
      vertex 35.6403 -18.1596 -30
    endloop
  endfacet
  facet normal 0.878808 -0.477175 0
    outer loop
      vertex 35.6403 -18.1596 -31
      vertex 34.641 -20 -30
      vertex 34.641 -20 -31
    endloop
  endfacet
  facet normal 0.688336 -0.725392 0
    outer loop
      vertex 26.7652 -29.7258 -31
      vertex 28.2843 -28.2843 -30
      vertex 26.7652 -29.7258 -30
    endloop
  endfacet
  facet normal 0.688336 -0.725392 0
    outer loop
      vertex 28.2843 -28.2843 -30
      vertex 26.7652 -29.7258 -31
      vertex 28.2843 -28.2843 -31
    endloop
  endfacet
  facet normal 0.522493 0.852644 -0
    outer loop
      vertex 21.7856 33.5468 -31
      vertex 20 34.641 -30
      vertex 21.7856 33.5468 -30
    endloop
  endfacet
  facet normal 0.522493 0.852644 0
    outer loop
      vertex 20 34.641 -30
      vertex 21.7856 33.5468 -31
      vertex 20 34.641 -31
    endloop
  endfacet
  facet normal 0.566403 -0.824128 0
    outer loop
      vertex 21.7856 -33.5468 -31
      vertex 23.5114 -32.3607 -30
      vertex 21.7856 -33.5468 -30
    endloop
  endfacet
  facet normal 0.566403 -0.824128 0
    outer loop
      vertex 23.5114 -32.3607 -30
      vertex 21.7856 -33.5468 -31
      vertex 23.5114 -32.3607 -31
    endloop
  endfacet
  facet normal 0.923883 -0.382675 0
    outer loop
      vertex 36.5418 -16.2695 -30
      vertex 37.3432 -14.3347 -31
      vertex 37.3432 -14.3347 -30
    endloop
  endfacet
  facet normal 0.923883 -0.382675 0
    outer loop
      vertex 37.3432 -14.3347 -31
      vertex 36.5418 -16.2695 -30
      vertex 36.5418 -16.2695 -31
    endloop
  endfacet
  facet normal -0.852644 -0.522493 0
    outer loop
      vertex -33.5468 -21.7856 -31
      vertex -34.641 -20 -30
      vertex -34.641 -20 -31
    endloop
  endfacet
  facet normal -0.852644 -0.522493 0
    outer loop
      vertex -34.641 -20 -30
      vertex -33.5468 -21.7856 -31
      vertex -33.5468 -21.7856 -30
    endloop
  endfacet
  facet normal -0.725392 -0.688336 0
    outer loop
      vertex -28.2843 -28.2843 -31
      vertex -29.7258 -26.7652 -30
      vertex -29.7258 -26.7652 -31
    endloop
  endfacet
  facet normal -0.725392 -0.688336 0
    outer loop
      vertex -29.7258 -26.7652 -30
      vertex -28.2843 -28.2843 -31
      vertex -28.2843 -28.2843 -30
    endloop
  endfacet
  facet normal 0.182222 -0.983257 0
    outer loop
      vertex 6.25738 -39.5075 -31
      vertex 8.31647 -39.1259 -30
      vertex 6.25738 -39.5075 -30
    endloop
  endfacet
  facet normal 0.182222 -0.983257 0
    outer loop
      vertex 8.31647 -39.1259 -30
      vertex 6.25738 -39.5075 -31
      vertex 8.31647 -39.1259 -31
    endloop
  endfacet
  facet normal 0.233455 -0.972368 0
    outer loop
      vertex 8.31647 -39.1259 -31
      vertex 10.3528 -38.637 -30
      vertex 8.31647 -39.1259 -30
    endloop
  endfacet
  facet normal 0.233455 -0.972368 0
    outer loop
      vertex 10.3528 -38.637 -30
      vertex 8.31647 -39.1259 -31
      vertex 10.3528 -38.637 -31
    endloop
  endfacet
  facet normal -0.333837 -0.942631 0
    outer loop
      vertex -14.3347 -37.3432 -31
      vertex -12.3607 -38.0423 -30
      vertex -14.3347 -37.3432 -30
    endloop
  endfacet
  facet normal -0.333837 -0.942631 -0
    outer loop
      vertex -12.3607 -38.0423 -30
      vertex -14.3347 -37.3432 -31
      vertex -12.3607 -38.0423 -31
    endloop
  endfacet
  facet normal -0.0784565 -0.996918 0
    outer loop
      vertex -4.18114 -39.7809 -31
      vertex -2.09344 -39.9452 -30
      vertex -4.18114 -39.7809 -30
    endloop
  endfacet
  facet normal -0.0784565 -0.996918 -0
    outer loop
      vertex -2.09344 -39.9452 -30
      vertex -4.18114 -39.7809 -31
      vertex -2.09344 -39.9452 -31
    endloop
  endfacet
  facet normal 0.477175 0.878808 -0
    outer loop
      vertex 20 34.641 -31
      vertex 18.1596 35.6403 -30
      vertex 20 34.641 -30
    endloop
  endfacet
  facet normal 0.477175 0.878808 0
    outer loop
      vertex 18.1596 35.6403 -30
      vertex 20 34.641 -31
      vertex 18.1596 35.6403 -31
    endloop
  endfacet
  facet normal 0.430499 -0.902591 0
    outer loop
      vertex 16.2695 -36.5418 -31
      vertex 18.1596 -35.6403 -30
      vertex 16.2695 -36.5418 -30
    endloop
  endfacet
  facet normal 0.430499 -0.902591 0
    outer loop
      vertex 18.1596 -35.6403 -30
      vertex 16.2695 -36.5418 -31
      vertex 18.1596 -35.6403 -31
    endloop
  endfacet
  facet normal 0.983257 -0.182222 0
    outer loop
      vertex 39.1259 -8.31647 -30
      vertex 39.5075 -6.25738 -31
      vertex 39.5075 -6.25738 -30
    endloop
  endfacet
  facet normal 0.983257 -0.182222 0
    outer loop
      vertex 39.5075 -6.25738 -31
      vertex 39.1259 -8.31647 -30
      vertex 39.1259 -8.31647 -31
    endloop
  endfacet
  facet normal -0.793339 0.60878 0
    outer loop
      vertex -32.3607 23.5114 -31
      vertex -31.0858 25.1728 -30
      vertex -31.0858 25.1728 -31
    endloop
  endfacet
  facet normal -0.793339 0.60878 0
    outer loop
      vertex -31.0858 25.1728 -30
      vertex -32.3607 23.5114 -31
      vertex -32.3607 23.5114 -30
    endloop
  endfacet
  facet normal 0 0 -1
    outer loop
      vertex 39.6731 5 -31
      vertex 39.1259 8.31647 -31
      vertex 39.5075 6.25738 -31
    endloop
  endfacet
  facet normal 0 0 -1
    outer loop
      vertex 39.6731 5 -31
      vertex 38.637 10.3528 -31
      vertex 39.1259 8.31647 -31
    endloop
  endfacet
  facet normal 0 0 -1
    outer loop
      vertex 39.6731 5 -31
      vertex 38.0423 12.3607 -31
      vertex 38.637 10.3528 -31
    endloop
  endfacet
  facet normal 0 0 -1
    outer loop
      vertex 39.6731 5 -31
      vertex 37.3432 14.3347 -31
      vertex 38.0423 12.3607 -31
    endloop
  endfacet
  facet normal 0 0 -1
    outer loop
      vertex 39.6731 5 -31
      vertex 36.5418 16.2695 -31
      vertex 37.3432 14.3347 -31
    endloop
  endfacet
  facet normal 0 0 -1
    outer loop
      vertex 39.6731 5 -31
      vertex 35.6403 18.1596 -31
      vertex 36.5418 16.2695 -31
    endloop
  endfacet
  facet normal 0 0 -1
    outer loop
      vertex 39.6731 5 -31
      vertex 34.641 20 -31
      vertex 35.6403 18.1596 -31
    endloop
  endfacet
  facet normal 0 0 -1
    outer loop
      vertex 39.6731 5 -31
      vertex 33.5468 21.7856 -31
      vertex 34.641 20 -31
    endloop
  endfacet
  facet normal 0 0 -1
    outer loop
      vertex 39.6731 5 -31
      vertex 32.3607 23.5114 -31
      vertex 33.5468 21.7856 -31
    endloop
  endfacet
  facet normal 0 0 -1
    outer loop
      vertex 39.6731 5 -31
      vertex 31.0858 25.1728 -31
      vertex 32.3607 23.5114 -31
    endloop
  endfacet
  facet normal 0 0 -1
    outer loop
      vertex 39.6731 5 -31
      vertex 29.7258 26.7652 -31
      vertex 31.0858 25.1728 -31
    endloop
  endfacet
  facet normal 0 0 -1
    outer loop
      vertex 39.6731 5 -31
      vertex 28.2843 28.2843 -31
      vertex 29.7258 26.7652 -31
    endloop
  endfacet
  facet normal 0 0 -1
    outer loop
      vertex 39.6731 5 -31
      vertex 26.7652 29.7258 -31
      vertex 28.2843 28.2843 -31
    endloop
  endfacet
  facet normal 0 0 -1
    outer loop
      vertex 39.6731 5 -31
      vertex 25.1728 31.0858 -31
      vertex 26.7652 29.7258 -31
    endloop
  endfacet
  facet normal 0 0 -1
    outer loop
      vertex 39.6731 5 -31
      vertex 23.5114 32.3607 -31
      vertex 25.1728 31.0858 -31
    endloop
  endfacet
  facet normal 0 0 -1
    outer loop
      vertex 39.6731 5 -31
      vertex 21.7856 33.5468 -31
      vertex 23.5114 32.3607 -31
    endloop
  endfacet
  facet normal 0 0 -1
    outer loop
      vertex 39.6731 5 -31
      vertex 20 34.641 -31
      vertex 21.7856 33.5468 -31
    endloop
  endfacet
  facet normal 0 0 -1
    outer loop
      vertex 39.6731 5 -31
      vertex 18.1596 35.6403 -31
      vertex 20 34.641 -31
    endloop
  endfacet
  facet normal 0 0 -1
    outer loop
      vertex 39.6731 5 -31
      vertex 16.2695 36.5418 -31
      vertex 18.1596 35.6403 -31
    endloop
  endfacet
  facet normal 0 0 -1
    outer loop
      vertex 39.6731 5 -31
      vertex 14.3347 37.3432 -31
      vertex 16.2695 36.5418 -31
    endloop
  endfacet
  facet normal 0 0 -1
    outer loop
      vertex 39.6731 5 -31
      vertex 12.3607 38.0423 -31
      vertex 14.3347 37.3432 -31
    endloop
  endfacet
  facet normal 0 0 -1
    outer loop
      vertex 39.6731 5 -31
      vertex 10.3528 38.637 -31
      vertex 12.3607 38.0423 -31
    endloop
  endfacet
  facet normal 0 0 -1
    outer loop
      vertex 39.6731 5 -31
      vertex 8.31647 39.1259 -31
      vertex 10.3528 38.637 -31
    endloop
  endfacet
  facet normal 0 0 -1
    outer loop
      vertex 39.6731 5 -31
      vertex 6.25738 39.5075 -31
      vertex 8.31647 39.1259 -31
    endloop
  endfacet
  facet normal 0 0 -1
    outer loop
      vertex 39.6731 5 -31
      vertex 4.18114 39.7809 -31
      vertex 6.25738 39.5075 -31
    endloop
  endfacet
  facet normal 0 0 -1
    outer loop
      vertex 39.6731 5 -31
      vertex 2.09344 39.9452 -31
      vertex 4.18114 39.7809 -31
    endloop
  endfacet
  facet normal 0 0 -1
    outer loop
      vertex 39.6731 5 -31
      vertex 0 40 -31
      vertex 2.09344 39.9452 -31
    endloop
  endfacet
  facet normal 0 0 -1
    outer loop
      vertex 39.6731 5 -31
      vertex -2.09344 39.9452 -31
      vertex 0 40 -31
    endloop
  endfacet
  facet normal 0 0 -1
    outer loop
      vertex 39.6731 5 -31
      vertex -4.18114 39.7809 -31
      vertex -2.09344 39.9452 -31
    endloop
  endfacet
  facet normal 0 0 -1
    outer loop
      vertex 39.6731 5 -31
      vertex -6.25738 39.5075 -31
      vertex -4.18114 39.7809 -31
    endloop
  endfacet
  facet normal 0 0 -1
    outer loop
      vertex 39.6731 5 -31
      vertex -8.31647 39.1259 -31
      vertex -6.25738 39.5075 -31
    endloop
  endfacet
  facet normal 0 0 -1
    outer loop
      vertex 39.6731 5 -31
      vertex -10.3528 38.637 -31
      vertex -8.31647 39.1259 -31
    endloop
  endfacet
  facet normal 0 0 -1
    outer loop
      vertex 39.6731 5 -31
      vertex -12.3607 38.0423 -31
      vertex -10.3528 38.637 -31
    endloop
  endfacet
  facet normal 0 0 -1
    outer loop
      vertex 39.6731 5 -31
      vertex -14.3347 37.3432 -31
      vertex -12.3607 38.0423 -31
    endloop
  endfacet
  facet normal 0 0 -1
    outer loop
      vertex 39.6731 5 -31
      vertex -16.2695 36.5418 -31
      vertex -14.3347 37.3432 -31
    endloop
  endfacet
  facet normal 0 0 -1
    outer loop
      vertex 39.6731 5 -31
      vertex -18.1596 35.6403 -31
      vertex -16.2695 36.5418 -31
    endloop
  endfacet
  facet normal 0 0 -1
    outer loop
      vertex 39.6731 5 -31
      vertex -20 34.641 -31
      vertex -18.1596 35.6403 -31
    endloop
  endfacet
  facet normal 0 0 -1
    outer loop
      vertex 39.6731 5 -31
      vertex -21.7856 33.5468 -31
      vertex -20 34.641 -31
    endloop
  endfacet
  facet normal 0 0 -1
    outer loop
      vertex 39.6731 5 -31
      vertex -23.5114 32.3607 -31
      vertex -21.7856 33.5468 -31
    endloop
  endfacet
  facet normal 0 0 -1
    outer loop
      vertex 39.6731 5 -31
      vertex -25.1728 31.0858 -31
      vertex -23.5114 32.3607 -31
    endloop
  endfacet
  facet normal 0 0 -1
    outer loop
      vertex 39.6731 5 -31
      vertex -26.7652 29.7258 -31
      vertex -25.1728 31.0858 -31
    endloop
  endfacet
  facet normal 0 0 -1
    outer loop
      vertex 39.6731 5 -31
      vertex -28.2843 28.2843 -31
      vertex -26.7652 29.7258 -31
    endloop
  endfacet
  facet normal 0 0 -1
    outer loop
      vertex 39.6731 5 -31
      vertex -29.7258 26.7652 -31
      vertex -28.2843 28.2843 -31
    endloop
  endfacet
  facet normal 0 0 -1
    outer loop
      vertex 39.6731 5 -31
      vertex -31.0858 25.1728 -31
      vertex -29.7258 26.7652 -31
    endloop
  endfacet
  facet normal 0 0 -1
    outer loop
      vertex 39.6731 5 -31
      vertex -32.3607 23.5114 -31
      vertex -31.0858 25.1728 -31
    endloop
  endfacet
  facet normal 0 0 -1
    outer loop
      vertex 39.6731 5 -31
      vertex -33.5468 21.7856 -31
      vertex -32.3607 23.5114 -31
    endloop
  endfacet
  facet normal 0 0 -1
    outer loop
      vertex 39.6731 5 -31
      vertex -34.641 20 -31
      vertex -33.5468 21.7856 -31
    endloop
  endfacet
  facet normal 0 0 -1
    outer loop
      vertex 39.6731 5 -31
      vertex -35.6403 18.1596 -31
      vertex -34.641 20 -31
    endloop
  endfacet
  facet normal 0 0 -1
    outer loop
      vertex 39.6731 5 -31
      vertex -36.5418 16.2695 -31
      vertex -35.6403 18.1596 -31
    endloop
  endfacet
  facet normal 0 0 -1
    outer loop
      vertex 39.6731 5 -31
      vertex -37.3432 14.3347 -31
      vertex -36.5418 16.2695 -31
    endloop
  endfacet
  facet normal 0 0 -1
    outer loop
      vertex 39.6731 5 -31
      vertex -38.0423 12.3607 -31
      vertex -37.3432 14.3347 -31
    endloop
  endfacet
  facet normal 0 0 -1
    outer loop
      vertex 39.6731 5 -31
      vertex -38.637 10.3528 -31
      vertex -38.0423 12.3607 -31
    endloop
  endfacet
  facet normal 0 0 -1
    outer loop
      vertex 39.6731 5 -31
      vertex -39.1259 8.31647 -31
      vertex -38.637 10.3528 -31
    endloop
  endfacet
  facet normal 0 0 -1
    outer loop
      vertex -39.6731 5 -31
      vertex -39.1259 8.31647 -31
      vertex 39.6731 5 -31
    endloop
  endfacet
  facet normal 0 0 -1
    outer loop
      vertex -39.1259 8.31647 -31
      vertex -39.6731 5 -31
      vertex -39.5075 6.25738 -31
    endloop
  endfacet
  facet normal 0 0 -1
    outer loop
      vertex 39.1259 -8.31647 -31
      vertex 39.6731 -5 -31
      vertex 39.5075 -6.25738 -31
    endloop
  endfacet
  facet normal 0 0 -1
    outer loop
      vertex 38.637 -10.3528 -31
      vertex 39.6731 -5 -31
      vertex 39.1259 -8.31647 -31
    endloop
  endfacet
  facet normal 0 0 -1
    outer loop
      vertex 38.0423 -12.3607 -31
      vertex 39.6731 -5 -31
      vertex 38.637 -10.3528 -31
    endloop
  endfacet
  facet normal 0 0 -1
    outer loop
      vertex 37.3432 -14.3347 -31
      vertex 39.6731 -5 -31
      vertex 38.0423 -12.3607 -31
    endloop
  endfacet
  facet normal 0 0 -1
    outer loop
      vertex 36.5418 -16.2695 -31
      vertex 39.6731 -5 -31
      vertex 37.3432 -14.3347 -31
    endloop
  endfacet
  facet normal 0 0 -1
    outer loop
      vertex 35.6403 -18.1596 -31
      vertex 39.6731 -5 -31
      vertex 36.5418 -16.2695 -31
    endloop
  endfacet
  facet normal 0 0 -1
    outer loop
      vertex 34.641 -20 -31
      vertex 39.6731 -5 -31
      vertex 35.6403 -18.1596 -31
    endloop
  endfacet
  facet normal 0 0 -1
    outer loop
      vertex 33.5468 -21.7856 -31
      vertex 39.6731 -5 -31
      vertex 34.641 -20 -31
    endloop
  endfacet
  facet normal 0 0 -1
    outer loop
      vertex 32.3607 -23.5114 -31
      vertex 39.6731 -5 -31
      vertex 33.5468 -21.7856 -31
    endloop
  endfacet
  facet normal 0 0 -1
    outer loop
      vertex 31.0858 -25.1728 -31
      vertex 39.6731 -5 -31
      vertex 32.3607 -23.5114 -31
    endloop
  endfacet
  facet normal 0 0 -1
    outer loop
      vertex 29.7258 -26.7652 -31
      vertex 39.6731 -5 -31
      vertex 31.0858 -25.1728 -31
    endloop
  endfacet
  facet normal 0 0 -1
    outer loop
      vertex 28.2843 -28.2843 -31
      vertex 39.6731 -5 -31
      vertex 29.7258 -26.7652 -31
    endloop
  endfacet
  facet normal 0 0 -1
    outer loop
      vertex 26.7652 -29.7258 -31
      vertex 39.6731 -5 -31
      vertex 28.2843 -28.2843 -31
    endloop
  endfacet
  facet normal 0 0 -1
    outer loop
      vertex 25.1728 -31.0858 -31
      vertex 39.6731 -5 -31
      vertex 26.7652 -29.7258 -31
    endloop
  endfacet
  facet normal 0 0 -1
    outer loop
      vertex 23.5114 -32.3607 -31
      vertex 39.6731 -5 -31
      vertex 25.1728 -31.0858 -31
    endloop
  endfacet
  facet normal 0 0 -1
    outer loop
      vertex 21.7856 -33.5468 -31
      vertex 39.6731 -5 -31
      vertex 23.5114 -32.3607 -31
    endloop
  endfacet
  facet normal 0 0 -1
    outer loop
      vertex 20 -34.641 -31
      vertex 39.6731 -5 -31
      vertex 21.7856 -33.5468 -31
    endloop
  endfacet
  facet normal 0 0 -1
    outer loop
      vertex 18.1596 -35.6403 -31
      vertex 39.6731 -5 -31
      vertex 20 -34.641 -31
    endloop
  endfacet
  facet normal 0 0 -1
    outer loop
      vertex 16.2695 -36.5418 -31
      vertex 39.6731 -5 -31
      vertex 18.1596 -35.6403 -31
    endloop
  endfacet
  facet normal 0 0 -1
    outer loop
      vertex 14.3347 -37.3432 -31
      vertex 39.6731 -5 -31
      vertex 16.2695 -36.5418 -31
    endloop
  endfacet
  facet normal 0 0 -1
    outer loop
      vertex 12.3607 -38.0423 -31
      vertex 39.6731 -5 -31
      vertex 14.3347 -37.3432 -31
    endloop
  endfacet
  facet normal 0 0 -1
    outer loop
      vertex 10.3528 -38.637 -31
      vertex 39.6731 -5 -31
      vertex 12.3607 -38.0423 -31
    endloop
  endfacet
  facet normal 0 0 -1
    outer loop
      vertex 8.31647 -39.1259 -31
      vertex 39.6731 -5 -31
      vertex 10.3528 -38.637 -31
    endloop
  endfacet
  facet normal 0 0 -1
    outer loop
      vertex 6.25738 -39.5075 -31
      vertex 39.6731 -5 -31
      vertex 8.31647 -39.1259 -31
    endloop
  endfacet
  facet normal 0 0 -1
    outer loop
      vertex 4.18114 -39.7809 -31
      vertex 39.6731 -5 -31
      vertex 6.25738 -39.5075 -31
    endloop
  endfacet
  facet normal 0 0 -1
    outer loop
      vertex 2.09344 -39.9452 -31
      vertex 39.6731 -5 -31
      vertex 4.18114 -39.7809 -31
    endloop
  endfacet
  facet normal 0 0 -1
    outer loop
      vertex 0 -40 -31
      vertex 39.6731 -5 -31
      vertex 2.09344 -39.9452 -31
    endloop
  endfacet
  facet normal 0 0 -1
    outer loop
      vertex -2.09344 -39.9452 -31
      vertex 39.6731 -5 -31
      vertex 0 -40 -31
    endloop
  endfacet
  facet normal 0 0 -1
    outer loop
      vertex -4.18114 -39.7809 -31
      vertex 39.6731 -5 -31
      vertex -2.09344 -39.9452 -31
    endloop
  endfacet
  facet normal 0 0 -1
    outer loop
      vertex -6.25738 -39.5075 -31
      vertex 39.6731 -5 -31
      vertex -4.18114 -39.7809 -31
    endloop
  endfacet
  facet normal 0 0 -1
    outer loop
      vertex -8.31647 -39.1259 -31
      vertex 39.6731 -5 -31
      vertex -6.25738 -39.5075 -31
    endloop
  endfacet
  facet normal 0 0 -1
    outer loop
      vertex -10.3528 -38.637 -31
      vertex 39.6731 -5 -31
      vertex -8.31647 -39.1259 -31
    endloop
  endfacet
  facet normal 0 0 -1
    outer loop
      vertex -12.3607 -38.0423 -31
      vertex 39.6731 -5 -31
      vertex -10.3528 -38.637 -31
    endloop
  endfacet
  facet normal 0 0 -1
    outer loop
      vertex -14.3347 -37.3432 -31
      vertex 39.6731 -5 -31
      vertex -12.3607 -38.0423 -31
    endloop
  endfacet
  facet normal 0 0 -1
    outer loop
      vertex -16.2695 -36.5418 -31
      vertex 39.6731 -5 -31
      vertex -14.3347 -37.3432 -31
    endloop
  endfacet
  facet normal 0 0 -1
    outer loop
      vertex -18.1596 -35.6403 -31
      vertex 39.6731 -5 -31
      vertex -16.2695 -36.5418 -31
    endloop
  endfacet
  facet normal 0 0 -1
    outer loop
      vertex -20 -34.641 -31
      vertex 39.6731 -5 -31
      vertex -18.1596 -35.6403 -31
    endloop
  endfacet
  facet normal 0 0 -1
    outer loop
      vertex -21.7856 -33.5468 -31
      vertex 39.6731 -5 -31
      vertex -20 -34.641 -31
    endloop
  endfacet
  facet normal 0 0 -1
    outer loop
      vertex -23.5114 -32.3607 -31
      vertex 39.6731 -5 -31
      vertex -21.7856 -33.5468 -31
    endloop
  endfacet
  facet normal 0 0 -1
    outer loop
      vertex -25.1728 -31.0858 -31
      vertex 39.6731 -5 -31
      vertex -23.5114 -32.3607 -31
    endloop
  endfacet
  facet normal 0 0 -1
    outer loop
      vertex -26.7652 -29.7258 -31
      vertex 39.6731 -5 -31
      vertex -25.1728 -31.0858 -31
    endloop
  endfacet
  facet normal 0 0 -1
    outer loop
      vertex -28.2843 -28.2843 -31
      vertex 39.6731 -5 -31
      vertex -26.7652 -29.7258 -31
    endloop
  endfacet
  facet normal 0 0 -1
    outer loop
      vertex -29.7258 -26.7652 -31
      vertex 39.6731 -5 -31
      vertex -28.2843 -28.2843 -31
    endloop
  endfacet
  facet normal 0 0 -1
    outer loop
      vertex -31.0858 -25.1728 -31
      vertex 39.6731 -5 -31
      vertex -29.7258 -26.7652 -31
    endloop
  endfacet
  facet normal 0 0 -1
    outer loop
      vertex -32.3607 -23.5114 -31
      vertex 39.6731 -5 -31
      vertex -31.0858 -25.1728 -31
    endloop
  endfacet
  facet normal 0 0 -1
    outer loop
      vertex -33.5468 -21.7856 -31
      vertex 39.6731 -5 -31
      vertex -32.3607 -23.5114 -31
    endloop
  endfacet
  facet normal 0 0 -1
    outer loop
      vertex -34.641 -20 -31
      vertex 39.6731 -5 -31
      vertex -33.5468 -21.7856 -31
    endloop
  endfacet
  facet normal 0 0 -1
    outer loop
      vertex -35.6403 -18.1596 -31
      vertex 39.6731 -5 -31
      vertex -34.641 -20 -31
    endloop
  endfacet
  facet normal 0 0 -1
    outer loop
      vertex -36.5418 -16.2695 -31
      vertex 39.6731 -5 -31
      vertex -35.6403 -18.1596 -31
    endloop
  endfacet
  facet normal 0 0 -1
    outer loop
      vertex -37.3432 -14.3347 -31
      vertex 39.6731 -5 -31
      vertex -36.5418 -16.2695 -31
    endloop
  endfacet
  facet normal 0 0 -1
    outer loop
      vertex -38.0423 -12.3607 -31
      vertex 39.6731 -5 -31
      vertex -37.3432 -14.3347 -31
    endloop
  endfacet
  facet normal 0 0 -1
    outer loop
      vertex -38.637 -10.3528 -31
      vertex 39.6731 -5 -31
      vertex -38.0423 -12.3607 -31
    endloop
  endfacet
  facet normal 0 0 -1
    outer loop
      vertex -39.1259 -8.31647 -31
      vertex 39.6731 -5 -31
      vertex -38.637 -10.3528 -31
    endloop
  endfacet
  facet normal 0 0 -1
    outer loop
      vertex -39.6731 -5 -31
      vertex -39.1259 -8.31647 -31
      vertex -39.5075 -6.25738 -31
    endloop
  endfacet
  facet normal 0 0 -1
    outer loop
      vertex -39.1259 -8.31647 -31
      vertex -39.6731 -5 -31
      vertex 39.6731 -5 -31
    endloop
  endfacet
  facet normal -0.382675 -0.923883 0
    outer loop
      vertex -16.2695 -36.5418 -31
      vertex -14.3347 -37.3432 -30
      vertex -16.2695 -36.5418 -30
    endloop
  endfacet
  facet normal -0.382675 -0.923883 -0
    outer loop
      vertex -14.3347 -37.3432 -30
      vertex -16.2695 -36.5418 -31
      vertex -14.3347 -37.3432 -31
    endloop
  endfacet
  facet normal -0.566403 0.824128 0
    outer loop
      vertex -21.7856 33.5468 -31
      vertex -23.5114 32.3607 -30
      vertex -21.7856 33.5468 -30
    endloop
  endfacet
  facet normal -0.566403 0.824128 0
    outer loop
      vertex -23.5114 32.3607 -30
      vertex -21.7856 33.5468 -31
      vertex -23.5114 32.3607 -31
    endloop
  endfacet
  facet normal -0.233455 0.972368 0
    outer loop
      vertex -8.31647 39.1259 -31
      vertex -10.3528 38.637 -30
      vertex -8.31647 39.1259 -30
    endloop
  endfacet
  facet normal -0.233455 0.972368 0
    outer loop
      vertex -10.3528 38.637 -30
      vertex -8.31647 39.1259 -31
      vertex -10.3528 38.637 -31
    endloop
  endfacet
  facet normal 0.649438 -0.760415 0
    outer loop
      vertex 25.1728 -31.0858 -31
      vertex 26.7652 -29.7258 -30
      vertex 25.1728 -31.0858 -30
    endloop
  endfacet
  facet normal 0.649438 -0.760415 0
    outer loop
      vertex 26.7652 -29.7258 -30
      vertex 25.1728 -31.0858 -31
      vertex 26.7652 -29.7258 -31
    endloop
  endfacet
  facet normal -0.60878 -0.793339 0
    outer loop
      vertex -25.1728 -31.0858 -31
      vertex -23.5114 -32.3607 -30
      vertex -25.1728 -31.0858 -30
    endloop
  endfacet
  facet normal -0.60878 -0.793339 -0
    outer loop
      vertex -23.5114 -32.3607 -30
      vertex -25.1728 -31.0858 -31
      vertex -23.5114 -32.3607 -31
    endloop
  endfacet
  facet normal -0.878808 -0.477175 0
    outer loop
      vertex -34.641 -20 -31
      vertex -35.6403 -18.1596 -30
      vertex -35.6403 -18.1596 -31
    endloop
  endfacet
  facet normal -0.878808 -0.477175 0
    outer loop
      vertex -35.6403 -18.1596 -30
      vertex -34.641 -20 -31
      vertex -34.641 -20 -30
    endloop
  endfacet
  facet normal -0.972368 -0.233455 0
    outer loop
      vertex -38.637 -10.3528 -31
      vertex -39.1259 -8.31647 -30
      vertex -39.1259 -8.31647 -31
    endloop
  endfacet
  facet normal -0.972368 -0.233455 0
    outer loop
      vertex -39.1259 -8.31647 -30
      vertex -38.637 -10.3528 -31
      vertex -38.637 -10.3528 -30
    endloop
  endfacet
  facet normal 0.902591 -0.430499 0
    outer loop
      vertex 35.6403 -18.1596 -30
      vertex 36.5418 -16.2695 -31
      vertex 36.5418 -16.2695 -30
    endloop
  endfacet
  facet normal 0.902591 -0.430499 0
    outer loop
      vertex 36.5418 -16.2695 -31
      vertex 35.6403 -18.1596 -30
      vertex 35.6403 -18.1596 -31
    endloop
  endfacet
  facet normal -0.923883 0.382675 0
    outer loop
      vertex -37.3432 14.3347 -31
      vertex -36.5418 16.2695 -30
      vertex -36.5418 16.2695 -31
    endloop
  endfacet
  facet normal -0.923883 0.382675 0
    outer loop
      vertex -36.5418 16.2695 -30
      vertex -37.3432 14.3347 -31
      vertex -37.3432 14.3347 -30
    endloop
  endfacet
  facet normal -0.382675 0.923883 0
    outer loop
      vertex -14.3347 37.3432 -31
      vertex -16.2695 36.5418 -30
      vertex -14.3347 37.3432 -30
    endloop
  endfacet
  facet normal -0.382675 0.923883 0
    outer loop
      vertex -16.2695 36.5418 -30
      vertex -14.3347 37.3432 -31
      vertex -16.2695 36.5418 -31
    endloop
  endfacet
  facet normal -0.477175 -0.878808 0
    outer loop
      vertex -20 -34.641 -31
      vertex -18.1596 -35.6403 -30
      vertex -20 -34.641 -30
    endloop
  endfacet
  facet normal -0.477175 -0.878808 -0
    outer loop
      vertex -18.1596 -35.6403 -30
      vertex -20 -34.641 -31
      vertex -18.1596 -35.6403 -31
    endloop
  endfacet
  facet normal -0.923883 -0.382675 0
    outer loop
      vertex -36.5418 -16.2695 -31
      vertex -37.3432 -14.3347 -30
      vertex -37.3432 -14.3347 -31
    endloop
  endfacet
  facet normal -0.923883 -0.382675 0
    outer loop
      vertex -37.3432 -14.3347 -30
      vertex -36.5418 -16.2695 -31
      vertex -36.5418 -16.2695 -30
    endloop
  endfacet
  facet normal -0.902591 -0.430499 0
    outer loop
      vertex -35.6403 -18.1596 -31
      vertex -36.5418 -16.2695 -30
      vertex -36.5418 -16.2695 -31
    endloop
  endfacet
  facet normal -0.902591 -0.430499 0
    outer loop
      vertex -36.5418 -16.2695 -30
      vertex -35.6403 -18.1596 -31
      vertex -35.6403 -18.1596 -30
    endloop
  endfacet
  facet normal -0.382591 0.923918 0
    outer loop
      vertex 57.0337 -4.56773 800
      vertex 56.7918 -4.6679 835
      vertex 57.0337 -4.56773 835
    endloop
  endfacet
  facet normal -0.382591 0.923918 0
    outer loop
      vertex 56.7918 -4.6679 835
      vertex 57.0337 -4.56773 800
      vertex 56.7918 -4.6679 800
    endloop
  endfacet
  facet normal -0.996929 -0.0783142 0
    outer loop
      vertex 59.9931 0.26168 800
      vertex 59.9726 0.522642 835
      vertex 59.9726 0.522642 800
    endloop
  endfacet
  facet normal -0.996929 -0.0783142 0
    outer loop
      vertex 59.9726 0.522642 835
      vertex 59.9931 0.26168 800
      vertex 59.9931 0.26168 835
    endloop
  endfacet
  facet normal -0.999653 -0.0263589 0
    outer loop
      vertex 60 0 800
      vertex 59.9931 0.26168 835
      vertex 59.9931 0.26168 800
    endloop
  endfacet
  facet normal -0.999653 -0.0263589 0
    outer loop
      vertex 59.9931 0.26168 835
      vertex 60 0 800
      vertex 60 0 835
    endloop
  endfacet
  facet normal -0.991429 -0.130647 0
    outer loop
      vertex 59.9726 0.522642 800
      vertex 59.9384 0.782172 835
      vertex 59.9384 0.782172 800
    endloop
  endfacet
  facet normal -0.991429 -0.130647 0
    outer loop
      vertex 59.9384 0.782172 835
      vertex 59.9726 0.522642 800
      vertex 59.9726 0.522642 835
    endloop
  endfacet
  facet normal 0.522507 -0.852635 0
    outer loop
      vertex 52.2768 4.19335 800
      vertex 52.5 4.33013 835
      vertex 52.2768 4.19335 835
    endloop
  endfacet
  facet normal 0.522507 -0.852635 0
    outer loop
      vertex 52.5 4.33013 835
      vertex 52.2768 4.19335 800
      vertex 52.5 4.33013 800
    endloop
  endfacet
  facet normal -0.923844 -0.38277 0
    outer loop
      vertex 59.6679 1.79184 800
      vertex 59.5677 2.03368 835
      vertex 59.5677 2.03368 800
    endloop
  endfacet
  facet normal -0.923844 -0.38277 0
    outer loop
      vertex 59.5677 2.03368 835
      vertex 59.6679 1.79184 800
      vertex 59.6679 1.79184 835
    endloop
  endfacet
  facet normal -0.688508 0.725228 0
    outer loop
      vertex 58.5355 -3.53553 800
      vertex 58.3457 -3.71572 835
      vertex 58.5355 -3.53553 835
    endloop
  endfacet
  facet normal -0.688508 0.725228 0
    outer loop
      vertex 58.3457 -3.71572 835
      vertex 58.5355 -3.53553 800
      vertex 58.3457 -3.71572 800
    endloop
  endfacet
  facet normal -0.958865 -0.283862 0
    outer loop
      vertex 59.8296 1.2941 800
      vertex 59.7553 1.54508 835
      vertex 59.7553 1.54508 800
    endloop
  endfacet
  facet normal -0.958865 -0.283862 0
    outer loop
      vertex 59.7553 1.54508 835
      vertex 59.8296 1.2941 800
      vertex 59.8296 1.2941 835
    endloop
  endfacet
  facet normal 0.233481 -0.972361 0
    outer loop
      vertex 53.7059 4.82963 800
      vertex 53.9604 4.89074 835
      vertex 53.7059 4.82963 835
    endloop
  endfacet
  facet normal 0.233481 -0.972361 0
    outer loop
      vertex 53.9604 4.89074 835
      vertex 53.7059 4.82963 800
      vertex 53.9604 4.89074 800
    endloop
  endfacet
  facet normal 0.026166 0.999658 -0
    outer loop
      vertex 55 -5 800
      vertex 54.7383 -4.99315 835
      vertex 55 -5 835
    endloop
  endfacet
  facet normal 0.026166 0.999658 0
    outer loop
      vertex 54.7383 -4.99315 835
      vertex 55 -5 800
      vertex 54.7383 -4.99315 800
    endloop
  endfacet
  facet normal -0.333871 0.942619 0
    outer loop
      vertex 56.7918 -4.6679 800
      vertex 56.5451 -4.75528 835
      vertex 56.7918 -4.6679 835
    endloop
  endfacet
  facet normal -0.333871 0.942619 0
    outer loop
      vertex 56.5451 -4.75528 835
      vertex 56.7918 -4.6679 800
      vertex 56.5451 -4.75528 800
    endloop
  endfacet
  facet normal 0.477218 -0.878785 0
    outer loop
      vertex 52.5 4.33013 800
      vertex 52.73 4.45503 835
      vertex 52.5 4.33013 835
    endloop
  endfacet
  facet normal 0.477218 -0.878785 0
    outer loop
      vertex 52.73 4.45503 835
      vertex 52.5 4.33013 800
      vertex 52.73 4.45503 800
    endloop
  endfacet
  facet normal 0.649365 0.760477 -0
    outer loop
      vertex 51.8534 -3.88573 800
      vertex 51.6543 -3.71572 835
      vertex 51.8534 -3.88573 835
    endloop
  endfacet
  facet normal 0.649365 0.760477 0
    outer loop
      vertex 51.6543 -3.71572 835
      vertex 51.8534 -3.88573 800
      vertex 51.6543 -3.71572 800
    endloop
  endfacet
  facet normal -0.999653 0.0263589 0
    outer loop
      vertex 59.9931 -0.26168 800
      vertex 60 0 835
      vertex 60 0 800
    endloop
  endfacet
  facet normal -0.999653 0.0263589 0
    outer loop
      vertex 60 0 835
      vertex 59.9931 -0.26168 800
      vertex 59.9931 -0.26168 835
    endloop
  endfacet
  facet normal 0.824068 0.566492 0
    outer loop
      vertex 50.9549 -2.93893 835
      vertex 50.8066 -2.7232 800
      vertex 50.8066 -2.7232 835
    endloop
  endfacet
  facet normal 0.824068 0.566492 0
    outer loop
      vertex 50.8066 -2.7232 800
      vertex 50.9549 -2.93893 835
      vertex 50.9549 -2.93893 800
    endloop
  endfacet
  facet normal -0.824068 -0.566492 0
    outer loop
      vertex 59.1934 2.7232 800
      vertex 59.0451 2.93893 835
      vertex 59.0451 2.93893 800
    endloop
  endfacet
  facet normal -0.824068 -0.566492 0
    outer loop
      vertex 59.0451 2.93893 835
      vertex 59.1934 2.7232 800
      vertex 59.1934 2.7232 835
    endloop
  endfacet
  facet normal 0.026166 -0.999658 0
    outer loop
      vertex 54.7383 4.99315 800
      vertex 55 5 835
      vertex 54.7383 4.99315 835
    endloop
  endfacet
  facet normal 0.026166 -0.999658 0
    outer loop
      vertex 55 5 835
      vertex 54.7383 4.99315 800
      vertex 55 5 800
    endloop
  endfacet
  facet normal 0.94262 -0.333867 0
    outer loop
      vertex 50.2447 1.54508 835
      vertex 50.3321 1.79184 800
      vertex 50.3321 1.79184 835
    endloop
  endfacet
  facet normal 0.94262 -0.333867 0
    outer loop
      vertex 50.3321 1.79184 800
      vertex 50.2447 1.54508 835
      vertex 50.2447 1.54508 800
    endloop
  endfacet
  facet normal -0.94262 0.333867 0
    outer loop
      vertex 59.6679 -1.79184 800
      vertex 59.7553 -1.54508 835
      vertex 59.7553 -1.54508 800
    endloop
  endfacet
  facet normal -0.94262 0.333867 0
    outer loop
      vertex 59.7553 -1.54508 835
      vertex 59.6679 -1.79184 800
      vertex 59.6679 -1.79184 835
    endloop
  endfacet
  facet normal 0.902578 0.430527 0
    outer loop
      vertex 50.545 -2.26995 835
      vertex 50.4323 -2.03368 800
      vertex 50.4323 -2.03368 835
    endloop
  endfacet
  facet normal 0.902578 0.430527 0
    outer loop
      vertex 50.4323 -2.03368 800
      vertex 50.545 -2.26995 835
      vertex 50.545 -2.26995 800
    endloop
  endfacet
  facet normal -0.026166 0.999658 0
    outer loop
      vertex 55.2617 -4.99315 800
      vertex 55 -5 835
      vertex 55.2617 -4.99315 835
    endloop
  endfacet
  facet normal -0.026166 0.999658 0
    outer loop
      vertex 55 -5 835
      vertex 55.2617 -4.99315 800
      vertex 55 -5 800
    endloop
  endfacet
  facet normal -0.983258 -0.182221 0
    outer loop
      vertex 59.9384 0.782172 800
      vertex 59.8907 1.03956 835
      vertex 59.8907 1.03956 800
    endloop
  endfacet
  facet normal -0.983258 -0.182221 0
    outer loop
      vertex 59.8907 1.03956 835
      vertex 59.9384 0.782172 800
      vertex 59.9384 0.782172 835
    endloop
  endfacet
  facet normal 0.793263 0.60888 0
    outer loop
      vertex 51.1143 -3.1466 835
      vertex 50.9549 -2.93893 800
      vertex 50.9549 -2.93893 835
    endloop
  endfacet
  facet normal 0.793263 0.60888 0
    outer loop
      vertex 50.9549 -2.93893 800
      vertex 51.1143 -3.1466 835
      vertex 51.1143 -3.1466 800
    endloop
  endfacet
  facet normal -0.0784846 0.996915 0
    outer loop
      vertex 55.5226 -4.97261 800
      vertex 55.2617 -4.99315 835
      vertex 55.5226 -4.97261 835
    endloop
  endfacet
  facet normal -0.0784846 0.996915 0
    outer loop
      vertex 55.2617 -4.99315 835
      vertex 55.5226 -4.97261 800
      vertex 55.2617 -4.99315 800
    endloop
  endfacet
  facet normal -0.972378 0.233411 0
    outer loop
      vertex 59.8296 -1.2941 800
      vertex 59.8907 -1.03956 835
      vertex 59.8907 -1.03956 800
    endloop
  endfacet
  facet normal -0.972378 0.233411 0
    outer loop
      vertex 59.8907 -1.03956 835
      vertex 59.8296 -1.2941 800
      vertex 59.8296 -1.2941 835
    endloop
  endfacet
  facet normal 0.649365 -0.760477 0
    outer loop
      vertex 51.6543 3.71572 800
      vertex 51.8534 3.88573 835
      vertex 51.6543 3.71572 835
    endloop
  endfacet
  facet normal 0.649365 -0.760477 0
    outer loop
      vertex 51.8534 3.88573 835
      vertex 51.6543 3.71572 800
      vertex 51.8534 3.88573 800
    endloop
  endfacet
  facet normal -0.522507 0.852635 0
    outer loop
      vertex 57.7232 -4.19335 800
      vertex 57.5 -4.33013 835
      vertex 57.7232 -4.19335 835
    endloop
  endfacet
  facet normal -0.522507 0.852635 0
    outer loop
      vertex 57.5 -4.33013 835
      vertex 57.7232 -4.19335 800
      vertex 57.5 -4.33013 800
    endloop
  endfacet
  facet normal 0.999653 0.0263589 0
    outer loop
      vertex 50.0069 -0.26168 835
      vertex 50 0 800
      vertex 50 0 835
    endloop
  endfacet
  facet normal 0.999653 0.0263589 0
    outer loop
      vertex 50 0 800
      vertex 50.0069 -0.26168 835
      vertex 50.0069 -0.26168 800
    endloop
  endfacet
  facet normal -0.983258 0.182221 0
    outer loop
      vertex 59.8907 -1.03956 800
      vertex 59.9384 -0.782172 835
      vertex 59.9384 -0.782172 800
    endloop
  endfacet
  facet normal -0.983258 0.182221 0
    outer loop
      vertex 59.9384 -0.782172 835
      vertex 59.8907 -1.03956 800
      vertex 59.8907 -1.03956 835
    endloop
  endfacet
  facet normal 0.0784846 -0.996915 0
    outer loop
      vertex 54.4774 4.97261 800
      vertex 54.7383 4.99315 835
      vertex 54.4774 4.97261 835
    endloop
  endfacet
  facet normal 0.0784846 -0.996915 0
    outer loop
      vertex 54.7383 4.99315 835
      vertex 54.4774 4.97261 800
      vertex 54.7383 4.99315 800
    endloop
  endfacet
  facet normal -0.996929 0.0783142 0
    outer loop
      vertex 59.9726 -0.522642 800
      vertex 59.9931 -0.26168 835
      vertex 59.9931 -0.26168 800
    endloop
  endfacet
  facet normal -0.996929 0.0783142 0
    outer loop
      vertex 59.9931 -0.26168 835
      vertex 59.9726 -0.522642 800
      vertex 59.9726 -0.522642 835
    endloop
  endfacet
  facet normal 0.688508 -0.725228 0
    outer loop
      vertex 51.4645 3.53553 800
      vertex 51.6543 3.71572 835
      vertex 51.4645 3.53553 835
    endloop
  endfacet
  facet normal 0.688508 -0.725228 0
    outer loop
      vertex 51.6543 3.71572 835
      vertex 51.4645 3.53553 800
      vertex 51.6543 3.71572 800
    endloop
  endfacet
  facet normal -0.608704 -0.793397 0
    outer loop
      vertex 57.9389 4.04508 800
      vertex 58.1466 3.88573 835
      vertex 57.9389 4.04508 835
    endloop
  endfacet
  facet normal -0.608704 -0.793397 -0
    outer loop
      vertex 58.1466 3.88573 835
      vertex 57.9389 4.04508 800
      vertex 58.1466 3.88573 800
    endloop
  endfacet
  facet normal 0.999653 -0.0263589 0
    outer loop
      vertex 50 0 835
      vertex 50.0069 0.26168 800
      vertex 50.0069 0.26168 835
    endloop
  endfacet
  facet normal 0.999653 -0.0263589 0
    outer loop
      vertex 50.0069 0.26168 800
      vertex 50 0 835
      vertex 50 0 800
    endloop
  endfacet
  facet normal 0.824068 -0.566492 0
    outer loop
      vertex 50.8066 2.7232 835
      vertex 50.9549 2.93893 800
      vertex 50.9549 2.93893 835
    endloop
  endfacet
  facet normal 0.824068 -0.566492 0
    outer loop
      vertex 50.9549 2.93893 800
      vertex 50.8066 2.7232 835
      vertex 50.8066 2.7232 800
    endloop
  endfacet
  facet normal 0.284017 0.958819 -0
    outer loop
      vertex 53.7059 -4.82963 800
      vertex 53.4549 -4.75528 835
      vertex 53.7059 -4.82963 835
    endloop
  endfacet
  facet normal 0.284017 0.958819 0
    outer loop
      vertex 53.4549 -4.75528 835
      vertex 53.7059 -4.82963 800
      vertex 53.4549 -4.75528 800
    endloop
  endfacet
  facet normal -0.182212 0.983259 0
    outer loop
      vertex 56.0396 -4.89074 800
      vertex 55.7822 -4.93844 835
      vertex 56.0396 -4.89074 835
    endloop
  endfacet
  facet normal -0.182212 0.983259 0
    outer loop
      vertex 55.7822 -4.93844 835
      vertex 56.0396 -4.89074 800
      vertex 55.7822 -4.93844 800
    endloop
  endfacet
  facet normal -0.902578 -0.430527 0
    outer loop
      vertex 59.5677 2.03368 800
      vertex 59.455 2.26995 835
      vertex 59.455 2.26995 800
    endloop
  endfacet
  facet normal -0.902578 -0.430527 0
    outer loop
      vertex 59.455 2.26995 835
      vertex 59.5677 2.03368 800
      vertex 59.5677 2.03368 835
    endloop
  endfacet
  facet normal -0.026166 -0.999658 0
    outer loop
      vertex 55 5 800
      vertex 55.2617 4.99315 835
      vertex 55 5 835
    endloop
  endfacet
  facet normal -0.026166 -0.999658 -0
    outer loop
      vertex 55.2617 4.99315 835
      vertex 55 5 800
      vertex 55.2617 4.99315 800
    endloop
  endfacet
  facet normal -0.852771 -0.522284 0
    outer loop
      vertex 59.3301 2.5 800
      vertex 59.1934 2.7232 835
      vertex 59.1934 2.7232 800
    endloop
  endfacet
  facet normal -0.852771 -0.522284 0
    outer loop
      vertex 59.1934 2.7232 835
      vertex 59.3301 2.5 800
      vertex 59.3301 2.5 835
    endloop
  endfacet
  facet normal 0.983258 0.182221 0
    outer loop
      vertex 50.1093 -1.03956 835
      vertex 50.0616 -0.782172 800
      vertex 50.0616 -0.782172 835
    endloop
  endfacet
  facet normal 0.983258 0.182221 0
    outer loop
      vertex 50.0616 -0.782172 800
      vertex 50.1093 -1.03956 835
      vertex 50.1093 -1.03956 800
    endloop
  endfacet
  facet normal -0.94262 -0.333867 0
    outer loop
      vertex 59.7553 1.54508 800
      vertex 59.6679 1.79184 835
      vertex 59.6679 1.79184 800
    endloop
  endfacet
  facet normal -0.94262 -0.333867 0
    outer loop
      vertex 59.6679 1.79184 835
      vertex 59.7553 1.54508 800
      vertex 59.7553 1.54508 835
    endloop
  endfacet
  facet normal 0.958865 0.283862 0
    outer loop
      vertex 50.2447 -1.54508 835
      vertex 50.1704 -1.2941 800
      vertex 50.1704 -1.2941 835
    endloop
  endfacet
  facet normal 0.958865 0.283862 0
    outer loop
      vertex 50.1704 -1.2941 800
      vertex 50.2447 -1.54508 835
      vertex 50.2447 -1.54508 800
    endloop
  endfacet
  facet normal 0.972378 -0.233411 0
    outer loop
      vertex 50.1093 1.03956 835
      vertex 50.1704 1.2941 800
      vertex 50.1704 1.2941 835
    endloop
  endfacet
  facet normal 0.972378 -0.233411 0
    outer loop
      vertex 50.1704 1.2941 800
      vertex 50.1093 1.03956 835
      vertex 50.1093 1.03956 800
    endloop
  endfacet
  facet normal 0.972378 0.233411 0
    outer loop
      vertex 50.1704 -1.2941 835
      vertex 50.1093 -1.03956 800
      vertex 50.1093 -1.03956 835
    endloop
  endfacet
  facet normal 0.972378 0.233411 0
    outer loop
      vertex 50.1093 -1.03956 800
      vertex 50.1704 -1.2941 835
      vertex 50.1704 -1.2941 800
    endloop
  endfacet
  facet normal -0.725354 -0.688376 0
    outer loop
      vertex 58.7157 3.34565 800
      vertex 58.5355 3.53553 835
      vertex 58.5355 3.53553 800
    endloop
  endfacet
  facet normal -0.725354 -0.688376 0
    outer loop
      vertex 58.5355 3.53553 835
      vertex 58.7157 3.34565 800
      vertex 58.7157 3.34565 835
    endloop
  endfacet
  facet normal 0.182212 -0.983259 0
    outer loop
      vertex 53.9604 4.89074 800
      vertex 54.2178 4.93844 835
      vertex 53.9604 4.89074 835
    endloop
  endfacet
  facet normal 0.182212 -0.983259 0
    outer loop
      vertex 54.2178 4.93844 835
      vertex 53.9604 4.89074 800
      vertex 54.2178 4.93844 800
    endloop
  endfacet
  facet normal 0.382591 -0.923918 0
    outer loop
      vertex 52.9663 4.56773 800
      vertex 53.2082 4.6679 835
      vertex 52.9663 4.56773 835
    endloop
  endfacet
  facet normal 0.382591 -0.923918 0
    outer loop
      vertex 53.2082 4.6679 835
      vertex 52.9663 4.56773 800
      vertex 53.2082 4.6679 800
    endloop
  endfacet
  facet normal -0.991429 0.130647 0
    outer loop
      vertex 59.9384 -0.782172 800
      vertex 59.9726 -0.522642 835
      vertex 59.9726 -0.522642 800
    endloop
  endfacet
  facet normal -0.991429 0.130647 0
    outer loop
      vertex 59.9726 -0.522642 835
      vertex 59.9384 -0.782172 800
      vertex 59.9384 -0.782172 835
    endloop
  endfacet
  facet normal -0.902578 0.430527 0
    outer loop
      vertex 59.455 -2.26995 800
      vertex 59.5677 -2.03368 835
      vertex 59.5677 -2.03368 800
    endloop
  endfacet
  facet normal -0.902578 0.430527 0
    outer loop
      vertex 59.5677 -2.03368 835
      vertex 59.455 -2.26995 800
      vertex 59.455 -2.26995 835
    endloop
  endfacet
  facet normal -0.333871 -0.942619 0
    outer loop
      vertex 56.5451 4.75528 800
      vertex 56.7918 4.6679 835
      vertex 56.5451 4.75528 835
    endloop
  endfacet
  facet normal -0.333871 -0.942619 -0
    outer loop
      vertex 56.7918 4.6679 835
      vertex 56.5451 4.75528 800
      vertex 56.7918 4.6679 800
    endloop
  endfacet
  facet normal -0.1305 -0.991448 0
    outer loop
      vertex 55.5226 4.97261 800
      vertex 55.7822 4.93844 835
      vertex 55.5226 4.97261 835
    endloop
  endfacet
  facet normal -0.1305 -0.991448 -0
    outer loop
      vertex 55.7822 4.93844 835
      vertex 55.5226 4.97261 800
      vertex 55.7822 4.93844 800
    endloop
  endfacet
  facet normal -0.760415 0.649438 0
    outer loop
      vertex 58.7157 -3.34565 800
      vertex 58.8857 -3.1466 835
      vertex 58.8857 -3.1466 800
    endloop
  endfacet
  facet normal -0.760415 0.649438 0
    outer loop
      vertex 58.8857 -3.1466 835
      vertex 58.7157 -3.34565 800
      vertex 58.7157 -3.34565 835
    endloop
  endfacet
  facet normal 0.760415 0.649438 0
    outer loop
      vertex 51.2843 -3.34565 835
      vertex 51.1143 -3.1466 800
      vertex 51.1143 -3.1466 835
    endloop
  endfacet
  facet normal 0.760415 0.649438 0
    outer loop
      vertex 51.1143 -3.1466 800
      vertex 51.2843 -3.34565 835
      vertex 51.2843 -3.34565 800
    endloop
  endfacet
  facet normal -0.793263 0.60888 0
    outer loop
      vertex 58.8857 -3.1466 800
      vertex 59.0451 -2.93893 835
      vertex 59.0451 -2.93893 800
    endloop
  endfacet
  facet normal -0.793263 0.60888 0
    outer loop
      vertex 59.0451 -2.93893 835
      vertex 58.8857 -3.1466 800
      vertex 58.8857 -3.1466 835
    endloop
  endfacet
  facet normal 0.878828 0.477138 0
    outer loop
      vertex 50.6699 -2.5 835
      vertex 50.545 -2.26995 800
      vertex 50.545 -2.26995 835
    endloop
  endfacet
  facet normal 0.878828 0.477138 0
    outer loop
      vertex 50.545 -2.26995 800
      vertex 50.6699 -2.5 835
      vertex 50.6699 -2.5 800
    endloop
  endfacet
  facet normal 0.760415 -0.649438 0
    outer loop
      vertex 51.1143 3.1466 835
      vertex 51.2843 3.34565 800
      vertex 51.2843 3.34565 835
    endloop
  endfacet
  facet normal 0.760415 -0.649438 0
    outer loop
      vertex 51.2843 3.34565 800
      vertex 51.1143 3.1466 835
      vertex 51.1143 3.1466 800
    endloop
  endfacet
  facet normal 0.477218 0.878785 -0
    outer loop
      vertex 52.73 -4.45503 800
      vertex 52.5 -4.33013 835
      vertex 52.73 -4.45503 835
    endloop
  endfacet
  facet normal 0.477218 0.878785 0
    outer loop
      vertex 52.5 -4.33013 835
      vertex 52.73 -4.45503 800
      vertex 52.5 -4.33013 800
    endloop
  endfacet
  facet normal -0.1305 0.991448 0
    outer loop
      vertex 55.7822 -4.93844 800
      vertex 55.5226 -4.97261 835
      vertex 55.7822 -4.93844 835
    endloop
  endfacet
  facet normal -0.1305 0.991448 0
    outer loop
      vertex 55.5226 -4.97261 835
      vertex 55.7822 -4.93844 800
      vertex 55.5226 -4.97261 800
    endloop
  endfacet
  facet normal 0.793263 -0.60888 0
    outer loop
      vertex 50.9549 2.93893 835
      vertex 51.1143 3.1466 800
      vertex 51.1143 3.1466 835
    endloop
  endfacet
  facet normal 0.793263 -0.60888 0
    outer loop
      vertex 51.1143 3.1466 800
      vertex 50.9549 2.93893 835
      vertex 50.9549 2.93893 800
    endloop
  endfacet
  facet normal -0.793263 -0.60888 0
    outer loop
      vertex 59.0451 2.93893 800
      vertex 58.8857 3.1466 835
      vertex 58.8857 3.1466 800
    endloop
  endfacet
  facet normal -0.793263 -0.60888 0
    outer loop
      vertex 58.8857 3.1466 835
      vertex 59.0451 2.93893 800
      vertex 59.0451 2.93893 835
    endloop
  endfacet
  facet normal -0.972378 -0.233411 0
    outer loop
      vertex 59.8907 1.03956 800
      vertex 59.8296 1.2941 835
      vertex 59.8296 1.2941 800
    endloop
  endfacet
  facet normal -0.972378 -0.233411 0
    outer loop
      vertex 59.8296 1.2941 835
      vertex 59.8907 1.03956 800
      vertex 59.8907 1.03956 835
    endloop
  endfacet
  facet normal -0.0784846 -0.996915 0
    outer loop
      vertex 55.2617 4.99315 800
      vertex 55.5226 4.97261 835
      vertex 55.2617 4.99315 835
    endloop
  endfacet
  facet normal -0.0784846 -0.996915 -0
    outer loop
      vertex 55.5226 4.97261 835
      vertex 55.2617 4.99315 800
      vertex 55.5226 4.97261 800
    endloop
  endfacet
  facet normal -0.233481 0.972361 0
    outer loop
      vertex 56.2941 -4.82963 800
      vertex 56.0396 -4.89074 835
      vertex 56.2941 -4.82963 835
    endloop
  endfacet
  facet normal -0.233481 0.972361 0
    outer loop
      vertex 56.0396 -4.89074 835
      vertex 56.2941 -4.82963 800
      vertex 56.0396 -4.89074 800
    endloop
  endfacet
  facet normal 0.382591 0.923918 -0
    outer loop
      vertex 53.2082 -4.6679 800
      vertex 52.9663 -4.56773 835
      vertex 53.2082 -4.6679 835
    endloop
  endfacet
  facet normal 0.382591 0.923918 0
    outer loop
      vertex 52.9663 -4.56773 835
      vertex 53.2082 -4.6679 800
      vertex 52.9663 -4.56773 800
    endloop
  endfacet
  facet normal -0.382591 -0.923918 0
    outer loop
      vertex 56.7918 4.6679 800
      vertex 57.0337 4.56773 835
      vertex 56.7918 4.6679 835
    endloop
  endfacet
  facet normal -0.382591 -0.923918 -0
    outer loop
      vertex 57.0337 4.56773 835
      vertex 56.7918 4.6679 800
      vertex 57.0337 4.56773 800
    endloop
  endfacet
  facet normal -0.824068 0.566492 0
    outer loop
      vertex 59.0451 -2.93893 800
      vertex 59.1934 -2.7232 835
      vertex 59.1934 -2.7232 800
    endloop
  endfacet
  facet normal -0.824068 0.566492 0
    outer loop
      vertex 59.1934 -2.7232 835
      vertex 59.0451 -2.93893 800
      vertex 59.0451 -2.93893 835
    endloop
  endfacet
  facet normal 0.522507 0.852635 -0
    outer loop
      vertex 52.5 -4.33013 800
      vertex 52.2768 -4.19335 835
      vertex 52.5 -4.33013 835
    endloop
  endfacet
  facet normal 0.522507 0.852635 0
    outer loop
      vertex 52.2768 -4.19335 835
      vertex 52.5 -4.33013 800
      vertex 52.2768 -4.19335 800
    endloop
  endfacet
  facet normal -0.566467 0.824084 0
    outer loop
      vertex 57.9389 -4.04508 800
      vertex 57.7232 -4.19335 835
      vertex 57.9389 -4.04508 835
    endloop
  endfacet
  facet normal -0.566467 0.824084 0
    outer loop
      vertex 57.7232 -4.19335 835
      vertex 57.9389 -4.04508 800
      vertex 57.7232 -4.19335 800
    endloop
  endfacet
  facet normal -0.477218 -0.878785 0
    outer loop
      vertex 57.27 4.45503 800
      vertex 57.5 4.33013 835
      vertex 57.27 4.45503 835
    endloop
  endfacet
  facet normal -0.477218 -0.878785 -0
    outer loop
      vertex 57.5 4.33013 835
      vertex 57.27 4.45503 800
      vertex 57.5 4.33013 800
    endloop
  endfacet
  facet normal 0.608704 -0.793397 0
    outer loop
      vertex 51.8534 3.88573 800
      vertex 52.0611 4.04508 835
      vertex 51.8534 3.88573 835
    endloop
  endfacet
  facet normal 0.608704 -0.793397 0
    outer loop
      vertex 52.0611 4.04508 835
      vertex 51.8534 3.88573 800
      vertex 52.0611 4.04508 800
    endloop
  endfacet
  facet normal -0.878828 -0.477138 0
    outer loop
      vertex 59.455 2.26995 800
      vertex 59.3301 2.5 835
      vertex 59.3301 2.5 800
    endloop
  endfacet
  facet normal -0.878828 -0.477138 0
    outer loop
      vertex 59.3301 2.5 835
      vertex 59.455 2.26995 800
      vertex 59.455 2.26995 835
    endloop
  endfacet
  facet normal 0.233481 0.972361 -0
    outer loop
      vertex 53.9604 -4.89074 800
      vertex 53.7059 -4.82963 835
      vertex 53.9604 -4.89074 835
    endloop
  endfacet
  facet normal 0.233481 0.972361 0
    outer loop
      vertex 53.7059 -4.82963 835
      vertex 53.9604 -4.89074 800
      vertex 53.7059 -4.82963 800
    endloop
  endfacet
  facet normal 0.996929 0.0783142 0
    outer loop
      vertex 50.0274 -0.522642 835
      vertex 50.0069 -0.26168 800
      vertex 50.0069 -0.26168 835
    endloop
  endfacet
  facet normal 0.996929 0.0783142 0
    outer loop
      vertex 50.0069 -0.26168 800
      vertex 50.0274 -0.522642 835
      vertex 50.0274 -0.522642 800
    endloop
  endfacet
  facet normal -0.233481 -0.972361 0
    outer loop
      vertex 56.0396 4.89074 800
      vertex 56.2941 4.82963 835
      vertex 56.0396 4.89074 835
    endloop
  endfacet
  facet normal -0.233481 -0.972361 -0
    outer loop
      vertex 56.2941 4.82963 835
      vertex 56.0396 4.89074 800
      vertex 56.2941 4.82963 800
    endloop
  endfacet
  facet normal -0.522507 -0.852635 0
    outer loop
      vertex 57.5 4.33013 800
      vertex 57.7232 4.19335 835
      vertex 57.5 4.33013 835
    endloop
  endfacet
  facet normal -0.522507 -0.852635 -0
    outer loop
      vertex 57.7232 4.19335 835
      vertex 57.5 4.33013 800
      vertex 57.7232 4.19335 800
    endloop
  endfacet
  facet normal -0.566467 -0.824084 0
    outer loop
      vertex 57.7232 4.19335 800
      vertex 57.9389 4.04508 835
      vertex 57.7232 4.19335 835
    endloop
  endfacet
  facet normal -0.566467 -0.824084 -0
    outer loop
      vertex 57.9389 4.04508 835
      vertex 57.7232 4.19335 800
      vertex 57.9389 4.04508 800
    endloop
  endfacet
  facet normal -0.958865 0.283862 0
    outer loop
      vertex 59.7553 -1.54508 800
      vertex 59.8296 -1.2941 835
      vertex 59.8296 -1.2941 800
    endloop
  endfacet
  facet normal -0.958865 0.283862 0
    outer loop
      vertex 59.8296 -1.2941 835
      vertex 59.7553 -1.54508 800
      vertex 59.7553 -1.54508 835
    endloop
  endfacet
  facet normal 0.923844 -0.38277 0
    outer loop
      vertex 50.3321 1.79184 835
      vertex 50.4323 2.03368 800
      vertex 50.4323 2.03368 835
    endloop
  endfacet
  facet normal 0.923844 -0.38277 0
    outer loop
      vertex 50.4323 2.03368 800
      vertex 50.3321 1.79184 835
      vertex 50.3321 1.79184 800
    endloop
  endfacet
  facet normal 0.1305 -0.991448 0
    outer loop
      vertex 54.2178 4.93844 800
      vertex 54.4774 4.97261 835
      vertex 54.2178 4.93844 835
    endloop
  endfacet
  facet normal 0.1305 -0.991448 0
    outer loop
      vertex 54.4774 4.97261 835
      vertex 54.2178 4.93844 800
      vertex 54.4774 4.97261 800
    endloop
  endfacet
  facet normal -0.923844 0.38277 0
    outer loop
      vertex 59.5677 -2.03368 800
      vertex 59.6679 -1.79184 835
      vertex 59.6679 -1.79184 800
    endloop
  endfacet
  facet normal -0.923844 0.38277 0
    outer loop
      vertex 59.6679 -1.79184 835
      vertex 59.5677 -2.03368 800
      vertex 59.5677 -2.03368 835
    endloop
  endfacet
  facet normal -0.284017 0.958819 0
    outer loop
      vertex 56.5451 -4.75528 800
      vertex 56.2941 -4.82963 835
      vertex 56.5451 -4.75528 835
    endloop
  endfacet
  facet normal -0.284017 0.958819 0
    outer loop
      vertex 56.2941 -4.82963 835
      vertex 56.5451 -4.75528 800
      vertex 56.2941 -4.82963 800
    endloop
  endfacet
  facet normal -0.649365 -0.760477 0
    outer loop
      vertex 58.1466 3.88573 800
      vertex 58.3457 3.71572 835
      vertex 58.1466 3.88573 835
    endloop
  endfacet
  facet normal -0.649365 -0.760477 -0
    outer loop
      vertex 58.3457 3.71572 835
      vertex 58.1466 3.88573 800
      vertex 58.3457 3.71572 800
    endloop
  endfacet
  facet normal 0.991429 0.130647 0
    outer loop
      vertex 50.0616 -0.782172 835
      vertex 50.0274 -0.522642 800
      vertex 50.0274 -0.522642 835
    endloop
  endfacet
  facet normal 0.991429 0.130647 0
    outer loop
      vertex 50.0274 -0.522642 800
      vertex 50.0616 -0.782172 835
      vertex 50.0616 -0.782172 800
    endloop
  endfacet
  facet normal 0.725354 -0.688376 0
    outer loop
      vertex 51.2843 3.34565 835
      vertex 51.4645 3.53553 800
      vertex 51.4645 3.53553 835
    endloop
  endfacet
  facet normal 0.725354 -0.688376 0
    outer loop
      vertex 51.4645 3.53553 800
      vertex 51.2843 3.34565 835
      vertex 51.2843 3.34565 800
    endloop
  endfacet
  facet normal 0.958865 -0.283862 0
    outer loop
      vertex 50.1704 1.2941 835
      vertex 50.2447 1.54508 800
      vertex 50.2447 1.54508 835
    endloop
  endfacet
  facet normal 0.958865 -0.283862 0
    outer loop
      vertex 50.2447 1.54508 800
      vertex 50.1704 1.2941 835
      vertex 50.1704 1.2941 800
    endloop
  endfacet
  facet normal -0.760415 -0.649438 0
    outer loop
      vertex 58.8857 3.1466 800
      vertex 58.7157 3.34565 835
      vertex 58.7157 3.34565 800
    endloop
  endfacet
  facet normal -0.760415 -0.649438 0
    outer loop
      vertex 58.7157 3.34565 835
      vertex 58.8857 3.1466 800
      vertex 58.8857 3.1466 835
    endloop
  endfacet
  facet normal 0.430482 0.902599 -0
    outer loop
      vertex 52.9663 -4.56773 800
      vertex 52.73 -4.45503 835
      vertex 52.9663 -4.56773 835
    endloop
  endfacet
  facet normal 0.430482 0.902599 0
    outer loop
      vertex 52.73 -4.45503 835
      vertex 52.9663 -4.56773 800
      vertex 52.73 -4.45503 800
    endloop
  endfacet
  facet normal 0.725354 0.688376 0
    outer loop
      vertex 51.4645 -3.53553 835
      vertex 51.2843 -3.34565 800
      vertex 51.2843 -3.34565 835
    endloop
  endfacet
  facet normal 0.725354 0.688376 0
    outer loop
      vertex 51.2843 -3.34565 800
      vertex 51.4645 -3.53553 835
      vertex 51.4645 -3.53553 800
    endloop
  endfacet
  facet normal 0.878828 -0.477138 0
    outer loop
      vertex 50.545 2.26995 835
      vertex 50.6699 2.5 800
      vertex 50.6699 2.5 835
    endloop
  endfacet
  facet normal 0.878828 -0.477138 0
    outer loop
      vertex 50.6699 2.5 800
      vertex 50.545 2.26995 835
      vertex 50.545 2.26995 800
    endloop
  endfacet
  facet normal 0.430482 -0.902599 0
    outer loop
      vertex 52.73 4.45503 800
      vertex 52.9663 4.56773 835
      vertex 52.73 4.45503 835
    endloop
  endfacet
  facet normal 0.430482 -0.902599 0
    outer loop
      vertex 52.9663 4.56773 835
      vertex 52.73 4.45503 800
      vertex 52.9663 4.56773 800
    endloop
  endfacet
  facet normal 0.182212 0.983259 -0
    outer loop
      vertex 54.2178 -4.93844 800
      vertex 53.9604 -4.89074 835
      vertex 54.2178 -4.93844 835
    endloop
  endfacet
  facet normal 0.182212 0.983259 0
    outer loop
      vertex 53.9604 -4.89074 835
      vertex 54.2178 -4.93844 800
      vertex 53.9604 -4.89074 800
    endloop
  endfacet
  facet normal -0.430482 -0.902599 0
    outer loop
      vertex 57.0337 4.56773 800
      vertex 57.27 4.45503 835
      vertex 57.0337 4.56773 835
    endloop
  endfacet
  facet normal -0.430482 -0.902599 -0
    outer loop
      vertex 57.27 4.45503 835
      vertex 57.0337 4.56773 800
      vertex 57.27 4.45503 800
    endloop
  endfacet
  facet normal 0.852771 -0.522284 0
    outer loop
      vertex 50.6699 2.5 835
      vertex 50.8066 2.7232 800
      vertex 50.8066 2.7232 835
    endloop
  endfacet
  facet normal 0.852771 -0.522284 0
    outer loop
      vertex 50.8066 2.7232 800
      vertex 50.6699 2.5 835
      vertex 50.6699 2.5 800
    endloop
  endfacet
  facet normal -0.725354 0.688376 0
    outer loop
      vertex 58.5355 -3.53553 800
      vertex 58.7157 -3.34565 835
      vertex 58.7157 -3.34565 800
    endloop
  endfacet
  facet normal -0.725354 0.688376 0
    outer loop
      vertex 58.7157 -3.34565 835
      vertex 58.5355 -3.53553 800
      vertex 58.5355 -3.53553 835
    endloop
  endfacet
  facet normal 0.902578 -0.430527 0
    outer loop
      vertex 50.4323 2.03368 835
      vertex 50.545 2.26995 800
      vertex 50.545 2.26995 835
    endloop
  endfacet
  facet normal 0.902578 -0.430527 0
    outer loop
      vertex 50.545 2.26995 800
      vertex 50.4323 2.03368 835
      vertex 50.4323 2.03368 800
    endloop
  endfacet
  facet normal -0.608704 0.793397 0
    outer loop
      vertex 58.1466 -3.88573 800
      vertex 57.9389 -4.04508 835
      vertex 58.1466 -3.88573 835
    endloop
  endfacet
  facet normal -0.608704 0.793397 0
    outer loop
      vertex 57.9389 -4.04508 835
      vertex 58.1466 -3.88573 800
      vertex 57.9389 -4.04508 800
    endloop
  endfacet
  facet normal -0.878828 0.477138 0
    outer loop
      vertex 59.3301 -2.5 800
      vertex 59.455 -2.26995 835
      vertex 59.455 -2.26995 800
    endloop
  endfacet
  facet normal -0.878828 0.477138 0
    outer loop
      vertex 59.455 -2.26995 835
      vertex 59.3301 -2.5 800
      vertex 59.3301 -2.5 835
    endloop
  endfacet
  facet normal -0.284017 -0.958819 0
    outer loop
      vertex 56.2941 4.82963 800
      vertex 56.5451 4.75528 835
      vertex 56.2941 4.82963 835
    endloop
  endfacet
  facet normal -0.284017 -0.958819 -0
    outer loop
      vertex 56.5451 4.75528 835
      vertex 56.2941 4.82963 800
      vertex 56.5451 4.75528 800
    endloop
  endfacet
  facet normal 0.923844 0.38277 0
    outer loop
      vertex 50.4323 -2.03368 835
      vertex 50.3321 -1.79184 800
      vertex 50.3321 -1.79184 835
    endloop
  endfacet
  facet normal 0.923844 0.38277 0
    outer loop
      vertex 50.3321 -1.79184 800
      vertex 50.4323 -2.03368 835
      vertex 50.4323 -2.03368 800
    endloop
  endfacet
  facet normal -0.852771 0.522284 0
    outer loop
      vertex 59.1934 -2.7232 800
      vertex 59.3301 -2.5 835
      vertex 59.3301 -2.5 800
    endloop
  endfacet
  facet normal -0.852771 0.522284 0
    outer loop
      vertex 59.3301 -2.5 835
      vertex 59.1934 -2.7232 800
      vertex 59.1934 -2.7232 835
    endloop
  endfacet
  facet normal -0.688508 -0.725228 0
    outer loop
      vertex 58.3457 3.71572 800
      vertex 58.5355 3.53553 835
      vertex 58.3457 3.71572 835
    endloop
  endfacet
  facet normal -0.688508 -0.725228 -0
    outer loop
      vertex 58.5355 3.53553 835
      vertex 58.3457 3.71572 800
      vertex 58.5355 3.53553 800
    endloop
  endfacet
  facet normal 0.688508 0.725228 -0
    outer loop
      vertex 51.6543 -3.71572 800
      vertex 51.4645 -3.53553 835
      vertex 51.6543 -3.71572 835
    endloop
  endfacet
  facet normal 0.688508 0.725228 0
    outer loop
      vertex 51.4645 -3.53553 835
      vertex 51.6543 -3.71572 800
      vertex 51.4645 -3.53553 800
    endloop
  endfacet
  facet normal 0.852771 0.522284 0
    outer loop
      vertex 50.8066 -2.7232 835
      vertex 50.6699 -2.5 800
      vertex 50.6699 -2.5 835
    endloop
  endfacet
  facet normal 0.852771 0.522284 0
    outer loop
      vertex 50.6699 -2.5 800
      vertex 50.8066 -2.7232 835
      vertex 50.8066 -2.7232 800
    endloop
  endfacet
  facet normal -0.430482 0.902599 0
    outer loop
      vertex 57.27 -4.45503 800
      vertex 57.0337 -4.56773 835
      vertex 57.27 -4.45503 835
    endloop
  endfacet
  facet normal -0.430482 0.902599 0
    outer loop
      vertex 57.0337 -4.56773 835
      vertex 57.27 -4.45503 800
      vertex 57.0337 -4.56773 800
    endloop
  endfacet
  facet normal 0.566467 -0.824084 0
    outer loop
      vertex 52.0611 4.04508 800
      vertex 52.2768 4.19335 835
      vertex 52.0611 4.04508 835
    endloop
  endfacet
  facet normal 0.566467 -0.824084 0
    outer loop
      vertex 52.2768 4.19335 835
      vertex 52.0611 4.04508 800
      vertex 52.2768 4.19335 800
    endloop
  endfacet
  facet normal -0.649365 0.760477 0
    outer loop
      vertex 58.3457 -3.71572 800
      vertex 58.1466 -3.88573 835
      vertex 58.3457 -3.71572 835
    endloop
  endfacet
  facet normal -0.649365 0.760477 0
    outer loop
      vertex 58.1466 -3.88573 835
      vertex 58.3457 -3.71572 800
      vertex 58.1466 -3.88573 800
    endloop
  endfacet
  facet normal 0.991429 -0.130647 0
    outer loop
      vertex 50.0274 0.522642 835
      vertex 50.0616 0.782172 800
      vertex 50.0616 0.782172 835
    endloop
  endfacet
  facet normal 0.991429 -0.130647 0
    outer loop
      vertex 50.0616 0.782172 800
      vertex 50.0274 0.522642 835
      vertex 50.0274 0.522642 800
    endloop
  endfacet
  facet normal 0.996929 -0.0783142 0
    outer loop
      vertex 50.0069 0.26168 835
      vertex 50.0274 0.522642 800
      vertex 50.0274 0.522642 835
    endloop
  endfacet
  facet normal 0.996929 -0.0783142 0
    outer loop
      vertex 50.0274 0.522642 800
      vertex 50.0069 0.26168 835
      vertex 50.0069 0.26168 800
    endloop
  endfacet
  facet normal 0.0784846 0.996915 -0
    outer loop
      vertex 54.7383 -4.99315 800
      vertex 54.4774 -4.97261 835
      vertex 54.7383 -4.99315 835
    endloop
  endfacet
  facet normal 0.0784846 0.996915 0
    outer loop
      vertex 54.4774 -4.97261 835
      vertex 54.7383 -4.99315 800
      vertex 54.4774 -4.97261 800
    endloop
  endfacet
  facet normal 0.284017 -0.958819 0
    outer loop
      vertex 53.4549 4.75528 800
      vertex 53.7059 4.82963 835
      vertex 53.4549 4.75528 835
    endloop
  endfacet
  facet normal 0.284017 -0.958819 0
    outer loop
      vertex 53.7059 4.82963 835
      vertex 53.4549 4.75528 800
      vertex 53.7059 4.82963 800
    endloop
  endfacet
  facet normal 0.333871 -0.942619 0
    outer loop
      vertex 53.2082 4.6679 800
      vertex 53.4549 4.75528 835
      vertex 53.2082 4.6679 835
    endloop
  endfacet
  facet normal 0.333871 -0.942619 0
    outer loop
      vertex 53.4549 4.75528 835
      vertex 53.2082 4.6679 800
      vertex 53.4549 4.75528 800
    endloop
  endfacet
  facet normal 0.94262 0.333867 0
    outer loop
      vertex 50.3321 -1.79184 835
      vertex 50.2447 -1.54508 800
      vertex 50.2447 -1.54508 835
    endloop
  endfacet
  facet normal 0.94262 0.333867 0
    outer loop
      vertex 50.2447 -1.54508 800
      vertex 50.3321 -1.79184 835
      vertex 50.3321 -1.79184 800
    endloop
  endfacet
  facet normal -0.477218 0.878785 0
    outer loop
      vertex 57.5 -4.33013 800
      vertex 57.27 -4.45503 835
      vertex 57.5 -4.33013 835
    endloop
  endfacet
  facet normal -0.477218 0.878785 0
    outer loop
      vertex 57.27 -4.45503 835
      vertex 57.5 -4.33013 800
      vertex 57.27 -4.45503 800
    endloop
  endfacet
  facet normal 0.333871 0.942619 -0
    outer loop
      vertex 53.4549 -4.75528 800
      vertex 53.2082 -4.6679 835
      vertex 53.4549 -4.75528 835
    endloop
  endfacet
  facet normal 0.333871 0.942619 0
    outer loop
      vertex 53.2082 -4.6679 835
      vertex 53.4549 -4.75528 800
      vertex 53.2082 -4.6679 800
    endloop
  endfacet
  facet normal 0.566467 0.824084 -0
    outer loop
      vertex 52.2768 -4.19335 800
      vertex 52.0611 -4.04508 835
      vertex 52.2768 -4.19335 835
    endloop
  endfacet
  facet normal 0.566467 0.824084 0
    outer loop
      vertex 52.0611 -4.04508 835
      vertex 52.2768 -4.19335 800
      vertex 52.0611 -4.04508 800
    endloop
  endfacet
  facet normal 0.1305 0.991448 -0
    outer loop
      vertex 54.4774 -4.97261 800
      vertex 54.2178 -4.93844 835
      vertex 54.4774 -4.97261 835
    endloop
  endfacet
  facet normal 0.1305 0.991448 0
    outer loop
      vertex 54.2178 -4.93844 835
      vertex 54.4774 -4.97261 800
      vertex 54.2178 -4.93844 800
    endloop
  endfacet
  facet normal 0.608704 0.793397 -0
    outer loop
      vertex 52.0611 -4.04508 800
      vertex 51.8534 -3.88573 835
      vertex 52.0611 -4.04508 835
    endloop
  endfacet
  facet normal 0.608704 0.793397 0
    outer loop
      vertex 51.8534 -3.88573 835
      vertex 52.0611 -4.04508 800
      vertex 51.8534 -3.88573 800
    endloop
  endfacet
  facet normal 0.983258 -0.182221 0
    outer loop
      vertex 50.0616 0.782172 835
      vertex 50.1093 1.03956 800
      vertex 50.1093 1.03956 835
    endloop
  endfacet
  facet normal 0.983258 -0.182221 0
    outer loop
      vertex 50.1093 1.03956 800
      vertex 50.0616 0.782172 835
      vertex 50.0616 0.782172 800
    endloop
  endfacet
  facet normal -0.182212 -0.983259 0
    outer loop
      vertex 55.7822 4.93844 800
      vertex 56.0396 4.89074 835
      vertex 55.7822 4.93844 835
    endloop
  endfacet
  facet normal -0.182212 -0.983259 -0
    outer loop
      vertex 56.0396 4.89074 835
      vertex 55.7822 4.93844 800
      vertex 56.0396 4.89074 800
    endloop
  endfacet
  facet normal -0.430482 -0.902599 0
    outer loop
      vertex 29.5337 52.1991 800
      vertex 29.77 52.0864 835
      vertex 29.5337 52.1991 835
    endloop
  endfacet
  facet normal -0.430482 -0.902599 -0
    outer loop
      vertex 29.77 52.0864 835
      vertex 29.5337 52.1991 800
      vertex 29.77 52.0864 800
    endloop
  endfacet
  facet normal -0.477218 -0.878785 0
    outer loop
      vertex 29.77 52.0864 800
      vertex 30 51.9615 835
      vertex 29.77 52.0864 835
    endloop
  endfacet
  facet normal -0.477218 -0.878785 -0
    outer loop
      vertex 30 51.9615 835
      vertex 29.77 52.0864 800
      vertex 30 51.9615 800
    endloop
  endfacet
  facet normal -0.382689 -0.923877 0
    outer loop
      vertex 29.2918 52.2993 800
      vertex 29.5337 52.1991 835
      vertex 29.2918 52.2993 835
    endloop
  endfacet
  facet normal -0.382689 -0.923877 -0
    outer loop
      vertex 29.5337 52.1991 835
      vertex 29.2918 52.2993 800
      vertex 29.5337 52.1991 800
    endloop
  endfacet
  facet normal -0.878872 -0.477058 0
    outer loop
      vertex 31.955 49.9013 800
      vertex 31.8301 50.1314 835
      vertex 31.8301 50.1314 800
    endloop
  endfacet
  facet normal -0.878872 -0.477058 0
    outer loop
      vertex 31.8301 50.1314 835
      vertex 31.955 49.9013 800
      vertex 31.955 49.9013 835
    endloop
  endfacet
  facet normal -0.958871 0.283841 0
    outer loop
      vertex 32.2553 46.0863 800
      vertex 32.3296 46.3373 835
      vertex 32.3296 46.3373 800
    endloop
  endfacet
  facet normal -0.958871 0.283841 0
    outer loop
      vertex 32.3296 46.3373 835
      vertex 32.2553 46.0863 800
      vertex 32.2553 46.0863 835
    endloop
  endfacet
  facet normal 0.182212 -0.983259 0
    outer loop
      vertex 26.4604 52.5221 800
      vertex 26.7178 52.5698 835
      vertex 26.4604 52.5221 835
    endloop
  endfacet
  facet normal 0.182212 -0.983259 0
    outer loop
      vertex 26.7178 52.5698 835
      vertex 26.4604 52.5221 800
      vertex 26.7178 52.5698 800
    endloop
  endfacet
  facet normal -0.824031 -0.566545 0
    outer loop
      vertex 31.6934 50.3546 800
      vertex 31.5451 50.5703 835
      vertex 31.5451 50.5703 800
    endloop
  endfacet
  facet normal -0.824031 -0.566545 0
    outer loop
      vertex 31.5451 50.5703 835
      vertex 31.6934 50.3546 800
      vertex 31.6934 50.3546 835
    endloop
  endfacet
  facet normal 0.923877 0.382689 0
    outer loop
      vertex 22.9323 45.5977 835
      vertex 22.8321 45.8396 800
      vertex 22.8321 45.8396 835
    endloop
  endfacet
  facet normal 0.923877 0.382689 0
    outer loop
      vertex 22.8321 45.8396 800
      vertex 22.9323 45.5977 835
      vertex 22.9323 45.5977 800
    endloop
  endfacet
  facet normal 0.991433 -0.130613 0
    outer loop
      vertex 22.5274 48.154 835
      vertex 22.5616 48.4136 800
      vertex 22.5616 48.4136 835
    endloop
  endfacet
  facet normal 0.991433 -0.130613 0
    outer loop
      vertex 22.5616 48.4136 800
      vertex 22.5274 48.154 835
      vertex 22.5274 48.154 800
    endloop
  endfacet
  facet normal 0.958871 0.283841 0
    outer loop
      vertex 22.7447 46.0863 835
      vertex 22.6704 46.3373 800
      vertex 22.6704 46.3373 835
    endloop
  endfacet
  facet normal 0.958871 0.283841 0
    outer loop
      vertex 22.6704 46.3373 800
      vertex 22.7447 46.0863 835
      vertex 22.7447 46.0863 800
    endloop
  endfacet
  facet normal 0.608824 -0.793305 0
    outer loop
      vertex 24.3534 51.5171 800
      vertex 24.5611 51.6765 835
      vertex 24.3534 51.5171 835
    endloop
  endfacet
  facet normal 0.608824 -0.793305 0
    outer loop
      vertex 24.5611 51.6765 835
      vertex 24.3534 51.5171 800
      vertex 24.5611 51.6765 800
    endloop
  endfacet
  facet normal 0.283841 0.958871 -0
    outer loop
      vertex 26.2059 42.8018 800
      vertex 25.9549 42.8761 835
      vertex 26.2059 42.8018 835
    endloop
  endfacet
  facet normal 0.283841 0.958871 0
    outer loop
      vertex 25.9549 42.8761 835
      vertex 26.2059 42.8018 800
      vertex 25.9549 42.8761 800
    endloop
  endfacet
  facet normal -0.725209 0.688529 0
    outer loop
      vertex 31.0355 44.0959 800
      vertex 31.2157 44.2857 835
      vertex 31.2157 44.2857 800
    endloop
  endfacet
  facet normal -0.725209 0.688529 0
    outer loop
      vertex 31.2157 44.2857 835
      vertex 31.0355 44.0959 800
      vertex 31.0355 44.0959 835
    endloop
  endfacet
  facet normal -0.130613 0.991433 0
    outer loop
      vertex 28.2822 42.693 800
      vertex 28.0226 42.6588 835
      vertex 28.2822 42.693 835
    endloop
  endfacet
  facet normal -0.130613 0.991433 0
    outer loop
      vertex 28.0226 42.6588 835
      vertex 28.2822 42.693 800
      vertex 28.0226 42.6588 800
    endloop
  endfacet
  facet normal -0.608824 0.793305 0
    outer loop
      vertex 30.6466 43.7457 800
      vertex 30.4389 43.5863 835
      vertex 30.6466 43.7457 835
    endloop
  endfacet
  facet normal -0.608824 0.793305 0
    outer loop
      vertex 30.4389 43.5863 835
      vertex 30.6466 43.7457 800
      vertex 30.4389 43.5863 800
    endloop
  endfacet
  facet normal 0.942595 0.333939 0
    outer loop
      vertex 22.8321 45.8396 835
      vertex 22.7447 46.0863 800
      vertex 22.7447 46.0863 835
    endloop
  endfacet
  facet normal 0.942595 0.333939 0
    outer loop
      vertex 22.7447 46.0863 800
      vertex 22.8321 45.8396 835
      vertex 22.8321 45.8396 800
    endloop
  endfacet
  facet normal -0.878785 0.477218 0
    outer loop
      vertex 31.8301 45.1314 800
      vertex 31.955 45.3614 835
      vertex 31.955 45.3614 800
    endloop
  endfacet
  facet normal -0.878785 0.477218 0
    outer loop
      vertex 31.955 45.3614 835
      vertex 31.8301 45.1314 800
      vertex 31.8301 45.1314 835
    endloop
  endfacet
  facet normal -0.852771 0.522284 0
    outer loop
      vertex 31.6934 44.9082 800
      vertex 31.8301 45.1314 835
      vertex 31.8301 45.1314 800
    endloop
  endfacet
  facet normal -0.852771 0.522284 0
    outer loop
      vertex 31.8301 45.1314 835
      vertex 31.6934 44.9082 800
      vertex 31.6934 44.9082 835
    endloop
  endfacet
  facet normal -0.522562 -0.852601 0
    outer loop
      vertex 30 51.9615 800
      vertex 30.2232 51.8247 835
      vertex 30 51.9615 835
    endloop
  endfacet
  facet normal -0.522562 -0.852601 -0
    outer loop
      vertex 30.2232 51.8247 835
      vertex 30 51.9615 800
      vertex 30.2232 51.8247 800
    endloop
  endfacet
  facet normal 0.852771 -0.522284 0
    outer loop
      vertex 23.1699 50.1314 835
      vertex 23.3066 50.3546 800
      vertex 23.3066 50.3546 835
    endloop
  endfacet
  facet normal 0.852771 -0.522284 0
    outer loop
      vertex 23.3066 50.3546 800
      vertex 23.1699 50.1314 835
      vertex 23.1699 50.1314 800
    endloop
  endfacet
  facet normal -0.0783327 -0.996927 0
    outer loop
      vertex 27.7617 52.6245 800
      vertex 28.0226 52.604 835
      vertex 27.7617 52.6245 835
    endloop
  endfacet
  facet normal -0.0783327 -0.996927 -0
    outer loop
      vertex 28.0226 52.604 835
      vertex 27.7617 52.6245 800
      vertex 28.0226 52.604 800
    endloop
  endfacet
  facet normal -0.0263569 -0.999653 0
    outer loop
      vertex 27.5 52.6314 800
      vertex 27.7617 52.6245 835
      vertex 27.5 52.6314 835
    endloop
  endfacet
  facet normal -0.0263569 -0.999653 -0
    outer loop
      vertex 27.7617 52.6245 835
      vertex 27.5 52.6314 800
      vertex 27.7617 52.6245 800
    endloop
  endfacet
  facet normal 0.760495 -0.649343 0
    outer loop
      vertex 23.6143 50.778 835
      vertex 23.7843 50.9771 800
      vertex 23.7843 50.9771 835
    endloop
  endfacet
  facet normal 0.760495 -0.649343 0
    outer loop
      vertex 23.7843 50.9771 800
      vertex 23.6143 50.778 835
      vertex 23.6143 50.778 800
    endloop
  endfacet
  facet normal -0.130613 -0.991433 0
    outer loop
      vertex 28.0226 52.604 800
      vertex 28.2822 52.5698 835
      vertex 28.0226 52.604 835
    endloop
  endfacet
  facet normal -0.130613 -0.991433 -0
    outer loop
      vertex 28.2822 52.5698 835
      vertex 28.0226 52.604 800
      vertex 28.2822 52.5698 800
    endloop
  endfacet
  facet normal 0.522562 -0.852601 0
    outer loop
      vertex 24.7768 51.8247 800
      vertex 25 51.9615 835
      vertex 24.7768 51.8247 835
    endloop
  endfacet
  facet normal 0.522562 -0.852601 0
    outer loop
      vertex 25 51.9615 835
      vertex 24.7768 51.8247 800
      vertex 25 51.9615 800
    endloop
  endfacet
  facet normal -0.991433 -0.130613 0
    outer loop
      vertex 32.4726 48.154 800
      vertex 32.4384 48.4136 835
      vertex 32.4384 48.4136 800
    endloop
  endfacet
  facet normal -0.991433 -0.130613 0
    outer loop
      vertex 32.4384 48.4136 835
      vertex 32.4726 48.154 800
      vertex 32.4726 48.154 835
    endloop
  endfacet
  facet normal 0.760495 0.649343 0
    outer loop
      vertex 23.7843 44.2857 835
      vertex 23.6143 44.4848 800
      vertex 23.6143 44.4848 835
    endloop
  endfacet
  facet normal 0.760495 0.649343 0
    outer loop
      vertex 23.6143 44.4848 800
      vertex 23.7843 44.2857 835
      vertex 23.7843 44.2857 800
    endloop
  endfacet
  facet normal -0.283841 -0.958871 0
    outer loop
      vertex 28.7941 52.461 800
      vertex 29.0451 52.3867 835
      vertex 28.7941 52.461 835
    endloop
  endfacet
  facet normal -0.283841 -0.958871 -0
    outer loop
      vertex 29.0451 52.3867 835
      vertex 28.7941 52.461 800
      vertex 29.0451 52.3867 800
    endloop
  endfacet
  facet normal 0.382689 -0.923877 0
    outer loop
      vertex 25.4663 52.1991 800
      vertex 25.7082 52.2993 835
      vertex 25.4663 52.1991 835
    endloop
  endfacet
  facet normal 0.382689 -0.923877 0
    outer loop
      vertex 25.7082 52.2993 835
      vertex 25.4663 52.1991 800
      vertex 25.7082 52.2993 800
    endloop
  endfacet
  facet normal 0.983259 0.182212 0
    outer loop
      vertex 22.6093 46.5918 835
      vertex 22.5616 46.8492 800
      vertex 22.5616 46.8492 835
    endloop
  endfacet
  facet normal 0.983259 0.182212 0
    outer loop
      vertex 22.5616 46.8492 800
      vertex 22.6093 46.5918 835
      vertex 22.6093 46.5918 800
    endloop
  endfacet
  facet normal 0.283841 -0.958871 0
    outer loop
      vertex 25.9549 52.3867 800
      vertex 26.2059 52.461 835
      vertex 25.9549 52.3867 835
    endloop
  endfacet
  facet normal 0.283841 -0.958871 0
    outer loop
      vertex 26.2059 52.461 835
      vertex 25.9549 52.3867 800
      vertex 26.2059 52.461 800
    endloop
  endfacet
  facet normal -0.760495 -0.649343 0
    outer loop
      vertex 31.3857 50.778 800
      vertex 31.2157 50.9771 835
      vertex 31.2157 50.9771 800
    endloop
  endfacet
  facet normal -0.760495 -0.649343 0
    outer loop
      vertex 31.2157 50.9771 835
      vertex 31.3857 50.778 800
      vertex 31.3857 50.778 835
    endloop
  endfacet
  facet normal 0.688529 -0.725209 0
    outer loop
      vertex 23.9645 51.1669 800
      vertex 24.1543 51.3471 835
      vertex 23.9645 51.1669 835
    endloop
  endfacet
  facet normal 0.688529 -0.725209 0
    outer loop
      vertex 24.1543 51.3471 835
      vertex 23.9645 51.1669 800
      vertex 24.1543 51.3471 800
    endloop
  endfacet
  facet normal 0.0783327 -0.996927 0
    outer loop
      vertex 26.9774 52.604 800
      vertex 27.2383 52.6245 835
      vertex 26.9774 52.604 835
    endloop
  endfacet
  facet normal 0.0783327 -0.996927 0
    outer loop
      vertex 27.2383 52.6245 835
      vertex 26.9774 52.604 800
      vertex 27.2383 52.6245 800
    endloop
  endfacet
  facet normal -0.97237 -0.233445 0
    outer loop
      vertex 32.3907 48.671 800
      vertex 32.3296 48.9255 835
      vertex 32.3296 48.9255 800
    endloop
  endfacet
  facet normal -0.97237 -0.233445 0
    outer loop
      vertex 32.3296 48.9255 835
      vertex 32.3907 48.671 800
      vertex 32.3907 48.671 835
    endloop
  endfacet
  facet normal 0.942595 -0.333939 0
    outer loop
      vertex 22.7447 49.1765 835
      vertex 22.8321 49.4232 800
      vertex 22.8321 49.4232 835
    endloop
  endfacet
  facet normal 0.942595 -0.333939 0
    outer loop
      vertex 22.8321 49.4232 800
      vertex 22.7447 49.1765 835
      vertex 22.7447 49.1765 800
    endloop
  endfacet
  facet normal -0.942595 -0.333939 0
    outer loop
      vertex 32.2553 49.1765 800
      vertex 32.1679 49.4232 835
      vertex 32.1679 49.4232 800
    endloop
  endfacet
  facet normal -0.942595 -0.333939 0
    outer loop
      vertex 32.1679 49.4232 835
      vertex 32.2553 49.1765 800
      vertex 32.2553 49.1765 835
    endloop
  endfacet
  facet normal 0.999653 0.0263569 0
    outer loop
      vertex 22.5069 47.3697 835
      vertex 22.5 47.6314 800
      vertex 22.5 47.6314 835
    endloop
  endfacet
  facet normal 0.999653 0.0263569 0
    outer loop
      vertex 22.5 47.6314 800
      vertex 22.5069 47.3697 835
      vertex 22.5069 47.3697 800
    endloop
  endfacet
  facet normal 0.477218 0.878785 -0
    outer loop
      vertex 25.23 43.1764 800
      vertex 25 43.3013 835
      vertex 25.23 43.1764 835
    endloop
  endfacet
  facet normal 0.477218 0.878785 0
    outer loop
      vertex 25 43.3013 835
      vertex 25.23 43.1764 800
      vertex 25 43.3013 800
    endloop
  endfacet
  facet normal 0.649343 -0.760495 0
    outer loop
      vertex 24.1543 51.3471 800
      vertex 24.3534 51.5171 835
      vertex 24.1543 51.3471 835
    endloop
  endfacet
  facet normal 0.649343 -0.760495 0
    outer loop
      vertex 24.3534 51.5171 835
      vertex 24.1543 51.3471 800
      vertex 24.3534 51.5171 800
    endloop
  endfacet
  facet normal -0.923877 -0.382689 0
    outer loop
      vertex 32.1679 49.4232 800
      vertex 32.0677 49.6651 835
      vertex 32.0677 49.6651 800
    endloop
  endfacet
  facet normal -0.923877 -0.382689 0
    outer loop
      vertex 32.0677 49.6651 835
      vertex 32.1679 49.4232 800
      vertex 32.1679 49.4232 835
    endloop
  endfacet
  facet normal 0.477218 -0.878785 0
    outer loop
      vertex 25 51.9615 800
      vertex 25.23 52.0864 835
      vertex 25 51.9615 835
    endloop
  endfacet
  facet normal 0.477218 -0.878785 0
    outer loop
      vertex 25.23 52.0864 835
      vertex 25 51.9615 800
      vertex 25.23 52.0864 800
    endloop
  endfacet
  facet normal -0.999653 -0.0263569 0
    outer loop
      vertex 32.5 47.6314 800
      vertex 32.4931 47.8931 835
      vertex 32.4931 47.8931 800
    endloop
  endfacet
  facet normal -0.999653 -0.0263569 0
    outer loop
      vertex 32.4931 47.8931 835
      vertex 32.5 47.6314 800
      vertex 32.5 47.6314 835
    endloop
  endfacet
  facet normal 0.902528 -0.430631 0
    outer loop
      vertex 22.9323 49.6651 835
      vertex 23.045 49.9013 800
      vertex 23.045 49.9013 835
    endloop
  endfacet
  facet normal 0.902528 -0.430631 0
    outer loop
      vertex 23.045 49.9013 800
      vertex 22.9323 49.6651 835
      vertex 22.9323 49.6651 800
    endloop
  endfacet
  facet normal 0.130613 0.991433 -0
    outer loop
      vertex 26.9774 42.6588 800
      vertex 26.7178 42.693 835
      vertex 26.9774 42.6588 835
    endloop
  endfacet
  facet normal 0.130613 0.991433 0
    outer loop
      vertex 26.7178 42.693 835
      vertex 26.9774 42.6588 800
      vertex 26.7178 42.693 800
    endloop
  endfacet
  facet normal 0.958871 -0.283841 0
    outer loop
      vertex 22.6704 48.9255 835
      vertex 22.7447 49.1765 800
      vertex 22.7447 49.1765 835
    endloop
  endfacet
  facet normal 0.958871 -0.283841 0
    outer loop
      vertex 22.7447 49.1765 800
      vertex 22.6704 48.9255 835
      vertex 22.6704 48.9255 800
    endloop
  endfacet
  facet normal -0.760495 0.649343 0
    outer loop
      vertex 31.2157 44.2857 800
      vertex 31.3857 44.4848 835
      vertex 31.3857 44.4848 800
    endloop
  endfacet
  facet normal -0.760495 0.649343 0
    outer loop
      vertex 31.3857 44.4848 835
      vertex 31.2157 44.2857 800
      vertex 31.2157 44.2857 835
    endloop
  endfacet
  facet normal 0.97237 0.233445 0
    outer loop
      vertex 22.6704 46.3373 835
      vertex 22.6093 46.5918 800
      vertex 22.6093 46.5918 835
    endloop
  endfacet
  facet normal 0.97237 0.233445 0
    outer loop
      vertex 22.6093 46.5918 800
      vertex 22.6704 46.3373 835
      vertex 22.6704 46.3373 800
    endloop
  endfacet
  facet normal -0.182212 -0.983259 0
    outer loop
      vertex 28.2822 52.5698 800
      vertex 28.5396 52.5221 835
      vertex 28.2822 52.5698 835
    endloop
  endfacet
  facet normal -0.182212 -0.983259 -0
    outer loop
      vertex 28.5396 52.5221 835
      vertex 28.2822 52.5698 800
      vertex 28.5396 52.5221 800
    endloop
  endfacet
  facet normal -0.725209 -0.688529 0
    outer loop
      vertex 31.2157 50.9771 800
      vertex 31.0355 51.1669 835
      vertex 31.0355 51.1669 800
    endloop
  endfacet
  facet normal -0.725209 -0.688529 0
    outer loop
      vertex 31.0355 51.1669 835
      vertex 31.2157 50.9771 800
      vertex 31.2157 50.9771 835
    endloop
  endfacet
  facet normal -0.283841 0.958871 0
    outer loop
      vertex 29.0451 42.8761 800
      vertex 28.7941 42.8018 835
      vertex 29.0451 42.8761 835
    endloop
  endfacet
  facet normal -0.283841 0.958871 0
    outer loop
      vertex 28.7941 42.8018 835
      vertex 29.0451 42.8761 800
      vertex 28.7941 42.8018 800
    endloop
  endfacet
  facet normal 0.852771 0.522284 0
    outer loop
      vertex 23.3066 44.9082 835
      vertex 23.1699 45.1314 800
      vertex 23.1699 45.1314 835
    endloop
  endfacet
  facet normal 0.852771 0.522284 0
    outer loop
      vertex 23.1699 45.1314 800
      vertex 23.3066 44.9082 835
      vertex 23.3066 44.9082 800
    endloop
  endfacet
  facet normal 0.522284 0.852771 -0
    outer loop
      vertex 25 43.3013 800
      vertex 24.7768 43.438 835
      vertex 25 43.3013 835
    endloop
  endfacet
  facet normal 0.522284 0.852771 0
    outer loop
      vertex 24.7768 43.438 835
      vertex 25 43.3013 800
      vertex 24.7768 43.438 800
    endloop
  endfacet
  facet normal -0.566286 -0.824209 0
    outer loop
      vertex 30.2232 51.8247 800
      vertex 30.4389 51.6765 835
      vertex 30.2232 51.8247 835
    endloop
  endfacet
  facet normal -0.566286 -0.824209 -0
    outer loop
      vertex 30.4389 51.6765 835
      vertex 30.2232 51.8247 800
      vertex 30.4389 51.6765 800
    endloop
  endfacet
  facet normal -0.649343 0.760495 0
    outer loop
      vertex 30.8457 43.9157 800
      vertex 30.6466 43.7457 835
      vertex 30.8457 43.9157 835
    endloop
  endfacet
  facet normal -0.649343 0.760495 0
    outer loop
      vertex 30.6466 43.7457 835
      vertex 30.8457 43.9157 800
      vertex 30.6466 43.7457 800
    endloop
  endfacet
  facet normal 0.902599 0.430482 0
    outer loop
      vertex 23.045 45.3614 835
      vertex 22.9323 45.5977 800
      vertex 22.9323 45.5977 835
    endloop
  endfacet
  facet normal 0.902599 0.430482 0
    outer loop
      vertex 22.9323 45.5977 800
      vertex 23.045 45.3614 835
      vertex 23.045 45.3614 800
    endloop
  endfacet
  facet normal 0.233445 -0.97237 0
    outer loop
      vertex 26.2059 52.461 800
      vertex 26.4604 52.5221 835
      vertex 26.2059 52.461 835
    endloop
  endfacet
  facet normal 0.233445 -0.97237 0
    outer loop
      vertex 26.4604 52.5221 835
      vertex 26.2059 52.461 800
      vertex 26.4604 52.5221 800
    endloop
  endfacet
  facet normal -0.97237 0.233445 0
    outer loop
      vertex 32.3296 46.3373 800
      vertex 32.3907 46.5918 835
      vertex 32.3907 46.5918 800
    endloop
  endfacet
  facet normal -0.97237 0.233445 0
    outer loop
      vertex 32.3907 46.5918 835
      vertex 32.3296 46.3373 800
      vertex 32.3296 46.3373 835
    endloop
  endfacet
  facet normal 0.97237 -0.233445 0
    outer loop
      vertex 22.6093 48.671 835
      vertex 22.6704 48.9255 800
      vertex 22.6704 48.9255 835
    endloop
  endfacet
  facet normal 0.97237 -0.233445 0
    outer loop
      vertex 22.6704 48.9255 800
      vertex 22.6093 48.671 835
      vertex 22.6093 48.671 800
    endloop
  endfacet
  facet normal -0.942595 0.333939 0
    outer loop
      vertex 32.1679 45.8396 800
      vertex 32.2553 46.0863 835
      vertex 32.2553 46.0863 800
    endloop
  endfacet
  facet normal -0.942595 0.333939 0
    outer loop
      vertex 32.2553 46.0863 835
      vertex 32.1679 45.8396 800
      vertex 32.1679 45.8396 835
    endloop
  endfacet
  facet normal -0.793305 0.608824 0
    outer loop
      vertex 31.3857 44.4848 800
      vertex 31.5451 44.6925 835
      vertex 31.5451 44.6925 800
    endloop
  endfacet
  facet normal -0.793305 0.608824 0
    outer loop
      vertex 31.5451 44.6925 835
      vertex 31.3857 44.4848 800
      vertex 31.3857 44.4848 835
    endloop
  endfacet
  facet normal 0.793305 0.608824 0
    outer loop
      vertex 23.6143 44.4848 835
      vertex 23.4549 44.6925 800
      vertex 23.4549 44.6925 835
    endloop
  endfacet
  facet normal 0.793305 0.608824 0
    outer loop
      vertex 23.4549 44.6925 800
      vertex 23.6143 44.4848 835
      vertex 23.6143 44.4848 800
    endloop
  endfacet
  facet normal -0.999653 0.0263569 0
    outer loop
      vertex 32.4931 47.3697 800
      vertex 32.5 47.6314 835
      vertex 32.5 47.6314 800
    endloop
  endfacet
  facet normal -0.999653 0.0263569 0
    outer loop
      vertex 32.5 47.6314 835
      vertex 32.4931 47.3697 800
      vertex 32.4931 47.3697 835
    endloop
  endfacet
  facet normal 0.333939 -0.942595 0
    outer loop
      vertex 25.7082 52.2993 800
      vertex 25.9549 52.3867 835
      vertex 25.7082 52.2993 835
    endloop
  endfacet
  facet normal 0.333939 -0.942595 0
    outer loop
      vertex 25.9549 52.3867 835
      vertex 25.7082 52.2993 800
      vertex 25.9549 52.3867 800
    endloop
  endfacet
  facet normal -0.688529 0.725209 0
    outer loop
      vertex 31.0355 44.0959 800
      vertex 30.8457 43.9157 835
      vertex 31.0355 44.0959 835
    endloop
  endfacet
  facet normal -0.688529 0.725209 0
    outer loop
      vertex 30.8457 43.9157 835
      vertex 31.0355 44.0959 800
      vertex 30.8457 43.9157 800
    endloop
  endfacet
  facet normal -0.996927 0.0783327 0
    outer loop
      vertex 32.4726 47.1088 800
      vertex 32.4931 47.3697 835
      vertex 32.4931 47.3697 800
    endloop
  endfacet
  facet normal -0.996927 0.0783327 0
    outer loop
      vertex 32.4931 47.3697 835
      vertex 32.4726 47.1088 800
      vertex 32.4726 47.1088 835
    endloop
  endfacet
  facet normal -0.608824 -0.793305 0
    outer loop
      vertex 30.4389 51.6765 800
      vertex 30.6466 51.5171 835
      vertex 30.4389 51.6765 835
    endloop
  endfacet
  facet normal -0.608824 -0.793305 -0
    outer loop
      vertex 30.6466 51.5171 835
      vertex 30.4389 51.6765 800
      vertex 30.6466 51.5171 800
    endloop
  endfacet
  facet normal 0.725209 0.688529 0
    outer loop
      vertex 23.9645 44.0959 835
      vertex 23.7843 44.2857 800
      vertex 23.7843 44.2857 835
    endloop
  endfacet
  facet normal 0.725209 0.688529 0
    outer loop
      vertex 23.7843 44.2857 800
      vertex 23.9645 44.0959 835
      vertex 23.9645 44.0959 800
    endloop
  endfacet
  facet normal -0.333939 -0.942595 0
    outer loop
      vertex 29.0451 52.3867 800
      vertex 29.2918 52.2993 835
      vertex 29.0451 52.3867 835
    endloop
  endfacet
  facet normal -0.333939 -0.942595 -0
    outer loop
      vertex 29.2918 52.2993 835
      vertex 29.0451 52.3867 800
      vertex 29.2918 52.2993 800
    endloop
  endfacet
  facet normal -0.902599 0.430482 0
    outer loop
      vertex 31.955 45.3614 800
      vertex 32.0677 45.5977 835
      vertex 32.0677 45.5977 800
    endloop
  endfacet
  facet normal -0.902599 0.430482 0
    outer loop
      vertex 32.0677 45.5977 835
      vertex 31.955 45.3614 800
      vertex 31.955 45.3614 835
    endloop
  endfacet
  facet normal 0.996927 0.0783327 0
    outer loop
      vertex 22.5274 47.1088 835
      vertex 22.5069 47.3697 800
      vertex 22.5069 47.3697 835
    endloop
  endfacet
  facet normal 0.996927 0.0783327 0
    outer loop
      vertex 22.5069 47.3697 800
      vertex 22.5274 47.1088 835
      vertex 22.5274 47.1088 800
    endloop
  endfacet
  facet normal 0.0263569 -0.999653 0
    outer loop
      vertex 27.2383 52.6245 800
      vertex 27.5 52.6314 835
      vertex 27.2383 52.6245 835
    endloop
  endfacet
  facet normal 0.0263569 -0.999653 0
    outer loop
      vertex 27.5 52.6314 835
      vertex 27.2383 52.6245 800
      vertex 27.5 52.6314 800
    endloop
  endfacet
  facet normal 0.991433 0.130613 0
    outer loop
      vertex 22.5616 46.8492 835
      vertex 22.5274 47.1088 800
      vertex 22.5274 47.1088 835
    endloop
  endfacet
  facet normal 0.991433 0.130613 0
    outer loop
      vertex 22.5274 47.1088 800
      vertex 22.5616 46.8492 835
      vertex 22.5616 46.8492 800
    endloop
  endfacet
  facet normal -0.991433 0.130613 0
    outer loop
      vertex 32.4384 46.8492 800
      vertex 32.4726 47.1088 835
      vertex 32.4726 47.1088 800
    endloop
  endfacet
  facet normal -0.991433 0.130613 0
    outer loop
      vertex 32.4726 47.1088 835
      vertex 32.4384 46.8492 800
      vertex 32.4384 46.8492 835
    endloop
  endfacet
  facet normal -0.233445 -0.97237 0
    outer loop
      vertex 28.5396 52.5221 800
      vertex 28.7941 52.461 835
      vertex 28.5396 52.5221 835
    endloop
  endfacet
  facet normal -0.233445 -0.97237 -0
    outer loop
      vertex 28.7941 52.461 835
      vertex 28.5396 52.5221 800
      vertex 28.7941 52.461 800
    endloop
  endfacet
  facet normal 0.130613 -0.991433 0
    outer loop
      vertex 26.7178 52.5698 800
      vertex 26.9774 52.604 835
      vertex 26.7178 52.5698 835
    endloop
  endfacet
  facet normal 0.130613 -0.991433 0
    outer loop
      vertex 26.9774 52.604 835
      vertex 26.7178 52.5698 800
      vertex 26.9774 52.604 800
    endloop
  endfacet
  facet normal 0.996927 -0.0783327 0
    outer loop
      vertex 22.5069 47.8931 835
      vertex 22.5274 48.154 800
      vertex 22.5274 48.154 835
    endloop
  endfacet
  facet normal 0.996927 -0.0783327 0
    outer loop
      vertex 22.5274 48.154 800
      vertex 22.5069 47.8931 835
      vertex 22.5069 47.8931 800
    endloop
  endfacet
  facet normal 0.382689 0.923877 -0
    outer loop
      vertex 25.7082 42.9635 800
      vertex 25.4663 43.0637 835
      vertex 25.7082 42.9635 835
    endloop
  endfacet
  facet normal 0.382689 0.923877 0
    outer loop
      vertex 25.4663 43.0637 835
      vertex 25.7082 42.9635 800
      vertex 25.4663 43.0637 800
    endloop
  endfacet
  facet normal -0.958871 -0.283841 0
    outer loop
      vertex 32.3296 48.9255 800
      vertex 32.2553 49.1765 835
      vertex 32.2553 49.1765 800
    endloop
  endfacet
  facet normal -0.958871 -0.283841 0
    outer loop
      vertex 32.2553 49.1765 835
      vertex 32.3296 48.9255 800
      vertex 32.3296 48.9255 835
    endloop
  endfacet
  facet normal 0.430482 -0.902599 0
    outer loop
      vertex 25.23 52.0864 800
      vertex 25.4663 52.1991 835
      vertex 25.23 52.0864 835
    endloop
  endfacet
  facet normal 0.430482 -0.902599 0
    outer loop
      vertex 25.4663 52.1991 835
      vertex 25.23 52.0864 800
      vertex 25.4663 52.1991 800
    endloop
  endfacet
  facet normal 0.725209 -0.688529 0
    outer loop
      vertex 23.7843 50.9771 835
      vertex 23.9645 51.1669 800
      vertex 23.9645 51.1669 835
    endloop
  endfacet
  facet normal 0.725209 -0.688529 0
    outer loop
      vertex 23.9645 51.1669 800
      vertex 23.7843 50.9771 835
      vertex 23.7843 50.9771 800
    endloop
  endfacet
  facet normal -0.824031 0.566545 0
    outer loop
      vertex 31.5451 44.6925 800
      vertex 31.6934 44.9082 835
      vertex 31.6934 44.9082 800
    endloop
  endfacet
  facet normal -0.824031 0.566545 0
    outer loop
      vertex 31.6934 44.9082 835
      vertex 31.5451 44.6925 800
      vertex 31.5451 44.6925 835
    endloop
  endfacet
  facet normal 0.923877 -0.382689 0
    outer loop
      vertex 22.8321 49.4232 835
      vertex 22.9323 49.6651 800
      vertex 22.9323 49.6651 835
    endloop
  endfacet
  facet normal 0.923877 -0.382689 0
    outer loop
      vertex 22.9323 49.6651 800
      vertex 22.8321 49.4232 835
      vertex 22.8321 49.4232 800
    endloop
  endfacet
  facet normal 0.999653 -0.0263569 0
    outer loop
      vertex 22.5 47.6314 835
      vertex 22.5069 47.8931 800
      vertex 22.5069 47.8931 835
    endloop
  endfacet
  facet normal 0.999653 -0.0263569 0
    outer loop
      vertex 22.5069 47.8931 800
      vertex 22.5 47.6314 835
      vertex 22.5 47.6314 800
    endloop
  endfacet
  facet normal 0.566545 0.824031 -0
    outer loop
      vertex 24.7768 43.438 800
      vertex 24.5611 43.5863 835
      vertex 24.7768 43.438 835
    endloop
  endfacet
  facet normal 0.566545 0.824031 0
    outer loop
      vertex 24.5611 43.5863 835
      vertex 24.7768 43.438 800
      vertex 24.5611 43.5863 800
    endloop
  endfacet
  facet normal -0.522284 0.852771 0
    outer loop
      vertex 30.2232 43.438 800
      vertex 30 43.3013 835
      vertex 30.2232 43.438 835
    endloop
  endfacet
  facet normal -0.522284 0.852771 0
    outer loop
      vertex 30 43.3013 835
      vertex 30.2232 43.438 800
      vertex 30 43.3013 800
    endloop
  endfacet
  facet normal -0.233445 0.97237 0
    outer loop
      vertex 28.7941 42.8018 800
      vertex 28.5396 42.7407 835
      vertex 28.7941 42.8018 835
    endloop
  endfacet
  facet normal -0.233445 0.97237 0
    outer loop
      vertex 28.5396 42.7407 835
      vertex 28.7941 42.8018 800
      vertex 28.5396 42.7407 800
    endloop
  endfacet
  facet normal 0.878785 0.477218 0
    outer loop
      vertex 23.1699 45.1314 835
      vertex 23.045 45.3614 800
      vertex 23.045 45.3614 835
    endloop
  endfacet
  facet normal 0.878785 0.477218 0
    outer loop
      vertex 23.045 45.3614 800
      vertex 23.1699 45.1314 835
      vertex 23.1699 45.1314 800
    endloop
  endfacet
  facet normal 0.430482 0.902599 -0
    outer loop
      vertex 25.4663 43.0637 800
      vertex 25.23 43.1764 835
      vertex 25.4663 43.0637 835
    endloop
  endfacet
  facet normal 0.430482 0.902599 0
    outer loop
      vertex 25.23 43.1764 835
      vertex 25.4663 43.0637 800
      vertex 25.23 43.1764 800
    endloop
  endfacet
  facet normal 0.793305 -0.608824 0
    outer loop
      vertex 23.4549 50.5703 835
      vertex 23.6143 50.778 800
      vertex 23.6143 50.778 835
    endloop
  endfacet
  facet normal 0.793305 -0.608824 0
    outer loop
      vertex 23.6143 50.778 800
      vertex 23.4549 50.5703 835
      vertex 23.4549 50.5703 800
    endloop
  endfacet
  facet normal -0.983259 -0.182212 0
    outer loop
      vertex 32.4384 48.4136 800
      vertex 32.3907 48.671 835
      vertex 32.3907 48.671 800
    endloop
  endfacet
  facet normal -0.983259 -0.182212 0
    outer loop
      vertex 32.3907 48.671 835
      vertex 32.4384 48.4136 800
      vertex 32.4384 48.4136 835
    endloop
  endfacet
  facet normal -0.0259752 0.999663 0
    outer loop
      vertex 27.7617 42.6382 800
      vertex 27.5 42.6314 835
      vertex 27.7617 42.6382 835
    endloop
  endfacet
  facet normal -0.0259752 0.999663 0
    outer loop
      vertex 27.5 42.6314 835
      vertex 27.7617 42.6382 800
      vertex 27.5 42.6314 800
    endloop
  endfacet
  facet normal 0.0787125 0.996897 -0
    outer loop
      vertex 27.2383 42.6382 800
      vertex 26.9774 42.6588 835
      vertex 27.2383 42.6382 835
    endloop
  endfacet
  facet normal 0.0787125 0.996897 0
    outer loop
      vertex 26.9774 42.6588 835
      vertex 27.2383 42.6382 800
      vertex 26.9774 42.6588 800
    endloop
  endfacet
  facet normal 0.824031 -0.566545 0
    outer loop
      vertex 23.3066 50.3546 835
      vertex 23.4549 50.5703 800
      vertex 23.4549 50.5703 835
    endloop
  endfacet
  facet normal 0.824031 -0.566545 0
    outer loop
      vertex 23.4549 50.5703 800
      vertex 23.3066 50.3546 835
      vertex 23.3066 50.3546 800
    endloop
  endfacet
  facet normal 0.566286 -0.824209 0
    outer loop
      vertex 24.5611 51.6765 800
      vertex 24.7768 51.8247 835
      vertex 24.5611 51.6765 835
    endloop
  endfacet
  facet normal 0.566286 -0.824209 0
    outer loop
      vertex 24.7768 51.8247 835
      vertex 24.5611 51.6765 800
      vertex 24.7768 51.8247 800
    endloop
  endfacet
  facet normal -0.923877 0.382689 0
    outer loop
      vertex 32.0677 45.5977 800
      vertex 32.1679 45.8396 835
      vertex 32.1679 45.8396 800
    endloop
  endfacet
  facet normal -0.923877 0.382689 0
    outer loop
      vertex 32.1679 45.8396 835
      vertex 32.0677 45.5977 800
      vertex 32.0677 45.5977 835
    endloop
  endfacet
  facet normal -0.430482 0.902599 0
    outer loop
      vertex 29.77 43.1764 800
      vertex 29.5337 43.0637 835
      vertex 29.77 43.1764 835
    endloop
  endfacet
  facet normal -0.430482 0.902599 0
    outer loop
      vertex 29.5337 43.0637 835
      vertex 29.77 43.1764 800
      vertex 29.5337 43.0637 800
    endloop
  endfacet
  facet normal -0.182212 0.983259 0
    outer loop
      vertex 28.5396 42.7407 800
      vertex 28.2822 42.693 835
      vertex 28.5396 42.7407 835
    endloop
  endfacet
  facet normal -0.182212 0.983259 0
    outer loop
      vertex 28.2822 42.693 835
      vertex 28.5396 42.7407 800
      vertex 28.2822 42.693 800
    endloop
  endfacet
  facet normal 0.333939 0.942595 -0
    outer loop
      vertex 25.9549 42.8761 800
      vertex 25.7082 42.9635 835
      vertex 25.9549 42.8761 835
    endloop
  endfacet
  facet normal 0.333939 0.942595 0
    outer loop
      vertex 25.7082 42.9635 835
      vertex 25.9549 42.8761 800
      vertex 25.7082 42.9635 800
    endloop
  endfacet
  facet normal -0.649343 -0.760495 0
    outer loop
      vertex 30.6466 51.5171 800
      vertex 30.8457 51.3471 835
      vertex 30.6466 51.5171 835
    endloop
  endfacet
  facet normal -0.649343 -0.760495 -0
    outer loop
      vertex 30.8457 51.3471 835
      vertex 30.6466 51.5171 800
      vertex 30.8457 51.3471 800
    endloop
  endfacet
  facet normal -0.902528 -0.430631 0
    outer loop
      vertex 32.0677 49.6651 800
      vertex 31.955 49.9013 835
      vertex 31.955 49.9013 800
    endloop
  endfacet
  facet normal -0.902528 -0.430631 0
    outer loop
      vertex 31.955 49.9013 835
      vertex 32.0677 49.6651 800
      vertex 32.0677 49.6651 835
    endloop
  endfacet
  facet normal -0.983259 0.182212 0
    outer loop
      vertex 32.3907 46.5918 800
      vertex 32.4384 46.8492 835
      vertex 32.4384 46.8492 800
    endloop
  endfacet
  facet normal -0.983259 0.182212 0
    outer loop
      vertex 32.4384 46.8492 835
      vertex 32.3907 46.5918 800
      vertex 32.3907 46.5918 835
    endloop
  endfacet
  facet normal -0.688529 -0.725209 0
    outer loop
      vertex 30.8457 51.3471 800
      vertex 31.0355 51.1669 835
      vertex 30.8457 51.3471 835
    endloop
  endfacet
  facet normal -0.688529 -0.725209 -0
    outer loop
      vertex 31.0355 51.1669 835
      vertex 30.8457 51.3471 800
      vertex 31.0355 51.1669 800
    endloop
  endfacet
  facet normal -0.852771 -0.522284 0
    outer loop
      vertex 31.8301 50.1314 800
      vertex 31.6934 50.3546 835
      vertex 31.6934 50.3546 800
    endloop
  endfacet
  facet normal -0.852771 -0.522284 0
    outer loop
      vertex 31.6934 50.3546 835
      vertex 31.8301 50.1314 800
      vertex 31.8301 50.1314 835
    endloop
  endfacet
  facet normal 0.824031 0.566545 0
    outer loop
      vertex 23.4549 44.6925 835
      vertex 23.3066 44.9082 800
      vertex 23.3066 44.9082 835
    endloop
  endfacet
  facet normal 0.824031 0.566545 0
    outer loop
      vertex 23.3066 44.9082 800
      vertex 23.4549 44.6925 835
      vertex 23.4549 44.6925 800
    endloop
  endfacet
  facet normal 0.878872 -0.477058 0
    outer loop
      vertex 23.045 49.9013 835
      vertex 23.1699 50.1314 800
      vertex 23.1699 50.1314 835
    endloop
  endfacet
  facet normal 0.878872 -0.477058 0
    outer loop
      vertex 23.1699 50.1314 800
      vertex 23.045 49.9013 835
      vertex 23.045 49.9013 800
    endloop
  endfacet
  facet normal -0.566545 0.824031 0
    outer loop
      vertex 30.4389 43.5863 800
      vertex 30.2232 43.438 835
      vertex 30.4389 43.5863 835
    endloop
  endfacet
  facet normal -0.566545 0.824031 0
    outer loop
      vertex 30.2232 43.438 835
      vertex 30.4389 43.5863 800
      vertex 30.2232 43.438 800
    endloop
  endfacet
  facet normal 0.608824 0.793305 -0
    outer loop
      vertex 24.5611 43.5863 800
      vertex 24.3534 43.7457 835
      vertex 24.5611 43.5863 835
    endloop
  endfacet
  facet normal 0.608824 0.793305 0
    outer loop
      vertex 24.3534 43.7457 835
      vertex 24.5611 43.5863 800
      vertex 24.3534 43.7457 800
    endloop
  endfacet
  facet normal -0.996927 -0.0783327 0
    outer loop
      vertex 32.4931 47.8931 800
      vertex 32.4726 48.154 835
      vertex 32.4726 48.154 800
    endloop
  endfacet
  facet normal -0.996927 -0.0783327 0
    outer loop
      vertex 32.4726 48.154 835
      vertex 32.4931 47.8931 800
      vertex 32.4931 47.8931 835
    endloop
  endfacet
  facet normal 0.233445 0.97237 -0
    outer loop
      vertex 26.4604 42.7407 800
      vertex 26.2059 42.8018 835
      vertex 26.4604 42.7407 835
    endloop
  endfacet
  facet normal 0.233445 0.97237 0
    outer loop
      vertex 26.2059 42.8018 835
      vertex 26.4604 42.7407 800
      vertex 26.2059 42.8018 800
    endloop
  endfacet
  facet normal 0.983259 -0.182212 0
    outer loop
      vertex 22.5616 48.4136 835
      vertex 22.6093 48.671 800
      vertex 22.6093 48.671 835
    endloop
  endfacet
  facet normal 0.983259 -0.182212 0
    outer loop
      vertex 22.6093 48.671 800
      vertex 22.5616 48.4136 835
      vertex 22.5616 48.4136 800
    endloop
  endfacet
  facet normal -0.793305 -0.608824 0
    outer loop
      vertex 31.5451 50.5703 800
      vertex 31.3857 50.778 835
      vertex 31.3857 50.778 800
    endloop
  endfacet
  facet normal -0.793305 -0.608824 0
    outer loop
      vertex 31.3857 50.778 835
      vertex 31.5451 50.5703 800
      vertex 31.5451 50.5703 835
    endloop
  endfacet
  facet normal 0.649343 0.760495 -0
    outer loop
      vertex 24.3534 43.7457 800
      vertex 24.1543 43.9157 835
      vertex 24.3534 43.7457 835
    endloop
  endfacet
  facet normal 0.649343 0.760495 0
    outer loop
      vertex 24.1543 43.9157 835
      vertex 24.3534 43.7457 800
      vertex 24.1543 43.9157 800
    endloop
  endfacet
  facet normal -0.0787125 0.996897 0
    outer loop
      vertex 28.0226 42.6588 800
      vertex 27.7617 42.6382 835
      vertex 28.0226 42.6588 835
    endloop
  endfacet
  facet normal -0.0787125 0.996897 0
    outer loop
      vertex 27.7617 42.6382 835
      vertex 28.0226 42.6588 800
      vertex 27.7617 42.6382 800
    endloop
  endfacet
  facet normal 0.688529 0.725209 -0
    outer loop
      vertex 24.1543 43.9157 800
      vertex 23.9645 44.0959 835
      vertex 24.1543 43.9157 835
    endloop
  endfacet
  facet normal 0.688529 0.725209 0
    outer loop
      vertex 23.9645 44.0959 835
      vertex 24.1543 43.9157 800
      vertex 23.9645 44.0959 800
    endloop
  endfacet
  facet normal 0.182212 0.983259 -0
    outer loop
      vertex 26.7178 42.693 800
      vertex 26.4604 42.7407 835
      vertex 26.7178 42.693 835
    endloop
  endfacet
  facet normal 0.182212 0.983259 0
    outer loop
      vertex 26.4604 42.7407 835
      vertex 26.7178 42.693 800
      vertex 26.4604 42.7407 800
    endloop
  endfacet
  facet normal -0.333939 0.942595 0
    outer loop
      vertex 29.2918 42.9635 800
      vertex 29.0451 42.8761 835
      vertex 29.2918 42.9635 835
    endloop
  endfacet
  facet normal -0.333939 0.942595 0
    outer loop
      vertex 29.0451 42.8761 835
      vertex 29.2918 42.9635 800
      vertex 29.0451 42.8761 800
    endloop
  endfacet
  facet normal -0.382689 0.923877 0
    outer loop
      vertex 29.5337 43.0637 800
      vertex 29.2918 42.9635 835
      vertex 29.5337 43.0637 835
    endloop
  endfacet
  facet normal -0.382689 0.923877 0
    outer loop
      vertex 29.2918 42.9635 835
      vertex 29.5337 43.0637 800
      vertex 29.2918 42.9635 800
    endloop
  endfacet
  facet normal -0.477218 0.878785 0
    outer loop
      vertex 30 43.3013 800
      vertex 29.77 43.1764 835
      vertex 30 43.3013 835
    endloop
  endfacet
  facet normal -0.477218 0.878785 0
    outer loop
      vertex 29.77 43.1764 835
      vertex 30 43.3013 800
      vertex 29.77 43.1764 800
    endloop
  endfacet
  facet normal 0.0259752 0.999663 -0
    outer loop
      vertex 27.5 42.6314 800
      vertex 27.2383 42.6382 835
      vertex 27.5 42.6314 835
    endloop
  endfacet
  facet normal 0.0259752 0.999663 0
    outer loop
      vertex 27.2383 42.6382 835
      vertex 27.5 42.6314 800
      vertex 27.2383 42.6382 800
    endloop
  endfacet
  facet normal 0.566286 -0.824209 0
    outer loop
      vertex -30.4389 51.6765 800
      vertex -30.2232 51.8247 835
      vertex -30.4389 51.6765 835
    endloop
  endfacet
  facet normal 0.566286 -0.824209 0
    outer loop
      vertex -30.2232 51.8247 835
      vertex -30.4389 51.6765 800
      vertex -30.2232 51.8247 800
    endloop
  endfacet
  facet normal 0.522562 -0.852601 0
    outer loop
      vertex -30.2232 51.8247 800
      vertex -30 51.9615 835
      vertex -30.2232 51.8247 835
    endloop
  endfacet
  facet normal 0.522562 -0.852601 0
    outer loop
      vertex -30 51.9615 835
      vertex -30.2232 51.8247 800
      vertex -30 51.9615 800
    endloop
  endfacet
  facet normal 0.608824 -0.793305 0
    outer loop
      vertex -30.6466 51.5171 800
      vertex -30.4389 51.6765 835
      vertex -30.6466 51.5171 835
    endloop
  endfacet
  facet normal 0.608824 -0.793305 0
    outer loop
      vertex -30.4389 51.6765 835
      vertex -30.6466 51.5171 800
      vertex -30.4389 51.6765 800
    endloop
  endfacet
  facet normal 0.0259752 0.999663 -0
    outer loop
      vertex -27.5 42.6314 800
      vertex -27.7617 42.6382 835
      vertex -27.5 42.6314 835
    endloop
  endfacet
  facet normal 0.0259752 0.999663 0
    outer loop
      vertex -27.7617 42.6382 835
      vertex -27.5 42.6314 800
      vertex -27.7617 42.6382 800
    endloop
  endfacet
  facet normal -0.566545 0.824031 0
    outer loop
      vertex -24.5611 43.5863 800
      vertex -24.7768 43.438 835
      vertex -24.5611 43.5863 835
    endloop
  endfacet
  facet normal -0.566545 0.824031 0
    outer loop
      vertex -24.7768 43.438 835
      vertex -24.5611 43.5863 800
      vertex -24.7768 43.438 800
    endloop
  endfacet
  facet normal -0.760495 -0.649343 0
    outer loop
      vertex -23.6143 50.778 800
      vertex -23.7843 50.9771 835
      vertex -23.7843 50.9771 800
    endloop
  endfacet
  facet normal -0.760495 -0.649343 0
    outer loop
      vertex -23.7843 50.9771 835
      vertex -23.6143 50.778 800
      vertex -23.6143 50.778 835
    endloop
  endfacet
  facet normal -0.522562 -0.852601 0
    outer loop
      vertex -25 51.9615 800
      vertex -24.7768 51.8247 835
      vertex -25 51.9615 835
    endloop
  endfacet
  facet normal -0.522562 -0.852601 -0
    outer loop
      vertex -24.7768 51.8247 835
      vertex -25 51.9615 800
      vertex -24.7768 51.8247 800
    endloop
  endfacet
  facet normal -0.97237 -0.233445 0
    outer loop
      vertex -22.6093 48.671 800
      vertex -22.6704 48.9255 835
      vertex -22.6704 48.9255 800
    endloop
  endfacet
  facet normal -0.97237 -0.233445 0
    outer loop
      vertex -22.6704 48.9255 835
      vertex -22.6093 48.671 800
      vertex -22.6093 48.671 835
    endloop
  endfacet
  facet normal -0.233445 0.97237 0
    outer loop
      vertex -26.2059 42.8018 800
      vertex -26.4604 42.7407 835
      vertex -26.2059 42.8018 835
    endloop
  endfacet
  facet normal -0.233445 0.97237 0
    outer loop
      vertex -26.4604 42.7407 835
      vertex -26.2059 42.8018 800
      vertex -26.4604 42.7407 800
    endloop
  endfacet
  facet normal -0.430482 -0.902599 0
    outer loop
      vertex -25.4663 52.1991 800
      vertex -25.23 52.0864 835
      vertex -25.4663 52.1991 835
    endloop
  endfacet
  facet normal -0.430482 -0.902599 -0
    outer loop
      vertex -25.23 52.0864 835
      vertex -25.4663 52.1991 800
      vertex -25.23 52.0864 800
    endloop
  endfacet
  facet normal 0.283841 -0.958871 0
    outer loop
      vertex -29.0451 52.3867 800
      vertex -28.7941 52.461 835
      vertex -29.0451 52.3867 835
    endloop
  endfacet
  facet normal 0.283841 -0.958871 0
    outer loop
      vertex -28.7941 52.461 835
      vertex -29.0451 52.3867 800
      vertex -28.7941 52.461 800
    endloop
  endfacet
  facet normal 0.182212 -0.983259 0
    outer loop
      vertex -28.5396 52.5221 800
      vertex -28.2822 52.5698 835
      vertex -28.5396 52.5221 835
    endloop
  endfacet
  facet normal 0.182212 -0.983259 0
    outer loop
      vertex -28.2822 52.5698 835
      vertex -28.5396 52.5221 800
      vertex -28.2822 52.5698 800
    endloop
  endfacet
  facet normal 0.958871 0.283841 0
    outer loop
      vertex -32.2553 46.0863 835
      vertex -32.3296 46.3373 800
      vertex -32.3296 46.3373 835
    endloop
  endfacet
  facet normal 0.958871 0.283841 0
    outer loop
      vertex -32.3296 46.3373 800
      vertex -32.2553 46.0863 835
      vertex -32.2553 46.0863 800
    endloop
  endfacet
  facet normal 0.793305 -0.608824 0
    outer loop
      vertex -31.5451 50.5703 835
      vertex -31.3857 50.778 800
      vertex -31.3857 50.778 835
    endloop
  endfacet
  facet normal 0.793305 -0.608824 0
    outer loop
      vertex -31.3857 50.778 800
      vertex -31.5451 50.5703 835
      vertex -31.5451 50.5703 800
    endloop
  endfacet
  facet normal 0.942595 0.333939 0
    outer loop
      vertex -32.1679 45.8396 835
      vertex -32.2553 46.0863 800
      vertex -32.2553 46.0863 835
    endloop
  endfacet
  facet normal 0.942595 0.333939 0
    outer loop
      vertex -32.2553 46.0863 800
      vertex -32.1679 45.8396 835
      vertex -32.1679 45.8396 800
    endloop
  endfacet
  facet normal 0.760495 -0.649343 0
    outer loop
      vertex -31.3857 50.778 835
      vertex -31.2157 50.9771 800
      vertex -31.2157 50.9771 835
    endloop
  endfacet
  facet normal 0.760495 -0.649343 0
    outer loop
      vertex -31.2157 50.9771 800
      vertex -31.3857 50.778 835
      vertex -31.3857 50.778 800
    endloop
  endfacet
  facet normal 0.793305 0.608824 0
    outer loop
      vertex -31.3857 44.4848 835
      vertex -31.5451 44.6925 800
      vertex -31.5451 44.6925 835
    endloop
  endfacet
  facet normal 0.793305 0.608824 0
    outer loop
      vertex -31.5451 44.6925 800
      vertex -31.3857 44.4848 835
      vertex -31.3857 44.4848 800
    endloop
  endfacet
  facet normal 0.233445 0.97237 -0
    outer loop
      vertex -28.5396 42.7407 800
      vertex -28.7941 42.8018 835
      vertex -28.5396 42.7407 835
    endloop
  endfacet
  facet normal 0.233445 0.97237 0
    outer loop
      vertex -28.7941 42.8018 835
      vertex -28.5396 42.7407 800
      vertex -28.7941 42.8018 800
    endloop
  endfacet
  facet normal -0.522284 0.852771 0
    outer loop
      vertex -24.7768 43.438 800
      vertex -25 43.3013 835
      vertex -24.7768 43.438 835
    endloop
  endfacet
  facet normal -0.522284 0.852771 0
    outer loop
      vertex -25 43.3013 835
      vertex -24.7768 43.438 800
      vertex -25 43.3013 800
    endloop
  endfacet
  facet normal 0.477218 0.878785 -0
    outer loop
      vertex -29.77 43.1764 800
      vertex -30 43.3013 835
      vertex -29.77 43.1764 835
    endloop
  endfacet
  facet normal 0.477218 0.878785 0
    outer loop
      vertex -30 43.3013 835
      vertex -29.77 43.1764 800
      vertex -30 43.3013 800
    endloop
  endfacet
  facet normal 0.0787125 0.996897 -0
    outer loop
      vertex -27.7617 42.6382 800
      vertex -28.0226 42.6588 835
      vertex -27.7617 42.6382 835
    endloop
  endfacet
  facet normal 0.0787125 0.996897 0
    outer loop
      vertex -28.0226 42.6588 835
      vertex -27.7617 42.6382 800
      vertex -28.0226 42.6588 800
    endloop
  endfacet
  facet normal -0.430482 0.902599 0
    outer loop
      vertex -25.23 43.1764 800
      vertex -25.4663 43.0637 835
      vertex -25.23 43.1764 835
    endloop
  endfacet
  facet normal -0.430482 0.902599 0
    outer loop
      vertex -25.4663 43.0637 835
      vertex -25.23 43.1764 800
      vertex -25.4663 43.0637 800
    endloop
  endfacet
  facet normal 0.608824 0.793305 -0
    outer loop
      vertex -30.4389 43.5863 800
      vertex -30.6466 43.7457 835
      vertex -30.4389 43.5863 835
    endloop
  endfacet
  facet normal 0.608824 0.793305 0
    outer loop
      vertex -30.6466 43.7457 835
      vertex -30.4389 43.5863 800
      vertex -30.6466 43.7457 800
    endloop
  endfacet
  facet normal -0.999653 0.0263569 0
    outer loop
      vertex -22.5069 47.3697 800
      vertex -22.5 47.6314 835
      vertex -22.5 47.6314 800
    endloop
  endfacet
  facet normal -0.999653 0.0263569 0
    outer loop
      vertex -22.5 47.6314 835
      vertex -22.5069 47.3697 800
      vertex -22.5069 47.3697 835
    endloop
  endfacet
  facet normal -0.983259 -0.182212 0
    outer loop
      vertex -22.5616 48.4136 800
      vertex -22.6093 48.671 835
      vertex -22.6093 48.671 800
    endloop
  endfacet
  facet normal -0.983259 -0.182212 0
    outer loop
      vertex -22.6093 48.671 835
      vertex -22.5616 48.4136 800
      vertex -22.5616 48.4136 835
    endloop
  endfacet
  facet normal 0.902528 -0.430631 0
    outer loop
      vertex -32.0677 49.6651 835
      vertex -31.955 49.9013 800
      vertex -31.955 49.9013 835
    endloop
  endfacet
  facet normal 0.902528 -0.430631 0
    outer loop
      vertex -31.955 49.9013 800
      vertex -32.0677 49.6651 835
      vertex -32.0677 49.6651 800
    endloop
  endfacet
  facet normal -0.130613 -0.991433 0
    outer loop
      vertex -26.9774 52.604 800
      vertex -26.7178 52.5698 835
      vertex -26.9774 52.604 835
    endloop
  endfacet
  facet normal -0.130613 -0.991433 -0
    outer loop
      vertex -26.7178 52.5698 835
      vertex -26.9774 52.604 800
      vertex -26.7178 52.5698 800
    endloop
  endfacet
  facet normal 0.760495 0.649343 0
    outer loop
      vertex -31.2157 44.2857 835
      vertex -31.3857 44.4848 800
      vertex -31.3857 44.4848 835
    endloop
  endfacet
  facet normal 0.760495 0.649343 0
    outer loop
      vertex -31.3857 44.4848 800
      vertex -31.2157 44.2857 835
      vertex -31.2157 44.2857 800
    endloop
  endfacet
  facet normal -0.902528 -0.430631 0
    outer loop
      vertex -22.9323 49.6651 800
      vertex -23.045 49.9013 835
      vertex -23.045 49.9013 800
    endloop
  endfacet
  facet normal -0.902528 -0.430631 0
    outer loop
      vertex -23.045 49.9013 835
      vertex -22.9323 49.6651 800
      vertex -22.9323 49.6651 835
    endloop
  endfacet
  facet normal 0.688529 0.725209 -0
    outer loop
      vertex -30.8457 43.9157 800
      vertex -31.0355 44.0959 835
      vertex -30.8457 43.9157 835
    endloop
  endfacet
  facet normal 0.688529 0.725209 0
    outer loop
      vertex -31.0355 44.0959 835
      vertex -30.8457 43.9157 800
      vertex -31.0355 44.0959 800
    endloop
  endfacet
  facet normal -0.923877 0.382689 0
    outer loop
      vertex -22.9323 45.5977 800
      vertex -22.8321 45.8396 835
      vertex -22.8321 45.8396 800
    endloop
  endfacet
  facet normal -0.923877 0.382689 0
    outer loop
      vertex -22.8321 45.8396 835
      vertex -22.9323 45.5977 800
      vertex -22.9323 45.5977 835
    endloop
  endfacet
  facet normal 0.824031 0.566545 0
    outer loop
      vertex -31.5451 44.6925 835
      vertex -31.6934 44.9082 800
      vertex -31.6934 44.9082 835
    endloop
  endfacet
  facet normal 0.824031 0.566545 0
    outer loop
      vertex -31.6934 44.9082 800
      vertex -31.5451 44.6925 835
      vertex -31.5451 44.6925 800
    endloop
  endfacet
  facet normal -0.999653 -0.0263569 0
    outer loop
      vertex -22.5 47.6314 800
      vertex -22.5069 47.8931 835
      vertex -22.5069 47.8931 800
    endloop
  endfacet
  facet normal -0.999653 -0.0263569 0
    outer loop
      vertex -22.5069 47.8931 835
      vertex -22.5 47.6314 800
      vertex -22.5 47.6314 835
    endloop
  endfacet
  facet normal 0.130613 0.991433 -0
    outer loop
      vertex -28.0226 42.6588 800
      vertex -28.2822 42.693 835
      vertex -28.0226 42.6588 835
    endloop
  endfacet
  facet normal 0.130613 0.991433 0
    outer loop
      vertex -28.2822 42.693 835
      vertex -28.0226 42.6588 800
      vertex -28.2822 42.693 800
    endloop
  endfacet
  facet normal 0.852771 -0.522284 0
    outer loop
      vertex -31.8301 50.1314 835
      vertex -31.6934 50.3546 800
      vertex -31.6934 50.3546 835
    endloop
  endfacet
  facet normal 0.852771 -0.522284 0
    outer loop
      vertex -31.6934 50.3546 800
      vertex -31.8301 50.1314 835
      vertex -31.8301 50.1314 800
    endloop
  endfacet
  facet normal -0.688529 -0.725209 0
    outer loop
      vertex -24.1543 51.3471 800
      vertex -23.9645 51.1669 835
      vertex -24.1543 51.3471 835
    endloop
  endfacet
  facet normal -0.688529 -0.725209 -0
    outer loop
      vertex -23.9645 51.1669 835
      vertex -24.1543 51.3471 800
      vertex -23.9645 51.1669 800
    endloop
  endfacet
  facet normal -0.477218 0.878785 0
    outer loop
      vertex -25 43.3013 800
      vertex -25.23 43.1764 835
      vertex -25 43.3013 835
    endloop
  endfacet
  facet normal -0.477218 0.878785 0
    outer loop
      vertex -25.23 43.1764 835
      vertex -25 43.3013 800
      vertex -25.23 43.1764 800
    endloop
  endfacet
  facet normal 0.97237 -0.233445 0
    outer loop
      vertex -32.3907 48.671 835
      vertex -32.3296 48.9255 800
      vertex -32.3296 48.9255 835
    endloop
  endfacet
  facet normal 0.97237 -0.233445 0
    outer loop
      vertex -32.3296 48.9255 800
      vertex -32.3907 48.671 835
      vertex -32.3907 48.671 800
    endloop
  endfacet
  facet normal 0.999653 0.0263569 0
    outer loop
      vertex -32.4931 47.3697 835
      vertex -32.5 47.6314 800
      vertex -32.5 47.6314 835
    endloop
  endfacet
  facet normal 0.999653 0.0263569 0
    outer loop
      vertex -32.5 47.6314 800
      vertex -32.4931 47.3697 835
      vertex -32.4931 47.3697 800
    endloop
  endfacet
  facet normal -0.958871 0.283841 0
    outer loop
      vertex -22.7447 46.0863 800
      vertex -22.6704 46.3373 835
      vertex -22.6704 46.3373 800
    endloop
  endfacet
  facet normal -0.958871 0.283841 0
    outer loop
      vertex -22.6704 46.3373 835
      vertex -22.7447 46.0863 800
      vertex -22.7447 46.0863 835
    endloop
  endfacet
  facet normal 0.382689 -0.923877 0
    outer loop
      vertex -29.5337 52.1991 800
      vertex -29.2918 52.2993 835
      vertex -29.5337 52.1991 835
    endloop
  endfacet
  facet normal 0.382689 -0.923877 0
    outer loop
      vertex -29.2918 52.2993 835
      vertex -29.5337 52.1991 800
      vertex -29.2918 52.2993 800
    endloop
  endfacet
  facet normal 0.923877 0.382689 0
    outer loop
      vertex -32.0677 45.5977 835
      vertex -32.1679 45.8396 800
      vertex -32.1679 45.8396 835
    endloop
  endfacet
  facet normal 0.923877 0.382689 0
    outer loop
      vertex -32.1679 45.8396 800
      vertex -32.0677 45.5977 835
      vertex -32.0677 45.5977 800
    endloop
  endfacet
  facet normal -0.923877 -0.382689 0
    outer loop
      vertex -22.8321 49.4232 800
      vertex -22.9323 49.6651 835
      vertex -22.9323 49.6651 800
    endloop
  endfacet
  facet normal -0.923877 -0.382689 0
    outer loop
      vertex -22.9323 49.6651 835
      vertex -22.8321 49.4232 800
      vertex -22.8321 49.4232 835
    endloop
  endfacet
  facet normal -0.182212 -0.983259 0
    outer loop
      vertex -26.7178 52.5698 800
      vertex -26.4604 52.5221 835
      vertex -26.7178 52.5698 835
    endloop
  endfacet
  facet normal -0.182212 -0.983259 -0
    outer loop
      vertex -26.4604 52.5221 835
      vertex -26.7178 52.5698 800
      vertex -26.4604 52.5221 800
    endloop
  endfacet
  facet normal 0.958871 -0.283841 0
    outer loop
      vertex -32.3296 48.9255 835
      vertex -32.2553 49.1765 800
      vertex -32.2553 49.1765 835
    endloop
  endfacet
  facet normal 0.958871 -0.283841 0
    outer loop
      vertex -32.2553 49.1765 800
      vertex -32.3296 48.9255 835
      vertex -32.3296 48.9255 800
    endloop
  endfacet
  facet normal 0.991433 0.130613 0
    outer loop
      vertex -32.4384 46.8492 835
      vertex -32.4726 47.1088 800
      vertex -32.4726 47.1088 835
    endloop
  endfacet
  facet normal 0.991433 0.130613 0
    outer loop
      vertex -32.4726 47.1088 800
      vertex -32.4384 46.8492 835
      vertex -32.4384 46.8492 800
    endloop
  endfacet
  facet normal 0.942595 -0.333939 0
    outer loop
      vertex -32.2553 49.1765 835
      vertex -32.1679 49.4232 800
      vertex -32.1679 49.4232 835
    endloop
  endfacet
  facet normal 0.942595 -0.333939 0
    outer loop
      vertex -32.1679 49.4232 800
      vertex -32.2553 49.1765 835
      vertex -32.2553 49.1765 800
    endloop
  endfacet
  facet normal 0.430482 -0.902599 0
    outer loop
      vertex -29.77 52.0864 800
      vertex -29.5337 52.1991 835
      vertex -29.77 52.0864 835
    endloop
  endfacet
  facet normal 0.430482 -0.902599 0
    outer loop
      vertex -29.5337 52.1991 835
      vertex -29.77 52.0864 800
      vertex -29.5337 52.1991 800
    endloop
  endfacet
  facet normal -0.793305 -0.608824 0
    outer loop
      vertex -23.4549 50.5703 800
      vertex -23.6143 50.778 835
      vertex -23.6143 50.778 800
    endloop
  endfacet
  facet normal -0.793305 -0.608824 0
    outer loop
      vertex -23.6143 50.778 835
      vertex -23.4549 50.5703 800
      vertex -23.4549 50.5703 835
    endloop
  endfacet
  facet normal 0.999653 -0.0263569 0
    outer loop
      vertex -32.5 47.6314 835
      vertex -32.4931 47.8931 800
      vertex -32.4931 47.8931 835
    endloop
  endfacet
  facet normal 0.999653 -0.0263569 0
    outer loop
      vertex -32.4931 47.8931 800
      vertex -32.5 47.6314 835
      vertex -32.5 47.6314 800
    endloop
  endfacet
  facet normal -0.649343 0.760495 0
    outer loop
      vertex -24.1543 43.9157 800
      vertex -24.3534 43.7457 835
      vertex -24.1543 43.9157 835
    endloop
  endfacet
  facet normal -0.649343 0.760495 0
    outer loop
      vertex -24.3534 43.7457 835
      vertex -24.1543 43.9157 800
      vertex -24.3534 43.7457 800
    endloop
  endfacet
  facet normal -0.97237 0.233445 0
    outer loop
      vertex -22.6704 46.3373 800
      vertex -22.6093 46.5918 835
      vertex -22.6093 46.5918 800
    endloop
  endfacet
  facet normal -0.97237 0.233445 0
    outer loop
      vertex -22.6093 46.5918 835
      vertex -22.6704 46.3373 800
      vertex -22.6704 46.3373 835
    endloop
  endfacet
  facet normal -0.983259 0.182212 0
    outer loop
      vertex -22.6093 46.5918 800
      vertex -22.5616 46.8492 835
      vertex -22.5616 46.8492 800
    endloop
  endfacet
  facet normal -0.983259 0.182212 0
    outer loop
      vertex -22.5616 46.8492 835
      vertex -22.6093 46.5918 800
      vertex -22.6093 46.5918 835
    endloop
  endfacet
  facet normal 0.97237 0.233445 0
    outer loop
      vertex -32.3296 46.3373 835
      vertex -32.3907 46.5918 800
      vertex -32.3907 46.5918 835
    endloop
  endfacet
  facet normal 0.97237 0.233445 0
    outer loop
      vertex -32.3907 46.5918 800
      vertex -32.3296 46.3373 835
      vertex -32.3296 46.3373 800
    endloop
  endfacet
  facet normal -0.824031 -0.566545 0
    outer loop
      vertex -23.3066 50.3546 800
      vertex -23.4549 50.5703 835
      vertex -23.4549 50.5703 800
    endloop
  endfacet
  facet normal -0.824031 -0.566545 0
    outer loop
      vertex -23.4549 50.5703 835
      vertex -23.3066 50.3546 800
      vertex -23.3066 50.3546 835
    endloop
  endfacet
  facet normal 0.333939 0.942595 -0
    outer loop
      vertex -29.0451 42.8761 800
      vertex -29.2918 42.9635 835
      vertex -29.0451 42.8761 835
    endloop
  endfacet
  facet normal 0.333939 0.942595 0
    outer loop
      vertex -29.2918 42.9635 835
      vertex -29.0451 42.8761 800
      vertex -29.2918 42.9635 800
    endloop
  endfacet
  facet normal -0.649343 -0.760495 0
    outer loop
      vertex -24.3534 51.5171 800
      vertex -24.1543 51.3471 835
      vertex -24.3534 51.5171 835
    endloop
  endfacet
  facet normal -0.649343 -0.760495 -0
    outer loop
      vertex -24.1543 51.3471 835
      vertex -24.3534 51.5171 800
      vertex -24.1543 51.3471 800
    endloop
  endfacet
  facet normal -0.852771 -0.522284 0
    outer loop
      vertex -23.1699 50.1314 800
      vertex -23.3066 50.3546 835
      vertex -23.3066 50.3546 800
    endloop
  endfacet
  facet normal -0.852771 -0.522284 0
    outer loop
      vertex -23.3066 50.3546 835
      vertex -23.1699 50.1314 800
      vertex -23.1699 50.1314 835
    endloop
  endfacet
  facet normal -0.958871 -0.283841 0
    outer loop
      vertex -22.6704 48.9255 800
      vertex -22.7447 49.1765 835
      vertex -22.7447 49.1765 800
    endloop
  endfacet
  facet normal -0.958871 -0.283841 0
    outer loop
      vertex -22.7447 49.1765 835
      vertex -22.6704 48.9255 800
      vertex -22.6704 48.9255 835
    endloop
  endfacet
  facet normal -0.382689 -0.923877 0
    outer loop
      vertex -25.7082 52.2993 800
      vertex -25.4663 52.1991 835
      vertex -25.7082 52.2993 835
    endloop
  endfacet
  facet normal -0.382689 -0.923877 -0
    outer loop
      vertex -25.4663 52.1991 835
      vertex -25.7082 52.2993 800
      vertex -25.4663 52.1991 800
    endloop
  endfacet
  facet normal -0.130613 0.991433 0
    outer loop
      vertex -26.7178 42.693 800
      vertex -26.9774 42.6588 835
      vertex -26.7178 42.693 835
    endloop
  endfacet
  facet normal -0.130613 0.991433 0
    outer loop
      vertex -26.9774 42.6588 835
      vertex -26.7178 42.693 800
      vertex -26.9774 42.6588 800
    endloop
  endfacet
  facet normal 0.283841 0.958871 -0
    outer loop
      vertex -28.7941 42.8018 800
      vertex -29.0451 42.8761 835
      vertex -28.7941 42.8018 835
    endloop
  endfacet
  facet normal 0.283841 0.958871 0
    outer loop
      vertex -29.0451 42.8761 835
      vertex -28.7941 42.8018 800
      vertex -29.0451 42.8761 800
    endloop
  endfacet
  facet normal 0.878872 -0.477058 0
    outer loop
      vertex -31.955 49.9013 835
      vertex -31.8301 50.1314 800
      vertex -31.8301 50.1314 835
    endloop
  endfacet
  facet normal 0.878872 -0.477058 0
    outer loop
      vertex -31.8301 50.1314 800
      vertex -31.955 49.9013 835
      vertex -31.955 49.9013 800
    endloop
  endfacet
  facet normal 0.0263569 -0.999653 0
    outer loop
      vertex -27.7617 52.6245 800
      vertex -27.5 52.6314 835
      vertex -27.7617 52.6245 835
    endloop
  endfacet
  facet normal 0.0263569 -0.999653 0
    outer loop
      vertex -27.5 52.6314 835
      vertex -27.7617 52.6245 800
      vertex -27.5 52.6314 800
    endloop
  endfacet
  facet normal -0.566286 -0.824209 0
    outer loop
      vertex -24.7768 51.8247 800
      vertex -24.5611 51.6765 835
      vertex -24.7768 51.8247 835
    endloop
  endfacet
  facet normal -0.566286 -0.824209 -0
    outer loop
      vertex -24.5611 51.6765 835
      vertex -24.7768 51.8247 800
      vertex -24.5611 51.6765 800
    endloop
  endfacet
  facet normal 0.649343 -0.760495 0
    outer loop
      vertex -30.8457 51.3471 800
      vertex -30.6466 51.5171 835
      vertex -30.8457 51.3471 835
    endloop
  endfacet
  facet normal 0.649343 -0.760495 0
    outer loop
      vertex -30.6466 51.5171 835
      vertex -30.8457 51.3471 800
      vertex -30.6466 51.5171 800
    endloop
  endfacet
  facet normal -0.824031 0.566545 0
    outer loop
      vertex -23.4549 44.6925 800
      vertex -23.3066 44.9082 835
      vertex -23.3066 44.9082 800
    endloop
  endfacet
  facet normal -0.824031 0.566545 0
    outer loop
      vertex -23.3066 44.9082 835
      vertex -23.4549 44.6925 800
      vertex -23.4549 44.6925 835
    endloop
  endfacet
  facet normal -0.878872 -0.477058 0
    outer loop
      vertex -23.045 49.9013 800
      vertex -23.1699 50.1314 835
      vertex -23.1699 50.1314 800
    endloop
  endfacet
  facet normal -0.878872 -0.477058 0
    outer loop
      vertex -23.1699 50.1314 835
      vertex -23.045 49.9013 800
      vertex -23.045 49.9013 835
    endloop
  endfacet
  facet normal 0.878785 0.477218 0
    outer loop
      vertex -31.8301 45.1314 835
      vertex -31.955 45.3614 800
      vertex -31.955 45.3614 835
    endloop
  endfacet
  facet normal 0.878785 0.477218 0
    outer loop
      vertex -31.955 45.3614 800
      vertex -31.8301 45.1314 835
      vertex -31.8301 45.1314 800
    endloop
  endfacet
  facet normal 0.983259 -0.182212 0
    outer loop
      vertex -32.4384 48.4136 835
      vertex -32.3907 48.671 800
      vertex -32.3907 48.671 835
    endloop
  endfacet
  facet normal 0.983259 -0.182212 0
    outer loop
      vertex -32.3907 48.671 800
      vertex -32.4384 48.4136 835
      vertex -32.4384 48.4136 800
    endloop
  endfacet
  facet normal 0.233445 -0.97237 0
    outer loop
      vertex -28.7941 52.461 800
      vertex -28.5396 52.5221 835
      vertex -28.7941 52.461 835
    endloop
  endfacet
  facet normal 0.233445 -0.97237 0
    outer loop
      vertex -28.5396 52.5221 835
      vertex -28.7941 52.461 800
      vertex -28.5396 52.5221 800
    endloop
  endfacet
  facet normal -0.182212 0.983259 0
    outer loop
      vertex -26.4604 42.7407 800
      vertex -26.7178 42.693 835
      vertex -26.4604 42.7407 835
    endloop
  endfacet
  facet normal -0.182212 0.983259 0
    outer loop
      vertex -26.7178 42.693 835
      vertex -26.4604 42.7407 800
      vertex -26.7178 42.693 800
    endloop
  endfacet
  facet normal 0.824031 -0.566545 0
    outer loop
      vertex -31.6934 50.3546 835
      vertex -31.5451 50.5703 800
      vertex -31.5451 50.5703 835
    endloop
  endfacet
  facet normal 0.824031 -0.566545 0
    outer loop
      vertex -31.5451 50.5703 800
      vertex -31.6934 50.3546 835
      vertex -31.6934 50.3546 800
    endloop
  endfacet
  facet normal -0.0787125 0.996897 0
    outer loop
      vertex -26.9774 42.6588 800
      vertex -27.2383 42.6382 835
      vertex -26.9774 42.6588 835
    endloop
  endfacet
  facet normal -0.0787125 0.996897 0
    outer loop
      vertex -27.2383 42.6382 835
      vertex -26.9774 42.6588 800
      vertex -27.2383 42.6382 800
    endloop
  endfacet
  facet normal -0.902599 0.430482 0
    outer loop
      vertex -23.045 45.3614 800
      vertex -22.9323 45.5977 835
      vertex -22.9323 45.5977 800
    endloop
  endfacet
  facet normal -0.902599 0.430482 0
    outer loop
      vertex -22.9323 45.5977 835
      vertex -23.045 45.3614 800
      vertex -23.045 45.3614 835
    endloop
  endfacet
  facet normal 0.996927 -0.0783327 0
    outer loop
      vertex -32.4931 47.8931 835
      vertex -32.4726 48.154 800
      vertex -32.4726 48.154 835
    endloop
  endfacet
  facet normal 0.996927 -0.0783327 0
    outer loop
      vertex -32.4726 48.154 800
      vertex -32.4931 47.8931 835
      vertex -32.4931 47.8931 800
    endloop
  endfacet
  facet normal 0.688529 -0.725209 0
    outer loop
      vertex -31.0355 51.1669 800
      vertex -30.8457 51.3471 835
      vertex -31.0355 51.1669 835
    endloop
  endfacet
  facet normal 0.688529 -0.725209 0
    outer loop
      vertex -30.8457 51.3471 835
      vertex -31.0355 51.1669 800
      vertex -30.8457 51.3471 800
    endloop
  endfacet
  facet normal 0.725209 -0.688529 0
    outer loop
      vertex -31.2157 50.9771 835
      vertex -31.0355 51.1669 800
      vertex -31.0355 51.1669 835
    endloop
  endfacet
  facet normal 0.725209 -0.688529 0
    outer loop
      vertex -31.0355 51.1669 800
      vertex -31.2157 50.9771 835
      vertex -31.2157 50.9771 800
    endloop
  endfacet
  facet normal 0.477218 -0.878785 0
    outer loop
      vertex -30 51.9615 800
      vertex -29.77 52.0864 835
      vertex -30 51.9615 835
    endloop
  endfacet
  facet normal 0.477218 -0.878785 0
    outer loop
      vertex -29.77 52.0864 835
      vertex -30 51.9615 800
      vertex -29.77 52.0864 800
    endloop
  endfacet
  facet normal 0.923877 -0.382689 0
    outer loop
      vertex -32.1679 49.4232 835
      vertex -32.0677 49.6651 800
      vertex -32.0677 49.6651 835
    endloop
  endfacet
  facet normal 0.923877 -0.382689 0
    outer loop
      vertex -32.0677 49.6651 800
      vertex -32.1679 49.4232 835
      vertex -32.1679 49.4232 800
    endloop
  endfacet
  facet normal 0.902599 0.430482 0
    outer loop
      vertex -31.955 45.3614 835
      vertex -32.0677 45.5977 800
      vertex -32.0677 45.5977 835
    endloop
  endfacet
  facet normal 0.902599 0.430482 0
    outer loop
      vertex -32.0677 45.5977 800
      vertex -31.955 45.3614 835
      vertex -31.955 45.3614 800
    endloop
  endfacet
  facet normal 0.996927 0.0783327 0
    outer loop
      vertex -32.4726 47.1088 835
      vertex -32.4931 47.3697 800
      vertex -32.4931 47.3697 835
    endloop
  endfacet
  facet normal 0.996927 0.0783327 0
    outer loop
      vertex -32.4931 47.3697 800
      vertex -32.4726 47.1088 835
      vertex -32.4726 47.1088 800
    endloop
  endfacet
  facet normal -0.283841 -0.958871 0
    outer loop
      vertex -26.2059 52.461 800
      vertex -25.9549 52.3867 835
      vertex -26.2059 52.461 835
    endloop
  endfacet
  facet normal -0.283841 -0.958871 -0
    outer loop
      vertex -25.9549 52.3867 835
      vertex -26.2059 52.461 800
      vertex -25.9549 52.3867 800
    endloop
  endfacet
  facet normal 0.566545 0.824031 -0
    outer loop
      vertex -30.2232 43.438 800
      vertex -30.4389 43.5863 835
      vertex -30.2232 43.438 835
    endloop
  endfacet
  facet normal 0.566545 0.824031 0
    outer loop
      vertex -30.4389 43.5863 835
      vertex -30.2232 43.438 800
      vertex -30.4389 43.5863 800
    endloop
  endfacet
  facet normal 0.991433 -0.130613 0
    outer loop
      vertex -32.4726 48.154 835
      vertex -32.4384 48.4136 800
      vertex -32.4384 48.4136 835
    endloop
  endfacet
  facet normal 0.991433 -0.130613 0
    outer loop
      vertex -32.4384 48.4136 800
      vertex -32.4726 48.154 835
      vertex -32.4726 48.154 800
    endloop
  endfacet
  facet normal -0.0263569 -0.999653 0
    outer loop
      vertex -27.5 52.6314 800
      vertex -27.2383 52.6245 835
      vertex -27.5 52.6314 835
    endloop
  endfacet
  facet normal -0.0263569 -0.999653 -0
    outer loop
      vertex -27.2383 52.6245 835
      vertex -27.5 52.6314 800
      vertex -27.2383 52.6245 800
    endloop
  endfacet
  facet normal 0.725209 0.688529 0
    outer loop
      vertex -31.0355 44.0959 835
      vertex -31.2157 44.2857 800
      vertex -31.2157 44.2857 835
    endloop
  endfacet
  facet normal 0.725209 0.688529 0
    outer loop
      vertex -31.2157 44.2857 800
      vertex -31.0355 44.0959 835
      vertex -31.0355 44.0959 800
    endloop
  endfacet
  facet normal 0.983259 0.182212 0
    outer loop
      vertex -32.3907 46.5918 835
      vertex -32.4384 46.8492 800
      vertex -32.4384 46.8492 835
    endloop
  endfacet
  facet normal 0.983259 0.182212 0
    outer loop
      vertex -32.4384 46.8492 800
      vertex -32.3907 46.5918 835
      vertex -32.3907 46.5918 800
    endloop
  endfacet
  facet normal -0.233445 -0.97237 0
    outer loop
      vertex -26.4604 52.5221 800
      vertex -26.2059 52.461 835
      vertex -26.4604 52.5221 835
    endloop
  endfacet
  facet normal -0.233445 -0.97237 -0
    outer loop
      vertex -26.2059 52.461 835
      vertex -26.4604 52.5221 800
      vertex -26.2059 52.461 800
    endloop
  endfacet
  facet normal -0.283841 0.958871 0
    outer loop
      vertex -25.9549 42.8761 800
      vertex -26.2059 42.8018 835
      vertex -25.9549 42.8761 835
    endloop
  endfacet
  facet normal -0.283841 0.958871 0
    outer loop
      vertex -26.2059 42.8018 835
      vertex -25.9549 42.8761 800
      vertex -26.2059 42.8018 800
    endloop
  endfacet
  facet normal -0.793305 0.608824 0
    outer loop
      vertex -23.6143 44.4848 800
      vertex -23.4549 44.6925 835
      vertex -23.4549 44.6925 800
    endloop
  endfacet
  facet normal -0.793305 0.608824 0
    outer loop
      vertex -23.4549 44.6925 835
      vertex -23.6143 44.4848 800
      vertex -23.6143 44.4848 835
    endloop
  endfacet
  facet normal -0.725209 -0.688529 0
    outer loop
      vertex -23.7843 50.9771 800
      vertex -23.9645 51.1669 835
      vertex -23.9645 51.1669 800
    endloop
  endfacet
  facet normal -0.725209 -0.688529 0
    outer loop
      vertex -23.9645 51.1669 835
      vertex -23.7843 50.9771 800
      vertex -23.7843 50.9771 835
    endloop
  endfacet
  facet normal -0.608824 0.793305 0
    outer loop
      vertex -24.3534 43.7457 800
      vertex -24.5611 43.5863 835
      vertex -24.3534 43.7457 835
    endloop
  endfacet
  facet normal -0.608824 0.793305 0
    outer loop
      vertex -24.5611 43.5863 835
      vertex -24.3534 43.7457 800
      vertex -24.5611 43.5863 800
    endloop
  endfacet
  facet normal 0.182212 0.983259 -0
    outer loop
      vertex -28.2822 42.693 800
      vertex -28.5396 42.7407 835
      vertex -28.2822 42.693 835
    endloop
  endfacet
  facet normal 0.182212 0.983259 0
    outer loop
      vertex -28.5396 42.7407 835
      vertex -28.2822 42.693 800
      vertex -28.5396 42.7407 800
    endloop
  endfacet
  facet normal -0.333939 -0.942595 0
    outer loop
      vertex -25.9549 52.3867 800
      vertex -25.7082 52.2993 835
      vertex -25.9549 52.3867 835
    endloop
  endfacet
  facet normal -0.333939 -0.942595 -0
    outer loop
      vertex -25.7082 52.2993 835
      vertex -25.9549 52.3867 800
      vertex -25.7082 52.2993 800
    endloop
  endfacet
  facet normal -0.688529 0.725209 0
    outer loop
      vertex -23.9645 44.0959 800
      vertex -24.1543 43.9157 835
      vertex -23.9645 44.0959 835
    endloop
  endfacet
  facet normal -0.688529 0.725209 0
    outer loop
      vertex -24.1543 43.9157 835
      vertex -23.9645 44.0959 800
      vertex -24.1543 43.9157 800
    endloop
  endfacet
  facet normal -0.608824 -0.793305 0
    outer loop
      vertex -24.5611 51.6765 800
      vertex -24.3534 51.5171 835
      vertex -24.5611 51.6765 835
    endloop
  endfacet
  facet normal -0.608824 -0.793305 -0
    outer loop
      vertex -24.3534 51.5171 835
      vertex -24.5611 51.6765 800
      vertex -24.3534 51.5171 800
    endloop
  endfacet
  facet normal -0.477218 -0.878785 0
    outer loop
      vertex -25.23 52.0864 800
      vertex -25 51.9615 835
      vertex -25.23 52.0864 835
    endloop
  endfacet
  facet normal -0.477218 -0.878785 -0
    outer loop
      vertex -25 51.9615 835
      vertex -25.23 52.0864 800
      vertex -25 51.9615 800
    endloop
  endfacet
  facet normal -0.0783327 -0.996927 0
    outer loop
      vertex -27.2383 52.6245 800
      vertex -26.9774 52.604 835
      vertex -27.2383 52.6245 835
    endloop
  endfacet
  facet normal -0.0783327 -0.996927 -0
    outer loop
      vertex -26.9774 52.604 835
      vertex -27.2383 52.6245 800
      vertex -26.9774 52.604 800
    endloop
  endfacet
  facet normal -0.991433 0.130613 0
    outer loop
      vertex -22.5616 46.8492 800
      vertex -22.5274 47.1088 835
      vertex -22.5274 47.1088 800
    endloop
  endfacet
  facet normal -0.991433 0.130613 0
    outer loop
      vertex -22.5274 47.1088 835
      vertex -22.5616 46.8492 800
      vertex -22.5616 46.8492 835
    endloop
  endfacet
  facet normal -0.852771 0.522284 0
    outer loop
      vertex -23.3066 44.9082 800
      vertex -23.1699 45.1314 835
      vertex -23.1699 45.1314 800
    endloop
  endfacet
  facet normal -0.852771 0.522284 0
    outer loop
      vertex -23.1699 45.1314 835
      vertex -23.3066 44.9082 800
      vertex -23.3066 44.9082 835
    endloop
  endfacet
  facet normal 0.333939 -0.942595 0
    outer loop
      vertex -29.2918 52.2993 800
      vertex -29.0451 52.3867 835
      vertex -29.2918 52.2993 835
    endloop
  endfacet
  facet normal 0.333939 -0.942595 0
    outer loop
      vertex -29.0451 52.3867 835
      vertex -29.2918 52.2993 800
      vertex -29.0451 52.3867 800
    endloop
  endfacet
  facet normal -0.333939 0.942595 0
    outer loop
      vertex -25.7082 42.9635 800
      vertex -25.9549 42.8761 835
      vertex -25.7082 42.9635 835
    endloop
  endfacet
  facet normal -0.333939 0.942595 0
    outer loop
      vertex -25.9549 42.8761 835
      vertex -25.7082 42.9635 800
      vertex -25.9549 42.8761 800
    endloop
  endfacet
  facet normal 0.852771 0.522284 0
    outer loop
      vertex -31.6934 44.9082 835
      vertex -31.8301 45.1314 800
      vertex -31.8301 45.1314 835
    endloop
  endfacet
  facet normal 0.852771 0.522284 0
    outer loop
      vertex -31.8301 45.1314 800
      vertex -31.6934 44.9082 835
      vertex -31.6934 44.9082 800
    endloop
  endfacet
  facet normal 0.382689 0.923877 -0
    outer loop
      vertex -29.2918 42.9635 800
      vertex -29.5337 43.0637 835
      vertex -29.2918 42.9635 835
    endloop
  endfacet
  facet normal 0.382689 0.923877 0
    outer loop
      vertex -29.5337 43.0637 835
      vertex -29.2918 42.9635 800
      vertex -29.5337 43.0637 800
    endloop
  endfacet
  facet normal 0.430482 0.902599 -0
    outer loop
      vertex -29.5337 43.0637 800
      vertex -29.77 43.1764 835
      vertex -29.5337 43.0637 835
    endloop
  endfacet
  facet normal 0.430482 0.902599 0
    outer loop
      vertex -29.77 43.1764 835
      vertex -29.5337 43.0637 800
      vertex -29.77 43.1764 800
    endloop
  endfacet
  facet normal -0.942595 0.333939 0
    outer loop
      vertex -22.8321 45.8396 800
      vertex -22.7447 46.0863 835
      vertex -22.7447 46.0863 800
    endloop
  endfacet
  facet normal -0.942595 0.333939 0
    outer loop
      vertex -22.7447 46.0863 835
      vertex -22.8321 45.8396 800
      vertex -22.8321 45.8396 835
    endloop
  endfacet
  facet normal -0.382689 0.923877 0
    outer loop
      vertex -25.4663 43.0637 800
      vertex -25.7082 42.9635 835
      vertex -25.4663 43.0637 835
    endloop
  endfacet
  facet normal -0.382689 0.923877 0
    outer loop
      vertex -25.7082 42.9635 835
      vertex -25.4663 43.0637 800
      vertex -25.7082 42.9635 800
    endloop
  endfacet
  facet normal -0.996927 -0.0783327 0
    outer loop
      vertex -22.5069 47.8931 800
      vertex -22.5274 48.154 835
      vertex -22.5274 48.154 800
    endloop
  endfacet
  facet normal -0.996927 -0.0783327 0
    outer loop
      vertex -22.5274 48.154 835
      vertex -22.5069 47.8931 800
      vertex -22.5069 47.8931 835
    endloop
  endfacet
  facet normal 0.649343 0.760495 -0
    outer loop
      vertex -30.6466 43.7457 800
      vertex -30.8457 43.9157 835
      vertex -30.6466 43.7457 835
    endloop
  endfacet
  facet normal 0.649343 0.760495 0
    outer loop
      vertex -30.8457 43.9157 835
      vertex -30.6466 43.7457 800
      vertex -30.8457 43.9157 800
    endloop
  endfacet
  facet normal -0.725209 0.688529 0
    outer loop
      vertex -23.9645 44.0959 800
      vertex -23.7843 44.2857 835
      vertex -23.7843 44.2857 800
    endloop
  endfacet
  facet normal -0.725209 0.688529 0
    outer loop
      vertex -23.7843 44.2857 835
      vertex -23.9645 44.0959 800
      vertex -23.9645 44.0959 835
    endloop
  endfacet
  facet normal 0.130613 -0.991433 0
    outer loop
      vertex -28.2822 52.5698 800
      vertex -28.0226 52.604 835
      vertex -28.2822 52.5698 835
    endloop
  endfacet
  facet normal 0.130613 -0.991433 0
    outer loop
      vertex -28.0226 52.604 835
      vertex -28.2822 52.5698 800
      vertex -28.0226 52.604 800
    endloop
  endfacet
  facet normal 0.0783327 -0.996927 0
    outer loop
      vertex -28.0226 52.604 800
      vertex -27.7617 52.6245 835
      vertex -28.0226 52.604 835
    endloop
  endfacet
  facet normal 0.0783327 -0.996927 0
    outer loop
      vertex -27.7617 52.6245 835
      vertex -28.0226 52.604 800
      vertex -27.7617 52.6245 800
    endloop
  endfacet
  facet normal -0.0259752 0.999663 0
    outer loop
      vertex -27.2383 42.6382 800
      vertex -27.5 42.6314 835
      vertex -27.2383 42.6382 835
    endloop
  endfacet
  facet normal -0.0259752 0.999663 0
    outer loop
      vertex -27.5 42.6314 835
      vertex -27.2383 42.6382 800
      vertex -27.5 42.6314 800
    endloop
  endfacet
  facet normal -0.760495 0.649343 0
    outer loop
      vertex -23.7843 44.2857 800
      vertex -23.6143 44.4848 835
      vertex -23.6143 44.4848 800
    endloop
  endfacet
  facet normal -0.760495 0.649343 0
    outer loop
      vertex -23.6143 44.4848 835
      vertex -23.7843 44.2857 800
      vertex -23.7843 44.2857 835
    endloop
  endfacet
  facet normal -0.878785 0.477218 0
    outer loop
      vertex -23.1699 45.1314 800
      vertex -23.045 45.3614 835
      vertex -23.045 45.3614 800
    endloop
  endfacet
  facet normal -0.878785 0.477218 0
    outer loop
      vertex -23.045 45.3614 835
      vertex -23.1699 45.1314 800
      vertex -23.1699 45.1314 835
    endloop
  endfacet
  facet normal -0.991433 -0.130613 0
    outer loop
      vertex -22.5274 48.154 800
      vertex -22.5616 48.4136 835
      vertex -22.5616 48.4136 800
    endloop
  endfacet
  facet normal -0.991433 -0.130613 0
    outer loop
      vertex -22.5616 48.4136 835
      vertex -22.5274 48.154 800
      vertex -22.5274 48.154 835
    endloop
  endfacet
  facet normal 0.522284 0.852771 -0
    outer loop
      vertex -30 43.3013 800
      vertex -30.2232 43.438 835
      vertex -30 43.3013 835
    endloop
  endfacet
  facet normal 0.522284 0.852771 0
    outer loop
      vertex -30.2232 43.438 835
      vertex -30 43.3013 800
      vertex -30.2232 43.438 800
    endloop
  endfacet
  facet normal -0.942595 -0.333939 0
    outer loop
      vertex -22.7447 49.1765 800
      vertex -22.8321 49.4232 835
      vertex -22.8321 49.4232 800
    endloop
  endfacet
  facet normal -0.942595 -0.333939 0
    outer loop
      vertex -22.8321 49.4232 835
      vertex -22.7447 49.1765 800
      vertex -22.7447 49.1765 835
    endloop
  endfacet
  facet normal -0.996927 0.0783327 0
    outer loop
      vertex -22.5274 47.1088 800
      vertex -22.5069 47.3697 835
      vertex -22.5069 47.3697 800
    endloop
  endfacet
  facet normal -0.996927 0.0783327 0
    outer loop
      vertex -22.5069 47.3697 835
      vertex -22.5274 47.1088 800
      vertex -22.5274 47.1088 835
    endloop
  endfacet
  facet normal 0.382591 -0.923918 0
    outer loop
      vertex -57.0337 4.56773 800
      vertex -56.7918 4.6679 835
      vertex -57.0337 4.56773 835
    endloop
  endfacet
  facet normal 0.382591 -0.923918 0
    outer loop
      vertex -56.7918 4.6679 835
      vertex -57.0337 4.56773 800
      vertex -56.7918 4.6679 800
    endloop
  endfacet
  facet normal 0.991429 0.130647 0
    outer loop
      vertex -59.9384 -0.782172 835
      vertex -59.9726 -0.522642 800
      vertex -59.9726 -0.522642 835
    endloop
  endfacet
  facet normal 0.991429 0.130647 0
    outer loop
      vertex -59.9726 -0.522642 800
      vertex -59.9384 -0.782172 835
      vertex -59.9384 -0.782172 800
    endloop
  endfacet
  facet normal 0.026166 -0.999658 0
    outer loop
      vertex -55.2617 4.99315 800
      vertex -55 5 835
      vertex -55.2617 4.99315 835
    endloop
  endfacet
  facet normal 0.026166 -0.999658 0
    outer loop
      vertex -55 5 835
      vertex -55.2617 4.99315 800
      vertex -55 5 800
    endloop
  endfacet
  facet normal 0.902578 -0.430527 0
    outer loop
      vertex -59.5677 2.03368 835
      vertex -59.455 2.26995 800
      vertex -59.455 2.26995 835
    endloop
  endfacet
  facet normal 0.902578 -0.430527 0
    outer loop
      vertex -59.455 2.26995 800
      vertex -59.5677 2.03368 835
      vertex -59.5677 2.03368 800
    endloop
  endfacet
  facet normal -0.608704 0.793397 0
    outer loop
      vertex -51.8534 -3.88573 800
      vertex -52.0611 -4.04508 835
      vertex -51.8534 -3.88573 835
    endloop
  endfacet
  facet normal -0.608704 0.793397 0
    outer loop
      vertex -52.0611 -4.04508 835
      vertex -51.8534 -3.88573 800
      vertex -52.0611 -4.04508 800
    endloop
  endfacet
  facet normal -0.1305 0.991448 0
    outer loop
      vertex -54.2178 -4.93844 800
      vertex -54.4774 -4.97261 835
      vertex -54.2178 -4.93844 835
    endloop
  endfacet
  facet normal -0.1305 0.991448 0
    outer loop
      vertex -54.4774 -4.97261 835
      vertex -54.2178 -4.93844 800
      vertex -54.4774 -4.97261 800
    endloop
  endfacet
  facet normal -0.522507 -0.852635 0
    outer loop
      vertex -52.5 4.33013 800
      vertex -52.2768 4.19335 835
      vertex -52.5 4.33013 835
    endloop
  endfacet
  facet normal -0.522507 -0.852635 -0
    outer loop
      vertex -52.2768 4.19335 835
      vertex -52.5 4.33013 800
      vertex -52.2768 4.19335 800
    endloop
  endfacet
  facet normal 0.688508 -0.725228 0
    outer loop
      vertex -58.5355 3.53553 800
      vertex -58.3457 3.71572 835
      vertex -58.5355 3.53553 835
    endloop
  endfacet
  facet normal 0.688508 -0.725228 0
    outer loop
      vertex -58.3457 3.71572 835
      vertex -58.5355 3.53553 800
      vertex -58.3457 3.71572 800
    endloop
  endfacet
  facet normal 0.958865 0.283862 0
    outer loop
      vertex -59.7553 -1.54508 835
      vertex -59.8296 -1.2941 800
      vertex -59.8296 -1.2941 835
    endloop
  endfacet
  facet normal 0.958865 0.283862 0
    outer loop
      vertex -59.8296 -1.2941 800
      vertex -59.7553 -1.54508 835
      vertex -59.7553 -1.54508 800
    endloop
  endfacet
  facet normal 0.999653 0.0263589 0
    outer loop
      vertex -59.9931 -0.26168 835
      vertex -60 0 800
      vertex -60 0 835
    endloop
  endfacet
  facet normal 0.999653 0.0263589 0
    outer loop
      vertex -60 0 800
      vertex -59.9931 -0.26168 835
      vertex -59.9931 -0.26168 800
    endloop
  endfacet
  facet normal -0.026166 -0.999658 0
    outer loop
      vertex -55 5 800
      vertex -54.7383 4.99315 835
      vertex -55 5 835
    endloop
  endfacet
  facet normal -0.026166 -0.999658 -0
    outer loop
      vertex -54.7383 4.99315 835
      vertex -55 5 800
      vertex -54.7383 4.99315 800
    endloop
  endfacet
  facet normal -0.852771 -0.522284 0
    outer loop
      vertex -50.6699 2.5 800
      vertex -50.8066 2.7232 835
      vertex -50.8066 2.7232 800
    endloop
  endfacet
  facet normal -0.852771 -0.522284 0
    outer loop
      vertex -50.8066 2.7232 835
      vertex -50.6699 2.5 800
      vertex -50.6699 2.5 835
    endloop
  endfacet
  facet normal -0.793263 -0.60888 0
    outer loop
      vertex -50.9549 2.93893 800
      vertex -51.1143 3.1466 835
      vertex -51.1143 3.1466 800
    endloop
  endfacet
  facet normal -0.793263 -0.60888 0
    outer loop
      vertex -51.1143 3.1466 835
      vertex -50.9549 2.93893 800
      vertex -50.9549 2.93893 835
    endloop
  endfacet
  facet normal 0.94262 -0.333867 0
    outer loop
      vertex -59.7553 1.54508 835
      vertex -59.6679 1.79184 800
      vertex -59.6679 1.79184 835
    endloop
  endfacet
  facet normal 0.94262 -0.333867 0
    outer loop
      vertex -59.6679 1.79184 800
      vertex -59.7553 1.54508 835
      vertex -59.7553 1.54508 800
    endloop
  endfacet
  facet normal -0.477218 0.878785 0
    outer loop
      vertex -52.5 -4.33013 800
      vertex -52.73 -4.45503 835
      vertex -52.5 -4.33013 835
    endloop
  endfacet
  facet normal -0.477218 0.878785 0
    outer loop
      vertex -52.73 -4.45503 835
      vertex -52.5 -4.33013 800
      vertex -52.73 -4.45503 800
    endloop
  endfacet
  facet normal 0.566467 -0.824084 0
    outer loop
      vertex -57.9389 4.04508 800
      vertex -57.7232 4.19335 835
      vertex -57.9389 4.04508 835
    endloop
  endfacet
  facet normal 0.566467 -0.824084 0
    outer loop
      vertex -57.7232 4.19335 835
      vertex -57.9389 4.04508 800
      vertex -57.7232 4.19335 800
    endloop
  endfacet
  facet normal -0.649365 -0.760477 0
    outer loop
      vertex -51.8534 3.88573 800
      vertex -51.6543 3.71572 835
      vertex -51.8534 3.88573 835
    endloop
  endfacet
  facet normal -0.649365 -0.760477 -0
    outer loop
      vertex -51.6543 3.71572 835
      vertex -51.8534 3.88573 800
      vertex -51.6543 3.71572 800
    endloop
  endfacet
  facet normal 0.608704 0.793397 -0
    outer loop
      vertex -57.9389 -4.04508 800
      vertex -58.1466 -3.88573 835
      vertex -57.9389 -4.04508 835
    endloop
  endfacet
  facet normal 0.608704 0.793397 0
    outer loop
      vertex -58.1466 -3.88573 835
      vertex -57.9389 -4.04508 800
      vertex -58.1466 -3.88573 800
    endloop
  endfacet
  facet normal -0.522507 0.852635 0
    outer loop
      vertex -52.2768 -4.19335 800
      vertex -52.5 -4.33013 835
      vertex -52.2768 -4.19335 835
    endloop
  endfacet
  facet normal -0.522507 0.852635 0
    outer loop
      vertex -52.5 -4.33013 835
      vertex -52.2768 -4.19335 800
      vertex -52.5 -4.33013 800
    endloop
  endfacet
  facet normal -0.233481 0.972361 0
    outer loop
      vertex -53.7059 -4.82963 800
      vertex -53.9604 -4.89074 835
      vertex -53.7059 -4.82963 835
    endloop
  endfacet
  facet normal -0.233481 0.972361 0
    outer loop
      vertex -53.9604 -4.89074 835
      vertex -53.7059 -4.82963 800
      vertex -53.9604 -4.89074 800
    endloop
  endfacet
  facet normal -0.382591 0.923918 0
    outer loop
      vertex -52.9663 -4.56773 800
      vertex -53.2082 -4.6679 835
      vertex -52.9663 -4.56773 835
    endloop
  endfacet
  facet normal -0.382591 0.923918 0
    outer loop
      vertex -53.2082 -4.6679 835
      vertex -52.9663 -4.56773 800
      vertex -53.2082 -4.6679 800
    endloop
  endfacet
  facet normal 0.608704 -0.793397 0
    outer loop
      vertex -58.1466 3.88573 800
      vertex -57.9389 4.04508 835
      vertex -58.1466 3.88573 835
    endloop
  endfacet
  facet normal 0.608704 -0.793397 0
    outer loop
      vertex -57.9389 4.04508 835
      vertex -58.1466 3.88573 800
      vertex -57.9389 4.04508 800
    endloop
  endfacet
  facet normal -0.824068 -0.566492 0
    outer loop
      vertex -50.8066 2.7232 800
      vertex -50.9549 2.93893 835
      vertex -50.9549 2.93893 800
    endloop
  endfacet
  facet normal -0.824068 -0.566492 0
    outer loop
      vertex -50.9549 2.93893 835
      vertex -50.8066 2.7232 800
      vertex -50.8066 2.7232 835
    endloop
  endfacet
  facet normal -0.026166 0.999658 0
    outer loop
      vertex -54.7383 -4.99315 800
      vertex -55 -5 835
      vertex -54.7383 -4.99315 835
    endloop
  endfacet
  facet normal -0.026166 0.999658 0
    outer loop
      vertex -55 -5 835
      vertex -54.7383 -4.99315 800
      vertex -55 -5 800
    endloop
  endfacet
  facet normal 0.983258 0.182221 0
    outer loop
      vertex -59.8907 -1.03956 835
      vertex -59.9384 -0.782172 800
      vertex -59.9384 -0.782172 835
    endloop
  endfacet
  facet normal 0.983258 0.182221 0
    outer loop
      vertex -59.9384 -0.782172 800
      vertex -59.8907 -1.03956 835
      vertex -59.8907 -1.03956 800
    endloop
  endfacet
  facet normal 0.824068 0.566492 0
    outer loop
      vertex -59.0451 -2.93893 835
      vertex -59.1934 -2.7232 800
      vertex -59.1934 -2.7232 835
    endloop
  endfacet
  facet normal 0.824068 0.566492 0
    outer loop
      vertex -59.1934 -2.7232 800
      vertex -59.0451 -2.93893 835
      vertex -59.0451 -2.93893 800
    endloop
  endfacet
  facet normal 0.94262 0.333867 0
    outer loop
      vertex -59.6679 -1.79184 835
      vertex -59.7553 -1.54508 800
      vertex -59.7553 -1.54508 835
    endloop
  endfacet
  facet normal 0.94262 0.333867 0
    outer loop
      vertex -59.7553 -1.54508 800
      vertex -59.6679 -1.79184 835
      vertex -59.6679 -1.79184 800
    endloop
  endfacet
  facet normal 0.0784846 -0.996915 0
    outer loop
      vertex -55.5226 4.97261 800
      vertex -55.2617 4.99315 835
      vertex -55.5226 4.97261 835
    endloop
  endfacet
  facet normal 0.0784846 -0.996915 0
    outer loop
      vertex -55.2617 4.99315 835
      vertex -55.5226 4.97261 800
      vertex -55.2617 4.99315 800
    endloop
  endfacet
  facet normal 0.1305 -0.991448 0
    outer loop
      vertex -55.7822 4.93844 800
      vertex -55.5226 4.97261 835
      vertex -55.7822 4.93844 835
    endloop
  endfacet
  facet normal 0.1305 -0.991448 0
    outer loop
      vertex -55.5226 4.97261 835
      vertex -55.7822 4.93844 800
      vertex -55.5226 4.97261 800
    endloop
  endfacet
  facet normal 0.972378 -0.233411 0
    outer loop
      vertex -59.8907 1.03956 835
      vertex -59.8296 1.2941 800
      vertex -59.8296 1.2941 835
    endloop
  endfacet
  facet normal 0.972378 -0.233411 0
    outer loop
      vertex -59.8296 1.2941 800
      vertex -59.8907 1.03956 835
      vertex -59.8907 1.03956 800
    endloop
  endfacet
  facet normal -0.649365 0.760477 0
    outer loop
      vertex -51.6543 -3.71572 800
      vertex -51.8534 -3.88573 835
      vertex -51.6543 -3.71572 835
    endloop
  endfacet
  facet normal -0.649365 0.760477 0
    outer loop
      vertex -51.8534 -3.88573 835
      vertex -51.6543 -3.71572 800
      vertex -51.8534 -3.88573 800
    endloop
  endfacet
  facet normal -0.999653 -0.0263589 0
    outer loop
      vertex -50 0 800
      vertex -50.0069 0.26168 835
      vertex -50.0069 0.26168 800
    endloop
  endfacet
  facet normal -0.999653 -0.0263589 0
    outer loop
      vertex -50.0069 0.26168 835
      vertex -50 0 800
      vertex -50 0 835
    endloop
  endfacet
  facet normal 0.333871 0.942619 -0
    outer loop
      vertex -56.5451 -4.75528 800
      vertex -56.7918 -4.6679 835
      vertex -56.5451 -4.75528 835
    endloop
  endfacet
  facet normal 0.333871 0.942619 0
    outer loop
      vertex -56.7918 -4.6679 835
      vertex -56.5451 -4.75528 800
      vertex -56.7918 -4.6679 800
    endloop
  endfacet
  facet normal -0.0784846 0.996915 0
    outer loop
      vertex -54.4774 -4.97261 800
      vertex -54.7383 -4.99315 835
      vertex -54.4774 -4.97261 835
    endloop
  endfacet
  facet normal -0.0784846 0.996915 0
    outer loop
      vertex -54.7383 -4.99315 835
      vertex -54.4774 -4.97261 800
      vertex -54.7383 -4.99315 800
    endloop
  endfacet
  facet normal 0.996929 -0.0783142 0
    outer loop
      vertex -59.9931 0.26168 835
      vertex -59.9726 0.522642 800
      vertex -59.9726 0.522642 835
    endloop
  endfacet
  facet normal 0.996929 -0.0783142 0
    outer loop
      vertex -59.9726 0.522642 800
      vertex -59.9931 0.26168 835
      vertex -59.9931 0.26168 800
    endloop
  endfacet
  facet normal 0.333871 -0.942619 0
    outer loop
      vertex -56.7918 4.6679 800
      vertex -56.5451 4.75528 835
      vertex -56.7918 4.6679 835
    endloop
  endfacet
  facet normal 0.333871 -0.942619 0
    outer loop
      vertex -56.5451 4.75528 835
      vertex -56.7918 4.6679 800
      vertex -56.5451 4.75528 800
    endloop
  endfacet
  facet normal -0.688508 0.725228 0
    outer loop
      vertex -51.4645 -3.53553 800
      vertex -51.6543 -3.71572 835
      vertex -51.4645 -3.53553 835
    endloop
  endfacet
  facet normal -0.688508 0.725228 0
    outer loop
      vertex -51.6543 -3.71572 835
      vertex -51.4645 -3.53553 800
      vertex -51.6543 -3.71572 800
    endloop
  endfacet
  facet normal 0.983258 -0.182221 0
    outer loop
      vertex -59.9384 0.782172 835
      vertex -59.8907 1.03956 800
      vertex -59.8907 1.03956 835
    endloop
  endfacet
  facet normal 0.983258 -0.182221 0
    outer loop
      vertex -59.8907 1.03956 800
      vertex -59.9384 0.782172 835
      vertex -59.9384 0.782172 800
    endloop
  endfacet
  facet normal -0.760415 -0.649438 0
    outer loop
      vertex -51.1143 3.1466 800
      vertex -51.2843 3.34565 835
      vertex -51.2843 3.34565 800
    endloop
  endfacet
  facet normal -0.760415 -0.649438 0
    outer loop
      vertex -51.2843 3.34565 835
      vertex -51.1143 3.1466 800
      vertex -51.1143 3.1466 835
    endloop
  endfacet
  facet normal 0.233481 -0.972361 0
    outer loop
      vertex -56.2941 4.82963 800
      vertex -56.0396 4.89074 835
      vertex -56.2941 4.82963 835
    endloop
  endfacet
  facet normal 0.233481 -0.972361 0
    outer loop
      vertex -56.0396 4.89074 835
      vertex -56.2941 4.82963 800
      vertex -56.0396 4.89074 800
    endloop
  endfacet
  facet normal 0.999653 -0.0263589 0
    outer loop
      vertex -60 0 835
      vertex -59.9931 0.26168 800
      vertex -59.9931 0.26168 835
    endloop
  endfacet
  facet normal 0.999653 -0.0263589 0
    outer loop
      vertex -59.9931 0.26168 800
      vertex -60 0 835
      vertex -60 0 800
    endloop
  endfacet
  facet normal -0.824068 0.566492 0
    outer loop
      vertex -50.9549 -2.93893 800
      vertex -50.8066 -2.7232 835
      vertex -50.8066 -2.7232 800
    endloop
  endfacet
  facet normal -0.824068 0.566492 0
    outer loop
      vertex -50.8066 -2.7232 835
      vertex -50.9549 -2.93893 800
      vertex -50.9549 -2.93893 835
    endloop
  endfacet
  facet normal -0.284017 -0.958819 0
    outer loop
      vertex -53.7059 4.82963 800
      vertex -53.4549 4.75528 835
      vertex -53.7059 4.82963 835
    endloop
  endfacet
  facet normal -0.284017 -0.958819 -0
    outer loop
      vertex -53.4549 4.75528 835
      vertex -53.7059 4.82963 800
      vertex -53.4549 4.75528 800
    endloop
  endfacet
  facet normal 0.182212 -0.983259 0
    outer loop
      vertex -56.0396 4.89074 800
      vertex -55.7822 4.93844 835
      vertex -56.0396 4.89074 835
    endloop
  endfacet
  facet normal 0.182212 -0.983259 0
    outer loop
      vertex -55.7822 4.93844 835
      vertex -56.0396 4.89074 800
      vertex -55.7822 4.93844 800
    endloop
  endfacet
  facet normal 0.902578 0.430527 0
    outer loop
      vertex -59.455 -2.26995 835
      vertex -59.5677 -2.03368 800
      vertex -59.5677 -2.03368 835
    endloop
  endfacet
  facet normal 0.902578 0.430527 0
    outer loop
      vertex -59.5677 -2.03368 800
      vertex -59.455 -2.26995 835
      vertex -59.455 -2.26995 800
    endloop
  endfacet
  facet normal 0.026166 0.999658 -0
    outer loop
      vertex -55 -5 800
      vertex -55.2617 -4.99315 835
      vertex -55 -5 835
    endloop
  endfacet
  facet normal 0.026166 0.999658 0
    outer loop
      vertex -55.2617 -4.99315 835
      vertex -55 -5 800
      vertex -55.2617 -4.99315 800
    endloop
  endfacet
  facet normal 0.852771 0.522284 0
    outer loop
      vertex -59.1934 -2.7232 835
      vertex -59.3301 -2.5 800
      vertex -59.3301 -2.5 835
    endloop
  endfacet
  facet normal 0.852771 0.522284 0
    outer loop
      vertex -59.3301 -2.5 800
      vertex -59.1934 -2.7232 835
      vertex -59.1934 -2.7232 800
    endloop
  endfacet
  facet normal 0.923844 0.38277 0
    outer loop
      vertex -59.5677 -2.03368 835
      vertex -59.6679 -1.79184 800
      vertex -59.6679 -1.79184 835
    endloop
  endfacet
  facet normal 0.923844 0.38277 0
    outer loop
      vertex -59.6679 -1.79184 800
      vertex -59.5677 -2.03368 835
      vertex -59.5677 -2.03368 800
    endloop
  endfacet
  facet normal -0.972378 0.233411 0
    outer loop
      vertex -50.1704 -1.2941 800
      vertex -50.1093 -1.03956 835
      vertex -50.1093 -1.03956 800
    endloop
  endfacet
  facet normal -0.972378 0.233411 0
    outer loop
      vertex -50.1093 -1.03956 835
      vertex -50.1704 -1.2941 800
      vertex -50.1704 -1.2941 835
    endloop
  endfacet
  facet normal 0.760415 0.649438 0
    outer loop
      vertex -58.7157 -3.34565 835
      vertex -58.8857 -3.1466 800
      vertex -58.8857 -3.1466 835
    endloop
  endfacet
  facet normal 0.760415 0.649438 0
    outer loop
      vertex -58.8857 -3.1466 800
      vertex -58.7157 -3.34565 835
      vertex -58.7157 -3.34565 800
    endloop
  endfacet
  facet normal 0.725354 -0.688376 0
    outer loop
      vertex -58.7157 3.34565 835
      vertex -58.5355 3.53553 800
      vertex -58.5355 3.53553 835
    endloop
  endfacet
  facet normal 0.725354 -0.688376 0
    outer loop
      vertex -58.5355 3.53553 800
      vertex -58.7157 3.34565 835
      vertex -58.7157 3.34565 800
    endloop
  endfacet
  facet normal -0.991429 0.130647 0
    outer loop
      vertex -50.0616 -0.782172 800
      vertex -50.0274 -0.522642 835
      vertex -50.0274 -0.522642 800
    endloop
  endfacet
  facet normal -0.991429 0.130647 0
    outer loop
      vertex -50.0274 -0.522642 835
      vertex -50.0616 -0.782172 800
      vertex -50.0616 -0.782172 835
    endloop
  endfacet
  facet normal 0.996929 0.0783142 0
    outer loop
      vertex -59.9726 -0.522642 835
      vertex -59.9931 -0.26168 800
      vertex -59.9931 -0.26168 835
    endloop
  endfacet
  facet normal 0.996929 0.0783142 0
    outer loop
      vertex -59.9931 -0.26168 800
      vertex -59.9726 -0.522642 835
      vertex -59.9726 -0.522642 800
    endloop
  endfacet
  facet normal -0.972378 -0.233411 0
    outer loop
      vertex -50.1093 1.03956 800
      vertex -50.1704 1.2941 835
      vertex -50.1704 1.2941 800
    endloop
  endfacet
  facet normal -0.972378 -0.233411 0
    outer loop
      vertex -50.1704 1.2941 835
      vertex -50.1093 1.03956 800
      vertex -50.1093 1.03956 835
    endloop
  endfacet
  facet normal -0.182212 0.983259 0
    outer loop
      vertex -53.9604 -4.89074 800
      vertex -54.2178 -4.93844 835
      vertex -53.9604 -4.89074 835
    endloop
  endfacet
  facet normal -0.182212 0.983259 0
    outer loop
      vertex -54.2178 -4.93844 835
      vertex -53.9604 -4.89074 800
      vertex -54.2178 -4.93844 800
    endloop
  endfacet
  facet normal -0.725354 -0.688376 0
    outer loop
      vertex -51.2843 3.34565 800
      vertex -51.4645 3.53553 835
      vertex -51.4645 3.53553 800
    endloop
  endfacet
  facet normal -0.725354 -0.688376 0
    outer loop
      vertex -51.4645 3.53553 835
      vertex -51.2843 3.34565 800
      vertex -51.2843 3.34565 835
    endloop
  endfacet
  facet normal 0.991429 -0.130647 0
    outer loop
      vertex -59.9726 0.522642 835
      vertex -59.9384 0.782172 800
      vertex -59.9384 0.782172 835
    endloop
  endfacet
  facet normal 0.991429 -0.130647 0
    outer loop
      vertex -59.9384 0.782172 800
      vertex -59.9726 0.522642 835
      vertex -59.9726 0.522642 800
    endloop
  endfacet
  facet normal 0.760415 -0.649438 0
    outer loop
      vertex -58.8857 3.1466 835
      vertex -58.7157 3.34565 800
      vertex -58.7157 3.34565 835
    endloop
  endfacet
  facet normal 0.760415 -0.649438 0
    outer loop
      vertex -58.7157 3.34565 800
      vertex -58.8857 3.1466 835
      vertex -58.8857 3.1466 800
    endloop
  endfacet
  facet normal -0.999653 0.0263589 0
    outer loop
      vertex -50.0069 -0.26168 800
      vertex -50 0 835
      vertex -50 0 800
    endloop
  endfacet
  facet normal -0.999653 0.0263589 0
    outer loop
      vertex -50 0 835
      vertex -50.0069 -0.26168 800
      vertex -50.0069 -0.26168 835
    endloop
  endfacet
  facet normal 0.878828 0.477138 0
    outer loop
      vertex -59.3301 -2.5 835
      vertex -59.455 -2.26995 800
      vertex -59.455 -2.26995 835
    endloop
  endfacet
  facet normal 0.878828 0.477138 0
    outer loop
      vertex -59.455 -2.26995 800
      vertex -59.3301 -2.5 835
      vertex -59.3301 -2.5 800
    endloop
  endfacet
  facet normal -0.878828 -0.477138 0
    outer loop
      vertex -50.545 2.26995 800
      vertex -50.6699 2.5 835
      vertex -50.6699 2.5 800
    endloop
  endfacet
  facet normal -0.878828 -0.477138 0
    outer loop
      vertex -50.6699 2.5 835
      vertex -50.545 2.26995 800
      vertex -50.545 2.26995 835
    endloop
  endfacet
  facet normal -0.760415 0.649438 0
    outer loop
      vertex -51.2843 -3.34565 800
      vertex -51.1143 -3.1466 835
      vertex -51.1143 -3.1466 800
    endloop
  endfacet
  facet normal -0.760415 0.649438 0
    outer loop
      vertex -51.1143 -3.1466 835
      vertex -51.2843 -3.34565 800
      vertex -51.2843 -3.34565 835
    endloop
  endfacet
  facet normal -0.477218 -0.878785 0
    outer loop
      vertex -52.73 4.45503 800
      vertex -52.5 4.33013 835
      vertex -52.73 4.45503 835
    endloop
  endfacet
  facet normal -0.477218 -0.878785 -0
    outer loop
      vertex -52.5 4.33013 835
      vertex -52.73 4.45503 800
      vertex -52.5 4.33013 800
    endloop
  endfacet
  facet normal 0.233481 0.972361 -0
    outer loop
      vertex -56.0396 -4.89074 800
      vertex -56.2941 -4.82963 835
      vertex -56.0396 -4.89074 835
    endloop
  endfacet
  facet normal 0.233481 0.972361 0
    outer loop
      vertex -56.2941 -4.82963 835
      vertex -56.0396 -4.89074 800
      vertex -56.2941 -4.82963 800
    endloop
  endfacet
  facet normal 0.793263 0.60888 0
    outer loop
      vertex -58.8857 -3.1466 835
      vertex -59.0451 -2.93893 800
      vertex -59.0451 -2.93893 835
    endloop
  endfacet
  facet normal 0.793263 0.60888 0
    outer loop
      vertex -59.0451 -2.93893 800
      vertex -58.8857 -3.1466 835
      vertex -58.8857 -3.1466 800
    endloop
  endfacet
  facet normal 0.972378 0.233411 0
    outer loop
      vertex -59.8296 -1.2941 835
      vertex -59.8907 -1.03956 800
      vertex -59.8907 -1.03956 835
    endloop
  endfacet
  facet normal 0.972378 0.233411 0
    outer loop
      vertex -59.8907 -1.03956 800
      vertex -59.8296 -1.2941 835
      vertex -59.8296 -1.2941 800
    endloop
  endfacet
  facet normal 0.0784846 0.996915 -0
    outer loop
      vertex -55.2617 -4.99315 800
      vertex -55.5226 -4.97261 835
      vertex -55.2617 -4.99315 835
    endloop
  endfacet
  facet normal 0.0784846 0.996915 0
    outer loop
      vertex -55.5226 -4.97261 835
      vertex -55.2617 -4.99315 800
      vertex -55.5226 -4.97261 800
    endloop
  endfacet
  facet normal 0.477218 0.878785 -0
    outer loop
      vertex -57.27 -4.45503 800
      vertex -57.5 -4.33013 835
      vertex -57.27 -4.45503 835
    endloop
  endfacet
  facet normal 0.477218 0.878785 0
    outer loop
      vertex -57.5 -4.33013 835
      vertex -57.27 -4.45503 800
      vertex -57.5 -4.33013 800
    endloop
  endfacet
  facet normal -0.793263 0.60888 0
    outer loop
      vertex -51.1143 -3.1466 800
      vertex -50.9549 -2.93893 835
      vertex -50.9549 -2.93893 800
    endloop
  endfacet
  facet normal -0.793263 0.60888 0
    outer loop
      vertex -50.9549 -2.93893 835
      vertex -51.1143 -3.1466 800
      vertex -51.1143 -3.1466 835
    endloop
  endfacet
  facet normal -0.382591 -0.923918 0
    outer loop
      vertex -53.2082 4.6679 800
      vertex -52.9663 4.56773 835
      vertex -53.2082 4.6679 835
    endloop
  endfacet
  facet normal -0.382591 -0.923918 -0
    outer loop
      vertex -52.9663 4.56773 835
      vertex -53.2082 4.6679 800
      vertex -52.9663 4.56773 800
    endloop
  endfacet
  facet normal 0.382591 0.923918 -0
    outer loop
      vertex -56.7918 -4.6679 800
      vertex -57.0337 -4.56773 835
      vertex -56.7918 -4.6679 835
    endloop
  endfacet
  facet normal 0.382591 0.923918 0
    outer loop
      vertex -57.0337 -4.56773 835
      vertex -56.7918 -4.6679 800
      vertex -57.0337 -4.56773 800
    endloop
  endfacet
  facet normal 0.824068 -0.566492 0
    outer loop
      vertex -59.1934 2.7232 835
      vertex -59.0451 2.93893 800
      vertex -59.0451 2.93893 835
    endloop
  endfacet
  facet normal 0.824068 -0.566492 0
    outer loop
      vertex -59.0451 2.93893 800
      vertex -59.1934 2.7232 835
      vertex -59.1934 2.7232 800
    endloop
  endfacet
  facet normal 0.725354 0.688376 0
    outer loop
      vertex -58.5355 -3.53553 835
      vertex -58.7157 -3.34565 800
      vertex -58.7157 -3.34565 835
    endloop
  endfacet
  facet normal 0.725354 0.688376 0
    outer loop
      vertex -58.7157 -3.34565 800
      vertex -58.5355 -3.53553 835
      vertex -58.5355 -3.53553 800
    endloop
  endfacet
  facet normal -0.958865 0.283862 0
    outer loop
      vertex -50.2447 -1.54508 800
      vertex -50.1704 -1.2941 835
      vertex -50.1704 -1.2941 800
    endloop
  endfacet
  facet normal -0.958865 0.283862 0
    outer loop
      vertex -50.1704 -1.2941 835
      vertex -50.2447 -1.54508 800
      vertex -50.2447 -1.54508 835
    endloop
  endfacet
  facet normal -0.902578 0.430527 0
    outer loop
      vertex -50.545 -2.26995 800
      vertex -50.4323 -2.03368 835
      vertex -50.4323 -2.03368 800
    endloop
  endfacet
  facet normal -0.902578 0.430527 0
    outer loop
      vertex -50.4323 -2.03368 835
      vertex -50.545 -2.26995 800
      vertex -50.545 -2.26995 835
    endloop
  endfacet
  facet normal -0.923844 0.38277 0
    outer loop
      vertex -50.4323 -2.03368 800
      vertex -50.3321 -1.79184 835
      vertex -50.3321 -1.79184 800
    endloop
  endfacet
  facet normal -0.923844 0.38277 0
    outer loop
      vertex -50.3321 -1.79184 835
      vertex -50.4323 -2.03368 800
      vertex -50.4323 -2.03368 835
    endloop
  endfacet
  facet normal -0.233481 -0.972361 0
    outer loop
      vertex -53.9604 4.89074 800
      vertex -53.7059 4.82963 835
      vertex -53.9604 4.89074 835
    endloop
  endfacet
  facet normal -0.233481 -0.972361 -0
    outer loop
      vertex -53.7059 4.82963 835
      vertex -53.9604 4.89074 800
      vertex -53.7059 4.82963 800
    endloop
  endfacet
  facet normal -0.996929 -0.0783142 0
    outer loop
      vertex -50.0069 0.26168 800
      vertex -50.0274 0.522642 835
      vertex -50.0274 0.522642 800
    endloop
  endfacet
  facet normal -0.996929 -0.0783142 0
    outer loop
      vertex -50.0274 0.522642 835
      vertex -50.0069 0.26168 800
      vertex -50.0069 0.26168 835
    endloop
  endfacet
  facet normal 0.522507 0.852635 -0
    outer loop
      vertex -57.5 -4.33013 800
      vertex -57.7232 -4.19335 835
      vertex -57.5 -4.33013 835
    endloop
  endfacet
  facet normal 0.522507 0.852635 0
    outer loop
      vertex -57.7232 -4.19335 835
      vertex -57.5 -4.33013 800
      vertex -57.7232 -4.19335 800
    endloop
  endfacet
  facet normal 0.566467 0.824084 -0
    outer loop
      vertex -57.7232 -4.19335 800
      vertex -57.9389 -4.04508 835
      vertex -57.7232 -4.19335 835
    endloop
  endfacet
  facet normal 0.566467 0.824084 0
    outer loop
      vertex -57.9389 -4.04508 835
      vertex -57.7232 -4.19335 800
      vertex -57.9389 -4.04508 800
    endloop
  endfacet
  facet normal 0.958865 -0.283862 0
    outer loop
      vertex -59.8296 1.2941 835
      vertex -59.7553 1.54508 800
      vertex -59.7553 1.54508 835
    endloop
  endfacet
  facet normal 0.958865 -0.283862 0
    outer loop
      vertex -59.7553 1.54508 800
      vertex -59.8296 1.2941 835
      vertex -59.8296 1.2941 800
    endloop
  endfacet
  facet normal 0.923844 -0.38277 0
    outer loop
      vertex -59.6679 1.79184 835
      vertex -59.5677 2.03368 800
      vertex -59.5677 2.03368 835
    endloop
  endfacet
  facet normal 0.923844 -0.38277 0
    outer loop
      vertex -59.5677 2.03368 800
      vertex -59.6679 1.79184 835
      vertex -59.6679 1.79184 800
    endloop
  endfacet
  facet normal 0.284017 -0.958819 0
    outer loop
      vertex -56.5451 4.75528 800
      vertex -56.2941 4.82963 835
      vertex -56.5451 4.75528 835
    endloop
  endfacet
  facet normal 0.284017 -0.958819 0
    outer loop
      vertex -56.2941 4.82963 835
      vertex -56.5451 4.75528 800
      vertex -56.2941 4.82963 800
    endloop
  endfacet
  facet normal 0.649365 0.760477 -0
    outer loop
      vertex -58.1466 -3.88573 800
      vertex -58.3457 -3.71572 835
      vertex -58.1466 -3.88573 835
    endloop
  endfacet
  facet normal 0.649365 0.760477 0
    outer loop
      vertex -58.3457 -3.71572 835
      vertex -58.1466 -3.88573 800
      vertex -58.3457 -3.71572 800
    endloop
  endfacet
  facet normal -0.725354 0.688376 0
    outer loop
      vertex -51.4645 -3.53553 800
      vertex -51.2843 -3.34565 835
      vertex -51.2843 -3.34565 800
    endloop
  endfacet
  facet normal -0.725354 0.688376 0
    outer loop
      vertex -51.2843 -3.34565 835
      vertex -51.4645 -3.53553 800
      vertex -51.4645 -3.53553 835
    endloop
  endfacet
  facet normal -0.991429 -0.130647 0
    outer loop
      vertex -50.0274 0.522642 800
      vertex -50.0616 0.782172 835
      vertex -50.0616 0.782172 800
    endloop
  endfacet
  facet normal -0.991429 -0.130647 0
    outer loop
      vertex -50.0616 0.782172 835
      vertex -50.0274 0.522642 800
      vertex -50.0274 0.522642 835
    endloop
  endfacet
  facet normal -0.878828 0.477138 0
    outer loop
      vertex -50.6699 -2.5 800
      vertex -50.545 -2.26995 835
      vertex -50.545 -2.26995 800
    endloop
  endfacet
  facet normal -0.878828 0.477138 0
    outer loop
      vertex -50.545 -2.26995 835
      vertex -50.6699 -2.5 800
      vertex -50.6699 -2.5 835
    endloop
  endfacet
  facet normal -0.430482 0.902599 0
    outer loop
      vertex -52.73 -4.45503 800
      vertex -52.9663 -4.56773 835
      vertex -52.73 -4.45503 835
    endloop
  endfacet
  facet normal -0.430482 0.902599 0
    outer loop
      vertex -52.9663 -4.56773 835
      vertex -52.73 -4.45503 800
      vertex -52.9663 -4.56773 800
    endloop
  endfacet
  facet normal 0.430482 0.902599 -0
    outer loop
      vertex -57.0337 -4.56773 800
      vertex -57.27 -4.45503 835
      vertex -57.0337 -4.56773 835
    endloop
  endfacet
  facet normal 0.430482 0.902599 0
    outer loop
      vertex -57.27 -4.45503 835
      vertex -57.0337 -4.56773 800
      vertex -57.27 -4.45503 800
    endloop
  endfacet
  facet normal -0.284017 0.958819 0
    outer loop
      vertex -53.4549 -4.75528 800
      vertex -53.7059 -4.82963 835
      vertex -53.4549 -4.75528 835
    endloop
  endfacet
  facet normal -0.284017 0.958819 0
    outer loop
      vertex -53.7059 -4.82963 835
      vertex -53.4549 -4.75528 800
      vertex -53.7059 -4.82963 800
    endloop
  endfacet
  facet normal 0.284017 0.958819 -0
    outer loop
      vertex -56.2941 -4.82963 800
      vertex -56.5451 -4.75528 835
      vertex -56.2941 -4.82963 835
    endloop
  endfacet
  facet normal 0.284017 0.958819 0
    outer loop
      vertex -56.5451 -4.75528 835
      vertex -56.2941 -4.82963 800
      vertex -56.5451 -4.75528 800
    endloop
  endfacet
  facet normal -0.333871 -0.942619 0
    outer loop
      vertex -53.4549 4.75528 800
      vertex -53.2082 4.6679 835
      vertex -53.4549 4.75528 835
    endloop
  endfacet
  facet normal -0.333871 -0.942619 -0
    outer loop
      vertex -53.2082 4.6679 835
      vertex -53.4549 4.75528 800
      vertex -53.2082 4.6679 800
    endloop
  endfacet
  facet normal -0.902578 -0.430527 0
    outer loop
      vertex -50.4323 2.03368 800
      vertex -50.545 2.26995 835
      vertex -50.545 2.26995 800
    endloop
  endfacet
  facet normal -0.902578 -0.430527 0
    outer loop
      vertex -50.545 2.26995 835
      vertex -50.4323 2.03368 800
      vertex -50.4323 2.03368 835
    endloop
  endfacet
  facet normal 0.522507 -0.852635 0
    outer loop
      vertex -57.7232 4.19335 800
      vertex -57.5 4.33013 835
      vertex -57.7232 4.19335 835
    endloop
  endfacet
  facet normal 0.522507 -0.852635 0
    outer loop
      vertex -57.5 4.33013 835
      vertex -57.7232 4.19335 800
      vertex -57.5 4.33013 800
    endloop
  endfacet
  facet normal -0.0784846 -0.996915 0
    outer loop
      vertex -54.7383 4.99315 800
      vertex -54.4774 4.97261 835
      vertex -54.7383 4.99315 835
    endloop
  endfacet
  facet normal -0.0784846 -0.996915 -0
    outer loop
      vertex -54.4774 4.97261 835
      vertex -54.7383 4.99315 800
      vertex -54.4774 4.97261 800
    endloop
  endfacet
  facet normal 0.878828 -0.477138 0
    outer loop
      vertex -59.455 2.26995 835
      vertex -59.3301 2.5 800
      vertex -59.3301 2.5 835
    endloop
  endfacet
  facet normal 0.878828 -0.477138 0
    outer loop
      vertex -59.3301 2.5 800
      vertex -59.455 2.26995 835
      vertex -59.455 2.26995 800
    endloop
  endfacet
  facet normal -0.923844 -0.38277 0
    outer loop
      vertex -50.3321 1.79184 800
      vertex -50.4323 2.03368 835
      vertex -50.4323 2.03368 800
    endloop
  endfacet
  facet normal -0.923844 -0.38277 0
    outer loop
      vertex -50.4323 2.03368 835
      vertex -50.3321 1.79184 800
      vertex -50.3321 1.79184 835
    endloop
  endfacet
  facet normal 0.1305 0.991448 -0
    outer loop
      vertex -55.5226 -4.97261 800
      vertex -55.7822 -4.93844 835
      vertex -55.5226 -4.97261 835
    endloop
  endfacet
  facet normal 0.1305 0.991448 0
    outer loop
      vertex -55.7822 -4.93844 835
      vertex -55.5226 -4.97261 800
      vertex -55.7822 -4.93844 800
    endloop
  endfacet
  facet normal 0.852771 -0.522284 0
    outer loop
      vertex -59.3301 2.5 835
      vertex -59.1934 2.7232 800
      vertex -59.1934 2.7232 835
    endloop
  endfacet
  facet normal 0.852771 -0.522284 0
    outer loop
      vertex -59.1934 2.7232 800
      vertex -59.3301 2.5 835
      vertex -59.3301 2.5 800
    endloop
  endfacet
  facet normal 0.688508 0.725228 -0
    outer loop
      vertex -58.3457 -3.71572 800
      vertex -58.5355 -3.53553 835
      vertex -58.3457 -3.71572 835
    endloop
  endfacet
  facet normal 0.688508 0.725228 0
    outer loop
      vertex -58.5355 -3.53553 835
      vertex -58.3457 -3.71572 800
      vertex -58.5355 -3.53553 800
    endloop
  endfacet
  facet normal 0.793263 -0.60888 0
    outer loop
      vertex -59.0451 2.93893 835
      vertex -58.8857 3.1466 800
      vertex -58.8857 3.1466 835
    endloop
  endfacet
  facet normal 0.793263 -0.60888 0
    outer loop
      vertex -58.8857 3.1466 800
      vertex -59.0451 2.93893 835
      vertex -59.0451 2.93893 800
    endloop
  endfacet
  facet normal 0.430482 -0.902599 0
    outer loop
      vertex -57.27 4.45503 800
      vertex -57.0337 4.56773 835
      vertex -57.27 4.45503 835
    endloop
  endfacet
  facet normal 0.430482 -0.902599 0
    outer loop
      vertex -57.0337 4.56773 835
      vertex -57.27 4.45503 800
      vertex -57.0337 4.56773 800
    endloop
  endfacet
  facet normal -0.958865 -0.283862 0
    outer loop
      vertex -50.1704 1.2941 800
      vertex -50.2447 1.54508 835
      vertex -50.2447 1.54508 800
    endloop
  endfacet
  facet normal -0.958865 -0.283862 0
    outer loop
      vertex -50.2447 1.54508 835
      vertex -50.1704 1.2941 800
      vertex -50.1704 1.2941 835
    endloop
  endfacet
  facet normal -0.566467 0.824084 0
    outer loop
      vertex -52.0611 -4.04508 800
      vertex -52.2768 -4.19335 835
      vertex -52.0611 -4.04508 835
    endloop
  endfacet
  facet normal -0.566467 0.824084 0
    outer loop
      vertex -52.2768 -4.19335 835
      vertex -52.0611 -4.04508 800
      vertex -52.2768 -4.19335 800
    endloop
  endfacet
  facet normal -0.996929 0.0783142 0
    outer loop
      vertex -50.0274 -0.522642 800
      vertex -50.0069 -0.26168 835
      vertex -50.0069 -0.26168 800
    endloop
  endfacet
  facet normal -0.996929 0.0783142 0
    outer loop
      vertex -50.0069 -0.26168 835
      vertex -50.0274 -0.522642 800
      vertex -50.0274 -0.522642 835
    endloop
  endfacet
  facet normal -0.688508 -0.725228 0
    outer loop
      vertex -51.6543 3.71572 800
      vertex -51.4645 3.53553 835
      vertex -51.6543 3.71572 835
    endloop
  endfacet
  facet normal -0.688508 -0.725228 -0
    outer loop
      vertex -51.4645 3.53553 835
      vertex -51.6543 3.71572 800
      vertex -51.4645 3.53553 800
    endloop
  endfacet
  facet normal -0.333871 0.942619 0
    outer loop
      vertex -53.2082 -4.6679 800
      vertex -53.4549 -4.75528 835
      vertex -53.2082 -4.6679 835
    endloop
  endfacet
  facet normal -0.333871 0.942619 0
    outer loop
      vertex -53.4549 -4.75528 835
      vertex -53.2082 -4.6679 800
      vertex -53.4549 -4.75528 800
    endloop
  endfacet
  facet normal -0.94262 -0.333867 0
    outer loop
      vertex -50.2447 1.54508 800
      vertex -50.3321 1.79184 835
      vertex -50.3321 1.79184 800
    endloop
  endfacet
  facet normal -0.94262 -0.333867 0
    outer loop
      vertex -50.3321 1.79184 835
      vertex -50.2447 1.54508 800
      vertex -50.2447 1.54508 835
    endloop
  endfacet
  facet normal -0.983258 -0.182221 0
    outer loop
      vertex -50.0616 0.782172 800
      vertex -50.1093 1.03956 835
      vertex -50.1093 1.03956 800
    endloop
  endfacet
  facet normal -0.983258 -0.182221 0
    outer loop
      vertex -50.1093 1.03956 835
      vertex -50.0616 0.782172 800
      vertex -50.0616 0.782172 835
    endloop
  endfacet
  facet normal 0.649365 -0.760477 0
    outer loop
      vertex -58.3457 3.71572 800
      vertex -58.1466 3.88573 835
      vertex -58.3457 3.71572 835
    endloop
  endfacet
  facet normal 0.649365 -0.760477 0
    outer loop
      vertex -58.1466 3.88573 835
      vertex -58.3457 3.71572 800
      vertex -58.1466 3.88573 800
    endloop
  endfacet
  facet normal 0.477218 -0.878785 0
    outer loop
      vertex -57.5 4.33013 800
      vertex -57.27 4.45503 835
      vertex -57.5 4.33013 835
    endloop
  endfacet
  facet normal 0.477218 -0.878785 0
    outer loop
      vertex -57.27 4.45503 835
      vertex -57.5 4.33013 800
      vertex -57.27 4.45503 800
    endloop
  endfacet
  facet normal -0.182212 -0.983259 0
    outer loop
      vertex -54.2178 4.93844 800
      vertex -53.9604 4.89074 835
      vertex -54.2178 4.93844 835
    endloop
  endfacet
  facet normal -0.182212 -0.983259 -0
    outer loop
      vertex -53.9604 4.89074 835
      vertex -54.2178 4.93844 800
      vertex -53.9604 4.89074 800
    endloop
  endfacet
  facet normal -0.1305 -0.991448 0
    outer loop
      vertex -54.4774 4.97261 800
      vertex -54.2178 4.93844 835
      vertex -54.4774 4.97261 835
    endloop
  endfacet
  facet normal -0.1305 -0.991448 -0
    outer loop
      vertex -54.2178 4.93844 835
      vertex -54.4774 4.97261 800
      vertex -54.2178 4.93844 800
    endloop
  endfacet
  facet normal -0.852771 0.522284 0
    outer loop
      vertex -50.8066 -2.7232 800
      vertex -50.6699 -2.5 835
      vertex -50.6699 -2.5 800
    endloop
  endfacet
  facet normal -0.852771 0.522284 0
    outer loop
      vertex -50.6699 -2.5 835
      vertex -50.8066 -2.7232 800
      vertex -50.8066 -2.7232 835
    endloop
  endfacet
  facet normal -0.608704 -0.793397 0
    outer loop
      vertex -52.0611 4.04508 800
      vertex -51.8534 3.88573 835
      vertex -52.0611 4.04508 835
    endloop
  endfacet
  facet normal -0.608704 -0.793397 -0
    outer loop
      vertex -51.8534 3.88573 835
      vertex -52.0611 4.04508 800
      vertex -51.8534 3.88573 800
    endloop
  endfacet
  facet normal -0.566467 -0.824084 0
    outer loop
      vertex -52.2768 4.19335 800
      vertex -52.0611 4.04508 835
      vertex -52.2768 4.19335 835
    endloop
  endfacet
  facet normal -0.566467 -0.824084 -0
    outer loop
      vertex -52.0611 4.04508 835
      vertex -52.2768 4.19335 800
      vertex -52.0611 4.04508 800
    endloop
  endfacet
  facet normal -0.983258 0.182221 0
    outer loop
      vertex -50.1093 -1.03956 800
      vertex -50.0616 -0.782172 835
      vertex -50.0616 -0.782172 800
    endloop
  endfacet
  facet normal -0.983258 0.182221 0
    outer loop
      vertex -50.0616 -0.782172 835
      vertex -50.1093 -1.03956 800
      vertex -50.1093 -1.03956 835
    endloop
  endfacet
  facet normal -0.94262 0.333867 0
    outer loop
      vertex -50.3321 -1.79184 800
      vertex -50.2447 -1.54508 835
      vertex -50.2447 -1.54508 800
    endloop
  endfacet
  facet normal -0.94262 0.333867 0
    outer loop
      vertex -50.2447 -1.54508 835
      vertex -50.3321 -1.79184 800
      vertex -50.3321 -1.79184 835
    endloop
  endfacet
  facet normal 0.182212 0.983259 -0
    outer loop
      vertex -55.7822 -4.93844 800
      vertex -56.0396 -4.89074 835
      vertex -55.7822 -4.93844 835
    endloop
  endfacet
  facet normal 0.182212 0.983259 0
    outer loop
      vertex -56.0396 -4.89074 835
      vertex -55.7822 -4.93844 800
      vertex -56.0396 -4.89074 800
    endloop
  endfacet
  facet normal -0.430482 -0.902599 0
    outer loop
      vertex -52.9663 4.56773 800
      vertex -52.73 4.45503 835
      vertex -52.9663 4.56773 835
    endloop
  endfacet
  facet normal -0.430482 -0.902599 -0
    outer loop
      vertex -52.73 4.45503 835
      vertex -52.9663 4.56773 800
      vertex -52.73 4.45503 800
    endloop
  endfacet
  facet normal 0.382689 0.923877 -0
    outer loop
      vertex -29.2918 -52.2993 800
      vertex -29.5337 -52.1991 835
      vertex -29.2918 -52.2993 835
    endloop
  endfacet
  facet normal 0.382689 0.923877 0
    outer loop
      vertex -29.5337 -52.1991 835
      vertex -29.2918 -52.2993 800
      vertex -29.5337 -52.1991 800
    endloop
  endfacet
  facet normal -0.477218 0.878785 0
    outer loop
      vertex -25 -51.9615 800
      vertex -25.23 -52.0864 835
      vertex -25 -51.9615 835
    endloop
  endfacet
  facet normal -0.477218 0.878785 0
    outer loop
      vertex -25.23 -52.0864 835
      vertex -25 -51.9615 800
      vertex -25.23 -52.0864 800
    endloop
  endfacet
  facet normal 0.477218 0.878785 -0
    outer loop
      vertex -29.77 -52.0864 800
      vertex -30 -51.9615 835
      vertex -29.77 -52.0864 835
    endloop
  endfacet
  facet normal 0.477218 0.878785 0
    outer loop
      vertex -30 -51.9615 835
      vertex -29.77 -52.0864 800
      vertex -30 -51.9615 800
    endloop
  endfacet
  facet normal 0.958871 -0.283841 0
    outer loop
      vertex -32.3296 -46.3373 835
      vertex -32.2553 -46.0863 800
      vertex -32.2553 -46.0863 835
    endloop
  endfacet
  facet normal 0.958871 -0.283841 0
    outer loop
      vertex -32.2553 -46.0863 800
      vertex -32.3296 -46.3373 835
      vertex -32.3296 -46.3373 800
    endloop
  endfacet
  facet normal -0.182212 0.983259 0
    outer loop
      vertex -26.4604 -52.5221 800
      vertex -26.7178 -52.5698 835
      vertex -26.4604 -52.5221 835
    endloop
  endfacet
  facet normal -0.182212 0.983259 0
    outer loop
      vertex -26.7178 -52.5698 835
      vertex -26.4604 -52.5221 800
      vertex -26.7178 -52.5698 800
    endloop
  endfacet
  facet normal 0.824031 0.566545 0
    outer loop
      vertex -31.5451 -50.5703 835
      vertex -31.6934 -50.3546 800
      vertex -31.6934 -50.3546 835
    endloop
  endfacet
  facet normal 0.824031 0.566545 0
    outer loop
      vertex -31.6934 -50.3546 800
      vertex -31.5451 -50.5703 835
      vertex -31.5451 -50.5703 800
    endloop
  endfacet
  facet normal -0.991433 0.130613 0
    outer loop
      vertex -22.5616 -48.4136 800
      vertex -22.5274 -48.154 835
      vertex -22.5274 -48.154 800
    endloop
  endfacet
  facet normal -0.991433 0.130613 0
    outer loop
      vertex -22.5274 -48.154 835
      vertex -22.5616 -48.4136 800
      vertex -22.5616 -48.4136 835
    endloop
  endfacet
  facet normal -0.608824 0.793305 0
    outer loop
      vertex -24.3534 -51.5171 800
      vertex -24.5611 -51.6765 835
      vertex -24.3534 -51.5171 835
    endloop
  endfacet
  facet normal -0.608824 0.793305 0
    outer loop
      vertex -24.5611 -51.6765 835
      vertex -24.3534 -51.5171 800
      vertex -24.5611 -51.6765 800
    endloop
  endfacet
  facet normal -0.958871 -0.283841 0
    outer loop
      vertex -22.6704 -46.3373 800
      vertex -22.7447 -46.0863 835
      vertex -22.7447 -46.0863 800
    endloop
  endfacet
  facet normal -0.958871 -0.283841 0
    outer loop
      vertex -22.7447 -46.0863 835
      vertex -22.6704 -46.3373 800
      vertex -22.6704 -46.3373 835
    endloop
  endfacet
  facet normal 0.725209 -0.688529 0
    outer loop
      vertex -31.2157 -44.2857 835
      vertex -31.0355 -44.0959 800
      vertex -31.0355 -44.0959 835
    endloop
  endfacet
  facet normal 0.725209 -0.688529 0
    outer loop
      vertex -31.0355 -44.0959 800
      vertex -31.2157 -44.2857 835
      vertex -31.2157 -44.2857 800
    endloop
  endfacet
  facet normal 0.130613 -0.991433 0
    outer loop
      vertex -28.2822 -42.693 800
      vertex -28.0226 -42.6588 835
      vertex -28.2822 -42.693 835
    endloop
  endfacet
  facet normal 0.130613 -0.991433 0
    outer loop
      vertex -28.0226 -42.6588 835
      vertex -28.2822 -42.693 800
      vertex -28.0226 -42.6588 800
    endloop
  endfacet
  facet normal 0.608824 -0.793305 0
    outer loop
      vertex -30.6466 -43.7457 800
      vertex -30.4389 -43.5863 835
      vertex -30.6466 -43.7457 835
    endloop
  endfacet
  facet normal 0.608824 -0.793305 0
    outer loop
      vertex -30.4389 -43.5863 835
      vertex -30.6466 -43.7457 800
      vertex -30.4389 -43.5863 800
    endloop
  endfacet
  facet normal -0.942595 -0.333939 0
    outer loop
      vertex -22.7447 -46.0863 800
      vertex -22.8321 -45.8396 835
      vertex -22.8321 -45.8396 800
    endloop
  endfacet
  facet normal -0.942595 -0.333939 0
    outer loop
      vertex -22.8321 -45.8396 835
      vertex -22.7447 -46.0863 800
      vertex -22.7447 -46.0863 835
    endloop
  endfacet
  facet normal -0.649343 0.760495 0
    outer loop
      vertex -24.1543 -51.3471 800
      vertex -24.3534 -51.5171 835
      vertex -24.1543 -51.3471 835
    endloop
  endfacet
  facet normal -0.649343 0.760495 0
    outer loop
      vertex -24.3534 -51.5171 835
      vertex -24.1543 -51.3471 800
      vertex -24.3534 -51.5171 800
    endloop
  endfacet
  facet normal 0.97237 0.233445 0
    outer loop
      vertex -32.3296 -48.9255 835
      vertex -32.3907 -48.671 800
      vertex -32.3907 -48.671 835
    endloop
  endfacet
  facet normal 0.97237 0.233445 0
    outer loop
      vertex -32.3907 -48.671 800
      vertex -32.3296 -48.9255 835
      vertex -32.3296 -48.9255 800
    endloop
  endfacet
  facet normal 0.522562 0.852601 -0
    outer loop
      vertex -30 -51.9615 800
      vertex -30.2232 -51.8247 835
      vertex -30 -51.9615 835
    endloop
  endfacet
  facet normal 0.522562 0.852601 0
    outer loop
      vertex -30.2232 -51.8247 835
      vertex -30 -51.9615 800
      vertex -30.2232 -51.8247 800
    endloop
  endfacet
  facet normal -0.382689 0.923877 0
    outer loop
      vertex -25.4663 -52.1991 800
      vertex -25.7082 -52.2993 835
      vertex -25.4663 -52.1991 835
    endloop
  endfacet
  facet normal -0.382689 0.923877 0
    outer loop
      vertex -25.7082 -52.2993 835
      vertex -25.4663 -52.1991 800
      vertex -25.7082 -52.2993 800
    endloop
  endfacet
  facet normal -0.0787125 -0.996897 0
    outer loop
      vertex -27.2383 -42.6382 800
      vertex -26.9774 -42.6588 835
      vertex -27.2383 -42.6382 835
    endloop
  endfacet
  facet normal -0.0787125 -0.996897 -0
    outer loop
      vertex -26.9774 -42.6588 835
      vertex -27.2383 -42.6382 800
      vertex -26.9774 -42.6588 800
    endloop
  endfacet
  facet normal 0.130613 0.991433 -0
    outer loop
      vertex -28.0226 -52.604 800
      vertex -28.2822 -52.5698 835
      vertex -28.0226 -52.604 835
    endloop
  endfacet
  facet normal 0.130613 0.991433 0
    outer loop
      vertex -28.2822 -52.5698 835
      vertex -28.0226 -52.604 800
      vertex -28.2822 -52.5698 800
    endloop
  endfacet
  facet normal 0.942595 -0.333939 0
    outer loop
      vertex -32.2553 -46.0863 835
      vertex -32.1679 -45.8396 800
      vertex -32.1679 -45.8396 835
    endloop
  endfacet
  facet normal 0.942595 -0.333939 0
    outer loop
      vertex -32.1679 -45.8396 800
      vertex -32.2553 -46.0863 835
      vertex -32.2553 -46.0863 800
    endloop
  endfacet
  facet normal 0.824031 -0.566545 0
    outer loop
      vertex -31.6934 -44.9082 835
      vertex -31.5451 -44.6925 800
      vertex -31.5451 -44.6925 835
    endloop
  endfacet
  facet normal 0.824031 -0.566545 0
    outer loop
      vertex -31.5451 -44.6925 800
      vertex -31.6934 -44.9082 835
      vertex -31.6934 -44.9082 800
    endloop
  endfacet
  facet normal -0.923877 -0.382689 0
    outer loop
      vertex -22.8321 -45.8396 800
      vertex -22.9323 -45.5977 835
      vertex -22.9323 -45.5977 800
    endloop
  endfacet
  facet normal -0.923877 -0.382689 0
    outer loop
      vertex -22.9323 -45.5977 835
      vertex -22.8321 -45.8396 800
      vertex -22.8321 -45.8396 835
    endloop
  endfacet
  facet normal 0.923877 0.382689 0
    outer loop
      vertex -32.0677 -49.6651 835
      vertex -32.1679 -49.4232 800
      vertex -32.1679 -49.4232 835
    endloop
  endfacet
  facet normal 0.923877 0.382689 0
    outer loop
      vertex -32.1679 -49.4232 800
      vertex -32.0677 -49.6651 835
      vertex -32.0677 -49.6651 800
    endloop
  endfacet
  facet normal 0.991433 0.130613 0
    outer loop
      vertex -32.4384 -48.4136 835
      vertex -32.4726 -48.154 800
      vertex -32.4726 -48.154 835
    endloop
  endfacet
  facet normal 0.991433 0.130613 0
    outer loop
      vertex -32.4726 -48.154 800
      vertex -32.4384 -48.4136 835
      vertex -32.4384 -48.4136 800
    endloop
  endfacet
  facet normal 0.878785 -0.477218 0
    outer loop
      vertex -31.955 -45.3614 835
      vertex -31.8301 -45.1314 800
      vertex -31.8301 -45.1314 835
    endloop
  endfacet
  facet normal 0.878785 -0.477218 0
    outer loop
      vertex -31.8301 -45.1314 800
      vertex -31.955 -45.3614 835
      vertex -31.955 -45.3614 800
    endloop
  endfacet
  facet normal 0.283841 -0.958871 0
    outer loop
      vertex -29.0451 -42.8761 800
      vertex -28.7941 -42.8018 835
      vertex -29.0451 -42.8761 835
    endloop
  endfacet
  facet normal 0.283841 -0.958871 0
    outer loop
      vertex -28.7941 -42.8018 835
      vertex -29.0451 -42.8761 800
      vertex -28.7941 -42.8018 800
    endloop
  endfacet
  facet normal -0.283841 0.958871 0
    outer loop
      vertex -25.9549 -52.3867 800
      vertex -26.2059 -52.461 835
      vertex -25.9549 -52.3867 835
    endloop
  endfacet
  facet normal -0.283841 0.958871 0
    outer loop
      vertex -26.2059 -52.461 835
      vertex -25.9549 -52.3867 800
      vertex -26.2059 -52.461 800
    endloop
  endfacet
  facet normal 0.182212 0.983259 -0
    outer loop
      vertex -28.2822 -52.5698 800
      vertex -28.5396 -52.5221 835
      vertex -28.2822 -52.5698 835
    endloop
  endfacet
  facet normal 0.182212 0.983259 0
    outer loop
      vertex -28.5396 -52.5221 835
      vertex -28.2822 -52.5698 800
      vertex -28.5396 -52.5221 800
    endloop
  endfacet
  facet normal 0.760495 0.649343 0
    outer loop
      vertex -31.2157 -50.9771 835
      vertex -31.3857 -50.778 800
      vertex -31.3857 -50.778 835
    endloop
  endfacet
  facet normal 0.760495 0.649343 0
    outer loop
      vertex -31.3857 -50.778 800
      vertex -31.2157 -50.9771 835
      vertex -31.2157 -50.9771 800
    endloop
  endfacet
  facet normal -0.688529 0.725209 0
    outer loop
      vertex -23.9645 -51.1669 800
      vertex -24.1543 -51.3471 835
      vertex -23.9645 -51.1669 835
    endloop
  endfacet
  facet normal -0.688529 0.725209 0
    outer loop
      vertex -24.1543 -51.3471 835
      vertex -23.9645 -51.1669 800
      vertex -24.1543 -51.3471 800
    endloop
  endfacet
  facet normal -0.0783327 0.996927 0
    outer loop
      vertex -26.9774 -52.604 800
      vertex -27.2383 -52.6245 835
      vertex -26.9774 -52.604 835
    endloop
  endfacet
  facet normal -0.0783327 0.996927 0
    outer loop
      vertex -27.2383 -52.6245 835
      vertex -26.9774 -52.604 800
      vertex -27.2383 -52.6245 800
    endloop
  endfacet
  facet normal -0.942595 0.333939 0
    outer loop
      vertex -22.8321 -49.4232 800
      vertex -22.7447 -49.1765 835
      vertex -22.7447 -49.1765 800
    endloop
  endfacet
  facet normal -0.942595 0.333939 0
    outer loop
      vertex -22.7447 -49.1765 835
      vertex -22.8321 -49.4232 800
      vertex -22.8321 -49.4232 835
    endloop
  endfacet
  facet normal 0.942595 0.333939 0
    outer loop
      vertex -32.1679 -49.4232 835
      vertex -32.2553 -49.1765 800
      vertex -32.2553 -49.1765 835
    endloop
  endfacet
  facet normal 0.942595 0.333939 0
    outer loop
      vertex -32.2553 -49.1765 800
      vertex -32.1679 -49.4232 835
      vertex -32.1679 -49.4232 800
    endloop
  endfacet
  facet normal 0.649343 0.760495 -0
    outer loop
      vertex -30.6466 -51.5171 800
      vertex -30.8457 -51.3471 835
      vertex -30.6466 -51.5171 835
    endloop
  endfacet
  facet normal 0.649343 0.760495 0
    outer loop
      vertex -30.8457 -51.3471 835
      vertex -30.6466 -51.5171 800
      vertex -30.8457 -51.3471 800
    endloop
  endfacet
  facet normal -0.477218 -0.878785 0
    outer loop
      vertex -25.23 -43.1764 800
      vertex -25 -43.3013 835
      vertex -25.23 -43.1764 835
    endloop
  endfacet
  facet normal -0.477218 -0.878785 -0
    outer loop
      vertex -25 -43.3013 835
      vertex -25.23 -43.1764 800
      vertex -25 -43.3013 800
    endloop
  endfacet
  facet normal -0.902528 0.430631 0
    outer loop
      vertex -23.045 -49.9013 800
      vertex -22.9323 -49.6651 835
      vertex -22.9323 -49.6651 800
    endloop
  endfacet
  facet normal -0.902528 0.430631 0
    outer loop
      vertex -22.9323 -49.6651 835
      vertex -23.045 -49.9013 800
      vertex -23.045 -49.9013 835
    endloop
  endfacet
  facet normal -0.130613 -0.991433 0
    outer loop
      vertex -26.9774 -42.6588 800
      vertex -26.7178 -42.693 835
      vertex -26.9774 -42.6588 835
    endloop
  endfacet
  facet normal -0.130613 -0.991433 -0
    outer loop
      vertex -26.7178 -42.693 835
      vertex -26.9774 -42.6588 800
      vertex -26.7178 -42.693 800
    endloop
  endfacet
  facet normal -0.958871 0.283841 0
    outer loop
      vertex -22.7447 -49.1765 800
      vertex -22.6704 -48.9255 835
      vertex -22.6704 -48.9255 800
    endloop
  endfacet
  facet normal -0.958871 0.283841 0
    outer loop
      vertex -22.6704 -48.9255 835
      vertex -22.7447 -49.1765 800
      vertex -22.7447 -49.1765 835
    endloop
  endfacet
  facet normal -0.923877 0.382689 0
    outer loop
      vertex -22.9323 -49.6651 800
      vertex -22.8321 -49.4232 835
      vertex -22.8321 -49.4232 800
    endloop
  endfacet
  facet normal -0.923877 0.382689 0
    outer loop
      vertex -22.8321 -49.4232 835
      vertex -22.9323 -49.6651 800
      vertex -22.9323 -49.6651 835
    endloop
  endfacet
  facet normal -0.852771 0.522284 0
    outer loop
      vertex -23.3066 -50.3546 800
      vertex -23.1699 -50.1314 835
      vertex -23.1699 -50.1314 800
    endloop
  endfacet
  facet normal -0.852771 0.522284 0
    outer loop
      vertex -23.1699 -50.1314 835
      vertex -23.3066 -50.3546 800
      vertex -23.3066 -50.3546 835
    endloop
  endfacet
  facet normal 0.430482 0.902599 -0
    outer loop
      vertex -29.5337 -52.1991 800
      vertex -29.77 -52.0864 835
      vertex -29.5337 -52.1991 835
    endloop
  endfacet
  facet normal 0.430482 0.902599 0
    outer loop
      vertex -29.77 -52.0864 835
      vertex -29.5337 -52.1991 800
      vertex -29.77 -52.0864 800
    endloop
  endfacet
  facet normal -0.97237 0.233445 0
    outer loop
      vertex -22.6704 -48.9255 800
      vertex -22.6093 -48.671 835
      vertex -22.6093 -48.671 800
    endloop
  endfacet
  facet normal -0.97237 0.233445 0
    outer loop
      vertex -22.6093 -48.671 835
      vertex -22.6704 -48.9255 800
      vertex -22.6704 -48.9255 835
    endloop
  endfacet
  facet normal -0.97237 -0.233445 0
    outer loop
      vertex -22.6093 -46.5918 800
      vertex -22.6704 -46.3373 835
      vertex -22.6704 -46.3373 800
    endloop
  endfacet
  facet normal -0.97237 -0.233445 0
    outer loop
      vertex -22.6704 -46.3373 835
      vertex -22.6093 -46.5918 800
      vertex -22.6093 -46.5918 835
    endloop
  endfacet
  facet normal -0.902599 -0.430482 0
    outer loop
      vertex -22.9323 -45.5977 800
      vertex -23.045 -45.3614 835
      vertex -23.045 -45.3614 800
    endloop
  endfacet
  facet normal -0.902599 -0.430482 0
    outer loop
      vertex -23.045 -45.3614 835
      vertex -22.9323 -45.5977 800
      vertex -22.9323 -45.5977 835
    endloop
  endfacet
  facet normal 0.97237 -0.233445 0
    outer loop
      vertex -32.3907 -46.5918 835
      vertex -32.3296 -46.3373 800
      vertex -32.3296 -46.3373 835
    endloop
  endfacet
  facet normal 0.97237 -0.233445 0
    outer loop
      vertex -32.3296 -46.3373 800
      vertex -32.3907 -46.5918 835
      vertex -32.3907 -46.5918 800
    endloop
  endfacet
  facet normal 0.793305 -0.608824 0
    outer loop
      vertex -31.5451 -44.6925 835
      vertex -31.3857 -44.4848 800
      vertex -31.3857 -44.4848 835
    endloop
  endfacet
  facet normal 0.793305 -0.608824 0
    outer loop
      vertex -31.3857 -44.4848 800
      vertex -31.5451 -44.6925 835
      vertex -31.5451 -44.6925 800
    endloop
  endfacet
  facet normal -0.793305 -0.608824 0
    outer loop
      vertex -23.4549 -44.6925 800
      vertex -23.6143 -44.4848 835
      vertex -23.6143 -44.4848 800
    endloop
  endfacet
  facet normal -0.793305 -0.608824 0
    outer loop
      vertex -23.6143 -44.4848 835
      vertex -23.4549 -44.6925 800
      vertex -23.4549 -44.6925 835
    endloop
  endfacet
  facet normal -0.333939 0.942595 0
    outer loop
      vertex -25.7082 -52.2993 800
      vertex -25.9549 -52.3867 835
      vertex -25.7082 -52.2993 835
    endloop
  endfacet
  facet normal -0.333939 0.942595 0
    outer loop
      vertex -25.9549 -52.3867 835
      vertex -25.7082 -52.2993 800
      vertex -25.9549 -52.3867 800
    endloop
  endfacet
  facet normal 0.477218 -0.878785 0
    outer loop
      vertex -30 -43.3013 800
      vertex -29.77 -43.1764 835
      vertex -30 -43.3013 835
    endloop
  endfacet
  facet normal 0.477218 -0.878785 0
    outer loop
      vertex -29.77 -43.1764 835
      vertex -30 -43.3013 800
      vertex -29.77 -43.1764 800
    endloop
  endfacet
  facet normal 0.958871 0.283841 0
    outer loop
      vertex -32.2553 -49.1765 835
      vertex -32.3296 -48.9255 800
      vertex -32.3296 -48.9255 835
    endloop
  endfacet
  facet normal 0.958871 0.283841 0
    outer loop
      vertex -32.3296 -48.9255 800
      vertex -32.2553 -49.1765 835
      vertex -32.2553 -49.1765 800
    endloop
  endfacet
  facet normal 0.688529 -0.725209 0
    outer loop
      vertex -31.0355 -44.0959 800
      vertex -30.8457 -43.9157 835
      vertex -31.0355 -44.0959 835
    endloop
  endfacet
  facet normal 0.688529 -0.725209 0
    outer loop
      vertex -30.8457 -43.9157 835
      vertex -31.0355 -44.0959 800
      vertex -30.8457 -43.9157 800
    endloop
  endfacet
  facet normal 0.996927 -0.0783327 0
    outer loop
      vertex -32.4931 -47.3697 835
      vertex -32.4726 -47.1088 800
      vertex -32.4726 -47.1088 835
    endloop
  endfacet
  facet normal 0.996927 -0.0783327 0
    outer loop
      vertex -32.4726 -47.1088 800
      vertex -32.4931 -47.3697 835
      vertex -32.4931 -47.3697 800
    endloop
  endfacet
  facet normal -0.382689 -0.923877 0
    outer loop
      vertex -25.7082 -42.9635 800
      vertex -25.4663 -43.0637 835
      vertex -25.7082 -42.9635 835
    endloop
  endfacet
  facet normal -0.382689 -0.923877 -0
    outer loop
      vertex -25.4663 -43.0637 835
      vertex -25.7082 -42.9635 800
      vertex -25.4663 -43.0637 800
    endloop
  endfacet
  facet normal 0.608824 0.793305 -0
    outer loop
      vertex -30.4389 -51.6765 800
      vertex -30.6466 -51.5171 835
      vertex -30.4389 -51.6765 835
    endloop
  endfacet
  facet normal 0.608824 0.793305 0
    outer loop
      vertex -30.6466 -51.5171 835
      vertex -30.4389 -51.6765 800
      vertex -30.6466 -51.5171 800
    endloop
  endfacet
  facet normal 0.566286 0.824209 -0
    outer loop
      vertex -30.2232 -51.8247 800
      vertex -30.4389 -51.6765 835
      vertex -30.2232 -51.8247 835
    endloop
  endfacet
  facet normal 0.566286 0.824209 0
    outer loop
      vertex -30.4389 -51.6765 835
      vertex -30.2232 -51.8247 800
      vertex -30.4389 -51.6765 800
    endloop
  endfacet
  facet normal -0.725209 -0.688529 0
    outer loop
      vertex -23.7843 -44.2857 800
      vertex -23.9645 -44.0959 835
      vertex -23.9645 -44.0959 800
    endloop
  endfacet
  facet normal -0.725209 -0.688529 0
    outer loop
      vertex -23.9645 -44.0959 835
      vertex -23.7843 -44.2857 800
      vertex -23.7843 -44.2857 835
    endloop
  endfacet
  facet normal 0.333939 0.942595 -0
    outer loop
      vertex -29.0451 -52.3867 800
      vertex -29.2918 -52.2993 835
      vertex -29.0451 -52.3867 835
    endloop
  endfacet
  facet normal 0.333939 0.942595 0
    outer loop
      vertex -29.2918 -52.2993 835
      vertex -29.0451 -52.3867 800
      vertex -29.2918 -52.2993 800
    endloop
  endfacet
  facet normal 0.283841 0.958871 -0
    outer loop
      vertex -28.7941 -52.461 800
      vertex -29.0451 -52.3867 835
      vertex -28.7941 -52.461 835
    endloop
  endfacet
  facet normal 0.283841 0.958871 0
    outer loop
      vertex -29.0451 -52.3867 835
      vertex -28.7941 -52.461 800
      vertex -29.0451 -52.3867 800
    endloop
  endfacet
  facet normal 0.902599 -0.430482 0
    outer loop
      vertex -32.0677 -45.5977 835
      vertex -31.955 -45.3614 800
      vertex -31.955 -45.3614 835
    endloop
  endfacet
  facet normal 0.902599 -0.430482 0
    outer loop
      vertex -31.955 -45.3614 800
      vertex -32.0677 -45.5977 835
      vertex -32.0677 -45.5977 800
    endloop
  endfacet
  facet normal 0.793305 0.608824 0
    outer loop
      vertex -31.3857 -50.778 835
      vertex -31.5451 -50.5703 800
      vertex -31.5451 -50.5703 835
    endloop
  endfacet
  facet normal 0.793305 0.608824 0
    outer loop
      vertex -31.5451 -50.5703 800
      vertex -31.3857 -50.778 835
      vertex -31.3857 -50.778 800
    endloop
  endfacet
  facet normal -0.991433 -0.130613 0
    outer loop
      vertex -22.5274 -47.1088 800
      vertex -22.5616 -46.8492 835
      vertex -22.5616 -46.8492 800
    endloop
  endfacet
  facet normal -0.991433 -0.130613 0
    outer loop
      vertex -22.5616 -46.8492 835
      vertex -22.5274 -47.1088 800
      vertex -22.5274 -47.1088 835
    endloop
  endfacet
  facet normal -0.233445 0.97237 0
    outer loop
      vertex -26.2059 -52.461 800
      vertex -26.4604 -52.5221 835
      vertex -26.2059 -52.461 835
    endloop
  endfacet
  facet normal -0.233445 0.97237 0
    outer loop
      vertex -26.4604 -52.5221 835
      vertex -26.2059 -52.461 800
      vertex -26.4604 -52.5221 800
    endloop
  endfacet
  facet normal 0.991433 -0.130613 0
    outer loop
      vertex -32.4726 -47.1088 835
      vertex -32.4384 -46.8492 800
      vertex -32.4384 -46.8492 835
    endloop
  endfacet
  facet normal 0.991433 -0.130613 0
    outer loop
      vertex -32.4384 -46.8492 800
      vertex -32.4726 -47.1088 835
      vertex -32.4726 -47.1088 800
    endloop
  endfacet
  facet normal -0.852771 -0.522284 0
    outer loop
      vertex -23.1699 -45.1314 800
      vertex -23.3066 -44.9082 835
      vertex -23.3066 -44.9082 800
    endloop
  endfacet
  facet normal -0.852771 -0.522284 0
    outer loop
      vertex -23.3066 -44.9082 835
      vertex -23.1699 -45.1314 800
      vertex -23.1699 -45.1314 835
    endloop
  endfacet
  facet normal 0.333939 -0.942595 0
    outer loop
      vertex -29.2918 -42.9635 800
      vertex -29.0451 -42.8761 835
      vertex -29.2918 -42.9635 835
    endloop
  endfacet
  facet normal 0.333939 -0.942595 0
    outer loop
      vertex -29.0451 -42.8761 835
      vertex -29.2918 -42.9635 800
      vertex -29.0451 -42.8761 800
    endloop
  endfacet
  facet normal 0.382689 -0.923877 0
    outer loop
      vertex -29.5337 -43.0637 800
      vertex -29.2918 -42.9635 835
      vertex -29.5337 -43.0637 835
    endloop
  endfacet
  facet normal 0.382689 -0.923877 0
    outer loop
      vertex -29.2918 -42.9635 835
      vertex -29.5337 -43.0637 800
      vertex -29.2918 -42.9635 800
    endloop
  endfacet
  facet normal -0.0263569 0.999653 0
    outer loop
      vertex -27.2383 -52.6245 800
      vertex -27.5 -52.6314 835
      vertex -27.2383 -52.6245 835
    endloop
  endfacet
  facet normal -0.0263569 0.999653 0
    outer loop
      vertex -27.5 -52.6314 835
      vertex -27.2383 -52.6245 800
      vertex -27.5 -52.6314 800
    endloop
  endfacet
  facet normal 0.0263569 0.999653 -0
    outer loop
      vertex -27.5 -52.6314 800
      vertex -27.7617 -52.6245 835
      vertex -27.5 -52.6314 835
    endloop
  endfacet
  facet normal 0.0263569 0.999653 0
    outer loop
      vertex -27.7617 -52.6245 835
      vertex -27.5 -52.6314 800
      vertex -27.7617 -52.6245 800
    endloop
  endfacet
  facet normal -0.233445 -0.97237 0
    outer loop
      vertex -26.4604 -42.7407 800
      vertex -26.2059 -42.8018 835
      vertex -26.4604 -42.7407 835
    endloop
  endfacet
  facet normal -0.233445 -0.97237 -0
    outer loop
      vertex -26.2059 -42.8018 835
      vertex -26.4604 -42.7407 800
      vertex -26.2059 -42.8018 800
    endloop
  endfacet
  facet normal 0.233445 0.97237 -0
    outer loop
      vertex -28.5396 -52.5221 800
      vertex -28.7941 -52.461 835
      vertex -28.5396 -52.5221 835
    endloop
  endfacet
  facet normal 0.233445 0.97237 0
    outer loop
      vertex -28.7941 -52.461 835
      vertex -28.5396 -52.5221 800
      vertex -28.7941 -52.461 800
    endloop
  endfacet
  facet normal -0.130613 0.991433 0
    outer loop
      vertex -26.7178 -52.5698 800
      vertex -26.9774 -52.604 835
      vertex -26.7178 -52.5698 835
    endloop
  endfacet
  facet normal -0.130613 0.991433 0
    outer loop
      vertex -26.9774 -52.604 835
      vertex -26.7178 -52.5698 800
      vertex -26.9774 -52.604 800
    endloop
  endfacet
  facet normal -0.996927 0.0783327 0
    outer loop
      vertex -22.5274 -48.154 800
      vertex -22.5069 -47.8931 835
      vertex -22.5069 -47.8931 800
    endloop
  endfacet
  facet normal -0.996927 0.0783327 0
    outer loop
      vertex -22.5069 -47.8931 835
      vertex -22.5274 -48.154 800
      vertex -22.5274 -48.154 835
    endloop
  endfacet
  facet normal -0.760495 -0.649343 0
    outer loop
      vertex -23.6143 -44.4848 800
      vertex -23.7843 -44.2857 835
      vertex -23.7843 -44.2857 800
    endloop
  endfacet
  facet normal -0.760495 -0.649343 0
    outer loop
      vertex -23.7843 -44.2857 835
      vertex -23.6143 -44.4848 800
      vertex -23.6143 -44.4848 835
    endloop
  endfacet
  facet normal 0.522284 -0.852771 0
    outer loop
      vertex -30.2232 -43.438 800
      vertex -30 -43.3013 835
      vertex -30.2232 -43.438 835
    endloop
  endfacet
  facet normal 0.522284 -0.852771 0
    outer loop
      vertex -30 -43.3013 835
      vertex -30.2232 -43.438 800
      vertex -30 -43.3013 800
    endloop
  endfacet
  facet normal -0.430482 0.902599 0
    outer loop
      vertex -25.23 -52.0864 800
      vertex -25.4663 -52.1991 835
      vertex -25.23 -52.0864 835
    endloop
  endfacet
  facet normal -0.430482 0.902599 0
    outer loop
      vertex -25.4663 -52.1991 835
      vertex -25.23 -52.0864 800
      vertex -25.4663 -52.1991 800
    endloop
  endfacet
  facet normal 0.0783327 0.996927 -0
    outer loop
      vertex -27.7617 -52.6245 800
      vertex -28.0226 -52.604 835
      vertex -27.7617 -52.6245 835
    endloop
  endfacet
  facet normal 0.0783327 0.996927 0
    outer loop
      vertex -28.0226 -52.604 835
      vertex -27.7617 -52.6245 800
      vertex -28.0226 -52.604 800
    endloop
  endfacet
  facet normal -0.999653 -0.0263569 0
    outer loop
      vertex -22.5 -47.6314 800
      vertex -22.5069 -47.3697 835
      vertex -22.5069 -47.3697 800
    endloop
  endfacet
  facet normal -0.999653 -0.0263569 0
    outer loop
      vertex -22.5069 -47.3697 835
      vertex -22.5 -47.6314 800
      vertex -22.5 -47.6314 835
    endloop
  endfacet
  facet normal 0.725209 0.688529 0
    outer loop
      vertex -31.0355 -51.1669 835
      vertex -31.2157 -50.9771 800
      vertex -31.2157 -50.9771 835
    endloop
  endfacet
  facet normal 0.725209 0.688529 0
    outer loop
      vertex -31.2157 -50.9771 800
      vertex -31.0355 -51.1669 835
      vertex -31.0355 -51.1669 800
    endloop
  endfacet
  facet normal -0.566545 -0.824031 0
    outer loop
      vertex -24.7768 -43.438 800
      vertex -24.5611 -43.5863 835
      vertex -24.7768 -43.438 835
    endloop
  endfacet
  facet normal -0.566545 -0.824031 -0
    outer loop
      vertex -24.5611 -43.5863 835
      vertex -24.7768 -43.438 800
      vertex -24.5611 -43.5863 800
    endloop
  endfacet
  facet normal -0.760495 0.649343 0
    outer loop
      vertex -23.7843 -50.9771 800
      vertex -23.6143 -50.778 835
      vertex -23.6143 -50.778 800
    endloop
  endfacet
  facet normal -0.760495 0.649343 0
    outer loop
      vertex -23.6143 -50.778 835
      vertex -23.7843 -50.9771 800
      vertex -23.7843 -50.9771 835
    endloop
  endfacet
  facet normal 0.233445 -0.97237 0
    outer loop
      vertex -28.7941 -42.8018 800
      vertex -28.5396 -42.7407 835
      vertex -28.7941 -42.8018 835
    endloop
  endfacet
  facet normal 0.233445 -0.97237 0
    outer loop
      vertex -28.5396 -42.7407 835
      vertex -28.7941 -42.8018 800
      vertex -28.5396 -42.7407 800
    endloop
  endfacet
  facet normal 0.999653 -0.0263569 0
    outer loop
      vertex -32.5 -47.6314 835
      vertex -32.4931 -47.3697 800
      vertex -32.4931 -47.3697 835
    endloop
  endfacet
  facet normal 0.999653 -0.0263569 0
    outer loop
      vertex -32.4931 -47.3697 800
      vertex -32.5 -47.6314 835
      vertex -32.5 -47.6314 800
    endloop
  endfacet
  facet normal -0.430482 -0.902599 0
    outer loop
      vertex -25.4663 -43.0637 800
      vertex -25.23 -43.1764 835
      vertex -25.4663 -43.0637 835
    endloop
  endfacet
  facet normal -0.430482 -0.902599 -0
    outer loop
      vertex -25.23 -43.1764 835
      vertex -25.4663 -43.0637 800
      vertex -25.23 -43.1764 800
    endloop
  endfacet
  facet normal -0.283841 -0.958871 0
    outer loop
      vertex -26.2059 -42.8018 800
      vertex -25.9549 -42.8761 835
      vertex -26.2059 -42.8018 835
    endloop
  endfacet
  facet normal -0.283841 -0.958871 -0
    outer loop
      vertex -25.9549 -42.8761 835
      vertex -26.2059 -42.8018 800
      vertex -25.9549 -42.8761 800
    endloop
  endfacet
  facet normal 0.983259 0.182212 0
    outer loop
      vertex -32.3907 -48.671 835
      vertex -32.4384 -48.4136 800
      vertex -32.4384 -48.4136 835
    endloop
  endfacet
  facet normal 0.983259 0.182212 0
    outer loop
      vertex -32.4384 -48.4136 800
      vertex -32.3907 -48.671 835
      vertex -32.3907 -48.671 800
    endloop
  endfacet
  facet normal 0.0259752 -0.999663 0
    outer loop
      vertex -27.7617 -42.6382 800
      vertex -27.5 -42.6314 835
      vertex -27.7617 -42.6382 835
    endloop
  endfacet
  facet normal 0.0259752 -0.999663 0
    outer loop
      vertex -27.5 -42.6314 835
      vertex -27.7617 -42.6382 800
      vertex -27.5 -42.6314 800
    endloop
  endfacet
  facet normal -0.793305 0.608824 0
    outer loop
      vertex -23.6143 -50.778 800
      vertex -23.4549 -50.5703 835
      vertex -23.4549 -50.5703 800
    endloop
  endfacet
  facet normal -0.793305 0.608824 0
    outer loop
      vertex -23.4549 -50.5703 835
      vertex -23.6143 -50.778 800
      vertex -23.6143 -50.778 835
    endloop
  endfacet
  facet normal -0.824031 0.566545 0
    outer loop
      vertex -23.4549 -50.5703 800
      vertex -23.3066 -50.3546 835
      vertex -23.3066 -50.3546 800
    endloop
  endfacet
  facet normal -0.824031 0.566545 0
    outer loop
      vertex -23.3066 -50.3546 835
      vertex -23.4549 -50.5703 800
      vertex -23.4549 -50.5703 835
    endloop
  endfacet
  facet normal -0.996927 -0.0783327 0
    outer loop
      vertex -22.5069 -47.3697 800
      vertex -22.5274 -47.1088 835
      vertex -22.5274 -47.1088 800
    endloop
  endfacet
  facet normal -0.996927 -0.0783327 0
    outer loop
      vertex -22.5274 -47.1088 835
      vertex -22.5069 -47.3697 800
      vertex -22.5069 -47.3697 835
    endloop
  endfacet
  facet normal -0.566286 0.824209 0
    outer loop
      vertex -24.5611 -51.6765 800
      vertex -24.7768 -51.8247 835
      vertex -24.5611 -51.6765 835
    endloop
  endfacet
  facet normal -0.566286 0.824209 0
    outer loop
      vertex -24.7768 -51.8247 835
      vertex -24.5611 -51.6765 800
      vertex -24.7768 -51.8247 800
    endloop
  endfacet
  facet normal -0.522562 0.852601 0
    outer loop
      vertex -24.7768 -51.8247 800
      vertex -25 -51.9615 835
      vertex -24.7768 -51.8247 835
    endloop
  endfacet
  facet normal -0.522562 0.852601 0
    outer loop
      vertex -25 -51.9615 835
      vertex -24.7768 -51.8247 800
      vertex -25 -51.9615 800
    endloop
  endfacet
  facet normal 0.923877 -0.382689 0
    outer loop
      vertex -32.1679 -45.8396 835
      vertex -32.0677 -45.5977 800
      vertex -32.0677 -45.5977 835
    endloop
  endfacet
  facet normal 0.923877 -0.382689 0
    outer loop
      vertex -32.0677 -45.5977 800
      vertex -32.1679 -45.8396 835
      vertex -32.1679 -45.8396 800
    endloop
  endfacet
  facet normal -0.878785 -0.477218 0
    outer loop
      vertex -23.045 -45.3614 800
      vertex -23.1699 -45.1314 835
      vertex -23.1699 -45.1314 800
    endloop
  endfacet
  facet normal -0.878785 -0.477218 0
    outer loop
      vertex -23.1699 -45.1314 835
      vertex -23.045 -45.3614 800
      vertex -23.045 -45.3614 835
    endloop
  endfacet
  facet normal 0.430482 -0.902599 0
    outer loop
      vertex -29.77 -43.1764 800
      vertex -29.5337 -43.0637 835
      vertex -29.77 -43.1764 835
    endloop
  endfacet
  facet normal 0.430482 -0.902599 0
    outer loop
      vertex -29.5337 -43.0637 835
      vertex -29.77 -43.1764 800
      vertex -29.5337 -43.0637 800
    endloop
  endfacet
  facet normal 0.760495 -0.649343 0
    outer loop
      vertex -31.3857 -44.4848 835
      vertex -31.2157 -44.2857 800
      vertex -31.2157 -44.2857 835
    endloop
  endfacet
  facet normal 0.760495 -0.649343 0
    outer loop
      vertex -31.2157 -44.2857 800
      vertex -31.3857 -44.4848 835
      vertex -31.3857 -44.4848 800
    endloop
  endfacet
  facet normal 0.182212 -0.983259 0
    outer loop
      vertex -28.5396 -42.7407 800
      vertex -28.2822 -42.693 835
      vertex -28.5396 -42.7407 835
    endloop
  endfacet
  facet normal 0.182212 -0.983259 0
    outer loop
      vertex -28.2822 -42.693 835
      vertex -28.5396 -42.7407 800
      vertex -28.2822 -42.693 800
    endloop
  endfacet
  facet normal -0.333939 -0.942595 0
    outer loop
      vertex -25.9549 -42.8761 800
      vertex -25.7082 -42.9635 835
      vertex -25.9549 -42.8761 835
    endloop
  endfacet
  facet normal -0.333939 -0.942595 -0
    outer loop
      vertex -25.7082 -42.9635 835
      vertex -25.9549 -42.8761 800
      vertex -25.7082 -42.9635 800
    endloop
  endfacet
  facet normal -0.649343 -0.760495 0
    outer loop
      vertex -24.3534 -43.7457 800
      vertex -24.1543 -43.9157 835
      vertex -24.3534 -43.7457 835
    endloop
  endfacet
  facet normal -0.649343 -0.760495 -0
    outer loop
      vertex -24.1543 -43.9157 835
      vertex -24.3534 -43.7457 800
      vertex -24.1543 -43.9157 800
    endloop
  endfacet
  facet normal 0.902528 0.430631 0
    outer loop
      vertex -31.955 -49.9013 835
      vertex -32.0677 -49.6651 800
      vertex -32.0677 -49.6651 835
    endloop
  endfacet
  facet normal 0.902528 0.430631 0
    outer loop
      vertex -32.0677 -49.6651 800
      vertex -31.955 -49.9013 835
      vertex -31.955 -49.9013 800
    endloop
  endfacet
  facet normal -0.725209 0.688529 0
    outer loop
      vertex -23.9645 -51.1669 800
      vertex -23.7843 -50.9771 835
      vertex -23.7843 -50.9771 800
    endloop
  endfacet
  facet normal -0.725209 0.688529 0
    outer loop
      vertex -23.7843 -50.9771 835
      vertex -23.9645 -51.1669 800
      vertex -23.9645 -51.1669 835
    endloop
  endfacet
  facet normal 0.983259 -0.182212 0
    outer loop
      vertex -32.4384 -46.8492 835
      vertex -32.3907 -46.5918 800
      vertex -32.3907 -46.5918 835
    endloop
  endfacet
  facet normal 0.983259 -0.182212 0
    outer loop
      vertex -32.3907 -46.5918 800
      vertex -32.4384 -46.8492 835
      vertex -32.4384 -46.8492 800
    endloop
  endfacet
  facet normal 0.688529 0.725209 -0
    outer loop
      vertex -30.8457 -51.3471 800
      vertex -31.0355 -51.1669 835
      vertex -30.8457 -51.3471 835
    endloop
  endfacet
  facet normal 0.688529 0.725209 0
    outer loop
      vertex -31.0355 -51.1669 835
      vertex -30.8457 -51.3471 800
      vertex -31.0355 -51.1669 800
    endloop
  endfacet
  facet normal 0.649343 -0.760495 0
    outer loop
      vertex -30.8457 -43.9157 800
      vertex -30.6466 -43.7457 835
      vertex -30.8457 -43.9157 835
    endloop
  endfacet
  facet normal 0.649343 -0.760495 0
    outer loop
      vertex -30.6466 -43.7457 835
      vertex -30.8457 -43.9157 800
      vertex -30.6466 -43.7457 800
    endloop
  endfacet
  facet normal -0.983259 -0.182212 0
    outer loop
      vertex -22.5616 -46.8492 800
      vertex -22.6093 -46.5918 835
      vertex -22.6093 -46.5918 800
    endloop
  endfacet
  facet normal -0.983259 -0.182212 0
    outer loop
      vertex -22.6093 -46.5918 835
      vertex -22.5616 -46.8492 800
      vertex -22.5616 -46.8492 835
    endloop
  endfacet
  facet normal -0.824031 -0.566545 0
    outer loop
      vertex -23.3066 -44.9082 800
      vertex -23.4549 -44.6925 835
      vertex -23.4549 -44.6925 800
    endloop
  endfacet
  facet normal -0.824031 -0.566545 0
    outer loop
      vertex -23.4549 -44.6925 835
      vertex -23.3066 -44.9082 800
      vertex -23.3066 -44.9082 835
    endloop
  endfacet
  facet normal -0.878872 0.477058 0
    outer loop
      vertex -23.1699 -50.1314 800
      vertex -23.045 -49.9013 835
      vertex -23.045 -49.9013 800
    endloop
  endfacet
  facet normal -0.878872 0.477058 0
    outer loop
      vertex -23.045 -49.9013 835
      vertex -23.1699 -50.1314 800
      vertex -23.1699 -50.1314 835
    endloop
  endfacet
  facet normal 0.566545 -0.824031 0
    outer loop
      vertex -30.4389 -43.5863 800
      vertex -30.2232 -43.438 835
      vertex -30.4389 -43.5863 835
    endloop
  endfacet
  facet normal 0.566545 -0.824031 0
    outer loop
      vertex -30.2232 -43.438 835
      vertex -30.4389 -43.5863 800
      vertex -30.2232 -43.438 800
    endloop
  endfacet
  facet normal 0.878872 0.477058 0
    outer loop
      vertex -31.8301 -50.1314 835
      vertex -31.955 -49.9013 800
      vertex -31.955 -49.9013 835
    endloop
  endfacet
  facet normal 0.878872 0.477058 0
    outer loop
      vertex -31.955 -49.9013 800
      vertex -31.8301 -50.1314 835
      vertex -31.8301 -50.1314 800
    endloop
  endfacet
  facet normal 0.852771 0.522284 0
    outer loop
      vertex -31.6934 -50.3546 835
      vertex -31.8301 -50.1314 800
      vertex -31.8301 -50.1314 835
    endloop
  endfacet
  facet normal 0.852771 0.522284 0
    outer loop
      vertex -31.8301 -50.1314 800
      vertex -31.6934 -50.3546 835
      vertex -31.6934 -50.3546 800
    endloop
  endfacet
  facet normal -0.522284 -0.852771 0
    outer loop
      vertex -25 -43.3013 800
      vertex -24.7768 -43.438 835
      vertex -25 -43.3013 835
    endloop
  endfacet
  facet normal -0.522284 -0.852771 -0
    outer loop
      vertex -24.7768 -43.438 835
      vertex -25 -43.3013 800
      vertex -24.7768 -43.438 800
    endloop
  endfacet
  facet normal -0.608824 -0.793305 0
    outer loop
      vertex -24.5611 -43.5863 800
      vertex -24.3534 -43.7457 835
      vertex -24.5611 -43.5863 835
    endloop
  endfacet
  facet normal -0.608824 -0.793305 -0
    outer loop
      vertex -24.3534 -43.7457 835
      vertex -24.5611 -43.5863 800
      vertex -24.3534 -43.7457 800
    endloop
  endfacet
  facet normal 0.996927 0.0783327 0
    outer loop
      vertex -32.4726 -48.154 835
      vertex -32.4931 -47.8931 800
      vertex -32.4931 -47.8931 835
    endloop
  endfacet
  facet normal 0.996927 0.0783327 0
    outer loop
      vertex -32.4931 -47.8931 800
      vertex -32.4726 -48.154 835
      vertex -32.4726 -48.154 800
    endloop
  endfacet
  facet normal 0.852771 -0.522284 0
    outer loop
      vertex -31.8301 -45.1314 835
      vertex -31.6934 -44.9082 800
      vertex -31.6934 -44.9082 835
    endloop
  endfacet
  facet normal 0.852771 -0.522284 0
    outer loop
      vertex -31.6934 -44.9082 800
      vertex -31.8301 -45.1314 835
      vertex -31.8301 -45.1314 800
    endloop
  endfacet
  facet normal -0.983259 0.182212 0
    outer loop
      vertex -22.6093 -48.671 800
      vertex -22.5616 -48.4136 835
      vertex -22.5616 -48.4136 800
    endloop
  endfacet
  facet normal -0.983259 0.182212 0
    outer loop
      vertex -22.5616 -48.4136 835
      vertex -22.6093 -48.671 800
      vertex -22.6093 -48.671 835
    endloop
  endfacet
  facet normal 0.999653 0.0263569 0
    outer loop
      vertex -32.4931 -47.8931 835
      vertex -32.5 -47.6314 800
      vertex -32.5 -47.6314 835
    endloop
  endfacet
  facet normal 0.999653 0.0263569 0
    outer loop
      vertex -32.5 -47.6314 800
      vertex -32.4931 -47.8931 835
      vertex -32.4931 -47.8931 800
    endloop
  endfacet
  facet normal 0.0787125 -0.996897 0
    outer loop
      vertex -28.0226 -42.6588 800
      vertex -27.7617 -42.6382 835
      vertex -28.0226 -42.6588 835
    endloop
  endfacet
  facet normal 0.0787125 -0.996897 0
    outer loop
      vertex -27.7617 -42.6382 835
      vertex -28.0226 -42.6588 800
      vertex -27.7617 -42.6382 800
    endloop
  endfacet
  facet normal -0.688529 -0.725209 0
    outer loop
      vertex -24.1543 -43.9157 800
      vertex -23.9645 -44.0959 835
      vertex -24.1543 -43.9157 835
    endloop
  endfacet
  facet normal -0.688529 -0.725209 -0
    outer loop
      vertex -23.9645 -44.0959 835
      vertex -24.1543 -43.9157 800
      vertex -23.9645 -44.0959 800
    endloop
  endfacet
  facet normal -0.182212 -0.983259 0
    outer loop
      vertex -26.7178 -42.693 800
      vertex -26.4604 -42.7407 835
      vertex -26.7178 -42.693 835
    endloop
  endfacet
  facet normal -0.182212 -0.983259 -0
    outer loop
      vertex -26.4604 -42.7407 835
      vertex -26.7178 -42.693 800
      vertex -26.4604 -42.7407 800
    endloop
  endfacet
  facet normal -0.999653 0.0263569 0
    outer loop
      vertex -22.5069 -47.8931 800
      vertex -22.5 -47.6314 835
      vertex -22.5 -47.6314 800
    endloop
  endfacet
  facet normal -0.999653 0.0263569 0
    outer loop
      vertex -22.5 -47.6314 835
      vertex -22.5069 -47.8931 800
      vertex -22.5069 -47.8931 835
    endloop
  endfacet
  facet normal -0.0259752 -0.999663 0
    outer loop
      vertex -27.5 -42.6314 800
      vertex -27.2383 -42.6382 835
      vertex -27.5 -42.6314 835
    endloop
  endfacet
  facet normal -0.0259752 -0.999663 -0
    outer loop
      vertex -27.2383 -42.6382 835
      vertex -27.5 -42.6314 800
      vertex -27.2383 -42.6382 800
    endloop
  endfacet
  facet normal -0.608824 0.793305 0
    outer loop
      vertex 30.6466 -51.5171 800
      vertex 30.4389 -51.6765 835
      vertex 30.6466 -51.5171 835
    endloop
  endfacet
  facet normal -0.608824 0.793305 0
    outer loop
      vertex 30.4389 -51.6765 835
      vertex 30.6466 -51.5171 800
      vertex 30.4389 -51.6765 800
    endloop
  endfacet
  facet normal 0.566545 -0.824031 0
    outer loop
      vertex 24.5611 -43.5863 800
      vertex 24.7768 -43.438 835
      vertex 24.5611 -43.5863 835
    endloop
  endfacet
  facet normal 0.566545 -0.824031 0
    outer loop
      vertex 24.7768 -43.438 835
      vertex 24.5611 -43.5863 800
      vertex 24.7768 -43.438 800
    endloop
  endfacet
  facet normal 0.760495 0.649343 0
    outer loop
      vertex 23.7843 -50.9771 835
      vertex 23.6143 -50.778 800
      vertex 23.6143 -50.778 835
    endloop
  endfacet
  facet normal 0.760495 0.649343 0
    outer loop
      vertex 23.6143 -50.778 800
      vertex 23.7843 -50.9771 835
      vertex 23.7843 -50.9771 800
    endloop
  endfacet
  facet normal 0.522562 0.852601 -0
    outer loop
      vertex 25 -51.9615 800
      vertex 24.7768 -51.8247 835
      vertex 25 -51.9615 835
    endloop
  endfacet
  facet normal 0.522562 0.852601 0
    outer loop
      vertex 24.7768 -51.8247 835
      vertex 25 -51.9615 800
      vertex 24.7768 -51.8247 800
    endloop
  endfacet
  facet normal -0.333939 -0.942595 0
    outer loop
      vertex 29.0451 -42.8761 800
      vertex 29.2918 -42.9635 835
      vertex 29.0451 -42.8761 835
    endloop
  endfacet
  facet normal -0.333939 -0.942595 -0
    outer loop
      vertex 29.2918 -42.9635 835
      vertex 29.0451 -42.8761 800
      vertex 29.2918 -42.9635 800
    endloop
  endfacet
  facet normal -0.824031 0.566545 0
    outer loop
      vertex 31.5451 -50.5703 800
      vertex 31.6934 -50.3546 835
      vertex 31.6934 -50.3546 800
    endloop
  endfacet
  facet normal -0.824031 0.566545 0
    outer loop
      vertex 31.6934 -50.3546 835
      vertex 31.5451 -50.5703 800
      vertex 31.5451 -50.5703 835
    endloop
  endfacet
  facet normal 0.97237 0.233445 0
    outer loop
      vertex 22.6704 -48.9255 835
      vertex 22.6093 -48.671 800
      vertex 22.6093 -48.671 835
    endloop
  endfacet
  facet normal 0.97237 0.233445 0
    outer loop
      vertex 22.6093 -48.671 800
      vertex 22.6704 -48.9255 835
      vertex 22.6704 -48.9255 800
    endloop
  endfacet
  facet normal 0.233445 -0.97237 0
    outer loop
      vertex 26.2059 -42.8018 800
      vertex 26.4604 -42.7407 835
      vertex 26.2059 -42.8018 835
    endloop
  endfacet
  facet normal 0.233445 -0.97237 0
    outer loop
      vertex 26.4604 -42.7407 835
      vertex 26.2059 -42.8018 800
      vertex 26.4604 -42.7407 800
    endloop
  endfacet
  facet normal 0.430482 0.902599 -0
    outer loop
      vertex 25.4663 -52.1991 800
      vertex 25.23 -52.0864 835
      vertex 25.4663 -52.1991 835
    endloop
  endfacet
  facet normal 0.430482 0.902599 0
    outer loop
      vertex 25.23 -52.0864 835
      vertex 25.4663 -52.1991 800
      vertex 25.23 -52.0864 800
    endloop
  endfacet
  facet normal -0.283841 0.958871 0
    outer loop
      vertex 29.0451 -52.3867 800
      vertex 28.7941 -52.461 835
      vertex 29.0451 -52.3867 835
    endloop
  endfacet
  facet normal -0.283841 0.958871 0
    outer loop
      vertex 28.7941 -52.461 835
      vertex 29.0451 -52.3867 800
      vertex 28.7941 -52.461 800
    endloop
  endfacet
  facet normal 0.996927 -0.0783327 0
    outer loop
      vertex 22.5069 -47.3697 835
      vertex 22.5274 -47.1088 800
      vertex 22.5274 -47.1088 835
    endloop
  endfacet
  facet normal 0.996927 -0.0783327 0
    outer loop
      vertex 22.5274 -47.1088 800
      vertex 22.5069 -47.3697 835
      vertex 22.5069 -47.3697 800
    endloop
  endfacet
  facet normal -0.942595 -0.333939 0
    outer loop
      vertex 32.2553 -46.0863 800
      vertex 32.1679 -45.8396 835
      vertex 32.1679 -45.8396 800
    endloop
  endfacet
  facet normal -0.942595 -0.333939 0
    outer loop
      vertex 32.1679 -45.8396 835
      vertex 32.2553 -46.0863 800
      vertex 32.2553 -46.0863 835
    endloop
  endfacet
  facet normal -0.793305 0.608824 0
    outer loop
      vertex 31.3857 -50.778 800
      vertex 31.5451 -50.5703 835
      vertex 31.5451 -50.5703 800
    endloop
  endfacet
  facet normal -0.793305 0.608824 0
    outer loop
      vertex 31.5451 -50.5703 835
      vertex 31.3857 -50.778 800
      vertex 31.3857 -50.778 835
    endloop
  endfacet
  facet normal -0.522562 0.852601 0
    outer loop
      vertex 30.2232 -51.8247 800
      vertex 30 -51.9615 835
      vertex 30.2232 -51.8247 835
    endloop
  endfacet
  facet normal -0.522562 0.852601 0
    outer loop
      vertex 30 -51.9615 835
      vertex 30.2232 -51.8247 800
      vertex 30 -51.9615 800
    endloop
  endfacet
  facet normal -0.991433 -0.130613 0
    outer loop
      vertex 32.4726 -47.1088 800
      vertex 32.4384 -46.8492 835
      vertex 32.4384 -46.8492 800
    endloop
  endfacet
  facet normal -0.991433 -0.130613 0
    outer loop
      vertex 32.4384 -46.8492 835
      vertex 32.4726 -47.1088 800
      vertex 32.4726 -47.1088 835
    endloop
  endfacet
  facet normal -0.760495 0.649343 0
    outer loop
      vertex 31.2157 -50.9771 800
      vertex 31.3857 -50.778 835
      vertex 31.3857 -50.778 800
    endloop
  endfacet
  facet normal -0.760495 0.649343 0
    outer loop
      vertex 31.3857 -50.778 835
      vertex 31.2157 -50.9771 800
      vertex 31.2157 -50.9771 835
    endloop
  endfacet
  facet normal 0.182212 0.983259 -0
    outer loop
      vertex 26.7178 -52.5698 800
      vertex 26.4604 -52.5221 835
      vertex 26.7178 -52.5698 835
    endloop
  endfacet
  facet normal 0.182212 0.983259 0
    outer loop
      vertex 26.4604 -52.5221 835
      vertex 26.7178 -52.5698 800
      vertex 26.4604 -52.5221 800
    endloop
  endfacet
  facet normal 0.725209 0.688529 0
    outer loop
      vertex 23.9645 -51.1669 835
      vertex 23.7843 -50.9771 800
      vertex 23.7843 -50.9771 835
    endloop
  endfacet
  facet normal 0.725209 0.688529 0
    outer loop
      vertex 23.7843 -50.9771 800
      vertex 23.9645 -51.1669 835
      vertex 23.9645 -51.1669 800
    endloop
  endfacet
  facet normal 0.333939 -0.942595 0
    outer loop
      vertex 25.7082 -42.9635 800
      vertex 25.9549 -42.8761 835
      vertex 25.7082 -42.9635 835
    endloop
  endfacet
  facet normal 0.333939 -0.942595 0
    outer loop
      vertex 25.9549 -42.8761 835
      vertex 25.7082 -42.9635 800
      vertex 25.9549 -42.8761 800
    endloop
  endfacet
  facet normal 0.649343 0.760495 -0
    outer loop
      vertex 24.3534 -51.5171 800
      vertex 24.1543 -51.3471 835
      vertex 24.3534 -51.5171 835
    endloop
  endfacet
  facet normal 0.649343 0.760495 0
    outer loop
      vertex 24.1543 -51.3471 835
      vertex 24.3534 -51.5171 800
      vertex 24.1543 -51.3471 800
    endloop
  endfacet
  facet normal -0.0787125 -0.996897 0
    outer loop
      vertex 27.7617 -42.6382 800
      vertex 28.0226 -42.6588 835
      vertex 27.7617 -42.6382 835
    endloop
  endfacet
  facet normal -0.0787125 -0.996897 -0
    outer loop
      vertex 28.0226 -42.6588 835
      vertex 27.7617 -42.6382 800
      vertex 28.0226 -42.6588 800
    endloop
  endfacet
  facet normal -0.233445 -0.97237 0
    outer loop
      vertex 28.5396 -42.7407 800
      vertex 28.7941 -42.8018 835
      vertex 28.5396 -42.7407 835
    endloop
  endfacet
  facet normal -0.233445 -0.97237 -0
    outer loop
      vertex 28.7941 -42.8018 835
      vertex 28.5396 -42.7407 800
      vertex 28.7941 -42.8018 800
    endloop
  endfacet
  facet normal 0.430482 -0.902599 0
    outer loop
      vertex 25.23 -43.1764 800
      vertex 25.4663 -43.0637 835
      vertex 25.23 -43.1764 835
    endloop
  endfacet
  facet normal 0.430482 -0.902599 0
    outer loop
      vertex 25.4663 -43.0637 835
      vertex 25.23 -43.1764 800
      vertex 25.4663 -43.0637 800
    endloop
  endfacet
  facet normal -0.608824 -0.793305 0
    outer loop
      vertex 30.4389 -43.5863 800
      vertex 30.6466 -43.7457 835
      vertex 30.4389 -43.5863 835
    endloop
  endfacet
  facet normal -0.608824 -0.793305 -0
    outer loop
      vertex 30.6466 -43.7457 835
      vertex 30.4389 -43.5863 800
      vertex 30.6466 -43.7457 800
    endloop
  endfacet
  facet normal 0.999653 -0.0263569 0
    outer loop
      vertex 22.5 -47.6314 835
      vertex 22.5069 -47.3697 800
      vertex 22.5069 -47.3697 835
    endloop
  endfacet
  facet normal 0.999653 -0.0263569 0
    outer loop
      vertex 22.5069 -47.3697 800
      vertex 22.5 -47.6314 835
      vertex 22.5 -47.6314 800
    endloop
  endfacet
  facet normal 0.824031 0.566545 0
    outer loop
      vertex 23.4549 -50.5703 835
      vertex 23.3066 -50.3546 800
      vertex 23.3066 -50.3546 835
    endloop
  endfacet
  facet normal 0.824031 0.566545 0
    outer loop
      vertex 23.3066 -50.3546 800
      vertex 23.4549 -50.5703 835
      vertex 23.4549 -50.5703 800
    endloop
  endfacet
  facet normal -0.902528 0.430631 0
    outer loop
      vertex 31.955 -49.9013 800
      vertex 32.0677 -49.6651 835
      vertex 32.0677 -49.6651 800
    endloop
  endfacet
  facet normal -0.902528 0.430631 0
    outer loop
      vertex 32.0677 -49.6651 835
      vertex 31.955 -49.9013 800
      vertex 31.955 -49.9013 835
    endloop
  endfacet
  facet normal 0.382689 -0.923877 0
    outer loop
      vertex 25.4663 -43.0637 800
      vertex 25.7082 -42.9635 835
      vertex 25.4663 -43.0637 835
    endloop
  endfacet
  facet normal 0.382689 -0.923877 0
    outer loop
      vertex 25.7082 -42.9635 835
      vertex 25.4663 -43.0637 800
      vertex 25.7082 -42.9635 800
    endloop
  endfacet
  facet normal 0.130613 0.991433 -0
    outer loop
      vertex 26.9774 -52.604 800
      vertex 26.7178 -52.5698 835
      vertex 26.9774 -52.604 835
    endloop
  endfacet
  facet normal 0.130613 0.991433 0
    outer loop
      vertex 26.7178 -52.5698 835
      vertex 26.9774 -52.604 800
      vertex 26.7178 -52.5698 800
    endloop
  endfacet
  facet normal -0.760495 -0.649343 0
    outer loop
      vertex 31.3857 -44.4848 800
      vertex 31.2157 -44.2857 835
      vertex 31.2157 -44.2857 800
    endloop
  endfacet
  facet normal -0.760495 -0.649343 0
    outer loop
      vertex 31.2157 -44.2857 835
      vertex 31.3857 -44.4848 800
      vertex 31.3857 -44.4848 835
    endloop
  endfacet
  facet normal 0.902528 0.430631 0
    outer loop
      vertex 23.045 -49.9013 835
      vertex 22.9323 -49.6651 800
      vertex 22.9323 -49.6651 835
    endloop
  endfacet
  facet normal 0.902528 0.430631 0
    outer loop
      vertex 22.9323 -49.6651 800
      vertex 23.045 -49.9013 835
      vertex 23.045 -49.9013 800
    endloop
  endfacet
  facet normal -0.923877 -0.382689 0
    outer loop
      vertex 32.1679 -45.8396 800
      vertex 32.0677 -45.5977 835
      vertex 32.0677 -45.5977 800
    endloop
  endfacet
  facet normal -0.923877 -0.382689 0
    outer loop
      vertex 32.0677 -45.5977 835
      vertex 32.1679 -45.8396 800
      vertex 32.1679 -45.8396 835
    endloop
  endfacet
  facet normal -0.958871 -0.283841 0
    outer loop
      vertex 32.3296 -46.3373 800
      vertex 32.2553 -46.0863 835
      vertex 32.2553 -46.0863 800
    endloop
  endfacet
  facet normal -0.958871 -0.283841 0
    outer loop
      vertex 32.2553 -46.0863 835
      vertex 32.3296 -46.3373 800
      vertex 32.3296 -46.3373 835
    endloop
  endfacet
  facet normal -0.0259752 -0.999663 0
    outer loop
      vertex 27.5 -42.6314 800
      vertex 27.7617 -42.6382 835
      vertex 27.5 -42.6314 835
    endloop
  endfacet
  facet normal -0.0259752 -0.999663 -0
    outer loop
      vertex 27.7617 -42.6382 835
      vertex 27.5 -42.6314 800
      vertex 27.7617 -42.6382 800
    endloop
  endfacet
  facet normal 0.923877 -0.382689 0
    outer loop
      vertex 22.8321 -45.8396 835
      vertex 22.9323 -45.5977 800
      vertex 22.9323 -45.5977 835
    endloop
  endfacet
  facet normal 0.923877 -0.382689 0
    outer loop
      vertex 22.9323 -45.5977 800
      vertex 22.8321 -45.8396 835
      vertex 22.8321 -45.8396 800
    endloop
  endfacet
  facet normal -0.824031 -0.566545 0
    outer loop
      vertex 31.6934 -44.9082 800
      vertex 31.5451 -44.6925 835
      vertex 31.5451 -44.6925 800
    endloop
  endfacet
  facet normal -0.824031 -0.566545 0
    outer loop
      vertex 31.5451 -44.6925 835
      vertex 31.6934 -44.9082 800
      vertex 31.6934 -44.9082 835
    endloop
  endfacet
  facet normal -0.688529 -0.725209 0
    outer loop
      vertex 30.8457 -43.9157 800
      vertex 31.0355 -44.0959 835
      vertex 30.8457 -43.9157 835
    endloop
  endfacet
  facet normal -0.688529 -0.725209 -0
    outer loop
      vertex 31.0355 -44.0959 835
      vertex 30.8457 -43.9157 800
      vertex 31.0355 -44.0959 800
    endloop
  endfacet
  facet normal 0.97237 -0.233445 0
    outer loop
      vertex 22.6093 -46.5918 835
      vertex 22.6704 -46.3373 800
      vertex 22.6704 -46.3373 835
    endloop
  endfacet
  facet normal 0.97237 -0.233445 0
    outer loop
      vertex 22.6704 -46.3373 800
      vertex 22.6093 -46.5918 835
      vertex 22.6093 -46.5918 800
    endloop
  endfacet
  facet normal -0.852771 0.522284 0
    outer loop
      vertex 31.6934 -50.3546 800
      vertex 31.8301 -50.1314 835
      vertex 31.8301 -50.1314 800
    endloop
  endfacet
  facet normal -0.852771 0.522284 0
    outer loop
      vertex 31.8301 -50.1314 835
      vertex 31.6934 -50.3546 800
      vertex 31.6934 -50.3546 835
    endloop
  endfacet
  facet normal 0.688529 -0.725209 0
    outer loop
      vertex 23.9645 -44.0959 800
      vertex 24.1543 -43.9157 835
      vertex 23.9645 -44.0959 835
    endloop
  endfacet
  facet normal 0.688529 -0.725209 0
    outer loop
      vertex 24.1543 -43.9157 835
      vertex 23.9645 -44.0959 800
      vertex 24.1543 -43.9157 800
    endloop
  endfacet
  facet normal 0.688529 0.725209 -0
    outer loop
      vertex 24.1543 -51.3471 800
      vertex 23.9645 -51.1669 835
      vertex 24.1543 -51.3471 835
    endloop
  endfacet
  facet normal 0.688529 0.725209 0
    outer loop
      vertex 23.9645 -51.1669 835
      vertex 24.1543 -51.3471 800
      vertex 23.9645 -51.1669 800
    endloop
  endfacet
  facet normal -0.97237 0.233445 0
    outer loop
      vertex 32.3296 -48.9255 800
      vertex 32.3907 -48.671 835
      vertex 32.3907 -48.671 800
    endloop
  endfacet
  facet normal -0.97237 0.233445 0
    outer loop
      vertex 32.3907 -48.671 835
      vertex 32.3296 -48.9255 800
      vertex 32.3296 -48.9255 835
    endloop
  endfacet
  facet normal 0.958871 -0.283841 0
    outer loop
      vertex 22.6704 -46.3373 835
      vertex 22.7447 -46.0863 800
      vertex 22.7447 -46.0863 835
    endloop
  endfacet
  facet normal 0.958871 -0.283841 0
    outer loop
      vertex 22.7447 -46.0863 800
      vertex 22.6704 -46.3373 835
      vertex 22.6704 -46.3373 800
    endloop
  endfacet
  facet normal -0.382689 0.923877 0
    outer loop
      vertex 29.5337 -52.1991 800
      vertex 29.2918 -52.2993 835
      vertex 29.5337 -52.1991 835
    endloop
  endfacet
  facet normal -0.382689 0.923877 0
    outer loop
      vertex 29.2918 -52.2993 835
      vertex 29.5337 -52.1991 800
      vertex 29.2918 -52.2993 800
    endloop
  endfacet
  facet normal -0.793305 -0.608824 0
    outer loop
      vertex 31.5451 -44.6925 800
      vertex 31.3857 -44.4848 835
      vertex 31.3857 -44.4848 800
    endloop
  endfacet
  facet normal -0.793305 -0.608824 0
    outer loop
      vertex 31.3857 -44.4848 835
      vertex 31.5451 -44.6925 800
      vertex 31.5451 -44.6925 835
    endloop
  endfacet
  facet normal -0.958871 0.283841 0
    outer loop
      vertex 32.2553 -49.1765 800
      vertex 32.3296 -48.9255 835
      vertex 32.3296 -48.9255 800
    endloop
  endfacet
  facet normal -0.958871 0.283841 0
    outer loop
      vertex 32.3296 -48.9255 835
      vertex 32.2553 -49.1765 800
      vertex 32.2553 -49.1765 835
    endloop
  endfacet
  facet normal -0.878785 -0.477218 0
    outer loop
      vertex 31.955 -45.3614 800
      vertex 31.8301 -45.1314 835
      vertex 31.8301 -45.1314 800
    endloop
  endfacet
  facet normal -0.878785 -0.477218 0
    outer loop
      vertex 31.8301 -45.1314 835
      vertex 31.955 -45.3614 800
      vertex 31.955 -45.3614 835
    endloop
  endfacet
  facet normal 0.923877 0.382689 0
    outer loop
      vertex 22.9323 -49.6651 835
      vertex 22.8321 -49.4232 800
      vertex 22.8321 -49.4232 835
    endloop
  endfacet
  facet normal 0.923877 0.382689 0
    outer loop
      vertex 22.8321 -49.4232 800
      vertex 22.9323 -49.6651 835
      vertex 22.9323 -49.6651 800
    endloop
  endfacet
  facet normal -0.942595 0.333939 0
    outer loop
      vertex 32.1679 -49.4232 800
      vertex 32.2553 -49.1765 835
      vertex 32.2553 -49.1765 800
    endloop
  endfacet
  facet normal -0.942595 0.333939 0
    outer loop
      vertex 32.2553 -49.1765 835
      vertex 32.1679 -49.4232 800
      vertex 32.1679 -49.4232 835
    endloop
  endfacet
  facet normal -0.477218 -0.878785 0
    outer loop
      vertex 29.77 -43.1764 800
      vertex 30 -43.3013 835
      vertex 29.77 -43.1764 835
    endloop
  endfacet
  facet normal -0.477218 -0.878785 -0
    outer loop
      vertex 30 -43.3013 835
      vertex 29.77 -43.1764 800
      vertex 30 -43.3013 800
    endloop
  endfacet
  facet normal 0.793305 0.608824 0
    outer loop
      vertex 23.6143 -50.778 835
      vertex 23.4549 -50.5703 800
      vertex 23.4549 -50.5703 835
    endloop
  endfacet
  facet normal 0.793305 0.608824 0
    outer loop
      vertex 23.4549 -50.5703 800
      vertex 23.6143 -50.778 835
      vertex 23.6143 -50.778 800
    endloop
  endfacet
  facet normal -0.182212 0.983259 0
    outer loop
      vertex 28.5396 -52.5221 800
      vertex 28.2822 -52.5698 835
      vertex 28.5396 -52.5221 835
    endloop
  endfacet
  facet normal -0.182212 0.983259 0
    outer loop
      vertex 28.2822 -52.5698 835
      vertex 28.5396 -52.5221 800
      vertex 28.2822 -52.5698 800
    endloop
  endfacet
  facet normal -0.999653 0.0263569 0
    outer loop
      vertex 32.4931 -47.8931 800
      vertex 32.5 -47.6314 835
      vertex 32.5 -47.6314 800
    endloop
  endfacet
  facet normal -0.999653 0.0263569 0
    outer loop
      vertex 32.5 -47.6314 835
      vertex 32.4931 -47.8931 800
      vertex 32.4931 -47.8931 835
    endloop
  endfacet
  facet normal -0.97237 -0.233445 0
    outer loop
      vertex 32.3907 -46.5918 800
      vertex 32.3296 -46.3373 835
      vertex 32.3296 -46.3373 800
    endloop
  endfacet
  facet normal -0.97237 -0.233445 0
    outer loop
      vertex 32.3296 -46.3373 835
      vertex 32.3907 -46.5918 800
      vertex 32.3907 -46.5918 835
    endloop
  endfacet
  facet normal -0.566286 0.824209 0
    outer loop
      vertex 30.4389 -51.6765 800
      vertex 30.2232 -51.8247 835
      vertex 30.4389 -51.6765 835
    endloop
  endfacet
  facet normal -0.566286 0.824209 0
    outer loop
      vertex 30.2232 -51.8247 835
      vertex 30.4389 -51.6765 800
      vertex 30.2232 -51.8247 800
    endloop
  endfacet
  facet normal 0.999653 0.0263569 0
    outer loop
      vertex 22.5069 -47.8931 835
      vertex 22.5 -47.6314 800
      vertex 22.5 -47.6314 835
    endloop
  endfacet
  facet normal 0.999653 0.0263569 0
    outer loop
      vertex 22.5 -47.6314 800
      vertex 22.5069 -47.8931 835
      vertex 22.5069 -47.8931 800
    endloop
  endfacet
  facet normal 0.983259 -0.182212 0
    outer loop
      vertex 22.5616 -46.8492 835
      vertex 22.6093 -46.5918 800
      vertex 22.6093 -46.5918 835
    endloop
  endfacet
  facet normal 0.983259 -0.182212 0
    outer loop
      vertex 22.6093 -46.5918 800
      vertex 22.5616 -46.8492 835
      vertex 22.5616 -46.8492 800
    endloop
  endfacet
  facet normal -0.430482 0.902599 0
    outer loop
      vertex 29.77 -52.0864 800
      vertex 29.5337 -52.1991 835
      vertex 29.77 -52.0864 835
    endloop
  endfacet
  facet normal -0.430482 0.902599 0
    outer loop
      vertex 29.5337 -52.1991 835
      vertex 29.77 -52.0864 800
      vertex 29.5337 -52.1991 800
    endloop
  endfacet
  facet normal 0.0783327 0.996927 -0
    outer loop
      vertex 27.2383 -52.6245 800
      vertex 26.9774 -52.604 835
      vertex 27.2383 -52.6245 835
    endloop
  endfacet
  facet normal 0.0783327 0.996927 0
    outer loop
      vertex 26.9774 -52.604 835
      vertex 27.2383 -52.6245 800
      vertex 26.9774 -52.604 800
    endloop
  endfacet
  facet normal -0.725209 -0.688529 0
    outer loop
      vertex 31.2157 -44.2857 800
      vertex 31.0355 -44.0959 835
      vertex 31.0355 -44.0959 800
    endloop
  endfacet
  facet normal -0.725209 -0.688529 0
    outer loop
      vertex 31.0355 -44.0959 835
      vertex 31.2157 -44.2857 800
      vertex 31.2157 -44.2857 835
    endloop
  endfacet
  facet normal -0.477218 0.878785 0
    outer loop
      vertex 30 -51.9615 800
      vertex 29.77 -52.0864 835
      vertex 30 -51.9615 835
    endloop
  endfacet
  facet normal -0.477218 0.878785 0
    outer loop
      vertex 29.77 -52.0864 835
      vertex 30 -51.9615 800
      vertex 29.77 -52.0864 800
    endloop
  endfacet
  facet normal 0.130613 -0.991433 0
    outer loop
      vertex 26.7178 -42.693 800
      vertex 26.9774 -42.6588 835
      vertex 26.7178 -42.693 835
    endloop
  endfacet
  facet normal 0.130613 -0.991433 0
    outer loop
      vertex 26.9774 -42.6588 835
      vertex 26.7178 -42.693 800
      vertex 26.9774 -42.6588 800
    endloop
  endfacet
  facet normal -0.283841 -0.958871 0
    outer loop
      vertex 28.7941 -42.8018 800
      vertex 29.0451 -42.8761 835
      vertex 28.7941 -42.8018 835
    endloop
  endfacet
  facet normal -0.283841 -0.958871 -0
    outer loop
      vertex 29.0451 -42.8761 835
      vertex 28.7941 -42.8018 800
      vertex 29.0451 -42.8761 800
    endloop
  endfacet
  facet normal -0.878872 0.477058 0
    outer loop
      vertex 31.8301 -50.1314 800
      vertex 31.955 -49.9013 835
      vertex 31.955 -49.9013 800
    endloop
  endfacet
  facet normal -0.878872 0.477058 0
    outer loop
      vertex 31.955 -49.9013 835
      vertex 31.8301 -50.1314 800
      vertex 31.8301 -50.1314 835
    endloop
  endfacet
  facet normal 0.566286 0.824209 -0
    outer loop
      vertex 24.7768 -51.8247 800
      vertex 24.5611 -51.6765 835
      vertex 24.7768 -51.8247 835
    endloop
  endfacet
  facet normal 0.566286 0.824209 0
    outer loop
      vertex 24.5611 -51.6765 835
      vertex 24.7768 -51.8247 800
      vertex 24.5611 -51.6765 800
    endloop
  endfacet
  facet normal -0.649343 0.760495 0
    outer loop
      vertex 30.8457 -51.3471 800
      vertex 30.6466 -51.5171 835
      vertex 30.8457 -51.3471 835
    endloop
  endfacet
  facet normal -0.649343 0.760495 0
    outer loop
      vertex 30.6466 -51.5171 835
      vertex 30.8457 -51.3471 800
      vertex 30.6466 -51.5171 800
    endloop
  endfacet
  facet normal 0.608824 0.793305 -0
    outer loop
      vertex 24.5611 -51.6765 800
      vertex 24.3534 -51.5171 835
      vertex 24.5611 -51.6765 835
    endloop
  endfacet
  facet normal 0.608824 0.793305 0
    outer loop
      vertex 24.3534 -51.5171 835
      vertex 24.5611 -51.6765 800
      vertex 24.3534 -51.5171 800
    endloop
  endfacet
  facet normal -0.983259 0.182212 0
    outer loop
      vertex 32.3907 -48.671 800
      vertex 32.4384 -48.4136 835
      vertex 32.4384 -48.4136 800
    endloop
  endfacet
  facet normal -0.983259 0.182212 0
    outer loop
      vertex 32.4384 -48.4136 835
      vertex 32.3907 -48.671 800
      vertex 32.3907 -48.671 835
    endloop
  endfacet
  facet normal -0.233445 0.97237 0
    outer loop
      vertex 28.7941 -52.461 800
      vertex 28.5396 -52.5221 835
      vertex 28.7941 -52.461 835
    endloop
  endfacet
  facet normal -0.233445 0.97237 0
    outer loop
      vertex 28.5396 -52.5221 835
      vertex 28.7941 -52.461 800
      vertex 28.5396 -52.5221 800
    endloop
  endfacet
  facet normal -0.688529 0.725209 0
    outer loop
      vertex 31.0355 -51.1669 800
      vertex 30.8457 -51.3471 835
      vertex 31.0355 -51.1669 835
    endloop
  endfacet
  facet normal -0.688529 0.725209 0
    outer loop
      vertex 30.8457 -51.3471 835
      vertex 31.0355 -51.1669 800
      vertex 30.8457 -51.3471 800
    endloop
  endfacet
  facet normal 0.725209 -0.688529 0
    outer loop
      vertex 23.7843 -44.2857 835
      vertex 23.9645 -44.0959 800
      vertex 23.9645 -44.0959 835
    endloop
  endfacet
  facet normal 0.725209 -0.688529 0
    outer loop
      vertex 23.9645 -44.0959 800
      vertex 23.7843 -44.2857 835
      vertex 23.7843 -44.2857 800
    endloop
  endfacet
  facet normal -0.996927 0.0783327 0
    outer loop
      vertex 32.4726 -48.154 800
      vertex 32.4931 -47.8931 835
      vertex 32.4931 -47.8931 800
    endloop
  endfacet
  facet normal -0.996927 0.0783327 0
    outer loop
      vertex 32.4931 -47.8931 835
      vertex 32.4726 -48.154 800
      vertex 32.4726 -48.154 835
    endloop
  endfacet
  facet normal 0.878872 0.477058 0
    outer loop
      vertex 23.1699 -50.1314 835
      vertex 23.045 -49.9013 800
      vertex 23.045 -49.9013 835
    endloop
  endfacet
  facet normal 0.878872 0.477058 0
    outer loop
      vertex 23.045 -49.9013 800
      vertex 23.1699 -50.1314 835
      vertex 23.1699 -50.1314 800
    endloop
  endfacet
  facet normal -0.999653 -0.0263569 0
    outer loop
      vertex 32.5 -47.6314 800
      vertex 32.4931 -47.3697 835
      vertex 32.4931 -47.3697 800
    endloop
  endfacet
  facet normal -0.999653 -0.0263569 0
    outer loop
      vertex 32.4931 -47.3697 835
      vertex 32.5 -47.6314 800
      vertex 32.5 -47.6314 835
    endloop
  endfacet
  facet normal -0.725209 0.688529 0
    outer loop
      vertex 31.0355 -51.1669 800
      vertex 31.2157 -50.9771 835
      vertex 31.2157 -50.9771 800
    endloop
  endfacet
  facet normal -0.725209 0.688529 0
    outer loop
      vertex 31.2157 -50.9771 835
      vertex 31.0355 -51.1669 800
      vertex 31.0355 -51.1669 835
    endloop
  endfacet
  facet normal -0.923877 0.382689 0
    outer loop
      vertex 32.0677 -49.6651 800
      vertex 32.1679 -49.4232 835
      vertex 32.1679 -49.4232 800
    endloop
  endfacet
  facet normal -0.923877 0.382689 0
    outer loop
      vertex 32.1679 -49.4232 835
      vertex 32.0677 -49.6651 800
      vertex 32.0677 -49.6651 835
    endloop
  endfacet
  facet normal 0.477218 -0.878785 0
    outer loop
      vertex 25 -43.3013 800
      vertex 25.23 -43.1764 835
      vertex 25 -43.3013 835
    endloop
  endfacet
  facet normal 0.477218 -0.878785 0
    outer loop
      vertex 25.23 -43.1764 835
      vertex 25 -43.3013 800
      vertex 25.23 -43.1764 800
    endloop
  endfacet
  facet normal -0.902599 -0.430482 0
    outer loop
      vertex 32.0677 -45.5977 800
      vertex 31.955 -45.3614 835
      vertex 31.955 -45.3614 800
    endloop
  endfacet
  facet normal -0.902599 -0.430482 0
    outer loop
      vertex 31.955 -45.3614 835
      vertex 32.0677 -45.5977 800
      vertex 32.0677 -45.5977 835
    endloop
  endfacet
  facet normal -0.996927 -0.0783327 0
    outer loop
      vertex 32.4931 -47.3697 800
      vertex 32.4726 -47.1088 835
      vertex 32.4726 -47.1088 800
    endloop
  endfacet
  facet normal -0.996927 -0.0783327 0
    outer loop
      vertex 32.4726 -47.1088 835
      vertex 32.4931 -47.3697 800
      vertex 32.4931 -47.3697 835
    endloop
  endfacet
  facet normal 0.182212 -0.983259 0
    outer loop
      vertex 26.4604 -42.7407 800
      vertex 26.7178 -42.693 835
      vertex 26.4604 -42.7407 835
    endloop
  endfacet
  facet normal 0.182212 -0.983259 0
    outer loop
      vertex 26.7178 -42.693 835
      vertex 26.4604 -42.7407 800
      vertex 26.7178 -42.693 800
    endloop
  endfacet
  facet normal -0.566545 -0.824031 0
    outer loop
      vertex 30.2232 -43.438 800
      vertex 30.4389 -43.5863 835
      vertex 30.2232 -43.438 835
    endloop
  endfacet
  facet normal -0.566545 -0.824031 -0
    outer loop
      vertex 30.4389 -43.5863 835
      vertex 30.2232 -43.438 800
      vertex 30.4389 -43.5863 800
    endloop
  endfacet
  facet normal 0.942595 -0.333939 0
    outer loop
      vertex 22.7447 -46.0863 835
      vertex 22.8321 -45.8396 800
      vertex 22.8321 -45.8396 835
    endloop
  endfacet
  facet normal 0.942595 -0.333939 0
    outer loop
      vertex 22.8321 -45.8396 800
      vertex 22.7447 -46.0863 835
      vertex 22.7447 -46.0863 800
    endloop
  endfacet
  facet normal -0.991433 0.130613 0
    outer loop
      vertex 32.4384 -48.4136 800
      vertex 32.4726 -48.154 835
      vertex 32.4726 -48.154 800
    endloop
  endfacet
  facet normal -0.991433 0.130613 0
    outer loop
      vertex 32.4726 -48.154 835
      vertex 32.4384 -48.4136 800
      vertex 32.4384 -48.4136 835
    endloop
  endfacet
  facet normal 0.522284 -0.852771 0
    outer loop
      vertex 24.7768 -43.438 800
      vertex 25 -43.3013 835
      vertex 24.7768 -43.438 835
    endloop
  endfacet
  facet normal 0.522284 -0.852771 0
    outer loop
      vertex 25 -43.3013 835
      vertex 24.7768 -43.438 800
      vertex 25 -43.3013 800
    endloop
  endfacet
  facet normal 0.0263569 0.999653 -0
    outer loop
      vertex 27.5 -52.6314 800
      vertex 27.2383 -52.6245 835
      vertex 27.5 -52.6314 835
    endloop
  endfacet
  facet normal 0.0263569 0.999653 0
    outer loop
      vertex 27.2383 -52.6245 835
      vertex 27.5 -52.6314 800
      vertex 27.2383 -52.6245 800
    endloop
  endfacet
  facet normal -0.983259 -0.182212 0
    outer loop
      vertex 32.4384 -46.8492 800
      vertex 32.3907 -46.5918 835
      vertex 32.3907 -46.5918 800
    endloop
  endfacet
  facet normal -0.983259 -0.182212 0
    outer loop
      vertex 32.3907 -46.5918 835
      vertex 32.4384 -46.8492 800
      vertex 32.4384 -46.8492 835
    endloop
  endfacet
  facet normal 0.233445 0.97237 -0
    outer loop
      vertex 26.4604 -52.5221 800
      vertex 26.2059 -52.461 835
      vertex 26.4604 -52.5221 835
    endloop
  endfacet
  facet normal 0.233445 0.97237 0
    outer loop
      vertex 26.2059 -52.461 835
      vertex 26.4604 -52.5221 800
      vertex 26.2059 -52.461 800
    endloop
  endfacet
  facet normal 0.283841 -0.958871 0
    outer loop
      vertex 25.9549 -42.8761 800
      vertex 26.2059 -42.8018 835
      vertex 25.9549 -42.8761 835
    endloop
  endfacet
  facet normal 0.283841 -0.958871 0
    outer loop
      vertex 26.2059 -42.8018 835
      vertex 25.9549 -42.8761 800
      vertex 26.2059 -42.8018 800
    endloop
  endfacet
  facet normal 0.793305 -0.608824 0
    outer loop
      vertex 23.4549 -44.6925 835
      vertex 23.6143 -44.4848 800
      vertex 23.6143 -44.4848 835
    endloop
  endfacet
  facet normal 0.793305 -0.608824 0
    outer loop
      vertex 23.6143 -44.4848 800
      vertex 23.4549 -44.6925 835
      vertex 23.4549 -44.6925 800
    endloop
  endfacet
  facet normal -0.130613 -0.991433 0
    outer loop
      vertex 28.0226 -42.6588 800
      vertex 28.2822 -42.693 835
      vertex 28.0226 -42.6588 835
    endloop
  endfacet
  facet normal -0.130613 -0.991433 -0
    outer loop
      vertex 28.2822 -42.693 835
      vertex 28.0226 -42.6588 800
      vertex 28.2822 -42.693 800
    endloop
  endfacet
  facet normal -0.0783327 0.996927 0
    outer loop
      vertex 28.0226 -52.604 800
      vertex 27.7617 -52.6245 835
      vertex 28.0226 -52.604 835
    endloop
  endfacet
  facet normal -0.0783327 0.996927 0
    outer loop
      vertex 27.7617 -52.6245 835
      vertex 28.0226 -52.604 800
      vertex 27.7617 -52.6245 800
    endloop
  endfacet
  facet normal 0.0787125 -0.996897 0
    outer loop
      vertex 26.9774 -42.6588 800
      vertex 27.2383 -42.6382 835
      vertex 26.9774 -42.6588 835
    endloop
  endfacet
  facet normal 0.0787125 -0.996897 0
    outer loop
      vertex 27.2383 -42.6382 835
      vertex 26.9774 -42.6588 800
      vertex 27.2383 -42.6382 800
    endloop
  endfacet
  facet normal 0.902599 -0.430482 0
    outer loop
      vertex 22.9323 -45.5977 835
      vertex 23.045 -45.3614 800
      vertex 23.045 -45.3614 835
    endloop
  endfacet
  facet normal 0.902599 -0.430482 0
    outer loop
      vertex 23.045 -45.3614 800
      vertex 22.9323 -45.5977 835
      vertex 22.9323 -45.5977 800
    endloop
  endfacet
  facet normal 0.608824 -0.793305 0
    outer loop
      vertex 24.3534 -43.7457 800
      vertex 24.5611 -43.5863 835
      vertex 24.3534 -43.7457 835
    endloop
  endfacet
  facet normal 0.608824 -0.793305 0
    outer loop
      vertex 24.5611 -43.5863 835
      vertex 24.3534 -43.7457 800
      vertex 24.5611 -43.5863 800
    endloop
  endfacet
  facet normal 0.852771 0.522284 0
    outer loop
      vertex 23.3066 -50.3546 835
      vertex 23.1699 -50.1314 800
      vertex 23.1699 -50.1314 835
    endloop
  endfacet
  facet normal 0.852771 0.522284 0
    outer loop
      vertex 23.1699 -50.1314 800
      vertex 23.3066 -50.3546 835
      vertex 23.3066 -50.3546 800
    endloop
  endfacet
  facet normal -0.182212 -0.983259 0
    outer loop
      vertex 28.2822 -42.693 800
      vertex 28.5396 -42.7407 835
      vertex 28.2822 -42.693 835
    endloop
  endfacet
  facet normal -0.182212 -0.983259 -0
    outer loop
      vertex 28.5396 -42.7407 835
      vertex 28.2822 -42.693 800
      vertex 28.5396 -42.7407 800
    endloop
  endfacet
  facet normal 0.824031 -0.566545 0
    outer loop
      vertex 23.3066 -44.9082 835
      vertex 23.4549 -44.6925 800
      vertex 23.4549 -44.6925 835
    endloop
  endfacet
  facet normal 0.824031 -0.566545 0
    outer loop
      vertex 23.4549 -44.6925 800
      vertex 23.3066 -44.9082 835
      vertex 23.3066 -44.9082 800
    endloop
  endfacet
  facet normal 0.983259 0.182212 0
    outer loop
      vertex 22.6093 -48.671 835
      vertex 22.5616 -48.4136 800
      vertex 22.5616 -48.4136 835
    endloop
  endfacet
  facet normal 0.983259 0.182212 0
    outer loop
      vertex 22.5616 -48.4136 800
      vertex 22.6093 -48.671 835
      vertex 22.6093 -48.671 800
    endloop
  endfacet
  facet normal 0.649343 -0.760495 0
    outer loop
      vertex 24.1543 -43.9157 800
      vertex 24.3534 -43.7457 835
      vertex 24.1543 -43.9157 835
    endloop
  endfacet
  facet normal 0.649343 -0.760495 0
    outer loop
      vertex 24.3534 -43.7457 835
      vertex 24.1543 -43.9157 800
      vertex 24.3534 -43.7457 800
    endloop
  endfacet
  facet normal 0.477218 0.878785 -0
    outer loop
      vertex 25.23 -52.0864 800
      vertex 25 -51.9615 835
      vertex 25.23 -52.0864 835
    endloop
  endfacet
  facet normal 0.477218 0.878785 0
    outer loop
      vertex 25 -51.9615 835
      vertex 25.23 -52.0864 800
      vertex 25 -51.9615 800
    endloop
  endfacet
  facet normal 0.382689 0.923877 -0
    outer loop
      vertex 25.7082 -52.2993 800
      vertex 25.4663 -52.1991 835
      vertex 25.7082 -52.2993 835
    endloop
  endfacet
  facet normal 0.382689 0.923877 0
    outer loop
      vertex 25.4663 -52.1991 835
      vertex 25.7082 -52.2993 800
      vertex 25.4663 -52.1991 800
    endloop
  endfacet
  facet normal -0.0263569 0.999653 0
    outer loop
      vertex 27.7617 -52.6245 800
      vertex 27.5 -52.6314 835
      vertex 27.7617 -52.6245 835
    endloop
  endfacet
  facet normal -0.0263569 0.999653 0
    outer loop
      vertex 27.5 -52.6314 835
      vertex 27.7617 -52.6245 800
      vertex 27.5 -52.6314 800
    endloop
  endfacet
  facet normal 0.991433 -0.130613 0
    outer loop
      vertex 22.5274 -47.1088 835
      vertex 22.5616 -46.8492 800
      vertex 22.5616 -46.8492 835
    endloop
  endfacet
  facet normal 0.991433 -0.130613 0
    outer loop
      vertex 22.5616 -46.8492 800
      vertex 22.5274 -47.1088 835
      vertex 22.5274 -47.1088 800
    endloop
  endfacet
  facet normal 0.852771 -0.522284 0
    outer loop
      vertex 23.1699 -45.1314 835
      vertex 23.3066 -44.9082 800
      vertex 23.3066 -44.9082 835
    endloop
  endfacet
  facet normal 0.852771 -0.522284 0
    outer loop
      vertex 23.3066 -44.9082 800
      vertex 23.1699 -45.1314 835
      vertex 23.1699 -45.1314 800
    endloop
  endfacet
  facet normal 0.283841 0.958871 -0
    outer loop
      vertex 26.2059 -52.461 800
      vertex 25.9549 -52.3867 835
      vertex 26.2059 -52.461 835
    endloop
  endfacet
  facet normal 0.283841 0.958871 0
    outer loop
      vertex 25.9549 -52.3867 835
      vertex 26.2059 -52.461 800
      vertex 25.9549 -52.3867 800
    endloop
  endfacet
  facet normal -0.333939 0.942595 0
    outer loop
      vertex 29.2918 -52.2993 800
      vertex 29.0451 -52.3867 835
      vertex 29.2918 -52.2993 835
    endloop
  endfacet
  facet normal -0.333939 0.942595 0
    outer loop
      vertex 29.0451 -52.3867 835
      vertex 29.2918 -52.2993 800
      vertex 29.0451 -52.3867 800
    endloop
  endfacet
  facet normal -0.522284 -0.852771 0
    outer loop
      vertex 30 -43.3013 800
      vertex 30.2232 -43.438 835
      vertex 30 -43.3013 835
    endloop
  endfacet
  facet normal -0.522284 -0.852771 -0
    outer loop
      vertex 30.2232 -43.438 835
      vertex 30 -43.3013 800
      vertex 30.2232 -43.438 800
    endloop
  endfacet
  facet normal -0.852771 -0.522284 0
    outer loop
      vertex 31.8301 -45.1314 800
      vertex 31.6934 -44.9082 835
      vertex 31.6934 -44.9082 800
    endloop
  endfacet
  facet normal -0.852771 -0.522284 0
    outer loop
      vertex 31.6934 -44.9082 835
      vertex 31.8301 -45.1314 800
      vertex 31.8301 -45.1314 835
    endloop
  endfacet
  facet normal -0.430482 -0.902599 0
    outer loop
      vertex 29.5337 -43.0637 800
      vertex 29.77 -43.1764 835
      vertex 29.5337 -43.0637 835
    endloop
  endfacet
  facet normal -0.430482 -0.902599 -0
    outer loop
      vertex 29.77 -43.1764 835
      vertex 29.5337 -43.0637 800
      vertex 29.77 -43.1764 800
    endloop
  endfacet
  facet normal -0.382689 -0.923877 0
    outer loop
      vertex 29.2918 -42.9635 800
      vertex 29.5337 -43.0637 835
      vertex 29.2918 -42.9635 835
    endloop
  endfacet
  facet normal -0.382689 -0.923877 -0
    outer loop
      vertex 29.5337 -43.0637 835
      vertex 29.2918 -42.9635 800
      vertex 29.5337 -43.0637 800
    endloop
  endfacet
  facet normal 0.942595 0.333939 0
    outer loop
      vertex 22.8321 -49.4232 835
      vertex 22.7447 -49.1765 800
      vertex 22.7447 -49.1765 835
    endloop
  endfacet
  facet normal 0.942595 0.333939 0
    outer loop
      vertex 22.7447 -49.1765 800
      vertex 22.8321 -49.4232 835
      vertex 22.8321 -49.4232 800
    endloop
  endfacet
  facet normal 0.996927 0.0783327 0
    outer loop
      vertex 22.5274 -48.154 835
      vertex 22.5069 -47.8931 800
      vertex 22.5069 -47.8931 835
    endloop
  endfacet
  facet normal 0.996927 0.0783327 0
    outer loop
      vertex 22.5069 -47.8931 800
      vertex 22.5274 -48.154 835
      vertex 22.5274 -48.154 800
    endloop
  endfacet
  facet normal -0.649343 -0.760495 0
    outer loop
      vertex 30.6466 -43.7457 800
      vertex 30.8457 -43.9157 835
      vertex 30.6466 -43.7457 835
    endloop
  endfacet
  facet normal -0.649343 -0.760495 -0
    outer loop
      vertex 30.8457 -43.9157 835
      vertex 30.6466 -43.7457 800
      vertex 30.8457 -43.9157 800
    endloop
  endfacet
  facet normal -0.130613 0.991433 0
    outer loop
      vertex 28.2822 -52.5698 800
      vertex 28.0226 -52.604 835
      vertex 28.2822 -52.5698 835
    endloop
  endfacet
  facet normal -0.130613 0.991433 0
    outer loop
      vertex 28.0226 -52.604 835
      vertex 28.2822 -52.5698 800
      vertex 28.0226 -52.604 800
    endloop
  endfacet
  facet normal 0.0259752 -0.999663 0
    outer loop
      vertex 27.2383 -42.6382 800
      vertex 27.5 -42.6314 835
      vertex 27.2383 -42.6382 835
    endloop
  endfacet
  facet normal 0.0259752 -0.999663 0
    outer loop
      vertex 27.5 -42.6314 835
      vertex 27.2383 -42.6382 800
      vertex 27.5 -42.6314 800
    endloop
  endfacet
  facet normal 0.760495 -0.649343 0
    outer loop
      vertex 23.6143 -44.4848 835
      vertex 23.7843 -44.2857 800
      vertex 23.7843 -44.2857 835
    endloop
  endfacet
  facet normal 0.760495 -0.649343 0
    outer loop
      vertex 23.7843 -44.2857 800
      vertex 23.6143 -44.4848 835
      vertex 23.6143 -44.4848 800
    endloop
  endfacet
  facet normal 0.333939 0.942595 -0
    outer loop
      vertex 25.9549 -52.3867 800
      vertex 25.7082 -52.2993 835
      vertex 25.9549 -52.3867 835
    endloop
  endfacet
  facet normal 0.333939 0.942595 0
    outer loop
      vertex 25.7082 -52.2993 835
      vertex 25.9549 -52.3867 800
      vertex 25.7082 -52.2993 800
    endloop
  endfacet
  facet normal 0.991433 0.130613 0
    outer loop
      vertex 22.5616 -48.4136 835
      vertex 22.5274 -48.154 800
      vertex 22.5274 -48.154 835
    endloop
  endfacet
  facet normal 0.991433 0.130613 0
    outer loop
      vertex 22.5274 -48.154 800
      vertex 22.5616 -48.4136 835
      vertex 22.5616 -48.4136 800
    endloop
  endfacet
  facet normal 0.878785 -0.477218 0
    outer loop
      vertex 23.045 -45.3614 835
      vertex 23.1699 -45.1314 800
      vertex 23.1699 -45.1314 835
    endloop
  endfacet
  facet normal 0.878785 -0.477218 0
    outer loop
      vertex 23.1699 -45.1314 800
      vertex 23.045 -45.3614 835
      vertex 23.045 -45.3614 800
    endloop
  endfacet
  facet normal 0.958871 0.283841 0
    outer loop
      vertex 22.7447 -49.1765 835
      vertex 22.6704 -48.9255 800
      vertex 22.6704 -48.9255 835
    endloop
  endfacet
  facet normal 0.958871 0.283841 0
    outer loop
      vertex 22.6704 -48.9255 800
      vertex 22.7447 -49.1765 835
      vertex 22.7447 -49.1765 800
    endloop
  endfacet
  facet normal 0.996916 0.0784719 0
    outer loop
      vertex 99.5634 5.21789 835
      vertex 99.1538 10.4215 800
      vertex 99.1538 10.4215 835
    endloop
  endfacet
  facet normal 0.996916 0.0784719 0
    outer loop
      vertex 99.1538 10.4215 800
      vertex 99.5634 5.21789 835
      vertex 99.5634 5.21789 800
    endloop
  endfacet
  facet normal 0.999658 0.0261702 0
    outer loop
      vertex 99.7 0 835
      vertex 99.5634 5.21789 800
      vertex 99.5634 5.21789 835
    endloop
  endfacet
  facet normal 0.999658 0.0261702 0
    outer loop
      vertex 99.5634 5.21789 800
      vertex 99.7 0 835
      vertex 99.7 0 800
    endloop
  endfacet
  facet normal 0.991445 0.130526 0
    outer loop
      vertex 99.1538 10.4215 835
      vertex 98.4725 15.5965 800
      vertex 98.4725 15.5965 835
    endloop
  endfacet
  facet normal 0.991445 0.130526 0
    outer loop
      vertex 98.4725 15.5965 800
      vertex 99.1538 10.4215 835
      vertex 99.1538 10.4215 800
    endloop
  endfacet
  facet normal 0.477175 0.878808 -0
    outer loop
      vertex 49.85 86.3427 800
      vertex 45.2629 88.8334 835
      vertex 49.85 86.3427 835
    endloop
  endfacet
  facet normal 0.477175 0.878808 0
    outer loop
      vertex 45.2629 88.8334 835
      vertex 49.85 86.3427 800
      vertex 45.2629 88.8334 800
    endloop
  endfacet
  facet normal -0.725371 -0.688358 0
    outer loop
      vertex -70.4985 -70.4985 800
      vertex -74.0915 -66.7123 835
      vertex -74.0915 -66.7123 800
    endloop
  endfacet
  facet normal -0.725371 -0.688358 0
    outer loop
      vertex -74.0915 -66.7123 835
      vertex -70.4985 -70.4985 800
      vertex -70.4985 -70.4985 835
    endloop
  endfacet
  facet normal -0.38269 0.923877 0
    outer loop
      vertex -35.7293 93.078 800
      vertex -40.5516 91.0805 835
      vertex -35.7293 93.078 835
    endloop
  endfacet
  facet normal -0.38269 0.923877 0
    outer loop
      vertex -40.5516 91.0805 835
      vertex -35.7293 93.078 800
      vertex -40.5516 91.0805 800
    endloop
  endfacet
  facet normal 0.878808 -0.477175 0
    outer loop
      vertex 86.3427 -49.85 835
      vertex 88.8334 -45.2629 800
      vertex 88.8334 -45.2629 835
    endloop
  endfacet
  facet normal 0.878808 -0.477175 0
    outer loop
      vertex 88.8334 -45.2629 800
      vertex 86.3427 -49.85 835
      vertex 86.3427 -49.85 800
    endloop
  endfacet
  facet normal -0.996916 0.0784719 0
    outer loop
      vertex -99.5634 5.21789 800
      vertex -99.1538 10.4215 835
      vertex -99.1538 10.4215 800
    endloop
  endfacet
  facet normal -0.996916 0.0784719 0
    outer loop
      vertex -99.1538 10.4215 835
      vertex -99.5634 5.21789 800
      vertex -99.5634 5.21789 835
    endloop
  endfacet
  facet normal 0.958818 0.284022 0
    outer loop
      vertex 96.3028 25.8043 835
      vertex 94.8203 30.809 800
      vertex 94.8203 30.809 835
    endloop
  endfacet
  facet normal 0.958818 0.284022 0
    outer loop
      vertex 94.8203 30.809 800
      vertex 96.3028 25.8043 835
      vertex 96.3028 25.8043 800
    endloop
  endfacet
  facet normal 0.430499 -0.902591 0
    outer loop
      vertex 40.5516 -91.0805 800
      vertex 45.2629 -88.8334 835
      vertex 40.5516 -91.0805 835
    endloop
  endfacet
  facet normal 0.430499 -0.902591 0
    outer loop
      vertex 45.2629 -88.8334 835
      vertex 40.5516 -91.0805 800
      vertex 45.2629 -88.8334 800
    endloop
  endfacet
  facet normal -0.902591 0.430499 0
    outer loop
      vertex -91.0805 40.5516 800
      vertex -88.8334 45.2629 835
      vertex -88.8334 45.2629 800
    endloop
  endfacet
  facet normal -0.902591 0.430499 0
    outer loop
      vertex -88.8334 45.2629 835
      vertex -91.0805 40.5516 800
      vertex -91.0805 40.5516 835
    endloop
  endfacet
  facet normal -0.38269 -0.923877 0
    outer loop
      vertex -40.5516 -91.0805 800
      vertex -35.7293 -93.078 835
      vertex -40.5516 -91.0805 835
    endloop
  endfacet
  facet normal -0.38269 -0.923877 -0
    outer loop
      vertex -35.7293 -93.078 835
      vertex -40.5516 -91.0805 800
      vertex -35.7293 -93.078 800
    endloop
  endfacet
  facet normal -0.996916 -0.0784719 0
    outer loop
      vertex -99.1538 -10.4215 800
      vertex -99.5634 -5.21789 835
      vertex -99.5634 -5.21789 800
    endloop
  endfacet
  facet normal -0.996916 -0.0784719 0
    outer loop
      vertex -99.5634 -5.21789 835
      vertex -99.1538 -10.4215 800
      vertex -99.1538 -10.4215 835
    endloop
  endfacet
  facet normal -0.649456 0.760399 0
    outer loop
      vertex -62.7432 77.4815 800
      vertex -66.7123 74.0915 835
      vertex -62.7432 77.4815 835
    endloop
  endfacet
  facet normal -0.649456 0.760399 0
    outer loop
      vertex -66.7123 74.0915 835
      vertex -62.7432 77.4815 800
      vertex -66.7123 74.0915 800
    endloop
  endfacet
  facet normal -0.824124 -0.566409 0
    outer loop
      vertex -80.659 -58.6022 800
      vertex -83.6155 -54.3005 835
      vertex -83.6155 -54.3005 800
    endloop
  endfacet
  facet normal -0.824124 -0.566409 0
    outer loop
      vertex -83.6155 -54.3005 835
      vertex -80.659 -58.6022 800
      vertex -80.659 -58.6022 835
    endloop
  endfacet
  facet normal 0.902591 -0.430499 0
    outer loop
      vertex 88.8334 -45.2629 835
      vertex 91.0805 -40.5516 800
      vertex 91.0805 -40.5516 835
    endloop
  endfacet
  facet normal 0.902591 -0.430499 0
    outer loop
      vertex 91.0805 -40.5516 800
      vertex 88.8334 -45.2629 835
      vertex 88.8334 -45.2629 800
    endloop
  endfacet
  facet normal 0.793353 0.608761 0
    outer loop
      vertex 80.659 58.6022 835
      vertex 77.4815 62.7432 800
      vertex 77.4815 62.7432 835
    endloop
  endfacet
  facet normal 0.793353 0.608761 0
    outer loop
      vertex 77.4815 62.7432 800
      vertex 80.659 58.6022 835
      vertex 80.659 58.6022 800
    endloop
  endfacet
  facet normal -0.182233 -0.983255 0
    outer loop
      vertex -20.7288 -97.5213 800
      vertex -15.5965 -98.4725 835
      vertex -20.7288 -97.5213 835
    endloop
  endfacet
  facet normal -0.182233 -0.983255 -0
    outer loop
      vertex -15.5965 -98.4725 835
      vertex -20.7288 -97.5213 800
      vertex -15.5965 -98.4725 800
    endloop
  endfacet
  facet normal -0.688358 0.725371 0
    outer loop
      vertex -66.7123 74.0915 800
      vertex -70.4985 70.4985 835
      vertex -66.7123 74.0915 835
    endloop
  endfacet
  facet normal -0.688358 0.725371 0
    outer loop
      vertex -70.4985 70.4985 835
      vertex -66.7123 74.0915 800
      vertex -70.4985 70.4985 800
    endloop
  endfacet
  facet normal 0.983255 0.182233 0
    outer loop
      vertex 98.4725 15.5965 835
      vertex 97.5213 20.7288 800
      vertex 97.5213 20.7288 835
    endloop
  endfacet
  facet normal 0.983255 0.182233 0
    outer loop
      vertex 97.5213 20.7288 800
      vertex 98.4725 15.5965 835
      vertex 98.4725 15.5965 800
    endloop
  endfacet
  facet normal 0.0261702 -0.999658 0
    outer loop
      vertex 0 -99.7 800
      vertex 5.21789 -99.5634 835
      vertex 0 -99.7 835
    endloop
  endfacet
  facet normal 0.0261702 -0.999658 0
    outer loop
      vertex 5.21789 -99.5634 835
      vertex 0 -99.7 800
      vertex 5.21789 -99.5634 800
    endloop
  endfacet
  facet normal -0.942646 -0.333795 0
    outer loop
      vertex -93.078 -35.7293 800
      vertex -94.8203 -30.809 835
      vertex -94.8203 -30.809 800
    endloop
  endfacet
  facet normal -0.942646 -0.333795 0
    outer loop
      vertex -94.8203 -30.809 835
      vertex -93.078 -35.7293 800
      vertex -93.078 -35.7293 835
    endloop
  endfacet
  facet normal 0.566409 -0.824124 0
    outer loop
      vertex 54.3005 -83.6155 800
      vertex 58.6022 -80.659 835
      vertex 54.3005 -83.6155 835
    endloop
  endfacet
  facet normal 0.566409 -0.824124 0
    outer loop
      vertex 58.6022 -80.659 835
      vertex 54.3005 -83.6155 800
      vertex 58.6022 -80.659 800
    endloop
  endfacet
  facet normal -0.999658 -0.0261702 0
    outer loop
      vertex -99.5634 -5.21789 800
      vertex -99.7 0 835
      vertex -99.7 0 800
    endloop
  endfacet
  facet normal -0.999658 -0.0261702 0
    outer loop
      vertex -99.7 0 835
      vertex -99.5634 -5.21789 800
      vertex -99.5634 -5.21789 835
    endloop
  endfacet
  facet normal -0.182233 0.983255 0
    outer loop
      vertex -15.5965 98.4725 800
      vertex -20.7288 97.5213 835
      vertex -15.5965 98.4725 835
    endloop
  endfacet
  facet normal -0.182233 0.983255 0
    outer loop
      vertex -20.7288 97.5213 835
      vertex -15.5965 98.4725 800
      vertex -20.7288 97.5213 800
    endloop
  endfacet
  facet normal 0.958818 -0.284022 0
    outer loop
      vertex 94.8203 -30.809 835
      vertex 96.3028 -25.8043 800
      vertex 96.3028 -25.8043 835
    endloop
  endfacet
  facet normal 0.958818 -0.284022 0
    outer loop
      vertex 96.3028 -25.8043 800
      vertex 94.8203 -30.809 835
      vertex 94.8203 -30.809 800
    endloop
  endfacet
  facet normal 0.902591 0.430499 0
    outer loop
      vertex 91.0805 40.5516 835
      vertex 88.8334 45.2629 800
      vertex 88.8334 45.2629 835
    endloop
  endfacet
  facet normal 0.902591 0.430499 0
    outer loop
      vertex 88.8334 45.2629 800
      vertex 91.0805 40.5516 835
      vertex 91.0805 40.5516 800
    endloop
  endfacet
  facet normal 0.852646 0.522489 0
    outer loop
      vertex 86.3427 49.85 835
      vertex 83.6155 54.3005 800
      vertex 83.6155 54.3005 835
    endloop
  endfacet
  facet normal 0.852646 0.522489 0
    outer loop
      vertex 83.6155 54.3005 800
      vertex 86.3427 49.85 835
      vertex 86.3427 49.85 800
    endloop
  endfacet
  facet normal 0.0784719 -0.996916 0
    outer loop
      vertex 5.21789 -99.5634 800
      vertex 10.4215 -99.1538 835
      vertex 5.21789 -99.5634 835
    endloop
  endfacet
  facet normal 0.0784719 -0.996916 0
    outer loop
      vertex 10.4215 -99.1538 835
      vertex 5.21789 -99.5634 800
      vertex 10.4215 -99.1538 800
    endloop
  endfacet
  facet normal 0.522489 -0.852646 0
    outer loop
      vertex 49.85 -86.3427 800
      vertex 54.3005 -83.6155 835
      vertex 49.85 -86.3427 835
    endloop
  endfacet
  facet normal 0.522489 -0.852646 0
    outer loop
      vertex 54.3005 -83.6155 835
      vertex 49.85 -86.3427 800
      vertex 54.3005 -83.6155 800
    endloop
  endfacet
  facet normal 0.725371 -0.688358 0
    outer loop
      vertex 70.4985 -70.4985 835
      vertex 74.0915 -66.7123 800
      vertex 74.0915 -66.7123 835
    endloop
  endfacet
  facet normal 0.725371 -0.688358 0
    outer loop
      vertex 74.0915 -66.7123 800
      vertex 70.4985 -70.4985 835
      vertex 70.4985 -70.4985 800
    endloop
  endfacet
  facet normal 0.983255 -0.182233 0
    outer loop
      vertex 97.5213 -20.7288 835
      vertex 98.4725 -15.5965 800
      vertex 98.4725 -15.5965 835
    endloop
  endfacet
  facet normal 0.983255 -0.182233 0
    outer loop
      vertex 98.4725 -15.5965 800
      vertex 97.5213 -20.7288 835
      vertex 97.5213 -20.7288 800
    endloop
  endfacet
  facet normal 0.477175 -0.878808 0
    outer loop
      vertex 45.2629 -88.8334 800
      vertex 49.85 -86.3427 835
      vertex 45.2629 -88.8334 835
    endloop
  endfacet
  facet normal 0.477175 -0.878808 0
    outer loop
      vertex 49.85 -86.3427 835
      vertex 45.2629 -88.8334 800
      vertex 49.85 -86.3427 800
    endloop
  endfacet
  facet normal 0.991445 -0.130526 0
    outer loop
      vertex 98.4725 -15.5965 835
      vertex 99.1538 -10.4215 800
      vertex 99.1538 -10.4215 835
    endloop
  endfacet
  facet normal 0.991445 -0.130526 0
    outer loop
      vertex 99.1538 -10.4215 800
      vertex 98.4725 -15.5965 835
      vertex 98.4725 -15.5965 800
    endloop
  endfacet
  facet normal 0.688358 0.725371 -0
    outer loop
      vertex 70.4985 70.4985 800
      vertex 66.7123 74.0915 835
      vertex 70.4985 70.4985 835
    endloop
  endfacet
  facet normal 0.688358 0.725371 0
    outer loop
      vertex 66.7123 74.0915 835
      vertex 70.4985 70.4985 800
      vertex 66.7123 74.0915 800
    endloop
  endfacet
  facet normal -0.878808 0.477175 0
    outer loop
      vertex -88.8334 45.2629 800
      vertex -86.3427 49.85 835
      vertex -86.3427 49.85 800
    endloop
  endfacet
  facet normal -0.878808 0.477175 0
    outer loop
      vertex -86.3427 49.85 835
      vertex -88.8334 45.2629 800
      vertex -88.8334 45.2629 835
    endloop
  endfacet
  facet normal -0.972371 -0.233442 0
    outer loop
      vertex -96.3028 -25.8043 800
      vertex -97.5213 -20.7288 835
      vertex -97.5213 -20.7288 800
    endloop
  endfacet
  facet normal -0.972371 -0.233442 0
    outer loop
      vertex -97.5213 -20.7288 835
      vertex -96.3028 -25.8043 800
      vertex -96.3028 -25.8043 835
    endloop
  endfacet
  facet normal 0.566409 0.824124 -0
    outer loop
      vertex 58.6022 80.659 800
      vertex 54.3005 83.6155 835
      vertex 58.6022 80.659 835
    endloop
  endfacet
  facet normal 0.566409 0.824124 0
    outer loop
      vertex 54.3005 83.6155 835
      vertex 58.6022 80.659 800
      vertex 54.3005 83.6155 800
    endloop
  endfacet
  facet normal -0.878808 -0.477175 0
    outer loop
      vertex -86.3427 -49.85 800
      vertex -88.8334 -45.2629 835
      vertex -88.8334 -45.2629 800
    endloop
  endfacet
  facet normal -0.878808 -0.477175 0
    outer loop
      vertex -88.8334 -45.2629 835
      vertex -86.3427 -49.85 800
      vertex -86.3427 -49.85 835
    endloop
  endfacet
  facet normal 0.38269 -0.923877 0
    outer loop
      vertex 35.7293 -93.078 800
      vertex 40.5516 -91.0805 835
      vertex 35.7293 -93.078 835
    endloop
  endfacet
  facet normal 0.38269 -0.923877 0
    outer loop
      vertex 40.5516 -91.0805 835
      vertex 35.7293 -93.078 800
      vertex 40.5516 -91.0805 800
    endloop
  endfacet
  facet normal 0.760399 -0.649456 0
    outer loop
      vertex 74.0915 -66.7123 835
      vertex 77.4815 -62.7432 800
      vertex 77.4815 -62.7432 835
    endloop
  endfacet
  facet normal 0.760399 -0.649456 0
    outer loop
      vertex 77.4815 -62.7432 800
      vertex 74.0915 -66.7123 835
      vertex 74.0915 -66.7123 800
    endloop
  endfacet
  facet normal -0.333795 0.942646 0
    outer loop
      vertex -30.809 94.8203 800
      vertex -35.7293 93.078 835
      vertex -30.809 94.8203 835
    endloop
  endfacet
  facet normal -0.333795 0.942646 0
    outer loop
      vertex -35.7293 93.078 835
      vertex -30.809 94.8203 800
      vertex -35.7293 93.078 800
    endloop
  endfacet
  facet normal 0.284022 0.958818 -0
    outer loop
      vertex 30.809 94.8203 800
      vertex 25.8043 96.3028 835
      vertex 30.809 94.8203 835
    endloop
  endfacet
  facet normal 0.284022 0.958818 0
    outer loop
      vertex 25.8043 96.3028 835
      vertex 30.809 94.8203 800
      vertex 25.8043 96.3028 800
    endloop
  endfacet
  facet normal 0.793353 -0.608761 0
    outer loop
      vertex 77.4815 -62.7432 835
      vertex 80.659 -58.6022 800
      vertex 80.659 -58.6022 835
    endloop
  endfacet
  facet normal 0.793353 -0.608761 0
    outer loop
      vertex 80.659 -58.6022 800
      vertex 77.4815 -62.7432 835
      vertex 77.4815 -62.7432 800
    endloop
  endfacet
  facet normal 0.923877 0.38269 0
    outer loop
      vertex 93.078 35.7293 835
      vertex 91.0805 40.5516 800
      vertex 91.0805 40.5516 835
    endloop
  endfacet
  facet normal 0.923877 0.38269 0
    outer loop
      vertex 91.0805 40.5516 800
      vertex 93.078 35.7293 835
      vertex 93.078 35.7293 800
    endloop
  endfacet
  facet normal -0.942646 0.333795 0
    outer loop
      vertex -94.8203 30.809 800
      vertex -93.078 35.7293 835
      vertex -93.078 35.7293 800
    endloop
  endfacet
  facet normal -0.942646 0.333795 0
    outer loop
      vertex -93.078 35.7293 835
      vertex -94.8203 30.809 800
      vertex -94.8203 30.809 835
    endloop
  endfacet
  facet normal 0.649456 -0.760399 0
    outer loop
      vertex 62.7432 -77.4815 800
      vertex 66.7123 -74.0915 835
      vertex 62.7432 -77.4815 835
    endloop
  endfacet
  facet normal 0.649456 -0.760399 0
    outer loop
      vertex 66.7123 -74.0915 835
      vertex 62.7432 -77.4815 800
      vertex 66.7123 -74.0915 800
    endloop
  endfacet
  facet normal -0.983255 -0.182233 0
    outer loop
      vertex -97.5213 -20.7288 800
      vertex -98.4725 -15.5965 835
      vertex -98.4725 -15.5965 800
    endloop
  endfacet
  facet normal -0.983255 -0.182233 0
    outer loop
      vertex -98.4725 -15.5965 835
      vertex -97.5213 -20.7288 800
      vertex -97.5213 -20.7288 835
    endloop
  endfacet
  facet normal -0.793353 -0.608761 0
    outer loop
      vertex -77.4815 -62.7432 800
      vertex -80.659 -58.6022 835
      vertex -80.659 -58.6022 800
    endloop
  endfacet
  facet normal -0.793353 -0.608761 0
    outer loop
      vertex -80.659 -58.6022 835
      vertex -77.4815 -62.7432 800
      vertex -77.4815 -62.7432 835
    endloop
  endfacet
  facet normal -0.958818 0.284022 0
    outer loop
      vertex -96.3028 25.8043 800
      vertex -94.8203 30.809 835
      vertex -94.8203 30.809 800
    endloop
  endfacet
  facet normal -0.958818 0.284022 0
    outer loop
      vertex -94.8203 30.809 835
      vertex -96.3028 25.8043 800
      vertex -96.3028 25.8043 835
    endloop
  endfacet
  facet normal -0.130526 0.991445 0
    outer loop
      vertex -10.4215 99.1538 800
      vertex -15.5965 98.4725 835
      vertex -10.4215 99.1538 835
    endloop
  endfacet
  facet normal -0.130526 0.991445 0
    outer loop
      vertex -15.5965 98.4725 835
      vertex -10.4215 99.1538 800
      vertex -15.5965 98.4725 800
    endloop
  endfacet
  facet normal 0.942646 0.333795 0
    outer loop
      vertex 94.8203 30.809 835
      vertex 93.078 35.7293 800
      vertex 93.078 35.7293 835
    endloop
  endfacet
  facet normal 0.942646 0.333795 0
    outer loop
      vertex 93.078 35.7293 800
      vertex 94.8203 30.809 835
      vertex 94.8203 30.809 800
    endloop
  endfacet
  facet normal 0.649456 0.760399 -0
    outer loop
      vertex 66.7123 74.0915 800
      vertex 62.7432 77.4815 835
      vertex 66.7123 74.0915 835
    endloop
  endfacet
  facet normal 0.649456 0.760399 0
    outer loop
      vertex 62.7432 77.4815 835
      vertex 66.7123 74.0915 800
      vertex 62.7432 77.4815 800
    endloop
  endfacet
  facet normal 0.972371 -0.233442 0
    outer loop
      vertex 96.3028 -25.8043 835
      vertex 97.5213 -20.7288 800
      vertex 97.5213 -20.7288 835
    endloop
  endfacet
  facet normal 0.972371 -0.233442 0
    outer loop
      vertex 97.5213 -20.7288 800
      vertex 96.3028 -25.8043 835
      vertex 96.3028 -25.8043 800
    endloop
  endfacet
  facet normal -0.793353 0.608761 0
    outer loop
      vertex -80.659 58.6022 800
      vertex -77.4815 62.7432 835
      vertex -77.4815 62.7432 800
    endloop
  endfacet
  facet normal -0.793353 0.608761 0
    outer loop
      vertex -77.4815 62.7432 835
      vertex -80.659 58.6022 800
      vertex -80.659 58.6022 835
    endloop
  endfacet
  facet normal 0.182233 0.983255 -0
    outer loop
      vertex 20.7288 97.5213 800
      vertex 15.5965 98.4725 835
      vertex 20.7288 97.5213 835
    endloop
  endfacet
  facet normal 0.182233 0.983255 0
    outer loop
      vertex 15.5965 98.4725 835
      vertex 20.7288 97.5213 800
      vertex 15.5965 98.4725 800
    endloop
  endfacet
  facet normal -0.923877 -0.38269 0
    outer loop
      vertex -91.0805 -40.5516 800
      vertex -93.078 -35.7293 835
      vertex -93.078 -35.7293 800
    endloop
  endfacet
  facet normal -0.923877 -0.38269 0
    outer loop
      vertex -93.078 -35.7293 835
      vertex -91.0805 -40.5516 800
      vertex -91.0805 -40.5516 835
    endloop
  endfacet
  facet normal 0.522489 0.852646 -0
    outer loop
      vertex 54.3005 83.6155 800
      vertex 49.85 86.3427 835
      vertex 54.3005 83.6155 835
    endloop
  endfacet
  facet normal 0.522489 0.852646 0
    outer loop
      vertex 49.85 86.3427 835
      vertex 54.3005 83.6155 800
      vertex 49.85 86.3427 800
    endloop
  endfacet
  facet normal -0.0261702 -0.999658 0
    outer loop
      vertex -5.21789 -99.5634 800
      vertex 0 -99.7 835
      vertex -5.21789 -99.5634 835
    endloop
  endfacet
  facet normal -0.0261702 -0.999658 -0
    outer loop
      vertex 0 -99.7 835
      vertex -5.21789 -99.5634 800
      vertex 0 -99.7 800
    endloop
  endfacet
  facet normal 0.972371 0.233442 0
    outer loop
      vertex 97.5213 20.7288 835
      vertex 96.3028 25.8043 800
      vertex 96.3028 25.8043 835
    endloop
  endfacet
  facet normal 0.972371 0.233442 0
    outer loop
      vertex 96.3028 25.8043 800
      vertex 97.5213 20.7288 835
      vertex 97.5213 20.7288 800
    endloop
  endfacet
  facet normal 0.608761 -0.793353 0
    outer loop
      vertex 58.6022 -80.659 800
      vertex 62.7432 -77.4815 835
      vertex 58.6022 -80.659 835
    endloop
  endfacet
  facet normal 0.608761 -0.793353 0
    outer loop
      vertex 62.7432 -77.4815 835
      vertex 58.6022 -80.659 800
      vertex 62.7432 -77.4815 800
    endloop
  endfacet
  facet normal -0.649456 -0.760399 0
    outer loop
      vertex -66.7123 -74.0915 800
      vertex -62.7432 -77.4815 835
      vertex -66.7123 -74.0915 835
    endloop
  endfacet
  facet normal -0.649456 -0.760399 -0
    outer loop
      vertex -62.7432 -77.4815 835
      vertex -66.7123 -74.0915 800
      vertex -62.7432 -77.4815 800
    endloop
  endfacet
  facet normal 0.760399 0.649456 0
    outer loop
      vertex 77.4815 62.7432 835
      vertex 74.0915 66.7123 800
      vertex 74.0915 66.7123 835
    endloop
  endfacet
  facet normal 0.760399 0.649456 0
    outer loop
      vertex 74.0915 66.7123 800
      vertex 77.4815 62.7432 835
      vertex 77.4815 62.7432 800
    endloop
  endfacet
  facet normal 0.130526 0.991445 -0
    outer loop
      vertex 15.5965 98.4725 800
      vertex 10.4215 99.1538 835
      vertex 15.5965 98.4725 835
    endloop
  endfacet
  facet normal 0.130526 0.991445 0
    outer loop
      vertex 10.4215 99.1538 835
      vertex 15.5965 98.4725 800
      vertex 10.4215 99.1538 800
    endloop
  endfacet
  facet normal -0.991445 -0.130526 0
    outer loop
      vertex -98.4725 -15.5965 800
      vertex -99.1538 -10.4215 835
      vertex -99.1538 -10.4215 800
    endloop
  endfacet
  facet normal -0.991445 -0.130526 0
    outer loop
      vertex -99.1538 -10.4215 835
      vertex -98.4725 -15.5965 800
      vertex -98.4725 -15.5965 835
    endloop
  endfacet
  facet normal 0 0 1
    outer loop
      vertex -30 -43.3013 835
      vertex -52.5 -4.33013 835
      vertex -30.2232 -43.438 835
    endloop
  endfacet
  facet normal -0 0 1
    outer loop
      vertex -52.73 -4.45503 835
      vertex -30.2232 -43.438 835
      vertex -52.5 -4.33013 835
    endloop
  endfacet
  facet normal 0 0 1
    outer loop
      vertex -30.2232 -43.438 835
      vertex -52.73 -4.45503 835
      vertex -30.4389 -43.5863 835
    endloop
  endfacet
  facet normal -0 0 1
    outer loop
      vertex -52.9663 -4.56773 835
      vertex -30.4389 -43.5863 835
      vertex -52.73 -4.45503 835
    endloop
  endfacet
  facet normal 0 0 1
    outer loop
      vertex -30.4389 -43.5863 835
      vertex -52.9663 -4.56773 835
      vertex -30.6466 -43.7457 835
    endloop
  endfacet
  facet normal -0 0 1
    outer loop
      vertex -53.2082 -4.6679 835
      vertex -30.6466 -43.7457 835
      vertex -52.9663 -4.56773 835
    endloop
  endfacet
  facet normal 0 0 1
    outer loop
      vertex -30.6466 -43.7457 835
      vertex -53.2082 -4.6679 835
      vertex -30.8457 -43.9157 835
    endloop
  endfacet
  facet normal -0 0 1
    outer loop
      vertex -53.4549 -4.75528 835
      vertex -30.8457 -43.9157 835
      vertex -53.2082 -4.6679 835
    endloop
  endfacet
  facet normal 0 0 1
    outer loop
      vertex -30.8457 -43.9157 835
      vertex -53.4549 -4.75528 835
      vertex -31.0355 -44.0959 835
    endloop
  endfacet
  facet normal -0 0 1
    outer loop
      vertex -53.7059 -4.82963 835
      vertex -31.0355 -44.0959 835
      vertex -53.4549 -4.75528 835
    endloop
  endfacet
  facet normal 0 0 1
    outer loop
      vertex -31.0355 -44.0959 835
      vertex -53.7059 -4.82963 835
      vertex -31.2157 -44.2857 835
    endloop
  endfacet
  facet normal -0 0 1
    outer loop
      vertex -53.9604 -4.89074 835
      vertex -31.2157 -44.2857 835
      vertex -53.7059 -4.82963 835
    endloop
  endfacet
  facet normal 0 0 1
    outer loop
      vertex -31.2157 -44.2857 835
      vertex -53.9604 -4.89074 835
      vertex -31.3857 -44.4848 835
    endloop
  endfacet
  facet normal -0 0 1
    outer loop
      vertex -54.2178 -4.93844 835
      vertex -31.3857 -44.4848 835
      vertex -53.9604 -4.89074 835
    endloop
  endfacet
  facet normal 0 0 1
    outer loop
      vertex -31.3857 -44.4848 835
      vertex -54.2178 -4.93844 835
      vertex -31.5451 -44.6925 835
    endloop
  endfacet
  facet normal -0 0 1
    outer loop
      vertex -54.4774 -4.97261 835
      vertex -31.5451 -44.6925 835
      vertex -54.2178 -4.93844 835
    endloop
  endfacet
  facet normal 0 0 1
    outer loop
      vertex -31.5451 -44.6925 835
      vertex -54.4774 -4.97261 835
      vertex -31.6934 -44.9082 835
    endloop
  endfacet
  facet normal -0 0 1
    outer loop
      vertex -54.7383 -4.99315 835
      vertex -31.6934 -44.9082 835
      vertex -54.4774 -4.97261 835
    endloop
  endfacet
  facet normal 0 0 1
    outer loop
      vertex -31.6934 -44.9082 835
      vertex -54.7383 -4.99315 835
      vertex -31.8301 -45.1314 835
    endloop
  endfacet
  facet normal -0 0 1
    outer loop
      vertex -55 -5 835
      vertex -31.8301 -45.1314 835
      vertex -54.7383 -4.99315 835
    endloop
  endfacet
  facet normal 0 0 1
    outer loop
      vertex -31.8301 -45.1314 835
      vertex -55 -5 835
      vertex -31.955 -45.3614 835
    endloop
  endfacet
  facet normal 0 0 1
    outer loop
      vertex -55.2617 -4.99315 835
      vertex -31.955 -45.3614 835
      vertex -55 -5 835
    endloop
  endfacet
  facet normal 0 0 1
    outer loop
      vertex -31.955 -45.3614 835
      vertex -55.2617 -4.99315 835
      vertex -32.0677 -45.5977 835
    endloop
  endfacet
  facet normal 0 0 1
    outer loop
      vertex -55.5226 -4.97261 835
      vertex -32.0677 -45.5977 835
      vertex -55.2617 -4.99315 835
    endloop
  endfacet
  facet normal 0 0 1
    outer loop
      vertex -32.0677 -45.5977 835
      vertex -55.5226 -4.97261 835
      vertex -32.1679 -45.8396 835
    endloop
  endfacet
  facet normal 0 0 1
    outer loop
      vertex -55.7822 -4.93844 835
      vertex -32.1679 -45.8396 835
      vertex -55.5226 -4.97261 835
    endloop
  endfacet
  facet normal 0 0 1
    outer loop
      vertex -86.3427 -49.85 835
      vertex -32.1679 -45.8396 835
      vertex -55.7822 -4.93844 835
    endloop
  endfacet
  facet normal 0 0 1
    outer loop
      vertex -32.4931 -47.3697 835
      vertex -54.3005 -83.6155 835
      vertex -49.85 -86.3427 835
    endloop
  endfacet
  facet normal 0 0 1
    outer loop
      vertex -32.1679 -45.8396 835
      vertex -86.3427 -49.85 835
      vertex -32.2553 -46.0863 835
    endloop
  endfacet
  facet normal 0 -0 1
    outer loop
      vertex -83.6155 -54.3005 835
      vertex -32.2553 -46.0863 835
      vertex -86.3427 -49.85 835
    endloop
  endfacet
  facet normal 0 0 1
    outer loop
      vertex -32.2553 -46.0863 835
      vertex -83.6155 -54.3005 835
      vertex -32.3296 -46.3373 835
    endloop
  endfacet
  facet normal 0 0 1
    outer loop
      vertex -32.3296 -46.3373 835
      vertex -83.6155 -54.3005 835
      vertex -32.3907 -46.5918 835
    endloop
  endfacet
  facet normal 0 -0 1
    outer loop
      vertex -80.659 -58.6022 835
      vertex -32.3907 -46.5918 835
      vertex -83.6155 -54.3005 835
    endloop
  endfacet
  facet normal 0 0 1
    outer loop
      vertex -32.3907 -46.5918 835
      vertex -80.659 -58.6022 835
      vertex -32.4384 -46.8492 835
    endloop
  endfacet
  facet normal 0 0 1
    outer loop
      vertex -86.3427 -49.85 835
      vertex -55.7822 -4.93844 835
      vertex -56.0396 -4.89074 835
    endloop
  endfacet
  facet normal 0 0 1
    outer loop
      vertex -88.8334 -45.2629 835
      vertex -56.0396 -4.89074 835
      vertex -56.2941 -4.82963 835
    endloop
  endfacet
  facet normal 0 0 1
    outer loop
      vertex -88.8334 -45.2629 835
      vertex -56.2941 -4.82963 835
      vertex -56.5451 -4.75528 835
    endloop
  endfacet
  facet normal 0 0 1
    outer loop
      vertex -91.0805 -40.5516 835
      vertex -56.5451 -4.75528 835
      vertex -56.7918 -4.6679 835
    endloop
  endfacet
  facet normal 0 0 1
    outer loop
      vertex -91.0805 -40.5516 835
      vertex -56.7918 -4.6679 835
      vertex -57.0337 -4.56773 835
    endloop
  endfacet
  facet normal 0 0 1
    outer loop
      vertex -93.078 -35.7293 835
      vertex -57.0337 -4.56773 835
      vertex -57.27 -4.45503 835
    endloop
  endfacet
  facet normal 0 0 1
    outer loop
      vertex -93.078 -35.7293 835
      vertex -57.27 -4.45503 835
      vertex -57.5 -4.33013 835
    endloop
  endfacet
  facet normal 0 0 1
    outer loop
      vertex -93.078 -35.7293 835
      vertex -57.5 -4.33013 835
      vertex -57.7232 -4.19335 835
    endloop
  endfacet
  facet normal 0 0 1
    outer loop
      vertex -94.8203 -30.809 835
      vertex -57.7232 -4.19335 835
      vertex -57.9389 -4.04508 835
    endloop
  endfacet
  facet normal 0 0 1
    outer loop
      vertex -94.8203 -30.809 835
      vertex -57.9389 -4.04508 835
      vertex -58.1466 -3.88573 835
    endloop
  endfacet
  facet normal 0 0 1
    outer loop
      vertex -94.8203 -30.809 835
      vertex -58.1466 -3.88573 835
      vertex -58.3457 -3.71572 835
    endloop
  endfacet
  facet normal 0 0 1
    outer loop
      vertex -96.3028 -25.8043 835
      vertex -58.3457 -3.71572 835
      vertex -58.5355 -3.53553 835
    endloop
  endfacet
  facet normal 0 0 1
    outer loop
      vertex -32.4931 -47.3697 835
      vertex -58.6022 -80.659 835
      vertex -54.3005 -83.6155 835
    endloop
  endfacet
  facet normal 0 0 1
    outer loop
      vertex -96.3028 -25.8043 835
      vertex -58.5355 -3.53553 835
      vertex -58.7157 -3.34565 835
    endloop
  endfacet
  facet normal 0 0 1
    outer loop
      vertex -97.5213 -20.7288 835
      vertex -58.7157 -3.34565 835
      vertex -58.8857 -3.1466 835
    endloop
  endfacet
  facet normal 0 0 1
    outer loop
      vertex -97.5213 -20.7288 835
      vertex -58.8857 -3.1466 835
      vertex -59.0451 -2.93893 835
    endloop
  endfacet
  facet normal 0 0 1
    outer loop
      vertex -97.5213 -20.7288 835
      vertex -59.0451 -2.93893 835
      vertex -59.1934 -2.7232 835
    endloop
  endfacet
  facet normal 0 0 1
    outer loop
      vertex -98.4725 -15.5965 835
      vertex -59.1934 -2.7232 835
      vertex -59.3301 -2.5 835
    endloop
  endfacet
  facet normal 0 0 1
    outer loop
      vertex -98.4725 -15.5965 835
      vertex -59.3301 -2.5 835
      vertex -59.455 -2.26995 835
    endloop
  endfacet
  facet normal 0 0 1
    outer loop
      vertex -98.4725 -15.5965 835
      vertex -59.455 -2.26995 835
      vertex -59.5677 -2.03368 835
    endloop
  endfacet
  facet normal 0 0 1
    outer loop
      vertex -99.1538 -10.4215 835
      vertex -59.5677 -2.03368 835
      vertex -59.6679 -1.79184 835
    endloop
  endfacet
  facet normal 0 0 1
    outer loop
      vertex -99.1538 -10.4215 835
      vertex -59.6679 -1.79184 835
      vertex -59.7553 -1.54508 835
    endloop
  endfacet
  facet normal 0 0 1
    outer loop
      vertex -99.1538 -10.4215 835
      vertex -59.7553 -1.54508 835
      vertex -59.8296 -1.2941 835
    endloop
  endfacet
  facet normal 0 0 1
    outer loop
      vertex -99.5634 -5.21789 835
      vertex -59.8296 -1.2941 835
      vertex -59.8907 -1.03956 835
    endloop
  endfacet
  facet normal 0 0 1
    outer loop
      vertex -99.5634 -5.21789 835
      vertex -59.8907 -1.03956 835
      vertex -59.9384 -0.782172 835
    endloop
  endfacet
  facet normal 0 0 1
    outer loop
      vertex -99.5634 -5.21789 835
      vertex -59.9384 -0.782172 835
      vertex -59.9726 -0.522642 835
    endloop
  endfacet
  facet normal 0 0 1
    outer loop
      vertex -99.5634 -5.21789 835
      vertex -59.9726 -0.522642 835
      vertex -59.9931 -0.26168 835
    endloop
  endfacet
  facet normal -0 0 1
    outer loop
      vertex -99.7 0 835
      vertex -59.9931 -0.26168 835
      vertex -60 0 835
    endloop
  endfacet
  facet normal 0 0 1
    outer loop
      vertex -58.8857 3.1466 835
      vertex -97.5213 20.7288 835
      vertex -59.0451 2.93893 835
    endloop
  endfacet
  facet normal 0 0 1
    outer loop
      vertex -32.4931 -47.3697 835
      vertex -62.7432 -77.4815 835
      vertex -58.6022 -80.659 835
    endloop
  endfacet
  facet normal 0 0 1
    outer loop
      vertex -59.0451 2.93893 835
      vertex -97.5213 20.7288 835
      vertex -59.1934 2.7232 835
    endloop
  endfacet
  facet normal 0 0 1
    outer loop
      vertex -32.4931 -47.3697 835
      vertex -66.7123 -74.0915 835
      vertex -62.7432 -77.4815 835
    endloop
  endfacet
  facet normal -0 0 1
    outer loop
      vertex -98.4725 15.5965 835
      vertex -59.1934 2.7232 835
      vertex -97.5213 20.7288 835
    endloop
  endfacet
  facet normal 0 0 1
    outer loop
      vertex -32.4931 -47.3697 835
      vertex -70.4985 -70.4985 835
      vertex -66.7123 -74.0915 835
    endloop
  endfacet
  facet normal 0 0 1
    outer loop
      vertex -59.1934 2.7232 835
      vertex -98.4725 15.5965 835
      vertex -59.3301 2.5 835
    endloop
  endfacet
  facet normal 0 0 1
    outer loop
      vertex -32.4931 -47.3697 835
      vertex -74.0915 -66.7123 835
      vertex -70.4985 -70.4985 835
    endloop
  endfacet
  facet normal 0 0 1
    outer loop
      vertex -59.3301 2.5 835
      vertex -98.4725 15.5965 835
      vertex -59.455 2.26995 835
    endloop
  endfacet
  facet normal 0 0 1
    outer loop
      vertex -32.4931 -47.3697 835
      vertex -77.4815 -62.7432 835
      vertex -74.0915 -66.7123 835
    endloop
  endfacet
  facet normal 0 0 1
    outer loop
      vertex -59.455 2.26995 835
      vertex -98.4725 15.5965 835
      vertex -59.5677 2.03368 835
    endloop
  endfacet
  facet normal 0 0 1
    outer loop
      vertex -32.4726 -47.1088 835
      vertex -77.4815 -62.7432 835
      vertex -32.4931 -47.3697 835
    endloop
  endfacet
  facet normal -0 0 1
    outer loop
      vertex -99.1538 10.4215 835
      vertex -59.5677 2.03368 835
      vertex -98.4725 15.5965 835
    endloop
  endfacet
  facet normal 0 -0 1
    outer loop
      vertex -77.4815 -62.7432 835
      vertex -32.4726 -47.1088 835
      vertex -80.659 -58.6022 835
    endloop
  endfacet
  facet normal 0 0 1
    outer loop
      vertex -59.5677 2.03368 835
      vertex -99.1538 10.4215 835
      vertex -59.6679 1.79184 835
    endloop
  endfacet
  facet normal 0 0 1
    outer loop
      vertex -32.4384 -46.8492 835
      vertex -80.659 -58.6022 835
      vertex -32.4726 -47.1088 835
    endloop
  endfacet
  facet normal 0 0 1
    outer loop
      vertex -59.6679 1.79184 835
      vertex -99.1538 10.4215 835
      vertex -59.7553 1.54508 835
    endloop
  endfacet
  facet normal 0 0 1
    outer loop
      vertex -56.0396 -4.89074 835
      vertex -88.8334 -45.2629 835
      vertex -86.3427 -49.85 835
    endloop
  endfacet
  facet normal 0 0 1
    outer loop
      vertex -59.7553 1.54508 835
      vertex -99.1538 10.4215 835
      vertex -59.8296 1.2941 835
    endloop
  endfacet
  facet normal 0 0 1
    outer loop
      vertex -56.5451 -4.75528 835
      vertex -91.0805 -40.5516 835
      vertex -88.8334 -45.2629 835
    endloop
  endfacet
  facet normal -0 0 1
    outer loop
      vertex -99.5634 5.21789 835
      vertex -59.8296 1.2941 835
      vertex -99.1538 10.4215 835
    endloop
  endfacet
  facet normal 0 0 1
    outer loop
      vertex -57.0337 -4.56773 835
      vertex -93.078 -35.7293 835
      vertex -91.0805 -40.5516 835
    endloop
  endfacet
  facet normal 0 0 1
    outer loop
      vertex -59.8296 1.2941 835
      vertex -99.5634 5.21789 835
      vertex -59.8907 1.03956 835
    endloop
  endfacet
  facet normal 0 0 1
    outer loop
      vertex -57.7232 -4.19335 835
      vertex -94.8203 -30.809 835
      vertex -93.078 -35.7293 835
    endloop
  endfacet
  facet normal 0 0 1
    outer loop
      vertex -59.8907 1.03956 835
      vertex -99.5634 5.21789 835
      vertex -59.9384 0.782172 835
    endloop
  endfacet
  facet normal 0 0 1
    outer loop
      vertex -58.3457 -3.71572 835
      vertex -96.3028 -25.8043 835
      vertex -94.8203 -30.809 835
    endloop
  endfacet
  facet normal 0 0 1
    outer loop
      vertex -59.9384 0.782172 835
      vertex -99.5634 5.21789 835
      vertex -59.9726 0.522642 835
    endloop
  endfacet
  facet normal 0 0 1
    outer loop
      vertex -58.7157 -3.34565 835
      vertex -97.5213 -20.7288 835
      vertex -96.3028 -25.8043 835
    endloop
  endfacet
  facet normal 0 0 1
    outer loop
      vertex -59.9726 0.522642 835
      vertex -99.5634 5.21789 835
      vertex -59.9931 0.26168 835
    endloop
  endfacet
  facet normal 0 0 1
    outer loop
      vertex -59.1934 -2.7232 835
      vertex -98.4725 -15.5965 835
      vertex -97.5213 -20.7288 835
    endloop
  endfacet
  facet normal 0 0 1
    outer loop
      vertex -99.7 0 835
      vertex -59.9931 0.26168 835
      vertex -99.5634 5.21789 835
    endloop
  endfacet
  facet normal 0 0 1
    outer loop
      vertex -59.5677 -2.03368 835
      vertex -99.1538 -10.4215 835
      vertex -98.4725 -15.5965 835
    endloop
  endfacet
  facet normal 0 0 1
    outer loop
      vertex -59.9931 0.26168 835
      vertex -99.7 0 835
      vertex -60 0 835
    endloop
  endfacet
  facet normal 0 0 1
    outer loop
      vertex -59.8296 -1.2941 835
      vertex -99.5634 -5.21789 835
      vertex -99.1538 -10.4215 835
    endloop
  endfacet
  facet normal 0 0 1
    outer loop
      vertex -59.9931 -0.26168 835
      vertex -99.7 0 835
      vertex -99.5634 -5.21789 835
    endloop
  endfacet
  facet normal 0 0 1
    outer loop
      vertex -23.3066 44.9082 835
      vertex 23.3066 44.9082 835
      vertex -23.1699 45.1314 835
    endloop
  endfacet
  facet normal 0 0 1
    outer loop
      vertex 24.7768 -43.438 835
      vertex -22.5069 -47.3697 835
      vertex -22.5 -47.6314 835
    endloop
  endfacet
  facet normal 0 0 1
    outer loop
      vertex 23.3066 44.9082 835
      vertex -23.3066 44.9082 835
      vertex 23.4549 44.6925 835
    endloop
  endfacet
  facet normal 0 0 1
    outer loop
      vertex 24.7768 -43.438 835
      vertex -22.5274 -47.1088 835
      vertex -22.5069 -47.3697 835
    endloop
  endfacet
  facet normal 0 0 1
    outer loop
      vertex -23.4549 44.6925 835
      vertex 23.4549 44.6925 835
      vertex -23.3066 44.9082 835
    endloop
  endfacet
  facet normal 0 0 1
    outer loop
      vertex 24.7768 -43.438 835
      vertex -22.5616 -46.8492 835
      vertex -22.5274 -47.1088 835
    endloop
  endfacet
  facet normal 0 0 1
    outer loop
      vertex 23.4549 44.6925 835
      vertex -23.4549 44.6925 835
      vertex 23.6143 44.4848 835
    endloop
  endfacet
  facet normal 0 0 1
    outer loop
      vertex 24.7768 -43.438 835
      vertex -22.6093 -46.5918 835
      vertex -22.5616 -46.8492 835
    endloop
  endfacet
  facet normal 0 0 1
    outer loop
      vertex -23.6143 44.4848 835
      vertex 23.6143 44.4848 835
      vertex -23.4549 44.6925 835
    endloop
  endfacet
  facet normal 0 0 1
    outer loop
      vertex 24.7768 -43.438 835
      vertex -22.6704 -46.3373 835
      vertex -22.6093 -46.5918 835
    endloop
  endfacet
  facet normal 0 0 1
    outer loop
      vertex 23.6143 44.4848 835
      vertex -23.6143 44.4848 835
      vertex 23.7843 44.2857 835
    endloop
  endfacet
  facet normal 0 0 1
    outer loop
      vertex 24.7768 -43.438 835
      vertex -22.7447 -46.0863 835
      vertex -22.6704 -46.3373 835
    endloop
  endfacet
  facet normal 0 0 1
    outer loop
      vertex -23.7843 44.2857 835
      vertex 23.7843 44.2857 835
      vertex -23.6143 44.4848 835
    endloop
  endfacet
  facet normal 0 0 1
    outer loop
      vertex 24.7768 -43.438 835
      vertex -22.8321 -45.8396 835
      vertex -22.7447 -46.0863 835
    endloop
  endfacet
  facet normal 0 0 1
    outer loop
      vertex 23.7843 44.2857 835
      vertex -23.7843 44.2857 835
      vertex 23.9645 44.0959 835
    endloop
  endfacet
  facet normal 0 0 1
    outer loop
      vertex 24.7768 -43.438 835
      vertex -22.9323 -45.5977 835
      vertex -22.8321 -45.8396 835
    endloop
  endfacet
  facet normal 0 0 1
    outer loop
      vertex -23.9645 44.0959 835
      vertex 23.9645 44.0959 835
      vertex -23.7843 44.2857 835
    endloop
  endfacet
  facet normal 0 0 1
    outer loop
      vertex 24.7768 -43.438 835
      vertex -23.045 -45.3614 835
      vertex -22.9323 -45.5977 835
    endloop
  endfacet
  facet normal 0 0 1
    outer loop
      vertex 23.9645 44.0959 835
      vertex -23.9645 44.0959 835
      vertex 24.1543 43.9157 835
    endloop
  endfacet
  facet normal 0 0 1
    outer loop
      vertex 24.7768 -43.438 835
      vertex -23.1699 -45.1314 835
      vertex -23.045 -45.3614 835
    endloop
  endfacet
  facet normal 0 0 1
    outer loop
      vertex -24.1543 43.9157 835
      vertex 24.1543 43.9157 835
      vertex -23.9645 44.0959 835
    endloop
  endfacet
  facet normal 0 0 1
    outer loop
      vertex 24.7768 -43.438 835
      vertex -23.3066 -44.9082 835
      vertex -23.1699 -45.1314 835
    endloop
  endfacet
  facet normal 0 0 1
    outer loop
      vertex 24.1543 43.9157 835
      vertex -24.1543 43.9157 835
      vertex 24.3534 43.7457 835
    endloop
  endfacet
  facet normal 0 0 1
    outer loop
      vertex 24.7768 -43.438 835
      vertex -23.4549 -44.6925 835
      vertex -23.3066 -44.9082 835
    endloop
  endfacet
  facet normal 0 0 1
    outer loop
      vertex -24.3534 43.7457 835
      vertex 24.3534 43.7457 835
      vertex -24.1543 43.9157 835
    endloop
  endfacet
  facet normal 0 0 1
    outer loop
      vertex 24.7768 -43.438 835
      vertex -23.6143 -44.4848 835
      vertex -23.4549 -44.6925 835
    endloop
  endfacet
  facet normal 0 0 1
    outer loop
      vertex 24.3534 43.7457 835
      vertex -24.3534 43.7457 835
      vertex 24.5611 43.5863 835
    endloop
  endfacet
  facet normal 0 0 1
    outer loop
      vertex 24.7768 -43.438 835
      vertex -23.7843 -44.2857 835
      vertex -23.6143 -44.4848 835
    endloop
  endfacet
  facet normal 0 0 1
    outer loop
      vertex -24.5611 43.5863 835
      vertex 24.5611 43.5863 835
      vertex -24.3534 43.7457 835
    endloop
  endfacet
  facet normal 0 0 1
    outer loop
      vertex 24.7768 -43.438 835
      vertex -23.9645 -44.0959 835
      vertex -23.7843 -44.2857 835
    endloop
  endfacet
  facet normal 0 0 1
    outer loop
      vertex 24.5611 43.5863 835
      vertex -24.5611 43.5863 835
      vertex 24.7768 43.438 835
    endloop
  endfacet
  facet normal 0 0 1
    outer loop
      vertex 24.7768 -43.438 835
      vertex -24.1543 -43.9157 835
      vertex -23.9645 -44.0959 835
    endloop
  endfacet
  facet normal 0 0 1
    outer loop
      vertex -24.7768 43.438 835
      vertex 24.7768 43.438 835
      vertex -24.5611 43.5863 835
    endloop
  endfacet
  facet normal 0 0 1
    outer loop
      vertex 24.7768 -43.438 835
      vertex -24.3534 -43.7457 835
      vertex -24.1543 -43.9157 835
    endloop
  endfacet
  facet normal 0 0 1
    outer loop
      vertex -25 43.3013 835
      vertex 24.7768 43.438 835
      vertex -24.7768 43.438 835
    endloop
  endfacet
  facet normal 0 0 1
    outer loop
      vertex 24.7768 -43.438 835
      vertex -24.5611 -43.5863 835
      vertex -24.3534 -43.7457 835
    endloop
  endfacet
  facet normal 0 0 1
    outer loop
      vertex 24.7768 43.438 835
      vertex -25 43.3013 835
      vertex 24.7768 -43.438 835
    endloop
  endfacet
  facet normal 0 0 1
    outer loop
      vertex 24.7768 -43.438 835
      vertex -24.7768 -43.438 835
      vertex -24.5611 -43.5863 835
    endloop
  endfacet
  facet normal -0 0 1
    outer loop
      vertex -25 -43.3013 835
      vertex 24.7768 -43.438 835
      vertex -25 43.3013 835
    endloop
  endfacet
  facet normal 0 0 1
    outer loop
      vertex 24.7768 -43.438 835
      vertex -25 -43.3013 835
      vertex -24.7768 -43.438 835
    endloop
  endfacet
  facet normal 0 0 1
    outer loop
      vertex -50 0 835
      vertex -25 43.3013 835
      vertex -25.23 43.1764 835
    endloop
  endfacet
  facet normal 0 0 1
    outer loop
      vertex -25 43.3013 835
      vertex -50 0 835
      vertex -25 -43.3013 835
    endloop
  endfacet
  facet normal 0 0 1
    outer loop
      vertex -50.0069 0.26168 835
      vertex -25.23 43.1764 835
      vertex -25.4663 43.0637 835
    endloop
  endfacet
  facet normal 0 0 1
    outer loop
      vertex -25 -43.3013 835
      vertex -50 0 835
      vertex -25.23 -43.1764 835
    endloop
  endfacet
  facet normal 0 0 1
    outer loop
      vertex -50.0274 0.522642 835
      vertex -25.4663 43.0637 835
      vertex -25.7082 42.9635 835
    endloop
  endfacet
  facet normal -0 0 1
    outer loop
      vertex -50.0069 -0.26168 835
      vertex -25.23 -43.1764 835
      vertex -50 0 835
    endloop
  endfacet
  facet normal 0 0 1
    outer loop
      vertex -50.0616 0.782172 835
      vertex -25.7082 42.9635 835
      vertex -25.9549 42.8761 835
    endloop
  endfacet
  facet normal 0 0 1
    outer loop
      vertex -25.23 -43.1764 835
      vertex -50.0069 -0.26168 835
      vertex -25.4663 -43.0637 835
    endloop
  endfacet
  facet normal 0 0 1
    outer loop
      vertex -50.0616 0.782172 835
      vertex -25.9549 42.8761 835
      vertex -26.2059 42.8018 835
    endloop
  endfacet
  facet normal -0 0 1
    outer loop
      vertex -50.0274 -0.522642 835
      vertex -25.4663 -43.0637 835
      vertex -50.0069 -0.26168 835
    endloop
  endfacet
  facet normal 0 0 1
    outer loop
      vertex -50.0616 0.782172 835
      vertex -26.2059 42.8018 835
      vertex -26.4604 42.7407 835
    endloop
  endfacet
  facet normal 0 0 1
    outer loop
      vertex -25.4663 -43.0637 835
      vertex -50.0274 -0.522642 835
      vertex -25.7082 -42.9635 835
    endloop
  endfacet
  facet normal 0 0 1
    outer loop
      vertex -50.0616 0.782172 835
      vertex -26.4604 42.7407 835
      vertex -26.7178 42.693 835
    endloop
  endfacet
  facet normal -0 0 1
    outer loop
      vertex -50.0616 -0.782172 835
      vertex -25.7082 -42.9635 835
      vertex -50.0274 -0.522642 835
    endloop
  endfacet
  facet normal 0 0 1
    outer loop
      vertex -50.0616 0.782172 835
      vertex -26.7178 42.693 835
      vertex -26.9774 42.6588 835
    endloop
  endfacet
  facet normal 0 0 1
    outer loop
      vertex -25.7082 -42.9635 835
      vertex -50.0616 -0.782172 835
      vertex -25.9549 -42.8761 835
    endloop
  endfacet
  facet normal 0 0 1
    outer loop
      vertex -50.0616 0.782172 835
      vertex -26.9774 42.6588 835
      vertex -27.2383 42.6382 835
    endloop
  endfacet
  facet normal -0 0 1
    outer loop
      vertex -50.1093 -1.03956 835
      vertex -25.9549 -42.8761 835
      vertex -50.0616 -0.782172 835
    endloop
  endfacet
  facet normal 0 0 1
    outer loop
      vertex -50.0616 0.782172 835
      vertex -27.2383 42.6382 835
      vertex -27.5 42.6314 835
    endloop
  endfacet
  facet normal 0 0 1
    outer loop
      vertex -25.9549 -42.8761 835
      vertex -50.1093 -1.03956 835
      vertex -26.2059 -42.8018 835
    endloop
  endfacet
  facet normal 0 0 1
    outer loop
      vertex -50.0616 0.782172 835
      vertex -27.5 42.6314 835
      vertex -27.7617 42.6382 835
    endloop
  endfacet
  facet normal -0 0 1
    outer loop
      vertex -50.1704 -1.2941 835
      vertex -26.2059 -42.8018 835
      vertex -50.1093 -1.03956 835
    endloop
  endfacet
  facet normal 0 0 1
    outer loop
      vertex -50.0616 0.782172 835
      vertex -27.7617 42.6382 835
      vertex -28.0226 42.6588 835
    endloop
  endfacet
  facet normal 0 0 1
    outer loop
      vertex -26.2059 -42.8018 835
      vertex -50.1704 -1.2941 835
      vertex -26.4604 -42.7407 835
    endloop
  endfacet
  facet normal 0 0 1
    outer loop
      vertex -50.0616 0.782172 835
      vertex -28.0226 42.6588 835
      vertex -28.2822 42.693 835
    endloop
  endfacet
  facet normal -0 0 1
    outer loop
      vertex -50.2447 -1.54508 835
      vertex -26.4604 -42.7407 835
      vertex -50.1704 -1.2941 835
    endloop
  endfacet
  facet normal 0 0 1
    outer loop
      vertex -50.0616 0.782172 835
      vertex -28.2822 42.693 835
      vertex -28.5396 42.7407 835
    endloop
  endfacet
  facet normal 0 0 1
    outer loop
      vertex -26.4604 -42.7407 835
      vertex -50.2447 -1.54508 835
      vertex -26.7178 -42.693 835
    endloop
  endfacet
  facet normal 0 0 1
    outer loop
      vertex -50.0616 0.782172 835
      vertex -28.5396 42.7407 835
      vertex -28.7941 42.8018 835
    endloop
  endfacet
  facet normal -0 0 1
    outer loop
      vertex -50.3321 -1.79184 835
      vertex -26.7178 -42.693 835
      vertex -50.2447 -1.54508 835
    endloop
  endfacet
  facet normal 0 0 1
    outer loop
      vertex -50.0616 0.782172 835
      vertex -28.7941 42.8018 835
      vertex -29.0451 42.8761 835
    endloop
  endfacet
  facet normal 0 0 1
    outer loop
      vertex -26.7178 -42.693 835
      vertex -50.3321 -1.79184 835
      vertex -26.9774 -42.6588 835
    endloop
  endfacet
  facet normal 0 0 1
    outer loop
      vertex -50.0616 0.782172 835
      vertex -29.0451 42.8761 835
      vertex -29.2918 42.9635 835
    endloop
  endfacet
  facet normal -0 0 1
    outer loop
      vertex -50.4323 -2.03368 835
      vertex -26.9774 -42.6588 835
      vertex -50.3321 -1.79184 835
    endloop
  endfacet
  facet normal 0 0 1
    outer loop
      vertex -50.0616 0.782172 835
      vertex -29.2918 42.9635 835
      vertex -29.5337 43.0637 835
    endloop
  endfacet
  facet normal 0 0 1
    outer loop
      vertex -26.9774 -42.6588 835
      vertex -50.4323 -2.03368 835
      vertex -27.2383 -42.6382 835
    endloop
  endfacet
  facet normal 0 0 1
    outer loop
      vertex -50.0616 0.782172 835
      vertex -29.5337 43.0637 835
      vertex -29.77 43.1764 835
    endloop
  endfacet
  facet normal -0 0 1
    outer loop
      vertex -50.545 -2.26995 835
      vertex -27.2383 -42.6382 835
      vertex -50.4323 -2.03368 835
    endloop
  endfacet
  facet normal 0 0 1
    outer loop
      vertex -50.0616 0.782172 835
      vertex -29.77 43.1764 835
      vertex -30 43.3013 835
    endloop
  endfacet
  facet normal 0 0 1
    outer loop
      vertex -27.2383 -42.6382 835
      vertex -50.545 -2.26995 835
      vertex -27.5 -42.6314 835
    endloop
  endfacet
  facet normal 0 0 1
    outer loop
      vertex -50.0616 0.782172 835
      vertex -30 43.3013 835
      vertex -30.2232 43.438 835
    endloop
  endfacet
  facet normal -0 0 1
    outer loop
      vertex -50.6699 -2.5 835
      vertex -27.5 -42.6314 835
      vertex -50.545 -2.26995 835
    endloop
  endfacet
  facet normal 0 0 1
    outer loop
      vertex -50.0616 0.782172 835
      vertex -30.2232 43.438 835
      vertex -30.4389 43.5863 835
    endloop
  endfacet
  facet normal 0 0 1
    outer loop
      vertex -27.5 -42.6314 835
      vertex -50.6699 -2.5 835
      vertex -27.7617 -42.6382 835
    endloop
  endfacet
  facet normal 0 0 1
    outer loop
      vertex -50.0616 0.782172 835
      vertex -30.4389 43.5863 835
      vertex -30.6466 43.7457 835
    endloop
  endfacet
  facet normal -0 0 1
    outer loop
      vertex -50.8066 -2.7232 835
      vertex -27.7617 -42.6382 835
      vertex -50.6699 -2.5 835
    endloop
  endfacet
  facet normal 0 0 1
    outer loop
      vertex -50.0616 0.782172 835
      vertex -30.6466 43.7457 835
      vertex -30.8457 43.9157 835
    endloop
  endfacet
  facet normal 0 0 1
    outer loop
      vertex -27.7617 -42.6382 835
      vertex -50.8066 -2.7232 835
      vertex -28.0226 -42.6588 835
    endloop
  endfacet
  facet normal 0 0 1
    outer loop
      vertex -50.0616 0.782172 835
      vertex -30.8457 43.9157 835
      vertex -31.0355 44.0959 835
    endloop
  endfacet
  facet normal -0 0 1
    outer loop
      vertex -50.9549 -2.93893 835
      vertex -28.0226 -42.6588 835
      vertex -50.8066 -2.7232 835
    endloop
  endfacet
  facet normal 0 0 1
    outer loop
      vertex -50.0616 0.782172 835
      vertex -31.0355 44.0959 835
      vertex -31.2157 44.2857 835
    endloop
  endfacet
  facet normal 0 0 1
    outer loop
      vertex -28.0226 -42.6588 835
      vertex -50.9549 -2.93893 835
      vertex -28.2822 -42.693 835
    endloop
  endfacet
  facet normal 0 0 1
    outer loop
      vertex -50.0616 0.782172 835
      vertex -31.2157 44.2857 835
      vertex -31.3857 44.4848 835
    endloop
  endfacet
  facet normal -0 0 1
    outer loop
      vertex -51.1143 -3.1466 835
      vertex -28.2822 -42.693 835
      vertex -50.9549 -2.93893 835
    endloop
  endfacet
  facet normal 0 0 1
    outer loop
      vertex -50.0616 0.782172 835
      vertex -31.3857 44.4848 835
      vertex -31.5451 44.6925 835
    endloop
  endfacet
  facet normal 0 0 1
    outer loop
      vertex -28.2822 -42.693 835
      vertex -51.1143 -3.1466 835
      vertex -28.5396 -42.7407 835
    endloop
  endfacet
  facet normal 0 0 1
    outer loop
      vertex -50.0616 0.782172 835
      vertex -31.5451 44.6925 835
      vertex -31.6934 44.9082 835
    endloop
  endfacet
  facet normal -0 0 1
    outer loop
      vertex -51.2843 -3.34565 835
      vertex -28.5396 -42.7407 835
      vertex -51.1143 -3.1466 835
    endloop
  endfacet
  facet normal 0 0 1
    outer loop
      vertex -50.0616 0.782172 835
      vertex -31.6934 44.9082 835
      vertex -31.8301 45.1314 835
    endloop
  endfacet
  facet normal 0 0 1
    outer loop
      vertex -28.5396 -42.7407 835
      vertex -51.2843 -3.34565 835
      vertex -28.7941 -42.8018 835
    endloop
  endfacet
  facet normal 0 0 1
    outer loop
      vertex -50.0616 0.782172 835
      vertex -31.8301 45.1314 835
      vertex -31.955 45.3614 835
    endloop
  endfacet
  facet normal -0 0 1
    outer loop
      vertex -51.4645 -3.53553 835
      vertex -28.7941 -42.8018 835
      vertex -51.2843 -3.34565 835
    endloop
  endfacet
  facet normal 0 0 1
    outer loop
      vertex -50.0616 0.782172 835
      vertex -31.955 45.3614 835
      vertex -32.0677 45.5977 835
    endloop
  endfacet
  facet normal 0 0 1
    outer loop
      vertex -28.7941 -42.8018 835
      vertex -51.4645 -3.53553 835
      vertex -29.0451 -42.8761 835
    endloop
  endfacet
  facet normal 0 0 1
    outer loop
      vertex -50.0616 0.782172 835
      vertex -32.0677 45.5977 835
      vertex -32.1679 45.8396 835
    endloop
  endfacet
  facet normal -0 0 1
    outer loop
      vertex -51.6543 -3.71572 835
      vertex -29.0451 -42.8761 835
      vertex -51.4645 -3.53553 835
    endloop
  endfacet
  facet normal 0 0 1
    outer loop
      vertex -50.0616 0.782172 835
      vertex -32.1679 45.8396 835
      vertex -32.2553 46.0863 835
    endloop
  endfacet
  facet normal 0 0 1
    outer loop
      vertex -29.0451 -42.8761 835
      vertex -51.6543 -3.71572 835
      vertex -29.2918 -42.9635 835
    endloop
  endfacet
  facet normal 0 0 1
    outer loop
      vertex -50.0616 0.782172 835
      vertex -32.2553 46.0863 835
      vertex -32.3296 46.3373 835
    endloop
  endfacet
  facet normal -0 0 1
    outer loop
      vertex -51.8534 -3.88573 835
      vertex -29.2918 -42.9635 835
      vertex -51.6543 -3.71572 835
    endloop
  endfacet
  facet normal 0 0 1
    outer loop
      vertex -50.0616 0.782172 835
      vertex -32.3296 46.3373 835
      vertex -32.3907 46.5918 835
    endloop
  endfacet
  facet normal 0 0 1
    outer loop
      vertex -29.2918 -42.9635 835
      vertex -51.8534 -3.88573 835
      vertex -29.5337 -43.0637 835
    endloop
  endfacet
  facet normal 0 0 1
    outer loop
      vertex -50.0616 0.782172 835
      vertex -32.3907 46.5918 835
      vertex -32.4384 46.8492 835
    endloop
  endfacet
  facet normal -0 0 1
    outer loop
      vertex -52.0611 -4.04508 835
      vertex -29.5337 -43.0637 835
      vertex -51.8534 -3.88573 835
    endloop
  endfacet
  facet normal 0 0 1
    outer loop
      vertex -50.0616 0.782172 835
      vertex -32.4384 46.8492 835
      vertex -32.4726 47.1088 835
    endloop
  endfacet
  facet normal 0 0 1
    outer loop
      vertex -29.5337 -43.0637 835
      vertex -52.0611 -4.04508 835
      vertex -29.77 -43.1764 835
    endloop
  endfacet
  facet normal 0 0 1
    outer loop
      vertex -50.0616 0.782172 835
      vertex -32.4726 47.1088 835
      vertex -32.4931 47.3697 835
    endloop
  endfacet
  facet normal -0 0 1
    outer loop
      vertex -52.2768 -4.19335 835
      vertex -29.77 -43.1764 835
      vertex -52.0611 -4.04508 835
    endloop
  endfacet
  facet normal 0 0 1
    outer loop
      vertex -50.0616 0.782172 835
      vertex -32.4931 47.3697 835
      vertex -32.5 47.6314 835
    endloop
  endfacet
  facet normal 0 0 1
    outer loop
      vertex -29.77 -43.1764 835
      vertex -52.2768 -4.19335 835
      vertex -30 -43.3013 835
    endloop
  endfacet
  facet normal 0 0 1
    outer loop
      vertex 22.9323 -49.6651 835
      vertex -22.9323 -49.6651 835
      vertex 23.045 -49.9013 835
    endloop
  endfacet
  facet normal 0 0 1
    outer loop
      vertex -23.045 -49.9013 835
      vertex 23.045 -49.9013 835
      vertex -22.9323 -49.6651 835
    endloop
  endfacet
  facet normal 0 0 1
    outer loop
      vertex 23.045 -49.9013 835
      vertex -23.045 -49.9013 835
      vertex 23.1699 -50.1314 835
    endloop
  endfacet
  facet normal 0 0 1
    outer loop
      vertex -23.1699 -50.1314 835
      vertex 23.1699 -50.1314 835
      vertex -23.045 -49.9013 835
    endloop
  endfacet
  facet normal 0 0 1
    outer loop
      vertex 23.1699 -50.1314 835
      vertex -23.1699 -50.1314 835
      vertex 23.3066 -50.3546 835
    endloop
  endfacet
  facet normal 0 0 1
    outer loop
      vertex -23.3066 -50.3546 835
      vertex 23.3066 -50.3546 835
      vertex -23.1699 -50.1314 835
    endloop
  endfacet
  facet normal 0 0 1
    outer loop
      vertex 23.3066 -50.3546 835
      vertex -23.3066 -50.3546 835
      vertex 23.4549 -50.5703 835
    endloop
  endfacet
  facet normal 0 0 1
    outer loop
      vertex -23.4549 -50.5703 835
      vertex 23.4549 -50.5703 835
      vertex -23.3066 -50.3546 835
    endloop
  endfacet
  facet normal 0 0 1
    outer loop
      vertex -23.6143 -50.778 835
      vertex 23.4549 -50.5703 835
      vertex -23.4549 -50.5703 835
    endloop
  endfacet
  facet normal 0 0 1
    outer loop
      vertex 23.4549 -50.5703 835
      vertex -23.6143 -50.778 835
      vertex 0 -99.7 835
    endloop
  endfacet
  facet normal -0 0 1
    outer loop
      vertex -23.7843 -50.9771 835
      vertex 0 -99.7 835
      vertex -23.6143 -50.778 835
    endloop
  endfacet
  facet normal 0 0 1
    outer loop
      vertex 0 -99.7 835
      vertex -23.7843 -50.9771 835
      vertex -5.21789 -99.5634 835
    endloop
  endfacet
  facet normal -0 0 1
    outer loop
      vertex -23.9645 -51.1669 835
      vertex -5.21789 -99.5634 835
      vertex -23.7843 -50.9771 835
    endloop
  endfacet
  facet normal -0 0 1
    outer loop
      vertex -24.1543 -51.3471 835
      vertex -5.21789 -99.5634 835
      vertex -23.9645 -51.1669 835
    endloop
  endfacet
  facet normal 0 0 1
    outer loop
      vertex -5.21789 -99.5634 835
      vertex -24.1543 -51.3471 835
      vertex -10.4215 -99.1538 835
    endloop
  endfacet
  facet normal -0 0 1
    outer loop
      vertex -24.3534 -51.5171 835
      vertex -10.4215 -99.1538 835
      vertex -24.1543 -51.3471 835
    endloop
  endfacet
  facet normal -0 0 1
    outer loop
      vertex -24.5611 -51.6765 835
      vertex -10.4215 -99.1538 835
      vertex -24.3534 -51.5171 835
    endloop
  endfacet
  facet normal 0 0 1
    outer loop
      vertex -10.4215 -99.1538 835
      vertex -24.5611 -51.6765 835
      vertex -15.5965 -98.4725 835
    endloop
  endfacet
  facet normal -0 0 1
    outer loop
      vertex -24.7768 -51.8247 835
      vertex -15.5965 -98.4725 835
      vertex -24.5611 -51.6765 835
    endloop
  endfacet
  facet normal -0 0 1
    outer loop
      vertex -25 -51.9615 835
      vertex -15.5965 -98.4725 835
      vertex -24.7768 -51.8247 835
    endloop
  endfacet
  facet normal -0 0 1
    outer loop
      vertex -25.23 -52.0864 835
      vertex -15.5965 -98.4725 835
      vertex -25 -51.9615 835
    endloop
  endfacet
  facet normal 0 0 1
    outer loop
      vertex -15.5965 -98.4725 835
      vertex -25.23 -52.0864 835
      vertex -20.7288 -97.5213 835
    endloop
  endfacet
  facet normal -0 0 1
    outer loop
      vertex -25.4663 -52.1991 835
      vertex -20.7288 -97.5213 835
      vertex -25.23 -52.0864 835
    endloop
  endfacet
  facet normal -0 0 1
    outer loop
      vertex -25.7082 -52.2993 835
      vertex -20.7288 -97.5213 835
      vertex -25.4663 -52.1991 835
    endloop
  endfacet
  facet normal 0 0 1
    outer loop
      vertex -25.7082 -52.2993 835
      vertex -25.8043 -96.3028 835
      vertex -20.7288 -97.5213 835
    endloop
  endfacet
  facet normal -0 0 1
    outer loop
      vertex -25.9549 -52.3867 835
      vertex -25.8043 -96.3028 835
      vertex -25.7082 -52.2993 835
    endloop
  endfacet
  facet normal -0 0 1
    outer loop
      vertex -26.2059 -52.461 835
      vertex -25.8043 -96.3028 835
      vertex -25.9549 -52.3867 835
    endloop
  endfacet
  facet normal -0 0 1
    outer loop
      vertex -26.4604 -52.5221 835
      vertex -25.8043 -96.3028 835
      vertex -26.2059 -52.461 835
    endloop
  endfacet
  facet normal 0 0 1
    outer loop
      vertex -30.809 -94.8203 835
      vertex -26.4604 -52.5221 835
      vertex -26.7178 -52.5698 835
    endloop
  endfacet
  facet normal 0 0 1
    outer loop
      vertex -30.809 -94.8203 835
      vertex -26.7178 -52.5698 835
      vertex -26.9774 -52.604 835
    endloop
  endfacet
  facet normal 0 0 1
    outer loop
      vertex -30.809 -94.8203 835
      vertex -26.9774 -52.604 835
      vertex -27.2383 -52.6245 835
    endloop
  endfacet
  facet normal 0 0 1
    outer loop
      vertex -35.7293 -93.078 835
      vertex -27.2383 -52.6245 835
      vertex -27.5 -52.6314 835
    endloop
  endfacet
  facet normal 0 0 1
    outer loop
      vertex -35.7293 -93.078 835
      vertex -27.5 -52.6314 835
      vertex -27.7617 -52.6245 835
    endloop
  endfacet
  facet normal 0 0 1
    outer loop
      vertex -35.7293 -93.078 835
      vertex -27.7617 -52.6245 835
      vertex -28.0226 -52.604 835
    endloop
  endfacet
  facet normal 0 0 1
    outer loop
      vertex -40.5516 -91.0805 835
      vertex -28.0226 -52.604 835
      vertex -28.2822 -52.5698 835
    endloop
  endfacet
  facet normal 0 0 1
    outer loop
      vertex -40.5516 -91.0805 835
      vertex -28.2822 -52.5698 835
      vertex -28.5396 -52.5221 835
    endloop
  endfacet
  facet normal 0 0 1
    outer loop
      vertex -40.5516 -91.0805 835
      vertex -28.5396 -52.5221 835
      vertex -28.7941 -52.461 835
    endloop
  endfacet
  facet normal 0 0 1
    outer loop
      vertex -45.2629 -88.8334 835
      vertex -28.7941 -52.461 835
      vertex -29.0451 -52.3867 835
    endloop
  endfacet
  facet normal 0 0 1
    outer loop
      vertex -45.2629 -88.8334 835
      vertex -29.0451 -52.3867 835
      vertex -29.2918 -52.2993 835
    endloop
  endfacet
  facet normal 0 0 1
    outer loop
      vertex -45.2629 -88.8334 835
      vertex -29.2918 -52.2993 835
      vertex -29.5337 -52.1991 835
    endloop
  endfacet
  facet normal 0 0 1
    outer loop
      vertex -45.2629 -88.8334 835
      vertex -29.5337 -52.1991 835
      vertex -29.77 -52.0864 835
    endloop
  endfacet
  facet normal 0 0 1
    outer loop
      vertex -49.85 -86.3427 835
      vertex -29.77 -52.0864 835
      vertex -30 -51.9615 835
    endloop
  endfacet
  facet normal 0 0 1
    outer loop
      vertex -49.85 -86.3427 835
      vertex -30 -51.9615 835
      vertex -30.2232 -51.8247 835
    endloop
  endfacet
  facet normal 0 0 1
    outer loop
      vertex -49.85 -86.3427 835
      vertex -30.2232 -51.8247 835
      vertex -30.4389 -51.6765 835
    endloop
  endfacet
  facet normal 0 0 1
    outer loop
      vertex -49.85 -86.3427 835
      vertex -30.4389 -51.6765 835
      vertex -30.6466 -51.5171 835
    endloop
  endfacet
  facet normal 0 0 1
    outer loop
      vertex -26.4604 -52.5221 835
      vertex -30.809 -94.8203 835
      vertex -25.8043 -96.3028 835
    endloop
  endfacet
  facet normal 0 0 1
    outer loop
      vertex -49.85 -86.3427 835
      vertex -30.6466 -51.5171 835
      vertex -30.8457 -51.3471 835
    endloop
  endfacet
  facet normal 0 0 1
    outer loop
      vertex -49.85 -86.3427 835
      vertex -30.8457 -51.3471 835
      vertex -31.0355 -51.1669 835
    endloop
  endfacet
  facet normal 0 0 1
    outer loop
      vertex -49.85 -86.3427 835
      vertex -31.0355 -51.1669 835
      vertex -31.2157 -50.9771 835
    endloop
  endfacet
  facet normal 0 0 1
    outer loop
      vertex -49.85 -86.3427 835
      vertex -31.2157 -50.9771 835
      vertex -31.3857 -50.778 835
    endloop
  endfacet
  facet normal 0 0 1
    outer loop
      vertex -49.85 -86.3427 835
      vertex -31.3857 -50.778 835
      vertex -31.5451 -50.5703 835
    endloop
  endfacet
  facet normal 0 0 1
    outer loop
      vertex -49.85 -86.3427 835
      vertex -31.5451 -50.5703 835
      vertex -31.6934 -50.3546 835
    endloop
  endfacet
  facet normal 0 0 1
    outer loop
      vertex -49.85 -86.3427 835
      vertex -31.6934 -50.3546 835
      vertex -31.8301 -50.1314 835
    endloop
  endfacet
  facet normal 0 0 1
    outer loop
      vertex -49.85 -86.3427 835
      vertex -31.8301 -50.1314 835
      vertex -31.955 -49.9013 835
    endloop
  endfacet
  facet normal 0 0 1
    outer loop
      vertex -49.85 -86.3427 835
      vertex -31.955 -49.9013 835
      vertex -32.0677 -49.6651 835
    endloop
  endfacet
  facet normal 0 0 1
    outer loop
      vertex -49.85 -86.3427 835
      vertex -32.0677 -49.6651 835
      vertex -32.1679 -49.4232 835
    endloop
  endfacet
  facet normal 0 0 1
    outer loop
      vertex -49.85 -86.3427 835
      vertex -32.1679 -49.4232 835
      vertex -32.2553 -49.1765 835
    endloop
  endfacet
  facet normal 0 0 1
    outer loop
      vertex -49.85 -86.3427 835
      vertex -32.2553 -49.1765 835
      vertex -32.3296 -48.9255 835
    endloop
  endfacet
  facet normal 0 0 1
    outer loop
      vertex -49.85 -86.3427 835
      vertex -32.3296 -48.9255 835
      vertex -32.3907 -48.671 835
    endloop
  endfacet
  facet normal 0 0 1
    outer loop
      vertex -49.85 -86.3427 835
      vertex -32.3907 -48.671 835
      vertex -32.4384 -48.4136 835
    endloop
  endfacet
  facet normal 0 0 1
    outer loop
      vertex -49.85 -86.3427 835
      vertex -32.4384 -48.4136 835
      vertex -32.4726 -48.154 835
    endloop
  endfacet
  facet normal 0 0 1
    outer loop
      vertex -49.85 -86.3427 835
      vertex -32.4726 -48.154 835
      vertex -32.4931 -47.8931 835
    endloop
  endfacet
  facet normal 0 0 1
    outer loop
      vertex -27.2383 -52.6245 835
      vertex -35.7293 -93.078 835
      vertex -30.809 -94.8203 835
    endloop
  endfacet
  facet normal 0 0 1
    outer loop
      vertex -49.85 -86.3427 835
      vertex -32.4931 -47.8931 835
      vertex -32.5 -47.6314 835
    endloop
  endfacet
  facet normal 0 0 1
    outer loop
      vertex -25.7082 42.9635 835
      vertex -50.0616 0.782172 835
      vertex -50.0274 0.522642 835
    endloop
  endfacet
  facet normal 0 0 1
    outer loop
      vertex -51.6543 3.71572 835
      vertex -35.7293 93.078 835
      vertex -40.5516 91.0805 835
    endloop
  endfacet
  facet normal 0 0 1
    outer loop
      vertex -32.4931 -47.3697 835
      vertex -49.85 -86.3427 835
      vertex -32.5 -47.6314 835
    endloop
  endfacet
  facet normal 0 0 1
    outer loop
      vertex -51.8534 3.88573 835
      vertex -40.5516 91.0805 835
      vertex -45.2629 88.8334 835
    endloop
  endfacet
  facet normal 0 0 1
    outer loop
      vertex -28.0226 -52.604 835
      vertex -40.5516 -91.0805 835
      vertex -35.7293 -93.078 835
    endloop
  endfacet
  facet normal 0 0 1
    outer loop
      vertex -52.0611 4.04508 835
      vertex -45.2629 88.8334 835
      vertex -49.85 86.3427 835
    endloop
  endfacet
  facet normal 0 0 1
    outer loop
      vertex -28.7941 -52.461 835
      vertex -45.2629 -88.8334 835
      vertex -40.5516 -91.0805 835
    endloop
  endfacet
  facet normal 0 0 1
    outer loop
      vertex -29.77 -52.0864 835
      vertex -49.85 -86.3427 835
      vertex -45.2629 -88.8334 835
    endloop
  endfacet
  facet normal -0 0 1
    outer loop
      vertex -52.5 -4.33013 835
      vertex -30 -43.3013 835
      vertex -52.2768 -4.19335 835
    endloop
  endfacet
  facet normal 0 0 1
    outer loop
      vertex -25.23 43.1764 835
      vertex -50.0069 0.26168 835
      vertex -50 0 835
    endloop
  endfacet
  facet normal 0 0 1
    outer loop
      vertex -25.4663 43.0637 835
      vertex -50.0274 0.522642 835
      vertex -50.0069 0.26168 835
    endloop
  endfacet
  facet normal 0 0 1
    outer loop
      vertex -35.7293 93.078 835
      vertex -50.1093 1.03956 835
      vertex -50.0616 0.782172 835
    endloop
  endfacet
  facet normal 0 0 1
    outer loop
      vertex -35.7293 93.078 835
      vertex -50.1704 1.2941 835
      vertex -50.1093 1.03956 835
    endloop
  endfacet
  facet normal 0 0 1
    outer loop
      vertex -35.7293 93.078 835
      vertex -50.2447 1.54508 835
      vertex -50.1704 1.2941 835
    endloop
  endfacet
  facet normal 0 0 1
    outer loop
      vertex -35.7293 93.078 835
      vertex -50.3321 1.79184 835
      vertex -50.2447 1.54508 835
    endloop
  endfacet
  facet normal 0 0 1
    outer loop
      vertex -35.7293 93.078 835
      vertex -50.4323 2.03368 835
      vertex -50.3321 1.79184 835
    endloop
  endfacet
  facet normal 0 0 1
    outer loop
      vertex -35.7293 93.078 835
      vertex -50.545 2.26995 835
      vertex -50.4323 2.03368 835
    endloop
  endfacet
  facet normal 0 0 1
    outer loop
      vertex -35.7293 93.078 835
      vertex -50.6699 2.5 835
      vertex -50.545 2.26995 835
    endloop
  endfacet
  facet normal 0 0 1
    outer loop
      vertex -35.7293 93.078 835
      vertex -50.8066 2.7232 835
      vertex -50.6699 2.5 835
    endloop
  endfacet
  facet normal 0 0 1
    outer loop
      vertex -35.7293 93.078 835
      vertex -50.9549 2.93893 835
      vertex -50.8066 2.7232 835
    endloop
  endfacet
  facet normal 0 0 1
    outer loop
      vertex -35.7293 93.078 835
      vertex -51.1143 3.1466 835
      vertex -50.9549 2.93893 835
    endloop
  endfacet
  facet normal 0 0 1
    outer loop
      vertex -35.7293 93.078 835
      vertex -51.2843 3.34565 835
      vertex -51.1143 3.1466 835
    endloop
  endfacet
  facet normal 0 0 1
    outer loop
      vertex -35.7293 93.078 835
      vertex -51.4645 3.53553 835
      vertex -51.2843 3.34565 835
    endloop
  endfacet
  facet normal 0 0 1
    outer loop
      vertex -35.7293 93.078 835
      vertex -51.6543 3.71572 835
      vertex -51.4645 3.53553 835
    endloop
  endfacet
  facet normal 0 0 1
    outer loop
      vertex -40.5516 91.0805 835
      vertex -51.8534 3.88573 835
      vertex -51.6543 3.71572 835
    endloop
  endfacet
  facet normal 0 0 1
    outer loop
      vertex -45.2629 88.8334 835
      vertex -52.0611 4.04508 835
      vertex -51.8534 3.88573 835
    endloop
  endfacet
  facet normal 0 0 1
    outer loop
      vertex -49.85 86.3427 835
      vertex -52.2768 4.19335 835
      vertex -52.0611 4.04508 835
    endloop
  endfacet
  facet normal 0 0 1
    outer loop
      vertex -49.85 86.3427 835
      vertex -52.5 4.33013 835
      vertex -52.2768 4.19335 835
    endloop
  endfacet
  facet normal -0 0 1
    outer loop
      vertex -54.3005 83.6155 835
      vertex -52.5 4.33013 835
      vertex -49.85 86.3427 835
    endloop
  endfacet
  facet normal 0 0 1
    outer loop
      vertex -52.5 4.33013 835
      vertex -54.3005 83.6155 835
      vertex -52.73 4.45503 835
    endloop
  endfacet
  facet normal -0 0 1
    outer loop
      vertex -58.6022 80.659 835
      vertex -52.73 4.45503 835
      vertex -54.3005 83.6155 835
    endloop
  endfacet
  facet normal 0 0 1
    outer loop
      vertex -52.73 4.45503 835
      vertex -58.6022 80.659 835
      vertex -52.9663 4.56773 835
    endloop
  endfacet
  facet normal -0 0 1
    outer loop
      vertex -62.7432 77.4815 835
      vertex -52.9663 4.56773 835
      vertex -58.6022 80.659 835
    endloop
  endfacet
  facet normal 0 0 1
    outer loop
      vertex -52.9663 4.56773 835
      vertex -62.7432 77.4815 835
      vertex -53.2082 4.6679 835
    endloop
  endfacet
  facet normal -0 0 1
    outer loop
      vertex -66.7123 74.0915 835
      vertex -53.2082 4.6679 835
      vertex -62.7432 77.4815 835
    endloop
  endfacet
  facet normal 0 0 1
    outer loop
      vertex -53.2082 4.6679 835
      vertex -66.7123 74.0915 835
      vertex -53.4549 4.75528 835
    endloop
  endfacet
  facet normal -0 0 1
    outer loop
      vertex -70.4985 70.4985 835
      vertex -53.4549 4.75528 835
      vertex -66.7123 74.0915 835
    endloop
  endfacet
  facet normal 0 0 1
    outer loop
      vertex -53.4549 4.75528 835
      vertex -70.4985 70.4985 835
      vertex -53.7059 4.82963 835
    endloop
  endfacet
  facet normal -0 0 1
    outer loop
      vertex -74.0915 66.7123 835
      vertex -53.7059 4.82963 835
      vertex -70.4985 70.4985 835
    endloop
  endfacet
  facet normal 0 0 1
    outer loop
      vertex -53.7059 4.82963 835
      vertex -74.0915 66.7123 835
      vertex -53.9604 4.89074 835
    endloop
  endfacet
  facet normal 0 0 1
    outer loop
      vertex -53.9604 4.89074 835
      vertex -74.0915 66.7123 835
      vertex -54.2178 4.93844 835
    endloop
  endfacet
  facet normal -0 0 1
    outer loop
      vertex -77.4815 62.7432 835
      vertex -54.2178 4.93844 835
      vertex -74.0915 66.7123 835
    endloop
  endfacet
  facet normal 0 0 1
    outer loop
      vertex -54.2178 4.93844 835
      vertex -77.4815 62.7432 835
      vertex -54.4774 4.97261 835
    endloop
  endfacet
  facet normal 0 0 1
    outer loop
      vertex -54.4774 4.97261 835
      vertex -77.4815 62.7432 835
      vertex -54.7383 4.99315 835
    endloop
  endfacet
  facet normal -0 0 1
    outer loop
      vertex -80.659 58.6022 835
      vertex -54.7383 4.99315 835
      vertex -77.4815 62.7432 835
    endloop
  endfacet
  facet normal 0 0 1
    outer loop
      vertex -54.7383 4.99315 835
      vertex -80.659 58.6022 835
      vertex -55 5 835
    endloop
  endfacet
  facet normal -0 0 1
    outer loop
      vertex -83.6155 54.3005 835
      vertex -55 5 835
      vertex -80.659 58.6022 835
    endloop
  endfacet
  facet normal 0 0 1
    outer loop
      vertex -55 5 835
      vertex -83.6155 54.3005 835
      vertex -55.2617 4.99315 835
    endloop
  endfacet
  facet normal 0 0 1
    outer loop
      vertex -55.2617 4.99315 835
      vertex -83.6155 54.3005 835
      vertex -55.5226 4.97261 835
    endloop
  endfacet
  facet normal -0 0 1
    outer loop
      vertex -86.3427 49.85 835
      vertex -55.5226 4.97261 835
      vertex -83.6155 54.3005 835
    endloop
  endfacet
  facet normal 0 0 1
    outer loop
      vertex -55.5226 4.97261 835
      vertex -86.3427 49.85 835
      vertex -55.7822 4.93844 835
    endloop
  endfacet
  facet normal 0 0 1
    outer loop
      vertex -55.7822 4.93844 835
      vertex -86.3427 49.85 835
      vertex -56.0396 4.89074 835
    endloop
  endfacet
  facet normal -0 0 1
    outer loop
      vertex -88.8334 45.2629 835
      vertex -56.0396 4.89074 835
      vertex -86.3427 49.85 835
    endloop
  endfacet
  facet normal 0 0 1
    outer loop
      vertex -56.0396 4.89074 835
      vertex -88.8334 45.2629 835
      vertex -56.2941 4.82963 835
    endloop
  endfacet
  facet normal 0 0 1
    outer loop
      vertex -56.2941 4.82963 835
      vertex -88.8334 45.2629 835
      vertex -56.5451 4.75528 835
    endloop
  endfacet
  facet normal -0 0 1
    outer loop
      vertex -91.0805 40.5516 835
      vertex -56.5451 4.75528 835
      vertex -88.8334 45.2629 835
    endloop
  endfacet
  facet normal 0 0 1
    outer loop
      vertex -56.5451 4.75528 835
      vertex -91.0805 40.5516 835
      vertex -56.7918 4.6679 835
    endloop
  endfacet
  facet normal 0 0 1
    outer loop
      vertex -56.7918 4.6679 835
      vertex -91.0805 40.5516 835
      vertex -57.0337 4.56773 835
    endloop
  endfacet
  facet normal -0 0 1
    outer loop
      vertex -93.078 35.7293 835
      vertex -57.0337 4.56773 835
      vertex -91.0805 40.5516 835
    endloop
  endfacet
  facet normal 0 0 1
    outer loop
      vertex -57.0337 4.56773 835
      vertex -93.078 35.7293 835
      vertex -57.27 4.45503 835
    endloop
  endfacet
  facet normal 0 0 1
    outer loop
      vertex -57.27 4.45503 835
      vertex -93.078 35.7293 835
      vertex -57.5 4.33013 835
    endloop
  endfacet
  facet normal 0 0 1
    outer loop
      vertex -57.5 4.33013 835
      vertex -93.078 35.7293 835
      vertex -57.7232 4.19335 835
    endloop
  endfacet
  facet normal -0 0 1
    outer loop
      vertex -94.8203 30.809 835
      vertex -57.7232 4.19335 835
      vertex -93.078 35.7293 835
    endloop
  endfacet
  facet normal 0 0 1
    outer loop
      vertex -57.7232 4.19335 835
      vertex -94.8203 30.809 835
      vertex -57.9389 4.04508 835
    endloop
  endfacet
  facet normal 0 0 1
    outer loop
      vertex -57.9389 4.04508 835
      vertex -94.8203 30.809 835
      vertex -58.1466 3.88573 835
    endloop
  endfacet
  facet normal 0 0 1
    outer loop
      vertex -58.1466 3.88573 835
      vertex -94.8203 30.809 835
      vertex -58.3457 3.71572 835
    endloop
  endfacet
  facet normal -0 0 1
    outer loop
      vertex -96.3028 25.8043 835
      vertex -58.3457 3.71572 835
      vertex -94.8203 30.809 835
    endloop
  endfacet
  facet normal 0 0 1
    outer loop
      vertex -58.3457 3.71572 835
      vertex -96.3028 25.8043 835
      vertex -58.5355 3.53553 835
    endloop
  endfacet
  facet normal 0 0 1
    outer loop
      vertex -58.5355 3.53553 835
      vertex -96.3028 25.8043 835
      vertex -58.7157 3.34565 835
    endloop
  endfacet
  facet normal -0 0 1
    outer loop
      vertex -97.5213 20.7288 835
      vertex -58.7157 3.34565 835
      vertex -96.3028 25.8043 835
    endloop
  endfacet
  facet normal 0 0 1
    outer loop
      vertex -58.7157 3.34565 835
      vertex -97.5213 20.7288 835
      vertex -58.8857 3.1466 835
    endloop
  endfacet
  facet normal -0 0 1
    outer loop
      vertex 29.77 43.1764 835
      vertex 52.2768 4.19335 835
      vertex 30 43.3013 835
    endloop
  endfacet
  facet normal 0 0 1
    outer loop
      vertex 50 0 835
      vertex 32.4931 -47.3697 835
      vertex 32.5 -47.6314 835
    endloop
  endfacet
  facet normal 0 0 1
    outer loop
      vertex 52.2768 4.19335 835
      vertex 29.77 43.1764 835
      vertex 52.0611 4.04508 835
    endloop
  endfacet
  facet normal 0 0 1
    outer loop
      vertex 50 0 835
      vertex 32.4726 -47.1088 835
      vertex 32.4931 -47.3697 835
    endloop
  endfacet
  facet normal -0 0 1
    outer loop
      vertex 29.5337 43.0637 835
      vertex 52.0611 4.04508 835
      vertex 29.77 43.1764 835
    endloop
  endfacet
  facet normal 0 0 1
    outer loop
      vertex 50 0 835
      vertex 32.4384 -46.8492 835
      vertex 32.4726 -47.1088 835
    endloop
  endfacet
  facet normal 0 0 1
    outer loop
      vertex 52.0611 4.04508 835
      vertex 29.5337 43.0637 835
      vertex 51.8534 3.88573 835
    endloop
  endfacet
  facet normal 0 0 1
    outer loop
      vertex 50 0 835
      vertex 32.3907 -46.5918 835
      vertex 32.4384 -46.8492 835
    endloop
  endfacet
  facet normal -0 0 1
    outer loop
      vertex 29.2918 42.9635 835
      vertex 51.8534 3.88573 835
      vertex 29.5337 43.0637 835
    endloop
  endfacet
  facet normal 0 0 1
    outer loop
      vertex 50 0 835
      vertex 32.3296 -46.3373 835
      vertex 32.3907 -46.5918 835
    endloop
  endfacet
  facet normal 0 0 1
    outer loop
      vertex 51.8534 3.88573 835
      vertex 29.2918 42.9635 835
      vertex 51.6543 3.71572 835
    endloop
  endfacet
  facet normal 0 0 1
    outer loop
      vertex 50 0 835
      vertex 32.2553 -46.0863 835
      vertex 32.3296 -46.3373 835
    endloop
  endfacet
  facet normal -0 0 1
    outer loop
      vertex 29.0451 42.8761 835
      vertex 51.6543 3.71572 835
      vertex 29.2918 42.9635 835
    endloop
  endfacet
  facet normal 0 0 1
    outer loop
      vertex 50 0 835
      vertex 32.1679 -45.8396 835
      vertex 32.2553 -46.0863 835
    endloop
  endfacet
  facet normal 0 0 1
    outer loop
      vertex 51.6543 3.71572 835
      vertex 29.0451 42.8761 835
      vertex 51.4645 3.53553 835
    endloop
  endfacet
  facet normal 0 0 1
    outer loop
      vertex 50 0 835
      vertex 32.0677 -45.5977 835
      vertex 32.1679 -45.8396 835
    endloop
  endfacet
  facet normal -0 0 1
    outer loop
      vertex 28.7941 42.8018 835
      vertex 51.4645 3.53553 835
      vertex 29.0451 42.8761 835
    endloop
  endfacet
  facet normal 0 0 1
    outer loop
      vertex 50 0 835
      vertex 31.955 -45.3614 835
      vertex 32.0677 -45.5977 835
    endloop
  endfacet
  facet normal 0 0 1
    outer loop
      vertex 51.4645 3.53553 835
      vertex 28.7941 42.8018 835
      vertex 51.2843 3.34565 835
    endloop
  endfacet
  facet normal 0 0 1
    outer loop
      vertex 50 0 835
      vertex 31.8301 -45.1314 835
      vertex 31.955 -45.3614 835
    endloop
  endfacet
  facet normal -0 0 1
    outer loop
      vertex 28.5396 42.7407 835
      vertex 51.2843 3.34565 835
      vertex 28.7941 42.8018 835
    endloop
  endfacet
  facet normal 0 0 1
    outer loop
      vertex 50 0 835
      vertex 31.6934 -44.9082 835
      vertex 31.8301 -45.1314 835
    endloop
  endfacet
  facet normal 0 0 1
    outer loop
      vertex 51.2843 3.34565 835
      vertex 28.5396 42.7407 835
      vertex 51.1143 3.1466 835
    endloop
  endfacet
  facet normal 0 0 1
    outer loop
      vertex 50 0 835
      vertex 31.5451 -44.6925 835
      vertex 31.6934 -44.9082 835
    endloop
  endfacet
  facet normal -0 0 1
    outer loop
      vertex 28.2822 42.693 835
      vertex 51.1143 3.1466 835
      vertex 28.5396 42.7407 835
    endloop
  endfacet
  facet normal 0 0 1
    outer loop
      vertex 50 0 835
      vertex 31.3857 -44.4848 835
      vertex 31.5451 -44.6925 835
    endloop
  endfacet
  facet normal 0 0 1
    outer loop
      vertex 51.1143 3.1466 835
      vertex 28.2822 42.693 835
      vertex 50.9549 2.93893 835
    endloop
  endfacet
  facet normal 0 0 1
    outer loop
      vertex 50 0 835
      vertex 31.2157 -44.2857 835
      vertex 31.3857 -44.4848 835
    endloop
  endfacet
  facet normal -0 0 1
    outer loop
      vertex 28.0226 42.6588 835
      vertex 50.9549 2.93893 835
      vertex 28.2822 42.693 835
    endloop
  endfacet
  facet normal 0 0 1
    outer loop
      vertex 50 0 835
      vertex 31.0355 -44.0959 835
      vertex 31.2157 -44.2857 835
    endloop
  endfacet
  facet normal 0 0 1
    outer loop
      vertex 50.9549 2.93893 835
      vertex 28.0226 42.6588 835
      vertex 50.8066 2.7232 835
    endloop
  endfacet
  facet normal 0 0 1
    outer loop
      vertex 50 0 835
      vertex 30.8457 -43.9157 835
      vertex 31.0355 -44.0959 835
    endloop
  endfacet
  facet normal -0 0 1
    outer loop
      vertex 27.7617 42.6382 835
      vertex 50.8066 2.7232 835
      vertex 28.0226 42.6588 835
    endloop
  endfacet
  facet normal 0 0 1
    outer loop
      vertex 50 0 835
      vertex 30.6466 -43.7457 835
      vertex 30.8457 -43.9157 835
    endloop
  endfacet
  facet normal 0 0 1
    outer loop
      vertex 50.8066 2.7232 835
      vertex 27.7617 42.6382 835
      vertex 50.6699 2.5 835
    endloop
  endfacet
  facet normal 0 0 1
    outer loop
      vertex 50 0 835
      vertex 30.4389 -43.5863 835
      vertex 30.6466 -43.7457 835
    endloop
  endfacet
  facet normal -0 0 1
    outer loop
      vertex 27.5 42.6314 835
      vertex 50.6699 2.5 835
      vertex 27.7617 42.6382 835
    endloop
  endfacet
  facet normal 0 0 1
    outer loop
      vertex 50 0 835
      vertex 30.2232 -43.438 835
      vertex 30.4389 -43.5863 835
    endloop
  endfacet
  facet normal 0 0 1
    outer loop
      vertex 50.6699 2.5 835
      vertex 27.5 42.6314 835
      vertex 50.545 2.26995 835
    endloop
  endfacet
  facet normal 0 0 1
    outer loop
      vertex 50 0 835
      vertex 30 -43.3013 835
      vertex 30.2232 -43.438 835
    endloop
  endfacet
  facet normal 0 0 1
    outer loop
      vertex 27.2383 42.6382 835
      vertex 50.545 2.26995 835
      vertex 27.5 42.6314 835
    endloop
  endfacet
  facet normal 0 0 1
    outer loop
      vertex 50 0 835
      vertex 29.77 -43.1764 835
      vertex 30 -43.3013 835
    endloop
  endfacet
  facet normal 0 0 1
    outer loop
      vertex 50.545 2.26995 835
      vertex 27.2383 42.6382 835
      vertex 50.4323 2.03368 835
    endloop
  endfacet
  facet normal 0 0 1
    outer loop
      vertex 50 0 835
      vertex 29.5337 -43.0637 835
      vertex 29.77 -43.1764 835
    endloop
  endfacet
  facet normal 0 0 1
    outer loop
      vertex 26.9774 42.6588 835
      vertex 50.4323 2.03368 835
      vertex 27.2383 42.6382 835
    endloop
  endfacet
  facet normal 0 0 1
    outer loop
      vertex 50 0 835
      vertex 29.2918 -42.9635 835
      vertex 29.5337 -43.0637 835
    endloop
  endfacet
  facet normal 0 0 1
    outer loop
      vertex 50.4323 2.03368 835
      vertex 26.9774 42.6588 835
      vertex 50.3321 1.79184 835
    endloop
  endfacet
  facet normal 0 0 1
    outer loop
      vertex 50 0 835
      vertex 29.0451 -42.8761 835
      vertex 29.2918 -42.9635 835
    endloop
  endfacet
  facet normal 0 0 1
    outer loop
      vertex 26.7178 42.693 835
      vertex 50.3321 1.79184 835
      vertex 26.9774 42.6588 835
    endloop
  endfacet
  facet normal 0 0 1
    outer loop
      vertex 50 0 835
      vertex 28.7941 -42.8018 835
      vertex 29.0451 -42.8761 835
    endloop
  endfacet
  facet normal 0 0 1
    outer loop
      vertex 50.3321 1.79184 835
      vertex 26.7178 42.693 835
      vertex 50.2447 1.54508 835
    endloop
  endfacet
  facet normal 0 0 1
    outer loop
      vertex 50 0 835
      vertex 28.5396 -42.7407 835
      vertex 28.7941 -42.8018 835
    endloop
  endfacet
  facet normal 0 0 1
    outer loop
      vertex 26.4604 42.7407 835
      vertex 50.2447 1.54508 835
      vertex 26.7178 42.693 835
    endloop
  endfacet
  facet normal 0 0 1
    outer loop
      vertex 50 0 835
      vertex 28.2822 -42.693 835
      vertex 28.5396 -42.7407 835
    endloop
  endfacet
  facet normal 0 0 1
    outer loop
      vertex 50.2447 1.54508 835
      vertex 26.4604 42.7407 835
      vertex 50.1704 1.2941 835
    endloop
  endfacet
  facet normal 0 0 1
    outer loop
      vertex 50 0 835
      vertex 28.0226 -42.6588 835
      vertex 28.2822 -42.693 835
    endloop
  endfacet
  facet normal 0 0 1
    outer loop
      vertex 26.2059 42.8018 835
      vertex 50.1704 1.2941 835
      vertex 26.4604 42.7407 835
    endloop
  endfacet
  facet normal 0 0 1
    outer loop
      vertex 50 0 835
      vertex 27.7617 -42.6382 835
      vertex 28.0226 -42.6588 835
    endloop
  endfacet
  facet normal 0 0 1
    outer loop
      vertex 50.1704 1.2941 835
      vertex 26.2059 42.8018 835
      vertex 50.1093 1.03956 835
    endloop
  endfacet
  facet normal 0 0 1
    outer loop
      vertex 50 0 835
      vertex 27.5 -42.6314 835
      vertex 27.7617 -42.6382 835
    endloop
  endfacet
  facet normal 0 0 1
    outer loop
      vertex 25.9549 42.8761 835
      vertex 50.1093 1.03956 835
      vertex 26.2059 42.8018 835
    endloop
  endfacet
  facet normal 0 0 1
    outer loop
      vertex 50 0 835
      vertex 27.2383 -42.6382 835
      vertex 27.5 -42.6314 835
    endloop
  endfacet
  facet normal 0 0 1
    outer loop
      vertex 50.1093 1.03956 835
      vertex 25.9549 42.8761 835
      vertex 50.0616 0.782172 835
    endloop
  endfacet
  facet normal 0 0 1
    outer loop
      vertex 50 0 835
      vertex 26.9774 -42.6588 835
      vertex 27.2383 -42.6382 835
    endloop
  endfacet
  facet normal 0 0 1
    outer loop
      vertex 25.7082 42.9635 835
      vertex 50.0616 0.782172 835
      vertex 25.9549 42.8761 835
    endloop
  endfacet
  facet normal 0 0 1
    outer loop
      vertex 50 0 835
      vertex 26.7178 -42.693 835
      vertex 26.9774 -42.6588 835
    endloop
  endfacet
  facet normal 0 0 1
    outer loop
      vertex 50.0616 0.782172 835
      vertex 25.7082 42.9635 835
      vertex 50.0274 0.522642 835
    endloop
  endfacet
  facet normal 0 0 1
    outer loop
      vertex 50 0 835
      vertex 26.4604 -42.7407 835
      vertex 26.7178 -42.693 835
    endloop
  endfacet
  facet normal 0 0 1
    outer loop
      vertex 25.4663 43.0637 835
      vertex 50.0274 0.522642 835
      vertex 25.7082 42.9635 835
    endloop
  endfacet
  facet normal 0 0 1
    outer loop
      vertex 50 0 835
      vertex 26.2059 -42.8018 835
      vertex 26.4604 -42.7407 835
    endloop
  endfacet
  facet normal 0 0 1
    outer loop
      vertex 50.0274 0.522642 835
      vertex 25.4663 43.0637 835
      vertex 50.0069 0.26168 835
    endloop
  endfacet
  facet normal 0 0 1
    outer loop
      vertex 50 0 835
      vertex 25.9549 -42.8761 835
      vertex 26.2059 -42.8018 835
    endloop
  endfacet
  facet normal 0 0 1
    outer loop
      vertex 25.23 43.1764 835
      vertex 50.0069 0.26168 835
      vertex 25.4663 43.0637 835
    endloop
  endfacet
  facet normal 0 0 1
    outer loop
      vertex 50 0 835
      vertex 25.7082 -42.9635 835
      vertex 25.9549 -42.8761 835
    endloop
  endfacet
  facet normal 0 0 1
    outer loop
      vertex 50.0069 0.26168 835
      vertex 25.23 43.1764 835
      vertex 50 0 835
    endloop
  endfacet
  facet normal 0 0 1
    outer loop
      vertex 50 0 835
      vertex 25.4663 -43.0637 835
      vertex 25.7082 -42.9635 835
    endloop
  endfacet
  facet normal 0 0 1
    outer loop
      vertex 25 43.3013 835
      vertex 50 0 835
      vertex 25.23 43.1764 835
    endloop
  endfacet
  facet normal 0 0 1
    outer loop
      vertex 50 0 835
      vertex 25.23 -43.1764 835
      vertex 25.4663 -43.0637 835
    endloop
  endfacet
  facet normal 0 0 1
    outer loop
      vertex 25 -43.3013 835
      vertex 50 0 835
      vertex 25 43.3013 835
    endloop
  endfacet
  facet normal 0 0 1
    outer loop
      vertex 50 0 835
      vertex 25 -43.3013 835
      vertex 25.23 -43.1764 835
    endloop
  endfacet
  facet normal 0 0 1
    outer loop
      vertex 24.7768 43.438 835
      vertex 25 -43.3013 835
      vertex 25 43.3013 835
    endloop
  endfacet
  facet normal 0 0 1
    outer loop
      vertex 24.7768 43.438 835
      vertex 24.7768 -43.438 835
      vertex 25 -43.3013 835
    endloop
  endfacet
  facet normal 0 0 1
    outer loop
      vertex 23.045 45.3614 835
      vertex -23.045 45.3614 835
      vertex 23.1699 45.1314 835
    endloop
  endfacet
  facet normal 0 0 1
    outer loop
      vertex -23.1699 45.1314 835
      vertex 23.1699 45.1314 835
      vertex -23.045 45.3614 835
    endloop
  endfacet
  facet normal 0 0 1
    outer loop
      vertex -23.045 45.3614 835
      vertex 23.045 45.3614 835
      vertex -22.9323 45.5977 835
    endloop
  endfacet
  facet normal 0 0 1
    outer loop
      vertex 23.1699 45.1314 835
      vertex -23.1699 45.1314 835
      vertex 23.3066 44.9082 835
    endloop
  endfacet
  facet normal 0 0 1
    outer loop
      vertex 22.9323 45.5977 835
      vertex -22.9323 45.5977 835
      vertex 23.045 45.3614 835
    endloop
  endfacet
  facet normal 0 0 1
    outer loop
      vertex 24.7768 -43.438 835
      vertex -22.5 -47.6314 835
      vertex 24.5611 -43.5863 835
    endloop
  endfacet
  facet normal 0 0 1
    outer loop
      vertex -22.9323 45.5977 835
      vertex 22.9323 45.5977 835
      vertex -22.8321 45.8396 835
    endloop
  endfacet
  facet normal 0 0 1
    outer loop
      vertex 24.5611 -43.5863 835
      vertex -22.5 -47.6314 835
      vertex 24.3534 -43.7457 835
    endloop
  endfacet
  facet normal 0 0 1
    outer loop
      vertex 22.8321 45.8396 835
      vertex -22.8321 45.8396 835
      vertex 22.9323 45.5977 835
    endloop
  endfacet
  facet normal 0 0 1
    outer loop
      vertex 24.3534 -43.7457 835
      vertex -22.5 -47.6314 835
      vertex 24.1543 -43.9157 835
    endloop
  endfacet
  facet normal 0 0 1
    outer loop
      vertex -22.8321 45.8396 835
      vertex 22.8321 45.8396 835
      vertex -22.7447 46.0863 835
    endloop
  endfacet
  facet normal 0 0 1
    outer loop
      vertex 24.1543 -43.9157 835
      vertex -22.5 -47.6314 835
      vertex 23.9645 -44.0959 835
    endloop
  endfacet
  facet normal 0 0 1
    outer loop
      vertex 22.7447 46.0863 835
      vertex -22.7447 46.0863 835
      vertex 22.8321 45.8396 835
    endloop
  endfacet
  facet normal 0 0 1
    outer loop
      vertex 23.9645 -44.0959 835
      vertex -22.5 -47.6314 835
      vertex 23.7843 -44.2857 835
    endloop
  endfacet
  facet normal 0 0 1
    outer loop
      vertex -22.7447 46.0863 835
      vertex 22.7447 46.0863 835
      vertex -22.6704 46.3373 835
    endloop
  endfacet
  facet normal 0 0 1
    outer loop
      vertex 23.7843 -44.2857 835
      vertex -22.5 -47.6314 835
      vertex 23.6143 -44.4848 835
    endloop
  endfacet
  facet normal 0 0 1
    outer loop
      vertex 22.6704 46.3373 835
      vertex -22.6704 46.3373 835
      vertex 22.7447 46.0863 835
    endloop
  endfacet
  facet normal 0 0 1
    outer loop
      vertex 23.6143 -44.4848 835
      vertex -22.5 -47.6314 835
      vertex 23.4549 -44.6925 835
    endloop
  endfacet
  facet normal 0 0 1
    outer loop
      vertex -22.6704 46.3373 835
      vertex 22.6704 46.3373 835
      vertex -22.6093 46.5918 835
    endloop
  endfacet
  facet normal 0 0 1
    outer loop
      vertex 23.4549 -44.6925 835
      vertex -22.5 -47.6314 835
      vertex 23.3066 -44.9082 835
    endloop
  endfacet
  facet normal 0 0 1
    outer loop
      vertex 22.6093 46.5918 835
      vertex -22.6093 46.5918 835
      vertex 22.6704 46.3373 835
    endloop
  endfacet
  facet normal 0 0 1
    outer loop
      vertex 23.3066 -44.9082 835
      vertex -22.5 -47.6314 835
      vertex 23.1699 -45.1314 835
    endloop
  endfacet
  facet normal 0 0 1
    outer loop
      vertex -22.6093 46.5918 835
      vertex 22.6093 46.5918 835
      vertex -22.5616 46.8492 835
    endloop
  endfacet
  facet normal 0 0 1
    outer loop
      vertex 23.1699 -45.1314 835
      vertex -22.5 -47.6314 835
      vertex 23.045 -45.3614 835
    endloop
  endfacet
  facet normal 0 0 1
    outer loop
      vertex 22.5616 46.8492 835
      vertex -22.5616 46.8492 835
      vertex 22.6093 46.5918 835
    endloop
  endfacet
  facet normal 0 0 1
    outer loop
      vertex 23.045 -45.3614 835
      vertex -22.5 -47.6314 835
      vertex 22.9323 -45.5977 835
    endloop
  endfacet
  facet normal 0 0 1
    outer loop
      vertex -22.5616 46.8492 835
      vertex 22.5616 46.8492 835
      vertex -22.5274 47.1088 835
    endloop
  endfacet
  facet normal 0 0 1
    outer loop
      vertex 22.9323 -45.5977 835
      vertex -22.5 -47.6314 835
      vertex 22.8321 -45.8396 835
    endloop
  endfacet
  facet normal 0 0 1
    outer loop
      vertex 22.5274 47.1088 835
      vertex -22.5274 47.1088 835
      vertex 22.5616 46.8492 835
    endloop
  endfacet
  facet normal 0 0 1
    outer loop
      vertex 22.8321 -45.8396 835
      vertex -22.5 -47.6314 835
      vertex 22.7447 -46.0863 835
    endloop
  endfacet
  facet normal 0 0 1
    outer loop
      vertex -22.5274 47.1088 835
      vertex 22.5274 47.1088 835
      vertex -22.5069 47.3697 835
    endloop
  endfacet
  facet normal 0 0 1
    outer loop
      vertex 22.7447 -46.0863 835
      vertex -22.5 -47.6314 835
      vertex 22.6704 -46.3373 835
    endloop
  endfacet
  facet normal 0 0 1
    outer loop
      vertex 22.5069 47.3697 835
      vertex -22.5069 47.3697 835
      vertex 22.5274 47.1088 835
    endloop
  endfacet
  facet normal 0 0 1
    outer loop
      vertex -22.5 -47.6314 835
      vertex 22.6093 -46.5918 835
      vertex 22.6704 -46.3373 835
    endloop
  endfacet
  facet normal 0 0 1
    outer loop
      vertex -22.5069 47.3697 835
      vertex 22.5069 47.3697 835
      vertex -22.5 47.6314 835
    endloop
  endfacet
  facet normal 0 0 1
    outer loop
      vertex -22.5 -47.6314 835
      vertex 22.5616 -46.8492 835
      vertex 22.6093 -46.5918 835
    endloop
  endfacet
  facet normal -0 0 1
    outer loop
      vertex -22.5 47.6314 835
      vertex 22.5069 47.3697 835
      vertex 22.5 47.6314 835
    endloop
  endfacet
  facet normal 0 0 1
    outer loop
      vertex -22.5 -47.6314 835
      vertex 22.5274 -47.1088 835
      vertex 22.5616 -46.8492 835
    endloop
  endfacet
  facet normal -0 0 1
    outer loop
      vertex 32.1679 -49.4232 835
      vertex 66.7123 -74.0915 835
      vertex 32.2553 -49.1765 835
    endloop
  endfacet
  facet normal -0 0 1
    outer loop
      vertex 32.0677 -49.6651 835
      vertex 66.7123 -74.0915 835
      vertex 32.1679 -49.4232 835
    endloop
  endfacet
  facet normal -0 0 1
    outer loop
      vertex 31.955 -49.9013 835
      vertex 66.7123 -74.0915 835
      vertex 32.0677 -49.6651 835
    endloop
  endfacet
  facet normal 0 0 1
    outer loop
      vertex 66.7123 -74.0915 835
      vertex 31.955 -49.9013 835
      vertex 62.7432 -77.4815 835
    endloop
  endfacet
  facet normal -0 0 1
    outer loop
      vertex 31.8301 -50.1314 835
      vertex 62.7432 -77.4815 835
      vertex 31.955 -49.9013 835
    endloop
  endfacet
  facet normal -0 0 1
    outer loop
      vertex 31.6934 -50.3546 835
      vertex 62.7432 -77.4815 835
      vertex 31.8301 -50.1314 835
    endloop
  endfacet
  facet normal -0 0 1
    outer loop
      vertex 31.5451 -50.5703 835
      vertex 62.7432 -77.4815 835
      vertex 31.6934 -50.3546 835
    endloop
  endfacet
  facet normal 0 0 1
    outer loop
      vertex 62.7432 -77.4815 835
      vertex 31.5451 -50.5703 835
      vertex 58.6022 -80.659 835
    endloop
  endfacet
  facet normal -0 0 1
    outer loop
      vertex 31.3857 -50.778 835
      vertex 58.6022 -80.659 835
      vertex 31.5451 -50.5703 835
    endloop
  endfacet
  facet normal -0 0 1
    outer loop
      vertex 31.2157 -50.9771 835
      vertex 58.6022 -80.659 835
      vertex 31.3857 -50.778 835
    endloop
  endfacet
  facet normal -0 0 1
    outer loop
      vertex 31.0355 -51.1669 835
      vertex 58.6022 -80.659 835
      vertex 31.2157 -50.9771 835
    endloop
  endfacet
  facet normal 0 0 1
    outer loop
      vertex 58.6022 -80.659 835
      vertex 31.0355 -51.1669 835
      vertex 54.3005 -83.6155 835
    endloop
  endfacet
  facet normal -0 0 1
    outer loop
      vertex 30.8457 -51.3471 835
      vertex 54.3005 -83.6155 835
      vertex 31.0355 -51.1669 835
    endloop
  endfacet
  facet normal -0 0 1
    outer loop
      vertex 30.6466 -51.5171 835
      vertex 54.3005 -83.6155 835
      vertex 30.8457 -51.3471 835
    endloop
  endfacet
  facet normal -0 0 1
    outer loop
      vertex 30.4389 -51.6765 835
      vertex 54.3005 -83.6155 835
      vertex 30.6466 -51.5171 835
    endloop
  endfacet
  facet normal 0 0 1
    outer loop
      vertex 54.3005 -83.6155 835
      vertex 30.4389 -51.6765 835
      vertex 49.85 -86.3427 835
    endloop
  endfacet
  facet normal -0 0 1
    outer loop
      vertex 30.2232 -51.8247 835
      vertex 49.85 -86.3427 835
      vertex 30.4389 -51.6765 835
    endloop
  endfacet
  facet normal -0 0 1
    outer loop
      vertex 30 -51.9615 835
      vertex 49.85 -86.3427 835
      vertex 30.2232 -51.8247 835
    endloop
  endfacet
  facet normal -0 0 1
    outer loop
      vertex 29.77 -52.0864 835
      vertex 49.85 -86.3427 835
      vertex 30 -51.9615 835
    endloop
  endfacet
  facet normal 0 0 1
    outer loop
      vertex 49.85 -86.3427 835
      vertex 29.77 -52.0864 835
      vertex 45.2629 -88.8334 835
    endloop
  endfacet
  facet normal -0 0 1
    outer loop
      vertex 29.5337 -52.1991 835
      vertex 45.2629 -88.8334 835
      vertex 29.77 -52.0864 835
    endloop
  endfacet
  facet normal -0 0 1
    outer loop
      vertex 29.2918 -52.2993 835
      vertex 45.2629 -88.8334 835
      vertex 29.5337 -52.1991 835
    endloop
  endfacet
  facet normal -0 0 1
    outer loop
      vertex 29.0451 -52.3867 835
      vertex 45.2629 -88.8334 835
      vertex 29.2918 -52.2993 835
    endloop
  endfacet
  facet normal -0 0 1
    outer loop
      vertex 28.7941 -52.461 835
      vertex 45.2629 -88.8334 835
      vertex 29.0451 -52.3867 835
    endloop
  endfacet
  facet normal 0 0 1
    outer loop
      vertex 45.2629 -88.8334 835
      vertex 28.7941 -52.461 835
      vertex 40.5516 -91.0805 835
    endloop
  endfacet
  facet normal -0 0 1
    outer loop
      vertex 28.5396 -52.5221 835
      vertex 40.5516 -91.0805 835
      vertex 28.7941 -52.461 835
    endloop
  endfacet
  facet normal -0 0 1
    outer loop
      vertex 28.2822 -52.5698 835
      vertex 40.5516 -91.0805 835
      vertex 28.5396 -52.5221 835
    endloop
  endfacet
  facet normal -0 0 1
    outer loop
      vertex 28.0226 -52.604 835
      vertex 40.5516 -91.0805 835
      vertex 28.2822 -52.5698 835
    endloop
  endfacet
  facet normal 0 0 1
    outer loop
      vertex 40.5516 -91.0805 835
      vertex 28.0226 -52.604 835
      vertex 35.7293 -93.078 835
    endloop
  endfacet
  facet normal -0 0 1
    outer loop
      vertex 27.7617 -52.6245 835
      vertex 35.7293 -93.078 835
      vertex 28.0226 -52.604 835
    endloop
  endfacet
  facet normal -0 0 1
    outer loop
      vertex 27.5 -52.6314 835
      vertex 35.7293 -93.078 835
      vertex 27.7617 -52.6245 835
    endloop
  endfacet
  facet normal 0 0 1
    outer loop
      vertex 27.2383 -52.6245 835
      vertex 35.7293 -93.078 835
      vertex 27.5 -52.6314 835
    endloop
  endfacet
  facet normal 0 0 1
    outer loop
      vertex 35.7293 -93.078 835
      vertex 27.2383 -52.6245 835
      vertex 30.809 -94.8203 835
    endloop
  endfacet
  facet normal 0 0 1
    outer loop
      vertex 26.9774 -52.604 835
      vertex 30.809 -94.8203 835
      vertex 27.2383 -52.6245 835
    endloop
  endfacet
  facet normal 0 0 1
    outer loop
      vertex 26.7178 -52.5698 835
      vertex 30.809 -94.8203 835
      vertex 26.9774 -52.604 835
    endloop
  endfacet
  facet normal 0 0 1
    outer loop
      vertex 26.4604 -52.5221 835
      vertex 30.809 -94.8203 835
      vertex 26.7178 -52.5698 835
    endloop
  endfacet
  facet normal 0 0 1
    outer loop
      vertex 25.8043 -96.3028 835
      vertex 26.4604 -52.5221 835
      vertex 26.2059 -52.461 835
    endloop
  endfacet
  facet normal 0 0 1
    outer loop
      vertex 25.8043 -96.3028 835
      vertex 26.2059 -52.461 835
      vertex 25.9549 -52.3867 835
    endloop
  endfacet
  facet normal 0 0 1
    outer loop
      vertex 26.4604 -52.5221 835
      vertex 25.8043 -96.3028 835
      vertex 30.809 -94.8203 835
    endloop
  endfacet
  facet normal 0 0 1
    outer loop
      vertex 25.7082 -52.2993 835
      vertex 25.8043 -96.3028 835
      vertex 25.9549 -52.3867 835
    endloop
  endfacet
  facet normal 0 0 1
    outer loop
      vertex 20.7288 -97.5213 835
      vertex 25.7082 -52.2993 835
      vertex 25.4663 -52.1991 835
    endloop
  endfacet
  facet normal 0 0 1
    outer loop
      vertex 20.7288 -97.5213 835
      vertex 25.4663 -52.1991 835
      vertex 25.23 -52.0864 835
    endloop
  endfacet
  facet normal 0 0 1
    outer loop
      vertex 15.5965 -98.4725 835
      vertex 25.23 -52.0864 835
      vertex 25 -51.9615 835
    endloop
  endfacet
  facet normal 0 0 1
    outer loop
      vertex 15.5965 -98.4725 835
      vertex 25 -51.9615 835
      vertex 24.7768 -51.8247 835
    endloop
  endfacet
  facet normal 0 0 1
    outer loop
      vertex 15.5965 -98.4725 835
      vertex 24.7768 -51.8247 835
      vertex 24.5611 -51.6765 835
    endloop
  endfacet
  facet normal 0 0 1
    outer loop
      vertex 10.4215 -99.1538 835
      vertex 24.5611 -51.6765 835
      vertex 24.3534 -51.5171 835
    endloop
  endfacet
  facet normal 0 0 1
    outer loop
      vertex 10.4215 -99.1538 835
      vertex 24.3534 -51.5171 835
      vertex 24.1543 -51.3471 835
    endloop
  endfacet
  facet normal 0 0 1
    outer loop
      vertex 5.21789 -99.5634 835
      vertex 24.1543 -51.3471 835
      vertex 23.9645 -51.1669 835
    endloop
  endfacet
  facet normal 0 0 1
    outer loop
      vertex 5.21789 -99.5634 835
      vertex 23.9645 -51.1669 835
      vertex 23.7843 -50.9771 835
    endloop
  endfacet
  facet normal 0 0 1
    outer loop
      vertex 0 -99.7 835
      vertex 23.7843 -50.9771 835
      vertex 23.6143 -50.778 835
    endloop
  endfacet
  facet normal 0 0 1
    outer loop
      vertex 0 -99.7 835
      vertex 23.6143 -50.778 835
      vertex 23.4549 -50.5703 835
    endloop
  endfacet
  facet normal 0 0 1
    outer loop
      vertex -22.7447 -49.1765 835
      vertex 22.7447 -49.1765 835
      vertex -22.6704 -48.9255 835
    endloop
  endfacet
  facet normal 0 0 1
    outer loop
      vertex 22.6704 -48.9255 835
      vertex -22.6704 -48.9255 835
      vertex 22.7447 -49.1765 835
    endloop
  endfacet
  facet normal 0 0 1
    outer loop
      vertex -22.6704 -48.9255 835
      vertex 22.6704 -48.9255 835
      vertex -22.6093 -48.671 835
    endloop
  endfacet
  facet normal 0 0 1
    outer loop
      vertex 22.6093 -48.671 835
      vertex -22.6093 -48.671 835
      vertex 22.6704 -48.9255 835
    endloop
  endfacet
  facet normal 0 0 1
    outer loop
      vertex -22.6093 -48.671 835
      vertex 22.6093 -48.671 835
      vertex -22.5616 -48.4136 835
    endloop
  endfacet
  facet normal 0 0 1
    outer loop
      vertex 22.5616 -48.4136 835
      vertex -22.5616 -48.4136 835
      vertex 22.6093 -48.671 835
    endloop
  endfacet
  facet normal 0 0 1
    outer loop
      vertex -22.5616 -48.4136 835
      vertex 22.5616 -48.4136 835
      vertex -22.5274 -48.154 835
    endloop
  endfacet
  facet normal 0 0 1
    outer loop
      vertex 22.5274 -48.154 835
      vertex -22.5274 -48.154 835
      vertex 22.5616 -48.4136 835
    endloop
  endfacet
  facet normal 0 0 1
    outer loop
      vertex -22.5274 -48.154 835
      vertex 22.5274 -48.154 835
      vertex -22.5069 -47.8931 835
    endloop
  endfacet
  facet normal 0 0 1
    outer loop
      vertex 22.5069 -47.8931 835
      vertex -22.5069 -47.8931 835
      vertex 22.5274 -48.154 835
    endloop
  endfacet
  facet normal 0 0 1
    outer loop
      vertex -22.5069 -47.8931 835
      vertex 22.5069 -47.8931 835
      vertex -22.5 -47.6314 835
    endloop
  endfacet
  facet normal 0 0 1
    outer loop
      vertex 25.7082 -52.2993 835
      vertex 20.7288 -97.5213 835
      vertex 25.8043 -96.3028 835
    endloop
  endfacet
  facet normal -0 0 1
    outer loop
      vertex -22.5 -47.6314 835
      vertex 22.5069 -47.8931 835
      vertex 22.5 -47.6314 835
    endloop
  endfacet
  facet normal 0 0 1
    outer loop
      vertex -22.5 -47.6314 835
      vertex 22.5069 -47.3697 835
      vertex 22.5274 -47.1088 835
    endloop
  endfacet
  facet normal 0 0 1
    outer loop
      vertex -22.8321 49.4232 835
      vertex 20.7288 97.5213 835
      vertex 15.5965 98.4725 835
    endloop
  endfacet
  facet normal 0 0 1
    outer loop
      vertex -22.5 -47.6314 835
      vertex 22.5 -47.6314 835
      vertex 22.5069 -47.3697 835
    endloop
  endfacet
  facet normal 0 0 1
    outer loop
      vertex -22.9323 49.6651 835
      vertex 15.5965 98.4725 835
      vertex 10.4215 99.1538 835
    endloop
  endfacet
  facet normal 0 0 1
    outer loop
      vertex 25.23 -52.0864 835
      vertex 15.5965 -98.4725 835
      vertex 20.7288 -97.5213 835
    endloop
  endfacet
  facet normal 0 0 1
    outer loop
      vertex -23.1699 50.1314 835
      vertex 10.4215 99.1538 835
      vertex 5.21789 99.5634 835
    endloop
  endfacet
  facet normal 0 0 1
    outer loop
      vertex 24.5611 -51.6765 835
      vertex 10.4215 -99.1538 835
      vertex 15.5965 -98.4725 835
    endloop
  endfacet
  facet normal 0 0 1
    outer loop
      vertex -23.4549 50.5703 835
      vertex 5.21789 99.5634 835
      vertex 0 99.7 835
    endloop
  endfacet
  facet normal 0 0 1
    outer loop
      vertex 24.1543 -51.3471 835
      vertex 5.21789 -99.5634 835
      vertex 10.4215 -99.1538 835
    endloop
  endfacet
  facet normal 0 0 1
    outer loop
      vertex -23.7843 50.9771 835
      vertex 0 99.7 835
      vertex -5.21789 99.5634 835
    endloop
  endfacet
  facet normal 0 0 1
    outer loop
      vertex 23.7843 -50.9771 835
      vertex 0 -99.7 835
      vertex 5.21789 -99.5634 835
    endloop
  endfacet
  facet normal 0 0 1
    outer loop
      vertex -24.1543 51.3471 835
      vertex -5.21789 99.5634 835
      vertex -10.4215 99.1538 835
    endloop
  endfacet
  facet normal 0 0 1
    outer loop
      vertex 22.7447 -49.1765 835
      vertex -22.7447 -49.1765 835
      vertex 22.8321 -49.4232 835
    endloop
  endfacet
  facet normal 0 0 1
    outer loop
      vertex -24.5611 51.6765 835
      vertex -10.4215 99.1538 835
      vertex -15.5965 98.4725 835
    endloop
  endfacet
  facet normal 0 0 1
    outer loop
      vertex -22.8321 -49.4232 835
      vertex 22.8321 -49.4232 835
      vertex -22.7447 -49.1765 835
    endloop
  endfacet
  facet normal 0 0 1
    outer loop
      vertex -25.23 52.0864 835
      vertex -15.5965 98.4725 835
      vertex -20.7288 97.5213 835
    endloop
  endfacet
  facet normal 0 0 1
    outer loop
      vertex 22.8321 -49.4232 835
      vertex -22.8321 -49.4232 835
      vertex 22.9323 -49.6651 835
    endloop
  endfacet
  facet normal 0 0 1
    outer loop
      vertex -22.9323 -49.6651 835
      vertex 22.9323 -49.6651 835
      vertex -22.8321 -49.4232 835
    endloop
  endfacet
  facet normal 0 0 1
    outer loop
      vertex 20.7288 97.5213 835
      vertex -22.5069 47.8931 835
      vertex -22.5 47.6314 835
    endloop
  endfacet
  facet normal 0 0 1
    outer loop
      vertex 20.7288 97.5213 835
      vertex -22.5274 48.154 835
      vertex -22.5069 47.8931 835
    endloop
  endfacet
  facet normal 0 0 1
    outer loop
      vertex 20.7288 97.5213 835
      vertex -22.5616 48.4136 835
      vertex -22.5274 48.154 835
    endloop
  endfacet
  facet normal 0 0 1
    outer loop
      vertex 20.7288 97.5213 835
      vertex -22.6093 48.671 835
      vertex -22.5616 48.4136 835
    endloop
  endfacet
  facet normal 0 0 1
    outer loop
      vertex 20.7288 97.5213 835
      vertex -22.6704 48.9255 835
      vertex -22.6093 48.671 835
    endloop
  endfacet
  facet normal 0 0 1
    outer loop
      vertex 20.7288 97.5213 835
      vertex -22.7447 49.1765 835
      vertex -22.6704 48.9255 835
    endloop
  endfacet
  facet normal 0 0 1
    outer loop
      vertex 20.7288 97.5213 835
      vertex -22.8321 49.4232 835
      vertex -22.7447 49.1765 835
    endloop
  endfacet
  facet normal 0 0 1
    outer loop
      vertex 15.5965 98.4725 835
      vertex -22.9323 49.6651 835
      vertex -22.8321 49.4232 835
    endloop
  endfacet
  facet normal 0 0 1
    outer loop
      vertex 10.4215 99.1538 835
      vertex -23.045 49.9013 835
      vertex -22.9323 49.6651 835
    endloop
  endfacet
  facet normal 0 0 1
    outer loop
      vertex 10.4215 99.1538 835
      vertex -23.1699 50.1314 835
      vertex -23.045 49.9013 835
    endloop
  endfacet
  facet normal 0 0 1
    outer loop
      vertex 5.21789 99.5634 835
      vertex -23.3066 50.3546 835
      vertex -23.1699 50.1314 835
    endloop
  endfacet
  facet normal 0 0 1
    outer loop
      vertex 5.21789 99.5634 835
      vertex -23.4549 50.5703 835
      vertex -23.3066 50.3546 835
    endloop
  endfacet
  facet normal 0 0 1
    outer loop
      vertex 0 99.7 835
      vertex -23.6143 50.778 835
      vertex -23.4549 50.5703 835
    endloop
  endfacet
  facet normal 0 0 1
    outer loop
      vertex 0 99.7 835
      vertex -23.7843 50.9771 835
      vertex -23.6143 50.778 835
    endloop
  endfacet
  facet normal 0 0 1
    outer loop
      vertex -5.21789 99.5634 835
      vertex -23.9645 51.1669 835
      vertex -23.7843 50.9771 835
    endloop
  endfacet
  facet normal 0 0 1
    outer loop
      vertex -5.21789 99.5634 835
      vertex -24.1543 51.3471 835
      vertex -23.9645 51.1669 835
    endloop
  endfacet
  facet normal 0 0 1
    outer loop
      vertex -10.4215 99.1538 835
      vertex -24.3534 51.5171 835
      vertex -24.1543 51.3471 835
    endloop
  endfacet
  facet normal 0 0 1
    outer loop
      vertex -10.4215 99.1538 835
      vertex -24.5611 51.6765 835
      vertex -24.3534 51.5171 835
    endloop
  endfacet
  facet normal 0 0 1
    outer loop
      vertex -15.5965 98.4725 835
      vertex -24.7768 51.8247 835
      vertex -24.5611 51.6765 835
    endloop
  endfacet
  facet normal 0 0 1
    outer loop
      vertex -15.5965 98.4725 835
      vertex -25 51.9615 835
      vertex -24.7768 51.8247 835
    endloop
  endfacet
  facet normal 0 0 1
    outer loop
      vertex -15.5965 98.4725 835
      vertex -25.23 52.0864 835
      vertex -25 51.9615 835
    endloop
  endfacet
  facet normal 0 0 1
    outer loop
      vertex -20.7288 97.5213 835
      vertex -25.4663 52.1991 835
      vertex -25.23 52.0864 835
    endloop
  endfacet
  facet normal 0 0 1
    outer loop
      vertex -20.7288 97.5213 835
      vertex -25.7082 52.2993 835
      vertex -25.4663 52.1991 835
    endloop
  endfacet
  facet normal -0 0 1
    outer loop
      vertex -25.8043 96.3028 835
      vertex -25.7082 52.2993 835
      vertex -20.7288 97.5213 835
    endloop
  endfacet
  facet normal 0 0 1
    outer loop
      vertex -25.8043 96.3028 835
      vertex -25.9549 52.3867 835
      vertex -25.7082 52.2993 835
    endloop
  endfacet
  facet normal 0 0 1
    outer loop
      vertex -25.8043 96.3028 835
      vertex -26.2059 52.461 835
      vertex -25.9549 52.3867 835
    endloop
  endfacet
  facet normal 0 0 1
    outer loop
      vertex -25.8043 96.3028 835
      vertex -26.4604 52.5221 835
      vertex -26.2059 52.461 835
    endloop
  endfacet
  facet normal -0 0 1
    outer loop
      vertex -30.809 94.8203 835
      vertex -26.4604 52.5221 835
      vertex -25.8043 96.3028 835
    endloop
  endfacet
  facet normal 0 0 1
    outer loop
      vertex -26.4604 52.5221 835
      vertex -30.809 94.8203 835
      vertex -26.7178 52.5698 835
    endloop
  endfacet
  facet normal 0 0 1
    outer loop
      vertex -26.7178 52.5698 835
      vertex -30.809 94.8203 835
      vertex -26.9774 52.604 835
    endloop
  endfacet
  facet normal 0 0 1
    outer loop
      vertex -26.9774 52.604 835
      vertex -30.809 94.8203 835
      vertex -27.2383 52.6245 835
    endloop
  endfacet
  facet normal -0 0 1
    outer loop
      vertex -35.7293 93.078 835
      vertex -27.2383 52.6245 835
      vertex -30.809 94.8203 835
    endloop
  endfacet
  facet normal 0 0 1
    outer loop
      vertex -27.2383 52.6245 835
      vertex -35.7293 93.078 835
      vertex -27.5 52.6314 835
    endloop
  endfacet
  facet normal 0 0 1
    outer loop
      vertex -27.5 52.6314 835
      vertex -35.7293 93.078 835
      vertex -27.7617 52.6245 835
    endloop
  endfacet
  facet normal 0 0 1
    outer loop
      vertex -27.7617 52.6245 835
      vertex -35.7293 93.078 835
      vertex -28.0226 52.604 835
    endloop
  endfacet
  facet normal 0 0 1
    outer loop
      vertex -28.0226 52.604 835
      vertex -35.7293 93.078 835
      vertex -28.2822 52.5698 835
    endloop
  endfacet
  facet normal 0 0 1
    outer loop
      vertex -28.2822 52.5698 835
      vertex -35.7293 93.078 835
      vertex -28.5396 52.5221 835
    endloop
  endfacet
  facet normal 0 0 1
    outer loop
      vertex -28.5396 52.5221 835
      vertex -35.7293 93.078 835
      vertex -28.7941 52.461 835
    endloop
  endfacet
  facet normal 0 0 1
    outer loop
      vertex -28.7941 52.461 835
      vertex -35.7293 93.078 835
      vertex -29.0451 52.3867 835
    endloop
  endfacet
  facet normal 0 0 1
    outer loop
      vertex -29.0451 52.3867 835
      vertex -35.7293 93.078 835
      vertex -29.2918 52.2993 835
    endloop
  endfacet
  facet normal 0 0 1
    outer loop
      vertex -29.2918 52.2993 835
      vertex -35.7293 93.078 835
      vertex -29.5337 52.1991 835
    endloop
  endfacet
  facet normal 0 0 1
    outer loop
      vertex -29.5337 52.1991 835
      vertex -35.7293 93.078 835
      vertex -29.77 52.0864 835
    endloop
  endfacet
  facet normal 0 0 1
    outer loop
      vertex -29.77 52.0864 835
      vertex -35.7293 93.078 835
      vertex -30 51.9615 835
    endloop
  endfacet
  facet normal 0 0 1
    outer loop
      vertex -30 51.9615 835
      vertex -35.7293 93.078 835
      vertex -30.2232 51.8247 835
    endloop
  endfacet
  facet normal 0 0 1
    outer loop
      vertex -30.2232 51.8247 835
      vertex -35.7293 93.078 835
      vertex -30.4389 51.6765 835
    endloop
  endfacet
  facet normal 0 0 1
    outer loop
      vertex -30.4389 51.6765 835
      vertex -35.7293 93.078 835
      vertex -30.6466 51.5171 835
    endloop
  endfacet
  facet normal 0 0 1
    outer loop
      vertex -30.6466 51.5171 835
      vertex -35.7293 93.078 835
      vertex -30.8457 51.3471 835
    endloop
  endfacet
  facet normal 0 0 1
    outer loop
      vertex -30.8457 51.3471 835
      vertex -35.7293 93.078 835
      vertex -31.0355 51.1669 835
    endloop
  endfacet
  facet normal 0 0 1
    outer loop
      vertex -31.0355 51.1669 835
      vertex -35.7293 93.078 835
      vertex -31.2157 50.9771 835
    endloop
  endfacet
  facet normal 0 0 1
    outer loop
      vertex -31.2157 50.9771 835
      vertex -35.7293 93.078 835
      vertex -31.3857 50.778 835
    endloop
  endfacet
  facet normal 0 0 1
    outer loop
      vertex -31.3857 50.778 835
      vertex -35.7293 93.078 835
      vertex -31.5451 50.5703 835
    endloop
  endfacet
  facet normal 0 0 1
    outer loop
      vertex -31.5451 50.5703 835
      vertex -35.7293 93.078 835
      vertex -31.6934 50.3546 835
    endloop
  endfacet
  facet normal 0 0 1
    outer loop
      vertex -31.6934 50.3546 835
      vertex -35.7293 93.078 835
      vertex -31.8301 50.1314 835
    endloop
  endfacet
  facet normal 0 0 1
    outer loop
      vertex -31.8301 50.1314 835
      vertex -35.7293 93.078 835
      vertex -31.955 49.9013 835
    endloop
  endfacet
  facet normal 0 0 1
    outer loop
      vertex -31.955 49.9013 835
      vertex -35.7293 93.078 835
      vertex -32.0677 49.6651 835
    endloop
  endfacet
  facet normal 0 0 1
    outer loop
      vertex -32.0677 49.6651 835
      vertex -35.7293 93.078 835
      vertex -32.1679 49.4232 835
    endloop
  endfacet
  facet normal 0 0 1
    outer loop
      vertex -32.1679 49.4232 835
      vertex -35.7293 93.078 835
      vertex -32.2553 49.1765 835
    endloop
  endfacet
  facet normal 0 0 1
    outer loop
      vertex -32.2553 49.1765 835
      vertex -35.7293 93.078 835
      vertex -32.3296 48.9255 835
    endloop
  endfacet
  facet normal 0 0 1
    outer loop
      vertex -32.3296 48.9255 835
      vertex -35.7293 93.078 835
      vertex -32.3907 48.671 835
    endloop
  endfacet
  facet normal 0 0 1
    outer loop
      vertex -32.3907 48.671 835
      vertex -35.7293 93.078 835
      vertex -32.4384 48.4136 835
    endloop
  endfacet
  facet normal 0 0 1
    outer loop
      vertex -32.4384 48.4136 835
      vertex -35.7293 93.078 835
      vertex -32.4726 48.154 835
    endloop
  endfacet
  facet normal 0 0 1
    outer loop
      vertex -32.4931 47.8931 835
      vertex -50.0616 0.782172 835
      vertex -32.5 47.6314 835
    endloop
  endfacet
  facet normal 0 0 1
    outer loop
      vertex -32.4726 48.154 835
      vertex -50.0616 0.782172 835
      vertex -32.4931 47.8931 835
    endloop
  endfacet
  facet normal 0 0 1
    outer loop
      vertex -50.0616 0.782172 835
      vertex -32.4726 48.154 835
      vertex -35.7293 93.078 835
    endloop
  endfacet
  facet normal -0 0 1
    outer loop
      vertex 59.9931 0.26168 835
      vertex 99.7 0 835
      vertex 99.5634 5.21789 835
    endloop
  endfacet
  facet normal 0 0 1
    outer loop
      vertex 59.8296 1.2941 835
      vertex 99.5634 5.21789 835
      vertex 99.1538 10.4215 835
    endloop
  endfacet
  facet normal 0 0 1
    outer loop
      vertex 99.7 0 835
      vertex 59.9931 0.26168 835
      vertex 60 0 835
    endloop
  endfacet
  facet normal 0 0 1
    outer loop
      vertex 59.5677 2.03368 835
      vertex 99.1538 10.4215 835
      vertex 98.4725 15.5965 835
    endloop
  endfacet
  facet normal 0 0 1
    outer loop
      vertex 59.9931 -0.26168 835
      vertex 99.7 0 835
      vertex 60 0 835
    endloop
  endfacet
  facet normal 0 0 1
    outer loop
      vertex 59.1934 2.7232 835
      vertex 98.4725 15.5965 835
      vertex 97.5213 20.7288 835
    endloop
  endfacet
  facet normal 0 0 1
    outer loop
      vertex 99.7 0 835
      vertex 59.9931 -0.26168 835
      vertex 99.5634 -5.21789 835
    endloop
  endfacet
  facet normal 0 0 1
    outer loop
      vertex 58.7157 3.34565 835
      vertex 97.5213 20.7288 835
      vertex 96.3028 25.8043 835
    endloop
  endfacet
  facet normal -0 0 1
    outer loop
      vertex 59.9726 -0.522642 835
      vertex 99.5634 -5.21789 835
      vertex 59.9931 -0.26168 835
    endloop
  endfacet
  facet normal 0 0 1
    outer loop
      vertex 58.3457 3.71572 835
      vertex 96.3028 25.8043 835
      vertex 94.8203 30.809 835
    endloop
  endfacet
  facet normal -0 0 1
    outer loop
      vertex 59.9384 -0.782172 835
      vertex 99.5634 -5.21789 835
      vertex 59.9726 -0.522642 835
    endloop
  endfacet
  facet normal 0 0 1
    outer loop
      vertex 57.7232 4.19335 835
      vertex 94.8203 30.809 835
      vertex 93.078 35.7293 835
    endloop
  endfacet
  facet normal -0 0 1
    outer loop
      vertex 59.8907 -1.03956 835
      vertex 99.5634 -5.21789 835
      vertex 59.9384 -0.782172 835
    endloop
  endfacet
  facet normal 0 0 1
    outer loop
      vertex 57.0337 4.56773 835
      vertex 93.078 35.7293 835
      vertex 91.0805 40.5516 835
    endloop
  endfacet
  facet normal -0 0 1
    outer loop
      vertex 59.8296 -1.2941 835
      vertex 99.5634 -5.21789 835
      vertex 59.8907 -1.03956 835
    endloop
  endfacet
  facet normal 0 0 1
    outer loop
      vertex 56.5451 4.75528 835
      vertex 91.0805 40.5516 835
      vertex 88.8334 45.2629 835
    endloop
  endfacet
  facet normal 0 0 1
    outer loop
      vertex 99.5634 -5.21789 835
      vertex 59.8296 -1.2941 835
      vertex 99.1538 -10.4215 835
    endloop
  endfacet
  facet normal 0 0 1
    outer loop
      vertex 56.0396 4.89074 835
      vertex 88.8334 45.2629 835
      vertex 86.3427 49.85 835
    endloop
  endfacet
  facet normal -0 0 1
    outer loop
      vertex 59.7553 -1.54508 835
      vertex 99.1538 -10.4215 835
      vertex 59.8296 -1.2941 835
    endloop
  endfacet
  facet normal 0 0 1
    outer loop
      vertex 77.4815 62.7432 835
      vertex 32.4726 47.1088 835
      vertex 80.659 58.6022 835
    endloop
  endfacet
  facet normal -0 0 1
    outer loop
      vertex 59.6679 -1.79184 835
      vertex 99.1538 -10.4215 835
      vertex 59.7553 -1.54508 835
    endloop
  endfacet
  facet normal 0 0 1
    outer loop
      vertex 32.4726 47.1088 835
      vertex 77.4815 62.7432 835
      vertex 32.4931 47.3697 835
    endloop
  endfacet
  facet normal -0 0 1
    outer loop
      vertex 59.5677 -2.03368 835
      vertex 99.1538 -10.4215 835
      vertex 59.6679 -1.79184 835
    endloop
  endfacet
  facet normal 0 0 1
    outer loop
      vertex 32.4931 47.3697 835
      vertex 77.4815 62.7432 835
      vertex 32.5 47.6314 835
    endloop
  endfacet
  facet normal 0 0 1
    outer loop
      vertex 99.1538 -10.4215 835
      vertex 59.5677 -2.03368 835
      vertex 98.4725 -15.5965 835
    endloop
  endfacet
  facet normal 0 0 1
    outer loop
      vertex 32.5 47.6314 835
      vertex 77.4815 62.7432 835
      vertex 74.0915 66.7123 835
    endloop
  endfacet
  facet normal -0 0 1
    outer loop
      vertex 59.455 -2.26995 835
      vertex 98.4725 -15.5965 835
      vertex 59.5677 -2.03368 835
    endloop
  endfacet
  facet normal 0 0 1
    outer loop
      vertex 32.5 47.6314 835
      vertex 74.0915 66.7123 835
      vertex 70.4985 70.4985 835
    endloop
  endfacet
  facet normal -0 0 1
    outer loop
      vertex 59.1934 -2.7232 835
      vertex 98.4725 -15.5965 835
      vertex 59.3301 -2.5 835
    endloop
  endfacet
  facet normal 0 0 1
    outer loop
      vertex 32.5 47.6314 835
      vertex 70.4985 70.4985 835
      vertex 66.7123 74.0915 835
    endloop
  endfacet
  facet normal 0 0 1
    outer loop
      vertex 98.4725 -15.5965 835
      vertex 59.1934 -2.7232 835
      vertex 97.5213 -20.7288 835
    endloop
  endfacet
  facet normal 0 0 1
    outer loop
      vertex 32.5 47.6314 835
      vertex 66.7123 74.0915 835
      vertex 62.7432 77.4815 835
    endloop
  endfacet
  facet normal -0 0 1
    outer loop
      vertex 59.0451 -2.93893 835
      vertex 97.5213 -20.7288 835
      vertex 59.1934 -2.7232 835
    endloop
  endfacet
  facet normal -0 0 1
    outer loop
      vertex 58.8857 -3.1466 835
      vertex 97.5213 -20.7288 835
      vertex 59.0451 -2.93893 835
    endloop
  endfacet
  facet normal -0 0 1
    outer loop
      vertex 59.3301 -2.5 835
      vertex 98.4725 -15.5965 835
      vertex 59.455 -2.26995 835
    endloop
  endfacet
  facet normal 0 0 1
    outer loop
      vertex 99.5634 5.21789 835
      vertex 59.9726 0.522642 835
      vertex 59.9931 0.26168 835
    endloop
  endfacet
  facet normal 0 0 1
    outer loop
      vertex 99.5634 5.21789 835
      vertex 59.9384 0.782172 835
      vertex 59.9726 0.522642 835
    endloop
  endfacet
  facet normal 0 0 1
    outer loop
      vertex 99.5634 5.21789 835
      vertex 59.8907 1.03956 835
      vertex 59.9384 0.782172 835
    endloop
  endfacet
  facet normal 0 0 1
    outer loop
      vertex 99.5634 5.21789 835
      vertex 59.8296 1.2941 835
      vertex 59.8907 1.03956 835
    endloop
  endfacet
  facet normal 0 0 1
    outer loop
      vertex 99.1538 10.4215 835
      vertex 59.7553 1.54508 835
      vertex 59.8296 1.2941 835
    endloop
  endfacet
  facet normal 0 0 1
    outer loop
      vertex 99.1538 10.4215 835
      vertex 59.6679 1.79184 835
      vertex 59.7553 1.54508 835
    endloop
  endfacet
  facet normal 0 0 1
    outer loop
      vertex 99.1538 10.4215 835
      vertex 59.5677 2.03368 835
      vertex 59.6679 1.79184 835
    endloop
  endfacet
  facet normal 0 0 1
    outer loop
      vertex 98.4725 15.5965 835
      vertex 59.455 2.26995 835
      vertex 59.5677 2.03368 835
    endloop
  endfacet
  facet normal 0 0 1
    outer loop
      vertex 98.4725 15.5965 835
      vertex 59.3301 2.5 835
      vertex 59.455 2.26995 835
    endloop
  endfacet
  facet normal 0 0 1
    outer loop
      vertex 98.4725 15.5965 835
      vertex 59.1934 2.7232 835
      vertex 59.3301 2.5 835
    endloop
  endfacet
  facet normal 0 0 1
    outer loop
      vertex 97.5213 20.7288 835
      vertex 59.0451 2.93893 835
      vertex 59.1934 2.7232 835
    endloop
  endfacet
  facet normal 0 0 1
    outer loop
      vertex 97.5213 20.7288 835
      vertex 58.8857 3.1466 835
      vertex 59.0451 2.93893 835
    endloop
  endfacet
  facet normal 0 0 1
    outer loop
      vertex 97.5213 20.7288 835
      vertex 58.7157 3.34565 835
      vertex 58.8857 3.1466 835
    endloop
  endfacet
  facet normal 0 0 1
    outer loop
      vertex 32.5 47.6314 835
      vertex 62.7432 77.4815 835
      vertex 58.6022 80.659 835
    endloop
  endfacet
  facet normal 0 0 1
    outer loop
      vertex 96.3028 25.8043 835
      vertex 58.5355 3.53553 835
      vertex 58.7157 3.34565 835
    endloop
  endfacet
  facet normal 0 0 1
    outer loop
      vertex 96.3028 25.8043 835
      vertex 58.3457 3.71572 835
      vertex 58.5355 3.53553 835
    endloop
  endfacet
  facet normal 0 0 1
    outer loop
      vertex 94.8203 30.809 835
      vertex 58.1466 3.88573 835
      vertex 58.3457 3.71572 835
    endloop
  endfacet
  facet normal 0 0 1
    outer loop
      vertex 94.8203 30.809 835
      vertex 57.9389 4.04508 835
      vertex 58.1466 3.88573 835
    endloop
  endfacet
  facet normal 0 0 1
    outer loop
      vertex 94.8203 30.809 835
      vertex 57.7232 4.19335 835
      vertex 57.9389 4.04508 835
    endloop
  endfacet
  facet normal 0 0 1
    outer loop
      vertex 93.078 35.7293 835
      vertex 57.5 4.33013 835
      vertex 57.7232 4.19335 835
    endloop
  endfacet
  facet normal 0 0 1
    outer loop
      vertex 93.078 35.7293 835
      vertex 57.27 4.45503 835
      vertex 57.5 4.33013 835
    endloop
  endfacet
  facet normal 0 0 1
    outer loop
      vertex 93.078 35.7293 835
      vertex 57.0337 4.56773 835
      vertex 57.27 4.45503 835
    endloop
  endfacet
  facet normal 0 0 1
    outer loop
      vertex 32.4384 46.8492 835
      vertex 80.659 58.6022 835
      vertex 32.4726 47.1088 835
    endloop
  endfacet
  facet normal 0 0 1
    outer loop
      vertex 91.0805 40.5516 835
      vertex 56.7918 4.6679 835
      vertex 57.0337 4.56773 835
    endloop
  endfacet
  facet normal 0 0 1
    outer loop
      vertex 91.0805 40.5516 835
      vertex 56.5451 4.75528 835
      vertex 56.7918 4.6679 835
    endloop
  endfacet
  facet normal 0 0 1
    outer loop
      vertex 88.8334 45.2629 835
      vertex 56.2941 4.82963 835
      vertex 56.5451 4.75528 835
    endloop
  endfacet
  facet normal 0 0 1
    outer loop
      vertex 88.8334 45.2629 835
      vertex 56.0396 4.89074 835
      vertex 56.2941 4.82963 835
    endloop
  endfacet
  facet normal 0 0 1
    outer loop
      vertex 86.3427 49.85 835
      vertex 55.7822 4.93844 835
      vertex 56.0396 4.89074 835
    endloop
  endfacet
  facet normal 0 0 1
    outer loop
      vertex 32.3907 46.5918 835
      vertex 80.659 58.6022 835
      vertex 32.4384 46.8492 835
    endloop
  endfacet
  facet normal 0 0 1
    outer loop
      vertex 80.659 58.6022 835
      vertex 32.3907 46.5918 835
      vertex 83.6155 54.3005 835
    endloop
  endfacet
  facet normal 0 0 1
    outer loop
      vertex 32.3296 46.3373 835
      vertex 83.6155 54.3005 835
      vertex 32.3907 46.5918 835
    endloop
  endfacet
  facet normal 0 0 1
    outer loop
      vertex 32.2553 46.0863 835
      vertex 83.6155 54.3005 835
      vertex 32.3296 46.3373 835
    endloop
  endfacet
  facet normal 0 0 1
    outer loop
      vertex 32.5 47.6314 835
      vertex 58.6022 80.659 835
      vertex 54.3005 83.6155 835
    endloop
  endfacet
  facet normal 0 0 1
    outer loop
      vertex 83.6155 54.3005 835
      vertex 32.2553 46.0863 835
      vertex 86.3427 49.85 835
    endloop
  endfacet
  facet normal 0 0 1
    outer loop
      vertex 32.1679 45.8396 835
      vertex 86.3427 49.85 835
      vertex 32.2553 46.0863 835
    endloop
  endfacet
  facet normal 0 0 1
    outer loop
      vertex 86.3427 49.85 835
      vertex 32.1679 45.8396 835
      vertex 55.7822 4.93844 835
    endloop
  endfacet
  facet normal 0 0 1
    outer loop
      vertex 55.7822 4.93844 835
      vertex 32.1679 45.8396 835
      vertex 55.5226 4.97261 835
    endloop
  endfacet
  facet normal -0 0 1
    outer loop
      vertex 32.0677 45.5977 835
      vertex 55.5226 4.97261 835
      vertex 32.1679 45.8396 835
    endloop
  endfacet
  facet normal 0 0 1
    outer loop
      vertex 55.5226 4.97261 835
      vertex 32.0677 45.5977 835
      vertex 55.2617 4.99315 835
    endloop
  endfacet
  facet normal -0 0 1
    outer loop
      vertex 31.955 45.3614 835
      vertex 55.2617 4.99315 835
      vertex 32.0677 45.5977 835
    endloop
  endfacet
  facet normal 0 0 1
    outer loop
      vertex 55.2617 4.99315 835
      vertex 31.955 45.3614 835
      vertex 55 5 835
    endloop
  endfacet
  facet normal -0 0 1
    outer loop
      vertex 31.8301 45.1314 835
      vertex 55 5 835
      vertex 31.955 45.3614 835
    endloop
  endfacet
  facet normal 0 0 1
    outer loop
      vertex 55 5 835
      vertex 31.8301 45.1314 835
      vertex 54.7383 4.99315 835
    endloop
  endfacet
  facet normal -0 0 1
    outer loop
      vertex 31.6934 44.9082 835
      vertex 54.7383 4.99315 835
      vertex 31.8301 45.1314 835
    endloop
  endfacet
  facet normal 0 0 1
    outer loop
      vertex 54.7383 4.99315 835
      vertex 31.6934 44.9082 835
      vertex 54.4774 4.97261 835
    endloop
  endfacet
  facet normal -0 0 1
    outer loop
      vertex 31.5451 44.6925 835
      vertex 54.4774 4.97261 835
      vertex 31.6934 44.9082 835
    endloop
  endfacet
  facet normal 0 0 1
    outer loop
      vertex 54.4774 4.97261 835
      vertex 31.5451 44.6925 835
      vertex 54.2178 4.93844 835
    endloop
  endfacet
  facet normal -0 0 1
    outer loop
      vertex 31.3857 44.4848 835
      vertex 54.2178 4.93844 835
      vertex 31.5451 44.6925 835
    endloop
  endfacet
  facet normal 0 0 1
    outer loop
      vertex 54.2178 4.93844 835
      vertex 31.3857 44.4848 835
      vertex 53.9604 4.89074 835
    endloop
  endfacet
  facet normal -0 0 1
    outer loop
      vertex 31.2157 44.2857 835
      vertex 53.9604 4.89074 835
      vertex 31.3857 44.4848 835
    endloop
  endfacet
  facet normal 0 0 1
    outer loop
      vertex 53.9604 4.89074 835
      vertex 31.2157 44.2857 835
      vertex 53.7059 4.82963 835
    endloop
  endfacet
  facet normal -0 0 1
    outer loop
      vertex 31.0355 44.0959 835
      vertex 53.7059 4.82963 835
      vertex 31.2157 44.2857 835
    endloop
  endfacet
  facet normal 0 0 1
    outer loop
      vertex 53.7059 4.82963 835
      vertex 31.0355 44.0959 835
      vertex 53.4549 4.75528 835
    endloop
  endfacet
  facet normal -0 0 1
    outer loop
      vertex 30.8457 43.9157 835
      vertex 53.4549 4.75528 835
      vertex 31.0355 44.0959 835
    endloop
  endfacet
  facet normal 0 0 1
    outer loop
      vertex 53.4549 4.75528 835
      vertex 30.8457 43.9157 835
      vertex 53.2082 4.6679 835
    endloop
  endfacet
  facet normal -0 0 1
    outer loop
      vertex 30.6466 43.7457 835
      vertex 53.2082 4.6679 835
      vertex 30.8457 43.9157 835
    endloop
  endfacet
  facet normal 0 0 1
    outer loop
      vertex 53.2082 4.6679 835
      vertex 30.6466 43.7457 835
      vertex 52.9663 4.56773 835
    endloop
  endfacet
  facet normal -0 0 1
    outer loop
      vertex 30.4389 43.5863 835
      vertex 52.9663 4.56773 835
      vertex 30.6466 43.7457 835
    endloop
  endfacet
  facet normal 0 0 1
    outer loop
      vertex 52.9663 4.56773 835
      vertex 30.4389 43.5863 835
      vertex 52.73 4.45503 835
    endloop
  endfacet
  facet normal -0 0 1
    outer loop
      vertex 30.2232 43.438 835
      vertex 52.73 4.45503 835
      vertex 30.4389 43.5863 835
    endloop
  endfacet
  facet normal 0 0 1
    outer loop
      vertex 52.73 4.45503 835
      vertex 30.2232 43.438 835
      vertex 52.5 4.33013 835
    endloop
  endfacet
  facet normal 0 0 1
    outer loop
      vertex 32.5 47.6314 835
      vertex 54.3005 83.6155 835
      vertex 49.85 86.3427 835
    endloop
  endfacet
  facet normal -0 0 1
    outer loop
      vertex 58.7157 -3.34565 835
      vertex 97.5213 -20.7288 835
      vertex 58.8857 -3.1466 835
    endloop
  endfacet
  facet normal 0 0 1
    outer loop
      vertex 97.5213 -20.7288 835
      vertex 58.7157 -3.34565 835
      vertex 96.3028 -25.8043 835
    endloop
  endfacet
  facet normal -0 0 1
    outer loop
      vertex 58.5355 -3.53553 835
      vertex 96.3028 -25.8043 835
      vertex 58.7157 -3.34565 835
    endloop
  endfacet
  facet normal -0 0 1
    outer loop
      vertex 58.3457 -3.71572 835
      vertex 96.3028 -25.8043 835
      vertex 58.5355 -3.53553 835
    endloop
  endfacet
  facet normal 0 0 1
    outer loop
      vertex 96.3028 -25.8043 835
      vertex 58.3457 -3.71572 835
      vertex 94.8203 -30.809 835
    endloop
  endfacet
  facet normal -0 0 1
    outer loop
      vertex 58.1466 -3.88573 835
      vertex 94.8203 -30.809 835
      vertex 58.3457 -3.71572 835
    endloop
  endfacet
  facet normal -0 0 1
    outer loop
      vertex 57.9389 -4.04508 835
      vertex 94.8203 -30.809 835
      vertex 58.1466 -3.88573 835
    endloop
  endfacet
  facet normal -0 0 1
    outer loop
      vertex 57.7232 -4.19335 835
      vertex 94.8203 -30.809 835
      vertex 57.9389 -4.04508 835
    endloop
  endfacet
  facet normal 0 0 1
    outer loop
      vertex 94.8203 -30.809 835
      vertex 57.7232 -4.19335 835
      vertex 93.078 -35.7293 835
    endloop
  endfacet
  facet normal -0 0 1
    outer loop
      vertex 57.5 -4.33013 835
      vertex 93.078 -35.7293 835
      vertex 57.7232 -4.19335 835
    endloop
  endfacet
  facet normal -0 0 1
    outer loop
      vertex 57.27 -4.45503 835
      vertex 93.078 -35.7293 835
      vertex 57.5 -4.33013 835
    endloop
  endfacet
  facet normal -0 0 1
    outer loop
      vertex 57.0337 -4.56773 835
      vertex 93.078 -35.7293 835
      vertex 57.27 -4.45503 835
    endloop
  endfacet
  facet normal 0 0 1
    outer loop
      vertex 93.078 -35.7293 835
      vertex 57.0337 -4.56773 835
      vertex 91.0805 -40.5516 835
    endloop
  endfacet
  facet normal -0 0 1
    outer loop
      vertex 56.7918 -4.6679 835
      vertex 91.0805 -40.5516 835
      vertex 57.0337 -4.56773 835
    endloop
  endfacet
  facet normal -0 0 1
    outer loop
      vertex 56.5451 -4.75528 835
      vertex 91.0805 -40.5516 835
      vertex 56.7918 -4.6679 835
    endloop
  endfacet
  facet normal 0 0 1
    outer loop
      vertex 91.0805 -40.5516 835
      vertex 56.5451 -4.75528 835
      vertex 88.8334 -45.2629 835
    endloop
  endfacet
  facet normal -0 0 1
    outer loop
      vertex 56.2941 -4.82963 835
      vertex 88.8334 -45.2629 835
      vertex 56.5451 -4.75528 835
    endloop
  endfacet
  facet normal -0 0 1
    outer loop
      vertex 56.0396 -4.89074 835
      vertex 88.8334 -45.2629 835
      vertex 56.2941 -4.82963 835
    endloop
  endfacet
  facet normal 0 0 1
    outer loop
      vertex 88.8334 -45.2629 835
      vertex 56.0396 -4.89074 835
      vertex 86.3427 -49.85 835
    endloop
  endfacet
  facet normal -0 0 1
    outer loop
      vertex 55.7822 -4.93844 835
      vertex 86.3427 -49.85 835
      vertex 56.0396 -4.89074 835
    endloop
  endfacet
  facet normal 0 0 1
    outer loop
      vertex 32.5 -47.6314 835
      vertex 55.7822 -4.93844 835
      vertex 55.5226 -4.97261 835
    endloop
  endfacet
  facet normal 0 0 1
    outer loop
      vertex 55.7822 -4.93844 835
      vertex 32.5 -47.6314 835
      vertex 86.3427 -49.85 835
    endloop
  endfacet
  facet normal 0 0 1
    outer loop
      vertex 32.5 -47.6314 835
      vertex 55.5226 -4.97261 835
      vertex 55.2617 -4.99315 835
    endloop
  endfacet
  facet normal 0 0 1
    outer loop
      vertex 32.5 -47.6314 835
      vertex 55.2617 -4.99315 835
      vertex 55 -5 835
    endloop
  endfacet
  facet normal 0 0 1
    outer loop
      vertex 86.3427 -49.85 835
      vertex 32.5 -47.6314 835
      vertex 83.6155 -54.3005 835
    endloop
  endfacet
  facet normal 0 0 1
    outer loop
      vertex 32.5 -47.6314 835
      vertex 55 -5 835
      vertex 54.7383 -4.99315 835
    endloop
  endfacet
  facet normal 0 0 1
    outer loop
      vertex 83.6155 -54.3005 835
      vertex 32.5 -47.6314 835
      vertex 80.659 -58.6022 835
    endloop
  endfacet
  facet normal 0 0 1
    outer loop
      vertex 32.5 -47.6314 835
      vertex 54.7383 -4.99315 835
      vertex 54.4774 -4.97261 835
    endloop
  endfacet
  facet normal 0 0 1
    outer loop
      vertex 32.5 -47.6314 835
      vertex 54.4774 -4.97261 835
      vertex 54.2178 -4.93844 835
    endloop
  endfacet
  facet normal 0 0 1
    outer loop
      vertex 80.659 -58.6022 835
      vertex 32.5 -47.6314 835
      vertex 77.4815 -62.7432 835
    endloop
  endfacet
  facet normal 0 0 1
    outer loop
      vertex 32.5 -47.6314 835
      vertex 54.2178 -4.93844 835
      vertex 53.9604 -4.89074 835
    endloop
  endfacet
  facet normal 0 0 1
    outer loop
      vertex 32.5 -47.6314 835
      vertex 53.9604 -4.89074 835
      vertex 53.7059 -4.82963 835
    endloop
  endfacet
  facet normal -0 0 1
    outer loop
      vertex 32.4931 -47.8931 835
      vertex 77.4815 -62.7432 835
      vertex 32.5 -47.6314 835
    endloop
  endfacet
  facet normal 0 0 1
    outer loop
      vertex 32.5 -47.6314 835
      vertex 53.7059 -4.82963 835
      vertex 53.4549 -4.75528 835
    endloop
  endfacet
  facet normal 0 0 1
    outer loop
      vertex 77.4815 -62.7432 835
      vertex 32.4931 -47.8931 835
      vertex 74.0915 -66.7123 835
    endloop
  endfacet
  facet normal 0 0 1
    outer loop
      vertex 32.5 -47.6314 835
      vertex 53.4549 -4.75528 835
      vertex 53.2082 -4.6679 835
    endloop
  endfacet
  facet normal -0 0 1
    outer loop
      vertex 32.4726 -48.154 835
      vertex 74.0915 -66.7123 835
      vertex 32.4931 -47.8931 835
    endloop
  endfacet
  facet normal 0 0 1
    outer loop
      vertex 32.5 -47.6314 835
      vertex 53.2082 -4.6679 835
      vertex 52.9663 -4.56773 835
    endloop
  endfacet
  facet normal -0 0 1
    outer loop
      vertex 32.4384 -48.4136 835
      vertex 74.0915 -66.7123 835
      vertex 32.4726 -48.154 835
    endloop
  endfacet
  facet normal 0 0 1
    outer loop
      vertex 32.5 -47.6314 835
      vertex 52.9663 -4.56773 835
      vertex 52.73 -4.45503 835
    endloop
  endfacet
  facet normal 0 0 1
    outer loop
      vertex 74.0915 -66.7123 835
      vertex 32.4384 -48.4136 835
      vertex 70.4985 -70.4985 835
    endloop
  endfacet
  facet normal 0 0 1
    outer loop
      vertex 32.5 -47.6314 835
      vertex 52.73 -4.45503 835
      vertex 52.5 -4.33013 835
    endloop
  endfacet
  facet normal 0 0 1
    outer loop
      vertex 32.5 -47.6314 835
      vertex 52.5 -4.33013 835
      vertex 52.2768 -4.19335 835
    endloop
  endfacet
  facet normal 0 0 1
    outer loop
      vertex 32.5 -47.6314 835
      vertex 52.2768 -4.19335 835
      vertex 52.0611 -4.04508 835
    endloop
  endfacet
  facet normal 0 0 1
    outer loop
      vertex 32.5 -47.6314 835
      vertex 52.0611 -4.04508 835
      vertex 51.8534 -3.88573 835
    endloop
  endfacet
  facet normal 0 0 1
    outer loop
      vertex 32.5 -47.6314 835
      vertex 51.8534 -3.88573 835
      vertex 51.6543 -3.71572 835
    endloop
  endfacet
  facet normal 0 0 1
    outer loop
      vertex 32.5 -47.6314 835
      vertex 51.6543 -3.71572 835
      vertex 51.4645 -3.53553 835
    endloop
  endfacet
  facet normal 0 0 1
    outer loop
      vertex 32.5 -47.6314 835
      vertex 51.4645 -3.53553 835
      vertex 51.2843 -3.34565 835
    endloop
  endfacet
  facet normal 0 0 1
    outer loop
      vertex 32.5 -47.6314 835
      vertex 51.2843 -3.34565 835
      vertex 51.1143 -3.1466 835
    endloop
  endfacet
  facet normal 0 0 1
    outer loop
      vertex 32.5 -47.6314 835
      vertex 51.1143 -3.1466 835
      vertex 50.9549 -2.93893 835
    endloop
  endfacet
  facet normal 0 0 1
    outer loop
      vertex 32.5 -47.6314 835
      vertex 50.9549 -2.93893 835
      vertex 50.8066 -2.7232 835
    endloop
  endfacet
  facet normal 0 0 1
    outer loop
      vertex 32.5 -47.6314 835
      vertex 50.8066 -2.7232 835
      vertex 50.6699 -2.5 835
    endloop
  endfacet
  facet normal 0 0 1
    outer loop
      vertex 32.5 -47.6314 835
      vertex 50.6699 -2.5 835
      vertex 50.545 -2.26995 835
    endloop
  endfacet
  facet normal 0 0 1
    outer loop
      vertex 32.5 -47.6314 835
      vertex 50.545 -2.26995 835
      vertex 50.4323 -2.03368 835
    endloop
  endfacet
  facet normal 0 0 1
    outer loop
      vertex 32.5 -47.6314 835
      vertex 50.4323 -2.03368 835
      vertex 50.3321 -1.79184 835
    endloop
  endfacet
  facet normal 0 0 1
    outer loop
      vertex 32.5 -47.6314 835
      vertex 50.3321 -1.79184 835
      vertex 50.2447 -1.54508 835
    endloop
  endfacet
  facet normal 0 0 1
    outer loop
      vertex 32.5 -47.6314 835
      vertex 50.2447 -1.54508 835
      vertex 50.1704 -1.2941 835
    endloop
  endfacet
  facet normal 0 0 1
    outer loop
      vertex 32.5 -47.6314 835
      vertex 50.1704 -1.2941 835
      vertex 50.1093 -1.03956 835
    endloop
  endfacet
  facet normal 0 0 1
    outer loop
      vertex 32.5 -47.6314 835
      vertex 50.1093 -1.03956 835
      vertex 50.0616 -0.782172 835
    endloop
  endfacet
  facet normal 0 0 1
    outer loop
      vertex 50.0069 -0.26168 835
      vertex 32.5 -47.6314 835
      vertex 50.0274 -0.522642 835
    endloop
  endfacet
  facet normal 0 0 1
    outer loop
      vertex 50 0 835
      vertex 32.5 -47.6314 835
      vertex 50.0069 -0.26168 835
    endloop
  endfacet
  facet normal -0 0 1
    outer loop
      vertex 32.3907 -48.671 835
      vertex 70.4985 -70.4985 835
      vertex 32.4384 -48.4136 835
    endloop
  endfacet
  facet normal 0 0 1
    outer loop
      vertex 52.5 4.33013 835
      vertex 30 43.3013 835
      vertex 52.2768 4.19335 835
    endloop
  endfacet
  facet normal -0 0 1
    outer loop
      vertex 30 43.3013 835
      vertex 52.5 4.33013 835
      vertex 30.2232 43.438 835
    endloop
  endfacet
  facet normal 0 0 1
    outer loop
      vertex 29.77 52.0864 835
      vertex 49.85 86.3427 835
      vertex 45.2629 88.8334 835
    endloop
  endfacet
  facet normal 0 0 1
    outer loop
      vertex 50.0274 -0.522642 835
      vertex 32.5 -47.6314 835
      vertex 50.0616 -0.782172 835
    endloop
  endfacet
  facet normal 0 0 1
    outer loop
      vertex 28.7941 52.461 835
      vertex 45.2629 88.8334 835
      vertex 40.5516 91.0805 835
    endloop
  endfacet
  facet normal -0 0 1
    outer loop
      vertex 32.3296 -48.9255 835
      vertex 70.4985 -70.4985 835
      vertex 32.3907 -48.671 835
    endloop
  endfacet
  facet normal 0 0 1
    outer loop
      vertex 28.0226 52.604 835
      vertex 40.5516 91.0805 835
      vertex 35.7293 93.078 835
    endloop
  endfacet
  facet normal -0 0 1
    outer loop
      vertex 32.2553 -49.1765 835
      vertex 70.4985 -70.4985 835
      vertex 32.3296 -48.9255 835
    endloop
  endfacet
  facet normal 0 0 1
    outer loop
      vertex 70.4985 -70.4985 835
      vertex 32.2553 -49.1765 835
      vertex 66.7123 -74.0915 835
    endloop
  endfacet
  facet normal 0 0 1
    outer loop
      vertex 49.85 86.3427 835
      vertex 32.4931 47.8931 835
      vertex 32.5 47.6314 835
    endloop
  endfacet
  facet normal 0 0 1
    outer loop
      vertex 49.85 86.3427 835
      vertex 32.4726 48.154 835
      vertex 32.4931 47.8931 835
    endloop
  endfacet
  facet normal 0 0 1
    outer loop
      vertex 49.85 86.3427 835
      vertex 32.4384 48.4136 835
      vertex 32.4726 48.154 835
    endloop
  endfacet
  facet normal 0 0 1
    outer loop
      vertex 49.85 86.3427 835
      vertex 32.3907 48.671 835
      vertex 32.4384 48.4136 835
    endloop
  endfacet
  facet normal 0 0 1
    outer loop
      vertex 49.85 86.3427 835
      vertex 32.3296 48.9255 835
      vertex 32.3907 48.671 835
    endloop
  endfacet
  facet normal 0 0 1
    outer loop
      vertex 49.85 86.3427 835
      vertex 32.2553 49.1765 835
      vertex 32.3296 48.9255 835
    endloop
  endfacet
  facet normal 0 0 1
    outer loop
      vertex 49.85 86.3427 835
      vertex 32.1679 49.4232 835
      vertex 32.2553 49.1765 835
    endloop
  endfacet
  facet normal 0 0 1
    outer loop
      vertex 49.85 86.3427 835
      vertex 32.0677 49.6651 835
      vertex 32.1679 49.4232 835
    endloop
  endfacet
  facet normal 0 0 1
    outer loop
      vertex 49.85 86.3427 835
      vertex 31.955 49.9013 835
      vertex 32.0677 49.6651 835
    endloop
  endfacet
  facet normal 0 0 1
    outer loop
      vertex 49.85 86.3427 835
      vertex 31.8301 50.1314 835
      vertex 31.955 49.9013 835
    endloop
  endfacet
  facet normal 0 0 1
    outer loop
      vertex 49.85 86.3427 835
      vertex 31.6934 50.3546 835
      vertex 31.8301 50.1314 835
    endloop
  endfacet
  facet normal 0 0 1
    outer loop
      vertex 49.85 86.3427 835
      vertex 31.5451 50.5703 835
      vertex 31.6934 50.3546 835
    endloop
  endfacet
  facet normal 0 0 1
    outer loop
      vertex 49.85 86.3427 835
      vertex 31.3857 50.778 835
      vertex 31.5451 50.5703 835
    endloop
  endfacet
  facet normal 0 0 1
    outer loop
      vertex 49.85 86.3427 835
      vertex 31.2157 50.9771 835
      vertex 31.3857 50.778 835
    endloop
  endfacet
  facet normal 0 0 1
    outer loop
      vertex 49.85 86.3427 835
      vertex 31.0355 51.1669 835
      vertex 31.2157 50.9771 835
    endloop
  endfacet
  facet normal 0 0 1
    outer loop
      vertex 49.85 86.3427 835
      vertex 30.8457 51.3471 835
      vertex 31.0355 51.1669 835
    endloop
  endfacet
  facet normal 0 0 1
    outer loop
      vertex 27.2383 52.6245 835
      vertex 35.7293 93.078 835
      vertex 30.809 94.8203 835
    endloop
  endfacet
  facet normal 0 0 1
    outer loop
      vertex 49.85 86.3427 835
      vertex 30.6466 51.5171 835
      vertex 30.8457 51.3471 835
    endloop
  endfacet
  facet normal 0 0 1
    outer loop
      vertex 49.85 86.3427 835
      vertex 30.4389 51.6765 835
      vertex 30.6466 51.5171 835
    endloop
  endfacet
  facet normal 0 0 1
    outer loop
      vertex 49.85 86.3427 835
      vertex 30.2232 51.8247 835
      vertex 30.4389 51.6765 835
    endloop
  endfacet
  facet normal 0 0 1
    outer loop
      vertex 49.85 86.3427 835
      vertex 30 51.9615 835
      vertex 30.2232 51.8247 835
    endloop
  endfacet
  facet normal 0 0 1
    outer loop
      vertex 49.85 86.3427 835
      vertex 29.77 52.0864 835
      vertex 30 51.9615 835
    endloop
  endfacet
  facet normal 0 0 1
    outer loop
      vertex 45.2629 88.8334 835
      vertex 29.5337 52.1991 835
      vertex 29.77 52.0864 835
    endloop
  endfacet
  facet normal 0 0 1
    outer loop
      vertex 45.2629 88.8334 835
      vertex 29.2918 52.2993 835
      vertex 29.5337 52.1991 835
    endloop
  endfacet
  facet normal 0 0 1
    outer loop
      vertex 45.2629 88.8334 835
      vertex 29.0451 52.3867 835
      vertex 29.2918 52.2993 835
    endloop
  endfacet
  facet normal 0 0 1
    outer loop
      vertex 45.2629 88.8334 835
      vertex 28.7941 52.461 835
      vertex 29.0451 52.3867 835
    endloop
  endfacet
  facet normal 0 0 1
    outer loop
      vertex 40.5516 91.0805 835
      vertex 28.5396 52.5221 835
      vertex 28.7941 52.461 835
    endloop
  endfacet
  facet normal 0 0 1
    outer loop
      vertex 40.5516 91.0805 835
      vertex 28.2822 52.5698 835
      vertex 28.5396 52.5221 835
    endloop
  endfacet
  facet normal 0 0 1
    outer loop
      vertex 40.5516 91.0805 835
      vertex 28.0226 52.604 835
      vertex 28.2822 52.5698 835
    endloop
  endfacet
  facet normal 0 0 1
    outer loop
      vertex 35.7293 93.078 835
      vertex 27.7617 52.6245 835
      vertex 28.0226 52.604 835
    endloop
  endfacet
  facet normal 0 0 1
    outer loop
      vertex 35.7293 93.078 835
      vertex 27.5 52.6314 835
      vertex 27.7617 52.6245 835
    endloop
  endfacet
  facet normal 0 0 1
    outer loop
      vertex 35.7293 93.078 835
      vertex 27.2383 52.6245 835
      vertex 27.5 52.6314 835
    endloop
  endfacet
  facet normal 0 0 1
    outer loop
      vertex 30.809 94.8203 835
      vertex 26.9774 52.604 835
      vertex 27.2383 52.6245 835
    endloop
  endfacet
  facet normal 0 0 1
    outer loop
      vertex 30.809 94.8203 835
      vertex 26.7178 52.5698 835
      vertex 26.9774 52.604 835
    endloop
  endfacet
  facet normal 0 0 1
    outer loop
      vertex 30.809 94.8203 835
      vertex 26.4604 52.5221 835
      vertex 26.7178 52.5698 835
    endloop
  endfacet
  facet normal 0 0 1
    outer loop
      vertex 25.8043 96.3028 835
      vertex 26.4604 52.5221 835
      vertex 30.809 94.8203 835
    endloop
  endfacet
  facet normal 0 0 1
    outer loop
      vertex 26.4604 52.5221 835
      vertex 25.8043 96.3028 835
      vertex 26.2059 52.461 835
    endloop
  endfacet
  facet normal 0 0 1
    outer loop
      vertex 26.2059 52.461 835
      vertex 25.8043 96.3028 835
      vertex 25.9549 52.3867 835
    endloop
  endfacet
  facet normal 0 0 1
    outer loop
      vertex 25.8043 96.3028 835
      vertex 25.7082 52.2993 835
      vertex 25.9549 52.3867 835
    endloop
  endfacet
  facet normal 0 0 1
    outer loop
      vertex 20.7288 97.5213 835
      vertex 25.7082 52.2993 835
      vertex 25.8043 96.3028 835
    endloop
  endfacet
  facet normal 0 0 1
    outer loop
      vertex 25.7082 52.2993 835
      vertex 20.7288 97.5213 835
      vertex 25.4663 52.1991 835
    endloop
  endfacet
  facet normal 0 0 1
    outer loop
      vertex 25.4663 52.1991 835
      vertex 20.7288 97.5213 835
      vertex 25.23 52.0864 835
    endloop
  endfacet
  facet normal 0 0 1
    outer loop
      vertex 25.23 52.0864 835
      vertex 20.7288 97.5213 835
      vertex 25 51.9615 835
    endloop
  endfacet
  facet normal 0 0 1
    outer loop
      vertex 25 51.9615 835
      vertex 20.7288 97.5213 835
      vertex 24.7768 51.8247 835
    endloop
  endfacet
  facet normal 0 0 1
    outer loop
      vertex 24.7768 51.8247 835
      vertex 20.7288 97.5213 835
      vertex 24.5611 51.6765 835
    endloop
  endfacet
  facet normal 0 0 1
    outer loop
      vertex 24.5611 51.6765 835
      vertex 20.7288 97.5213 835
      vertex 24.3534 51.5171 835
    endloop
  endfacet
  facet normal 0 0 1
    outer loop
      vertex 24.3534 51.5171 835
      vertex 20.7288 97.5213 835
      vertex 24.1543 51.3471 835
    endloop
  endfacet
  facet normal 0 0 1
    outer loop
      vertex 24.1543 51.3471 835
      vertex 20.7288 97.5213 835
      vertex 23.9645 51.1669 835
    endloop
  endfacet
  facet normal 0 0 1
    outer loop
      vertex 23.9645 51.1669 835
      vertex 20.7288 97.5213 835
      vertex 23.7843 50.9771 835
    endloop
  endfacet
  facet normal 0 0 1
    outer loop
      vertex -22.5 47.6314 835
      vertex 23.7843 50.9771 835
      vertex 20.7288 97.5213 835
    endloop
  endfacet
  facet normal 0 0 1
    outer loop
      vertex 23.7843 50.9771 835
      vertex -22.5 47.6314 835
      vertex 23.6143 50.778 835
    endloop
  endfacet
  facet normal 0 0 1
    outer loop
      vertex 23.6143 50.778 835
      vertex -22.5 47.6314 835
      vertex 23.4549 50.5703 835
    endloop
  endfacet
  facet normal 0 0 1
    outer loop
      vertex 23.4549 50.5703 835
      vertex -22.5 47.6314 835
      vertex 23.3066 50.3546 835
    endloop
  endfacet
  facet normal 0 0 1
    outer loop
      vertex 23.3066 50.3546 835
      vertex -22.5 47.6314 835
      vertex 23.1699 50.1314 835
    endloop
  endfacet
  facet normal 0 0 1
    outer loop
      vertex 23.1699 50.1314 835
      vertex -22.5 47.6314 835
      vertex 23.045 49.9013 835
    endloop
  endfacet
  facet normal 0 0 1
    outer loop
      vertex 23.045 49.9013 835
      vertex -22.5 47.6314 835
      vertex 22.9323 49.6651 835
    endloop
  endfacet
  facet normal 0 0 1
    outer loop
      vertex 22.9323 49.6651 835
      vertex -22.5 47.6314 835
      vertex 22.8321 49.4232 835
    endloop
  endfacet
  facet normal 0 0 1
    outer loop
      vertex 22.8321 49.4232 835
      vertex -22.5 47.6314 835
      vertex 22.7447 49.1765 835
    endloop
  endfacet
  facet normal 0 0 1
    outer loop
      vertex 22.7447 49.1765 835
      vertex -22.5 47.6314 835
      vertex 22.6704 48.9255 835
    endloop
  endfacet
  facet normal 0 0 1
    outer loop
      vertex 22.6704 48.9255 835
      vertex -22.5 47.6314 835
      vertex 22.6093 48.671 835
    endloop
  endfacet
  facet normal 0 0 1
    outer loop
      vertex 22.6093 48.671 835
      vertex -22.5 47.6314 835
      vertex 22.5616 48.4136 835
    endloop
  endfacet
  facet normal 0 0 1
    outer loop
      vertex 22.5069 47.8931 835
      vertex -22.5 47.6314 835
      vertex 22.5 47.6314 835
    endloop
  endfacet
  facet normal 0 0 1
    outer loop
      vertex 22.5274 48.154 835
      vertex -22.5 47.6314 835
      vertex 22.5069 47.8931 835
    endloop
  endfacet
  facet normal 0 0 1
    outer loop
      vertex 22.5616 48.4136 835
      vertex -22.5 47.6314 835
      vertex 22.5274 48.154 835
    endloop
  endfacet
  facet normal 0.996916 -0.0784719 0
    outer loop
      vertex 99.1538 -10.4215 835
      vertex 99.5634 -5.21789 800
      vertex 99.5634 -5.21789 835
    endloop
  endfacet
  facet normal 0.996916 -0.0784719 0
    outer loop
      vertex 99.5634 -5.21789 800
      vertex 99.1538 -10.4215 835
      vertex 99.1538 -10.4215 800
    endloop
  endfacet
  facet normal 0.999658 -0.0261702 0
    outer loop
      vertex 99.5634 -5.21789 835
      vertex 99.7 0 800
      vertex 99.7 0 835
    endloop
  endfacet
  facet normal 0.999658 -0.0261702 0
    outer loop
      vertex 99.7 0 800
      vertex 99.5634 -5.21789 835
      vertex 99.5634 -5.21789 800
    endloop
  endfacet
  facet normal 0.0784719 0.996916 -0
    outer loop
      vertex 10.4215 99.1538 800
      vertex 5.21789 99.5634 835
      vertex 10.4215 99.1538 835
    endloop
  endfacet
  facet normal 0.0784719 0.996916 0
    outer loop
      vertex 5.21789 99.5634 835
      vertex 10.4215 99.1538 800
      vertex 5.21789 99.5634 800
    endloop
  endfacet
  facet normal 0.233442 0.972371 -0
    outer loop
      vertex 25.8043 96.3028 800
      vertex 20.7288 97.5213 835
      vertex 25.8043 96.3028 835
    endloop
  endfacet
  facet normal 0.233442 0.972371 0
    outer loop
      vertex 20.7288 97.5213 835
      vertex 25.8043 96.3028 800
      vertex 20.7288 97.5213 800
    endloop
  endfacet
  facet normal -0.852646 -0.522489 0
    outer loop
      vertex -83.6155 -54.3005 800
      vertex -86.3427 -49.85 835
      vertex -86.3427 -49.85 800
    endloop
  endfacet
  facet normal -0.852646 -0.522489 0
    outer loop
      vertex -86.3427 -49.85 835
      vertex -83.6155 -54.3005 800
      vertex -83.6155 -54.3005 835
    endloop
  endfacet
  facet normal 0.430499 0.902591 -0
    outer loop
      vertex 45.2629 88.8334 800
      vertex 40.5516 91.0805 835
      vertex 45.2629 88.8334 835
    endloop
  endfacet
  facet normal 0.430499 0.902591 0
    outer loop
      vertex 40.5516 91.0805 835
      vertex 45.2629 88.8334 800
      vertex 40.5516 91.0805 800
    endloop
  endfacet
  facet normal 0.878808 0.477175 0
    outer loop
      vertex 88.8334 45.2629 835
      vertex 86.3427 49.85 800
      vertex 86.3427 49.85 835
    endloop
  endfacet
  facet normal 0.878808 0.477175 0
    outer loop
      vertex 86.3427 49.85 800
      vertex 88.8334 45.2629 835
      vertex 88.8334 45.2629 800
    endloop
  endfacet
  facet normal 0.725371 0.688358 0
    outer loop
      vertex 74.0915 66.7123 835
      vertex 70.4985 70.4985 800
      vertex 70.4985 70.4985 835
    endloop
  endfacet
  facet normal 0.725371 0.688358 0
    outer loop
      vertex 70.4985 70.4985 800
      vertex 74.0915 66.7123 835
      vertex 74.0915 66.7123 800
    endloop
  endfacet
  facet normal 0.0261702 0.999658 -0
    outer loop
      vertex 5.21789 99.5634 800
      vertex 0 99.7 835
      vertex 5.21789 99.5634 835
    endloop
  endfacet
  facet normal 0.0261702 0.999658 0
    outer loop
      vertex 0 99.7 835
      vertex 5.21789 99.5634 800
      vertex 0 99.7 800
    endloop
  endfacet
  facet normal -0.760399 -0.649456 0
    outer loop
      vertex -74.0915 -66.7123 800
      vertex -77.4815 -62.7432 835
      vertex -77.4815 -62.7432 800
    endloop
  endfacet
  facet normal -0.760399 -0.649456 0
    outer loop
      vertex -77.4815 -62.7432 835
      vertex -74.0915 -66.7123 800
      vertex -74.0915 -66.7123 835
    endloop
  endfacet
  facet normal 0.824124 0.566409 0
    outer loop
      vertex 83.6155 54.3005 835
      vertex 80.659 58.6022 800
      vertex 80.659 58.6022 835
    endloop
  endfacet
  facet normal 0.824124 0.566409 0
    outer loop
      vertex 80.659 58.6022 800
      vertex 83.6155 54.3005 835
      vertex 83.6155 54.3005 800
    endloop
  endfacet
  facet normal -0.430499 0.902591 0
    outer loop
      vertex -40.5516 91.0805 800
      vertex -45.2629 88.8334 835
      vertex -40.5516 91.0805 835
    endloop
  endfacet
  facet normal -0.430499 0.902591 0
    outer loop
      vertex -45.2629 88.8334 835
      vertex -40.5516 91.0805 800
      vertex -45.2629 88.8334 800
    endloop
  endfacet
  facet normal -0.522489 0.852646 0
    outer loop
      vertex -49.85 86.3427 800
      vertex -54.3005 83.6155 835
      vertex -49.85 86.3427 835
    endloop
  endfacet
  facet normal -0.522489 0.852646 0
    outer loop
      vertex -54.3005 83.6155 835
      vertex -49.85 86.3427 800
      vertex -54.3005 83.6155 800
    endloop
  endfacet
  facet normal -0.824124 0.566409 0
    outer loop
      vertex -83.6155 54.3005 800
      vertex -80.659 58.6022 835
      vertex -80.659 58.6022 800
    endloop
  endfacet
  facet normal -0.824124 0.566409 0
    outer loop
      vertex -80.659 58.6022 835
      vertex -83.6155 54.3005 800
      vertex -83.6155 54.3005 835
    endloop
  endfacet
  facet normal -0.0784719 0.996916 0
    outer loop
      vertex -5.21789 99.5634 800
      vertex -10.4215 99.1538 835
      vertex -5.21789 99.5634 835
    endloop
  endfacet
  facet normal -0.0784719 0.996916 0
    outer loop
      vertex -10.4215 99.1538 835
      vertex -5.21789 99.5634 800
      vertex -10.4215 99.1538 800
    endloop
  endfacet
  facet normal 0.608761 0.793353 -0
    outer loop
      vertex 62.7432 77.4815 800
      vertex 58.6022 80.659 835
      vertex 62.7432 77.4815 835
    endloop
  endfacet
  facet normal 0.608761 0.793353 0
    outer loop
      vertex 58.6022 80.659 835
      vertex 62.7432 77.4815 800
      vertex 58.6022 80.659 800
    endloop
  endfacet
  facet normal -0.130526 -0.991445 0
    outer loop
      vertex -15.5965 -98.4725 800
      vertex -10.4215 -99.1538 835
      vertex -15.5965 -98.4725 835
    endloop
  endfacet
  facet normal -0.130526 -0.991445 -0
    outer loop
      vertex -10.4215 -99.1538 835
      vertex -15.5965 -98.4725 800
      vertex -10.4215 -99.1538 800
    endloop
  endfacet
  facet normal -0.284022 -0.958818 0
    outer loop
      vertex -30.809 -94.8203 800
      vertex -25.8043 -96.3028 835
      vertex -30.809 -94.8203 835
    endloop
  endfacet
  facet normal -0.284022 -0.958818 -0
    outer loop
      vertex -25.8043 -96.3028 835
      vertex -30.809 -94.8203 800
      vertex -25.8043 -96.3028 800
    endloop
  endfacet
  facet normal -0.999658 0.0261702 0
    outer loop
      vertex -99.7 0 800
      vertex -99.5634 5.21789 835
      vertex -99.5634 5.21789 800
    endloop
  endfacet
  facet normal -0.999658 0.0261702 0
    outer loop
      vertex -99.5634 5.21789 835
      vertex -99.7 0 800
      vertex -99.7 0 835
    endloop
  endfacet
  facet normal -0.972371 0.233442 0
    outer loop
      vertex -97.5213 20.7288 800
      vertex -96.3028 25.8043 835
      vertex -96.3028 25.8043 800
    endloop
  endfacet
  facet normal -0.972371 0.233442 0
    outer loop
      vertex -96.3028 25.8043 835
      vertex -97.5213 20.7288 800
      vertex -97.5213 20.7288 835
    endloop
  endfacet
  facet normal -0.725371 0.688358 0
    outer loop
      vertex -74.0915 66.7123 800
      vertex -70.4985 70.4985 835
      vertex -70.4985 70.4985 800
    endloop
  endfacet
  facet normal -0.725371 0.688358 0
    outer loop
      vertex -70.4985 70.4985 835
      vertex -74.0915 66.7123 800
      vertex -74.0915 66.7123 835
    endloop
  endfacet
  facet normal -0.608761 0.793353 0
    outer loop
      vertex -58.6022 80.659 800
      vertex -62.7432 77.4815 835
      vertex -58.6022 80.659 835
    endloop
  endfacet
  facet normal -0.608761 0.793353 0
    outer loop
      vertex -62.7432 77.4815 835
      vertex -58.6022 80.659 800
      vertex -62.7432 77.4815 800
    endloop
  endfacet
  facet normal -0.522489 -0.852646 0
    outer loop
      vertex -54.3005 -83.6155 800
      vertex -49.85 -86.3427 835
      vertex -54.3005 -83.6155 835
    endloop
  endfacet
  facet normal -0.522489 -0.852646 -0
    outer loop
      vertex -49.85 -86.3427 835
      vertex -54.3005 -83.6155 800
      vertex -49.85 -86.3427 800
    endloop
  endfacet
  facet normal -0.0261702 0.999658 0
    outer loop
      vertex 0 99.7 800
      vertex -5.21789 99.5634 835
      vertex 0 99.7 835
    endloop
  endfacet
  facet normal -0.0261702 0.999658 0
    outer loop
      vertex -5.21789 99.5634 835
      vertex 0 99.7 800
      vertex -5.21789 99.5634 800
    endloop
  endfacet
  facet normal 0.284022 -0.958818 0
    outer loop
      vertex 25.8043 -96.3028 800
      vertex 30.809 -94.8203 835
      vertex 25.8043 -96.3028 835
    endloop
  endfacet
  facet normal 0.284022 -0.958818 0
    outer loop
      vertex 30.809 -94.8203 835
      vertex 25.8043 -96.3028 800
      vertex 30.809 -94.8203 800
    endloop
  endfacet
  facet normal 0.130526 -0.991445 0
    outer loop
      vertex 10.4215 -99.1538 800
      vertex 15.5965 -98.4725 835
      vertex 10.4215 -99.1538 835
    endloop
  endfacet
  facet normal 0.130526 -0.991445 0
    outer loop
      vertex 15.5965 -98.4725 835
      vertex 10.4215 -99.1538 800
      vertex 15.5965 -98.4725 800
    endloop
  endfacet
  facet normal -0.923877 0.38269 0
    outer loop
      vertex -93.078 35.7293 800
      vertex -91.0805 40.5516 835
      vertex -91.0805 40.5516 800
    endloop
  endfacet
  facet normal -0.923877 0.38269 0
    outer loop
      vertex -91.0805 40.5516 835
      vertex -93.078 35.7293 800
      vertex -93.078 35.7293 835
    endloop
  endfacet
  facet normal 0.233442 -0.972371 0
    outer loop
      vertex 20.7288 -97.5213 800
      vertex 25.8043 -96.3028 835
      vertex 20.7288 -97.5213 835
    endloop
  endfacet
  facet normal 0.233442 -0.972371 0
    outer loop
      vertex 25.8043 -96.3028 835
      vertex 20.7288 -97.5213 800
      vertex 25.8043 -96.3028 800
    endloop
  endfacet
  facet normal 0.824124 -0.566409 0
    outer loop
      vertex 80.659 -58.6022 835
      vertex 83.6155 -54.3005 800
      vertex 83.6155 -54.3005 835
    endloop
  endfacet
  facet normal 0.824124 -0.566409 0
    outer loop
      vertex 83.6155 -54.3005 800
      vertex 80.659 -58.6022 835
      vertex 80.659 -58.6022 800
    endloop
  endfacet
  facet normal 0.688358 -0.725371 0
    outer loop
      vertex 66.7123 -74.0915 800
      vertex 70.4985 -70.4985 835
      vertex 66.7123 -74.0915 835
    endloop
  endfacet
  facet normal 0.688358 -0.725371 0
    outer loop
      vertex 70.4985 -70.4985 835
      vertex 66.7123 -74.0915 800
      vertex 70.4985 -70.4985 800
    endloop
  endfacet
  facet normal 0.333795 0.942646 -0
    outer loop
      vertex 35.7293 93.078 800
      vertex 30.809 94.8203 835
      vertex 35.7293 93.078 835
    endloop
  endfacet
  facet normal 0.333795 0.942646 0
    outer loop
      vertex 30.809 94.8203 835
      vertex 35.7293 93.078 800
      vertex 30.809 94.8203 800
    endloop
  endfacet
  facet normal 0.182233 -0.983255 0
    outer loop
      vertex 15.5965 -98.4725 800
      vertex 20.7288 -97.5213 835
      vertex 15.5965 -98.4725 835
    endloop
  endfacet
  facet normal 0.182233 -0.983255 0
    outer loop
      vertex 20.7288 -97.5213 835
      vertex 15.5965 -98.4725 800
      vertex 20.7288 -97.5213 800
    endloop
  endfacet
  facet normal 0.852646 -0.522489 0
    outer loop
      vertex 83.6155 -54.3005 835
      vertex 86.3427 -49.85 800
      vertex 86.3427 -49.85 835
    endloop
  endfacet
  facet normal 0.852646 -0.522489 0
    outer loop
      vertex 86.3427 -49.85 800
      vertex 83.6155 -54.3005 835
      vertex 83.6155 -54.3005 800
    endloop
  endfacet
  facet normal -0.760399 0.649456 0
    outer loop
      vertex -77.4815 62.7432 800
      vertex -74.0915 66.7123 835
      vertex -74.0915 66.7123 800
    endloop
  endfacet
  facet normal -0.760399 0.649456 0
    outer loop
      vertex -74.0915 66.7123 835
      vertex -77.4815 62.7432 800
      vertex -77.4815 62.7432 835
    endloop
  endfacet
  facet normal -0.608761 -0.793353 0
    outer loop
      vertex -62.7432 -77.4815 800
      vertex -58.6022 -80.659 835
      vertex -62.7432 -77.4815 835
    endloop
  endfacet
  facet normal -0.608761 -0.793353 -0
    outer loop
      vertex -58.6022 -80.659 835
      vertex -62.7432 -77.4815 800
      vertex -58.6022 -80.659 800
    endloop
  endfacet
  facet normal -0.233442 -0.972371 0
    outer loop
      vertex -25.8043 -96.3028 800
      vertex -20.7288 -97.5213 835
      vertex -25.8043 -96.3028 835
    endloop
  endfacet
  facet normal -0.233442 -0.972371 -0
    outer loop
      vertex -20.7288 -97.5213 835
      vertex -25.8043 -96.3028 800
      vertex -20.7288 -97.5213 800
    endloop
  endfacet
  facet normal 0.333795 -0.942646 0
    outer loop
      vertex 30.809 -94.8203 800
      vertex 35.7293 -93.078 835
      vertex 30.809 -94.8203 835
    endloop
  endfacet
  facet normal 0.333795 -0.942646 0
    outer loop
      vertex 35.7293 -93.078 835
      vertex 30.809 -94.8203 800
      vertex 35.7293 -93.078 800
    endloop
  endfacet
  facet normal -0.688358 -0.725371 0
    outer loop
      vertex -70.4985 -70.4985 800
      vertex -66.7123 -74.0915 835
      vertex -70.4985 -70.4985 835
    endloop
  endfacet
  facet normal -0.688358 -0.725371 -0
    outer loop
      vertex -66.7123 -74.0915 835
      vertex -70.4985 -70.4985 800
      vertex -66.7123 -74.0915 800
    endloop
  endfacet
  facet normal -0.566409 -0.824124 0
    outer loop
      vertex -58.6022 -80.659 800
      vertex -54.3005 -83.6155 835
      vertex -58.6022 -80.659 835
    endloop
  endfacet
  facet normal -0.566409 -0.824124 -0
    outer loop
      vertex -54.3005 -83.6155 835
      vertex -58.6022 -80.659 800
      vertex -54.3005 -83.6155 800
    endloop
  endfacet
  facet normal -0.852646 0.522489 0
    outer loop
      vertex -86.3427 49.85 800
      vertex -83.6155 54.3005 835
      vertex -83.6155 54.3005 800
    endloop
  endfacet
  facet normal -0.852646 0.522489 0
    outer loop
      vertex -83.6155 54.3005 835
      vertex -86.3427 49.85 800
      vertex -86.3427 49.85 835
    endloop
  endfacet
  facet normal -0.333795 -0.942646 0
    outer loop
      vertex -35.7293 -93.078 800
      vertex -30.809 -94.8203 835
      vertex -35.7293 -93.078 835
    endloop
  endfacet
  facet normal -0.333795 -0.942646 -0
    outer loop
      vertex -30.809 -94.8203 835
      vertex -35.7293 -93.078 800
      vertex -30.809 -94.8203 800
    endloop
  endfacet
  facet normal -0.0784719 -0.996916 0
    outer loop
      vertex -10.4215 -99.1538 800
      vertex -5.21789 -99.5634 835
      vertex -10.4215 -99.1538 835
    endloop
  endfacet
  facet normal -0.0784719 -0.996916 -0
    outer loop
      vertex -5.21789 -99.5634 835
      vertex -10.4215 -99.1538 800
      vertex -5.21789 -99.5634 800
    endloop
  endfacet
  facet normal -0.566409 0.824124 0
    outer loop
      vertex -54.3005 83.6155 800
      vertex -58.6022 80.659 835
      vertex -54.3005 83.6155 835
    endloop
  endfacet
  facet normal -0.566409 0.824124 0
    outer loop
      vertex -58.6022 80.659 835
      vertex -54.3005 83.6155 800
      vertex -58.6022 80.659 800
    endloop
  endfacet
  facet normal 0.38269 0.923877 -0
    outer loop
      vertex 40.5516 91.0805 800
      vertex 35.7293 93.078 835
      vertex 40.5516 91.0805 835
    endloop
  endfacet
  facet normal 0.38269 0.923877 0
    outer loop
      vertex 35.7293 93.078 835
      vertex 40.5516 91.0805 800
      vertex 35.7293 93.078 800
    endloop
  endfacet
  facet normal -0.233442 0.972371 0
    outer loop
      vertex -20.7288 97.5213 800
      vertex -25.8043 96.3028 835
      vertex -20.7288 97.5213 835
    endloop
  endfacet
  facet normal -0.233442 0.972371 0
    outer loop
      vertex -25.8043 96.3028 835
      vertex -20.7288 97.5213 800
      vertex -25.8043 96.3028 800
    endloop
  endfacet
  facet normal -0.983255 0.182233 0
    outer loop
      vertex -98.4725 15.5965 800
      vertex -97.5213 20.7288 835
      vertex -97.5213 20.7288 800
    endloop
  endfacet
  facet normal -0.983255 0.182233 0
    outer loop
      vertex -97.5213 20.7288 835
      vertex -98.4725 15.5965 800
      vertex -98.4725 15.5965 835
    endloop
  endfacet
  facet normal -0.991445 0.130526 0
    outer loop
      vertex -99.1538 10.4215 800
      vertex -98.4725 15.5965 835
      vertex -98.4725 15.5965 800
    endloop
  endfacet
  facet normal -0.991445 0.130526 0
    outer loop
      vertex -98.4725 15.5965 835
      vertex -99.1538 10.4215 800
      vertex -99.1538 10.4215 835
    endloop
  endfacet
  facet normal -0.477175 -0.878808 0
    outer loop
      vertex -49.85 -86.3427 800
      vertex -45.2629 -88.8334 835
      vertex -49.85 -86.3427 835
    endloop
  endfacet
  facet normal -0.477175 -0.878808 -0
    outer loop
      vertex -45.2629 -88.8334 835
      vertex -49.85 -86.3427 800
      vertex -45.2629 -88.8334 800
    endloop
  endfacet
  facet normal -0.284022 0.958818 0
    outer loop
      vertex -25.8043 96.3028 800
      vertex -30.809 94.8203 835
      vertex -25.8043 96.3028 835
    endloop
  endfacet
  facet normal -0.284022 0.958818 0
    outer loop
      vertex -30.809 94.8203 835
      vertex -25.8043 96.3028 800
      vertex -30.809 94.8203 800
    endloop
  endfacet
  facet normal -0.902591 -0.430499 0
    outer loop
      vertex -88.8334 -45.2629 800
      vertex -91.0805 -40.5516 835
      vertex -91.0805 -40.5516 800
    endloop
  endfacet
  facet normal -0.902591 -0.430499 0
    outer loop
      vertex -91.0805 -40.5516 835
      vertex -88.8334 -45.2629 800
      vertex -88.8334 -45.2629 835
    endloop
  endfacet
  facet normal -0.430499 -0.902591 0
    outer loop
      vertex -45.2629 -88.8334 800
      vertex -40.5516 -91.0805 835
      vertex -45.2629 -88.8334 835
    endloop
  endfacet
  facet normal -0.430499 -0.902591 -0
    outer loop
      vertex -40.5516 -91.0805 835
      vertex -45.2629 -88.8334 800
      vertex -40.5516 -91.0805 800
    endloop
  endfacet
  facet normal -0.958818 -0.284022 0
    outer loop
      vertex -94.8203 -30.809 800
      vertex -96.3028 -25.8043 835
      vertex -96.3028 -25.8043 800
    endloop
  endfacet
  facet normal -0.958818 -0.284022 0
    outer loop
      vertex -96.3028 -25.8043 835
      vertex -94.8203 -30.809 800
      vertex -94.8203 -30.809 835
    endloop
  endfacet
  facet normal 0.923877 -0.38269 0
    outer loop
      vertex 91.0805 -40.5516 835
      vertex 93.078 -35.7293 800
      vertex 93.078 -35.7293 835
    endloop
  endfacet
  facet normal 0.923877 -0.38269 0
    outer loop
      vertex 93.078 -35.7293 800
      vertex 91.0805 -40.5516 835
      vertex 91.0805 -40.5516 800
    endloop
  endfacet
  facet normal 0.942646 -0.333795 0
    outer loop
      vertex 93.078 -35.7293 835
      vertex 94.8203 -30.809 800
      vertex 94.8203 -30.809 835
    endloop
  endfacet
  facet normal 0.942646 -0.333795 0
    outer loop
      vertex 94.8203 -30.809 800
      vertex 93.078 -35.7293 835
      vertex 93.078 -35.7293 800
    endloop
  endfacet
  facet normal -0.477175 0.878808 0
    outer loop
      vertex -45.2629 88.8334 800
      vertex -49.85 86.3427 835
      vertex -45.2629 88.8334 835
    endloop
  endfacet
  facet normal -0.477175 0.878808 0
    outer loop
      vertex -49.85 86.3427 835
      vertex -45.2629 88.8334 800
      vertex -49.85 86.3427 800
    endloop
  endfacet
  facet normal 0 0 -1
    outer loop
      vertex -50 -5 -340
      vertex 50 5 -340
      vertex 50 -5 -340
    endloop
  endfacet
  facet normal -0 0 -1
    outer loop
      vertex 50 5 -340
      vertex -50 -5 -340
      vertex -50 5 -340
    endloop
  endfacet
  facet normal -0 0 1
    outer loop
      vertex -50 5 400
      vertex 50 -5 400
      vertex 50 5 400
    endloop
  endfacet
  facet normal 0 0 1
    outer loop
      vertex 50 -5 400
      vertex -50 5 400
      vertex -50 -5 400
    endloop
  endfacet
  facet normal 1 -0 0
    outer loop
      vertex 50 -5 400
      vertex 50 5 15
      vertex 50 5 400
    endloop
  endfacet
  facet normal 1 0 0
    outer loop
      vertex 50 5 15
      vertex 50 -5 400
      vertex 50 -5 15
    endloop
  endfacet
  facet normal 1 -0 0
    outer loop
      vertex 50 -5 -30
      vertex 50 5 -340
      vertex 50 5 -30
    endloop
  endfacet
  facet normal 1 0 0
    outer loop
      vertex 50 5 -340
      vertex 50 -5 -30
      vertex 50 -5 -340
    endloop
  endfacet
  facet normal -1 0 0
    outer loop
      vertex -50 -5 15
      vertex -50 5 400
      vertex -50 5 15
    endloop
  endfacet
  facet normal -1 -0 0
    outer loop
      vertex -50 5 400
      vertex -50 -5 15
      vertex -50 -5 400
    endloop
  endfacet
  facet normal -1 0 0
    outer loop
      vertex -50 -5 -340
      vertex -50 5 -30
      vertex -50 5 -340
    endloop
  endfacet
  facet normal -1 -0 0
    outer loop
      vertex -50 5 -30
      vertex -50 -5 -340
      vertex -50 -5 -30
    endloop
  endfacet
  facet normal 0 1 -0
    outer loop
      vertex 50 5 15
      vertex -50 5 400
      vertex 50 5 400
    endloop
  endfacet
  facet normal 0 1 0
    outer loop
      vertex -50 5 400
      vertex 50 5 15
      vertex -50 5 15
    endloop
  endfacet
  facet normal 0 1 0
    outer loop
      vertex 50 5 -30
      vertex 39.6731 5 -31
      vertex 39.6731 5 -30
    endloop
  endfacet
  facet normal 0 1 0
    outer loop
      vertex 39.6731 5 -31
      vertex 50 5 -340
      vertex -39.6731 5 -31
    endloop
  endfacet
  facet normal 0 1 -0
    outer loop
      vertex 50 5 -340
      vertex 39.6731 5 -31
      vertex 50 5 -30
    endloop
  endfacet
  facet normal 0 1 -0
    outer loop
      vertex -39.6731 5 -31
      vertex -50 5 -30
      vertex -39.6731 5 -30
    endloop
  endfacet
  facet normal 0 1 0
    outer loop
      vertex -50 5 -340
      vertex -39.6731 5 -31
      vertex 50 5 -340
    endloop
  endfacet
  facet normal 0 1 0
    outer loop
      vertex -39.6731 5 -31
      vertex -50 5 -340
      vertex -50 5 -30
    endloop
  endfacet
  facet normal 0 -1 0
    outer loop
      vertex -50 -5 15
      vertex 50 -5 400
      vertex -50 -5 400
    endloop
  endfacet
  facet normal 0 -1 -0
    outer loop
      vertex 50 -5 400
      vertex -50 -5 15
      vertex 50 -5 15
    endloop
  endfacet
  facet normal 0 -1 0
    outer loop
      vertex -50 -5 -30
      vertex -39.6731 -5 -31
      vertex -39.6731 -5 -30
    endloop
  endfacet
  facet normal 0 -1 -0
    outer loop
      vertex -39.6731 -5 -31
      vertex -50 -5 -340
      vertex 39.6731 -5 -31
    endloop
  endfacet
  facet normal 0 -1 0
    outer loop
      vertex -50 -5 -340
      vertex -39.6731 -5 -31
      vertex -50 -5 -30
    endloop
  endfacet
  facet normal 0 -1 0
    outer loop
      vertex 39.6731 -5 -31
      vertex 50 -5 -30
      vertex 39.6731 -5 -30
    endloop
  endfacet
  facet normal 0 -1 0
    outer loop
      vertex 50 -5 -340
      vertex 39.6731 -5 -31
      vertex -50 -5 -340
    endloop
  endfacet
  facet normal 0 -1 0
    outer loop
      vertex 39.6731 -5 -31
      vertex 50 -5 -340
      vertex 50 -5 -30
    endloop
  endfacet
endsolid OpenSCAD_Model
