solid OpenSCAD_Model
  facet normal 0.92388 0.382682 0
    outer loop
      vertex 93.358 35.8368 800
      vertex 91.3545 40.6737 0
      vertex 91.3545 40.6737 800
    endloop
  endfacet
  facet normal 0.92388 0.382682 0
    outer loop
      vertex 91.3545 40.6737 0
      vertex 93.358 35.8368 800
      vertex 93.358 35.8368 0
    endloop
  endfacet
  facet normal 0.996917 0.0784665 0
    outer loop
      vertex 99.863 5.23359 800
      vertex 99.4522 10.4528 0
      vertex 99.4522 10.4528 800
    endloop
  endfacet
  facet normal 0.996917 0.0784665 0
    outer loop
      vertex 99.4522 10.4528 0
      vertex 99.863 5.23359 800
      vertex 99.863 5.23359 0
    endloop
  endfacet
  facet normal 0.999658 0.0261681 0
    outer loop
      vertex 100 0 800
      vertex 99.863 5.23359 0
      vertex 99.863 5.23359 800
    endloop
  endfacet
  facet normal 0.999658 0.0261681 0
    outer loop
      vertex 99.863 5.23359 0
      vertex 100 0 800
      vertex 100 0 0
    endloop
  endfacet
  facet normal -0.333822 -0.942636 0
    outer loop
      vertex -35.8368 -93.358 0
      vertex -30.9017 -95.1057 800
      vertex -35.8368 -93.358 800
    endloop
  endfacet
  facet normal -0.333822 -0.942636 -0
    outer loop
      vertex -30.9017 -95.1057 800
      vertex -35.8368 -93.358 0
      vertex -30.9017 -95.1057 0
    endloop
  endfacet
  facet normal 0.983258 -0.182219 0
    outer loop
      vertex 97.8148 -20.7912 800
      vertex 98.7688 -15.6434 0
      vertex 98.7688 -15.6434 800
    endloop
  endfacet
  facet normal 0.983258 -0.182219 0
    outer loop
      vertex 98.7688 -15.6434 0
      vertex 97.8148 -20.7912 800
      vertex 97.8148 -20.7912 0
    endloop
  endfacet
  facet normal -0.793353 0.608762 0
    outer loop
      vertex -80.9017 58.7785 0
      vertex -77.7146 62.932 800
      vertex -77.7146 62.932 0
    endloop
  endfacet
  facet normal -0.793353 0.608762 0
    outer loop
      vertex -77.7146 62.932 800
      vertex -80.9017 58.7785 0
      vertex -80.9017 58.7785 800
    endloop
  endfacet
  facet normal 0.0261681 -0.999658 0
    outer loop
      vertex 0 -100 0
      vertex 5.23359 -99.863 800
      vertex 0 -100 800
    endloop
  endfacet
  facet normal 0.0261681 -0.999658 0
    outer loop
      vertex 5.23359 -99.863 800
      vertex 0 -100 0
      vertex 5.23359 -99.863 0
    endloop
  endfacet
  facet normal -0.942636 0.333822 0
    outer loop
      vertex -95.1057 30.9017 0
      vertex -93.358 35.8368 800
      vertex -93.358 35.8368 0
    endloop
  endfacet
  facet normal -0.942636 0.333822 0
    outer loop
      vertex -93.358 35.8368 800
      vertex -95.1057 30.9017 0
      vertex -95.1057 30.9017 800
    endloop
  endfacet
  facet normal 0.793353 -0.608762 0
    outer loop
      vertex 77.7146 -62.932 800
      vertex 80.9017 -58.7785 0
      vertex 80.9017 -58.7785 800
    endloop
  endfacet
  facet normal 0.793353 -0.608762 0
    outer loop
      vertex 80.9017 -58.7785 0
      vertex 77.7146 -62.932 800
      vertex 77.7146 -62.932 0
    endloop
  endfacet
  facet normal 0.182219 0.983258 -0
    outer loop
      vertex 20.7912 97.8148 0
      vertex 15.6434 98.7688 800
      vertex 20.7912 97.8148 800
    endloop
  endfacet
  facet normal 0.182219 0.983258 0
    outer loop
      vertex 15.6434 98.7688 800
      vertex 20.7912 97.8148 0
      vertex 15.6434 98.7688 0
    endloop
  endfacet
  facet normal -0.958821 0.28401 0
    outer loop
      vertex -96.5926 25.8819 0
      vertex -95.1057 30.9017 800
      vertex -95.1057 30.9017 0
    endloop
  endfacet
  facet normal -0.958821 0.28401 0
    outer loop
      vertex -95.1057 30.9017 800
      vertex -96.5926 25.8819 0
      vertex -96.5926 25.8819 800
    endloop
  endfacet
  facet normal -0.28401 -0.958821 0
    outer loop
      vertex -30.9017 -95.1057 0
      vertex -25.8819 -96.5926 800
      vertex -30.9017 -95.1057 800
    endloop
  endfacet
  facet normal -0.28401 -0.958821 -0
    outer loop
      vertex -25.8819 -96.5926 800
      vertex -30.9017 -95.1057 0
      vertex -25.8819 -96.5926 0
    endloop
  endfacet
  facet normal -0.430503 -0.902589 0
    outer loop
      vertex -45.399 -89.1007 0
      vertex -40.6737 -91.3545 800
      vertex -45.399 -89.1007 800
    endloop
  endfacet
  facet normal -0.430503 -0.902589 -0
    outer loop
      vertex -40.6737 -91.3545 800
      vertex -45.399 -89.1007 0
      vertex -40.6737 -91.3545 0
    endloop
  endfacet
  facet normal 0.0784665 -0.996917 0
    outer loop
      vertex 5.23359 -99.863 0
      vertex 10.4528 -99.4522 800
      vertex 5.23359 -99.863 800
    endloop
  endfacet
  facet normal 0.0784665 -0.996917 0
    outer loop
      vertex 10.4528 -99.4522 800
      vertex 5.23359 -99.863 0
      vertex 10.4528 -99.4522 0
    endloop
  endfacet
  facet normal -0.972369 0.233451 0
    outer loop
      vertex -97.8148 20.7912 0
      vertex -96.5926 25.8819 800
      vertex -96.5926 25.8819 0
    endloop
  endfacet
  facet normal -0.972369 0.233451 0
    outer loop
      vertex -96.5926 25.8819 800
      vertex -97.8148 20.7912 0
      vertex -97.8148 20.7912 800
    endloop
  endfacet
  facet normal -0.942636 -0.333822 0
    outer loop
      vertex -93.358 -35.8368 0
      vertex -95.1057 -30.9017 800
      vertex -95.1057 -30.9017 0
    endloop
  endfacet
  facet normal -0.942636 -0.333822 0
    outer loop
      vertex -95.1057 -30.9017 800
      vertex -93.358 -35.8368 0
      vertex -93.358 -35.8368 800
    endloop
  endfacet
  facet normal 0.983258 0.182219 0
    outer loop
      vertex 98.7688 15.6434 800
      vertex 97.8148 20.7912 0
      vertex 97.8148 20.7912 800
    endloop
  endfacet
  facet normal 0.983258 0.182219 0
    outer loop
      vertex 97.8148 20.7912 0
      vertex 98.7688 15.6434 800
      vertex 98.7688 15.6434 0
    endloop
  endfacet
  facet normal -0.852647 -0.522487 0
    outer loop
      vertex -83.8671 -54.4639 0
      vertex -86.6025 -50 800
      vertex -86.6025 -50 0
    endloop
  endfacet
  facet normal -0.852647 -0.522487 0
    outer loop
      vertex -86.6025 -50 800
      vertex -83.8671 -54.4639 0
      vertex -83.8671 -54.4639 800
    endloop
  endfacet
  facet normal 0.333822 -0.942636 0
    outer loop
      vertex 30.9017 -95.1057 0
      vertex 35.8368 -93.358 800
      vertex 30.9017 -95.1057 800
    endloop
  endfacet
  facet normal 0.333822 -0.942636 0
    outer loop
      vertex 35.8368 -93.358 800
      vertex 30.9017 -95.1057 0
      vertex 35.8368 -93.358 0
    endloop
  endfacet
  facet normal 0.991444 -0.130535 0
    outer loop
      vertex 98.7688 -15.6434 800
      vertex 99.4522 -10.4528 0
      vertex 99.4522 -10.4528 800
    endloop
  endfacet
  facet normal 0.991444 -0.130535 0
    outer loop
      vertex 99.4522 -10.4528 0
      vertex 98.7688 -15.6434 800
      vertex 98.7688 -15.6434 0
    endloop
  endfacet
  facet normal 0.608762 -0.793353 0
    outer loop
      vertex 58.7785 -80.9017 0
      vertex 62.932 -77.7146 800
      vertex 58.7785 -80.9017 800
    endloop
  endfacet
  facet normal 0.608762 -0.793353 0
    outer loop
      vertex 62.932 -77.7146 800
      vertex 58.7785 -80.9017 0
      vertex 62.932 -77.7146 0
    endloop
  endfacet
  facet normal 0.430503 0.902589 -0
    outer loop
      vertex 45.399 89.1007 0
      vertex 40.6737 91.3545 800
      vertex 45.399 89.1007 800
    endloop
  endfacet
  facet normal 0.430503 0.902589 0
    outer loop
      vertex 40.6737 91.3545 800
      vertex 45.399 89.1007 0
      vertex 40.6737 91.3545 0
    endloop
  endfacet
  facet normal 0.130535 -0.991444 0
    outer loop
      vertex 10.4528 -99.4522 0
      vertex 15.6434 -98.7688 800
      vertex 10.4528 -99.4522 800
    endloop
  endfacet
  facet normal 0.130535 -0.991444 0
    outer loop
      vertex 15.6434 -98.7688 800
      vertex 10.4528 -99.4522 0
      vertex 15.6434 -98.7688 0
    endloop
  endfacet
  facet normal -0.0261681 -0.999658 0
    outer loop
      vertex -5.23359 -99.863 0
      vertex 0 -100 800
      vertex -5.23359 -99.863 800
    endloop
  endfacet
  facet normal -0.0261681 -0.999658 -0
    outer loop
      vertex 0 -100 800
      vertex -5.23359 -99.863 0
      vertex 0 -100 0
    endloop
  endfacet
  facet normal -0.430503 0.902589 0
    outer loop
      vertex -40.6737 91.3545 0
      vertex -45.399 89.1007 800
      vertex -40.6737 91.3545 800
    endloop
  endfacet
  facet normal -0.430503 0.902589 0
    outer loop
      vertex -45.399 89.1007 800
      vertex -40.6737 91.3545 0
      vertex -45.399 89.1007 0
    endloop
  endfacet
  facet normal -0.566414 -0.824121 0
    outer loop
      vertex -58.7785 -80.9017 0
      vertex -54.4639 -83.8671 800
      vertex -58.7785 -80.9017 800
    endloop
  endfacet
  facet normal -0.566414 -0.824121 -0
    outer loop
      vertex -54.4639 -83.8671 800
      vertex -58.7785 -80.9017 0
      vertex -54.4639 -83.8671 0
    endloop
  endfacet
  facet normal 0.878812 0.477168 0
    outer loop
      vertex 89.1007 45.399 800
      vertex 86.6025 50 0
      vertex 86.6025 50 800
    endloop
  endfacet
  facet normal 0.878812 0.477168 0
    outer loop
      vertex 86.6025 50 0
      vertex 89.1007 45.399 800
      vertex 89.1007 45.399 0
    endloop
  endfacet
  facet normal 0.972369 0.233451 0
    outer loop
      vertex 97.8148 20.7912 800
      vertex 96.5926 25.8819 0
      vertex 96.5926 25.8819 800
    endloop
  endfacet
  facet normal 0.972369 0.233451 0
    outer loop
      vertex 96.5926 25.8819 0
      vertex 97.8148 20.7912 800
      vertex 97.8148 20.7912 0
    endloop
  endfacet
  facet normal -0.130535 0.991444 0
    outer loop
      vertex -10.4528 99.4522 0
      vertex -15.6434 98.7688 800
      vertex -10.4528 99.4522 800
    endloop
  endfacet
  facet normal -0.130535 0.991444 0
    outer loop
      vertex -15.6434 98.7688 800
      vertex -10.4528 99.4522 0
      vertex -15.6434 98.7688 0
    endloop
  endfacet
  facet normal -0.991444 0.130535 0
    outer loop
      vertex -99.4522 10.4528 0
      vertex -98.7688 15.6434 800
      vertex -98.7688 15.6434 0
    endloop
  endfacet
  facet normal -0.991444 0.130535 0
    outer loop
      vertex -98.7688 15.6434 800
      vertex -99.4522 10.4528 0
      vertex -99.4522 10.4528 800
    endloop
  endfacet
  facet normal 0.430503 -0.902589 0
    outer loop
      vertex 40.6737 -91.3545 0
      vertex 45.399 -89.1007 800
      vertex 40.6737 -91.3545 800
    endloop
  endfacet
  facet normal 0.430503 -0.902589 0
    outer loop
      vertex 45.399 -89.1007 800
      vertex 40.6737 -91.3545 0
      vertex 45.399 -89.1007 0
    endloop
  endfacet
  facet normal -0.130535 -0.991444 0
    outer loop
      vertex -15.6434 -98.7688 0
      vertex -10.4528 -99.4522 800
      vertex -15.6434 -98.7688 800
    endloop
  endfacet
  facet normal -0.130535 -0.991444 -0
    outer loop
      vertex -10.4528 -99.4522 800
      vertex -15.6434 -98.7688 0
      vertex -10.4528 -99.4522 0
    endloop
  endfacet
  facet normal -0.999658 -0.0261681 0
    outer loop
      vertex -99.863 -5.23359 0
      vertex -100 0 800
      vertex -100 0 0
    endloop
  endfacet
  facet normal -0.999658 -0.0261681 0
    outer loop
      vertex -100 0 800
      vertex -99.863 -5.23359 0
      vertex -99.863 -5.23359 800
    endloop
  endfacet
  facet normal 0.793353 0.608762 0
    outer loop
      vertex 80.9017 58.7785 800
      vertex 77.7146 62.932 0
      vertex 77.7146 62.932 800
    endloop
  endfacet
  facet normal 0.793353 0.608762 0
    outer loop
      vertex 77.7146 62.932 0
      vertex 80.9017 58.7785 800
      vertex 80.9017 58.7785 0
    endloop
  endfacet
  facet normal 0.566414 -0.824121 0
    outer loop
      vertex 54.4639 -83.8671 0
      vertex 58.7785 -80.9017 800
      vertex 54.4639 -83.8671 800
    endloop
  endfacet
  facet normal 0.566414 -0.824121 0
    outer loop
      vertex 58.7785 -80.9017 800
      vertex 54.4639 -83.8671 0
      vertex 58.7785 -80.9017 0
    endloop
  endfacet
  facet normal -0.983258 -0.182219 0
    outer loop
      vertex -97.8148 -20.7912 0
      vertex -98.7688 -15.6434 800
      vertex -98.7688 -15.6434 0
    endloop
  endfacet
  facet normal -0.983258 -0.182219 0
    outer loop
      vertex -98.7688 -15.6434 800
      vertex -97.8148 -20.7912 0
      vertex -97.8148 -20.7912 800
    endloop
  endfacet
  facet normal 0.566414 0.824121 -0
    outer loop
      vertex 58.7785 80.9017 0
      vertex 54.4639 83.8671 800
      vertex 58.7785 80.9017 800
    endloop
  endfacet
  facet normal 0.566414 0.824121 0
    outer loop
      vertex 54.4639 83.8671 800
      vertex 58.7785 80.9017 0
      vertex 54.4639 83.8671 0
    endloop
  endfacet
  facet normal -0.233451 0.972369 0
    outer loop
      vertex -20.7912 97.8148 0
      vertex -25.8819 96.5926 800
      vertex -20.7912 97.8148 800
    endloop
  endfacet
  facet normal -0.233451 0.972369 0
    outer loop
      vertex -25.8819 96.5926 800
      vertex -20.7912 97.8148 0
      vertex -25.8819 96.5926 0
    endloop
  endfacet
  facet normal 0.649439 0.760414 -0
    outer loop
      vertex 66.9131 74.3145 0
      vertex 62.932 77.7146 800
      vertex 66.9131 74.3145 800
    endloop
  endfacet
  facet normal 0.649439 0.760414 0
    outer loop
      vertex 62.932 77.7146 800
      vertex 66.9131 74.3145 0
      vertex 62.932 77.7146 0
    endloop
  endfacet
  facet normal 0.958821 0.28401 0
    outer loop
      vertex 96.5926 25.8819 800
      vertex 95.1057 30.9017 0
      vertex 95.1057 30.9017 800
    endloop
  endfacet
  facet normal 0.958821 0.28401 0
    outer loop
      vertex 95.1057 30.9017 0
      vertex 96.5926 25.8819 800
      vertex 96.5926 25.8819 0
    endloop
  endfacet
  facet normal -0.725373 0.688356 0
    outer loop
      vertex -74.3145 66.9131 0
      vertex -70.7107 70.7107 800
      vertex -70.7107 70.7107 0
    endloop
  endfacet
  facet normal -0.725373 0.688356 0
    outer loop
      vertex -70.7107 70.7107 800
      vertex -74.3145 66.9131 0
      vertex -74.3145 66.9131 800
    endloop
  endfacet
  facet normal 0.522487 0.852647 -0
    outer loop
      vertex 54.4639 83.8671 0
      vertex 50 86.6025 800
      vertex 54.4639 83.8671 800
    endloop
  endfacet
  facet normal 0.522487 0.852647 0
    outer loop
      vertex 50 86.6025 800
      vertex 54.4639 83.8671 0
      vertex 50 86.6025 0
    endloop
  endfacet
  facet normal -0.566414 0.824121 0
    outer loop
      vertex -54.4639 83.8671 0
      vertex -58.7785 80.9017 800
      vertex -54.4639 83.8671 800
    endloop
  endfacet
  facet normal -0.566414 0.824121 0
    outer loop
      vertex -58.7785 80.9017 800
      vertex -54.4639 83.8671 0
      vertex -58.7785 80.9017 0
    endloop
  endfacet
  facet normal -0.878812 -0.477168 0
    outer loop
      vertex -86.6025 -50 0
      vertex -89.1007 -45.399 800
      vertex -89.1007 -45.399 0
    endloop
  endfacet
  facet normal -0.878812 -0.477168 0
    outer loop
      vertex -89.1007 -45.399 800
      vertex -86.6025 -50 0
      vertex -86.6025 -50 800
    endloop
  endfacet
  facet normal 0.902589 0.430503 0
    outer loop
      vertex 91.3545 40.6737 800
      vertex 89.1007 45.399 0
      vertex 89.1007 45.399 800
    endloop
  endfacet
  facet normal 0.902589 0.430503 0
    outer loop
      vertex 89.1007 45.399 0
      vertex 91.3545 40.6737 800
      vertex 91.3545 40.6737 0
    endloop
  endfacet
  facet normal -0.522487 0.852647 0
    outer loop
      vertex -50 86.6025 0
      vertex -54.4639 83.8671 800
      vertex -50 86.6025 800
    endloop
  endfacet
  facet normal -0.522487 0.852647 0
    outer loop
      vertex -54.4639 83.8671 800
      vertex -50 86.6025 0
      vertex -54.4639 83.8671 0
    endloop
  endfacet
  facet normal 0.477168 -0.878812 0
    outer loop
      vertex 45.399 -89.1007 0
      vertex 50 -86.6025 800
      vertex 45.399 -89.1007 800
    endloop
  endfacet
  facet normal 0.477168 -0.878812 0
    outer loop
      vertex 50 -86.6025 800
      vertex 45.399 -89.1007 0
      vertex 50 -86.6025 0
    endloop
  endfacet
  facet normal 0.852647 0.522487 0
    outer loop
      vertex 86.6025 50 800
      vertex 83.8671 54.4639 0
      vertex 83.8671 54.4639 800
    endloop
  endfacet
  facet normal 0.852647 0.522487 0
    outer loop
      vertex 83.8671 54.4639 0
      vertex 86.6025 50 800
      vertex 86.6025 50 0
    endloop
  endfacet
  facet normal -0.649439 0.760414 0
    outer loop
      vertex -62.932 77.7146 0
      vertex -66.9131 74.3145 800
      vertex -62.932 77.7146 800
    endloop
  endfacet
  facet normal -0.649439 0.760414 0
    outer loop
      vertex -66.9131 74.3145 800
      vertex -62.932 77.7146 0
      vertex -66.9131 74.3145 0
    endloop
  endfacet
  facet normal -0.725373 -0.688356 0
    outer loop
      vertex -70.7107 -70.7107 0
      vertex -74.3145 -66.9131 800
      vertex -74.3145 -66.9131 0
    endloop
  endfacet
  facet normal -0.725373 -0.688356 0
    outer loop
      vertex -74.3145 -66.9131 800
      vertex -70.7107 -70.7107 0
      vertex -70.7107 -70.7107 800
    endloop
  endfacet
  facet normal 0.996917 -0.0784665 0
    outer loop
      vertex 99.4522 -10.4528 800
      vertex 99.863 -5.23359 0
      vertex 99.863 -5.23359 800
    endloop
  endfacet
  facet normal 0.996917 -0.0784665 0
    outer loop
      vertex 99.863 -5.23359 0
      vertex 99.4522 -10.4528 800
      vertex 99.4522 -10.4528 0
    endloop
  endfacet
  facet normal 0.130535 0.991444 -0
    outer loop
      vertex 15.6434 98.7688 0
      vertex 10.4528 99.4522 800
      vertex 15.6434 98.7688 800
    endloop
  endfacet
  facet normal 0.130535 0.991444 0
    outer loop
      vertex 10.4528 99.4522 800
      vertex 15.6434 98.7688 0
      vertex 10.4528 99.4522 0
    endloop
  endfacet
  facet normal -0.608762 0.793353 0
    outer loop
      vertex -58.7785 80.9017 0
      vertex -62.932 77.7146 800
      vertex -58.7785 80.9017 800
    endloop
  endfacet
  facet normal -0.608762 0.793353 0
    outer loop
      vertex -62.932 77.7146 800
      vertex -58.7785 80.9017 0
      vertex -62.932 77.7146 0
    endloop
  endfacet
  facet normal -0.382682 0.92388 0
    outer loop
      vertex -35.8368 93.358 0
      vertex -40.6737 91.3545 800
      vertex -35.8368 93.358 800
    endloop
  endfacet
  facet normal -0.382682 0.92388 0
    outer loop
      vertex -40.6737 91.3545 800
      vertex -35.8368 93.358 0
      vertex -40.6737 91.3545 0
    endloop
  endfacet
  facet normal 0.878812 -0.477168 0
    outer loop
      vertex 86.6025 -50 800
      vertex 89.1007 -45.399 0
      vertex 89.1007 -45.399 800
    endloop
  endfacet
  facet normal 0.878812 -0.477168 0
    outer loop
      vertex 89.1007 -45.399 0
      vertex 86.6025 -50 800
      vertex 86.6025 -50 0
    endloop
  endfacet
  facet normal -0.649439 -0.760414 0
    outer loop
      vertex -66.9131 -74.3145 0
      vertex -62.932 -77.7146 800
      vertex -66.9131 -74.3145 800
    endloop
  endfacet
  facet normal -0.649439 -0.760414 -0
    outer loop
      vertex -62.932 -77.7146 800
      vertex -66.9131 -74.3145 0
      vertex -62.932 -77.7146 0
    endloop
  endfacet
  facet normal -0.608762 -0.793353 0
    outer loop
      vertex -62.932 -77.7146 0
      vertex -58.7785 -80.9017 800
      vertex -62.932 -77.7146 800
    endloop
  endfacet
  facet normal -0.608762 -0.793353 -0
    outer loop
      vertex -58.7785 -80.9017 800
      vertex -62.932 -77.7146 0
      vertex -58.7785 -80.9017 0
    endloop
  endfacet
  facet normal 0.760414 -0.649439 0
    outer loop
      vertex 74.3145 -66.9131 800
      vertex 77.7146 -62.932 0
      vertex 77.7146 -62.932 800
    endloop
  endfacet
  facet normal 0.760414 -0.649439 0
    outer loop
      vertex 77.7146 -62.932 0
      vertex 74.3145 -66.9131 800
      vertex 74.3145 -66.9131 0
    endloop
  endfacet
  facet normal 0.760414 0.649439 0
    outer loop
      vertex 77.7146 62.932 800
      vertex 74.3145 66.9131 0
      vertex 74.3145 66.9131 800
    endloop
  endfacet
  facet normal 0.760414 0.649439 0
    outer loop
      vertex 74.3145 66.9131 0
      vertex 77.7146 62.932 800
      vertex 77.7146 62.932 0
    endloop
  endfacet
  facet normal 0.991444 0.130535 0
    outer loop
      vertex 99.4522 10.4528 800
      vertex 98.7688 15.6434 0
      vertex 98.7688 15.6434 800
    endloop
  endfacet
  facet normal 0.991444 0.130535 0
    outer loop
      vertex 98.7688 15.6434 0
      vertex 99.4522 10.4528 800
      vertex 99.4522 10.4528 0
    endloop
  endfacet
  facet normal 0.942636 -0.333822 0
    outer loop
      vertex 93.358 -35.8368 800
      vertex 95.1057 -30.9017 0
      vertex 95.1057 -30.9017 800
    endloop
  endfacet
  facet normal 0.942636 -0.333822 0
    outer loop
      vertex 95.1057 -30.9017 0
      vertex 93.358 -35.8368 800
      vertex 93.358 -35.8368 0
    endloop
  endfacet
  facet normal 0.28401 -0.958821 0
    outer loop
      vertex 25.8819 -96.5926 0
      vertex 30.9017 -95.1057 800
      vertex 25.8819 -96.5926 800
    endloop
  endfacet
  facet normal 0.28401 -0.958821 0
    outer loop
      vertex 30.9017 -95.1057 800
      vertex 25.8819 -96.5926 0
      vertex 30.9017 -95.1057 0
    endloop
  endfacet
  facet normal 0.725373 -0.688356 0
    outer loop
      vertex 70.7107 -70.7107 800
      vertex 74.3145 -66.9131 0
      vertex 74.3145 -66.9131 800
    endloop
  endfacet
  facet normal 0.725373 -0.688356 0
    outer loop
      vertex 74.3145 -66.9131 0
      vertex 70.7107 -70.7107 800
      vertex 70.7107 -70.7107 0
    endloop
  endfacet
  facet normal 0.958821 -0.28401 0
    outer loop
      vertex 95.1057 -30.9017 800
      vertex 96.5926 -25.8819 0
      vertex 96.5926 -25.8819 800
    endloop
  endfacet
  facet normal 0.958821 -0.28401 0
    outer loop
      vertex 96.5926 -25.8819 0
      vertex 95.1057 -30.9017 800
      vertex 95.1057 -30.9017 0
    endloop
  endfacet
  facet normal -0.996917 -0.0784665 0
    outer loop
      vertex -99.4522 -10.4528 0
      vertex -99.863 -5.23359 800
      vertex -99.863 -5.23359 0
    endloop
  endfacet
  facet normal -0.996917 -0.0784665 0
    outer loop
      vertex -99.863 -5.23359 800
      vertex -99.4522 -10.4528 0
      vertex -99.4522 -10.4528 800
    endloop
  endfacet
  facet normal -0.477168 0.878812 0
    outer loop
      vertex -45.399 89.1007 0
      vertex -50 86.6025 800
      vertex -45.399 89.1007 800
    endloop
  endfacet
  facet normal -0.477168 0.878812 0
    outer loop
      vertex -50 86.6025 800
      vertex -45.399 89.1007 0
      vertex -50 86.6025 0
    endloop
  endfacet
  facet normal 0.649439 -0.760414 0
    outer loop
      vertex 62.932 -77.7146 0
      vertex 66.9131 -74.3145 800
      vertex 62.932 -77.7146 800
    endloop
  endfacet
  facet normal 0.649439 -0.760414 0
    outer loop
      vertex 66.9131 -74.3145 800
      vertex 62.932 -77.7146 0
      vertex 66.9131 -74.3145 0
    endloop
  endfacet
  facet normal 0.477168 0.878812 -0
    outer loop
      vertex 50 86.6025 0
      vertex 45.399 89.1007 800
      vertex 50 86.6025 800
    endloop
  endfacet
  facet normal 0.477168 0.878812 0
    outer loop
      vertex 45.399 89.1007 800
      vertex 50 86.6025 0
      vertex 45.399 89.1007 0
    endloop
  endfacet
  facet normal -0.991444 -0.130535 0
    outer loop
      vertex -98.7688 -15.6434 0
      vertex -99.4522 -10.4528 800
      vertex -99.4522 -10.4528 0
    endloop
  endfacet
  facet normal -0.991444 -0.130535 0
    outer loop
      vertex -99.4522 -10.4528 800
      vertex -98.7688 -15.6434 0
      vertex -98.7688 -15.6434 800
    endloop
  endfacet
  facet normal -0.28401 0.958821 0
    outer loop
      vertex -25.8819 96.5926 0
      vertex -30.9017 95.1057 800
      vertex -25.8819 96.5926 800
    endloop
  endfacet
  facet normal -0.28401 0.958821 0
    outer loop
      vertex -30.9017 95.1057 800
      vertex -25.8819 96.5926 0
      vertex -30.9017 95.1057 0
    endloop
  endfacet
  facet normal 0.522487 -0.852647 0
    outer loop
      vertex 50 -86.6025 0
      vertex 54.4639 -83.8671 800
      vertex 50 -86.6025 800
    endloop
  endfacet
  facet normal 0.522487 -0.852647 0
    outer loop
      vertex 54.4639 -83.8671 800
      vertex 50 -86.6025 0
      vertex 54.4639 -83.8671 0
    endloop
  endfacet
  facet normal 0.333822 0.942636 -0
    outer loop
      vertex 35.8368 93.358 0
      vertex 30.9017 95.1057 800
      vertex 35.8368 93.358 800
    endloop
  endfacet
  facet normal 0.333822 0.942636 0
    outer loop
      vertex 30.9017 95.1057 800
      vertex 35.8368 93.358 0
      vertex 30.9017 95.1057 0
    endloop
  endfacet
  facet normal -0.182219 0.983258 0
    outer loop
      vertex -15.6434 98.7688 0
      vertex -20.7912 97.8148 800
      vertex -15.6434 98.7688 800
    endloop
  endfacet
  facet normal -0.182219 0.983258 0
    outer loop
      vertex -20.7912 97.8148 800
      vertex -15.6434 98.7688 0
      vertex -20.7912 97.8148 0
    endloop
  endfacet
  facet normal -0.760414 0.649439 0
    outer loop
      vertex -77.7146 62.932 0
      vertex -74.3145 66.9131 800
      vertex -74.3145 66.9131 0
    endloop
  endfacet
  facet normal -0.760414 0.649439 0
    outer loop
      vertex -74.3145 66.9131 800
      vertex -77.7146 62.932 0
      vertex -77.7146 62.932 800
    endloop
  endfacet
  facet normal 0.0261681 0.999658 -0
    outer loop
      vertex 5.23359 99.863 0
      vertex 0 100 800
      vertex 5.23359 99.863 800
    endloop
  endfacet
  facet normal 0.0261681 0.999658 0
    outer loop
      vertex 0 100 800
      vertex 5.23359 99.863 0
      vertex 0 100 0
    endloop
  endfacet
  facet normal -0.824121 0.566414 0
    outer loop
      vertex -83.8671 54.4639 0
      vertex -80.9017 58.7785 800
      vertex -80.9017 58.7785 0
    endloop
  endfacet
  facet normal -0.824121 0.566414 0
    outer loop
      vertex -80.9017 58.7785 800
      vertex -83.8671 54.4639 0
      vertex -83.8671 54.4639 800
    endloop
  endfacet
  facet normal 0.972369 -0.233451 0
    outer loop
      vertex 96.5926 -25.8819 800
      vertex 97.8148 -20.7912 0
      vertex 97.8148 -20.7912 800
    endloop
  endfacet
  facet normal 0.972369 -0.233451 0
    outer loop
      vertex 97.8148 -20.7912 0
      vertex 96.5926 -25.8819 800
      vertex 96.5926 -25.8819 0
    endloop
  endfacet
  facet normal -0.0784665 0.996917 0
    outer loop
      vertex -5.23359 99.863 0
      vertex -10.4528 99.4522 800
      vertex -5.23359 99.863 800
    endloop
  endfacet
  facet normal -0.0784665 0.996917 0
    outer loop
      vertex -10.4528 99.4522 800
      vertex -5.23359 99.863 0
      vertex -10.4528 99.4522 0
    endloop
  endfacet
  facet normal 0.688356 -0.725373 0
    outer loop
      vertex 66.9131 -74.3145 0
      vertex 70.7107 -70.7107 800
      vertex 66.9131 -74.3145 800
    endloop
  endfacet
  facet normal 0.688356 -0.725373 0
    outer loop
      vertex 70.7107 -70.7107 800
      vertex 66.9131 -74.3145 0
      vertex 70.7107 -70.7107 0
    endloop
  endfacet
  facet normal -0.902589 0.430503 0
    outer loop
      vertex -91.3545 40.6737 0
      vertex -89.1007 45.399 800
      vertex -89.1007 45.399 0
    endloop
  endfacet
  facet normal -0.902589 0.430503 0
    outer loop
      vertex -89.1007 45.399 800
      vertex -91.3545 40.6737 0
      vertex -91.3545 40.6737 800
    endloop
  endfacet
  facet normal 0.688356 0.725373 -0
    outer loop
      vertex 70.7107 70.7107 0
      vertex 66.9131 74.3145 800
      vertex 70.7107 70.7107 800
    endloop
  endfacet
  facet normal 0.688356 0.725373 0
    outer loop
      vertex 66.9131 74.3145 800
      vertex 70.7107 70.7107 0
      vertex 66.9131 74.3145 0
    endloop
  endfacet
  facet normal -0.382682 -0.92388 0
    outer loop
      vertex -40.6737 -91.3545 0
      vertex -35.8368 -93.358 800
      vertex -40.6737 -91.3545 800
    endloop
  endfacet
  facet normal -0.382682 -0.92388 -0
    outer loop
      vertex -35.8368 -93.358 800
      vertex -40.6737 -91.3545 0
      vertex -35.8368 -93.358 0
    endloop
  endfacet
  facet normal 0.608762 0.793353 -0
    outer loop
      vertex 62.932 77.7146 0
      vertex 58.7785 80.9017 800
      vertex 62.932 77.7146 800
    endloop
  endfacet
  facet normal 0.608762 0.793353 0
    outer loop
      vertex 58.7785 80.9017 800
      vertex 62.932 77.7146 0
      vertex 58.7785 80.9017 0
    endloop
  endfacet
  facet normal -0.333822 0.942636 0
    outer loop
      vertex -30.9017 95.1057 0
      vertex -35.8368 93.358 800
      vertex -30.9017 95.1057 800
    endloop
  endfacet
  facet normal -0.333822 0.942636 0
    outer loop
      vertex -35.8368 93.358 800
      vertex -30.9017 95.1057 0
      vertex -35.8368 93.358 0
    endloop
  endfacet
  facet normal -0.688356 0.725373 0
    outer loop
      vertex -66.9131 74.3145 0
      vertex -70.7107 70.7107 800
      vertex -66.9131 74.3145 800
    endloop
  endfacet
  facet normal -0.688356 0.725373 0
    outer loop
      vertex -70.7107 70.7107 800
      vertex -66.9131 74.3145 0
      vertex -70.7107 70.7107 0
    endloop
  endfacet
  facet normal 0.942636 0.333822 0
    outer loop
      vertex 95.1057 30.9017 800
      vertex 93.358 35.8368 0
      vertex 93.358 35.8368 800
    endloop
  endfacet
  facet normal 0.942636 0.333822 0
    outer loop
      vertex 93.358 35.8368 0
      vertex 95.1057 30.9017 800
      vertex 95.1057 30.9017 0
    endloop
  endfacet
  facet normal -0.760414 -0.649439 0
    outer loop
      vertex -74.3145 -66.9131 0
      vertex -77.7146 -62.932 800
      vertex -77.7146 -62.932 0
    endloop
  endfacet
  facet normal -0.760414 -0.649439 0
    outer loop
      vertex -77.7146 -62.932 800
      vertex -74.3145 -66.9131 0
      vertex -74.3145 -66.9131 800
    endloop
  endfacet
  facet normal -0.999658 0.0261681 0
    outer loop
      vertex -100 0 0
      vertex -99.863 5.23359 800
      vertex -99.863 5.23359 0
    endloop
  endfacet
  facet normal -0.999658 0.0261681 0
    outer loop
      vertex -99.863 5.23359 800
      vertex -100 0 0
      vertex -100 0 800
    endloop
  endfacet
  facet normal 0.725373 0.688356 0
    outer loop
      vertex 74.3145 66.9131 800
      vertex 70.7107 70.7107 0
      vertex 70.7107 70.7107 800
    endloop
  endfacet
  facet normal 0.725373 0.688356 0
    outer loop
      vertex 70.7107 70.7107 0
      vertex 74.3145 66.9131 800
      vertex 74.3145 66.9131 0
    endloop
  endfacet
  facet normal 0.824121 -0.566414 0
    outer loop
      vertex 80.9017 -58.7785 800
      vertex 83.8671 -54.4639 0
      vertex 83.8671 -54.4639 800
    endloop
  endfacet
  facet normal 0.824121 -0.566414 0
    outer loop
      vertex 83.8671 -54.4639 0
      vertex 80.9017 -58.7785 800
      vertex 80.9017 -58.7785 0
    endloop
  endfacet
  facet normal -0.0261681 0.999658 0
    outer loop
      vertex 0 100 0
      vertex -5.23359 99.863 800
      vertex 0 100 800
    endloop
  endfacet
  facet normal -0.0261681 0.999658 0
    outer loop
      vertex -5.23359 99.863 800
      vertex 0 100 0
      vertex -5.23359 99.863 0
    endloop
  endfacet
  facet normal 0.92388 -0.382682 0
    outer loop
      vertex 91.3545 -40.6737 800
      vertex 93.358 -35.8368 0
      vertex 93.358 -35.8368 800
    endloop
  endfacet
  facet normal 0.92388 -0.382682 0
    outer loop
      vertex 93.358 -35.8368 0
      vertex 91.3545 -40.6737 800
      vertex 91.3545 -40.6737 0
    endloop
  endfacet
  facet normal 0.902589 -0.430503 0
    outer loop
      vertex 89.1007 -45.399 800
      vertex 91.3545 -40.6737 0
      vertex 91.3545 -40.6737 800
    endloop
  endfacet
  facet normal 0.902589 -0.430503 0
    outer loop
      vertex 91.3545 -40.6737 0
      vertex 89.1007 -45.399 800
      vertex 89.1007 -45.399 0
    endloop
  endfacet
  facet normal -0.878812 0.477168 0
    outer loop
      vertex -89.1007 45.399 0
      vertex -86.6025 50 800
      vertex -86.6025 50 0
    endloop
  endfacet
  facet normal -0.878812 0.477168 0
    outer loop
      vertex -86.6025 50 800
      vertex -89.1007 45.399 0
      vertex -89.1007 45.399 800
    endloop
  endfacet
  facet normal 0.233451 -0.972369 0
    outer loop
      vertex 20.7912 -97.8148 0
      vertex 25.8819 -96.5926 800
      vertex 20.7912 -97.8148 800
    endloop
  endfacet
  facet normal 0.233451 -0.972369 0
    outer loop
      vertex 25.8819 -96.5926 800
      vertex 20.7912 -97.8148 0
      vertex 25.8819 -96.5926 0
    endloop
  endfacet
  facet normal -0.92388 -0.382682 0
    outer loop
      vertex -91.3545 -40.6737 0
      vertex -93.358 -35.8368 800
      vertex -93.358 -35.8368 0
    endloop
  endfacet
  facet normal -0.92388 -0.382682 0
    outer loop
      vertex -93.358 -35.8368 800
      vertex -91.3545 -40.6737 0
      vertex -91.3545 -40.6737 800
    endloop
  endfacet
  facet normal 0.999658 -0.0261681 0
    outer loop
      vertex 99.863 -5.23359 800
      vertex 100 0 0
      vertex 100 0 800
    endloop
  endfacet
  facet normal 0.999658 -0.0261681 0
    outer loop
      vertex 100 0 0
      vertex 99.863 -5.23359 800
      vertex 99.863 -5.23359 0
    endloop
  endfacet
  facet normal -0.92388 0.382682 0
    outer loop
      vertex -93.358 35.8368 0
      vertex -91.3545 40.6737 800
      vertex -91.3545 40.6737 0
    endloop
  endfacet
  facet normal -0.92388 0.382682 0
    outer loop
      vertex -91.3545 40.6737 800
      vertex -93.358 35.8368 0
      vertex -93.358 35.8368 800
    endloop
  endfacet
  facet normal 0.182219 -0.983258 0
    outer loop
      vertex 15.6434 -98.7688 0
      vertex 20.7912 -97.8148 800
      vertex 15.6434 -98.7688 800
    endloop
  endfacet
  facet normal 0.182219 -0.983258 0
    outer loop
      vertex 20.7912 -97.8148 800
      vertex 15.6434 -98.7688 0
      vertex 20.7912 -97.8148 0
    endloop
  endfacet
  facet normal 0.852647 -0.522487 0
    outer loop
      vertex 83.8671 -54.4639 800
      vertex 86.6025 -50 0
      vertex 86.6025 -50 800
    endloop
  endfacet
  facet normal 0.852647 -0.522487 0
    outer loop
      vertex 86.6025 -50 0
      vertex 83.8671 -54.4639 800
      vertex 83.8671 -54.4639 0
    endloop
  endfacet
  facet normal 0.382682 0.92388 -0
    outer loop
      vertex 40.6737 91.3545 0
      vertex 35.8368 93.358 800
      vertex 40.6737 91.3545 800
    endloop
  endfacet
  facet normal 0.382682 0.92388 0
    outer loop
      vertex 35.8368 93.358 800
      vertex 40.6737 91.3545 0
      vertex 35.8368 93.358 0
    endloop
  endfacet
  facet normal -0.852647 0.522487 0
    outer loop
      vertex -86.6025 50 0
      vertex -83.8671 54.4639 800
      vertex -83.8671 54.4639 0
    endloop
  endfacet
  facet normal -0.852647 0.522487 0
    outer loop
      vertex -83.8671 54.4639 800
      vertex -86.6025 50 0
      vertex -86.6025 50 800
    endloop
  endfacet
  facet normal 0 0 -1
    outer loop
      vertex 99.7 0 0
      vertex 100 0 0
      vertex 99.863 -5.23359 0
    endloop
  endfacet
  facet normal 0 0 -1
    outer loop
      vertex 100 0 0
      vertex 99.7 0 0
      vertex 99.863 5.23359 0
    endloop
  endfacet
  facet normal 0 0 -1
    outer loop
      vertex 99.863 -5.23359 0
      vertex 99.5634 -5.21789 0
      vertex 99.7 0 0
    endloop
  endfacet
  facet normal 0 0 -1
    outer loop
      vertex 99.4522 -10.4528 0
      vertex 99.5634 -5.21789 0
      vertex 99.863 -5.23359 0
    endloop
  endfacet
  facet normal 0 0 -1
    outer loop
      vertex 99.4522 -10.4528 0
      vertex 99.1538 -10.4215 0
      vertex 99.5634 -5.21789 0
    endloop
  endfacet
  facet normal 0 0 -1
    outer loop
      vertex 98.7688 -15.6434 0
      vertex 99.1538 -10.4215 0
      vertex 99.4522 -10.4528 0
    endloop
  endfacet
  facet normal 0 0 -1
    outer loop
      vertex 98.7688 -15.6434 0
      vertex 98.4725 -15.5965 0
      vertex 99.1538 -10.4215 0
    endloop
  endfacet
  facet normal 0 0 -1
    outer loop
      vertex 97.8148 -20.7912 0
      vertex 98.4725 -15.5965 0
      vertex 98.7688 -15.6434 0
    endloop
  endfacet
  facet normal 0 0 -1
    outer loop
      vertex 97.8148 -20.7912 0
      vertex 97.5213 -20.7288 0
      vertex 98.4725 -15.5965 0
    endloop
  endfacet
  facet normal 0 0 -1
    outer loop
      vertex 96.5926 -25.8819 0
      vertex 97.5213 -20.7288 0
      vertex 97.8148 -20.7912 0
    endloop
  endfacet
  facet normal 0 0 -1
    outer loop
      vertex 96.5926 -25.8819 0
      vertex 96.3028 -25.8043 0
      vertex 97.5213 -20.7288 0
    endloop
  endfacet
  facet normal 0 0 -1
    outer loop
      vertex 95.1057 -30.9017 0
      vertex 96.3028 -25.8043 0
      vertex 96.5926 -25.8819 0
    endloop
  endfacet
  facet normal 0 0 -1
    outer loop
      vertex 95.1057 -30.9017 0
      vertex 94.8203 -30.809 0
      vertex 96.3028 -25.8043 0
    endloop
  endfacet
  facet normal 0 0 -1
    outer loop
      vertex 93.358 -35.8368 0
      vertex 94.8203 -30.809 0
      vertex 95.1057 -30.9017 0
    endloop
  endfacet
  facet normal 0 0 -1
    outer loop
      vertex 93.358 -35.8368 0
      vertex 93.078 -35.7293 0
      vertex 94.8203 -30.809 0
    endloop
  endfacet
  facet normal 0 0 -1
    outer loop
      vertex 91.3545 -40.6737 0
      vertex 93.078 -35.7293 0
      vertex 93.358 -35.8368 0
    endloop
  endfacet
  facet normal 0 0 -1
    outer loop
      vertex 91.3545 -40.6737 0
      vertex 91.0805 -40.5516 0
      vertex 93.078 -35.7293 0
    endloop
  endfacet
  facet normal 0 0 -1
    outer loop
      vertex 89.1007 -45.399 0
      vertex 91.0805 -40.5516 0
      vertex 91.3545 -40.6737 0
    endloop
  endfacet
  facet normal 0 0 -1
    outer loop
      vertex 89.1007 -45.399 0
      vertex 88.8334 -45.2629 0
      vertex 91.0805 -40.5516 0
    endloop
  endfacet
  facet normal 0 0 -1
    outer loop
      vertex 86.6025 -50 0
      vertex 88.8334 -45.2629 0
      vertex 89.1007 -45.399 0
    endloop
  endfacet
  facet normal 0 0 -1
    outer loop
      vertex 86.6025 -50 0
      vertex 86.3427 -49.85 0
      vertex 88.8334 -45.2629 0
    endloop
  endfacet
  facet normal 0 0 -1
    outer loop
      vertex 83.8671 -54.4639 0
      vertex 86.3427 -49.85 0
      vertex 86.6025 -50 0
    endloop
  endfacet
  facet normal 0 0 -1
    outer loop
      vertex 83.8671 -54.4639 0
      vertex 83.6155 -54.3005 0
      vertex 86.3427 -49.85 0
    endloop
  endfacet
  facet normal 0 0 -1
    outer loop
      vertex 80.9017 -58.7785 0
      vertex 83.6155 -54.3005 0
      vertex 83.8671 -54.4639 0
    endloop
  endfacet
  facet normal 0 0 -1
    outer loop
      vertex 80.9017 -58.7785 0
      vertex 80.659 -58.6022 0
      vertex 83.6155 -54.3005 0
    endloop
  endfacet
  facet normal 0 0 -1
    outer loop
      vertex 77.7146 -62.932 0
      vertex 80.659 -58.6022 0
      vertex 80.9017 -58.7785 0
    endloop
  endfacet
  facet normal 0 0 -1
    outer loop
      vertex 77.7146 -62.932 0
      vertex 77.4815 -62.7432 0
      vertex 80.659 -58.6022 0
    endloop
  endfacet
  facet normal 0 0 -1
    outer loop
      vertex 74.3145 -66.9131 0
      vertex 77.4815 -62.7432 0
      vertex 77.7146 -62.932 0
    endloop
  endfacet
  facet normal 0 0 -1
    outer loop
      vertex 74.3145 -66.9131 0
      vertex 74.0915 -66.7123 0
      vertex 77.4815 -62.7432 0
    endloop
  endfacet
  facet normal 0 0 -1
    outer loop
      vertex 70.7107 -70.7107 0
      vertex 74.0915 -66.7123 0
      vertex 74.3145 -66.9131 0
    endloop
  endfacet
  facet normal 0 0 -1
    outer loop
      vertex 70.7107 -70.7107 0
      vertex 70.4985 -70.4985 0
      vertex 74.0915 -66.7123 0
    endloop
  endfacet
  facet normal 0 0 -1
    outer loop
      vertex 66.9131 -74.3145 0
      vertex 70.4985 -70.4985 0
      vertex 70.7107 -70.7107 0
    endloop
  endfacet
  facet normal 0 0 -1
    outer loop
      vertex 66.9131 -74.3145 0
      vertex 66.7123 -74.0915 0
      vertex 70.4985 -70.4985 0
    endloop
  endfacet
  facet normal 0 0 -1
    outer loop
      vertex 62.932 -77.7146 0
      vertex 66.7123 -74.0915 0
      vertex 66.9131 -74.3145 0
    endloop
  endfacet
  facet normal 0 0 -1
    outer loop
      vertex 62.932 -77.7146 0
      vertex 62.7432 -77.4815 0
      vertex 66.7123 -74.0915 0
    endloop
  endfacet
  facet normal 0 0 -1
    outer loop
      vertex 58.7785 -80.9017 0
      vertex 62.7432 -77.4815 0
      vertex 62.932 -77.7146 0
    endloop
  endfacet
  facet normal 0 0 -1
    outer loop
      vertex 58.7785 -80.9017 0
      vertex 58.6022 -80.659 0
      vertex 62.7432 -77.4815 0
    endloop
  endfacet
  facet normal 0 0 -1
    outer loop
      vertex 54.4639 -83.8671 0
      vertex 58.6022 -80.659 0
      vertex 58.7785 -80.9017 0
    endloop
  endfacet
  facet normal 0 0 -1
    outer loop
      vertex 54.4639 -83.8671 0
      vertex 54.3005 -83.6155 0
      vertex 58.6022 -80.659 0
    endloop
  endfacet
  facet normal 0 0 -1
    outer loop
      vertex 50 -86.6025 0
      vertex 54.3005 -83.6155 0
      vertex 54.4639 -83.8671 0
    endloop
  endfacet
  facet normal 0 0 -1
    outer loop
      vertex 50 -86.6025 0
      vertex 49.85 -86.3427 0
      vertex 54.3005 -83.6155 0
    endloop
  endfacet
  facet normal 0 0 -1
    outer loop
      vertex 45.399 -89.1007 0
      vertex 49.85 -86.3427 0
      vertex 50 -86.6025 0
    endloop
  endfacet
  facet normal 0 0 -1
    outer loop
      vertex 45.399 -89.1007 0
      vertex 45.2629 -88.8334 0
      vertex 49.85 -86.3427 0
    endloop
  endfacet
  facet normal 0 0 -1
    outer loop
      vertex 40.6737 -91.3545 0
      vertex 45.2629 -88.8334 0
      vertex 45.399 -89.1007 0
    endloop
  endfacet
  facet normal 0 0 -1
    outer loop
      vertex 40.6737 -91.3545 0
      vertex 40.5516 -91.0805 0
      vertex 45.2629 -88.8334 0
    endloop
  endfacet
  facet normal 0 0 -1
    outer loop
      vertex 35.8368 -93.358 0
      vertex 40.5516 -91.0805 0
      vertex 40.6737 -91.3545 0
    endloop
  endfacet
  facet normal 0 0 -1
    outer loop
      vertex 35.8368 -93.358 0
      vertex 35.7293 -93.078 0
      vertex 40.5516 -91.0805 0
    endloop
  endfacet
  facet normal 0 0 -1
    outer loop
      vertex 30.9017 -95.1057 0
      vertex 35.7293 -93.078 0
      vertex 35.8368 -93.358 0
    endloop
  endfacet
  facet normal 0 0 -1
    outer loop
      vertex 30.9017 -95.1057 0
      vertex 30.809 -94.8203 0
      vertex 35.7293 -93.078 0
    endloop
  endfacet
  facet normal 0 0 -1
    outer loop
      vertex 25.8819 -96.5926 0
      vertex 30.809 -94.8203 0
      vertex 30.9017 -95.1057 0
    endloop
  endfacet
  facet normal 0 0 -1
    outer loop
      vertex 25.8819 -96.5926 0
      vertex 25.8043 -96.3028 0
      vertex 30.809 -94.8203 0
    endloop
  endfacet
  facet normal 0 0 -1
    outer loop
      vertex 20.7912 -97.8148 0
      vertex 25.8043 -96.3028 0
      vertex 25.8819 -96.5926 0
    endloop
  endfacet
  facet normal 0 0 -1
    outer loop
      vertex 20.7912 -97.8148 0
      vertex 20.7288 -97.5213 0
      vertex 25.8043 -96.3028 0
    endloop
  endfacet
  facet normal 0 0 -1
    outer loop
      vertex 15.6434 -98.7688 0
      vertex 20.7288 -97.5213 0
      vertex 20.7912 -97.8148 0
    endloop
  endfacet
  facet normal 0 0 -1
    outer loop
      vertex 15.6434 -98.7688 0
      vertex 15.5965 -98.4725 0
      vertex 20.7288 -97.5213 0
    endloop
  endfacet
  facet normal 0 0 -1
    outer loop
      vertex 10.4528 -99.4522 0
      vertex 15.5965 -98.4725 0
      vertex 15.6434 -98.7688 0
    endloop
  endfacet
  facet normal 0 0 -1
    outer loop
      vertex 10.4528 -99.4522 0
      vertex 10.4215 -99.1538 0
      vertex 15.5965 -98.4725 0
    endloop
  endfacet
  facet normal 0 0 -1
    outer loop
      vertex 5.23359 -99.863 0
      vertex 10.4215 -99.1538 0
      vertex 10.4528 -99.4522 0
    endloop
  endfacet
  facet normal 0 0 -1
    outer loop
      vertex 5.23359 -99.863 0
      vertex 5.21789 -99.5634 0
      vertex 10.4215 -99.1538 0
    endloop
  endfacet
  facet normal 0 0 -1
    outer loop
      vertex 0 -100 0
      vertex 5.21789 -99.5634 0
      vertex 5.23359 -99.863 0
    endloop
  endfacet
  facet normal 0 0 -1
    outer loop
      vertex 0 -100 0
      vertex 0 -99.7 0
      vertex 5.21789 -99.5634 0
    endloop
  endfacet
  facet normal 0 0 -1
    outer loop
      vertex 0 -100 0
      vertex -5.21789 -99.5634 0
      vertex 0 -99.7 0
    endloop
  endfacet
  facet normal 0 0 -1
    outer loop
      vertex -5.23359 -99.863 0
      vertex -5.21789 -99.5634 0
      vertex 0 -100 0
    endloop
  endfacet
  facet normal 0 0 -1
    outer loop
      vertex -5.23359 -99.863 0
      vertex -10.4215 -99.1538 0
      vertex -5.21789 -99.5634 0
    endloop
  endfacet
  facet normal 0 0 -1
    outer loop
      vertex -10.4528 -99.4522 0
      vertex -10.4215 -99.1538 0
      vertex -5.23359 -99.863 0
    endloop
  endfacet
  facet normal 0 0 -1
    outer loop
      vertex -10.4528 -99.4522 0
      vertex -15.5965 -98.4725 0
      vertex -10.4215 -99.1538 0
    endloop
  endfacet
  facet normal 0 0 -1
    outer loop
      vertex -15.6434 -98.7688 0
      vertex -15.5965 -98.4725 0
      vertex -10.4528 -99.4522 0
    endloop
  endfacet
  facet normal 0 0 -1
    outer loop
      vertex -15.6434 -98.7688 0
      vertex -20.7288 -97.5213 0
      vertex -15.5965 -98.4725 0
    endloop
  endfacet
  facet normal 0 0 -1
    outer loop
      vertex -20.7912 -97.8148 0
      vertex -20.7288 -97.5213 0
      vertex -15.6434 -98.7688 0
    endloop
  endfacet
  facet normal 0 0 -1
    outer loop
      vertex -20.7912 -97.8148 0
      vertex -25.8043 -96.3028 0
      vertex -20.7288 -97.5213 0
    endloop
  endfacet
  facet normal 0 0 -1
    outer loop
      vertex -25.8819 -96.5926 0
      vertex -25.8043 -96.3028 0
      vertex -20.7912 -97.8148 0
    endloop
  endfacet
  facet normal 0 0 -1
    outer loop
      vertex -25.8819 -96.5926 0
      vertex -30.809 -94.8203 0
      vertex -25.8043 -96.3028 0
    endloop
  endfacet
  facet normal 0 0 -1
    outer loop
      vertex -30.9017 -95.1057 0
      vertex -30.809 -94.8203 0
      vertex -25.8819 -96.5926 0
    endloop
  endfacet
  facet normal 0 0 -1
    outer loop
      vertex -30.9017 -95.1057 0
      vertex -35.7293 -93.078 0
      vertex -30.809 -94.8203 0
    endloop
  endfacet
  facet normal 0 0 -1
    outer loop
      vertex -35.8368 -93.358 0
      vertex -35.7293 -93.078 0
      vertex -30.9017 -95.1057 0
    endloop
  endfacet
  facet normal 0 0 -1
    outer loop
      vertex -35.8368 -93.358 0
      vertex -40.5516 -91.0805 0
      vertex -35.7293 -93.078 0
    endloop
  endfacet
  facet normal 0 0 -1
    outer loop
      vertex -40.6737 -91.3545 0
      vertex -40.5516 -91.0805 0
      vertex -35.8368 -93.358 0
    endloop
  endfacet
  facet normal 0 0 -1
    outer loop
      vertex -40.6737 -91.3545 0
      vertex -45.2629 -88.8334 0
      vertex -40.5516 -91.0805 0
    endloop
  endfacet
  facet normal 0 0 -1
    outer loop
      vertex -45.399 -89.1007 0
      vertex -45.2629 -88.8334 0
      vertex -40.6737 -91.3545 0
    endloop
  endfacet
  facet normal 0 0 -1
    outer loop
      vertex -45.399 -89.1007 0
      vertex -49.85 -86.3427 0
      vertex -45.2629 -88.8334 0
    endloop
  endfacet
  facet normal 0 0 -1
    outer loop
      vertex -50 -86.6025 0
      vertex -49.85 -86.3427 0
      vertex -45.399 -89.1007 0
    endloop
  endfacet
  facet normal 0 0 -1
    outer loop
      vertex -50 -86.6025 0
      vertex -54.3005 -83.6155 0
      vertex -49.85 -86.3427 0
    endloop
  endfacet
  facet normal 0 0 -1
    outer loop
      vertex -54.4639 -83.8671 0
      vertex -54.3005 -83.6155 0
      vertex -50 -86.6025 0
    endloop
  endfacet
  facet normal 0 0 -1
    outer loop
      vertex -54.4639 -83.8671 0
      vertex -58.6022 -80.659 0
      vertex -54.3005 -83.6155 0
    endloop
  endfacet
  facet normal 0 0 -1
    outer loop
      vertex -58.7785 -80.9017 0
      vertex -58.6022 -80.659 0
      vertex -54.4639 -83.8671 0
    endloop
  endfacet
  facet normal 0 0 -1
    outer loop
      vertex -58.7785 -80.9017 0
      vertex -62.7432 -77.4815 0
      vertex -58.6022 -80.659 0
    endloop
  endfacet
  facet normal 0 0 -1
    outer loop
      vertex -62.932 -77.7146 0
      vertex -62.7432 -77.4815 0
      vertex -58.7785 -80.9017 0
    endloop
  endfacet
  facet normal 0 0 -1
    outer loop
      vertex -62.932 -77.7146 0
      vertex -66.7123 -74.0915 0
      vertex -62.7432 -77.4815 0
    endloop
  endfacet
  facet normal 0 0 -1
    outer loop
      vertex -66.9131 -74.3145 0
      vertex -66.7123 -74.0915 0
      vertex -62.932 -77.7146 0
    endloop
  endfacet
  facet normal 0 0 -1
    outer loop
      vertex -66.9131 -74.3145 0
      vertex -70.4985 -70.4985 0
      vertex -66.7123 -74.0915 0
    endloop
  endfacet
  facet normal 0 0 -1
    outer loop
      vertex -70.7107 -70.7107 0
      vertex -70.4985 -70.4985 0
      vertex -66.9131 -74.3145 0
    endloop
  endfacet
  facet normal 0 0 -1
    outer loop
      vertex -70.7107 -70.7107 0
      vertex -74.0915 -66.7123 0
      vertex -70.4985 -70.4985 0
    endloop
  endfacet
  facet normal 0 0 -1
    outer loop
      vertex -74.3145 -66.9131 0
      vertex -74.0915 -66.7123 0
      vertex -70.7107 -70.7107 0
    endloop
  endfacet
  facet normal 0 0 -1
    outer loop
      vertex -74.3145 -66.9131 0
      vertex -77.4815 -62.7432 0
      vertex -74.0915 -66.7123 0
    endloop
  endfacet
  facet normal 0 0 -1
    outer loop
      vertex -77.7146 -62.932 0
      vertex -77.4815 -62.7432 0
      vertex -74.3145 -66.9131 0
    endloop
  endfacet
  facet normal 0 0 -1
    outer loop
      vertex -77.7146 -62.932 0
      vertex -80.659 -58.6022 0
      vertex -77.4815 -62.7432 0
    endloop
  endfacet
  facet normal 0 0 -1
    outer loop
      vertex -80.9017 -58.7785 0
      vertex -80.659 -58.6022 0
      vertex -77.7146 -62.932 0
    endloop
  endfacet
  facet normal 0 0 -1
    outer loop
      vertex -80.9017 -58.7785 0
      vertex -83.6155 -54.3005 0
      vertex -80.659 -58.6022 0
    endloop
  endfacet
  facet normal 0 0 -1
    outer loop
      vertex -83.8671 -54.4639 0
      vertex -83.6155 -54.3005 0
      vertex -80.9017 -58.7785 0
    endloop
  endfacet
  facet normal 0 0 -1
    outer loop
      vertex -83.8671 -54.4639 0
      vertex -86.3427 -49.85 0
      vertex -83.6155 -54.3005 0
    endloop
  endfacet
  facet normal 0 0 -1
    outer loop
      vertex -86.6025 -50 0
      vertex -86.3427 -49.85 0
      vertex -83.8671 -54.4639 0
    endloop
  endfacet
  facet normal 0 0 -1
    outer loop
      vertex -86.6025 -50 0
      vertex -88.8334 -45.2629 0
      vertex -86.3427 -49.85 0
    endloop
  endfacet
  facet normal 0 0 -1
    outer loop
      vertex -89.1007 -45.399 0
      vertex -88.8334 -45.2629 0
      vertex -86.6025 -50 0
    endloop
  endfacet
  facet normal 0 0 -1
    outer loop
      vertex -89.1007 -45.399 0
      vertex -91.0805 -40.5516 0
      vertex -88.8334 -45.2629 0
    endloop
  endfacet
  facet normal 0 0 -1
    outer loop
      vertex -91.3545 -40.6737 0
      vertex -91.0805 -40.5516 0
      vertex -89.1007 -45.399 0
    endloop
  endfacet
  facet normal 0 0 -1
    outer loop
      vertex -91.3545 -40.6737 0
      vertex -93.078 -35.7293 0
      vertex -91.0805 -40.5516 0
    endloop
  endfacet
  facet normal 0 0 -1
    outer loop
      vertex -93.358 -35.8368 0
      vertex -93.078 -35.7293 0
      vertex -91.3545 -40.6737 0
    endloop
  endfacet
  facet normal 0 0 -1
    outer loop
      vertex -93.358 -35.8368 0
      vertex -94.8203 -30.809 0
      vertex -93.078 -35.7293 0
    endloop
  endfacet
  facet normal 0 0 -1
    outer loop
      vertex -95.1057 -30.9017 0
      vertex -94.8203 -30.809 0
      vertex -93.358 -35.8368 0
    endloop
  endfacet
  facet normal 0 0 -1
    outer loop
      vertex -95.1057 -30.9017 0
      vertex -96.3028 -25.8043 0
      vertex -94.8203 -30.809 0
    endloop
  endfacet
  facet normal 0 0 -1
    outer loop
      vertex -96.5926 -25.8819 0
      vertex -96.3028 -25.8043 0
      vertex -95.1057 -30.9017 0
    endloop
  endfacet
  facet normal 0 0 -1
    outer loop
      vertex -96.5926 -25.8819 0
      vertex -97.5213 -20.7288 0
      vertex -96.3028 -25.8043 0
    endloop
  endfacet
  facet normal 0 0 -1
    outer loop
      vertex -97.8148 -20.7912 0
      vertex -97.5213 -20.7288 0
      vertex -96.5926 -25.8819 0
    endloop
  endfacet
  facet normal 0 0 -1
    outer loop
      vertex -97.8148 -20.7912 0
      vertex -98.4725 -15.5965 0
      vertex -97.5213 -20.7288 0
    endloop
  endfacet
  facet normal 0 0 -1
    outer loop
      vertex -98.7688 -15.6434 0
      vertex -98.4725 -15.5965 0
      vertex -97.8148 -20.7912 0
    endloop
  endfacet
  facet normal 0 0 -1
    outer loop
      vertex -98.7688 -15.6434 0
      vertex -99.1538 -10.4215 0
      vertex -98.4725 -15.5965 0
    endloop
  endfacet
  facet normal 0 0 -1
    outer loop
      vertex -99.4522 -10.4528 0
      vertex -99.1538 -10.4215 0
      vertex -98.7688 -15.6434 0
    endloop
  endfacet
  facet normal 0 0 -1
    outer loop
      vertex -99.4522 -10.4528 0
      vertex -99.5634 -5.21789 0
      vertex -99.1538 -10.4215 0
    endloop
  endfacet
  facet normal 0 0 -1
    outer loop
      vertex -99.863 -5.23359 0
      vertex -99.5634 -5.21789 0
      vertex -99.4522 -10.4528 0
    endloop
  endfacet
  facet normal -0 0 -1
    outer loop
      vertex -99.5634 -5.21789 0
      vertex -99.863 -5.23359 0
      vertex -99.7 0 0
    endloop
  endfacet
  facet normal 0 0 -1
    outer loop
      vertex 99.5634 5.21789 0
      vertex 99.863 5.23359 0
      vertex 99.7 0 0
    endloop
  endfacet
  facet normal 0 0 -1
    outer loop
      vertex 99.5634 5.21789 0
      vertex 99.4522 10.4528 0
      vertex 99.863 5.23359 0
    endloop
  endfacet
  facet normal 0 0 -1
    outer loop
      vertex 99.1538 10.4215 0
      vertex 99.4522 10.4528 0
      vertex 99.5634 5.21789 0
    endloop
  endfacet
  facet normal 0 0 -1
    outer loop
      vertex 99.1538 10.4215 0
      vertex 98.7688 15.6434 0
      vertex 99.4522 10.4528 0
    endloop
  endfacet
  facet normal 0 0 -1
    outer loop
      vertex 98.4725 15.5965 0
      vertex 98.7688 15.6434 0
      vertex 99.1538 10.4215 0
    endloop
  endfacet
  facet normal 0 0 -1
    outer loop
      vertex 98.4725 15.5965 0
      vertex 97.8148 20.7912 0
      vertex 98.7688 15.6434 0
    endloop
  endfacet
  facet normal 0 0 -1
    outer loop
      vertex 97.5213 20.7288 0
      vertex 97.8148 20.7912 0
      vertex 98.4725 15.5965 0
    endloop
  endfacet
  facet normal 0 0 -1
    outer loop
      vertex 97.5213 20.7288 0
      vertex 96.5926 25.8819 0
      vertex 97.8148 20.7912 0
    endloop
  endfacet
  facet normal 0 0 -1
    outer loop
      vertex 96.3028 25.8043 0
      vertex 96.5926 25.8819 0
      vertex 97.5213 20.7288 0
    endloop
  endfacet
  facet normal 0 0 -1
    outer loop
      vertex 96.3028 25.8043 0
      vertex 95.1057 30.9017 0
      vertex 96.5926 25.8819 0
    endloop
  endfacet
  facet normal 0 0 -1
    outer loop
      vertex 94.8203 30.809 0
      vertex 95.1057 30.9017 0
      vertex 96.3028 25.8043 0
    endloop
  endfacet
  facet normal 0 0 -1
    outer loop
      vertex 94.8203 30.809 0
      vertex 93.358 35.8368 0
      vertex 95.1057 30.9017 0
    endloop
  endfacet
  facet normal 0 0 -1
    outer loop
      vertex 93.078 35.7293 0
      vertex 93.358 35.8368 0
      vertex 94.8203 30.809 0
    endloop
  endfacet
  facet normal 0 0 -1
    outer loop
      vertex 93.078 35.7293 0
      vertex 91.3545 40.6737 0
      vertex 93.358 35.8368 0
    endloop
  endfacet
  facet normal 0 0 -1
    outer loop
      vertex 91.0805 40.5516 0
      vertex 91.3545 40.6737 0
      vertex 93.078 35.7293 0
    endloop
  endfacet
  facet normal 0 0 -1
    outer loop
      vertex 91.0805 40.5516 0
      vertex 89.1007 45.399 0
      vertex 91.3545 40.6737 0
    endloop
  endfacet
  facet normal 0 0 -1
    outer loop
      vertex 88.8334 45.2629 0
      vertex 89.1007 45.399 0
      vertex 91.0805 40.5516 0
    endloop
  endfacet
  facet normal 0 0 -1
    outer loop
      vertex 88.8334 45.2629 0
      vertex 86.6025 50 0
      vertex 89.1007 45.399 0
    endloop
  endfacet
  facet normal 0 0 -1
    outer loop
      vertex 86.3427 49.85 0
      vertex 86.6025 50 0
      vertex 88.8334 45.2629 0
    endloop
  endfacet
  facet normal 0 0 -1
    outer loop
      vertex 86.3427 49.85 0
      vertex 83.8671 54.4639 0
      vertex 86.6025 50 0
    endloop
  endfacet
  facet normal 0 0 -1
    outer loop
      vertex 83.6155 54.3005 0
      vertex 83.8671 54.4639 0
      vertex 86.3427 49.85 0
    endloop
  endfacet
  facet normal 0 0 -1
    outer loop
      vertex 83.6155 54.3005 0
      vertex 80.9017 58.7785 0
      vertex 83.8671 54.4639 0
    endloop
  endfacet
  facet normal 0 0 -1
    outer loop
      vertex 80.659 58.6022 0
      vertex 80.9017 58.7785 0
      vertex 83.6155 54.3005 0
    endloop
  endfacet
  facet normal 0 0 -1
    outer loop
      vertex 80.659 58.6022 0
      vertex 77.7146 62.932 0
      vertex 80.9017 58.7785 0
    endloop
  endfacet
  facet normal 0 0 -1
    outer loop
      vertex 77.4815 62.7432 0
      vertex 77.7146 62.932 0
      vertex 80.659 58.6022 0
    endloop
  endfacet
  facet normal 0 0 -1
    outer loop
      vertex 77.4815 62.7432 0
      vertex 74.3145 66.9131 0
      vertex 77.7146 62.932 0
    endloop
  endfacet
  facet normal 0 0 -1
    outer loop
      vertex 74.0915 66.7123 0
      vertex 74.3145 66.9131 0
      vertex 77.4815 62.7432 0
    endloop
  endfacet
  facet normal 0 0 -1
    outer loop
      vertex 74.0915 66.7123 0
      vertex 70.7107 70.7107 0
      vertex 74.3145 66.9131 0
    endloop
  endfacet
  facet normal 0 0 -1
    outer loop
      vertex 70.4985 70.4985 0
      vertex 70.7107 70.7107 0
      vertex 74.0915 66.7123 0
    endloop
  endfacet
  facet normal 0 0 -1
    outer loop
      vertex 70.4985 70.4985 0
      vertex 66.9131 74.3145 0
      vertex 70.7107 70.7107 0
    endloop
  endfacet
  facet normal 0 0 -1
    outer loop
      vertex 66.7123 74.0915 0
      vertex 66.9131 74.3145 0
      vertex 70.4985 70.4985 0
    endloop
  endfacet
  facet normal 0 0 -1
    outer loop
      vertex 66.7123 74.0915 0
      vertex 62.932 77.7146 0
      vertex 66.9131 74.3145 0
    endloop
  endfacet
  facet normal 0 0 -1
    outer loop
      vertex 62.7432 77.4815 0
      vertex 62.932 77.7146 0
      vertex 66.7123 74.0915 0
    endloop
  endfacet
  facet normal 0 0 -1
    outer loop
      vertex 62.7432 77.4815 0
      vertex 58.7785 80.9017 0
      vertex 62.932 77.7146 0
    endloop
  endfacet
  facet normal 0 0 -1
    outer loop
      vertex 58.6022 80.659 0
      vertex 58.7785 80.9017 0
      vertex 62.7432 77.4815 0
    endloop
  endfacet
  facet normal 0 0 -1
    outer loop
      vertex 58.6022 80.659 0
      vertex 54.4639 83.8671 0
      vertex 58.7785 80.9017 0
    endloop
  endfacet
  facet normal 0 0 -1
    outer loop
      vertex 54.3005 83.6155 0
      vertex 54.4639 83.8671 0
      vertex 58.6022 80.659 0
    endloop
  endfacet
  facet normal 0 0 -1
    outer loop
      vertex 54.3005 83.6155 0
      vertex 50 86.6025 0
      vertex 54.4639 83.8671 0
    endloop
  endfacet
  facet normal 0 0 -1
    outer loop
      vertex 49.85 86.3427 0
      vertex 50 86.6025 0
      vertex 54.3005 83.6155 0
    endloop
  endfacet
  facet normal 0 0 -1
    outer loop
      vertex 49.85 86.3427 0
      vertex 45.399 89.1007 0
      vertex 50 86.6025 0
    endloop
  endfacet
  facet normal 0 0 -1
    outer loop
      vertex 45.2629 88.8334 0
      vertex 45.399 89.1007 0
      vertex 49.85 86.3427 0
    endloop
  endfacet
  facet normal 0 0 -1
    outer loop
      vertex 45.2629 88.8334 0
      vertex 40.6737 91.3545 0
      vertex 45.399 89.1007 0
    endloop
  endfacet
  facet normal 0 0 -1
    outer loop
      vertex 40.5516 91.0805 0
      vertex 40.6737 91.3545 0
      vertex 45.2629 88.8334 0
    endloop
  endfacet
  facet normal 0 0 -1
    outer loop
      vertex 40.5516 91.0805 0
      vertex 35.8368 93.358 0
      vertex 40.6737 91.3545 0
    endloop
  endfacet
  facet normal 0 0 -1
    outer loop
      vertex 35.7293 93.078 0
      vertex 35.8368 93.358 0
      vertex 40.5516 91.0805 0
    endloop
  endfacet
  facet normal 0 0 -1
    outer loop
      vertex 35.7293 93.078 0
      vertex 30.9017 95.1057 0
      vertex 35.8368 93.358 0
    endloop
  endfacet
  facet normal 0 0 -1
    outer loop
      vertex 30.809 94.8203 0
      vertex 30.9017 95.1057 0
      vertex 35.7293 93.078 0
    endloop
  endfacet
  facet normal 0 0 -1
    outer loop
      vertex 30.809 94.8203 0
      vertex 25.8819 96.5926 0
      vertex 30.9017 95.1057 0
    endloop
  endfacet
  facet normal 0 0 -1
    outer loop
      vertex 25.8043 96.3028 0
      vertex 25.8819 96.5926 0
      vertex 30.809 94.8203 0
    endloop
  endfacet
  facet normal 0 0 -1
    outer loop
      vertex 25.8043 96.3028 0
      vertex 20.7912 97.8148 0
      vertex 25.8819 96.5926 0
    endloop
  endfacet
  facet normal 0 0 -1
    outer loop
      vertex 20.7288 97.5213 0
      vertex 20.7912 97.8148 0
      vertex 25.8043 96.3028 0
    endloop
  endfacet
  facet normal 0 0 -1
    outer loop
      vertex 20.7288 97.5213 0
      vertex 15.6434 98.7688 0
      vertex 20.7912 97.8148 0
    endloop
  endfacet
  facet normal 0 0 -1
    outer loop
      vertex 15.5965 98.4725 0
      vertex 15.6434 98.7688 0
      vertex 20.7288 97.5213 0
    endloop
  endfacet
  facet normal 0 0 -1
    outer loop
      vertex 15.5965 98.4725 0
      vertex 10.4528 99.4522 0
      vertex 15.6434 98.7688 0
    endloop
  endfacet
  facet normal 0 0 -1
    outer loop
      vertex 10.4215 99.1538 0
      vertex 10.4528 99.4522 0
      vertex 15.5965 98.4725 0
    endloop
  endfacet
  facet normal 0 0 -1
    outer loop
      vertex 10.4215 99.1538 0
      vertex 5.23359 99.863 0
      vertex 10.4528 99.4522 0
    endloop
  endfacet
  facet normal 0 0 -1
    outer loop
      vertex 5.21789 99.5634 0
      vertex 5.23359 99.863 0
      vertex 10.4215 99.1538 0
    endloop
  endfacet
  facet normal 0 0 -1
    outer loop
      vertex 0 99.7 0
      vertex 5.23359 99.863 0
      vertex 5.21789 99.5634 0
    endloop
  endfacet
  facet normal 0 0 -1
    outer loop
      vertex 0 99.7 0
      vertex 0 100 0
      vertex 5.23359 99.863 0
    endloop
  endfacet
  facet normal 0 0 -1
    outer loop
      vertex -5.21789 99.5634 0
      vertex 0 100 0
      vertex 0 99.7 0
    endloop
  endfacet
  facet normal 0 0 -1
    outer loop
      vertex -5.21789 99.5634 0
      vertex -5.23359 99.863 0
      vertex 0 100 0
    endloop
  endfacet
  facet normal 0 0 -1
    outer loop
      vertex -10.4215 99.1538 0
      vertex -5.23359 99.863 0
      vertex -5.21789 99.5634 0
    endloop
  endfacet
  facet normal 0 0 -1
    outer loop
      vertex -10.4215 99.1538 0
      vertex -10.4528 99.4522 0
      vertex -5.23359 99.863 0
    endloop
  endfacet
  facet normal 0 0 -1
    outer loop
      vertex -15.5965 98.4725 0
      vertex -10.4528 99.4522 0
      vertex -10.4215 99.1538 0
    endloop
  endfacet
  facet normal 0 0 -1
    outer loop
      vertex -15.5965 98.4725 0
      vertex -15.6434 98.7688 0
      vertex -10.4528 99.4522 0
    endloop
  endfacet
  facet normal 0 0 -1
    outer loop
      vertex -20.7288 97.5213 0
      vertex -15.6434 98.7688 0
      vertex -15.5965 98.4725 0
    endloop
  endfacet
  facet normal 0 0 -1
    outer loop
      vertex -20.7288 97.5213 0
      vertex -20.7912 97.8148 0
      vertex -15.6434 98.7688 0
    endloop
  endfacet
  facet normal 0 0 -1
    outer loop
      vertex -25.8043 96.3028 0
      vertex -20.7912 97.8148 0
      vertex -20.7288 97.5213 0
    endloop
  endfacet
  facet normal 0 0 -1
    outer loop
      vertex -25.8043 96.3028 0
      vertex -25.8819 96.5926 0
      vertex -20.7912 97.8148 0
    endloop
  endfacet
  facet normal 0 0 -1
    outer loop
      vertex -30.809 94.8203 0
      vertex -25.8819 96.5926 0
      vertex -25.8043 96.3028 0
    endloop
  endfacet
  facet normal 0 0 -1
    outer loop
      vertex -30.809 94.8203 0
      vertex -30.9017 95.1057 0
      vertex -25.8819 96.5926 0
    endloop
  endfacet
  facet normal 0 0 -1
    outer loop
      vertex -35.7293 93.078 0
      vertex -30.9017 95.1057 0
      vertex -30.809 94.8203 0
    endloop
  endfacet
  facet normal 0 0 -1
    outer loop
      vertex -35.7293 93.078 0
      vertex -35.8368 93.358 0
      vertex -30.9017 95.1057 0
    endloop
  endfacet
  facet normal 0 0 -1
    outer loop
      vertex -40.5516 91.0805 0
      vertex -35.8368 93.358 0
      vertex -35.7293 93.078 0
    endloop
  endfacet
  facet normal 0 0 -1
    outer loop
      vertex -40.5516 91.0805 0
      vertex -40.6737 91.3545 0
      vertex -35.8368 93.358 0
    endloop
  endfacet
  facet normal 0 0 -1
    outer loop
      vertex -45.2629 88.8334 0
      vertex -40.6737 91.3545 0
      vertex -40.5516 91.0805 0
    endloop
  endfacet
  facet normal 0 0 -1
    outer loop
      vertex -45.2629 88.8334 0
      vertex -45.399 89.1007 0
      vertex -40.6737 91.3545 0
    endloop
  endfacet
  facet normal 0 0 -1
    outer loop
      vertex -49.85 86.3427 0
      vertex -45.399 89.1007 0
      vertex -45.2629 88.8334 0
    endloop
  endfacet
  facet normal 0 0 -1
    outer loop
      vertex -49.85 86.3427 0
      vertex -50 86.6025 0
      vertex -45.399 89.1007 0
    endloop
  endfacet
  facet normal 0 0 -1
    outer loop
      vertex -54.3005 83.6155 0
      vertex -50 86.6025 0
      vertex -49.85 86.3427 0
    endloop
  endfacet
  facet normal 0 0 -1
    outer loop
      vertex -54.3005 83.6155 0
      vertex -54.4639 83.8671 0
      vertex -50 86.6025 0
    endloop
  endfacet
  facet normal 0 0 -1
    outer loop
      vertex -58.6022 80.659 0
      vertex -54.4639 83.8671 0
      vertex -54.3005 83.6155 0
    endloop
  endfacet
  facet normal 0 0 -1
    outer loop
      vertex -58.6022 80.659 0
      vertex -58.7785 80.9017 0
      vertex -54.4639 83.8671 0
    endloop
  endfacet
  facet normal 0 0 -1
    outer loop
      vertex -62.7432 77.4815 0
      vertex -58.7785 80.9017 0
      vertex -58.6022 80.659 0
    endloop
  endfacet
  facet normal 0 0 -1
    outer loop
      vertex -62.7432 77.4815 0
      vertex -62.932 77.7146 0
      vertex -58.7785 80.9017 0
    endloop
  endfacet
  facet normal 0 0 -1
    outer loop
      vertex -66.7123 74.0915 0
      vertex -62.932 77.7146 0
      vertex -62.7432 77.4815 0
    endloop
  endfacet
  facet normal 0 0 -1
    outer loop
      vertex -66.7123 74.0915 0
      vertex -66.9131 74.3145 0
      vertex -62.932 77.7146 0
    endloop
  endfacet
  facet normal 0 0 -1
    outer loop
      vertex -70.4985 70.4985 0
      vertex -66.9131 74.3145 0
      vertex -66.7123 74.0915 0
    endloop
  endfacet
  facet normal 0 0 -1
    outer loop
      vertex -70.4985 70.4985 0
      vertex -70.7107 70.7107 0
      vertex -66.9131 74.3145 0
    endloop
  endfacet
  facet normal 0 0 -1
    outer loop
      vertex -74.0915 66.7123 0
      vertex -70.7107 70.7107 0
      vertex -70.4985 70.4985 0
    endloop
  endfacet
  facet normal 0 0 -1
    outer loop
      vertex -74.0915 66.7123 0
      vertex -74.3145 66.9131 0
      vertex -70.7107 70.7107 0
    endloop
  endfacet
  facet normal 0 0 -1
    outer loop
      vertex -77.4815 62.7432 0
      vertex -74.3145 66.9131 0
      vertex -74.0915 66.7123 0
    endloop
  endfacet
  facet normal 0 0 -1
    outer loop
      vertex -77.4815 62.7432 0
      vertex -77.7146 62.932 0
      vertex -74.3145 66.9131 0
    endloop
  endfacet
  facet normal 0 0 -1
    outer loop
      vertex -80.659 58.6022 0
      vertex -77.7146 62.932 0
      vertex -77.4815 62.7432 0
    endloop
  endfacet
  facet normal 0 0 -1
    outer loop
      vertex -80.659 58.6022 0
      vertex -80.9017 58.7785 0
      vertex -77.7146 62.932 0
    endloop
  endfacet
  facet normal 0 0 -1
    outer loop
      vertex -83.6155 54.3005 0
      vertex -80.9017 58.7785 0
      vertex -80.659 58.6022 0
    endloop
  endfacet
  facet normal 0 0 -1
    outer loop
      vertex -83.6155 54.3005 0
      vertex -83.8671 54.4639 0
      vertex -80.9017 58.7785 0
    endloop
  endfacet
  facet normal 0 0 -1
    outer loop
      vertex -86.3427 49.85 0
      vertex -83.8671 54.4639 0
      vertex -83.6155 54.3005 0
    endloop
  endfacet
  facet normal 0 0 -1
    outer loop
      vertex -86.3427 49.85 0
      vertex -86.6025 50 0
      vertex -83.8671 54.4639 0
    endloop
  endfacet
  facet normal 0 0 -1
    outer loop
      vertex -88.8334 45.2629 0
      vertex -86.6025 50 0
      vertex -86.3427 49.85 0
    endloop
  endfacet
  facet normal 0 0 -1
    outer loop
      vertex -88.8334 45.2629 0
      vertex -89.1007 45.399 0
      vertex -86.6025 50 0
    endloop
  endfacet
  facet normal 0 0 -1
    outer loop
      vertex -91.0805 40.5516 0
      vertex -89.1007 45.399 0
      vertex -88.8334 45.2629 0
    endloop
  endfacet
  facet normal 0 0 -1
    outer loop
      vertex -91.0805 40.5516 0
      vertex -91.3545 40.6737 0
      vertex -89.1007 45.399 0
    endloop
  endfacet
  facet normal 0 0 -1
    outer loop
      vertex -93.078 35.7293 0
      vertex -91.3545 40.6737 0
      vertex -91.0805 40.5516 0
    endloop
  endfacet
  facet normal 0 0 -1
    outer loop
      vertex -93.078 35.7293 0
      vertex -93.358 35.8368 0
      vertex -91.3545 40.6737 0
    endloop
  endfacet
  facet normal 0 0 -1
    outer loop
      vertex -94.8203 30.809 0
      vertex -93.358 35.8368 0
      vertex -93.078 35.7293 0
    endloop
  endfacet
  facet normal 0 0 -1
    outer loop
      vertex -94.8203 30.809 0
      vertex -95.1057 30.9017 0
      vertex -93.358 35.8368 0
    endloop
  endfacet
  facet normal 0 0 -1
    outer loop
      vertex -96.3028 25.8043 0
      vertex -95.1057 30.9017 0
      vertex -94.8203 30.809 0
    endloop
  endfacet
  facet normal 0 0 -1
    outer loop
      vertex -96.3028 25.8043 0
      vertex -96.5926 25.8819 0
      vertex -95.1057 30.9017 0
    endloop
  endfacet
  facet normal 0 0 -1
    outer loop
      vertex -97.5213 20.7288 0
      vertex -96.5926 25.8819 0
      vertex -96.3028 25.8043 0
    endloop
  endfacet
  facet normal 0 0 -1
    outer loop
      vertex -97.5213 20.7288 0
      vertex -97.8148 20.7912 0
      vertex -96.5926 25.8819 0
    endloop
  endfacet
  facet normal 0 0 -1
    outer loop
      vertex -98.4725 15.5965 0
      vertex -97.8148 20.7912 0
      vertex -97.5213 20.7288 0
    endloop
  endfacet
  facet normal 0 0 -1
    outer loop
      vertex -98.4725 15.5965 0
      vertex -98.7688 15.6434 0
      vertex -97.8148 20.7912 0
    endloop
  endfacet
  facet normal 0 0 -1
    outer loop
      vertex -99.1538 10.4215 0
      vertex -98.7688 15.6434 0
      vertex -98.4725 15.5965 0
    endloop
  endfacet
  facet normal 0 0 -1
    outer loop
      vertex -99.1538 10.4215 0
      vertex -99.4522 10.4528 0
      vertex -98.7688 15.6434 0
    endloop
  endfacet
  facet normal 0 0 -1
    outer loop
      vertex -99.5634 5.21789 0
      vertex -99.4522 10.4528 0
      vertex -99.1538 10.4215 0
    endloop
  endfacet
  facet normal 0 0 -1
    outer loop
      vertex -99.863 5.23359 0
      vertex -99.5634 5.21789 0
      vertex -99.7 0 0
    endloop
  endfacet
  facet normal 0 0 -1
    outer loop
      vertex -100 0 0
      vertex -99.7 0 0
      vertex -99.863 -5.23359 0
    endloop
  endfacet
  facet normal 0 0 -1
    outer loop
      vertex -99.5634 5.21789 0
      vertex -99.863 5.23359 0
      vertex -99.4522 10.4528 0
    endloop
  endfacet
  facet normal 0 0 -1
    outer loop
      vertex -99.7 0 0
      vertex -100 0 0
      vertex -99.863 5.23359 0
    endloop
  endfacet
  facet normal 0 0 1
    outer loop
      vertex 89.8 0 0
      vertex 90 0 0
      vertex 89.8767 4.71024 0
    endloop
  endfacet
  facet normal 0 0 1
    outer loop
      vertex 90 0 0
      vertex 89.8 0 0
      vertex 89.8767 -4.71024 0
    endloop
  endfacet
  facet normal 0 0 1
    outer loop
      vertex 89.8767 4.71024 0
      vertex 89.6769 4.69977 0
      vertex 89.8 0 0
    endloop
  endfacet
  facet normal 0 0 1
    outer loop
      vertex 89.507 9.40756 0
      vertex 89.6769 4.69977 0
      vertex 89.8767 4.71024 0
    endloop
  endfacet
  facet normal 0 0 1
    outer loop
      vertex 89.507 9.40756 0
      vertex 89.3081 9.38666 0
      vertex 89.6769 4.69977 0
    endloop
  endfacet
  facet normal 0 0 1
    outer loop
      vertex 88.892 14.0791 0
      vertex 89.3081 9.38666 0
      vertex 89.507 9.40756 0
    endloop
  endfacet
  facet normal 0 0 1
    outer loop
      vertex 88.892 14.0791 0
      vertex 88.6944 14.0478 0
      vertex 89.3081 9.38666 0
    endloop
  endfacet
  facet normal 0 0 1
    outer loop
      vertex 88.0333 18.7121 0
      vertex 88.6944 14.0478 0
      vertex 88.892 14.0791 0
    endloop
  endfacet
  facet normal 0 0 1
    outer loop
      vertex 88.0333 18.7121 0
      vertex 87.8377 18.6705 0
      vertex 88.6944 14.0478 0
    endloop
  endfacet
  facet normal 0 0 1
    outer loop
      vertex 86.9333 23.2937 0
      vertex 87.8377 18.6705 0
      vertex 88.0333 18.7121 0
    endloop
  endfacet
  facet normal 0 0 1
    outer loop
      vertex 86.9333 23.2937 0
      vertex 86.7401 23.242 0
      vertex 87.8377 18.6705 0
    endloop
  endfacet
  facet normal 0 0 1
    outer loop
      vertex 85.5951 27.8115 0
      vertex 86.7401 23.242 0
      vertex 86.9333 23.2937 0
    endloop
  endfacet
  facet normal 0 0 1
    outer loop
      vertex 85.5951 27.8115 0
      vertex 85.4049 27.7497 0
      vertex 86.7401 23.242 0
    endloop
  endfacet
  facet normal 0 0 1
    outer loop
      vertex 84.0222 32.2531 0
      vertex 85.4049 27.7497 0
      vertex 85.5951 27.8115 0
    endloop
  endfacet
  facet normal 0 0 1
    outer loop
      vertex 84.0222 32.2531 0
      vertex 83.8355 32.1814 0
      vertex 85.4049 27.7497 0
    endloop
  endfacet
  facet normal 0 0 1
    outer loop
      vertex 82.2191 36.6063 0
      vertex 83.8355 32.1814 0
      vertex 84.0222 32.2531 0
    endloop
  endfacet
  facet normal 0 0 1
    outer loop
      vertex 82.2191 36.6063 0
      vertex 82.0364 36.5249 0
      vertex 83.8355 32.1814 0
    endloop
  endfacet
  facet normal 0 0 1
    outer loop
      vertex 80.1906 40.8591 0
      vertex 82.0364 36.5249 0
      vertex 82.2191 36.6063 0
    endloop
  endfacet
  facet normal 0 0 1
    outer loop
      vertex 80.1906 40.8591 0
      vertex 80.0124 40.7683 0
      vertex 82.0364 36.5249 0
    endloop
  endfacet
  facet normal 0 0 1
    outer loop
      vertex 77.9423 45 0
      vertex 80.0124 40.7683 0
      vertex 80.1906 40.8591 0
    endloop
  endfacet
  facet normal 0 0 1
    outer loop
      vertex 77.9423 45 0
      vertex 77.7691 44.9 0
      vertex 80.0124 40.7683 0
    endloop
  endfacet
  facet normal 0 0 1
    outer loop
      vertex 75.4803 49.0175 0
      vertex 77.7691 44.9 0
      vertex 77.9423 45 0
    endloop
  endfacet
  facet normal 0 0 1
    outer loop
      vertex 75.4803 49.0175 0
      vertex 75.3126 48.9086 0
      vertex 77.7691 44.9 0
    endloop
  endfacet
  facet normal 0 0 1
    outer loop
      vertex 72.8115 52.9007 0
      vertex 75.3126 48.9086 0
      vertex 75.4803 49.0175 0
    endloop
  endfacet
  facet normal 0 0 1
    outer loop
      vertex 72.8115 52.9007 0
      vertex 72.6497 52.7831 0
      vertex 75.3126 48.9086 0
    endloop
  endfacet
  facet normal 0 0 1
    outer loop
      vertex 69.9431 56.6388 0
      vertex 72.6497 52.7831 0
      vertex 72.8115 52.9007 0
    endloop
  endfacet
  facet normal 0 0 1
    outer loop
      vertex 69.9431 56.6388 0
      vertex 69.7877 56.513 0
      vertex 72.6497 52.7831 0
    endloop
  endfacet
  facet normal 0 0 1
    outer loop
      vertex 66.883 60.2218 0
      vertex 69.7877 56.513 0
      vertex 69.9431 56.6388 0
    endloop
  endfacet
  facet normal 0 0 1
    outer loop
      vertex 66.883 60.2218 0
      vertex 66.7344 60.0879 0
      vertex 69.7877 56.513 0
    endloop
  endfacet
  facet normal 0 0 1
    outer loop
      vertex 63.6396 63.6396 0
      vertex 66.7344 60.0879 0
      vertex 66.883 60.2218 0
    endloop
  endfacet
  facet normal 0 0 1
    outer loop
      vertex 63.6396 63.6396 0
      vertex 63.4982 63.4982 0
      vertex 66.7344 60.0879 0
    endloop
  endfacet
  facet normal 0 0 1
    outer loop
      vertex 60.2218 66.883 0
      vertex 63.4982 63.4982 0
      vertex 63.6396 63.6396 0
    endloop
  endfacet
  facet normal 0 0 1
    outer loop
      vertex 60.2218 66.883 0
      vertex 60.0879 66.7344 0
      vertex 63.4982 63.4982 0
    endloop
  endfacet
  facet normal 0 0 1
    outer loop
      vertex 56.6388 69.9431 0
      vertex 60.0879 66.7344 0
      vertex 60.2218 66.883 0
    endloop
  endfacet
  facet normal 0 0 1
    outer loop
      vertex 56.6388 69.9431 0
      vertex 56.513 69.7877 0
      vertex 60.0879 66.7344 0
    endloop
  endfacet
  facet normal 0 0 1
    outer loop
      vertex 52.9007 72.8115 0
      vertex 56.513 69.7877 0
      vertex 56.6388 69.9431 0
    endloop
  endfacet
  facet normal 0 0 1
    outer loop
      vertex 52.9007 72.8115 0
      vertex 52.7831 72.6497 0
      vertex 56.513 69.7877 0
    endloop
  endfacet
  facet normal 0 0 1
    outer loop
      vertex 49.0175 75.4803 0
      vertex 52.7831 72.6497 0
      vertex 52.9007 72.8115 0
    endloop
  endfacet
  facet normal 0 0 1
    outer loop
      vertex 49.0175 75.4803 0
      vertex 48.9086 75.3126 0
      vertex 52.7831 72.6497 0
    endloop
  endfacet
  facet normal 0 0 1
    outer loop
      vertex 45 77.9423 0
      vertex 48.9086 75.3126 0
      vertex 49.0175 75.4803 0
    endloop
  endfacet
  facet normal 0 0 1
    outer loop
      vertex 45 77.9423 0
      vertex 44.9 77.7691 0
      vertex 48.9086 75.3126 0
    endloop
  endfacet
  facet normal 0 0 1
    outer loop
      vertex 40.8591 80.1906 0
      vertex 44.9 77.7691 0
      vertex 45 77.9423 0
    endloop
  endfacet
  facet normal 0 0 1
    outer loop
      vertex 40.8591 80.1906 0
      vertex 40.7683 80.0124 0
      vertex 44.9 77.7691 0
    endloop
  endfacet
  facet normal 0 0 1
    outer loop
      vertex 36.6063 82.2191 0
      vertex 40.7683 80.0124 0
      vertex 40.8591 80.1906 0
    endloop
  endfacet
  facet normal 0 0 1
    outer loop
      vertex 36.6063 82.2191 0
      vertex 36.5249 82.0364 0
      vertex 40.7683 80.0124 0
    endloop
  endfacet
  facet normal 0 0 1
    outer loop
      vertex 32.2531 84.0222 0
      vertex 36.5249 82.0364 0
      vertex 36.6063 82.2191 0
    endloop
  endfacet
  facet normal 0 0 1
    outer loop
      vertex 32.2531 84.0222 0
      vertex 32.1814 83.8355 0
      vertex 36.5249 82.0364 0
    endloop
  endfacet
  facet normal 0 0 1
    outer loop
      vertex 27.8115 85.5951 0
      vertex 32.1814 83.8355 0
      vertex 32.2531 84.0222 0
    endloop
  endfacet
  facet normal 0 0 1
    outer loop
      vertex 27.8115 85.5951 0
      vertex 27.7497 85.4049 0
      vertex 32.1814 83.8355 0
    endloop
  endfacet
  facet normal 0 0 1
    outer loop
      vertex 23.2937 86.9333 0
      vertex 27.7497 85.4049 0
      vertex 27.8115 85.5951 0
    endloop
  endfacet
  facet normal 0 0 1
    outer loop
      vertex 23.2937 86.9333 0
      vertex 23.242 86.7401 0
      vertex 27.7497 85.4049 0
    endloop
  endfacet
  facet normal 0 0 1
    outer loop
      vertex 18.7121 88.0333 0
      vertex 23.242 86.7401 0
      vertex 23.2937 86.9333 0
    endloop
  endfacet
  facet normal 0 0 1
    outer loop
      vertex 18.7121 88.0333 0
      vertex 18.6705 87.8377 0
      vertex 23.242 86.7401 0
    endloop
  endfacet
  facet normal 0 0 1
    outer loop
      vertex 14.0791 88.892 0
      vertex 18.6705 87.8377 0
      vertex 18.7121 88.0333 0
    endloop
  endfacet
  facet normal 0 0 1
    outer loop
      vertex 14.0791 88.892 0
      vertex 14.0478 88.6944 0
      vertex 18.6705 87.8377 0
    endloop
  endfacet
  facet normal 0 0 1
    outer loop
      vertex 9.40756 89.507 0
      vertex 14.0478 88.6944 0
      vertex 14.0791 88.892 0
    endloop
  endfacet
  facet normal 0 0 1
    outer loop
      vertex 9.40756 89.507 0
      vertex 9.38666 89.3081 0
      vertex 14.0478 88.6944 0
    endloop
  endfacet
  facet normal 0 0 1
    outer loop
      vertex 4.71024 89.8767 0
      vertex 9.38666 89.3081 0
      vertex 9.40756 89.507 0
    endloop
  endfacet
  facet normal 0 0 1
    outer loop
      vertex 4.71024 89.8767 0
      vertex 4.69977 89.6769 0
      vertex 9.38666 89.3081 0
    endloop
  endfacet
  facet normal 0 0 1
    outer loop
      vertex 0 90 0
      vertex 4.69977 89.6769 0
      vertex 4.71024 89.8767 0
    endloop
  endfacet
  facet normal 0 0 1
    outer loop
      vertex 0 90 0
      vertex 0 89.8 0
      vertex 4.69977 89.6769 0
    endloop
  endfacet
  facet normal 0 0 1
    outer loop
      vertex 0 90 0
      vertex -4.69977 89.6769 0
      vertex 0 89.8 0
    endloop
  endfacet
  facet normal -0 0 1
    outer loop
      vertex -4.71024 89.8767 0
      vertex -4.69977 89.6769 0
      vertex 0 90 0
    endloop
  endfacet
  facet normal 0 0 1
    outer loop
      vertex -4.71024 89.8767 0
      vertex -9.38666 89.3081 0
      vertex -4.69977 89.6769 0
    endloop
  endfacet
  facet normal -0 0 1
    outer loop
      vertex -9.40756 89.507 0
      vertex -9.38666 89.3081 0
      vertex -4.71024 89.8767 0
    endloop
  endfacet
  facet normal 0 0 1
    outer loop
      vertex -9.40756 89.507 0
      vertex -14.0478 88.6944 0
      vertex -9.38666 89.3081 0
    endloop
  endfacet
  facet normal -0 0 1
    outer loop
      vertex -14.0791 88.892 0
      vertex -14.0478 88.6944 0
      vertex -9.40756 89.507 0
    endloop
  endfacet
  facet normal 0 0 1
    outer loop
      vertex -14.0791 88.892 0
      vertex -18.6705 87.8377 0
      vertex -14.0478 88.6944 0
    endloop
  endfacet
  facet normal -0 0 1
    outer loop
      vertex -18.7121 88.0333 0
      vertex -18.6705 87.8377 0
      vertex -14.0791 88.892 0
    endloop
  endfacet
  facet normal 0 0 1
    outer loop
      vertex -18.7121 88.0333 0
      vertex -23.242 86.7401 0
      vertex -18.6705 87.8377 0
    endloop
  endfacet
  facet normal -0 0 1
    outer loop
      vertex -23.2937 86.9333 0
      vertex -23.242 86.7401 0
      vertex -18.7121 88.0333 0
    endloop
  endfacet
  facet normal 0 0 1
    outer loop
      vertex -23.2937 86.9333 0
      vertex -27.7497 85.4049 0
      vertex -23.242 86.7401 0
    endloop
  endfacet
  facet normal -0 0 1
    outer loop
      vertex -27.8115 85.5951 0
      vertex -27.7497 85.4049 0
      vertex -23.2937 86.9333 0
    endloop
  endfacet
  facet normal 0 0 1
    outer loop
      vertex -27.8115 85.5951 0
      vertex -32.1814 83.8355 0
      vertex -27.7497 85.4049 0
    endloop
  endfacet
  facet normal -0 0 1
    outer loop
      vertex -32.2531 84.0222 0
      vertex -32.1814 83.8355 0
      vertex -27.8115 85.5951 0
    endloop
  endfacet
  facet normal 0 0 1
    outer loop
      vertex -32.2531 84.0222 0
      vertex -36.5249 82.0364 0
      vertex -32.1814 83.8355 0
    endloop
  endfacet
  facet normal -0 0 1
    outer loop
      vertex -36.6063 82.2191 0
      vertex -36.5249 82.0364 0
      vertex -32.2531 84.0222 0
    endloop
  endfacet
  facet normal 0 0 1
    outer loop
      vertex -36.6063 82.2191 0
      vertex -40.7683 80.0124 0
      vertex -36.5249 82.0364 0
    endloop
  endfacet
  facet normal -0 0 1
    outer loop
      vertex -40.8591 80.1906 0
      vertex -40.7683 80.0124 0
      vertex -36.6063 82.2191 0
    endloop
  endfacet
  facet normal 0 0 1
    outer loop
      vertex -40.8591 80.1906 0
      vertex -44.9 77.7691 0
      vertex -40.7683 80.0124 0
    endloop
  endfacet
  facet normal -0 0 1
    outer loop
      vertex -45 77.9423 0
      vertex -44.9 77.7691 0
      vertex -40.8591 80.1906 0
    endloop
  endfacet
  facet normal 0 0 1
    outer loop
      vertex -45 77.9423 0
      vertex -48.9086 75.3126 0
      vertex -44.9 77.7691 0
    endloop
  endfacet
  facet normal -0 0 1
    outer loop
      vertex -49.0175 75.4803 0
      vertex -48.9086 75.3126 0
      vertex -45 77.9423 0
    endloop
  endfacet
  facet normal 0 0 1
    outer loop
      vertex -49.0175 75.4803 0
      vertex -52.7831 72.6497 0
      vertex -48.9086 75.3126 0
    endloop
  endfacet
  facet normal -0 0 1
    outer loop
      vertex -52.9007 72.8115 0
      vertex -52.7831 72.6497 0
      vertex -49.0175 75.4803 0
    endloop
  endfacet
  facet normal 0 0 1
    outer loop
      vertex -52.9007 72.8115 0
      vertex -56.513 69.7877 0
      vertex -52.7831 72.6497 0
    endloop
  endfacet
  facet normal -0 0 1
    outer loop
      vertex -56.6388 69.9431 0
      vertex -56.513 69.7877 0
      vertex -52.9007 72.8115 0
    endloop
  endfacet
  facet normal 0 0 1
    outer loop
      vertex -56.6388 69.9431 0
      vertex -60.0879 66.7344 0
      vertex -56.513 69.7877 0
    endloop
  endfacet
  facet normal -0 0 1
    outer loop
      vertex -60.2218 66.883 0
      vertex -60.0879 66.7344 0
      vertex -56.6388 69.9431 0
    endloop
  endfacet
  facet normal 0 0 1
    outer loop
      vertex -60.2218 66.883 0
      vertex -63.4982 63.4982 0
      vertex -60.0879 66.7344 0
    endloop
  endfacet
  facet normal -0 0 1
    outer loop
      vertex -63.6396 63.6396 0
      vertex -63.4982 63.4982 0
      vertex -60.2218 66.883 0
    endloop
  endfacet
  facet normal 0 0 1
    outer loop
      vertex -63.6396 63.6396 0
      vertex -66.7344 60.0879 0
      vertex -63.4982 63.4982 0
    endloop
  endfacet
  facet normal -0 0 1
    outer loop
      vertex -66.883 60.2218 0
      vertex -66.7344 60.0879 0
      vertex -63.6396 63.6396 0
    endloop
  endfacet
  facet normal 0 0 1
    outer loop
      vertex -66.883 60.2218 0
      vertex -69.7877 56.513 0
      vertex -66.7344 60.0879 0
    endloop
  endfacet
  facet normal -0 0 1
    outer loop
      vertex -69.9431 56.6388 0
      vertex -69.7877 56.513 0
      vertex -66.883 60.2218 0
    endloop
  endfacet
  facet normal 0 0 1
    outer loop
      vertex -69.9431 56.6388 0
      vertex -72.6497 52.7831 0
      vertex -69.7877 56.513 0
    endloop
  endfacet
  facet normal -0 0 1
    outer loop
      vertex -72.8115 52.9007 0
      vertex -72.6497 52.7831 0
      vertex -69.9431 56.6388 0
    endloop
  endfacet
  facet normal 0 0 1
    outer loop
      vertex -72.8115 52.9007 0
      vertex -75.3126 48.9086 0
      vertex -72.6497 52.7831 0
    endloop
  endfacet
  facet normal -0 0 1
    outer loop
      vertex -75.4803 49.0175 0
      vertex -75.3126 48.9086 0
      vertex -72.8115 52.9007 0
    endloop
  endfacet
  facet normal 0 0 1
    outer loop
      vertex -75.4803 49.0175 0
      vertex -77.7691 44.9 0
      vertex -75.3126 48.9086 0
    endloop
  endfacet
  facet normal -0 0 1
    outer loop
      vertex -77.9423 45 0
      vertex -77.7691 44.9 0
      vertex -75.4803 49.0175 0
    endloop
  endfacet
  facet normal 0 0 1
    outer loop
      vertex -77.9423 45 0
      vertex -80.0124 40.7683 0
      vertex -77.7691 44.9 0
    endloop
  endfacet
  facet normal -0 0 1
    outer loop
      vertex -80.1906 40.8591 0
      vertex -80.0124 40.7683 0
      vertex -77.9423 45 0
    endloop
  endfacet
  facet normal 0 0 1
    outer loop
      vertex -80.1906 40.8591 0
      vertex -82.0364 36.5249 0
      vertex -80.0124 40.7683 0
    endloop
  endfacet
  facet normal -0 0 1
    outer loop
      vertex -82.2191 36.6063 0
      vertex -82.0364 36.5249 0
      vertex -80.1906 40.8591 0
    endloop
  endfacet
  facet normal 0 0 1
    outer loop
      vertex -82.2191 36.6063 0
      vertex -83.8355 32.1814 0
      vertex -82.0364 36.5249 0
    endloop
  endfacet
  facet normal -0 0 1
    outer loop
      vertex -84.0222 32.2531 0
      vertex -83.8355 32.1814 0
      vertex -82.2191 36.6063 0
    endloop
  endfacet
  facet normal 0 0 1
    outer loop
      vertex -84.0222 32.2531 0
      vertex -85.4049 27.7497 0
      vertex -83.8355 32.1814 0
    endloop
  endfacet
  facet normal -0 0 1
    outer loop
      vertex -85.5951 27.8115 0
      vertex -85.4049 27.7497 0
      vertex -84.0222 32.2531 0
    endloop
  endfacet
  facet normal 0 0 1
    outer loop
      vertex -85.5951 27.8115 0
      vertex -86.7401 23.242 0
      vertex -85.4049 27.7497 0
    endloop
  endfacet
  facet normal -0 0 1
    outer loop
      vertex -86.9333 23.2937 0
      vertex -86.7401 23.242 0
      vertex -85.5951 27.8115 0
    endloop
  endfacet
  facet normal 0 0 1
    outer loop
      vertex -86.9333 23.2937 0
      vertex -87.8377 18.6705 0
      vertex -86.7401 23.242 0
    endloop
  endfacet
  facet normal -0 0 1
    outer loop
      vertex -88.0333 18.7121 0
      vertex -87.8377 18.6705 0
      vertex -86.9333 23.2937 0
    endloop
  endfacet
  facet normal 0 0 1
    outer loop
      vertex -88.0333 18.7121 0
      vertex -88.6944 14.0478 0
      vertex -87.8377 18.6705 0
    endloop
  endfacet
  facet normal -0 0 1
    outer loop
      vertex -88.892 14.0791 0
      vertex -88.6944 14.0478 0
      vertex -88.0333 18.7121 0
    endloop
  endfacet
  facet normal 0 0 1
    outer loop
      vertex -88.892 14.0791 0
      vertex -89.3081 9.38666 0
      vertex -88.6944 14.0478 0
    endloop
  endfacet
  facet normal -0 0 1
    outer loop
      vertex -89.507 9.40756 0
      vertex -89.3081 9.38666 0
      vertex -88.892 14.0791 0
    endloop
  endfacet
  facet normal 0 0 1
    outer loop
      vertex -89.507 9.40756 0
      vertex -89.6769 4.69977 0
      vertex -89.3081 9.38666 0
    endloop
  endfacet
  facet normal 0 0 1
    outer loop
      vertex -89.6769 4.69977 0
      vertex -89.8767 4.71024 0
      vertex -89.8 0 0
    endloop
  endfacet
  facet normal -0 0 1
    outer loop
      vertex -89.8767 4.71024 0
      vertex -89.6769 4.69977 0
      vertex -89.507 9.40756 0
    endloop
  endfacet
  facet normal -0 0 1
    outer loop
      vertex 89.6769 -4.69977 0
      vertex 89.8767 -4.71024 0
      vertex 89.8 0 0
    endloop
  endfacet
  facet normal 0 0 1
    outer loop
      vertex 89.6769 -4.69977 0
      vertex 89.507 -9.40756 0
      vertex 89.8767 -4.71024 0
    endloop
  endfacet
  facet normal -0 0 1
    outer loop
      vertex 89.3081 -9.38666 0
      vertex 89.507 -9.40756 0
      vertex 89.6769 -4.69977 0
    endloop
  endfacet
  facet normal 0 0 1
    outer loop
      vertex 89.3081 -9.38666 0
      vertex 88.892 -14.0791 0
      vertex 89.507 -9.40756 0
    endloop
  endfacet
  facet normal -0 0 1
    outer loop
      vertex 88.6944 -14.0478 0
      vertex 88.892 -14.0791 0
      vertex 89.3081 -9.38666 0
    endloop
  endfacet
  facet normal 0 0 1
    outer loop
      vertex 88.6944 -14.0478 0
      vertex 88.0333 -18.7121 0
      vertex 88.892 -14.0791 0
    endloop
  endfacet
  facet normal -0 0 1
    outer loop
      vertex 87.8377 -18.6705 0
      vertex 88.0333 -18.7121 0
      vertex 88.6944 -14.0478 0
    endloop
  endfacet
  facet normal 0 0 1
    outer loop
      vertex 87.8377 -18.6705 0
      vertex 86.9333 -23.2937 0
      vertex 88.0333 -18.7121 0
    endloop
  endfacet
  facet normal -0 0 1
    outer loop
      vertex 86.7401 -23.242 0
      vertex 86.9333 -23.2937 0
      vertex 87.8377 -18.6705 0
    endloop
  endfacet
  facet normal 0 0 1
    outer loop
      vertex 86.7401 -23.242 0
      vertex 85.5951 -27.8115 0
      vertex 86.9333 -23.2937 0
    endloop
  endfacet
  facet normal -0 0 1
    outer loop
      vertex 85.4049 -27.7497 0
      vertex 85.5951 -27.8115 0
      vertex 86.7401 -23.242 0
    endloop
  endfacet
  facet normal 0 0 1
    outer loop
      vertex 85.4049 -27.7497 0
      vertex 84.0222 -32.2531 0
      vertex 85.5951 -27.8115 0
    endloop
  endfacet
  facet normal -0 0 1
    outer loop
      vertex 83.8355 -32.1814 0
      vertex 84.0222 -32.2531 0
      vertex 85.4049 -27.7497 0
    endloop
  endfacet
  facet normal 0 0 1
    outer loop
      vertex 83.8355 -32.1814 0
      vertex 82.2191 -36.6063 0
      vertex 84.0222 -32.2531 0
    endloop
  endfacet
  facet normal -0 0 1
    outer loop
      vertex 82.0364 -36.5249 0
      vertex 82.2191 -36.6063 0
      vertex 83.8355 -32.1814 0
    endloop
  endfacet
  facet normal 0 0 1
    outer loop
      vertex 82.0364 -36.5249 0
      vertex 80.1906 -40.8591 0
      vertex 82.2191 -36.6063 0
    endloop
  endfacet
  facet normal -0 0 1
    outer loop
      vertex 80.0124 -40.7683 0
      vertex 80.1906 -40.8591 0
      vertex 82.0364 -36.5249 0
    endloop
  endfacet
  facet normal 0 0 1
    outer loop
      vertex 80.0124 -40.7683 0
      vertex 77.9423 -45 0
      vertex 80.1906 -40.8591 0
    endloop
  endfacet
  facet normal -0 0 1
    outer loop
      vertex 77.7691 -44.9 0
      vertex 77.9423 -45 0
      vertex 80.0124 -40.7683 0
    endloop
  endfacet
  facet normal 0 0 1
    outer loop
      vertex 77.7691 -44.9 0
      vertex 75.4803 -49.0175 0
      vertex 77.9423 -45 0
    endloop
  endfacet
  facet normal -0 0 1
    outer loop
      vertex 75.3126 -48.9086 0
      vertex 75.4803 -49.0175 0
      vertex 77.7691 -44.9 0
    endloop
  endfacet
  facet normal 0 0 1
    outer loop
      vertex 75.3126 -48.9086 0
      vertex 72.8115 -52.9007 0
      vertex 75.4803 -49.0175 0
    endloop
  endfacet
  facet normal -0 0 1
    outer loop
      vertex 72.6497 -52.7831 0
      vertex 72.8115 -52.9007 0
      vertex 75.3126 -48.9086 0
    endloop
  endfacet
  facet normal 0 0 1
    outer loop
      vertex 72.6497 -52.7831 0
      vertex 69.9431 -56.6388 0
      vertex 72.8115 -52.9007 0
    endloop
  endfacet
  facet normal -0 0 1
    outer loop
      vertex 69.7877 -56.513 0
      vertex 69.9431 -56.6388 0
      vertex 72.6497 -52.7831 0
    endloop
  endfacet
  facet normal 0 0 1
    outer loop
      vertex 69.7877 -56.513 0
      vertex 66.883 -60.2218 0
      vertex 69.9431 -56.6388 0
    endloop
  endfacet
  facet normal -0 0 1
    outer loop
      vertex 66.7344 -60.0879 0
      vertex 66.883 -60.2218 0
      vertex 69.7877 -56.513 0
    endloop
  endfacet
  facet normal 0 0 1
    outer loop
      vertex 66.7344 -60.0879 0
      vertex 63.6396 -63.6396 0
      vertex 66.883 -60.2218 0
    endloop
  endfacet
  facet normal -0 0 1
    outer loop
      vertex 63.4982 -63.4982 0
      vertex 63.6396 -63.6396 0
      vertex 66.7344 -60.0879 0
    endloop
  endfacet
  facet normal 0 0 1
    outer loop
      vertex 63.4982 -63.4982 0
      vertex 60.2218 -66.883 0
      vertex 63.6396 -63.6396 0
    endloop
  endfacet
  facet normal -0 0 1
    outer loop
      vertex 60.0879 -66.7344 0
      vertex 60.2218 -66.883 0
      vertex 63.4982 -63.4982 0
    endloop
  endfacet
  facet normal 0 0 1
    outer loop
      vertex 60.0879 -66.7344 0
      vertex 56.6388 -69.9431 0
      vertex 60.2218 -66.883 0
    endloop
  endfacet
  facet normal -0 0 1
    outer loop
      vertex 56.513 -69.7877 0
      vertex 56.6388 -69.9431 0
      vertex 60.0879 -66.7344 0
    endloop
  endfacet
  facet normal 0 0 1
    outer loop
      vertex 56.513 -69.7877 0
      vertex 52.9007 -72.8115 0
      vertex 56.6388 -69.9431 0
    endloop
  endfacet
  facet normal -0 0 1
    outer loop
      vertex 52.7831 -72.6497 0
      vertex 52.9007 -72.8115 0
      vertex 56.513 -69.7877 0
    endloop
  endfacet
  facet normal 0 0 1
    outer loop
      vertex 52.7831 -72.6497 0
      vertex 49.0175 -75.4803 0
      vertex 52.9007 -72.8115 0
    endloop
  endfacet
  facet normal -0 0 1
    outer loop
      vertex 48.9086 -75.3126 0
      vertex 49.0175 -75.4803 0
      vertex 52.7831 -72.6497 0
    endloop
  endfacet
  facet normal 0 0 1
    outer loop
      vertex 48.9086 -75.3126 0
      vertex 45 -77.9423 0
      vertex 49.0175 -75.4803 0
    endloop
  endfacet
  facet normal -0 0 1
    outer loop
      vertex 44.9 -77.7691 0
      vertex 45 -77.9423 0
      vertex 48.9086 -75.3126 0
    endloop
  endfacet
  facet normal 0 0 1
    outer loop
      vertex 44.9 -77.7691 0
      vertex 40.8591 -80.1906 0
      vertex 45 -77.9423 0
    endloop
  endfacet
  facet normal -0 0 1
    outer loop
      vertex 40.7683 -80.0124 0
      vertex 40.8591 -80.1906 0
      vertex 44.9 -77.7691 0
    endloop
  endfacet
  facet normal 0 0 1
    outer loop
      vertex 40.7683 -80.0124 0
      vertex 36.6063 -82.2191 0
      vertex 40.8591 -80.1906 0
    endloop
  endfacet
  facet normal -0 0 1
    outer loop
      vertex 36.5249 -82.0364 0
      vertex 36.6063 -82.2191 0
      vertex 40.7683 -80.0124 0
    endloop
  endfacet
  facet normal 0 0 1
    outer loop
      vertex 36.5249 -82.0364 0
      vertex 32.2531 -84.0222 0
      vertex 36.6063 -82.2191 0
    endloop
  endfacet
  facet normal -0 0 1
    outer loop
      vertex 32.1814 -83.8355 0
      vertex 32.2531 -84.0222 0
      vertex 36.5249 -82.0364 0
    endloop
  endfacet
  facet normal 0 0 1
    outer loop
      vertex 32.1814 -83.8355 0
      vertex 27.8115 -85.5951 0
      vertex 32.2531 -84.0222 0
    endloop
  endfacet
  facet normal -0 0 1
    outer loop
      vertex 27.7497 -85.4049 0
      vertex 27.8115 -85.5951 0
      vertex 32.1814 -83.8355 0
    endloop
  endfacet
  facet normal 0 0 1
    outer loop
      vertex 27.7497 -85.4049 0
      vertex 23.2937 -86.9333 0
      vertex 27.8115 -85.5951 0
    endloop
  endfacet
  facet normal -0 0 1
    outer loop
      vertex 23.242 -86.7401 0
      vertex 23.2937 -86.9333 0
      vertex 27.7497 -85.4049 0
    endloop
  endfacet
  facet normal 0 0 1
    outer loop
      vertex 23.242 -86.7401 0
      vertex 18.7121 -88.0333 0
      vertex 23.2937 -86.9333 0
    endloop
  endfacet
  facet normal -0 0 1
    outer loop
      vertex 18.6705 -87.8377 0
      vertex 18.7121 -88.0333 0
      vertex 23.242 -86.7401 0
    endloop
  endfacet
  facet normal 0 0 1
    outer loop
      vertex 18.6705 -87.8377 0
      vertex 14.0791 -88.892 0
      vertex 18.7121 -88.0333 0
    endloop
  endfacet
  facet normal -0 0 1
    outer loop
      vertex 14.0478 -88.6944 0
      vertex 14.0791 -88.892 0
      vertex 18.6705 -87.8377 0
    endloop
  endfacet
  facet normal 0 0 1
    outer loop
      vertex 14.0478 -88.6944 0
      vertex 9.40756 -89.507 0
      vertex 14.0791 -88.892 0
    endloop
  endfacet
  facet normal -0 0 1
    outer loop
      vertex 9.38666 -89.3081 0
      vertex 9.40756 -89.507 0
      vertex 14.0478 -88.6944 0
    endloop
  endfacet
  facet normal 0 0 1
    outer loop
      vertex 9.38666 -89.3081 0
      vertex 4.71024 -89.8767 0
      vertex 9.40756 -89.507 0
    endloop
  endfacet
  facet normal -0 0 1
    outer loop
      vertex 4.69977 -89.6769 0
      vertex 4.71024 -89.8767 0
      vertex 9.38666 -89.3081 0
    endloop
  endfacet
  facet normal -0 0 1
    outer loop
      vertex 0 -89.8 0
      vertex 4.71024 -89.8767 0
      vertex 4.69977 -89.6769 0
    endloop
  endfacet
  facet normal 0 0 1
    outer loop
      vertex 0 -89.8 0
      vertex 0 -90 0
      vertex 4.71024 -89.8767 0
    endloop
  endfacet
  facet normal 0 0 1
    outer loop
      vertex -4.69977 -89.6769 0
      vertex 0 -90 0
      vertex 0 -89.8 0
    endloop
  endfacet
  facet normal 0 0 1
    outer loop
      vertex -4.69977 -89.6769 0
      vertex -4.71024 -89.8767 0
      vertex 0 -90 0
    endloop
  endfacet
  facet normal 0 0 1
    outer loop
      vertex -9.38666 -89.3081 0
      vertex -4.71024 -89.8767 0
      vertex -4.69977 -89.6769 0
    endloop
  endfacet
  facet normal 0 0 1
    outer loop
      vertex -9.38666 -89.3081 0
      vertex -9.40756 -89.507 0
      vertex -4.71024 -89.8767 0
    endloop
  endfacet
  facet normal 0 0 1
    outer loop
      vertex -14.0478 -88.6944 0
      vertex -9.40756 -89.507 0
      vertex -9.38666 -89.3081 0
    endloop
  endfacet
  facet normal 0 0 1
    outer loop
      vertex -14.0478 -88.6944 0
      vertex -14.0791 -88.892 0
      vertex -9.40756 -89.507 0
    endloop
  endfacet
  facet normal 0 0 1
    outer loop
      vertex -18.6705 -87.8377 0
      vertex -14.0791 -88.892 0
      vertex -14.0478 -88.6944 0
    endloop
  endfacet
  facet normal 0 0 1
    outer loop
      vertex -18.6705 -87.8377 0
      vertex -18.7121 -88.0333 0
      vertex -14.0791 -88.892 0
    endloop
  endfacet
  facet normal 0 0 1
    outer loop
      vertex -23.242 -86.7401 0
      vertex -18.7121 -88.0333 0
      vertex -18.6705 -87.8377 0
    endloop
  endfacet
  facet normal 0 0 1
    outer loop
      vertex -23.242 -86.7401 0
      vertex -23.2937 -86.9333 0
      vertex -18.7121 -88.0333 0
    endloop
  endfacet
  facet normal 0 0 1
    outer loop
      vertex -27.7497 -85.4049 0
      vertex -23.2937 -86.9333 0
      vertex -23.242 -86.7401 0
    endloop
  endfacet
  facet normal 0 0 1
    outer loop
      vertex -27.7497 -85.4049 0
      vertex -27.8115 -85.5951 0
      vertex -23.2937 -86.9333 0
    endloop
  endfacet
  facet normal 0 0 1
    outer loop
      vertex -32.1814 -83.8355 0
      vertex -27.8115 -85.5951 0
      vertex -27.7497 -85.4049 0
    endloop
  endfacet
  facet normal 0 0 1
    outer loop
      vertex -32.1814 -83.8355 0
      vertex -32.2531 -84.0222 0
      vertex -27.8115 -85.5951 0
    endloop
  endfacet
  facet normal 0 0 1
    outer loop
      vertex -36.5249 -82.0364 0
      vertex -32.2531 -84.0222 0
      vertex -32.1814 -83.8355 0
    endloop
  endfacet
  facet normal 0 0 1
    outer loop
      vertex -36.5249 -82.0364 0
      vertex -36.6063 -82.2191 0
      vertex -32.2531 -84.0222 0
    endloop
  endfacet
  facet normal 0 0 1
    outer loop
      vertex -40.7683 -80.0124 0
      vertex -36.6063 -82.2191 0
      vertex -36.5249 -82.0364 0
    endloop
  endfacet
  facet normal 0 0 1
    outer loop
      vertex -40.7683 -80.0124 0
      vertex -40.8591 -80.1906 0
      vertex -36.6063 -82.2191 0
    endloop
  endfacet
  facet normal 0 0 1
    outer loop
      vertex -44.9 -77.7691 0
      vertex -40.8591 -80.1906 0
      vertex -40.7683 -80.0124 0
    endloop
  endfacet
  facet normal 0 0 1
    outer loop
      vertex -44.9 -77.7691 0
      vertex -45 -77.9423 0
      vertex -40.8591 -80.1906 0
    endloop
  endfacet
  facet normal 0 0 1
    outer loop
      vertex -48.9086 -75.3126 0
      vertex -45 -77.9423 0
      vertex -44.9 -77.7691 0
    endloop
  endfacet
  facet normal 0 0 1
    outer loop
      vertex -48.9086 -75.3126 0
      vertex -49.0175 -75.4803 0
      vertex -45 -77.9423 0
    endloop
  endfacet
  facet normal 0 0 1
    outer loop
      vertex -52.7831 -72.6497 0
      vertex -49.0175 -75.4803 0
      vertex -48.9086 -75.3126 0
    endloop
  endfacet
  facet normal 0 0 1
    outer loop
      vertex -52.7831 -72.6497 0
      vertex -52.9007 -72.8115 0
      vertex -49.0175 -75.4803 0
    endloop
  endfacet
  facet normal 0 0 1
    outer loop
      vertex -56.513 -69.7877 0
      vertex -52.9007 -72.8115 0
      vertex -52.7831 -72.6497 0
    endloop
  endfacet
  facet normal 0 0 1
    outer loop
      vertex -56.513 -69.7877 0
      vertex -56.6388 -69.9431 0
      vertex -52.9007 -72.8115 0
    endloop
  endfacet
  facet normal 0 0 1
    outer loop
      vertex -60.0879 -66.7344 0
      vertex -56.6388 -69.9431 0
      vertex -56.513 -69.7877 0
    endloop
  endfacet
  facet normal 0 0 1
    outer loop
      vertex -60.0879 -66.7344 0
      vertex -60.2218 -66.883 0
      vertex -56.6388 -69.9431 0
    endloop
  endfacet
  facet normal 0 0 1
    outer loop
      vertex -63.4982 -63.4982 0
      vertex -60.2218 -66.883 0
      vertex -60.0879 -66.7344 0
    endloop
  endfacet
  facet normal 0 0 1
    outer loop
      vertex -63.4982 -63.4982 0
      vertex -63.6396 -63.6396 0
      vertex -60.2218 -66.883 0
    endloop
  endfacet
  facet normal 0 0 1
    outer loop
      vertex -66.7344 -60.0879 0
      vertex -63.6396 -63.6396 0
      vertex -63.4982 -63.4982 0
    endloop
  endfacet
  facet normal 0 0 1
    outer loop
      vertex -66.7344 -60.0879 0
      vertex -66.883 -60.2218 0
      vertex -63.6396 -63.6396 0
    endloop
  endfacet
  facet normal 0 0 1
    outer loop
      vertex -69.7877 -56.513 0
      vertex -66.883 -60.2218 0
      vertex -66.7344 -60.0879 0
    endloop
  endfacet
  facet normal 0 0 1
    outer loop
      vertex -69.7877 -56.513 0
      vertex -69.9431 -56.6388 0
      vertex -66.883 -60.2218 0
    endloop
  endfacet
  facet normal 0 0 1
    outer loop
      vertex -72.6497 -52.7831 0
      vertex -69.9431 -56.6388 0
      vertex -69.7877 -56.513 0
    endloop
  endfacet
  facet normal 0 0 1
    outer loop
      vertex -72.6497 -52.7831 0
      vertex -72.8115 -52.9007 0
      vertex -69.9431 -56.6388 0
    endloop
  endfacet
  facet normal 0 0 1
    outer loop
      vertex -75.3126 -48.9086 0
      vertex -72.8115 -52.9007 0
      vertex -72.6497 -52.7831 0
    endloop
  endfacet
  facet normal 0 0 1
    outer loop
      vertex -75.3126 -48.9086 0
      vertex -75.4803 -49.0175 0
      vertex -72.8115 -52.9007 0
    endloop
  endfacet
  facet normal 0 0 1
    outer loop
      vertex -77.7691 -44.9 0
      vertex -75.4803 -49.0175 0
      vertex -75.3126 -48.9086 0
    endloop
  endfacet
  facet normal 0 0 1
    outer loop
      vertex -77.7691 -44.9 0
      vertex -77.9423 -45 0
      vertex -75.4803 -49.0175 0
    endloop
  endfacet
  facet normal 0 0 1
    outer loop
      vertex -80.0124 -40.7683 0
      vertex -77.9423 -45 0
      vertex -77.7691 -44.9 0
    endloop
  endfacet
  facet normal 0 0 1
    outer loop
      vertex -80.0124 -40.7683 0
      vertex -80.1906 -40.8591 0
      vertex -77.9423 -45 0
    endloop
  endfacet
  facet normal 0 0 1
    outer loop
      vertex -82.0364 -36.5249 0
      vertex -80.1906 -40.8591 0
      vertex -80.0124 -40.7683 0
    endloop
  endfacet
  facet normal 0 0 1
    outer loop
      vertex -82.0364 -36.5249 0
      vertex -82.2191 -36.6063 0
      vertex -80.1906 -40.8591 0
    endloop
  endfacet
  facet normal 0 0 1
    outer loop
      vertex -83.8355 -32.1814 0
      vertex -82.2191 -36.6063 0
      vertex -82.0364 -36.5249 0
    endloop
  endfacet
  facet normal 0 0 1
    outer loop
      vertex -83.8355 -32.1814 0
      vertex -84.0222 -32.2531 0
      vertex -82.2191 -36.6063 0
    endloop
  endfacet
  facet normal 0 0 1
    outer loop
      vertex -85.4049 -27.7497 0
      vertex -84.0222 -32.2531 0
      vertex -83.8355 -32.1814 0
    endloop
  endfacet
  facet normal 0 0 1
    outer loop
      vertex -85.4049 -27.7497 0
      vertex -85.5951 -27.8115 0
      vertex -84.0222 -32.2531 0
    endloop
  endfacet
  facet normal 0 0 1
    outer loop
      vertex -86.7401 -23.242 0
      vertex -85.5951 -27.8115 0
      vertex -85.4049 -27.7497 0
    endloop
  endfacet
  facet normal 0 0 1
    outer loop
      vertex -86.7401 -23.242 0
      vertex -86.9333 -23.2937 0
      vertex -85.5951 -27.8115 0
    endloop
  endfacet
  facet normal 0 0 1
    outer loop
      vertex -87.8377 -18.6705 0
      vertex -86.9333 -23.2937 0
      vertex -86.7401 -23.242 0
    endloop
  endfacet
  facet normal 0 0 1
    outer loop
      vertex -87.8377 -18.6705 0
      vertex -88.0333 -18.7121 0
      vertex -86.9333 -23.2937 0
    endloop
  endfacet
  facet normal 0 0 1
    outer loop
      vertex -88.6944 -14.0478 0
      vertex -88.0333 -18.7121 0
      vertex -87.8377 -18.6705 0
    endloop
  endfacet
  facet normal 0 0 1
    outer loop
      vertex -88.6944 -14.0478 0
      vertex -88.892 -14.0791 0
      vertex -88.0333 -18.7121 0
    endloop
  endfacet
  facet normal 0 0 1
    outer loop
      vertex -89.3081 -9.38666 0
      vertex -88.892 -14.0791 0
      vertex -88.6944 -14.0478 0
    endloop
  endfacet
  facet normal 0 0 1
    outer loop
      vertex -89.3081 -9.38666 0
      vertex -89.507 -9.40756 0
      vertex -88.892 -14.0791 0
    endloop
  endfacet
  facet normal 0 0 1
    outer loop
      vertex -89.6769 -4.69977 0
      vertex -89.507 -9.40756 0
      vertex -89.3081 -9.38666 0
    endloop
  endfacet
  facet normal 0 0 1
    outer loop
      vertex -89.6769 -4.69977 0
      vertex -89.8767 -4.71024 0
      vertex -89.507 -9.40756 0
    endloop
  endfacet
  facet normal 0 0 1
    outer loop
      vertex -89.8 0 0
      vertex -89.8767 -4.71024 0
      vertex -89.6769 -4.69977 0
    endloop
  endfacet
  facet normal 0 0 1
    outer loop
      vertex -90 0 0
      vertex -89.8 0 0
      vertex -89.8767 4.71024 0
    endloop
  endfacet
  facet normal 0 0 1
    outer loop
      vertex -89.8 0 0
      vertex -90 0 0
      vertex -89.8767 -4.71024 0
    endloop
  endfacet
  facet normal 0.824121 0.566414 0
    outer loop
      vertex 83.8671 54.4639 800
      vertex 80.9017 58.7785 0
      vertex 80.9017 58.7785 800
    endloop
  endfacet
  facet normal 0.824121 0.566414 0
    outer loop
      vertex 80.9017 58.7785 0
      vertex 83.8671 54.4639 800
      vertex 83.8671 54.4639 0
    endloop
  endfacet
  facet normal 0.0784665 0.996917 -0
    outer loop
      vertex 10.4528 99.4522 0
      vertex 5.23359 99.863 800
      vertex 10.4528 99.4522 800
    endloop
  endfacet
  facet normal 0.0784665 0.996917 0
    outer loop
      vertex 5.23359 99.863 800
      vertex 10.4528 99.4522 0
      vertex 5.23359 99.863 0
    endloop
  endfacet
  facet normal 0.382682 -0.92388 0
    outer loop
      vertex 35.8368 -93.358 0
      vertex 40.6737 -91.3545 800
      vertex 35.8368 -93.358 800
    endloop
  endfacet
  facet normal 0.382682 -0.92388 0
    outer loop
      vertex 40.6737 -91.3545 800
      vertex 35.8368 -93.358 0
      vertex 40.6737 -91.3545 0
    endloop
  endfacet
  facet normal -0.182219 -0.983258 0
    outer loop
      vertex -20.7912 -97.8148 0
      vertex -15.6434 -98.7688 800
      vertex -20.7912 -97.8148 800
    endloop
  endfacet
  facet normal -0.182219 -0.983258 -0
    outer loop
      vertex -15.6434 -98.7688 800
      vertex -20.7912 -97.8148 0
      vertex -15.6434 -98.7688 0
    endloop
  endfacet
  facet normal -0.0784665 -0.996917 0
    outer loop
      vertex -10.4528 -99.4522 0
      vertex -5.23359 -99.863 800
      vertex -10.4528 -99.4522 800
    endloop
  endfacet
  facet normal -0.0784665 -0.996917 -0
    outer loop
      vertex -5.23359 -99.863 800
      vertex -10.4528 -99.4522 0
      vertex -5.23359 -99.863 0
    endloop
  endfacet
  facet normal -0.996917 0.0784665 0
    outer loop
      vertex -99.863 5.23359 0
      vertex -99.4522 10.4528 800
      vertex -99.4522 10.4528 0
    endloop
  endfacet
  facet normal -0.996917 0.0784665 0
    outer loop
      vertex -99.4522 10.4528 800
      vertex -99.863 5.23359 0
      vertex -99.863 5.23359 800
    endloop
  endfacet
  facet normal -0.983258 0.182219 0
    outer loop
      vertex -98.7688 15.6434 0
      vertex -97.8148 20.7912 800
      vertex -97.8148 20.7912 0
    endloop
  endfacet
  facet normal -0.983258 0.182219 0
    outer loop
      vertex -97.8148 20.7912 800
      vertex -98.7688 15.6434 0
      vertex -98.7688 15.6434 800
    endloop
  endfacet
  facet normal -0.793353 -0.608762 0
    outer loop
      vertex -77.7146 -62.932 0
      vertex -80.9017 -58.7785 800
      vertex -80.9017 -58.7785 0
    endloop
  endfacet
  facet normal -0.793353 -0.608762 0
    outer loop
      vertex -80.9017 -58.7785 800
      vertex -77.7146 -62.932 0
      vertex -77.7146 -62.932 800
    endloop
  endfacet
  facet normal -0.824121 -0.566414 0
    outer loop
      vertex -80.9017 -58.7785 0
      vertex -83.8671 -54.4639 800
      vertex -83.8671 -54.4639 0
    endloop
  endfacet
  facet normal -0.824121 -0.566414 0
    outer loop
      vertex -83.8671 -54.4639 800
      vertex -80.9017 -58.7785 0
      vertex -80.9017 -58.7785 800
    endloop
  endfacet
  facet normal -0.958821 -0.28401 0
    outer loop
      vertex -95.1057 -30.9017 0
      vertex -96.5926 -25.8819 800
      vertex -96.5926 -25.8819 0
    endloop
  endfacet
  facet normal -0.958821 -0.28401 0
    outer loop
      vertex -96.5926 -25.8819 800
      vertex -95.1057 -30.9017 0
      vertex -95.1057 -30.9017 800
    endloop
  endfacet
  facet normal -0.233451 -0.972369 0
    outer loop
      vertex -25.8819 -96.5926 0
      vertex -20.7912 -97.8148 800
      vertex -25.8819 -96.5926 800
    endloop
  endfacet
  facet normal -0.233451 -0.972369 -0
    outer loop
      vertex -20.7912 -97.8148 800
      vertex -25.8819 -96.5926 0
      vertex -20.7912 -97.8148 0
    endloop
  endfacet
  facet normal -0.972369 -0.233451 0
    outer loop
      vertex -96.5926 -25.8819 0
      vertex -97.8148 -20.7912 800
      vertex -97.8148 -20.7912 0
    endloop
  endfacet
  facet normal -0.972369 -0.233451 0
    outer loop
      vertex -97.8148 -20.7912 800
      vertex -96.5926 -25.8819 0
      vertex -96.5926 -25.8819 800
    endloop
  endfacet
  facet normal 0.28401 0.958821 -0
    outer loop
      vertex 30.9017 95.1057 0
      vertex 25.8819 96.5926 800
      vertex 30.9017 95.1057 800
    endloop
  endfacet
  facet normal 0.28401 0.958821 0
    outer loop
      vertex 25.8819 96.5926 800
      vertex 30.9017 95.1057 0
      vertex 25.8819 96.5926 0
    endloop
  endfacet
  facet normal 0.233451 0.972369 -0
    outer loop
      vertex 25.8819 96.5926 0
      vertex 20.7912 97.8148 800
      vertex 25.8819 96.5926 800
    endloop
  endfacet
  facet normal 0.233451 0.972369 0
    outer loop
      vertex 20.7912 97.8148 800
      vertex 25.8819 96.5926 0
      vertex 20.7912 97.8148 0
    endloop
  endfacet
  facet normal -0.688356 -0.725373 0
    outer loop
      vertex -70.7107 -70.7107 0
      vertex -66.9131 -74.3145 800
      vertex -70.7107 -70.7107 800
    endloop
  endfacet
  facet normal -0.688356 -0.725373 -0
    outer loop
      vertex -66.9131 -74.3145 800
      vertex -70.7107 -70.7107 0
      vertex -66.9131 -74.3145 0
    endloop
  endfacet
  facet normal 0 0 1
    outer loop
      vertex 99.7 0 800
      vertex 100 0 800
      vertex 99.863 5.23359 800
    endloop
  endfacet
  facet normal 0 0 1
    outer loop
      vertex 100 0 800
      vertex 99.7 0 800
      vertex 99.863 -5.23359 800
    endloop
  endfacet
  facet normal 0 0 1
    outer loop
      vertex 99.863 5.23359 800
      vertex 99.5634 5.21789 800
      vertex 99.7 0 800
    endloop
  endfacet
  facet normal 0 0 1
    outer loop
      vertex 99.4522 10.4528 800
      vertex 99.5634 5.21789 800
      vertex 99.863 5.23359 800
    endloop
  endfacet
  facet normal 0 0 1
    outer loop
      vertex 99.4522 10.4528 800
      vertex 99.1538 10.4215 800
      vertex 99.5634 5.21789 800
    endloop
  endfacet
  facet normal 0 0 1
    outer loop
      vertex 98.7688 15.6434 800
      vertex 99.1538 10.4215 800
      vertex 99.4522 10.4528 800
    endloop
  endfacet
  facet normal 0 0 1
    outer loop
      vertex 98.7688 15.6434 800
      vertex 98.4725 15.5965 800
      vertex 99.1538 10.4215 800
    endloop
  endfacet
  facet normal 0 0 1
    outer loop
      vertex 97.8148 20.7912 800
      vertex 98.4725 15.5965 800
      vertex 98.7688 15.6434 800
    endloop
  endfacet
  facet normal 0 0 1
    outer loop
      vertex 97.8148 20.7912 800
      vertex 97.5213 20.7288 800
      vertex 98.4725 15.5965 800
    endloop
  endfacet
  facet normal 0 0 1
    outer loop
      vertex 96.5926 25.8819 800
      vertex 97.5213 20.7288 800
      vertex 97.8148 20.7912 800
    endloop
  endfacet
  facet normal 0 0 1
    outer loop
      vertex 96.5926 25.8819 800
      vertex 96.3028 25.8043 800
      vertex 97.5213 20.7288 800
    endloop
  endfacet
  facet normal 0 0 1
    outer loop
      vertex 95.1057 30.9017 800
      vertex 96.3028 25.8043 800
      vertex 96.5926 25.8819 800
    endloop
  endfacet
  facet normal 0 0 1
    outer loop
      vertex 95.1057 30.9017 800
      vertex 94.8203 30.809 800
      vertex 96.3028 25.8043 800
    endloop
  endfacet
  facet normal 0 0 1
    outer loop
      vertex 93.358 35.8368 800
      vertex 94.8203 30.809 800
      vertex 95.1057 30.9017 800
    endloop
  endfacet
  facet normal 0 0 1
    outer loop
      vertex 93.358 35.8368 800
      vertex 93.078 35.7293 800
      vertex 94.8203 30.809 800
    endloop
  endfacet
  facet normal 0 0 1
    outer loop
      vertex 91.3545 40.6737 800
      vertex 93.078 35.7293 800
      vertex 93.358 35.8368 800
    endloop
  endfacet
  facet normal 0 0 1
    outer loop
      vertex 91.3545 40.6737 800
      vertex 91.0805 40.5516 800
      vertex 93.078 35.7293 800
    endloop
  endfacet
  facet normal 0 0 1
    outer loop
      vertex 89.1007 45.399 800
      vertex 91.0805 40.5516 800
      vertex 91.3545 40.6737 800
    endloop
  endfacet
  facet normal 0 0 1
    outer loop
      vertex 89.1007 45.399 800
      vertex 88.8334 45.2629 800
      vertex 91.0805 40.5516 800
    endloop
  endfacet
  facet normal 0 0 1
    outer loop
      vertex 86.6025 50 800
      vertex 88.8334 45.2629 800
      vertex 89.1007 45.399 800
    endloop
  endfacet
  facet normal 0 0 1
    outer loop
      vertex 86.6025 50 800
      vertex 86.3427 49.85 800
      vertex 88.8334 45.2629 800
    endloop
  endfacet
  facet normal 0 0 1
    outer loop
      vertex 83.8671 54.4639 800
      vertex 86.3427 49.85 800
      vertex 86.6025 50 800
    endloop
  endfacet
  facet normal 0 0 1
    outer loop
      vertex 83.8671 54.4639 800
      vertex 83.6155 54.3005 800
      vertex 86.3427 49.85 800
    endloop
  endfacet
  facet normal 0 0 1
    outer loop
      vertex 80.9017 58.7785 800
      vertex 83.6155 54.3005 800
      vertex 83.8671 54.4639 800
    endloop
  endfacet
  facet normal 0 0 1
    outer loop
      vertex 80.9017 58.7785 800
      vertex 80.659 58.6022 800
      vertex 83.6155 54.3005 800
    endloop
  endfacet
  facet normal 0 0 1
    outer loop
      vertex 77.7146 62.932 800
      vertex 80.659 58.6022 800
      vertex 80.9017 58.7785 800
    endloop
  endfacet
  facet normal 0 0 1
    outer loop
      vertex 77.7146 62.932 800
      vertex 77.4815 62.7432 800
      vertex 80.659 58.6022 800
    endloop
  endfacet
  facet normal 0 0 1
    outer loop
      vertex 74.3145 66.9131 800
      vertex 77.4815 62.7432 800
      vertex 77.7146 62.932 800
    endloop
  endfacet
  facet normal 0 0 1
    outer loop
      vertex 74.3145 66.9131 800
      vertex 74.0915 66.7123 800
      vertex 77.4815 62.7432 800
    endloop
  endfacet
  facet normal 0 0 1
    outer loop
      vertex 70.7107 70.7107 800
      vertex 74.0915 66.7123 800
      vertex 74.3145 66.9131 800
    endloop
  endfacet
  facet normal 0 0 1
    outer loop
      vertex 70.7107 70.7107 800
      vertex 70.4985 70.4985 800
      vertex 74.0915 66.7123 800
    endloop
  endfacet
  facet normal 0 0 1
    outer loop
      vertex 66.9131 74.3145 800
      vertex 70.4985 70.4985 800
      vertex 70.7107 70.7107 800
    endloop
  endfacet
  facet normal 0 0 1
    outer loop
      vertex 66.9131 74.3145 800
      vertex 66.7123 74.0915 800
      vertex 70.4985 70.4985 800
    endloop
  endfacet
  facet normal 0 0 1
    outer loop
      vertex 62.932 77.7146 800
      vertex 66.7123 74.0915 800
      vertex 66.9131 74.3145 800
    endloop
  endfacet
  facet normal 0 0 1
    outer loop
      vertex 62.932 77.7146 800
      vertex 62.7432 77.4815 800
      vertex 66.7123 74.0915 800
    endloop
  endfacet
  facet normal 0 0 1
    outer loop
      vertex 58.7785 80.9017 800
      vertex 62.7432 77.4815 800
      vertex 62.932 77.7146 800
    endloop
  endfacet
  facet normal 0 0 1
    outer loop
      vertex 58.7785 80.9017 800
      vertex 58.6022 80.659 800
      vertex 62.7432 77.4815 800
    endloop
  endfacet
  facet normal 0 0 1
    outer loop
      vertex 54.4639 83.8671 800
      vertex 58.6022 80.659 800
      vertex 58.7785 80.9017 800
    endloop
  endfacet
  facet normal 0 0 1
    outer loop
      vertex 54.4639 83.8671 800
      vertex 54.3005 83.6155 800
      vertex 58.6022 80.659 800
    endloop
  endfacet
  facet normal 0 0 1
    outer loop
      vertex 50 86.6025 800
      vertex 54.3005 83.6155 800
      vertex 54.4639 83.8671 800
    endloop
  endfacet
  facet normal 0 0 1
    outer loop
      vertex 50 86.6025 800
      vertex 49.85 86.3427 800
      vertex 54.3005 83.6155 800
    endloop
  endfacet
  facet normal 0 0 1
    outer loop
      vertex 45.399 89.1007 800
      vertex 49.85 86.3427 800
      vertex 50 86.6025 800
    endloop
  endfacet
  facet normal 0 0 1
    outer loop
      vertex 45.399 89.1007 800
      vertex 45.2629 88.8334 800
      vertex 49.85 86.3427 800
    endloop
  endfacet
  facet normal 0 0 1
    outer loop
      vertex 40.6737 91.3545 800
      vertex 45.2629 88.8334 800
      vertex 45.399 89.1007 800
    endloop
  endfacet
  facet normal 0 0 1
    outer loop
      vertex 40.6737 91.3545 800
      vertex 40.5516 91.0805 800
      vertex 45.2629 88.8334 800
    endloop
  endfacet
  facet normal 0 0 1
    outer loop
      vertex 35.8368 93.358 800
      vertex 40.5516 91.0805 800
      vertex 40.6737 91.3545 800
    endloop
  endfacet
  facet normal 0 0 1
    outer loop
      vertex 35.8368 93.358 800
      vertex 35.7293 93.078 800
      vertex 40.5516 91.0805 800
    endloop
  endfacet
  facet normal 0 0 1
    outer loop
      vertex 30.9017 95.1057 800
      vertex 35.7293 93.078 800
      vertex 35.8368 93.358 800
    endloop
  endfacet
  facet normal 0 0 1
    outer loop
      vertex 30.9017 95.1057 800
      vertex 30.809 94.8203 800
      vertex 35.7293 93.078 800
    endloop
  endfacet
  facet normal 0 0 1
    outer loop
      vertex 25.8819 96.5926 800
      vertex 30.809 94.8203 800
      vertex 30.9017 95.1057 800
    endloop
  endfacet
  facet normal 0 0 1
    outer loop
      vertex 25.8819 96.5926 800
      vertex 25.8043 96.3028 800
      vertex 30.809 94.8203 800
    endloop
  endfacet
  facet normal 0 0 1
    outer loop
      vertex 20.7912 97.8148 800
      vertex 25.8043 96.3028 800
      vertex 25.8819 96.5926 800
    endloop
  endfacet
  facet normal 0 0 1
    outer loop
      vertex 20.7912 97.8148 800
      vertex 20.7288 97.5213 800
      vertex 25.8043 96.3028 800
    endloop
  endfacet
  facet normal 0 0 1
    outer loop
      vertex 15.6434 98.7688 800
      vertex 20.7288 97.5213 800
      vertex 20.7912 97.8148 800
    endloop
  endfacet
  facet normal 0 0 1
    outer loop
      vertex 15.6434 98.7688 800
      vertex 15.5965 98.4725 800
      vertex 20.7288 97.5213 800
    endloop
  endfacet
  facet normal 0 0 1
    outer loop
      vertex 10.4528 99.4522 800
      vertex 15.5965 98.4725 800
      vertex 15.6434 98.7688 800
    endloop
  endfacet
  facet normal 0 0 1
    outer loop
      vertex 10.4528 99.4522 800
      vertex 10.4215 99.1538 800
      vertex 15.5965 98.4725 800
    endloop
  endfacet
  facet normal 0 0 1
    outer loop
      vertex 5.23359 99.863 800
      vertex 10.4215 99.1538 800
      vertex 10.4528 99.4522 800
    endloop
  endfacet
  facet normal 0 0 1
    outer loop
      vertex 5.23359 99.863 800
      vertex 5.21789 99.5634 800
      vertex 10.4215 99.1538 800
    endloop
  endfacet
  facet normal 0 0 1
    outer loop
      vertex 0 100 800
      vertex 5.21789 99.5634 800
      vertex 5.23359 99.863 800
    endloop
  endfacet
  facet normal 0 0 1
    outer loop
      vertex 0 100 800
      vertex 0 99.7 800
      vertex 5.21789 99.5634 800
    endloop
  endfacet
  facet normal 0 0 1
    outer loop
      vertex 0 100 800
      vertex -5.21789 99.5634 800
      vertex 0 99.7 800
    endloop
  endfacet
  facet normal -0 0 1
    outer loop
      vertex -5.23359 99.863 800
      vertex -5.21789 99.5634 800
      vertex 0 100 800
    endloop
  endfacet
  facet normal 0 0 1
    outer loop
      vertex -5.23359 99.863 800
      vertex -10.4215 99.1538 800
      vertex -5.21789 99.5634 800
    endloop
  endfacet
  facet normal -0 0 1
    outer loop
      vertex -10.4528 99.4522 800
      vertex -10.4215 99.1538 800
      vertex -5.23359 99.863 800
    endloop
  endfacet
  facet normal 0 0 1
    outer loop
      vertex -10.4528 99.4522 800
      vertex -15.5965 98.4725 800
      vertex -10.4215 99.1538 800
    endloop
  endfacet
  facet normal -0 0 1
    outer loop
      vertex -15.6434 98.7688 800
      vertex -15.5965 98.4725 800
      vertex -10.4528 99.4522 800
    endloop
  endfacet
  facet normal 0 0 1
    outer loop
      vertex -15.6434 98.7688 800
      vertex -20.7288 97.5213 800
      vertex -15.5965 98.4725 800
    endloop
  endfacet
  facet normal -0 0 1
    outer loop
      vertex -20.7912 97.8148 800
      vertex -20.7288 97.5213 800
      vertex -15.6434 98.7688 800
    endloop
  endfacet
  facet normal 0 0 1
    outer loop
      vertex -20.7912 97.8148 800
      vertex -25.8043 96.3028 800
      vertex -20.7288 97.5213 800
    endloop
  endfacet
  facet normal -0 0 1
    outer loop
      vertex -25.8819 96.5926 800
      vertex -25.8043 96.3028 800
      vertex -20.7912 97.8148 800
    endloop
  endfacet
  facet normal 0 0 1
    outer loop
      vertex -25.8819 96.5926 800
      vertex -30.809 94.8203 800
      vertex -25.8043 96.3028 800
    endloop
  endfacet
  facet normal -0 0 1
    outer loop
      vertex -30.9017 95.1057 800
      vertex -30.809 94.8203 800
      vertex -25.8819 96.5926 800
    endloop
  endfacet
  facet normal 0 0 1
    outer loop
      vertex -30.9017 95.1057 800
      vertex -35.7293 93.078 800
      vertex -30.809 94.8203 800
    endloop
  endfacet
  facet normal -0 0 1
    outer loop
      vertex -35.8368 93.358 800
      vertex -35.7293 93.078 800
      vertex -30.9017 95.1057 800
    endloop
  endfacet
  facet normal 0 0 1
    outer loop
      vertex -35.8368 93.358 800
      vertex -40.5516 91.0805 800
      vertex -35.7293 93.078 800
    endloop
  endfacet
  facet normal -0 0 1
    outer loop
      vertex -40.6737 91.3545 800
      vertex -40.5516 91.0805 800
      vertex -35.8368 93.358 800
    endloop
  endfacet
  facet normal 0 0 1
    outer loop
      vertex -40.6737 91.3545 800
      vertex -45.2629 88.8334 800
      vertex -40.5516 91.0805 800
    endloop
  endfacet
  facet normal -0 0 1
    outer loop
      vertex -45.399 89.1007 800
      vertex -45.2629 88.8334 800
      vertex -40.6737 91.3545 800
    endloop
  endfacet
  facet normal 0 0 1
    outer loop
      vertex -45.399 89.1007 800
      vertex -49.85 86.3427 800
      vertex -45.2629 88.8334 800
    endloop
  endfacet
  facet normal -0 0 1
    outer loop
      vertex -50 86.6025 800
      vertex -49.85 86.3427 800
      vertex -45.399 89.1007 800
    endloop
  endfacet
  facet normal 0 0 1
    outer loop
      vertex -50 86.6025 800
      vertex -54.3005 83.6155 800
      vertex -49.85 86.3427 800
    endloop
  endfacet
  facet normal -0 0 1
    outer loop
      vertex -54.4639 83.8671 800
      vertex -54.3005 83.6155 800
      vertex -50 86.6025 800
    endloop
  endfacet
  facet normal 0 0 1
    outer loop
      vertex -54.4639 83.8671 800
      vertex -58.6022 80.659 800
      vertex -54.3005 83.6155 800
    endloop
  endfacet
  facet normal -0 0 1
    outer loop
      vertex -58.7785 80.9017 800
      vertex -58.6022 80.659 800
      vertex -54.4639 83.8671 800
    endloop
  endfacet
  facet normal 0 0 1
    outer loop
      vertex -58.7785 80.9017 800
      vertex -62.7432 77.4815 800
      vertex -58.6022 80.659 800
    endloop
  endfacet
  facet normal -0 0 1
    outer loop
      vertex -62.932 77.7146 800
      vertex -62.7432 77.4815 800
      vertex -58.7785 80.9017 800
    endloop
  endfacet
  facet normal 0 0 1
    outer loop
      vertex -62.932 77.7146 800
      vertex -66.7123 74.0915 800
      vertex -62.7432 77.4815 800
    endloop
  endfacet
  facet normal -0 0 1
    outer loop
      vertex -66.9131 74.3145 800
      vertex -66.7123 74.0915 800
      vertex -62.932 77.7146 800
    endloop
  endfacet
  facet normal 0 0 1
    outer loop
      vertex -66.9131 74.3145 800
      vertex -70.4985 70.4985 800
      vertex -66.7123 74.0915 800
    endloop
  endfacet
  facet normal -0 0 1
    outer loop
      vertex -70.7107 70.7107 800
      vertex -70.4985 70.4985 800
      vertex -66.9131 74.3145 800
    endloop
  endfacet
  facet normal 0 0 1
    outer loop
      vertex -70.7107 70.7107 800
      vertex -74.0915 66.7123 800
      vertex -70.4985 70.4985 800
    endloop
  endfacet
  facet normal -0 0 1
    outer loop
      vertex -74.3145 66.9131 800
      vertex -74.0915 66.7123 800
      vertex -70.7107 70.7107 800
    endloop
  endfacet
  facet normal 0 0 1
    outer loop
      vertex -74.3145 66.9131 800
      vertex -77.4815 62.7432 800
      vertex -74.0915 66.7123 800
    endloop
  endfacet
  facet normal -0 0 1
    outer loop
      vertex -77.7146 62.932 800
      vertex -77.4815 62.7432 800
      vertex -74.3145 66.9131 800
    endloop
  endfacet
  facet normal 0 0 1
    outer loop
      vertex -77.7146 62.932 800
      vertex -80.659 58.6022 800
      vertex -77.4815 62.7432 800
    endloop
  endfacet
  facet normal -0 0 1
    outer loop
      vertex -80.9017 58.7785 800
      vertex -80.659 58.6022 800
      vertex -77.7146 62.932 800
    endloop
  endfacet
  facet normal 0 0 1
    outer loop
      vertex -80.9017 58.7785 800
      vertex -83.6155 54.3005 800
      vertex -80.659 58.6022 800
    endloop
  endfacet
  facet normal -0 0 1
    outer loop
      vertex -83.8671 54.4639 800
      vertex -83.6155 54.3005 800
      vertex -80.9017 58.7785 800
    endloop
  endfacet
  facet normal 0 0 1
    outer loop
      vertex -83.8671 54.4639 800
      vertex -86.3427 49.85 800
      vertex -83.6155 54.3005 800
    endloop
  endfacet
  facet normal -0 0 1
    outer loop
      vertex -86.6025 50 800
      vertex -86.3427 49.85 800
      vertex -83.8671 54.4639 800
    endloop
  endfacet
  facet normal 0 0 1
    outer loop
      vertex -86.6025 50 800
      vertex -88.8334 45.2629 800
      vertex -86.3427 49.85 800
    endloop
  endfacet
  facet normal -0 0 1
    outer loop
      vertex -89.1007 45.399 800
      vertex -88.8334 45.2629 800
      vertex -86.6025 50 800
    endloop
  endfacet
  facet normal 0 0 1
    outer loop
      vertex -89.1007 45.399 800
      vertex -91.0805 40.5516 800
      vertex -88.8334 45.2629 800
    endloop
  endfacet
  facet normal -0 0 1
    outer loop
      vertex -91.3545 40.6737 800
      vertex -91.0805 40.5516 800
      vertex -89.1007 45.399 800
    endloop
  endfacet
  facet normal 0 0 1
    outer loop
      vertex -91.3545 40.6737 800
      vertex -93.078 35.7293 800
      vertex -91.0805 40.5516 800
    endloop
  endfacet
  facet normal -0 0 1
    outer loop
      vertex -93.358 35.8368 800
      vertex -93.078 35.7293 800
      vertex -91.3545 40.6737 800
    endloop
  endfacet
  facet normal 0 0 1
    outer loop
      vertex -93.358 35.8368 800
      vertex -94.8203 30.809 800
      vertex -93.078 35.7293 800
    endloop
  endfacet
  facet normal -0 0 1
    outer loop
      vertex -95.1057 30.9017 800
      vertex -94.8203 30.809 800
      vertex -93.358 35.8368 800
    endloop
  endfacet
  facet normal 0 0 1
    outer loop
      vertex -95.1057 30.9017 800
      vertex -96.3028 25.8043 800
      vertex -94.8203 30.809 800
    endloop
  endfacet
  facet normal -0 0 1
    outer loop
      vertex -96.5926 25.8819 800
      vertex -96.3028 25.8043 800
      vertex -95.1057 30.9017 800
    endloop
  endfacet
  facet normal 0 0 1
    outer loop
      vertex -96.5926 25.8819 800
      vertex -97.5213 20.7288 800
      vertex -96.3028 25.8043 800
    endloop
  endfacet
  facet normal -0 0 1
    outer loop
      vertex -97.8148 20.7912 800
      vertex -97.5213 20.7288 800
      vertex -96.5926 25.8819 800
    endloop
  endfacet
  facet normal 0 0 1
    outer loop
      vertex -97.8148 20.7912 800
      vertex -98.4725 15.5965 800
      vertex -97.5213 20.7288 800
    endloop
  endfacet
  facet normal -0 0 1
    outer loop
      vertex -98.7688 15.6434 800
      vertex -98.4725 15.5965 800
      vertex -97.8148 20.7912 800
    endloop
  endfacet
  facet normal 0 0 1
    outer loop
      vertex -98.7688 15.6434 800
      vertex -99.1538 10.4215 800
      vertex -98.4725 15.5965 800
    endloop
  endfacet
  facet normal -0 0 1
    outer loop
      vertex -99.4522 10.4528 800
      vertex -99.1538 10.4215 800
      vertex -98.7688 15.6434 800
    endloop
  endfacet
  facet normal 0 0 1
    outer loop
      vertex -99.4522 10.4528 800
      vertex -99.5634 5.21789 800
      vertex -99.1538 10.4215 800
    endloop
  endfacet
  facet normal -0 0 1
    outer loop
      vertex -99.863 5.23359 800
      vertex -99.5634 5.21789 800
      vertex -99.4522 10.4528 800
    endloop
  endfacet
  facet normal 0 0 1
    outer loop
      vertex -99.5634 5.21789 800
      vertex -99.863 5.23359 800
      vertex -99.7 0 800
    endloop
  endfacet
  facet normal -0 0 1
    outer loop
      vertex 99.5634 -5.21789 800
      vertex 99.863 -5.23359 800
      vertex 99.7 0 800
    endloop
  endfacet
  facet normal 0 0 1
    outer loop
      vertex 99.5634 -5.21789 800
      vertex 99.4522 -10.4528 800
      vertex 99.863 -5.23359 800
    endloop
  endfacet
  facet normal -0 0 1
    outer loop
      vertex 99.1538 -10.4215 800
      vertex 99.4522 -10.4528 800
      vertex 99.5634 -5.21789 800
    endloop
  endfacet
  facet normal 0 0 1
    outer loop
      vertex 99.1538 -10.4215 800
      vertex 98.7688 -15.6434 800
      vertex 99.4522 -10.4528 800
    endloop
  endfacet
  facet normal -0 0 1
    outer loop
      vertex 98.4725 -15.5965 800
      vertex 98.7688 -15.6434 800
      vertex 99.1538 -10.4215 800
    endloop
  endfacet
  facet normal 0 0 1
    outer loop
      vertex 98.4725 -15.5965 800
      vertex 97.8148 -20.7912 800
      vertex 98.7688 -15.6434 800
    endloop
  endfacet
  facet normal -0 0 1
    outer loop
      vertex 97.5213 -20.7288 800
      vertex 97.8148 -20.7912 800
      vertex 98.4725 -15.5965 800
    endloop
  endfacet
  facet normal 0 0 1
    outer loop
      vertex 97.5213 -20.7288 800
      vertex 96.5926 -25.8819 800
      vertex 97.8148 -20.7912 800
    endloop
  endfacet
  facet normal -0 0 1
    outer loop
      vertex 96.3028 -25.8043 800
      vertex 96.5926 -25.8819 800
      vertex 97.5213 -20.7288 800
    endloop
  endfacet
  facet normal 0 0 1
    outer loop
      vertex 96.3028 -25.8043 800
      vertex 95.1057 -30.9017 800
      vertex 96.5926 -25.8819 800
    endloop
  endfacet
  facet normal -0 0 1
    outer loop
      vertex 94.8203 -30.809 800
      vertex 95.1057 -30.9017 800
      vertex 96.3028 -25.8043 800
    endloop
  endfacet
  facet normal 0 0 1
    outer loop
      vertex 94.8203 -30.809 800
      vertex 93.358 -35.8368 800
      vertex 95.1057 -30.9017 800
    endloop
  endfacet
  facet normal -0 0 1
    outer loop
      vertex 93.078 -35.7293 800
      vertex 93.358 -35.8368 800
      vertex 94.8203 -30.809 800
    endloop
  endfacet
  facet normal 0 0 1
    outer loop
      vertex 93.078 -35.7293 800
      vertex 91.3545 -40.6737 800
      vertex 93.358 -35.8368 800
    endloop
  endfacet
  facet normal -0 0 1
    outer loop
      vertex 91.0805 -40.5516 800
      vertex 91.3545 -40.6737 800
      vertex 93.078 -35.7293 800
    endloop
  endfacet
  facet normal 0 0 1
    outer loop
      vertex 91.0805 -40.5516 800
      vertex 89.1007 -45.399 800
      vertex 91.3545 -40.6737 800
    endloop
  endfacet
  facet normal -0 0 1
    outer loop
      vertex 88.8334 -45.2629 800
      vertex 89.1007 -45.399 800
      vertex 91.0805 -40.5516 800
    endloop
  endfacet
  facet normal 0 0 1
    outer loop
      vertex 88.8334 -45.2629 800
      vertex 86.6025 -50 800
      vertex 89.1007 -45.399 800
    endloop
  endfacet
  facet normal -0 0 1
    outer loop
      vertex 86.3427 -49.85 800
      vertex 86.6025 -50 800
      vertex 88.8334 -45.2629 800
    endloop
  endfacet
  facet normal 0 0 1
    outer loop
      vertex 86.3427 -49.85 800
      vertex 83.8671 -54.4639 800
      vertex 86.6025 -50 800
    endloop
  endfacet
  facet normal -0 0 1
    outer loop
      vertex 83.6155 -54.3005 800
      vertex 83.8671 -54.4639 800
      vertex 86.3427 -49.85 800
    endloop
  endfacet
  facet normal 0 0 1
    outer loop
      vertex 83.6155 -54.3005 800
      vertex 80.9017 -58.7785 800
      vertex 83.8671 -54.4639 800
    endloop
  endfacet
  facet normal -0 0 1
    outer loop
      vertex 80.659 -58.6022 800
      vertex 80.9017 -58.7785 800
      vertex 83.6155 -54.3005 800
    endloop
  endfacet
  facet normal 0 0 1
    outer loop
      vertex 80.659 -58.6022 800
      vertex 77.7146 -62.932 800
      vertex 80.9017 -58.7785 800
    endloop
  endfacet
  facet normal -0 0 1
    outer loop
      vertex 77.4815 -62.7432 800
      vertex 77.7146 -62.932 800
      vertex 80.659 -58.6022 800
    endloop
  endfacet
  facet normal 0 0 1
    outer loop
      vertex 77.4815 -62.7432 800
      vertex 74.3145 -66.9131 800
      vertex 77.7146 -62.932 800
    endloop
  endfacet
  facet normal -0 0 1
    outer loop
      vertex 74.0915 -66.7123 800
      vertex 74.3145 -66.9131 800
      vertex 77.4815 -62.7432 800
    endloop
  endfacet
  facet normal 0 0 1
    outer loop
      vertex 74.0915 -66.7123 800
      vertex 70.7107 -70.7107 800
      vertex 74.3145 -66.9131 800
    endloop
  endfacet
  facet normal -0 0 1
    outer loop
      vertex 70.4985 -70.4985 800
      vertex 70.7107 -70.7107 800
      vertex 74.0915 -66.7123 800
    endloop
  endfacet
  facet normal 0 0 1
    outer loop
      vertex 70.4985 -70.4985 800
      vertex 66.9131 -74.3145 800
      vertex 70.7107 -70.7107 800
    endloop
  endfacet
  facet normal -0 0 1
    outer loop
      vertex 66.7123 -74.0915 800
      vertex 66.9131 -74.3145 800
      vertex 70.4985 -70.4985 800
    endloop
  endfacet
  facet normal 0 0 1
    outer loop
      vertex 66.7123 -74.0915 800
      vertex 62.932 -77.7146 800
      vertex 66.9131 -74.3145 800
    endloop
  endfacet
  facet normal -0 0 1
    outer loop
      vertex 62.7432 -77.4815 800
      vertex 62.932 -77.7146 800
      vertex 66.7123 -74.0915 800
    endloop
  endfacet
  facet normal 0 0 1
    outer loop
      vertex 62.7432 -77.4815 800
      vertex 58.7785 -80.9017 800
      vertex 62.932 -77.7146 800
    endloop
  endfacet
  facet normal -0 0 1
    outer loop
      vertex 58.6022 -80.659 800
      vertex 58.7785 -80.9017 800
      vertex 62.7432 -77.4815 800
    endloop
  endfacet
  facet normal 0 0 1
    outer loop
      vertex 58.6022 -80.659 800
      vertex 54.4639 -83.8671 800
      vertex 58.7785 -80.9017 800
    endloop
  endfacet
  facet normal -0 0 1
    outer loop
      vertex 54.3005 -83.6155 800
      vertex 54.4639 -83.8671 800
      vertex 58.6022 -80.659 800
    endloop
  endfacet
  facet normal 0 0 1
    outer loop
      vertex 54.3005 -83.6155 800
      vertex 50 -86.6025 800
      vertex 54.4639 -83.8671 800
    endloop
  endfacet
  facet normal -0 0 1
    outer loop
      vertex 49.85 -86.3427 800
      vertex 50 -86.6025 800
      vertex 54.3005 -83.6155 800
    endloop
  endfacet
  facet normal 0 0 1
    outer loop
      vertex 49.85 -86.3427 800
      vertex 45.399 -89.1007 800
      vertex 50 -86.6025 800
    endloop
  endfacet
  facet normal -0 0 1
    outer loop
      vertex 45.2629 -88.8334 800
      vertex 45.399 -89.1007 800
      vertex 49.85 -86.3427 800
    endloop
  endfacet
  facet normal 0 0 1
    outer loop
      vertex 45.2629 -88.8334 800
      vertex 40.6737 -91.3545 800
      vertex 45.399 -89.1007 800
    endloop
  endfacet
  facet normal -0 0 1
    outer loop
      vertex 40.5516 -91.0805 800
      vertex 40.6737 -91.3545 800
      vertex 45.2629 -88.8334 800
    endloop
  endfacet
  facet normal 0 0 1
    outer loop
      vertex 40.5516 -91.0805 800
      vertex 35.8368 -93.358 800
      vertex 40.6737 -91.3545 800
    endloop
  endfacet
  facet normal -0 0 1
    outer loop
      vertex 35.7293 -93.078 800
      vertex 35.8368 -93.358 800
      vertex 40.5516 -91.0805 800
    endloop
  endfacet
  facet normal 0 0 1
    outer loop
      vertex 35.7293 -93.078 800
      vertex 30.9017 -95.1057 800
      vertex 35.8368 -93.358 800
    endloop
  endfacet
  facet normal -0 0 1
    outer loop
      vertex 30.809 -94.8203 800
      vertex 30.9017 -95.1057 800
      vertex 35.7293 -93.078 800
    endloop
  endfacet
  facet normal 0 0 1
    outer loop
      vertex 30.809 -94.8203 800
      vertex 25.8819 -96.5926 800
      vertex 30.9017 -95.1057 800
    endloop
  endfacet
  facet normal -0 0 1
    outer loop
      vertex 25.8043 -96.3028 800
      vertex 25.8819 -96.5926 800
      vertex 30.809 -94.8203 800
    endloop
  endfacet
  facet normal 0 0 1
    outer loop
      vertex 25.8043 -96.3028 800
      vertex 20.7912 -97.8148 800
      vertex 25.8819 -96.5926 800
    endloop
  endfacet
  facet normal -0 0 1
    outer loop
      vertex 20.7288 -97.5213 800
      vertex 20.7912 -97.8148 800
      vertex 25.8043 -96.3028 800
    endloop
  endfacet
  facet normal 0 0 1
    outer loop
      vertex 20.7288 -97.5213 800
      vertex 15.6434 -98.7688 800
      vertex 20.7912 -97.8148 800
    endloop
  endfacet
  facet normal -0 0 1
    outer loop
      vertex 15.5965 -98.4725 800
      vertex 15.6434 -98.7688 800
      vertex 20.7288 -97.5213 800
    endloop
  endfacet
  facet normal 0 0 1
    outer loop
      vertex 15.5965 -98.4725 800
      vertex 10.4528 -99.4522 800
      vertex 15.6434 -98.7688 800
    endloop
  endfacet
  facet normal -0 0 1
    outer loop
      vertex 10.4215 -99.1538 800
      vertex 10.4528 -99.4522 800
      vertex 15.5965 -98.4725 800
    endloop
  endfacet
  facet normal 0 0 1
    outer loop
      vertex 10.4215 -99.1538 800
      vertex 5.23359 -99.863 800
      vertex 10.4528 -99.4522 800
    endloop
  endfacet
  facet normal -0 0 1
    outer loop
      vertex 5.21789 -99.5634 800
      vertex 5.23359 -99.863 800
      vertex 10.4215 -99.1538 800
    endloop
  endfacet
  facet normal -0 0 1
    outer loop
      vertex 0 -99.7 800
      vertex 5.23359 -99.863 800
      vertex 5.21789 -99.5634 800
    endloop
  endfacet
  facet normal 0 0 1
    outer loop
      vertex 0 -99.7 800
      vertex 0 -100 800
      vertex 5.23359 -99.863 800
    endloop
  endfacet
  facet normal 0 0 1
    outer loop
      vertex -5.21789 -99.5634 800
      vertex 0 -100 800
      vertex 0 -99.7 800
    endloop
  endfacet
  facet normal 0 0 1
    outer loop
      vertex -5.21789 -99.5634 800
      vertex -5.23359 -99.863 800
      vertex 0 -100 800
    endloop
  endfacet
  facet normal 0 0 1
    outer loop
      vertex -10.4215 -99.1538 800
      vertex -5.23359 -99.863 800
      vertex -5.21789 -99.5634 800
    endloop
  endfacet
  facet normal 0 0 1
    outer loop
      vertex -10.4215 -99.1538 800
      vertex -10.4528 -99.4522 800
      vertex -5.23359 -99.863 800
    endloop
  endfacet
  facet normal 0 0 1
    outer loop
      vertex -15.5965 -98.4725 800
      vertex -10.4528 -99.4522 800
      vertex -10.4215 -99.1538 800
    endloop
  endfacet
  facet normal 0 0 1
    outer loop
      vertex -15.5965 -98.4725 800
      vertex -15.6434 -98.7688 800
      vertex -10.4528 -99.4522 800
    endloop
  endfacet
  facet normal 0 0 1
    outer loop
      vertex -20.7288 -97.5213 800
      vertex -15.6434 -98.7688 800
      vertex -15.5965 -98.4725 800
    endloop
  endfacet
  facet normal 0 0 1
    outer loop
      vertex -20.7288 -97.5213 800
      vertex -20.7912 -97.8148 800
      vertex -15.6434 -98.7688 800
    endloop
  endfacet
  facet normal 0 0 1
    outer loop
      vertex -25.8043 -96.3028 800
      vertex -20.7912 -97.8148 800
      vertex -20.7288 -97.5213 800
    endloop
  endfacet
  facet normal 0 0 1
    outer loop
      vertex -25.8043 -96.3028 800
      vertex -25.8819 -96.5926 800
      vertex -20.7912 -97.8148 800
    endloop
  endfacet
  facet normal 0 0 1
    outer loop
      vertex -30.809 -94.8203 800
      vertex -25.8819 -96.5926 800
      vertex -25.8043 -96.3028 800
    endloop
  endfacet
  facet normal 0 0 1
    outer loop
      vertex -30.809 -94.8203 800
      vertex -30.9017 -95.1057 800
      vertex -25.8819 -96.5926 800
    endloop
  endfacet
  facet normal 0 0 1
    outer loop
      vertex -35.7293 -93.078 800
      vertex -30.9017 -95.1057 800
      vertex -30.809 -94.8203 800
    endloop
  endfacet
  facet normal 0 0 1
    outer loop
      vertex -35.7293 -93.078 800
      vertex -35.8368 -93.358 800
      vertex -30.9017 -95.1057 800
    endloop
  endfacet
  facet normal 0 0 1
    outer loop
      vertex -40.5516 -91.0805 800
      vertex -35.8368 -93.358 800
      vertex -35.7293 -93.078 800
    endloop
  endfacet
  facet normal 0 0 1
    outer loop
      vertex -40.5516 -91.0805 800
      vertex -40.6737 -91.3545 800
      vertex -35.8368 -93.358 800
    endloop
  endfacet
  facet normal 0 0 1
    outer loop
      vertex -45.2629 -88.8334 800
      vertex -40.6737 -91.3545 800
      vertex -40.5516 -91.0805 800
    endloop
  endfacet
  facet normal 0 0 1
    outer loop
      vertex -45.2629 -88.8334 800
      vertex -45.399 -89.1007 800
      vertex -40.6737 -91.3545 800
    endloop
  endfacet
  facet normal 0 0 1
    outer loop
      vertex -49.85 -86.3427 800
      vertex -45.399 -89.1007 800
      vertex -45.2629 -88.8334 800
    endloop
  endfacet
  facet normal 0 0 1
    outer loop
      vertex -49.85 -86.3427 800
      vertex -50 -86.6025 800
      vertex -45.399 -89.1007 800
    endloop
  endfacet
  facet normal 0 0 1
    outer loop
      vertex -54.3005 -83.6155 800
      vertex -50 -86.6025 800
      vertex -49.85 -86.3427 800
    endloop
  endfacet
  facet normal 0 0 1
    outer loop
      vertex -54.3005 -83.6155 800
      vertex -54.4639 -83.8671 800
      vertex -50 -86.6025 800
    endloop
  endfacet
  facet normal 0 0 1
    outer loop
      vertex -58.6022 -80.659 800
      vertex -54.4639 -83.8671 800
      vertex -54.3005 -83.6155 800
    endloop
  endfacet
  facet normal 0 0 1
    outer loop
      vertex -58.6022 -80.659 800
      vertex -58.7785 -80.9017 800
      vertex -54.4639 -83.8671 800
    endloop
  endfacet
  facet normal 0 0 1
    outer loop
      vertex -62.7432 -77.4815 800
      vertex -58.7785 -80.9017 800
      vertex -58.6022 -80.659 800
    endloop
  endfacet
  facet normal 0 0 1
    outer loop
      vertex -62.7432 -77.4815 800
      vertex -62.932 -77.7146 800
      vertex -58.7785 -80.9017 800
    endloop
  endfacet
  facet normal 0 0 1
    outer loop
      vertex -66.7123 -74.0915 800
      vertex -62.932 -77.7146 800
      vertex -62.7432 -77.4815 800
    endloop
  endfacet
  facet normal 0 0 1
    outer loop
      vertex -66.7123 -74.0915 800
      vertex -66.9131 -74.3145 800
      vertex -62.932 -77.7146 800
    endloop
  endfacet
  facet normal 0 0 1
    outer loop
      vertex -70.4985 -70.4985 800
      vertex -66.9131 -74.3145 800
      vertex -66.7123 -74.0915 800
    endloop
  endfacet
  facet normal 0 0 1
    outer loop
      vertex -70.4985 -70.4985 800
      vertex -70.7107 -70.7107 800
      vertex -66.9131 -74.3145 800
    endloop
  endfacet
  facet normal 0 0 1
    outer loop
      vertex -74.0915 -66.7123 800
      vertex -70.7107 -70.7107 800
      vertex -70.4985 -70.4985 800
    endloop
  endfacet
  facet normal 0 0 1
    outer loop
      vertex -74.0915 -66.7123 800
      vertex -74.3145 -66.9131 800
      vertex -70.7107 -70.7107 800
    endloop
  endfacet
  facet normal 0 0 1
    outer loop
      vertex -77.4815 -62.7432 800
      vertex -74.3145 -66.9131 800
      vertex -74.0915 -66.7123 800
    endloop
  endfacet
  facet normal 0 0 1
    outer loop
      vertex -77.4815 -62.7432 800
      vertex -77.7146 -62.932 800
      vertex -74.3145 -66.9131 800
    endloop
  endfacet
  facet normal 0 0 1
    outer loop
      vertex -80.659 -58.6022 800
      vertex -77.7146 -62.932 800
      vertex -77.4815 -62.7432 800
    endloop
  endfacet
  facet normal 0 0 1
    outer loop
      vertex -80.659 -58.6022 800
      vertex -80.9017 -58.7785 800
      vertex -77.7146 -62.932 800
    endloop
  endfacet
  facet normal 0 0 1
    outer loop
      vertex -83.6155 -54.3005 800
      vertex -80.9017 -58.7785 800
      vertex -80.659 -58.6022 800
    endloop
  endfacet
  facet normal 0 0 1
    outer loop
      vertex -83.6155 -54.3005 800
      vertex -83.8671 -54.4639 800
      vertex -80.9017 -58.7785 800
    endloop
  endfacet
  facet normal 0 0 1
    outer loop
      vertex -86.3427 -49.85 800
      vertex -83.8671 -54.4639 800
      vertex -83.6155 -54.3005 800
    endloop
  endfacet
  facet normal 0 0 1
    outer loop
      vertex -86.3427 -49.85 800
      vertex -86.6025 -50 800
      vertex -83.8671 -54.4639 800
    endloop
  endfacet
  facet normal 0 0 1
    outer loop
      vertex -88.8334 -45.2629 800
      vertex -86.6025 -50 800
      vertex -86.3427 -49.85 800
    endloop
  endfacet
  facet normal 0 0 1
    outer loop
      vertex -88.8334 -45.2629 800
      vertex -89.1007 -45.399 800
      vertex -86.6025 -50 800
    endloop
  endfacet
  facet normal 0 0 1
    outer loop
      vertex -91.0805 -40.5516 800
      vertex -89.1007 -45.399 800
      vertex -88.8334 -45.2629 800
    endloop
  endfacet
  facet normal 0 0 1
    outer loop
      vertex -91.0805 -40.5516 800
      vertex -91.3545 -40.6737 800
      vertex -89.1007 -45.399 800
    endloop
  endfacet
  facet normal 0 0 1
    outer loop
      vertex -93.078 -35.7293 800
      vertex -91.3545 -40.6737 800
      vertex -91.0805 -40.5516 800
    endloop
  endfacet
  facet normal 0 0 1
    outer loop
      vertex -93.078 -35.7293 800
      vertex -93.358 -35.8368 800
      vertex -91.3545 -40.6737 800
    endloop
  endfacet
  facet normal 0 0 1
    outer loop
      vertex -94.8203 -30.809 800
      vertex -93.358 -35.8368 800
      vertex -93.078 -35.7293 800
    endloop
  endfacet
  facet normal 0 0 1
    outer loop
      vertex -94.8203 -30.809 800
      vertex -95.1057 -30.9017 800
      vertex -93.358 -35.8368 800
    endloop
  endfacet
  facet normal 0 0 1
    outer loop
      vertex -96.3028 -25.8043 800
      vertex -95.1057 -30.9017 800
      vertex -94.8203 -30.809 800
    endloop
  endfacet
  facet normal 0 0 1
    outer loop
      vertex -96.3028 -25.8043 800
      vertex -96.5926 -25.8819 800
      vertex -95.1057 -30.9017 800
    endloop
  endfacet
  facet normal 0 0 1
    outer loop
      vertex -97.5213 -20.7288 800
      vertex -96.5926 -25.8819 800
      vertex -96.3028 -25.8043 800
    endloop
  endfacet
  facet normal 0 0 1
    outer loop
      vertex -97.5213 -20.7288 800
      vertex -97.8148 -20.7912 800
      vertex -96.5926 -25.8819 800
    endloop
  endfacet
  facet normal 0 0 1
    outer loop
      vertex -98.4725 -15.5965 800
      vertex -97.8148 -20.7912 800
      vertex -97.5213 -20.7288 800
    endloop
  endfacet
  facet normal 0 0 1
    outer loop
      vertex -98.4725 -15.5965 800
      vertex -98.7688 -15.6434 800
      vertex -97.8148 -20.7912 800
    endloop
  endfacet
  facet normal 0 0 1
    outer loop
      vertex -99.1538 -10.4215 800
      vertex -98.7688 -15.6434 800
      vertex -98.4725 -15.5965 800
    endloop
  endfacet
  facet normal 0 0 1
    outer loop
      vertex -99.1538 -10.4215 800
      vertex -99.4522 -10.4528 800
      vertex -98.7688 -15.6434 800
    endloop
  endfacet
  facet normal 0 0 1
    outer loop
      vertex -99.5634 -5.21789 800
      vertex -99.4522 -10.4528 800
      vertex -99.1538 -10.4215 800
    endloop
  endfacet
  facet normal 0 0 1
    outer loop
      vertex -99.863 -5.23359 800
      vertex -99.5634 -5.21789 800
      vertex -99.7 0 800
    endloop
  endfacet
  facet normal 0 0 1
    outer loop
      vertex -100 0 800
      vertex -99.7 0 800
      vertex -99.863 5.23359 800
    endloop
  endfacet
  facet normal 0 0 1
    outer loop
      vertex -99.5634 -5.21789 800
      vertex -99.863 -5.23359 800
      vertex -99.4522 -10.4528 800
    endloop
  endfacet
  facet normal 0 0 1
    outer loop
      vertex -99.7 0 800
      vertex -100 0 800
      vertex -99.863 -5.23359 800
    endloop
  endfacet
  facet normal 0 0 -1
    outer loop
      vertex -19.1293 -39.4888 800
      vertex 43.763 -3.17793 800
      vertex -18.9378 -39.8013 800
    endloop
  endfacet
  facet normal 0 0 -1
    outer loop
      vertex 43 0 800
      vertex -18.0096 42.9349 800
      vertex -18 43.3013 800
    endloop
  endfacet
  facet normal -0 0 -1
    outer loop
      vertex 43.763 -3.17793 800
      vertex -19.1293 -39.4888 800
      vertex 43.6052 -2.84716 800
    endloop
  endfacet
  facet normal 0 0 -1
    outer loop
      vertex 43 0 800
      vertex -18.0383 42.5696 800
      vertex -18.0096 42.9349 800
    endloop
  endfacet
  facet normal 0 0 -1
    outer loop
      vertex -19.3369 -39.1868 800
      vertex 43.6052 -2.84716 800
      vertex -19.1293 -39.4888 800
    endloop
  endfacet
  facet normal 0 0 -1
    outer loop
      vertex 43 0 800
      vertex -18.0862 42.2062 800
      vertex -18.0383 42.5696 800
    endloop
  endfacet
  facet normal -0 0 -1
    outer loop
      vertex 43.6052 -2.84716 800
      vertex -19.3369 -39.1868 800
      vertex 43.4649 -2.50858 800
    endloop
  endfacet
  facet normal 0 0 -1
    outer loop
      vertex 43 0 800
      vertex -18.153 41.8459 800
      vertex -18.0862 42.2062 800
    endloop
  endfacet
  facet normal 0 0 -1
    outer loop
      vertex -19.56 -38.896 800
      vertex 43.4649 -2.50858 800
      vertex -19.3369 -39.1868 800
    endloop
  endfacet
  facet normal 0 0 -1
    outer loop
      vertex 43 0 800
      vertex -18.2385 41.4895 800
      vertex -18.153 41.8459 800
    endloop
  endfacet
  facet normal -0 0 -1
    outer loop
      vertex 43.4649 -2.50858 800
      vertex -19.56 -38.896 800
      vertex 43.3426 -2.16312 800
    endloop
  endfacet
  facet normal 0 0 -1
    outer loop
      vertex 43 0 800
      vertex -18.3426 41.1382 800
      vertex -18.2385 41.4895 800
    endloop
  endfacet
  facet normal 0 0 -1
    outer loop
      vertex -19.798 -38.6174 800
      vertex 43.3426 -2.16312 800
      vertex -19.56 -38.896 800
    endloop
  endfacet
  facet normal 0 0 -1
    outer loop
      vertex 43 0 800
      vertex -18.4649 40.7927 800
      vertex -18.3426 41.1382 800
    endloop
  endfacet
  facet normal -0 0 -1
    outer loop
      vertex 43.3426 -2.16312 800
      vertex -19.798 -38.6174 800
      vertex 43.2385 -1.81173 800
    endloop
  endfacet
  facet normal 0 0 -1
    outer loop
      vertex 43 0 800
      vertex -18.6052 40.4541 800
      vertex -18.4649 40.7927 800
    endloop
  endfacet
  facet normal 0 0 -1
    outer loop
      vertex -20.0503 -38.3515 800
      vertex 43.2385 -1.81173 800
      vertex -19.798 -38.6174 800
    endloop
  endfacet
  facet normal 0 0 -1
    outer loop
      vertex 43 0 800
      vertex -18.763 40.1233 800
      vertex -18.6052 40.4541 800
    endloop
  endfacet
  facet normal -0 0 -1
    outer loop
      vertex 43.2385 -1.81173 800
      vertex -20.0503 -38.3515 800
      vertex 43.153 -1.45538 800
    endloop
  endfacet
  facet normal 0 0 -1
    outer loop
      vertex 43 0 800
      vertex -18.9378 39.8013 800
      vertex -18.763 40.1233 800
    endloop
  endfacet
  facet normal 0 0 -1
    outer loop
      vertex -20.3161 -38.0993 800
      vertex 43.153 -1.45538 800
      vertex -20.0503 -38.3515 800
    endloop
  endfacet
  facet normal 0 0 -1
    outer loop
      vertex 43 0 800
      vertex -19.1293 39.4888 800
      vertex -18.9378 39.8013 800
    endloop
  endfacet
  facet normal -0 0 -1
    outer loop
      vertex 43.153 -1.45538 800
      vertex -20.3161 -38.0993 800
      vertex 43.0862 -1.09504 800
    endloop
  endfacet
  facet normal 0 0 -1
    outer loop
      vertex 43 0 800
      vertex -19.3369 39.1868 800
      vertex -19.1293 39.4888 800
    endloop
  endfacet
  facet normal 0 0 -1
    outer loop
      vertex -20.5948 -37.8612 800
      vertex 43.0862 -1.09504 800
      vertex -20.3161 -38.0993 800
    endloop
  endfacet
  facet normal 0 0 -1
    outer loop
      vertex 43 0 800
      vertex -19.56 38.896 800
      vertex -19.3369 39.1868 800
    endloop
  endfacet
  facet normal -0 0 -1
    outer loop
      vertex 43.0862 -1.09504 800
      vertex -20.5948 -37.8612 800
      vertex 43.0383 -0.731699 800
    endloop
  endfacet
  facet normal 0 0 -1
    outer loop
      vertex 43 0 800
      vertex -19.798 38.6174 800
      vertex -19.56 38.896 800
    endloop
  endfacet
  facet normal 0 0 -1
    outer loop
      vertex -20.8855 -37.6382 800
      vertex 43.0383 -0.731699 800
      vertex -20.5948 -37.8612 800
    endloop
  endfacet
  facet normal 0 0 -1
    outer loop
      vertex 43 0 800
      vertex -20.0503 38.3515 800
      vertex -19.798 38.6174 800
    endloop
  endfacet
  facet normal -0 0 -1
    outer loop
      vertex 43.0383 -0.731699 800
      vertex -20.8855 -37.6382 800
      vertex 43.0096 -0.366351 800
    endloop
  endfacet
  facet normal 0 0 -1
    outer loop
      vertex 43 0 800
      vertex -20.3161 38.0993 800
      vertex -20.0503 38.3515 800
    endloop
  endfacet
  facet normal 0 0 -1
    outer loop
      vertex -21.1875 -37.4306 800
      vertex 43.0096 -0.366351 800
      vertex -20.8855 -37.6382 800
    endloop
  endfacet
  facet normal 0 0 -1
    outer loop
      vertex 43 0 800
      vertex -20.5948 37.8612 800
      vertex -20.3161 38.0993 800
    endloop
  endfacet
  facet normal -0 0 -1
    outer loop
      vertex 43.0096 -0.366351 800
      vertex -21.1875 -37.4306 800
      vertex 43 0 800
    endloop
  endfacet
  facet normal 0 0 -1
    outer loop
      vertex 43 0 800
      vertex -20.8855 37.6382 800
      vertex -20.5948 37.8612 800
    endloop
  endfacet
  facet normal 0 0 -1
    outer loop
      vertex -21.5 -37.2391 800
      vertex 43 0 800
      vertex -21.1875 -37.4306 800
    endloop
  endfacet
  facet normal 0 0 -1
    outer loop
      vertex 43 0 800
      vertex -21.1875 37.4306 800
      vertex -20.8855 37.6382 800
    endloop
  endfacet
  facet normal 0 0 -1
    outer loop
      vertex -21.5 37.2391 800
      vertex 43 0 800
      vertex -21.5 -37.2391 800
    endloop
  endfacet
  facet normal 0 0 -1
    outer loop
      vertex 43 0 800
      vertex -21.5 37.2391 800
      vertex -21.1875 37.4306 800
    endloop
  endfacet
  facet normal 0 0 -1
    outer loop
      vertex -21.8221 -37.0642 800
      vertex -21.5 37.2391 800
      vertex -21.5 -37.2391 800
    endloop
  endfacet
  facet normal 0 0 -1
    outer loop
      vertex -21.8221 -37.0642 800
      vertex -21.8221 37.0642 800
      vertex -21.5 37.2391 800
    endloop
  endfacet
  facet normal 0 0 -1
    outer loop
      vertex -22.1528 -36.9065 800
      vertex -21.8221 37.0642 800
      vertex -21.8221 -37.0642 800
    endloop
  endfacet
  facet normal 0 0 -1
    outer loop
      vertex -22.1528 -36.9065 800
      vertex -22.1528 36.9065 800
      vertex -21.8221 37.0642 800
    endloop
  endfacet
  facet normal 0 0 -1
    outer loop
      vertex -22.4914 -36.7662 800
      vertex -22.1528 36.9065 800
      vertex -22.1528 -36.9065 800
    endloop
  endfacet
  facet normal 0 0 -1
    outer loop
      vertex -22.4914 -36.7662 800
      vertex -22.4914 36.7662 800
      vertex -22.1528 36.9065 800
    endloop
  endfacet
  facet normal 0 0 -1
    outer loop
      vertex -22.8369 -36.6439 800
      vertex -22.4914 36.7662 800
      vertex -22.4914 -36.7662 800
    endloop
  endfacet
  facet normal 0 0 -1
    outer loop
      vertex -22.8369 -36.6439 800
      vertex -22.8369 36.6439 800
      vertex -22.4914 36.7662 800
    endloop
  endfacet
  facet normal 0 0 -1
    outer loop
      vertex -23.1883 -36.5398 800
      vertex -22.8369 36.6439 800
      vertex -22.8369 -36.6439 800
    endloop
  endfacet
  facet normal 0 0 -1
    outer loop
      vertex -23.1883 -36.5398 800
      vertex -23.1883 36.5398 800
      vertex -22.8369 36.6439 800
    endloop
  endfacet
  facet normal 0 0 -1
    outer loop
      vertex -23.5446 -36.4542 800
      vertex -23.1883 36.5398 800
      vertex -23.1883 -36.5398 800
    endloop
  endfacet
  facet normal 0 0 -1
    outer loop
      vertex -23.5446 -36.4542 800
      vertex -23.5446 36.4542 800
      vertex -23.1883 36.5398 800
    endloop
  endfacet
  facet normal 0 0 -1
    outer loop
      vertex -23.905 -36.3875 800
      vertex -23.5446 36.4542 800
      vertex -23.5446 -36.4542 800
    endloop
  endfacet
  facet normal 0 0 -1
    outer loop
      vertex -23.905 -36.3875 800
      vertex -23.905 36.3875 800
      vertex -23.5446 36.4542 800
    endloop
  endfacet
  facet normal 0 0 -1
    outer loop
      vertex -24.2683 -36.3396 800
      vertex -23.905 36.3875 800
      vertex -23.905 -36.3875 800
    endloop
  endfacet
  facet normal 0 0 -1
    outer loop
      vertex -24.2683 -36.3396 800
      vertex -24.2683 36.3396 800
      vertex -23.905 36.3875 800
    endloop
  endfacet
  facet normal 0 0 -1
    outer loop
      vertex -24.6336 -36.3109 800
      vertex -24.2683 36.3396 800
      vertex -24.2683 -36.3396 800
    endloop
  endfacet
  facet normal 0 0 -1
    outer loop
      vertex -24.6336 -36.3109 800
      vertex -24.6336 36.3109 800
      vertex -24.2683 36.3396 800
    endloop
  endfacet
  facet normal 0 0 -1
    outer loop
      vertex -25 -36.3013 800
      vertex -24.6336 36.3109 800
      vertex -24.6336 -36.3109 800
    endloop
  endfacet
  facet normal 0 0 -1
    outer loop
      vertex -25 -36.3013 800
      vertex -25 36.3013 800
      vertex -24.6336 36.3109 800
    endloop
  endfacet
  facet normal 0 0 -1
    outer loop
      vertex -25.3664 -36.3109 800
      vertex -25 36.3013 800
      vertex -25 -36.3013 800
    endloop
  endfacet
  facet normal 0 0 -1
    outer loop
      vertex -25.3664 -36.3109 800
      vertex -25.3664 36.3109 800
      vertex -25 36.3013 800
    endloop
  endfacet
  facet normal 0 0 -1
    outer loop
      vertex -25.7317 -36.3396 800
      vertex -25.3664 36.3109 800
      vertex -25.3664 -36.3109 800
    endloop
  endfacet
  facet normal 0 0 -1
    outer loop
      vertex -25.7317 -36.3396 800
      vertex -25.7317 36.3396 800
      vertex -25.3664 36.3109 800
    endloop
  endfacet
  facet normal 0 0 -1
    outer loop
      vertex -26.095 -36.3875 800
      vertex -25.7317 36.3396 800
      vertex -25.7317 -36.3396 800
    endloop
  endfacet
  facet normal 0 0 -1
    outer loop
      vertex -26.095 -36.3875 800
      vertex -26.095 36.3875 800
      vertex -25.7317 36.3396 800
    endloop
  endfacet
  facet normal 0 0 -1
    outer loop
      vertex -26.4554 -36.4542 800
      vertex -26.095 36.3875 800
      vertex -26.095 -36.3875 800
    endloop
  endfacet
  facet normal 0 0 -1
    outer loop
      vertex -26.4554 -36.4542 800
      vertex -26.4554 36.4542 800
      vertex -26.095 36.3875 800
    endloop
  endfacet
  facet normal 0 0 -1
    outer loop
      vertex -26.8117 -36.5398 800
      vertex -26.4554 36.4542 800
      vertex -26.4554 -36.4542 800
    endloop
  endfacet
  facet normal 0 0 -1
    outer loop
      vertex -26.8117 -36.5398 800
      vertex -26.8117 36.5398 800
      vertex -26.4554 36.4542 800
    endloop
  endfacet
  facet normal 0 0 -1
    outer loop
      vertex -27.1631 -36.6439 800
      vertex -26.8117 36.5398 800
      vertex -26.8117 -36.5398 800
    endloop
  endfacet
  facet normal 0 0 -1
    outer loop
      vertex -27.1631 -36.6439 800
      vertex -27.1631 36.6439 800
      vertex -26.8117 36.5398 800
    endloop
  endfacet
  facet normal 0 0 -1
    outer loop
      vertex -27.5086 -36.7662 800
      vertex -27.1631 36.6439 800
      vertex -27.1631 -36.6439 800
    endloop
  endfacet
  facet normal 0 0 -1
    outer loop
      vertex -27.5086 -36.7662 800
      vertex -27.5086 36.7662 800
      vertex -27.1631 36.6439 800
    endloop
  endfacet
  facet normal 0 0 -1
    outer loop
      vertex -27.8472 -36.9065 800
      vertex -27.5086 36.7662 800
      vertex -27.5086 -36.7662 800
    endloop
  endfacet
  facet normal 0 0 -1
    outer loop
      vertex -27.8472 -36.9065 800
      vertex -27.8472 36.9065 800
      vertex -27.5086 36.7662 800
    endloop
  endfacet
  facet normal 0 0 -1
    outer loop
      vertex -28.1779 -37.0642 800
      vertex -27.8472 36.9065 800
      vertex -27.8472 -36.9065 800
    endloop
  endfacet
  facet normal 0 0 -1
    outer loop
      vertex -28.1779 -37.0642 800
      vertex -28.1779 37.0642 800
      vertex -27.8472 36.9065 800
    endloop
  endfacet
  facet normal 0 0 -1
    outer loop
      vertex -90 0 800
      vertex -28.1779 -37.0642 800
      vertex -28.5 -37.2391 800
    endloop
  endfacet
  facet normal 0 0 -1
    outer loop
      vertex -28.1779 -37.0642 800
      vertex -90 0 800
      vertex -28.1779 37.0642 800
    endloop
  endfacet
  facet normal 0 0 -1
    outer loop
      vertex -89.8767 -4.71024 800
      vertex -28.5 -37.2391 800
      vertex -28.8125 -37.4306 800
    endloop
  endfacet
  facet normal -0 0 -1
    outer loop
      vertex -28.1779 37.0642 800
      vertex -90 0 800
      vertex -28.5 37.2391 800
    endloop
  endfacet
  facet normal 0 0 -1
    outer loop
      vertex -89.507 -9.40756 800
      vertex -28.8125 -37.4306 800
      vertex -29.1145 -37.6382 800
    endloop
  endfacet
  facet normal 0 -0 -1
    outer loop
      vertex -89.8767 4.71024 800
      vertex -28.5 37.2391 800
      vertex -90 0 800
    endloop
  endfacet
  facet normal 0 0 -1
    outer loop
      vertex -88.892 -14.0791 800
      vertex -29.1145 -37.6382 800
      vertex -29.4052 -37.8612 800
    endloop
  endfacet
  facet normal -0 0 -1
    outer loop
      vertex -28.5 37.2391 800
      vertex -89.8767 4.71024 800
      vertex -28.8125 37.4306 800
    endloop
  endfacet
  facet normal 0 0 -1
    outer loop
      vertex -88.0333 -18.7121 800
      vertex -29.4052 -37.8612 800
      vertex -29.6839 -38.0993 800
    endloop
  endfacet
  facet normal 0 -0 -1
    outer loop
      vertex -89.507 9.40756 800
      vertex -28.8125 37.4306 800
      vertex -89.8767 4.71024 800
    endloop
  endfacet
  facet normal 0 0 -1
    outer loop
      vertex -88.0333 -18.7121 800
      vertex -29.6839 -38.0993 800
      vertex -29.9497 -38.3515 800
    endloop
  endfacet
  facet normal -0 0 -1
    outer loop
      vertex -28.8125 37.4306 800
      vertex -89.507 9.40756 800
      vertex -29.1145 37.6382 800
    endloop
  endfacet
  facet normal 0 0 -1
    outer loop
      vertex -86.9333 -23.2937 800
      vertex -29.9497 -38.3515 800
      vertex -30.202 -38.6174 800
    endloop
  endfacet
  facet normal 0 -0 -1
    outer loop
      vertex -88.892 14.0791 800
      vertex -29.1145 37.6382 800
      vertex -89.507 9.40756 800
    endloop
  endfacet
  facet normal 0 0 -1
    outer loop
      vertex -85.5951 -27.8115 800
      vertex -30.202 -38.6174 800
      vertex -30.44 -38.896 800
    endloop
  endfacet
  facet normal -0 0 -1
    outer loop
      vertex -29.1145 37.6382 800
      vertex -88.892 14.0791 800
      vertex -29.4052 37.8612 800
    endloop
  endfacet
  facet normal 0 0 -1
    outer loop
      vertex -84.0222 -32.2531 800
      vertex -30.44 -38.896 800
      vertex -30.6631 -39.1868 800
    endloop
  endfacet
  facet normal 0 -0 -1
    outer loop
      vertex -88.0333 18.7121 800
      vertex -29.4052 37.8612 800
      vertex -88.892 14.0791 800
    endloop
  endfacet
  facet normal 0 0 -1
    outer loop
      vertex -84.0222 -32.2531 800
      vertex -30.6631 -39.1868 800
      vertex -30.8707 -39.4888 800
    endloop
  endfacet
  facet normal -0 0 -1
    outer loop
      vertex -29.4052 37.8612 800
      vertex -88.0333 18.7121 800
      vertex -29.6839 38.0993 800
    endloop
  endfacet
  facet normal 0 0 -1
    outer loop
      vertex -82.2191 -36.6063 800
      vertex -30.8707 -39.4888 800
      vertex -31.0622 -39.8013 800
    endloop
  endfacet
  facet normal -0 0 -1
    outer loop
      vertex -29.6839 38.0993 800
      vertex -88.0333 18.7121 800
      vertex -29.9497 38.3515 800
    endloop
  endfacet
  facet normal 0 0 -1
    outer loop
      vertex -82.2191 -36.6063 800
      vertex -31.0622 -39.8013 800
      vertex -31.237 -40.1233 800
    endloop
  endfacet
  facet normal 0 -0 -1
    outer loop
      vertex -86.9333 23.2937 800
      vertex -29.9497 38.3515 800
      vertex -88.0333 18.7121 800
    endloop
  endfacet
  facet normal 0 0 -1
    outer loop
      vertex -80.1906 -40.8591 800
      vertex -31.237 -40.1233 800
      vertex -31.3948 -40.4541 800
    endloop
  endfacet
  facet normal -0 0 -1
    outer loop
      vertex -29.9497 38.3515 800
      vertex -86.9333 23.2937 800
      vertex -30.202 38.6174 800
    endloop
  endfacet
  facet normal 0 0 -1
    outer loop
      vertex -80.1906 -40.8591 800
      vertex -31.3948 -40.4541 800
      vertex -31.5351 -40.7927 800
    endloop
  endfacet
  facet normal 0 -0 -1
    outer loop
      vertex -85.5951 27.8115 800
      vertex -30.202 38.6174 800
      vertex -86.9333 23.2937 800
    endloop
  endfacet
  facet normal 0 0 -1
    outer loop
      vertex -77.9423 -45 800
      vertex -31.5351 -40.7927 800
      vertex -31.6574 -41.1382 800
    endloop
  endfacet
  facet normal -0 0 -1
    outer loop
      vertex -30.202 38.6174 800
      vertex -85.5951 27.8115 800
      vertex -30.44 38.896 800
    endloop
  endfacet
  facet normal 0 0 -1
    outer loop
      vertex -77.9423 -45 800
      vertex -31.6574 -41.1382 800
      vertex -31.7615 -41.4895 800
    endloop
  endfacet
  facet normal 0 -0 -1
    outer loop
      vertex -84.0222 32.2531 800
      vertex -30.44 38.896 800
      vertex -85.5951 27.8115 800
    endloop
  endfacet
  facet normal 0 0 -1
    outer loop
      vertex -75.4803 -49.0175 800
      vertex -31.7615 -41.4895 800
      vertex -31.847 -41.8459 800
    endloop
  endfacet
  facet normal -0 0 -1
    outer loop
      vertex -30.44 38.896 800
      vertex -84.0222 32.2531 800
      vertex -30.6631 39.1868 800
    endloop
  endfacet
  facet normal 0 0 -1
    outer loop
      vertex -75.4803 -49.0175 800
      vertex -31.847 -41.8459 800
      vertex -31.9138 -42.2062 800
    endloop
  endfacet
  facet normal -0 0 -1
    outer loop
      vertex -30.6631 39.1868 800
      vertex -84.0222 32.2531 800
      vertex -30.8707 39.4888 800
    endloop
  endfacet
  facet normal 0 0 -1
    outer loop
      vertex -72.8115 -52.9007 800
      vertex -31.9138 -42.2062 800
      vertex -31.9617 -42.5696 800
    endloop
  endfacet
  facet normal 0 -0 -1
    outer loop
      vertex -82.2191 36.6063 800
      vertex -30.8707 39.4888 800
      vertex -84.0222 32.2531 800
    endloop
  endfacet
  facet normal 0 0 -1
    outer loop
      vertex -72.8115 -52.9007 800
      vertex -31.9617 -42.5696 800
      vertex -31.9904 -42.9349 800
    endloop
  endfacet
  facet normal -0 0 -1
    outer loop
      vertex -30.8707 39.4888 800
      vertex -82.2191 36.6063 800
      vertex -31.0622 39.8013 800
    endloop
  endfacet
  facet normal 0 0 -1
    outer loop
      vertex -69.9431 -56.6388 800
      vertex -31.9904 -42.9349 800
      vertex -32 -43.3013 800
    endloop
  endfacet
  facet normal -0 0 -1
    outer loop
      vertex -31.0622 39.8013 800
      vertex -82.2191 36.6063 800
      vertex -31.237 40.1233 800
    endloop
  endfacet
  facet normal 0 0 -1
    outer loop
      vertex -18.4649 45.8098 800
      vertex 18.7121 88.0333 800
      vertex -18.3426 45.4644 800
    endloop
  endfacet
  facet normal -0 0 -1
    outer loop
      vertex 18.7121 88.0333 800
      vertex -18.4649 45.8098 800
      vertex 14.0791 88.892 800
    endloop
  endfacet
  facet normal 0 0 -1
    outer loop
      vertex -18.6052 46.1484 800
      vertex 14.0791 88.892 800
      vertex -18.4649 45.8098 800
    endloop
  endfacet
  facet normal 0 0 -1
    outer loop
      vertex -18.763 46.4792 800
      vertex 14.0791 88.892 800
      vertex -18.6052 46.1484 800
    endloop
  endfacet
  facet normal -0 0 -1
    outer loop
      vertex 14.0791 88.892 800
      vertex -18.763 46.4792 800
      vertex 9.40756 89.507 800
    endloop
  endfacet
  facet normal 0 0 -1
    outer loop
      vertex -18.9378 46.8013 800
      vertex 9.40756 89.507 800
      vertex -18.763 46.4792 800
    endloop
  endfacet
  facet normal -0 0 -1
    outer loop
      vertex 9.40756 89.507 800
      vertex -18.9378 46.8013 800
      vertex 4.71024 89.8767 800
    endloop
  endfacet
  facet normal 0 0 -1
    outer loop
      vertex -19.1293 47.1137 800
      vertex 4.71024 89.8767 800
      vertex -18.9378 46.8013 800
    endloop
  endfacet
  facet normal 0 0 -1
    outer loop
      vertex -19.3369 47.4158 800
      vertex 4.71024 89.8767 800
      vertex -19.1293 47.1137 800
    endloop
  endfacet
  facet normal -0 0 -1
    outer loop
      vertex 4.71024 89.8767 800
      vertex -19.3369 47.4158 800
      vertex 0 90 800
    endloop
  endfacet
  facet normal 0 0 -1
    outer loop
      vertex -19.56 47.7065 800
      vertex 0 90 800
      vertex -19.3369 47.4158 800
    endloop
  endfacet
  facet normal 0 0 -1
    outer loop
      vertex -19.798 47.9852 800
      vertex 0 90 800
      vertex -19.56 47.7065 800
    endloop
  endfacet
  facet normal 0 0 -1
    outer loop
      vertex 0 90 800
      vertex -19.798 47.9852 800
      vertex -4.71024 89.8767 800
    endloop
  endfacet
  facet normal 0 0 -1
    outer loop
      vertex -20.0503 48.251 800
      vertex -4.71024 89.8767 800
      vertex -19.798 47.9852 800
    endloop
  endfacet
  facet normal 0 0 -1
    outer loop
      vertex -20.3161 48.5033 800
      vertex -4.71024 89.8767 800
      vertex -20.0503 48.251 800
    endloop
  endfacet
  facet normal 0 0 -1
    outer loop
      vertex -4.71024 89.8767 800
      vertex -20.3161 48.5033 800
      vertex -9.40756 89.507 800
    endloop
  endfacet
  facet normal 0 0 -1
    outer loop
      vertex -20.5948 48.7413 800
      vertex -9.40756 89.507 800
      vertex -20.3161 48.5033 800
    endloop
  endfacet
  facet normal 0 0 -1
    outer loop
      vertex -20.8855 48.9644 800
      vertex -9.40756 89.507 800
      vertex -20.5948 48.7413 800
    endloop
  endfacet
  facet normal 0 0 -1
    outer loop
      vertex -21.1875 49.172 800
      vertex -9.40756 89.507 800
      vertex -20.8855 48.9644 800
    endloop
  endfacet
  facet normal 0 0 -1
    outer loop
      vertex -9.40756 89.507 800
      vertex -21.1875 49.172 800
      vertex -14.0791 88.892 800
    endloop
  endfacet
  facet normal 0 0 -1
    outer loop
      vertex -21.5 49.3634 800
      vertex -14.0791 88.892 800
      vertex -21.1875 49.172 800
    endloop
  endfacet
  facet normal 0 0 -1
    outer loop
      vertex -21.8221 49.5383 800
      vertex -14.0791 88.892 800
      vertex -21.5 49.3634 800
    endloop
  endfacet
  facet normal 0 0 -1
    outer loop
      vertex -14.0791 88.892 800
      vertex -21.8221 49.5383 800
      vertex -18.7121 88.0333 800
    endloop
  endfacet
  facet normal 0 0 -1
    outer loop
      vertex -22.1528 49.6961 800
      vertex -18.7121 88.0333 800
      vertex -21.8221 49.5383 800
    endloop
  endfacet
  facet normal 0 0 -1
    outer loop
      vertex -22.4914 49.8363 800
      vertex -18.7121 88.0333 800
      vertex -22.1528 49.6961 800
    endloop
  endfacet
  facet normal 0 0 -1
    outer loop
      vertex -22.8369 49.9587 800
      vertex -18.7121 88.0333 800
      vertex -22.4914 49.8363 800
    endloop
  endfacet
  facet normal 0 0 -1
    outer loop
      vertex -23.2937 86.9333 800
      vertex -22.8369 49.9587 800
      vertex -23.1883 50.0628 800
    endloop
  endfacet
  facet normal 0 0 -1
    outer loop
      vertex -22.8369 49.9587 800
      vertex -23.2937 86.9333 800
      vertex -18.7121 88.0333 800
    endloop
  endfacet
  facet normal 0 0 -1
    outer loop
      vertex -23.5446 50.1483 800
      vertex -23.2937 86.9333 800
      vertex -23.1883 50.0628 800
    endloop
  endfacet
  facet normal 0 0 -1
    outer loop
      vertex -23.905 50.2151 800
      vertex -23.2937 86.9333 800
      vertex -23.5446 50.1483 800
    endloop
  endfacet
  facet normal 0 0 -1
    outer loop
      vertex -27.8115 85.5951 800
      vertex -23.905 50.2151 800
      vertex -24.2683 50.2629 800
    endloop
  endfacet
  facet normal 0 0 -1
    outer loop
      vertex -27.8115 85.5951 800
      vertex -24.2683 50.2629 800
      vertex -24.6336 50.2917 800
    endloop
  endfacet
  facet normal 0 0 -1
    outer loop
      vertex -32.2531 84.0222 800
      vertex -24.6336 50.2917 800
      vertex -25 50.3013 800
    endloop
  endfacet
  facet normal 0 0 -1
    outer loop
      vertex -32.2531 84.0222 800
      vertex -25 50.3013 800
      vertex -25.3664 50.2917 800
    endloop
  endfacet
  facet normal 0 0 -1
    outer loop
      vertex -32.2531 84.0222 800
      vertex -25.3664 50.2917 800
      vertex -25.7317 50.2629 800
    endloop
  endfacet
  facet normal 0 0 -1
    outer loop
      vertex -36.6063 82.2191 800
      vertex -25.7317 50.2629 800
      vertex -26.095 50.2151 800
    endloop
  endfacet
  facet normal 0 0 -1
    outer loop
      vertex -36.6063 82.2191 800
      vertex -26.095 50.2151 800
      vertex -26.4554 50.1483 800
    endloop
  endfacet
  facet normal 0 0 -1
    outer loop
      vertex -36.6063 82.2191 800
      vertex -26.4554 50.1483 800
      vertex -26.8117 50.0628 800
    endloop
  endfacet
  facet normal 0 0 -1
    outer loop
      vertex -40.8591 80.1906 800
      vertex -26.8117 50.0628 800
      vertex -27.1631 49.9587 800
    endloop
  endfacet
  facet normal 0 0 -1
    outer loop
      vertex -40.8591 80.1906 800
      vertex -27.1631 49.9587 800
      vertex -27.5086 49.8363 800
    endloop
  endfacet
  facet normal 0 0 -1
    outer loop
      vertex -23.905 50.2151 800
      vertex -27.8115 85.5951 800
      vertex -23.2937 86.9333 800
    endloop
  endfacet
  facet normal 0 0 -1
    outer loop
      vertex -40.8591 80.1906 800
      vertex -27.5086 49.8363 800
      vertex -27.8472 49.6961 800
    endloop
  endfacet
  facet normal 0 0 -1
    outer loop
      vertex -40.8591 80.1906 800
      vertex -27.8472 49.6961 800
      vertex -28.1779 49.5383 800
    endloop
  endfacet
  facet normal 0 0 -1
    outer loop
      vertex -45 77.9423 800
      vertex -28.1779 49.5383 800
      vertex -28.5 49.3634 800
    endloop
  endfacet
  facet normal 0 0 -1
    outer loop
      vertex -45 77.9423 800
      vertex -28.5 49.3634 800
      vertex -28.8125 49.172 800
    endloop
  endfacet
  facet normal 0 0 -1
    outer loop
      vertex -45 77.9423 800
      vertex -28.8125 49.172 800
      vertex -29.1145 48.9644 800
    endloop
  endfacet
  facet normal 0 0 -1
    outer loop
      vertex -49.0175 75.4803 800
      vertex -29.1145 48.9644 800
      vertex -29.4052 48.7413 800
    endloop
  endfacet
  facet normal 0 0 -1
    outer loop
      vertex -49.0175 75.4803 800
      vertex -29.4052 48.7413 800
      vertex -29.6839 48.5033 800
    endloop
  endfacet
  facet normal 0 0 -1
    outer loop
      vertex -49.0175 75.4803 800
      vertex -29.6839 48.5033 800
      vertex -29.9497 48.251 800
    endloop
  endfacet
  facet normal 0 0 -1
    outer loop
      vertex -52.9007 72.8115 800
      vertex -29.9497 48.251 800
      vertex -30.202 47.9852 800
    endloop
  endfacet
  facet normal 0 0 -1
    outer loop
      vertex -52.9007 72.8115 800
      vertex -30.202 47.9852 800
      vertex -30.44 47.7065 800
    endloop
  endfacet
  facet normal 0 0 -1
    outer loop
      vertex -52.9007 72.8115 800
      vertex -30.44 47.7065 800
      vertex -30.6631 47.4158 800
    endloop
  endfacet
  facet normal 0 0 -1
    outer loop
      vertex -56.6388 69.9431 800
      vertex -30.6631 47.4158 800
      vertex -30.8707 47.1137 800
    endloop
  endfacet
  facet normal 0 0 -1
    outer loop
      vertex -56.6388 69.9431 800
      vertex -30.8707 47.1137 800
      vertex -31.0622 46.8013 800
    endloop
  endfacet
  facet normal 0 0 -1
    outer loop
      vertex -56.6388 69.9431 800
      vertex -31.0622 46.8013 800
      vertex -31.237 46.4792 800
    endloop
  endfacet
  facet normal 0 0 -1
    outer loop
      vertex -60.2218 66.883 800
      vertex -31.237 46.4792 800
      vertex -31.3948 46.1484 800
    endloop
  endfacet
  facet normal 0 0 -1
    outer loop
      vertex -60.2218 66.883 800
      vertex -31.3948 46.1484 800
      vertex -31.5351 45.8098 800
    endloop
  endfacet
  facet normal 0 0 -1
    outer loop
      vertex -60.2218 66.883 800
      vertex -31.5351 45.8098 800
      vertex -31.6574 45.4644 800
    endloop
  endfacet
  facet normal 0 0 -1
    outer loop
      vertex -63.6396 63.6396 800
      vertex -31.6574 45.4644 800
      vertex -31.7615 45.113 800
    endloop
  endfacet
  facet normal 0 0 -1
    outer loop
      vertex -63.6396 63.6396 800
      vertex -31.7615 45.113 800
      vertex -31.847 44.7567 800
    endloop
  endfacet
  facet normal 0 0 -1
    outer loop
      vertex -66.883 60.2218 800
      vertex -31.847 44.7567 800
      vertex -31.9138 44.3963 800
    endloop
  endfacet
  facet normal 0 0 -1
    outer loop
      vertex -66.883 60.2218 800
      vertex -31.9138 44.3963 800
      vertex -31.9617 44.033 800
    endloop
  endfacet
  facet normal 0 0 -1
    outer loop
      vertex -24.6336 50.2917 800
      vertex -32.2531 84.0222 800
      vertex -27.8115 85.5951 800
    endloop
  endfacet
  facet normal 0 0 -1
    outer loop
      vertex -66.883 60.2218 800
      vertex -31.9617 44.033 800
      vertex -31.9904 43.6676 800
    endloop
  endfacet
  facet normal 0 0 -1
    outer loop
      vertex -69.9431 56.6388 800
      vertex -31.9904 43.6676 800
      vertex -32 43.3013 800
    endloop
  endfacet
  facet normal 0 0 -1
    outer loop
      vertex -63.6396 -63.6396 800
      vertex -31.6574 -45.4644 800
      vertex -60.2218 -66.883 800
    endloop
  endfacet
  facet normal -0 0 -1
    outer loop
      vertex -31.6574 -45.4644 800
      vertex -63.6396 -63.6396 800
      vertex -31.7615 -45.113 800
    endloop
  endfacet
  facet normal 0 0 -1
    outer loop
      vertex -25.7317 50.2629 800
      vertex -36.6063 82.2191 800
      vertex -32.2531 84.0222 800
    endloop
  endfacet
  facet normal -0 0 -1
    outer loop
      vertex -31.7615 -45.113 800
      vertex -63.6396 -63.6396 800
      vertex -31.847 -44.7567 800
    endloop
  endfacet
  facet normal 0 0 -1
    outer loop
      vertex -26.8117 50.0628 800
      vertex -40.8591 80.1906 800
      vertex -36.6063 82.2191 800
    endloop
  endfacet
  facet normal 0 0 -1
    outer loop
      vertex -66.883 -60.2218 800
      vertex -31.847 -44.7567 800
      vertex -63.6396 -63.6396 800
    endloop
  endfacet
  facet normal 0 0 -1
    outer loop
      vertex -28.1779 49.5383 800
      vertex -45 77.9423 800
      vertex -40.8591 80.1906 800
    endloop
  endfacet
  facet normal -0 0 -1
    outer loop
      vertex -31.847 -44.7567 800
      vertex -66.883 -60.2218 800
      vertex -31.9138 -44.3963 800
    endloop
  endfacet
  facet normal 0 0 -1
    outer loop
      vertex -29.1145 48.9644 800
      vertex -49.0175 75.4803 800
      vertex -45 77.9423 800
    endloop
  endfacet
  facet normal -0 0 -1
    outer loop
      vertex -31.9138 -44.3963 800
      vertex -66.883 -60.2218 800
      vertex -31.9617 -44.033 800
    endloop
  endfacet
  facet normal 0 0 -1
    outer loop
      vertex -29.9497 48.251 800
      vertex -52.9007 72.8115 800
      vertex -49.0175 75.4803 800
    endloop
  endfacet
  facet normal -0 0 -1
    outer loop
      vertex -31.9617 -44.033 800
      vertex -66.883 -60.2218 800
      vertex -31.9904 -43.6676 800
    endloop
  endfacet
  facet normal 0 0 -1
    outer loop
      vertex -30.6631 47.4158 800
      vertex -56.6388 69.9431 800
      vertex -52.9007 72.8115 800
    endloop
  endfacet
  facet normal 0 0 -1
    outer loop
      vertex -69.9431 -56.6388 800
      vertex -31.9904 -43.6676 800
      vertex -66.883 -60.2218 800
    endloop
  endfacet
  facet normal 0 0 -1
    outer loop
      vertex -31.237 46.4792 800
      vertex -60.2218 66.883 800
      vertex -56.6388 69.9431 800
    endloop
  endfacet
  facet normal -0 0 -1
    outer loop
      vertex -31.9904 -43.6676 800
      vertex -69.9431 -56.6388 800
      vertex -32 -43.3013 800
    endloop
  endfacet
  facet normal 0 0 -1
    outer loop
      vertex -31.6574 45.4644 800
      vertex -63.6396 63.6396 800
      vertex -60.2218 66.883 800
    endloop
  endfacet
  facet normal 0 0 -1
    outer loop
      vertex -31.9904 -42.9349 800
      vertex -69.9431 -56.6388 800
      vertex -72.8115 -52.9007 800
    endloop
  endfacet
  facet normal 0 0 -1
    outer loop
      vertex -31.847 44.7567 800
      vertex -66.883 60.2218 800
      vertex -63.6396 63.6396 800
    endloop
  endfacet
  facet normal 0 0 -1
    outer loop
      vertex -31.9138 -42.2062 800
      vertex -72.8115 -52.9007 800
      vertex -75.4803 -49.0175 800
    endloop
  endfacet
  facet normal 0 0 -1
    outer loop
      vertex -31.9904 43.6676 800
      vertex -69.9431 56.6388 800
      vertex -66.883 60.2218 800
    endloop
  endfacet
  facet normal 0 0 -1
    outer loop
      vertex -31.7615 -41.4895 800
      vertex -75.4803 -49.0175 800
      vertex -77.9423 -45 800
    endloop
  endfacet
  facet normal 0 0 -1
    outer loop
      vertex -31.9904 42.9349 800
      vertex -69.9431 56.6388 800
      vertex -32 43.3013 800
    endloop
  endfacet
  facet normal 0 0 -1
    outer loop
      vertex -31.5351 -40.7927 800
      vertex -77.9423 -45 800
      vertex -80.1906 -40.8591 800
    endloop
  endfacet
  facet normal 0 -0 -1
    outer loop
      vertex -69.9431 56.6388 800
      vertex -31.9904 42.9349 800
      vertex -72.8115 52.9007 800
    endloop
  endfacet
  facet normal -0 0 -1
    outer loop
      vertex -31.237 -40.1233 800
      vertex -80.1906 -40.8591 800
      vertex -82.2191 -36.6063 800
    endloop
  endfacet
  facet normal 0 0 -1
    outer loop
      vertex -31.9617 42.5696 800
      vertex -72.8115 52.9007 800
      vertex -31.9904 42.9349 800
    endloop
  endfacet
  facet normal 0 0 -1
    outer loop
      vertex -30.8707 -39.4888 800
      vertex -82.2191 -36.6063 800
      vertex -84.0222 -32.2531 800
    endloop
  endfacet
  facet normal 0 0 -1
    outer loop
      vertex -31.9138 42.2062 800
      vertex -72.8115 52.9007 800
      vertex -31.9617 42.5696 800
    endloop
  endfacet
  facet normal 0 0 -1
    outer loop
      vertex -30.44 -38.896 800
      vertex -84.0222 -32.2531 800
      vertex -85.5951 -27.8115 800
    endloop
  endfacet
  facet normal 0 -0 -1
    outer loop
      vertex -72.8115 52.9007 800
      vertex -31.9138 42.2062 800
      vertex -75.4803 49.0175 800
    endloop
  endfacet
  facet normal 0 0 -1
    outer loop
      vertex -30.202 -38.6174 800
      vertex -85.5951 -27.8115 800
      vertex -86.9333 -23.2937 800
    endloop
  endfacet
  facet normal 0 0 -1
    outer loop
      vertex -31.847 41.8459 800
      vertex -75.4803 49.0175 800
      vertex -31.9138 42.2062 800
    endloop
  endfacet
  facet normal 0 0 -1
    outer loop
      vertex -29.9497 -38.3515 800
      vertex -86.9333 -23.2937 800
      vertex -88.0333 -18.7121 800
    endloop
  endfacet
  facet normal 0 0 -1
    outer loop
      vertex -31.7615 41.4895 800
      vertex -75.4803 49.0175 800
      vertex -31.847 41.8459 800
    endloop
  endfacet
  facet normal 0 0 -1
    outer loop
      vertex -29.4052 -37.8612 800
      vertex -88.0333 -18.7121 800
      vertex -88.892 -14.0791 800
    endloop
  endfacet
  facet normal 0 -0 -1
    outer loop
      vertex -75.4803 49.0175 800
      vertex -31.7615 41.4895 800
      vertex -77.9423 45 800
    endloop
  endfacet
  facet normal 0 0 -1
    outer loop
      vertex -29.1145 -37.6382 800
      vertex -88.892 -14.0791 800
      vertex -89.507 -9.40756 800
    endloop
  endfacet
  facet normal 0 0 -1
    outer loop
      vertex -31.6574 41.1382 800
      vertex -77.9423 45 800
      vertex -31.7615 41.4895 800
    endloop
  endfacet
  facet normal 0 0 -1
    outer loop
      vertex -28.8125 -37.4306 800
      vertex -89.507 -9.40756 800
      vertex -89.8767 -4.71024 800
    endloop
  endfacet
  facet normal 0 0 -1
    outer loop
      vertex -31.5351 40.7927 800
      vertex -77.9423 45 800
      vertex -31.6574 41.1382 800
    endloop
  endfacet
  facet normal 0 0 -1
    outer loop
      vertex -28.5 -37.2391 800
      vertex -89.8767 -4.71024 800
      vertex -90 0 800
    endloop
  endfacet
  facet normal 0 -0 -1
    outer loop
      vertex -77.9423 45 800
      vertex -31.5351 40.7927 800
      vertex -80.1906 40.8591 800
    endloop
  endfacet
  facet normal 0 -0 -1
    outer loop
      vertex -80.1906 40.8591 800
      vertex -31.237 40.1233 800
      vertex -82.2191 36.6063 800
    endloop
  endfacet
  facet normal 0 0 -1
    outer loop
      vertex -31.3948 40.4541 800
      vertex -80.1906 40.8591 800
      vertex -31.5351 40.7927 800
    endloop
  endfacet
  facet normal 0 0 -1
    outer loop
      vertex -31.237 40.1233 800
      vertex -80.1906 40.8591 800
      vertex -31.3948 40.4541 800
    endloop
  endfacet
  facet normal 0 0 -1
    outer loop
      vertex 56.9904 -0.366351 800
      vertex 90 0 800
      vertex 89.8767 -4.71024 800
    endloop
  endfacet
  facet normal 0 0 -1
    outer loop
      vertex 56.7615 -1.81173 800
      vertex 89.8767 -4.71024 800
      vertex 89.507 -9.40756 800
    endloop
  endfacet
  facet normal -0 0 -1
    outer loop
      vertex 90 0 800
      vertex 56.9904 -0.366351 800
      vertex 57 0 800
    endloop
  endfacet
  facet normal 0 0 -1
    outer loop
      vertex 56.3948 -2.84716 800
      vertex 89.507 -9.40756 800
      vertex 88.892 -14.0791 800
    endloop
  endfacet
  facet normal 0 0 -1
    outer loop
      vertex 56.9904 0.366351 800
      vertex 90 0 800
      vertex 57 0 800
    endloop
  endfacet
  facet normal 0 0 -1
    outer loop
      vertex 55.8707 -3.81247 800
      vertex 88.892 -14.0791 800
      vertex 88.0333 -18.7121 800
    endloop
  endfacet
  facet normal 0 0 -1
    outer loop
      vertex 90 0 800
      vertex 56.9904 0.366351 800
      vertex 89.8767 4.71024 800
    endloop
  endfacet
  facet normal 0 0 -1
    outer loop
      vertex 55.44 -4.40524 800
      vertex 88.0333 -18.7121 800
      vertex 86.9333 -23.2937 800
    endloop
  endfacet
  facet normal 0 0 -1
    outer loop
      vertex 56.9617 0.731699 800
      vertex 89.8767 4.71024 800
      vertex 56.9904 0.366351 800
    endloop
  endfacet
  facet normal 0 0 -1
    outer loop
      vertex 54.6839 -5.20201 800
      vertex 86.9333 -23.2937 800
      vertex 85.5951 -27.8115 800
    endloop
  endfacet
  facet normal 0 0 -1
    outer loop
      vertex 56.9138 1.09504 800
      vertex 89.8767 4.71024 800
      vertex 56.9617 0.731699 800
    endloop
  endfacet
  facet normal 0 0 -1
    outer loop
      vertex 53.8125 -5.87069 800
      vertex 85.5951 -27.8115 800
      vertex 84.0222 -32.2531 800
    endloop
  endfacet
  facet normal 0 0 -1
    outer loop
      vertex 56.847 1.45538 800
      vertex 89.8767 4.71024 800
      vertex 56.9138 1.09504 800
    endloop
  endfacet
  facet normal 0 0 -1
    outer loop
      vertex 53.1779 -6.23705 800
      vertex 84.0222 -32.2531 800
      vertex 82.2191 -36.6063 800
    endloop
  endfacet
  facet normal 0 0 -1
    outer loop
      vertex 56.7615 1.81173 800
      vertex 89.8767 4.71024 800
      vertex 56.847 1.45538 800
    endloop
  endfacet
  facet normal 0 0 -1
    outer loop
      vertex 52.5086 -6.53506 800
      vertex 82.2191 -36.6063 800
      vertex 80.1906 -40.8591 800
    endloop
  endfacet
  facet normal -0 0 -1
    outer loop
      vertex 89.8767 4.71024 800
      vertex 56.7615 1.81173 800
      vertex 89.507 9.40756 800
    endloop
  endfacet
  facet normal 0 0 -1
    outer loop
      vertex 51.8117 -6.76148 800
      vertex 80.1906 -40.8591 800
      vertex 77.9423 -45 800
    endloop
  endfacet
  facet normal 0 0 -1
    outer loop
      vertex 56.6574 2.16312 800
      vertex 89.507 9.40756 800
      vertex 56.7615 1.81173 800
    endloop
  endfacet
  facet normal 0 0 -1
    outer loop
      vertex 51.095 -6.91382 800
      vertex 77.9423 -45 800
      vertex 75.4803 -49.0175 800
    endloop
  endfacet
  facet normal 0 0 -1
    outer loop
      vertex 56.5351 2.50858 800
      vertex 89.507 9.40756 800
      vertex 56.6574 2.16312 800
    endloop
  endfacet
  facet normal 0 0 -1
    outer loop
      vertex 50.3664 -6.99041 800
      vertex 75.4803 -49.0175 800
      vertex 72.8115 -52.9007 800
    endloop
  endfacet
  facet normal 0 0 -1
    outer loop
      vertex 56.3948 2.84716 800
      vertex 89.507 9.40756 800
      vertex 56.5351 2.50858 800
    endloop
  endfacet
  facet normal 0 0 -1
    outer loop
      vertex 49.6336 -6.99041 800
      vertex 72.8115 -52.9007 800
      vertex 69.9431 -56.6388 800
    endloop
  endfacet
  facet normal -0 0 -1
    outer loop
      vertex 89.507 9.40756 800
      vertex 56.3948 2.84716 800
      vertex 88.892 14.0791 800
    endloop
  endfacet
  facet normal 0 0 -1
    outer loop
      vertex 48.905 -6.91382 800
      vertex 69.9431 -56.6388 800
      vertex 66.883 -60.2218 800
    endloop
  endfacet
  facet normal 0 0 -1
    outer loop
      vertex 56.0622 3.5 800
      vertex 88.892 14.0791 800
      vertex 56.237 3.17793 800
    endloop
  endfacet
  facet normal 0 0 -1
    outer loop
      vertex 48.5446 -6.84703 800
      vertex 66.883 -60.2218 800
      vertex 63.6396 -63.6396 800
    endloop
  endfacet
  facet normal 0 0 -1
    outer loop
      vertex 55.8707 3.81247 800
      vertex 88.892 14.0791 800
      vertex 56.0622 3.5 800
    endloop
  endfacet
  facet normal 0 0 -1
    outer loop
      vertex 48.1883 -6.76148 800
      vertex 63.6396 -63.6396 800
      vertex 60.2218 -66.883 800
    endloop
  endfacet
  facet normal -0 0 -1
    outer loop
      vertex 88.892 14.0791 800
      vertex 55.8707 3.81247 800
      vertex 88.0333 18.7121 800
    endloop
  endfacet
  facet normal 0 0 -1
    outer loop
      vertex 55.6631 4.1145 800
      vertex 88.0333 18.7121 800
      vertex 55.8707 3.81247 800
    endloop
  endfacet
  facet normal 0 0 -1
    outer loop
      vertex 56.237 3.17793 800
      vertex 88.892 14.0791 800
      vertex 56.3948 2.84716 800
    endloop
  endfacet
  facet normal 0 0 -1
    outer loop
      vertex 89.8767 -4.71024 800
      vertex 56.9617 -0.731699 800
      vertex 56.9904 -0.366351 800
    endloop
  endfacet
  facet normal 0 0 -1
    outer loop
      vertex 89.8767 -4.71024 800
      vertex 56.9138 -1.09504 800
      vertex 56.9617 -0.731699 800
    endloop
  endfacet
  facet normal 0 0 -1
    outer loop
      vertex 89.8767 -4.71024 800
      vertex 56.847 -1.45538 800
      vertex 56.9138 -1.09504 800
    endloop
  endfacet
  facet normal 0 0 -1
    outer loop
      vertex 89.8767 -4.71024 800
      vertex 56.7615 -1.81173 800
      vertex 56.847 -1.45538 800
    endloop
  endfacet
  facet normal 0 0 -1
    outer loop
      vertex 89.507 -9.40756 800
      vertex 56.6574 -2.16312 800
      vertex 56.7615 -1.81173 800
    endloop
  endfacet
  facet normal 0 0 -1
    outer loop
      vertex 47.4914 -6.53506 800
      vertex 60.2218 -66.883 800
      vertex 56.6388 -69.9431 800
    endloop
  endfacet
  facet normal 0 0 -1
    outer loop
      vertex 89.507 -9.40756 800
      vertex 56.5351 -2.50858 800
      vertex 56.6574 -2.16312 800
    endloop
  endfacet
  facet normal 0 0 -1
    outer loop
      vertex 89.507 -9.40756 800
      vertex 56.3948 -2.84716 800
      vertex 56.5351 -2.50858 800
    endloop
  endfacet
  facet normal 0 0 -1
    outer loop
      vertex 88.892 -14.0791 800
      vertex 56.237 -3.17793 800
      vertex 56.3948 -2.84716 800
    endloop
  endfacet
  facet normal 0 0 -1
    outer loop
      vertex 88.892 -14.0791 800
      vertex 56.0622 -3.5 800
      vertex 56.237 -3.17793 800
    endloop
  endfacet
  facet normal 0 0 -1
    outer loop
      vertex 88.892 -14.0791 800
      vertex 55.8707 -3.81247 800
      vertex 56.0622 -3.5 800
    endloop
  endfacet
  facet normal 0 0 -1
    outer loop
      vertex 88.0333 -18.7121 800
      vertex 55.6631 -4.1145 800
      vertex 55.8707 -3.81247 800
    endloop
  endfacet
  facet normal 0 0 -1
    outer loop
      vertex 88.0333 -18.7121 800
      vertex 55.44 -4.40524 800
      vertex 55.6631 -4.1145 800
    endloop
  endfacet
  facet normal 0 0 -1
    outer loop
      vertex 86.9333 -23.2937 800
      vertex 55.202 -4.68391 800
      vertex 55.44 -4.40524 800
    endloop
  endfacet
  facet normal 0 0 -1
    outer loop
      vertex 86.9333 -23.2937 800
      vertex 54.9497 -4.94975 800
      vertex 55.202 -4.68391 800
    endloop
  endfacet
  facet normal 0 0 -1
    outer loop
      vertex 86.9333 -23.2937 800
      vertex 54.6839 -5.20201 800
      vertex 54.9497 -4.94975 800
    endloop
  endfacet
  facet normal 0 0 -1
    outer loop
      vertex 85.5951 -27.8115 800
      vertex 54.4052 -5.44002 800
      vertex 54.6839 -5.20201 800
    endloop
  endfacet
  facet normal 0 0 -1
    outer loop
      vertex 85.5951 -27.8115 800
      vertex 54.1145 -5.66312 800
      vertex 54.4052 -5.44002 800
    endloop
  endfacet
  facet normal 0 0 -1
    outer loop
      vertex 85.5951 -27.8115 800
      vertex 53.8125 -5.87069 800
      vertex 54.1145 -5.66312 800
    endloop
  endfacet
  facet normal 0 0 -1
    outer loop
      vertex 84.0222 -32.2531 800
      vertex 53.5 -6.06218 800
      vertex 53.8125 -5.87069 800
    endloop
  endfacet
  facet normal 0 0 -1
    outer loop
      vertex 84.0222 -32.2531 800
      vertex 53.1779 -6.23705 800
      vertex 53.5 -6.06218 800
    endloop
  endfacet
  facet normal 0 0 -1
    outer loop
      vertex 47.1528 -6.39482 800
      vertex 56.6388 -69.9431 800
      vertex 52.9007 -72.8115 800
    endloop
  endfacet
  facet normal 0 0 -1
    outer loop
      vertex 82.2191 -36.6063 800
      vertex 52.8472 -6.39482 800
      vertex 53.1779 -6.23705 800
    endloop
  endfacet
  facet normal 0 0 -1
    outer loop
      vertex 82.2191 -36.6063 800
      vertex 52.5086 -6.53506 800
      vertex 52.8472 -6.39482 800
    endloop
  endfacet
  facet normal 0 0 -1
    outer loop
      vertex 80.1906 -40.8591 800
      vertex 52.1631 -6.6574 800
      vertex 52.5086 -6.53506 800
    endloop
  endfacet
  facet normal 0 0 -1
    outer loop
      vertex 80.1906 -40.8591 800
      vertex 51.8117 -6.76148 800
      vertex 52.1631 -6.6574 800
    endloop
  endfacet
  facet normal 0 0 -1
    outer loop
      vertex 77.9423 -45 800
      vertex 51.4554 -6.84703 800
      vertex 51.8117 -6.76148 800
    endloop
  endfacet
  facet normal 0 0 -1
    outer loop
      vertex 77.9423 -45 800
      vertex 51.095 -6.91382 800
      vertex 51.4554 -6.84703 800
    endloop
  endfacet
  facet normal 0 0 -1
    outer loop
      vertex 75.4803 -49.0175 800
      vertex 50.7317 -6.96165 800
      vertex 51.095 -6.91382 800
    endloop
  endfacet
  facet normal 0 0 -1
    outer loop
      vertex 75.4803 -49.0175 800
      vertex 50.3664 -6.99041 800
      vertex 50.7317 -6.96165 800
    endloop
  endfacet
  facet normal 0 0 -1
    outer loop
      vertex 72.8115 -52.9007 800
      vertex 50 -7 800
      vertex 50.3664 -6.99041 800
    endloop
  endfacet
  facet normal 0 0 -1
    outer loop
      vertex 72.8115 -52.9007 800
      vertex 49.6336 -6.99041 800
      vertex 50 -7 800
    endloop
  endfacet
  facet normal 0 0 -1
    outer loop
      vertex 69.9431 -56.6388 800
      vertex 49.2683 -6.96165 800
      vertex 49.6336 -6.99041 800
    endloop
  endfacet
  facet normal 0 0 -1
    outer loop
      vertex 46.8221 -6.23705 800
      vertex 52.9007 -72.8115 800
      vertex 49.0175 -75.4803 800
    endloop
  endfacet
  facet normal 0 0 -1
    outer loop
      vertex 69.9431 -56.6388 800
      vertex 48.905 -6.91382 800
      vertex 49.2683 -6.96165 800
    endloop
  endfacet
  facet normal 0 0 -1
    outer loop
      vertex 66.883 -60.2218 800
      vertex 48.5446 -6.84703 800
      vertex 48.905 -6.91382 800
    endloop
  endfacet
  facet normal 0 0 -1
    outer loop
      vertex 63.6396 -63.6396 800
      vertex 48.1883 -6.76148 800
      vertex 48.5446 -6.84703 800
    endloop
  endfacet
  facet normal 0 0 -1
    outer loop
      vertex 60.2218 -66.883 800
      vertex 47.8369 -6.6574 800
      vertex 48.1883 -6.76148 800
    endloop
  endfacet
  facet normal 0 0 -1
    outer loop
      vertex 60.2218 -66.883 800
      vertex 47.4914 -6.53506 800
      vertex 47.8369 -6.6574 800
    endloop
  endfacet
  facet normal 0 0 -1
    outer loop
      vertex 56.6388 -69.9431 800
      vertex 47.1528 -6.39482 800
      vertex 47.4914 -6.53506 800
    endloop
  endfacet
  facet normal 0 0 -1
    outer loop
      vertex 52.9007 -72.8115 800
      vertex 46.8221 -6.23705 800
      vertex 47.1528 -6.39482 800
    endloop
  endfacet
  facet normal 0 0 -1
    outer loop
      vertex 49.0175 -75.4803 800
      vertex 46.5 -6.06218 800
      vertex 46.8221 -6.23705 800
    endloop
  endfacet
  facet normal 0 0 -1
    outer loop
      vertex 45 -77.9423 800
      vertex 46.5 -6.06218 800
      vertex 49.0175 -75.4803 800
    endloop
  endfacet
  facet normal -0 0 -1
    outer loop
      vertex 46.5 -6.06218 800
      vertex 45 -77.9423 800
      vertex 46.1875 -5.87069 800
    endloop
  endfacet
  facet normal 0 0 -1
    outer loop
      vertex -18.0096 -42.9349 800
      vertex 45 -77.9423 800
      vertex -18 -43.3013 800
    endloop
  endfacet
  facet normal 0 0 -1
    outer loop
      vertex 45 -77.9423 800
      vertex -18.0096 -42.9349 800
      vertex 46.1875 -5.87069 800
    endloop
  endfacet
  facet normal -0 0 -1
    outer loop
      vertex 46.1875 -5.87069 800
      vertex -18.0096 -42.9349 800
      vertex 45.8855 -5.66312 800
    endloop
  endfacet
  facet normal 0 0 -1
    outer loop
      vertex -18.0383 -42.5696 800
      vertex 45.8855 -5.66312 800
      vertex -18.0096 -42.9349 800
    endloop
  endfacet
  facet normal -0 0 -1
    outer loop
      vertex 45.8855 -5.66312 800
      vertex -18.0383 -42.5696 800
      vertex 45.5948 -5.44002 800
    endloop
  endfacet
  facet normal 0 0 -1
    outer loop
      vertex -18.0862 -42.2062 800
      vertex 45.5948 -5.44002 800
      vertex -18.0383 -42.5696 800
    endloop
  endfacet
  facet normal -0 0 -1
    outer loop
      vertex 45.5948 -5.44002 800
      vertex -18.0862 -42.2062 800
      vertex 45.3161 -5.20201 800
    endloop
  endfacet
  facet normal 0 0 -1
    outer loop
      vertex -18.153 -41.8459 800
      vertex 45.3161 -5.20201 800
      vertex -18.0862 -42.2062 800
    endloop
  endfacet
  facet normal -0 0 -1
    outer loop
      vertex 45.3161 -5.20201 800
      vertex -18.153 -41.8459 800
      vertex 45.0503 -4.94975 800
    endloop
  endfacet
  facet normal 0 0 -1
    outer loop
      vertex -18.2385 -41.4895 800
      vertex 45.0503 -4.94975 800
      vertex -18.153 -41.8459 800
    endloop
  endfacet
  facet normal -0 0 -1
    outer loop
      vertex 45.0503 -4.94975 800
      vertex -18.2385 -41.4895 800
      vertex 44.798 -4.68391 800
    endloop
  endfacet
  facet normal 0 0 -1
    outer loop
      vertex -18.3426 -41.1382 800
      vertex 44.798 -4.68391 800
      vertex -18.2385 -41.4895 800
    endloop
  endfacet
  facet normal -0 0 -1
    outer loop
      vertex 44.798 -4.68391 800
      vertex -18.3426 -41.1382 800
      vertex 44.56 -4.40524 800
    endloop
  endfacet
  facet normal 0 0 -1
    outer loop
      vertex -18.4649 -40.7927 800
      vertex 44.56 -4.40524 800
      vertex -18.3426 -41.1382 800
    endloop
  endfacet
  facet normal -0 0 -1
    outer loop
      vertex 44.56 -4.40524 800
      vertex -18.4649 -40.7927 800
      vertex 44.3369 -4.1145 800
    endloop
  endfacet
  facet normal 0 0 -1
    outer loop
      vertex -18.6052 -40.4541 800
      vertex 44.3369 -4.1145 800
      vertex -18.4649 -40.7927 800
    endloop
  endfacet
  facet normal -0 0 -1
    outer loop
      vertex 44.3369 -4.1145 800
      vertex -18.6052 -40.4541 800
      vertex 44.1293 -3.81247 800
    endloop
  endfacet
  facet normal 0 0 -1
    outer loop
      vertex -18.763 -40.1233 800
      vertex 44.1293 -3.81247 800
      vertex -18.6052 -40.4541 800
    endloop
  endfacet
  facet normal -0 0 -1
    outer loop
      vertex 44.1293 -3.81247 800
      vertex -18.763 -40.1233 800
      vertex 43.9378 -3.5 800
    endloop
  endfacet
  facet normal 0 0 -1
    outer loop
      vertex -18 -43.3013 800
      vertex 45 -77.9423 800
      vertex 40.8591 -80.1906 800
    endloop
  endfacet
  facet normal 0 0 -1
    outer loop
      vertex 55.44 4.40524 800
      vertex 88.0333 18.7121 800
      vertex 55.6631 4.1145 800
    endloop
  endfacet
  facet normal -0 0 -1
    outer loop
      vertex 88.0333 18.7121 800
      vertex 55.44 4.40524 800
      vertex 86.9333 23.2937 800
    endloop
  endfacet
  facet normal 0 0 -1
    outer loop
      vertex 55.202 4.68391 800
      vertex 86.9333 23.2937 800
      vertex 55.44 4.40524 800
    endloop
  endfacet
  facet normal 0 0 -1
    outer loop
      vertex 54.9497 4.94975 800
      vertex 86.9333 23.2937 800
      vertex 55.202 4.68391 800
    endloop
  endfacet
  facet normal 0 0 -1
    outer loop
      vertex 54.6839 5.20201 800
      vertex 86.9333 23.2937 800
      vertex 54.9497 4.94975 800
    endloop
  endfacet
  facet normal -0 0 -1
    outer loop
      vertex 86.9333 23.2937 800
      vertex 54.6839 5.20201 800
      vertex 85.5951 27.8115 800
    endloop
  endfacet
  facet normal 0 0 -1
    outer loop
      vertex 54.4052 5.44002 800
      vertex 85.5951 27.8115 800
      vertex 54.6839 5.20201 800
    endloop
  endfacet
  facet normal 0 0 -1
    outer loop
      vertex 54.1145 5.66312 800
      vertex 85.5951 27.8115 800
      vertex 54.4052 5.44002 800
    endloop
  endfacet
  facet normal 0 0 -1
    outer loop
      vertex 53.8125 5.87069 800
      vertex 85.5951 27.8115 800
      vertex 54.1145 5.66312 800
    endloop
  endfacet
  facet normal -0 0 -1
    outer loop
      vertex 85.5951 27.8115 800
      vertex 53.8125 5.87069 800
      vertex 84.0222 32.2531 800
    endloop
  endfacet
  facet normal 0 0 -1
    outer loop
      vertex 53.5 6.06218 800
      vertex 84.0222 32.2531 800
      vertex 53.8125 5.87069 800
    endloop
  endfacet
  facet normal 0 0 -1
    outer loop
      vertex 53.1779 6.23705 800
      vertex 84.0222 32.2531 800
      vertex 53.5 6.06218 800
    endloop
  endfacet
  facet normal -0 0 -1
    outer loop
      vertex 84.0222 32.2531 800
      vertex 53.1779 6.23705 800
      vertex 82.2191 36.6063 800
    endloop
  endfacet
  facet normal 0 0 -1
    outer loop
      vertex 52.8472 6.39482 800
      vertex 82.2191 36.6063 800
      vertex 53.1779 6.23705 800
    endloop
  endfacet
  facet normal 0 0 -1
    outer loop
      vertex 52.5086 6.53506 800
      vertex 82.2191 36.6063 800
      vertex 52.8472 6.39482 800
    endloop
  endfacet
  facet normal -0 0 -1
    outer loop
      vertex 82.2191 36.6063 800
      vertex 52.5086 6.53506 800
      vertex 80.1906 40.8591 800
    endloop
  endfacet
  facet normal 0 0 -1
    outer loop
      vertex 52.1631 6.6574 800
      vertex 80.1906 40.8591 800
      vertex 52.5086 6.53506 800
    endloop
  endfacet
  facet normal 0 0 -1
    outer loop
      vertex 51.8117 6.76148 800
      vertex 80.1906 40.8591 800
      vertex 52.1631 6.6574 800
    endloop
  endfacet
  facet normal -0 0 -1
    outer loop
      vertex 80.1906 40.8591 800
      vertex 51.8117 6.76148 800
      vertex 77.9423 45 800
    endloop
  endfacet
  facet normal 0 0 -1
    outer loop
      vertex 51.4554 6.84703 800
      vertex 77.9423 45 800
      vertex 51.8117 6.76148 800
    endloop
  endfacet
  facet normal 0 0 -1
    outer loop
      vertex 51.095 6.91382 800
      vertex 77.9423 45 800
      vertex 51.4554 6.84703 800
    endloop
  endfacet
  facet normal -0 0 -1
    outer loop
      vertex 77.9423 45 800
      vertex 51.095 6.91382 800
      vertex 75.4803 49.0175 800
    endloop
  endfacet
  facet normal 0 0 -1
    outer loop
      vertex 50.7317 6.96165 800
      vertex 75.4803 49.0175 800
      vertex 51.095 6.91382 800
    endloop
  endfacet
  facet normal 0 0 -1
    outer loop
      vertex 50.3664 6.99041 800
      vertex 75.4803 49.0175 800
      vertex 50.7317 6.96165 800
    endloop
  endfacet
  facet normal -0 0 -1
    outer loop
      vertex 75.4803 49.0175 800
      vertex 50.3664 6.99041 800
      vertex 72.8115 52.9007 800
    endloop
  endfacet
  facet normal 0 0 -1
    outer loop
      vertex 50 7 800
      vertex 72.8115 52.9007 800
      vertex 50.3664 6.99041 800
    endloop
  endfacet
  facet normal 0 0 -1
    outer loop
      vertex 49.6336 6.99041 800
      vertex 72.8115 52.9007 800
      vertex 50 7 800
    endloop
  endfacet
  facet normal -0 0 -1
    outer loop
      vertex 72.8115 52.9007 800
      vertex 49.6336 6.99041 800
      vertex 69.9431 56.6388 800
    endloop
  endfacet
  facet normal 0 0 -1
    outer loop
      vertex 49.2683 6.96165 800
      vertex 69.9431 56.6388 800
      vertex 49.6336 6.99041 800
    endloop
  endfacet
  facet normal 0 0 -1
    outer loop
      vertex 48.905 6.91382 800
      vertex 69.9431 56.6388 800
      vertex 49.2683 6.96165 800
    endloop
  endfacet
  facet normal -0 0 -1
    outer loop
      vertex 69.9431 56.6388 800
      vertex 48.905 6.91382 800
      vertex 66.883 60.2218 800
    endloop
  endfacet
  facet normal 0 0 -1
    outer loop
      vertex 48.5446 6.84703 800
      vertex 66.883 60.2218 800
      vertex 48.905 6.91382 800
    endloop
  endfacet
  facet normal -0 0 -1
    outer loop
      vertex 66.883 60.2218 800
      vertex 48.5446 6.84703 800
      vertex 63.6396 63.6396 800
    endloop
  endfacet
  facet normal 0 0 -1
    outer loop
      vertex 48.1883 6.76148 800
      vertex 63.6396 63.6396 800
      vertex 48.5446 6.84703 800
    endloop
  endfacet
  facet normal -0 0 -1
    outer loop
      vertex 63.6396 63.6396 800
      vertex 48.1883 6.76148 800
      vertex 60.2218 66.883 800
    endloop
  endfacet
  facet normal 0 0 -1
    outer loop
      vertex 47.8369 6.6574 800
      vertex 60.2218 66.883 800
      vertex 48.1883 6.76148 800
    endloop
  endfacet
  facet normal 0 0 -1
    outer loop
      vertex 47.4914 6.53506 800
      vertex 60.2218 66.883 800
      vertex 47.8369 6.6574 800
    endloop
  endfacet
  facet normal -0 0 -1
    outer loop
      vertex 60.2218 66.883 800
      vertex 47.4914 6.53506 800
      vertex 56.6388 69.9431 800
    endloop
  endfacet
  facet normal 0 0 -1
    outer loop
      vertex 47.1528 6.39482 800
      vertex 56.6388 69.9431 800
      vertex 47.4914 6.53506 800
    endloop
  endfacet
  facet normal -0 0 -1
    outer loop
      vertex 56.6388 69.9431 800
      vertex 47.1528 6.39482 800
      vertex 52.9007 72.8115 800
    endloop
  endfacet
  facet normal 0 0 -1
    outer loop
      vertex 46.8221 6.23705 800
      vertex 52.9007 72.8115 800
      vertex 47.1528 6.39482 800
    endloop
  endfacet
  facet normal -0 0 -1
    outer loop
      vertex 52.9007 72.8115 800
      vertex 46.8221 6.23705 800
      vertex 49.0175 75.4803 800
    endloop
  endfacet
  facet normal 0 0 -1
    outer loop
      vertex 46.5 6.06218 800
      vertex 49.0175 75.4803 800
      vertex 46.8221 6.23705 800
    endloop
  endfacet
  facet normal 0 0 -1
    outer loop
      vertex 45 77.9423 800
      vertex 46.5 6.06218 800
      vertex 46.1875 5.87069 800
    endloop
  endfacet
  facet normal 0 0 -1
    outer loop
      vertex -18 43.3013 800
      vertex 46.1875 5.87069 800
      vertex 45.8855 5.66312 800
    endloop
  endfacet
  facet normal 0 0 -1
    outer loop
      vertex -18 43.3013 800
      vertex 45.8855 5.66312 800
      vertex 45.5948 5.44002 800
    endloop
  endfacet
  facet normal 0 0 -1
    outer loop
      vertex -18 43.3013 800
      vertex 45.5948 5.44002 800
      vertex 45.3161 5.20201 800
    endloop
  endfacet
  facet normal 0 0 -1
    outer loop
      vertex -18 43.3013 800
      vertex 45.3161 5.20201 800
      vertex 45.0503 4.94975 800
    endloop
  endfacet
  facet normal 0 0 -1
    outer loop
      vertex 46.5 6.06218 800
      vertex 45 77.9423 800
      vertex 49.0175 75.4803 800
    endloop
  endfacet
  facet normal 0 0 -1
    outer loop
      vertex -18 43.3013 800
      vertex 45.0503 4.94975 800
      vertex 44.798 4.68391 800
    endloop
  endfacet
  facet normal 0 0 -1
    outer loop
      vertex -18 43.3013 800
      vertex 44.798 4.68391 800
      vertex 44.56 4.40524 800
    endloop
  endfacet
  facet normal 0 0 -1
    outer loop
      vertex -18 43.3013 800
      vertex 44.56 4.40524 800
      vertex 44.3369 4.1145 800
    endloop
  endfacet
  facet normal 0 0 -1
    outer loop
      vertex -18 43.3013 800
      vertex 44.3369 4.1145 800
      vertex 44.1293 3.81247 800
    endloop
  endfacet
  facet normal 0 0 -1
    outer loop
      vertex -18 43.3013 800
      vertex 44.1293 3.81247 800
      vertex 43.9378 3.5 800
    endloop
  endfacet
  facet normal 0 0 -1
    outer loop
      vertex -18 43.3013 800
      vertex 43.9378 3.5 800
      vertex 43.763 3.17793 800
    endloop
  endfacet
  facet normal 0 0 -1
    outer loop
      vertex -18 43.3013 800
      vertex 43.763 3.17793 800
      vertex 43.6052 2.84716 800
    endloop
  endfacet
  facet normal 0 0 -1
    outer loop
      vertex -18 43.3013 800
      vertex 43.6052 2.84716 800
      vertex 43.4649 2.50858 800
    endloop
  endfacet
  facet normal 0 0 -1
    outer loop
      vertex -18 43.3013 800
      vertex 43.4649 2.50858 800
      vertex 43.3426 2.16312 800
    endloop
  endfacet
  facet normal 0 0 -1
    outer loop
      vertex 43.153 1.45538 800
      vertex -18 43.3013 800
      vertex 43.2385 1.81173 800
    endloop
  endfacet
  facet normal 0 0 -1
    outer loop
      vertex 43.0862 1.09504 800
      vertex -18 43.3013 800
      vertex 43.153 1.45538 800
    endloop
  endfacet
  facet normal 0 0 -1
    outer loop
      vertex 43.0383 0.731699 800
      vertex -18 43.3013 800
      vertex 43.0862 1.09504 800
    endloop
  endfacet
  facet normal 0 0 -1
    outer loop
      vertex 43.0096 0.366351 800
      vertex -18 43.3013 800
      vertex 43.0383 0.731699 800
    endloop
  endfacet
  facet normal 0 0 -1
    outer loop
      vertex 43 0 800
      vertex -18 43.3013 800
      vertex 43.0096 0.366351 800
    endloop
  endfacet
  facet normal -0 0 -1
    outer loop
      vertex 43.9378 -3.5 800
      vertex -18.9378 -39.8013 800
      vertex 43.763 -3.17793 800
    endloop
  endfacet
  facet normal 0 0 -1
    outer loop
      vertex -18.9378 -39.8013 800
      vertex 43.9378 -3.5 800
      vertex -18.763 -40.1233 800
    endloop
  endfacet
  facet normal 0 0 -1
    outer loop
      vertex 43.2385 1.81173 800
      vertex -18 43.3013 800
      vertex 43.3426 2.16312 800
    endloop
  endfacet
  facet normal 0 0 -1
    outer loop
      vertex -18.0096 -43.6676 800
      vertex 40.8591 -80.1906 800
      vertex 36.6063 -82.2191 800
    endloop
  endfacet
  facet normal 0 0 -1
    outer loop
      vertex -18 43.3013 800
      vertex 45 77.9423 800
      vertex 46.1875 5.87069 800
    endloop
  endfacet
  facet normal 0 0 -1
    outer loop
      vertex -18.0383 -44.033 800
      vertex 36.6063 -82.2191 800
      vertex 32.2531 -84.0222 800
    endloop
  endfacet
  facet normal -0 0 -1
    outer loop
      vertex 45 77.9423 800
      vertex -18 43.3013 800
      vertex 40.8591 80.1906 800
    endloop
  endfacet
  facet normal 0 0 -1
    outer loop
      vertex -18.0862 -44.3963 800
      vertex 32.2531 -84.0222 800
      vertex 27.8115 -85.5951 800
    endloop
  endfacet
  facet normal 0 0 -1
    outer loop
      vertex -18.0096 43.6676 800
      vertex 40.8591 80.1906 800
      vertex -18 43.3013 800
    endloop
  endfacet
  facet normal 0 0 -1
    outer loop
      vertex -18.153 -44.7567 800
      vertex 27.8115 -85.5951 800
      vertex 23.2937 -86.9333 800
    endloop
  endfacet
  facet normal -0 0 -1
    outer loop
      vertex 40.8591 80.1906 800
      vertex -18.0096 43.6676 800
      vertex 36.6063 82.2191 800
    endloop
  endfacet
  facet normal 0 0 -1
    outer loop
      vertex -18.3426 -45.4644 800
      vertex 23.2937 -86.9333 800
      vertex 18.7121 -88.0333 800
    endloop
  endfacet
  facet normal 0 0 -1
    outer loop
      vertex -18.0383 44.033 800
      vertex 36.6063 82.2191 800
      vertex -18.0096 43.6676 800
    endloop
  endfacet
  facet normal 0 0 -1
    outer loop
      vertex -18.4649 -45.8098 800
      vertex 18.7121 -88.0333 800
      vertex 14.0791 -88.892 800
    endloop
  endfacet
  facet normal -0 0 -1
    outer loop
      vertex 36.6063 82.2191 800
      vertex -18.0383 44.033 800
      vertex 32.2531 84.0222 800
    endloop
  endfacet
  facet normal 0 0 -1
    outer loop
      vertex -18.763 -46.4792 800
      vertex 14.0791 -88.892 800
      vertex 9.40756 -89.507 800
    endloop
  endfacet
  facet normal 0 0 -1
    outer loop
      vertex -18.0862 44.3963 800
      vertex 32.2531 84.0222 800
      vertex -18.0383 44.033 800
    endloop
  endfacet
  facet normal 0 0 -1
    outer loop
      vertex -18.9378 -46.8013 800
      vertex 9.40756 -89.507 800
      vertex 4.71024 -89.8767 800
    endloop
  endfacet
  facet normal -0 0 -1
    outer loop
      vertex 32.2531 84.0222 800
      vertex -18.0862 44.3963 800
      vertex 27.8115 85.5951 800
    endloop
  endfacet
  facet normal 0 0 -1
    outer loop
      vertex -19.3369 -47.4158 800
      vertex 4.71024 -89.8767 800
      vertex 0 -90 800
    endloop
  endfacet
  facet normal 0 0 -1
    outer loop
      vertex -18.153 44.7567 800
      vertex 27.8115 85.5951 800
      vertex -18.0862 44.3963 800
    endloop
  endfacet
  facet normal 0 0 -1
    outer loop
      vertex -19.798 -47.9852 800
      vertex 0 -90 800
      vertex -4.71024 -89.8767 800
    endloop
  endfacet
  facet normal -0 0 -1
    outer loop
      vertex 27.8115 85.5951 800
      vertex -18.153 44.7567 800
      vertex 23.2937 86.9333 800
    endloop
  endfacet
  facet normal 0 0 -1
    outer loop
      vertex -20.3161 -48.5033 800
      vertex -4.71024 -89.8767 800
      vertex -9.40756 -89.507 800
    endloop
  endfacet
  facet normal 0 0 -1
    outer loop
      vertex -18.2385 45.113 800
      vertex 23.2937 86.9333 800
      vertex -18.153 44.7567 800
    endloop
  endfacet
  facet normal 0 0 -1
    outer loop
      vertex -21.1875 -49.172 800
      vertex -9.40756 -89.507 800
      vertex -14.0791 -88.892 800
    endloop
  endfacet
  facet normal 0 0 -1
    outer loop
      vertex -18.3426 45.4644 800
      vertex 23.2937 86.9333 800
      vertex -18.2385 45.113 800
    endloop
  endfacet
  facet normal -0 0 -1
    outer loop
      vertex 23.2937 86.9333 800
      vertex -18.3426 45.4644 800
      vertex 18.7121 88.0333 800
    endloop
  endfacet
  facet normal 0 0 -1
    outer loop
      vertex 40.8591 -80.1906 800
      vertex -18.0096 -43.6676 800
      vertex -18 -43.3013 800
    endloop
  endfacet
  facet normal 0 0 -1
    outer loop
      vertex 36.6063 -82.2191 800
      vertex -18.0383 -44.033 800
      vertex -18.0096 -43.6676 800
    endloop
  endfacet
  facet normal 0 0 -1
    outer loop
      vertex 32.2531 -84.0222 800
      vertex -18.0862 -44.3963 800
      vertex -18.0383 -44.033 800
    endloop
  endfacet
  facet normal 0 0 -1
    outer loop
      vertex 27.8115 -85.5951 800
      vertex -18.153 -44.7567 800
      vertex -18.0862 -44.3963 800
    endloop
  endfacet
  facet normal 0 0 -1
    outer loop
      vertex 23.2937 -86.9333 800
      vertex -18.2385 -45.113 800
      vertex -18.153 -44.7567 800
    endloop
  endfacet
  facet normal 0 0 -1
    outer loop
      vertex 23.2937 -86.9333 800
      vertex -18.3426 -45.4644 800
      vertex -18.2385 -45.113 800
    endloop
  endfacet
  facet normal 0 0 -1
    outer loop
      vertex 18.7121 -88.0333 800
      vertex -18.4649 -45.8098 800
      vertex -18.3426 -45.4644 800
    endloop
  endfacet
  facet normal 0 0 -1
    outer loop
      vertex 14.0791 -88.892 800
      vertex -18.6052 -46.1484 800
      vertex -18.4649 -45.8098 800
    endloop
  endfacet
  facet normal 0 0 -1
    outer loop
      vertex -21.8221 -49.5383 800
      vertex -14.0791 -88.892 800
      vertex -18.7121 -88.0333 800
    endloop
  endfacet
  facet normal 0 0 -1
    outer loop
      vertex 14.0791 -88.892 800
      vertex -18.763 -46.4792 800
      vertex -18.6052 -46.1484 800
    endloop
  endfacet
  facet normal 0 0 -1
    outer loop
      vertex 9.40756 -89.507 800
      vertex -18.9378 -46.8013 800
      vertex -18.763 -46.4792 800
    endloop
  endfacet
  facet normal 0 0 -1
    outer loop
      vertex 4.71024 -89.8767 800
      vertex -19.1293 -47.1137 800
      vertex -18.9378 -46.8013 800
    endloop
  endfacet
  facet normal 0 0 -1
    outer loop
      vertex 4.71024 -89.8767 800
      vertex -19.3369 -47.4158 800
      vertex -19.1293 -47.1137 800
    endloop
  endfacet
  facet normal 0 0 -1
    outer loop
      vertex 0 -90 800
      vertex -19.56 -47.7065 800
      vertex -19.3369 -47.4158 800
    endloop
  endfacet
  facet normal 0 0 -1
    outer loop
      vertex 0 -90 800
      vertex -19.798 -47.9852 800
      vertex -19.56 -47.7065 800
    endloop
  endfacet
  facet normal 0 0 -1
    outer loop
      vertex -4.71024 -89.8767 800
      vertex -20.0503 -48.251 800
      vertex -19.798 -47.9852 800
    endloop
  endfacet
  facet normal 0 0 -1
    outer loop
      vertex -4.71024 -89.8767 800
      vertex -20.3161 -48.5033 800
      vertex -20.0503 -48.251 800
    endloop
  endfacet
  facet normal 0 0 -1
    outer loop
      vertex -9.40756 -89.507 800
      vertex -20.5948 -48.7413 800
      vertex -20.3161 -48.5033 800
    endloop
  endfacet
  facet normal 0 0 -1
    outer loop
      vertex -9.40756 -89.507 800
      vertex -20.8855 -48.9644 800
      vertex -20.5948 -48.7413 800
    endloop
  endfacet
  facet normal 0 0 -1
    outer loop
      vertex -9.40756 -89.507 800
      vertex -21.1875 -49.172 800
      vertex -20.8855 -48.9644 800
    endloop
  endfacet
  facet normal 0 0 -1
    outer loop
      vertex -14.0791 -88.892 800
      vertex -21.5 -49.3634 800
      vertex -21.1875 -49.172 800
    endloop
  endfacet
  facet normal 0 0 -1
    outer loop
      vertex -14.0791 -88.892 800
      vertex -21.8221 -49.5383 800
      vertex -21.5 -49.3634 800
    endloop
  endfacet
  facet normal 0 0 -1
    outer loop
      vertex -18.7121 -88.0333 800
      vertex -22.1528 -49.6961 800
      vertex -21.8221 -49.5383 800
    endloop
  endfacet
  facet normal 0 0 -1
    outer loop
      vertex -18.7121 -88.0333 800
      vertex -22.4914 -49.8363 800
      vertex -22.1528 -49.6961 800
    endloop
  endfacet
  facet normal 0 0 -1
    outer loop
      vertex -18.7121 -88.0333 800
      vertex -22.8369 -49.9587 800
      vertex -22.4914 -49.8363 800
    endloop
  endfacet
  facet normal 0 0 -1
    outer loop
      vertex -23.2937 -86.9333 800
      vertex -22.8369 -49.9587 800
      vertex -18.7121 -88.0333 800
    endloop
  endfacet
  facet normal 0 0 -1
    outer loop
      vertex -22.8369 -49.9587 800
      vertex -23.2937 -86.9333 800
      vertex -23.1883 -50.0628 800
    endloop
  endfacet
  facet normal 0 0 -1
    outer loop
      vertex -23.2937 -86.9333 800
      vertex -23.5446 -50.1483 800
      vertex -23.1883 -50.0628 800
    endloop
  endfacet
  facet normal 0 0 -1
    outer loop
      vertex -23.2937 -86.9333 800
      vertex -23.905 -50.2151 800
      vertex -23.5446 -50.1483 800
    endloop
  endfacet
  facet normal 0 0 -1
    outer loop
      vertex -27.8115 -85.5951 800
      vertex -23.905 -50.2151 800
      vertex -23.2937 -86.9333 800
    endloop
  endfacet
  facet normal 0 0 -1
    outer loop
      vertex -23.905 -50.2151 800
      vertex -27.8115 -85.5951 800
      vertex -24.2683 -50.2629 800
    endloop
  endfacet
  facet normal 0 0 -1
    outer loop
      vertex -24.2683 -50.2629 800
      vertex -27.8115 -85.5951 800
      vertex -24.6336 -50.2917 800
    endloop
  endfacet
  facet normal 0 0 -1
    outer loop
      vertex -32.2531 -84.0222 800
      vertex -24.6336 -50.2917 800
      vertex -27.8115 -85.5951 800
    endloop
  endfacet
  facet normal 0 0 -1
    outer loop
      vertex -24.6336 -50.2917 800
      vertex -32.2531 -84.0222 800
      vertex -25 -50.3013 800
    endloop
  endfacet
  facet normal -0 0 -1
    outer loop
      vertex -25 -50.3013 800
      vertex -32.2531 -84.0222 800
      vertex -25.3664 -50.2917 800
    endloop
  endfacet
  facet normal -0 0 -1
    outer loop
      vertex -25.3664 -50.2917 800
      vertex -32.2531 -84.0222 800
      vertex -25.7317 -50.2629 800
    endloop
  endfacet
  facet normal 0 0 -1
    outer loop
      vertex -36.6063 -82.2191 800
      vertex -25.7317 -50.2629 800
      vertex -32.2531 -84.0222 800
    endloop
  endfacet
  facet normal -0 0 -1
    outer loop
      vertex -25.7317 -50.2629 800
      vertex -36.6063 -82.2191 800
      vertex -26.095 -50.2151 800
    endloop
  endfacet
  facet normal -0 0 -1
    outer loop
      vertex -26.095 -50.2151 800
      vertex -36.6063 -82.2191 800
      vertex -26.4554 -50.1483 800
    endloop
  endfacet
  facet normal -0 0 -1
    outer loop
      vertex -26.4554 -50.1483 800
      vertex -36.6063 -82.2191 800
      vertex -26.8117 -50.0628 800
    endloop
  endfacet
  facet normal 0 0 -1
    outer loop
      vertex -40.8591 -80.1906 800
      vertex -26.8117 -50.0628 800
      vertex -36.6063 -82.2191 800
    endloop
  endfacet
  facet normal -0 0 -1
    outer loop
      vertex -26.8117 -50.0628 800
      vertex -40.8591 -80.1906 800
      vertex -27.1631 -49.9587 800
    endloop
  endfacet
  facet normal -0 0 -1
    outer loop
      vertex -27.1631 -49.9587 800
      vertex -40.8591 -80.1906 800
      vertex -27.5086 -49.8363 800
    endloop
  endfacet
  facet normal -0 0 -1
    outer loop
      vertex -27.5086 -49.8363 800
      vertex -40.8591 -80.1906 800
      vertex -27.8472 -49.6961 800
    endloop
  endfacet
  facet normal -0 0 -1
    outer loop
      vertex -27.8472 -49.6961 800
      vertex -40.8591 -80.1906 800
      vertex -28.1779 -49.5383 800
    endloop
  endfacet
  facet normal 0 0 -1
    outer loop
      vertex -45 -77.9423 800
      vertex -28.1779 -49.5383 800
      vertex -40.8591 -80.1906 800
    endloop
  endfacet
  facet normal -0 0 -1
    outer loop
      vertex -28.1779 -49.5383 800
      vertex -45 -77.9423 800
      vertex -28.5 -49.3634 800
    endloop
  endfacet
  facet normal -0 0 -1
    outer loop
      vertex -28.5 -49.3634 800
      vertex -45 -77.9423 800
      vertex -28.8125 -49.172 800
    endloop
  endfacet
  facet normal -0 0 -1
    outer loop
      vertex -28.8125 -49.172 800
      vertex -45 -77.9423 800
      vertex -29.1145 -48.9644 800
    endloop
  endfacet
  facet normal 0 0 -1
    outer loop
      vertex -49.0175 -75.4803 800
      vertex -29.1145 -48.9644 800
      vertex -45 -77.9423 800
    endloop
  endfacet
  facet normal -0 0 -1
    outer loop
      vertex -29.1145 -48.9644 800
      vertex -49.0175 -75.4803 800
      vertex -29.4052 -48.7413 800
    endloop
  endfacet
  facet normal -0 0 -1
    outer loop
      vertex -29.4052 -48.7413 800
      vertex -49.0175 -75.4803 800
      vertex -29.6839 -48.5033 800
    endloop
  endfacet
  facet normal -0 0 -1
    outer loop
      vertex -29.6839 -48.5033 800
      vertex -49.0175 -75.4803 800
      vertex -29.9497 -48.251 800
    endloop
  endfacet
  facet normal 0 0 -1
    outer loop
      vertex -52.9007 -72.8115 800
      vertex -29.9497 -48.251 800
      vertex -49.0175 -75.4803 800
    endloop
  endfacet
  facet normal -0 0 -1
    outer loop
      vertex -29.9497 -48.251 800
      vertex -52.9007 -72.8115 800
      vertex -30.202 -47.9852 800
    endloop
  endfacet
  facet normal -0 0 -1
    outer loop
      vertex -30.202 -47.9852 800
      vertex -52.9007 -72.8115 800
      vertex -30.44 -47.7065 800
    endloop
  endfacet
  facet normal -0 0 -1
    outer loop
      vertex -30.44 -47.7065 800
      vertex -52.9007 -72.8115 800
      vertex -30.6631 -47.4158 800
    endloop
  endfacet
  facet normal 0 0 -1
    outer loop
      vertex -56.6388 -69.9431 800
      vertex -30.6631 -47.4158 800
      vertex -52.9007 -72.8115 800
    endloop
  endfacet
  facet normal -0 0 -1
    outer loop
      vertex -30.6631 -47.4158 800
      vertex -56.6388 -69.9431 800
      vertex -30.8707 -47.1137 800
    endloop
  endfacet
  facet normal -0 0 -1
    outer loop
      vertex -30.8707 -47.1137 800
      vertex -56.6388 -69.9431 800
      vertex -31.0622 -46.8013 800
    endloop
  endfacet
  facet normal -0 0 -1
    outer loop
      vertex -31.0622 -46.8013 800
      vertex -56.6388 -69.9431 800
      vertex -31.237 -46.4792 800
    endloop
  endfacet
  facet normal -0 0 -1
    outer loop
      vertex -31.5351 -45.8098 800
      vertex -60.2218 -66.883 800
      vertex -31.6574 -45.4644 800
    endloop
  endfacet
  facet normal -0 0 -1
    outer loop
      vertex -31.3948 -46.1484 800
      vertex -60.2218 -66.883 800
      vertex -31.5351 -45.8098 800
    endloop
  endfacet
  facet normal -0 0 -1
    outer loop
      vertex -31.237 -46.4792 800
      vertex -60.2218 -66.883 800
      vertex -31.3948 -46.1484 800
    endloop
  endfacet
  facet normal 0 0 -1
    outer loop
      vertex -60.2218 -66.883 800
      vertex -31.237 -46.4792 800
      vertex -56.6388 -69.9431 800
    endloop
  endfacet
  facet normal -0.902589 -0.430503 0
    outer loop
      vertex -89.1007 -45.399 0
      vertex -91.3545 -40.6737 800
      vertex -91.3545 -40.6737 0
    endloop
  endfacet
  facet normal -0.902589 -0.430503 0
    outer loop
      vertex -91.3545 -40.6737 800
      vertex -89.1007 -45.399 0
      vertex -89.1007 -45.399 800
    endloop
  endfacet
  facet normal -0.522487 -0.852647 0
    outer loop
      vertex -54.4639 -83.8671 0
      vertex -50 -86.6025 800
      vertex -54.4639 -83.8671 800
    endloop
  endfacet
  facet normal -0.522487 -0.852647 -0
    outer loop
      vertex -50 -86.6025 800
      vertex -54.4639 -83.8671 0
      vertex -50 -86.6025 0
    endloop
  endfacet
  facet normal -0.477168 -0.878812 0
    outer loop
      vertex -50 -86.6025 0
      vertex -45.399 -89.1007 800
      vertex -50 -86.6025 800
    endloop
  endfacet
  facet normal -0.477168 -0.878812 -0
    outer loop
      vertex -45.399 -89.1007 800
      vertex -50 -86.6025 0
      vertex -45.399 -89.1007 0
    endloop
  endfacet
  facet normal -0.996917 -0.0784618 0
    outer loop
      vertex 89.8767 4.71024 0
      vertex 89.507 9.40756 800
      vertex 89.507 9.40756 0
    endloop
  endfacet
  facet normal -0.996917 -0.0784618 0
    outer loop
      vertex 89.507 9.40756 800
      vertex 89.8767 4.71024 0
      vertex 89.8767 4.71024 800
    endloop
  endfacet
  facet normal -0.999658 -0.026168 0
    outer loop
      vertex 90 0 0
      vertex 89.8767 4.71024 800
      vertex 89.8767 4.71024 0
    endloop
  endfacet
  facet normal -0.999658 -0.026168 0
    outer loop
      vertex 89.8767 4.71024 800
      vertex 90 0 0
      vertex 90 0 800
    endloop
  endfacet
  facet normal -0.991445 -0.130522 0
    outer loop
      vertex 89.507 9.40756 0
      vertex 88.892 14.0791 800
      vertex 88.892 14.0791 0
    endloop
  endfacet
  facet normal -0.991445 -0.130522 0
    outer loop
      vertex 88.892 14.0791 800
      vertex 89.507 9.40756 0
      vertex 89.507 9.40756 800
    endloop
  endfacet
  facet normal 0.52251 -0.852633 0
    outer loop
      vertex -49.0175 75.4803 0
      vertex -45 77.9423 800
      vertex -49.0175 75.4803 800
    endloop
  endfacet
  facet normal 0.52251 -0.852633 0
    outer loop
      vertex -45 77.9423 800
      vertex -49.0175 75.4803 0
      vertex -45 77.9423 0
    endloop
  endfacet
  facet normal 0.333816 -0.942638 0
    outer loop
      vertex -32.2531 84.0222 0
      vertex -27.8115 85.5951 800
      vertex -32.2531 84.0222 800
    endloop
  endfacet
  facet normal 0.333816 -0.942638 0
    outer loop
      vertex -27.8115 85.5951 800
      vertex -32.2531 84.0222 0
      vertex -27.8115 85.5951 0
    endloop
  endfacet
  facet normal -0.430514 0.902584 0
    outer loop
      vertex 40.8591 -80.1906 0
      vertex 36.6063 -82.2191 800
      vertex 40.8591 -80.1906 800
    endloop
  endfacet
  facet normal -0.430514 0.902584 0
    outer loop
      vertex 36.6063 -82.2191 800
      vertex 40.8591 -80.1906 0
      vertex 36.6063 -82.2191 0
    endloop
  endfacet
  facet normal -0.608769 -0.793348 0
    outer loop
      vertex 52.9007 72.8115 0
      vertex 56.6388 69.9431 800
      vertex 52.9007 72.8115 800
    endloop
  endfacet
  facet normal -0.608769 -0.793348 -0
    outer loop
      vertex 56.6388 69.9431 800
      vertex 52.9007 72.8115 0
      vertex 56.6388 69.9431 0
    endloop
  endfacet
  facet normal -0.996917 0.0784618 0
    outer loop
      vertex 89.507 -9.40756 0
      vertex 89.8767 -4.71024 800
      vertex 89.8767 -4.71024 0
    endloop
  endfacet
  facet normal -0.996917 0.0784618 0
    outer loop
      vertex 89.8767 -4.71024 800
      vertex 89.507 -9.40756 0
      vertex 89.507 -9.40756 800
    endloop
  endfacet
  facet normal 0.026168 0.999658 -0
    outer loop
      vertex 0 -90 0
      vertex -4.71024 -89.8767 800
      vertex 0 -90 800
    endloop
  endfacet
  facet normal 0.026168 0.999658 0
    outer loop
      vertex -4.71024 -89.8767 800
      vertex 0 -90 0
      vertex -4.71024 -89.8767 0
    endloop
  endfacet
  facet normal -0.0784618 0.996917 0
    outer loop
      vertex 9.40756 -89.507 0
      vertex 4.71024 -89.8767 800
      vertex 9.40756 -89.507 800
    endloop
  endfacet
  facet normal -0.0784618 0.996917 0
    outer loop
      vertex 4.71024 -89.8767 800
      vertex 9.40756 -89.507 0
      vertex 4.71024 -89.8767 0
    endloop
  endfacet
  facet normal -0.52251 0.852633 0
    outer loop
      vertex 49.0175 -75.4803 0
      vertex 45 -77.9423 800
      vertex 49.0175 -75.4803 800
    endloop
  endfacet
  facet normal -0.52251 0.852633 0
    outer loop
      vertex 45 -77.9423 800
      vertex 49.0175 -75.4803 0
      vertex 45 -77.9423 0
    endloop
  endfacet
  facet normal -0.760413 0.649439 0
    outer loop
      vertex 66.883 -60.2218 0
      vertex 69.9431 -56.6388 800
      vertex 69.9431 -56.6388 0
    endloop
  endfacet
  facet normal -0.760413 0.649439 0
    outer loop
      vertex 69.9431 -56.6388 800
      vertex 66.883 -60.2218 0
      vertex 66.883 -60.2218 800
    endloop
  endfacet
  facet normal 0.026168 -0.999658 0
    outer loop
      vertex -4.71024 89.8767 0
      vertex 0 90 800
      vertex -4.71024 89.8767 800
    endloop
  endfacet
  facet normal 0.026168 -0.999658 0
    outer loop
      vertex 0 90 800
      vertex -4.71024 89.8767 0
      vertex 0 90 0
    endloop
  endfacet
  facet normal -0.566399 0.824131 0
    outer loop
      vertex 52.9007 -72.8115 0
      vertex 49.0175 -75.4803 800
      vertex 52.9007 -72.8115 800
    endloop
  endfacet
  facet normal -0.566399 0.824131 0
    outer loop
      vertex 49.0175 -75.4803 800
      vertex 52.9007 -72.8115 0
      vertex 49.0175 -75.4803 0
    endloop
  endfacet
  facet normal -0.430514 -0.902584 0
    outer loop
      vertex 36.6063 82.2191 0
      vertex 40.8591 80.1906 800
      vertex 36.6063 82.2191 800
    endloop
  endfacet
  facet normal -0.430514 -0.902584 -0
    outer loop
      vertex 40.8591 80.1906 800
      vertex 36.6063 82.2191 0
      vertex 40.8591 80.1906 0
    endloop
  endfacet
  facet normal 0.649439 0.760413 -0
    outer loop
      vertex -56.6388 -69.9431 0
      vertex -60.2218 -66.883 800
      vertex -56.6388 -69.9431 800
    endloop
  endfacet
  facet normal 0.649439 0.760413 0
    outer loop
      vertex -60.2218 -66.883 800
      vertex -56.6388 -69.9431 0
      vertex -60.2218 -66.883 0
    endloop
  endfacet
  facet normal 0.233456 0.972367 -0
    outer loop
      vertex -18.7121 -88.0333 0
      vertex -23.2937 -86.9333 800
      vertex -18.7121 -88.0333 800
    endloop
  endfacet
  facet normal 0.233456 0.972367 0
    outer loop
      vertex -23.2937 -86.9333 800
      vertex -18.7121 -88.0333 0
      vertex -23.2937 -86.9333 0
    endloop
  endfacet
  facet normal 0.996917 -0.0784618 0
    outer loop
      vertex -89.8767 4.71024 800
      vertex -89.507 9.40756 0
      vertex -89.507 9.40756 800
    endloop
  endfacet
  facet normal 0.996917 -0.0784618 0
    outer loop
      vertex -89.507 9.40756 0
      vertex -89.8767 4.71024 800
      vertex -89.8767 4.71024 0
    endloop
  endfacet
  facet normal -0.972367 0.233456 0
    outer loop
      vertex 86.9333 -23.2937 0
      vertex 88.0333 -18.7121 800
      vertex 88.0333 -18.7121 0
    endloop
  endfacet
  facet normal -0.972367 0.233456 0
    outer loop
      vertex 88.0333 -18.7121 800
      vertex 86.9333 -23.2937 0
      vertex 86.9333 -23.2937 800
    endloop
  endfacet
  facet normal -0.026168 0.999658 0
    outer loop
      vertex 4.71024 -89.8767 0
      vertex 0 -90 800
      vertex 4.71024 -89.8767 800
    endloop
  endfacet
  facet normal -0.026168 0.999658 0
    outer loop
      vertex 0 -90 800
      vertex 4.71024 -89.8767 0
      vertex 0 -90 0
    endloop
  endfacet
  facet normal 0.0784618 -0.996917 0
    outer loop
      vertex -9.40756 89.507 0
      vertex -4.71024 89.8767 800
      vertex -9.40756 89.507 800
    endloop
  endfacet
  facet normal 0.0784618 -0.996917 0
    outer loop
      vertex -4.71024 89.8767 800
      vertex -9.40756 89.507 0
      vertex -4.71024 89.8767 0
    endloop
  endfacet
  facet normal 0.923884 0.382674 0
    outer loop
      vertex -82.2191 -36.6063 800
      vertex -84.0222 -32.2531 0
      vertex -84.0222 -32.2531 800
    endloop
  endfacet
  facet normal 0.923884 0.382674 0
    outer loop
      vertex -84.0222 -32.2531 0
      vertex -82.2191 -36.6063 800
      vertex -82.2191 -36.6063 0
    endloop
  endfacet
  facet normal 0.942638 0.333816 0
    outer loop
      vertex -84.0222 -32.2531 800
      vertex -85.5951 -27.8115 0
      vertex -85.5951 -27.8115 800
    endloop
  endfacet
  facet normal 0.942638 0.333816 0
    outer loop
      vertex -85.5951 -27.8115 0
      vertex -84.0222 -32.2531 800
      vertex -84.0222 -32.2531 0
    endloop
  endfacet
  facet normal 0.382674 -0.923884 0
    outer loop
      vertex -36.6063 82.2191 0
      vertex -32.2531 84.0222 800
      vertex -36.6063 82.2191 800
    endloop
  endfacet
  facet normal 0.382674 -0.923884 0
    outer loop
      vertex -32.2531 84.0222 800
      vertex -36.6063 82.2191 0
      vertex -32.2531 84.0222 0
    endloop
  endfacet
  facet normal -0.958822 -0.284009 0
    outer loop
      vertex 86.9333 23.2937 0
      vertex 85.5951 27.8115 800
      vertex 85.5951 27.8115 0
    endloop
  endfacet
  facet normal -0.958822 -0.284009 0
    outer loop
      vertex 85.5951 27.8115 800
      vertex 86.9333 23.2937 0
      vertex 86.9333 23.2937 800
    endloop
  endfacet
  facet normal 0.972367 0.233456 0
    outer loop
      vertex -86.9333 -23.2937 800
      vertex -88.0333 -18.7121 0
      vertex -88.0333 -18.7121 800
    endloop
  endfacet
  facet normal 0.972367 0.233456 0
    outer loop
      vertex -88.0333 -18.7121 0
      vertex -86.9333 -23.2937 800
      vertex -86.9333 -23.2937 0
    endloop
  endfacet
  facet normal 0.902584 -0.430514 0
    outer loop
      vertex -82.2191 36.6063 800
      vertex -80.1906 40.8591 0
      vertex -80.1906 40.8591 800
    endloop
  endfacet
  facet normal 0.902584 -0.430514 0
    outer loop
      vertex -80.1906 40.8591 0
      vertex -82.2191 36.6063 800
      vertex -82.2191 36.6063 0
    endloop
  endfacet
  facet normal -0.725371 0.688358 0
    outer loop
      vertex 63.6396 -63.6396 0
      vertex 66.883 -60.2218 800
      vertex 66.883 -60.2218 0
    endloop
  endfacet
  facet normal -0.725371 0.688358 0
    outer loop
      vertex 66.883 -60.2218 800
      vertex 63.6396 -63.6396 0
      vertex 63.6396 -63.6396 800
    endloop
  endfacet
  facet normal -0.824131 -0.566399 0
    outer loop
      vertex 75.4803 49.0175 0
      vertex 72.8115 52.9007 800
      vertex 72.8115 52.9007 0
    endloop
  endfacet
  facet normal -0.824131 -0.566399 0
    outer loop
      vertex 72.8115 52.9007 800
      vertex 75.4803 49.0175 0
      vertex 75.4803 49.0175 800
    endloop
  endfacet
  facet normal 0.996917 0.0784618 0
    outer loop
      vertex -89.507 -9.40756 800
      vertex -89.8767 -4.71024 0
      vertex -89.8767 -4.71024 800
    endloop
  endfacet
  facet normal 0.996917 0.0784618 0
    outer loop
      vertex -89.8767 -4.71024 0
      vertex -89.507 -9.40756 800
      vertex -89.507 -9.40756 0
    endloop
  endfacet
  facet normal -0.983254 0.18224 0
    outer loop
      vertex 88.0333 -18.7121 0
      vertex 88.892 -14.0791 800
      vertex 88.892 -14.0791 0
    endloop
  endfacet
  facet normal -0.983254 0.18224 0
    outer loop
      vertex 88.892 -14.0791 800
      vertex 88.0333 -18.7121 0
      vertex 88.0333 -18.7121 800
    endloop
  endfacet
  facet normal -0.852633 -0.52251 0
    outer loop
      vertex 77.9423 45 0
      vertex 75.4803 49.0175 800
      vertex 75.4803 49.0175 0
    endloop
  endfacet
  facet normal -0.852633 -0.52251 0
    outer loop
      vertex 75.4803 49.0175 800
      vertex 77.9423 45 0
      vertex 77.9423 45 800
    endloop
  endfacet
  facet normal -0.477155 -0.878819 0
    outer loop
      vertex 40.8591 80.1906 0
      vertex 45 77.9423 800
      vertex 40.8591 80.1906 800
    endloop
  endfacet
  facet normal -0.477155 -0.878819 -0
    outer loop
      vertex 45 77.9423 800
      vertex 40.8591 80.1906 0
      vertex 45 77.9423 0
    endloop
  endfacet
  facet normal 0.983254 0.18224 0
    outer loop
      vertex -88.0333 -18.7121 800
      vertex -88.892 -14.0791 0
      vertex -88.892 -14.0791 800
    endloop
  endfacet
  facet normal 0.983254 0.18224 0
    outer loop
      vertex -88.892 -14.0791 0
      vertex -88.0333 -18.7121 800
      vertex -88.0333 -18.7121 0
    endloop
  endfacet
  facet normal -0.026168 -0.999658 0
    outer loop
      vertex 0 90 0
      vertex 4.71024 89.8767 800
      vertex 0 90 800
    endloop
  endfacet
  facet normal -0.026168 -0.999658 -0
    outer loop
      vertex 4.71024 89.8767 800
      vertex 0 90 0
      vertex 4.71024 89.8767 0
    endloop
  endfacet
  facet normal 0.852633 0.52251 0
    outer loop
      vertex -75.4803 -49.0175 800
      vertex -77.9423 -45 0
      vertex -77.9423 -45 800
    endloop
  endfacet
  facet normal 0.852633 0.52251 0
    outer loop
      vertex -77.9423 -45 0
      vertex -75.4803 -49.0175 800
      vertex -75.4803 -49.0175 0
    endloop
  endfacet
  facet normal -0.130522 -0.991445 0
    outer loop
      vertex 9.40756 89.507 0
      vertex 14.0791 88.892 800
      vertex 9.40756 89.507 800
    endloop
  endfacet
  facet normal -0.130522 -0.991445 -0
    outer loop
      vertex 14.0791 88.892 800
      vertex 9.40756 89.507 0
      vertex 14.0791 88.892 0
    endloop
  endfacet
  facet normal -0.793348 0.608769 0
    outer loop
      vertex 69.9431 -56.6388 0
      vertex 72.8115 -52.9007 800
      vertex 72.8115 -52.9007 0
    endloop
  endfacet
  facet normal -0.793348 0.608769 0
    outer loop
      vertex 72.8115 -52.9007 800
      vertex 69.9431 -56.6388 0
      vertex 69.9431 -56.6388 800
    endloop
  endfacet
  facet normal 0.999658 0.026168 0
    outer loop
      vertex -89.8767 -4.71024 800
      vertex -90 0 0
      vertex -90 0 800
    endloop
  endfacet
  facet normal 0.999658 0.026168 0
    outer loop
      vertex -90 0 0
      vertex -89.8767 -4.71024 800
      vertex -89.8767 -4.71024 0
    endloop
  endfacet
  facet normal 0.824131 0.566399 0
    outer loop
      vertex -72.8115 -52.9007 800
      vertex -75.4803 -49.0175 0
      vertex -75.4803 -49.0175 800
    endloop
  endfacet
  facet normal 0.824131 0.566399 0
    outer loop
      vertex -75.4803 -49.0175 0
      vertex -72.8115 -52.9007 800
      vertex -72.8115 -52.9007 0
    endloop
  endfacet
  facet normal 0.991445 0.130522 0
    outer loop
      vertex -88.892 -14.0791 800
      vertex -89.507 -9.40756 0
      vertex -89.507 -9.40756 800
    endloop
  endfacet
  facet normal 0.991445 0.130522 0
    outer loop
      vertex -89.507 -9.40756 0
      vertex -88.892 -14.0791 800
      vertex -88.892 -14.0791 0
    endloop
  endfacet
  facet normal -0.958822 0.284009 0
    outer loop
      vertex 85.5951 -27.8115 0
      vertex 86.9333 -23.2937 800
      vertex 86.9333 -23.2937 0
    endloop
  endfacet
  facet normal -0.958822 0.284009 0
    outer loop
      vertex 86.9333 -23.2937 800
      vertex 85.5951 -27.8115 0
      vertex 85.5951 -27.8115 800
    endloop
  endfacet
  facet normal -0.233456 0.972367 0
    outer loop
      vertex 23.2937 -86.9333 0
      vertex 18.7121 -88.0333 800
      vertex 23.2937 -86.9333 800
    endloop
  endfacet
  facet normal -0.233456 0.972367 0
    outer loop
      vertex 18.7121 -88.0333 800
      vertex 23.2937 -86.9333 0
      vertex 18.7121 -88.0333 0
    endloop
  endfacet
  facet normal 0.688358 -0.725371 0
    outer loop
      vertex -63.6396 63.6396 0
      vertex -60.2218 66.883 800
      vertex -63.6396 63.6396 800
    endloop
  endfacet
  facet normal 0.688358 -0.725371 0
    outer loop
      vertex -60.2218 66.883 800
      vertex -63.6396 63.6396 0
      vertex -60.2218 66.883 0
    endloop
  endfacet
  facet normal -0.793348 -0.608769 0
    outer loop
      vertex 72.8115 52.9007 0
      vertex 69.9431 56.6388 800
      vertex 69.9431 56.6388 0
    endloop
  endfacet
  facet normal -0.793348 -0.608769 0
    outer loop
      vertex 69.9431 56.6388 800
      vertex 72.8115 52.9007 0
      vertex 72.8115 52.9007 800
    endloop
  endfacet
  facet normal 0.0784618 0.996917 -0
    outer loop
      vertex -4.71024 -89.8767 0
      vertex -9.40756 -89.507 800
      vertex -4.71024 -89.8767 800
    endloop
  endfacet
  facet normal 0.0784618 0.996917 0
    outer loop
      vertex -9.40756 -89.507 800
      vertex -4.71024 -89.8767 0
      vertex -9.40756 -89.507 0
    endloop
  endfacet
  facet normal -0.991445 0.130522 0
    outer loop
      vertex 88.892 -14.0791 0
      vertex 89.507 -9.40756 800
      vertex 89.507 -9.40756 0
    endloop
  endfacet
  facet normal -0.991445 0.130522 0
    outer loop
      vertex 89.507 -9.40756 800
      vertex 88.892 -14.0791 0
      vertex 88.892 -14.0791 800
    endloop
  endfacet
  facet normal 0.760413 0.649439 0
    outer loop
      vertex -66.883 -60.2218 800
      vertex -69.9431 -56.6388 0
      vertex -69.9431 -56.6388 800
    endloop
  endfacet
  facet normal 0.760413 0.649439 0
    outer loop
      vertex -69.9431 -56.6388 0
      vertex -66.883 -60.2218 800
      vertex -66.883 -60.2218 0
    endloop
  endfacet
  facet normal -0.878819 -0.477155 0
    outer loop
      vertex 80.1906 40.8591 0
      vertex 77.9423 45 800
      vertex 77.9423 45 0
    endloop
  endfacet
  facet normal -0.878819 -0.477155 0
    outer loop
      vertex 77.9423 45 800
      vertex 80.1906 40.8591 0
      vertex 80.1906 40.8591 800
    endloop
  endfacet
  facet normal 0.958822 -0.284009 0
    outer loop
      vertex -86.9333 23.2937 800
      vertex -85.5951 27.8115 0
      vertex -85.5951 27.8115 800
    endloop
  endfacet
  facet normal 0.958822 -0.284009 0
    outer loop
      vertex -85.5951 27.8115 0
      vertex -86.9333 23.2937 800
      vertex -86.9333 23.2937 0
    endloop
  endfacet
  facet normal 0.608769 -0.793348 0
    outer loop
      vertex -56.6388 69.9431 0
      vertex -52.9007 72.8115 800
      vertex -56.6388 69.9431 800
    endloop
  endfacet
  facet normal 0.608769 -0.793348 0
    outer loop
      vertex -52.9007 72.8115 800
      vertex -56.6388 69.9431 0
      vertex -52.9007 72.8115 0
    endloop
  endfacet
  facet normal -0.824131 0.566399 0
    outer loop
      vertex 72.8115 -52.9007 0
      vertex 75.4803 -49.0175 800
      vertex 75.4803 -49.0175 0
    endloop
  endfacet
  facet normal -0.824131 0.566399 0
    outer loop
      vertex 75.4803 -49.0175 800
      vertex 72.8115 -52.9007 0
      vertex 72.8115 -52.9007 800
    endloop
  endfacet
  facet normal 0.333816 0.942638 -0
    outer loop
      vertex -27.8115 -85.5951 0
      vertex -32.2531 -84.0222 800
      vertex -27.8115 -85.5951 800
    endloop
  endfacet
  facet normal 0.333816 0.942638 0
    outer loop
      vertex -32.2531 -84.0222 800
      vertex -27.8115 -85.5951 0
      vertex -32.2531 -84.0222 0
    endloop
  endfacet
  facet normal -0.923884 0.382674 0
    outer loop
      vertex 82.2191 -36.6063 0
      vertex 84.0222 -32.2531 800
      vertex 84.0222 -32.2531 0
    endloop
  endfacet
  facet normal -0.923884 0.382674 0
    outer loop
      vertex 84.0222 -32.2531 800
      vertex 82.2191 -36.6063 0
      vertex 82.2191 -36.6063 800
    endloop
  endfacet
  facet normal -0.942638 0.333816 0
    outer loop
      vertex 84.0222 -32.2531 0
      vertex 85.5951 -27.8115 800
      vertex 85.5951 -27.8115 0
    endloop
  endfacet
  facet normal -0.942638 0.333816 0
    outer loop
      vertex 85.5951 -27.8115 800
      vertex 84.0222 -32.2531 0
      vertex 84.0222 -32.2531 800
    endloop
  endfacet
  facet normal -0.649439 -0.760413 0
    outer loop
      vertex 56.6388 69.9431 0
      vertex 60.2218 66.883 800
      vertex 56.6388 69.9431 800
    endloop
  endfacet
  facet normal -0.649439 -0.760413 -0
    outer loop
      vertex 60.2218 66.883 800
      vertex 56.6388 69.9431 0
      vertex 60.2218 66.883 0
    endloop
  endfacet
  facet normal 0.793348 -0.608769 0
    outer loop
      vertex -72.8115 52.9007 800
      vertex -69.9431 56.6388 0
      vertex -69.9431 56.6388 800
    endloop
  endfacet
  facet normal 0.793348 -0.608769 0
    outer loop
      vertex -69.9431 56.6388 0
      vertex -72.8115 52.9007 800
      vertex -72.8115 52.9007 0
    endloop
  endfacet
  facet normal 0.793348 0.608769 0
    outer loop
      vertex -69.9431 -56.6388 800
      vertex -72.8115 -52.9007 0
      vertex -72.8115 -52.9007 800
    endloop
  endfacet
  facet normal 0.793348 0.608769 0
    outer loop
      vertex -72.8115 -52.9007 0
      vertex -69.9431 -56.6388 800
      vertex -69.9431 -56.6388 0
    endloop
  endfacet
  facet normal -0.649439 0.760413 0
    outer loop
      vertex 60.2218 -66.883 0
      vertex 56.6388 -69.9431 800
      vertex 60.2218 -66.883 800
    endloop
  endfacet
  facet normal -0.649439 0.760413 0
    outer loop
      vertex 56.6388 -69.9431 800
      vertex 60.2218 -66.883 0
      vertex 56.6388 -69.9431 0
    endloop
  endfacet
  facet normal -0.688358 -0.725371 0
    outer loop
      vertex 60.2218 66.883 0
      vertex 63.6396 63.6396 800
      vertex 60.2218 66.883 800
    endloop
  endfacet
  facet normal -0.688358 -0.725371 -0
    outer loop
      vertex 63.6396 63.6396 800
      vertex 60.2218 66.883 0
      vertex 63.6396 63.6396 0
    endloop
  endfacet
  facet normal 0.983254 -0.18224 0
    outer loop
      vertex -88.892 14.0791 800
      vertex -88.0333 18.7121 0
      vertex -88.0333 18.7121 800
    endloop
  endfacet
  facet normal 0.983254 -0.18224 0
    outer loop
      vertex -88.0333 18.7121 0
      vertex -88.892 14.0791 800
      vertex -88.892 14.0791 0
    endloop
  endfacet
  facet normal 0.923884 -0.382674 0
    outer loop
      vertex -84.0222 32.2531 800
      vertex -82.2191 36.6063 0
      vertex -82.2191 36.6063 800
    endloop
  endfacet
  facet normal 0.923884 -0.382674 0
    outer loop
      vertex -82.2191 36.6063 0
      vertex -84.0222 32.2531 800
      vertex -84.0222 32.2531 0
    endloop
  endfacet
  facet normal 0.130522 -0.991445 0
    outer loop
      vertex -14.0791 88.892 0
      vertex -9.40756 89.507 800
      vertex -14.0791 88.892 800
    endloop
  endfacet
  facet normal 0.130522 -0.991445 0
    outer loop
      vertex -9.40756 89.507 800
      vertex -14.0791 88.892 0
      vertex -9.40756 89.507 0
    endloop
  endfacet
  facet normal -0.999658 0.026168 0
    outer loop
      vertex 89.8767 -4.71024 0
      vertex 90 0 800
      vertex 90 0 0
    endloop
  endfacet
  facet normal -0.999658 0.026168 0
    outer loop
      vertex 90 0 800
      vertex 89.8767 -4.71024 0
      vertex 89.8767 -4.71024 800
    endloop
  endfacet
  facet normal 0.760413 -0.649439 0
    outer loop
      vertex -69.9431 56.6388 800
      vertex -66.883 60.2218 0
      vertex -66.883 60.2218 800
    endloop
  endfacet
  facet normal 0.760413 -0.649439 0
    outer loop
      vertex -66.883 60.2218 0
      vertex -69.9431 56.6388 800
      vertex -69.9431 56.6388 0
    endloop
  endfacet
  facet normal -0.608769 0.793348 0
    outer loop
      vertex 56.6388 -69.9431 0
      vertex 52.9007 -72.8115 800
      vertex 56.6388 -69.9431 800
    endloop
  endfacet
  facet normal -0.608769 0.793348 0
    outer loop
      vertex 52.9007 -72.8115 800
      vertex 56.6388 -69.9431 0
      vertex 52.9007 -72.8115 0
    endloop
  endfacet
  facet normal -0.284009 0.958822 0
    outer loop
      vertex 27.8115 -85.5951 0
      vertex 23.2937 -86.9333 800
      vertex 27.8115 -85.5951 800
    endloop
  endfacet
  facet normal -0.284009 0.958822 0
    outer loop
      vertex 23.2937 -86.9333 800
      vertex 27.8115 -85.5951 0
      vertex 23.2937 -86.9333 0
    endloop
  endfacet
  facet normal 0.430514 0.902584 -0
    outer loop
      vertex -36.6063 -82.2191 0
      vertex -40.8591 -80.1906 800
      vertex -36.6063 -82.2191 800
    endloop
  endfacet
  facet normal 0.430514 0.902584 0
    outer loop
      vertex -40.8591 -80.1906 800
      vertex -36.6063 -82.2191 0
      vertex -40.8591 -80.1906 0
    endloop
  endfacet
  facet normal -0.725371 -0.688358 0
    outer loop
      vertex 66.883 60.2218 0
      vertex 63.6396 63.6396 800
      vertex 63.6396 63.6396 0
    endloop
  endfacet
  facet normal -0.725371 -0.688358 0
    outer loop
      vertex 63.6396 63.6396 800
      vertex 66.883 60.2218 0
      vertex 66.883 60.2218 800
    endloop
  endfacet
  facet normal -0.852633 0.52251 0
    outer loop
      vertex 75.4803 -49.0175 0
      vertex 77.9423 -45 800
      vertex 77.9423 -45 0
    endloop
  endfacet
  facet normal -0.852633 0.52251 0
    outer loop
      vertex 77.9423 -45 800
      vertex 75.4803 -49.0175 0
      vertex 75.4803 -49.0175 800
    endloop
  endfacet
  facet normal -0.923884 -0.382674 0
    outer loop
      vertex 84.0222 32.2531 0
      vertex 82.2191 36.6063 800
      vertex 82.2191 36.6063 0
    endloop
  endfacet
  facet normal -0.923884 -0.382674 0
    outer loop
      vertex 82.2191 36.6063 800
      vertex 84.0222 32.2531 0
      vertex 84.0222 32.2531 800
    endloop
  endfacet
  facet normal 0.878819 0.477155 0
    outer loop
      vertex -77.9423 -45 800
      vertex -80.1906 -40.8591 0
      vertex -80.1906 -40.8591 800
    endloop
  endfacet
  facet normal 0.878819 0.477155 0
    outer loop
      vertex -80.1906 -40.8591 0
      vertex -77.9423 -45 800
      vertex -77.9423 -45 0
    endloop
  endfacet
  facet normal -0.566399 -0.824131 0
    outer loop
      vertex 49.0175 75.4803 0
      vertex 52.9007 72.8115 800
      vertex 49.0175 75.4803 800
    endloop
  endfacet
  facet normal -0.566399 -0.824131 -0
    outer loop
      vertex 52.9007 72.8115 800
      vertex 49.0175 75.4803 0
      vertex 52.9007 72.8115 0
    endloop
  endfacet
  facet normal -0.18224 -0.983254 0
    outer loop
      vertex 14.0791 88.892 0
      vertex 18.7121 88.0333 800
      vertex 14.0791 88.892 800
    endloop
  endfacet
  facet normal -0.18224 -0.983254 -0
    outer loop
      vertex 18.7121 88.0333 800
      vertex 14.0791 88.892 0
      vertex 18.7121 88.0333 0
    endloop
  endfacet
  facet normal -0.52251 -0.852633 0
    outer loop
      vertex 45 77.9423 0
      vertex 49.0175 75.4803 800
      vertex 45 77.9423 800
    endloop
  endfacet
  facet normal -0.52251 -0.852633 -0
    outer loop
      vertex 49.0175 75.4803 800
      vertex 45 77.9423 0
      vertex 49.0175 75.4803 0
    endloop
  endfacet
  facet normal 0.18224 0.983254 -0
    outer loop
      vertex -14.0791 -88.892 0
      vertex -18.7121 -88.0333 800
      vertex -14.0791 -88.892 800
    endloop
  endfacet
  facet normal 0.18224 0.983254 0
    outer loop
      vertex -18.7121 -88.0333 800
      vertex -14.0791 -88.892 0
      vertex -18.7121 -88.0333 0
    endloop
  endfacet
  facet normal -0.983254 -0.18224 0
    outer loop
      vertex 88.892 14.0791 0
      vertex 88.0333 18.7121 800
      vertex 88.0333 18.7121 0
    endloop
  endfacet
  facet normal -0.983254 -0.18224 0
    outer loop
      vertex 88.0333 18.7121 800
      vertex 88.892 14.0791 0
      vertex 88.892 14.0791 800
    endloop
  endfacet
  facet normal 0.942638 -0.333816 0
    outer loop
      vertex -85.5951 27.8115 800
      vertex -84.0222 32.2531 0
      vertex -84.0222 32.2531 800
    endloop
  endfacet
  facet normal 0.942638 -0.333816 0
    outer loop
      vertex -84.0222 32.2531 0
      vertex -85.5951 27.8115 800
      vertex -85.5951 27.8115 0
    endloop
  endfacet
  facet normal -0.902584 -0.430514 0
    outer loop
      vertex 82.2191 36.6063 0
      vertex 80.1906 40.8591 800
      vertex 80.1906 40.8591 0
    endloop
  endfacet
  facet normal -0.902584 -0.430514 0
    outer loop
      vertex 80.1906 40.8591 800
      vertex 82.2191 36.6063 0
      vertex 82.2191 36.6063 800
    endloop
  endfacet
  facet normal -0.902584 0.430514 0
    outer loop
      vertex 80.1906 -40.8591 0
      vertex 82.2191 -36.6063 800
      vertex 82.2191 -36.6063 0
    endloop
  endfacet
  facet normal -0.902584 0.430514 0
    outer loop
      vertex 82.2191 -36.6063 800
      vertex 80.1906 -40.8591 0
      vertex 80.1906 -40.8591 800
    endloop
  endfacet
  facet normal -0.333816 -0.942638 0
    outer loop
      vertex 27.8115 85.5951 0
      vertex 32.2531 84.0222 800
      vertex 27.8115 85.5951 800
    endloop
  endfacet
  facet normal -0.333816 -0.942638 -0
    outer loop
      vertex 32.2531 84.0222 800
      vertex 27.8115 85.5951 0
      vertex 32.2531 84.0222 0
    endloop
  endfacet
  facet normal -0.18224 0.983254 0
    outer loop
      vertex 18.7121 -88.0333 0
      vertex 14.0791 -88.892 800
      vertex 18.7121 -88.0333 800
    endloop
  endfacet
  facet normal -0.18224 0.983254 0
    outer loop
      vertex 14.0791 -88.892 800
      vertex 18.7121 -88.0333 0
      vertex 14.0791 -88.892 0
    endloop
  endfacet
  facet normal 0.18224 -0.983254 0
    outer loop
      vertex -18.7121 88.0333 0
      vertex -14.0791 88.892 800
      vertex -18.7121 88.0333 800
    endloop
  endfacet
  facet normal 0.18224 -0.983254 0
    outer loop
      vertex -14.0791 88.892 800
      vertex -18.7121 88.0333 0
      vertex -14.0791 88.892 0
    endloop
  endfacet
  facet normal 0.999658 -0.026168 0
    outer loop
      vertex -90 0 800
      vertex -89.8767 4.71024 0
      vertex -89.8767 4.71024 800
    endloop
  endfacet
  facet normal 0.999658 -0.026168 0
    outer loop
      vertex -89.8767 4.71024 0
      vertex -90 0 800
      vertex -90 0 0
    endloop
  endfacet
  facet normal -0.972367 -0.233456 0
    outer loop
      vertex 88.0333 18.7121 0
      vertex 86.9333 23.2937 800
      vertex 86.9333 23.2937 0
    endloop
  endfacet
  facet normal -0.972367 -0.233456 0
    outer loop
      vertex 86.9333 23.2937 800
      vertex 88.0333 18.7121 0
      vertex 88.0333 18.7121 800
    endloop
  endfacet
  facet normal -0.942638 -0.333816 0
    outer loop
      vertex 85.5951 27.8115 0
      vertex 84.0222 32.2531 800
      vertex 84.0222 32.2531 0
    endloop
  endfacet
  facet normal -0.942638 -0.333816 0
    outer loop
      vertex 84.0222 32.2531 800
      vertex 85.5951 27.8115 0
      vertex 85.5951 27.8115 800
    endloop
  endfacet
  facet normal 0.649439 -0.760413 0
    outer loop
      vertex -60.2218 66.883 0
      vertex -56.6388 69.9431 800
      vertex -60.2218 66.883 800
    endloop
  endfacet
  facet normal 0.649439 -0.760413 0
    outer loop
      vertex -56.6388 69.9431 800
      vertex -60.2218 66.883 0
      vertex -56.6388 69.9431 0
    endloop
  endfacet
  facet normal 0.958822 0.284009 0
    outer loop
      vertex -85.5951 -27.8115 800
      vertex -86.9333 -23.2937 0
      vertex -86.9333 -23.2937 800
    endloop
  endfacet
  facet normal 0.958822 0.284009 0
    outer loop
      vertex -86.9333 -23.2937 0
      vertex -85.5951 -27.8115 800
      vertex -85.5951 -27.8115 0
    endloop
  endfacet
  facet normal 0.382674 0.923884 -0
    outer loop
      vertex -32.2531 -84.0222 0
      vertex -36.6063 -82.2191 800
      vertex -32.2531 -84.0222 800
    endloop
  endfacet
  facet normal 0.382674 0.923884 0
    outer loop
      vertex -36.6063 -82.2191 800
      vertex -32.2531 -84.0222 0
      vertex -36.6063 -82.2191 0
    endloop
  endfacet
  facet normal 0.725371 0.688358 0
    outer loop
      vertex -63.6396 -63.6396 800
      vertex -66.883 -60.2218 0
      vertex -66.883 -60.2218 800
    endloop
  endfacet
  facet normal 0.725371 0.688358 0
    outer loop
      vertex -66.883 -60.2218 0
      vertex -63.6396 -63.6396 800
      vertex -63.6396 -63.6396 0
    endloop
  endfacet
  facet normal 0.430514 -0.902584 0
    outer loop
      vertex -40.8591 80.1906 0
      vertex -36.6063 82.2191 800
      vertex -40.8591 80.1906 800
    endloop
  endfacet
  facet normal 0.430514 -0.902584 0
    outer loop
      vertex -36.6063 82.2191 800
      vertex -40.8591 80.1906 0
      vertex -36.6063 82.2191 0
    endloop
  endfacet
  facet normal -0.878819 0.477155 0
    outer loop
      vertex 77.9423 -45 0
      vertex 80.1906 -40.8591 800
      vertex 80.1906 -40.8591 0
    endloop
  endfacet
  facet normal -0.878819 0.477155 0
    outer loop
      vertex 80.1906 -40.8591 800
      vertex 77.9423 -45 0
      vertex 77.9423 -45 800
    endloop
  endfacet
  facet normal 0.477155 0.878819 -0
    outer loop
      vertex -40.8591 -80.1906 0
      vertex -45 -77.9423 800
      vertex -40.8591 -80.1906 800
    endloop
  endfacet
  facet normal 0.477155 0.878819 0
    outer loop
      vertex -45 -77.9423 800
      vertex -40.8591 -80.1906 0
      vertex -45 -77.9423 0
    endloop
  endfacet
  facet normal -0.130522 0.991445 0
    outer loop
      vertex 14.0791 -88.892 0
      vertex 9.40756 -89.507 800
      vertex 14.0791 -88.892 800
    endloop
  endfacet
  facet normal -0.130522 0.991445 0
    outer loop
      vertex 9.40756 -89.507 800
      vertex 14.0791 -88.892 0
      vertex 9.40756 -89.507 0
    endloop
  endfacet
  facet normal 0.233456 -0.972367 0
    outer loop
      vertex -23.2937 86.9333 0
      vertex -18.7121 88.0333 800
      vertex -23.2937 86.9333 800
    endloop
  endfacet
  facet normal 0.233456 -0.972367 0
    outer loop
      vertex -18.7121 88.0333 800
      vertex -23.2937 86.9333 0
      vertex -18.7121 88.0333 0
    endloop
  endfacet
  facet normal 0.972367 -0.233456 0
    outer loop
      vertex -88.0333 18.7121 800
      vertex -86.9333 23.2937 0
      vertex -86.9333 23.2937 800
    endloop
  endfacet
  facet normal 0.972367 -0.233456 0
    outer loop
      vertex -86.9333 23.2937 0
      vertex -88.0333 18.7121 800
      vertex -88.0333 18.7121 0
    endloop
  endfacet
  facet normal -0.477155 0.878819 0
    outer loop
      vertex 45 -77.9423 0
      vertex 40.8591 -80.1906 800
      vertex 45 -77.9423 800
    endloop
  endfacet
  facet normal -0.477155 0.878819 0
    outer loop
      vertex 40.8591 -80.1906 800
      vertex 45 -77.9423 0
      vertex 40.8591 -80.1906 0
    endloop
  endfacet
  facet normal -0.382674 -0.923884 0
    outer loop
      vertex 32.2531 84.0222 0
      vertex 36.6063 82.2191 800
      vertex 32.2531 84.0222 800
    endloop
  endfacet
  facet normal -0.382674 -0.923884 -0
    outer loop
      vertex 36.6063 82.2191 800
      vertex 32.2531 84.0222 0
      vertex 36.6063 82.2191 0
    endloop
  endfacet
  facet normal 0.608769 0.793348 -0
    outer loop
      vertex -52.9007 -72.8115 0
      vertex -56.6388 -69.9431 800
      vertex -52.9007 -72.8115 800
    endloop
  endfacet
  facet normal 0.608769 0.793348 0
    outer loop
      vertex -56.6388 -69.9431 800
      vertex -52.9007 -72.8115 0
      vertex -56.6388 -69.9431 0
    endloop
  endfacet
  facet normal -0.760413 -0.649439 0
    outer loop
      vertex 69.9431 56.6388 0
      vertex 66.883 60.2218 800
      vertex 66.883 60.2218 0
    endloop
  endfacet
  facet normal -0.760413 -0.649439 0
    outer loop
      vertex 66.883 60.2218 800
      vertex 69.9431 56.6388 0
      vertex 69.9431 56.6388 800
    endloop
  endfacet
  facet normal 0.566399 -0.824131 0
    outer loop
      vertex -52.9007 72.8115 0
      vertex -49.0175 75.4803 800
      vertex -52.9007 72.8115 800
    endloop
  endfacet
  facet normal 0.566399 -0.824131 0
    outer loop
      vertex -49.0175 75.4803 800
      vertex -52.9007 72.8115 0
      vertex -49.0175 75.4803 0
    endloop
  endfacet
  facet normal 0.130522 0.991445 -0
    outer loop
      vertex -9.40756 -89.507 0
      vertex -14.0791 -88.892 800
      vertex -9.40756 -89.507 800
    endloop
  endfacet
  facet normal 0.130522 0.991445 0
    outer loop
      vertex -14.0791 -88.892 800
      vertex -9.40756 -89.507 0
      vertex -14.0791 -88.892 0
    endloop
  endfacet
  facet normal 0.566399 0.824131 -0
    outer loop
      vertex -49.0175 -75.4803 0
      vertex -52.9007 -72.8115 800
      vertex -49.0175 -75.4803 800
    endloop
  endfacet
  facet normal 0.566399 0.824131 0
    outer loop
      vertex -52.9007 -72.8115 800
      vertex -49.0175 -75.4803 0
      vertex -52.9007 -72.8115 0
    endloop
  endfacet
  facet normal 0.824131 -0.566399 0
    outer loop
      vertex -75.4803 49.0175 800
      vertex -72.8115 52.9007 0
      vertex -72.8115 52.9007 800
    endloop
  endfacet
  facet normal 0.824131 -0.566399 0
    outer loop
      vertex -72.8115 52.9007 0
      vertex -75.4803 49.0175 800
      vertex -75.4803 49.0175 0
    endloop
  endfacet
  facet normal 0.284009 0.958822 -0
    outer loop
      vertex -23.2937 -86.9333 0
      vertex -27.8115 -85.5951 800
      vertex -23.2937 -86.9333 800
    endloop
  endfacet
  facet normal 0.284009 0.958822 0
    outer loop
      vertex -27.8115 -85.5951 800
      vertex -23.2937 -86.9333 0
      vertex -27.8115 -85.5951 0
    endloop
  endfacet
  facet normal 0.725371 -0.688358 0
    outer loop
      vertex -66.883 60.2218 800
      vertex -63.6396 63.6396 0
      vertex -63.6396 63.6396 800
    endloop
  endfacet
  facet normal 0.725371 -0.688358 0
    outer loop
      vertex -63.6396 63.6396 0
      vertex -66.883 60.2218 800
      vertex -66.883 60.2218 0
    endloop
  endfacet
  facet normal 0.902584 0.430514 0
    outer loop
      vertex -80.1906 -40.8591 800
      vertex -82.2191 -36.6063 0
      vertex -82.2191 -36.6063 800
    endloop
  endfacet
  facet normal 0.902584 0.430514 0
    outer loop
      vertex -82.2191 -36.6063 0
      vertex -80.1906 -40.8591 800
      vertex -80.1906 -40.8591 0
    endloop
  endfacet
  facet normal -0.0784618 -0.996917 0
    outer loop
      vertex 4.71024 89.8767 0
      vertex 9.40756 89.507 800
      vertex 4.71024 89.8767 800
    endloop
  endfacet
  facet normal -0.0784618 -0.996917 -0
    outer loop
      vertex 9.40756 89.507 800
      vertex 4.71024 89.8767 0
      vertex 9.40756 89.507 0
    endloop
  endfacet
  facet normal 0.878819 -0.477155 0
    outer loop
      vertex -80.1906 40.8591 800
      vertex -77.9423 45 0
      vertex -77.9423 45 800
    endloop
  endfacet
  facet normal 0.878819 -0.477155 0
    outer loop
      vertex -77.9423 45 0
      vertex -80.1906 40.8591 800
      vertex -80.1906 40.8591 0
    endloop
  endfacet
  facet normal 0.52251 0.852633 -0
    outer loop
      vertex -45 -77.9423 0
      vertex -49.0175 -75.4803 800
      vertex -45 -77.9423 800
    endloop
  endfacet
  facet normal 0.52251 0.852633 0
    outer loop
      vertex -49.0175 -75.4803 800
      vertex -45 -77.9423 0
      vertex -49.0175 -75.4803 0
    endloop
  endfacet
  facet normal 0.284009 -0.958822 0
    outer loop
      vertex -27.8115 85.5951 0
      vertex -23.2937 86.9333 800
      vertex -27.8115 85.5951 800
    endloop
  endfacet
  facet normal 0.284009 -0.958822 0
    outer loop
      vertex -23.2937 86.9333 800
      vertex -27.8115 85.5951 0
      vertex -23.2937 86.9333 0
    endloop
  endfacet
  facet normal 0.688358 0.725371 -0
    outer loop
      vertex -60.2218 -66.883 0
      vertex -63.6396 -63.6396 800
      vertex -60.2218 -66.883 800
    endloop
  endfacet
  facet normal 0.688358 0.725371 0
    outer loop
      vertex -63.6396 -63.6396 800
      vertex -60.2218 -66.883 0
      vertex -63.6396 -63.6396 0
    endloop
  endfacet
  facet normal 0.991445 -0.130522 0
    outer loop
      vertex -89.507 9.40756 800
      vertex -88.892 14.0791 0
      vertex -88.892 14.0791 800
    endloop
  endfacet
  facet normal 0.991445 -0.130522 0
    outer loop
      vertex -88.892 14.0791 0
      vertex -89.507 9.40756 800
      vertex -89.507 9.40756 0
    endloop
  endfacet
  facet normal 0.852633 -0.52251 0
    outer loop
      vertex -77.9423 45 800
      vertex -75.4803 49.0175 0
      vertex -75.4803 49.0175 800
    endloop
  endfacet
  facet normal 0.852633 -0.52251 0
    outer loop
      vertex -75.4803 49.0175 0
      vertex -77.9423 45 800
      vertex -77.9423 45 0
    endloop
  endfacet
  facet normal -0.233456 -0.972367 0
    outer loop
      vertex 18.7121 88.0333 0
      vertex 23.2937 86.9333 800
      vertex 18.7121 88.0333 800
    endloop
  endfacet
  facet normal -0.233456 -0.972367 -0
    outer loop
      vertex 23.2937 86.9333 800
      vertex 18.7121 88.0333 0
      vertex 23.2937 86.9333 0
    endloop
  endfacet
  facet normal -0.333816 0.942638 0
    outer loop
      vertex 32.2531 -84.0222 0
      vertex 27.8115 -85.5951 800
      vertex 32.2531 -84.0222 800
    endloop
  endfacet
  facet normal -0.333816 0.942638 0
    outer loop
      vertex 27.8115 -85.5951 800
      vertex 32.2531 -84.0222 0
      vertex 27.8115 -85.5951 0
    endloop
  endfacet
  facet normal -0.382674 0.923884 0
    outer loop
      vertex 36.6063 -82.2191 0
      vertex 32.2531 -84.0222 800
      vertex 36.6063 -82.2191 800
    endloop
  endfacet
  facet normal -0.382674 0.923884 0
    outer loop
      vertex 32.2531 -84.0222 800
      vertex 36.6063 -82.2191 0
      vertex 32.2531 -84.0222 0
    endloop
  endfacet
  facet normal -0.688358 0.725371 0
    outer loop
      vertex 63.6396 -63.6396 0
      vertex 60.2218 -66.883 800
      vertex 63.6396 -63.6396 800
    endloop
  endfacet
  facet normal -0.688358 0.725371 0
    outer loop
      vertex 60.2218 -66.883 800
      vertex 63.6396 -63.6396 0
      vertex 60.2218 -66.883 0
    endloop
  endfacet
  facet normal -0.284009 -0.958822 0
    outer loop
      vertex 23.2937 86.9333 0
      vertex 27.8115 85.5951 800
      vertex 23.2937 86.9333 800
    endloop
  endfacet
  facet normal -0.284009 -0.958822 -0
    outer loop
      vertex 27.8115 85.5951 800
      vertex 23.2937 86.9333 0
      vertex 27.8115 85.5951 0
    endloop
  endfacet
  facet normal 0.477155 -0.878819 0
    outer loop
      vertex -45 77.9423 0
      vertex -40.8591 80.1906 800
      vertex -45 77.9423 800
    endloop
  endfacet
  facet normal 0.477155 -0.878819 0
    outer loop
      vertex -40.8591 80.1906 800
      vertex -45 77.9423 0
      vertex -40.8591 80.1906 0
    endloop
  endfacet
  facet normal 0.996916 0.0784719 0
    outer loop
      vertex 99.5634 5.21789 0
      vertex 99.1538 10.4215 -30
      vertex 99.1538 10.4215 0
    endloop
  endfacet
  facet normal 0.996916 0.0784719 0
    outer loop
      vertex 99.1538 10.4215 -30
      vertex 99.5634 5.21789 0
      vertex 99.5634 5.21789 -30
    endloop
  endfacet
  facet normal 0.999658 0.0261702 0
    outer loop
      vertex 99.7 0 0
      vertex 99.5634 5.21789 -30
      vertex 99.5634 5.21789 0
    endloop
  endfacet
  facet normal 0.999658 0.0261702 0
    outer loop
      vertex 99.5634 5.21789 -30
      vertex 99.7 0 0
      vertex 99.7 0 -30
    endloop
  endfacet
  facet normal 0.991445 0.130526 0
    outer loop
      vertex 99.1538 10.4215 0
      vertex 98.4725 15.5965 -30
      vertex 98.4725 15.5965 0
    endloop
  endfacet
  facet normal 0.991445 0.130526 0
    outer loop
      vertex 98.4725 15.5965 -30
      vertex 99.1538 10.4215 0
      vertex 99.1538 10.4215 -30
    endloop
  endfacet
  facet normal 0.477175 0.878808 -0
    outer loop
      vertex 49.85 86.3427 -30
      vertex 45.2629 88.8334 0
      vertex 49.85 86.3427 0
    endloop
  endfacet
  facet normal 0.477175 0.878808 0
    outer loop
      vertex 45.2629 88.8334 0
      vertex 49.85 86.3427 -30
      vertex 45.2629 88.8334 -30
    endloop
  endfacet
  facet normal -0.725371 -0.688358 0
    outer loop
      vertex -70.4985 -70.4985 -30
      vertex -74.0915 -66.7123 0
      vertex -74.0915 -66.7123 -30
    endloop
  endfacet
  facet normal -0.725371 -0.688358 0
    outer loop
      vertex -74.0915 -66.7123 0
      vertex -70.4985 -70.4985 -30
      vertex -70.4985 -70.4985 0
    endloop
  endfacet
  facet normal -0.38269 0.923877 0
    outer loop
      vertex -35.7293 93.078 -30
      vertex -40.5516 91.0805 0
      vertex -35.7293 93.078 0
    endloop
  endfacet
  facet normal -0.38269 0.923877 0
    outer loop
      vertex -40.5516 91.0805 0
      vertex -35.7293 93.078 -30
      vertex -40.5516 91.0805 -30
    endloop
  endfacet
  facet normal 0.878808 -0.477175 0
    outer loop
      vertex 86.3427 -49.85 0
      vertex 88.8334 -45.2629 -30
      vertex 88.8334 -45.2629 0
    endloop
  endfacet
  facet normal 0.878808 -0.477175 0
    outer loop
      vertex 88.8334 -45.2629 -30
      vertex 86.3427 -49.85 0
      vertex 86.3427 -49.85 -30
    endloop
  endfacet
  facet normal -0.996916 0.0784719 0
    outer loop
      vertex -99.5634 5.21789 -30
      vertex -99.1538 10.4215 0
      vertex -99.1538 10.4215 -30
    endloop
  endfacet
  facet normal -0.996916 0.0784719 0
    outer loop
      vertex -99.1538 10.4215 0
      vertex -99.5634 5.21789 -30
      vertex -99.5634 5.21789 0
    endloop
  endfacet
  facet normal 0.958818 0.284022 0
    outer loop
      vertex 96.3028 25.8043 0
      vertex 94.8203 30.809 -30
      vertex 94.8203 30.809 0
    endloop
  endfacet
  facet normal 0.958818 0.284022 0
    outer loop
      vertex 94.8203 30.809 -30
      vertex 96.3028 25.8043 0
      vertex 96.3028 25.8043 -30
    endloop
  endfacet
  facet normal 0.430499 -0.902591 0
    outer loop
      vertex 40.5516 -91.0805 -30
      vertex 45.2629 -88.8334 0
      vertex 40.5516 -91.0805 0
    endloop
  endfacet
  facet normal 0.430499 -0.902591 0
    outer loop
      vertex 45.2629 -88.8334 0
      vertex 40.5516 -91.0805 -30
      vertex 45.2629 -88.8334 -30
    endloop
  endfacet
  facet normal 0 0 -1
    outer loop
      vertex 99.5634 -5.21789 -30
      vertex 99.5634 5.21789 -30
      vertex 99.7 0 -30
    endloop
  endfacet
  facet normal 0 0 -1
    outer loop
      vertex 99.1538 -10.4215 -30
      vertex 99.5634 5.21789 -30
      vertex 99.5634 -5.21789 -30
    endloop
  endfacet
  facet normal 0 0 -1
    outer loop
      vertex 99.1538 -10.4215 -30
      vertex 99.1538 10.4215 -30
      vertex 99.5634 5.21789 -30
    endloop
  endfacet
  facet normal 0 0 -1
    outer loop
      vertex 98.4725 -15.5965 -30
      vertex 99.1538 10.4215 -30
      vertex 99.1538 -10.4215 -30
    endloop
  endfacet
  facet normal 0 0 -1
    outer loop
      vertex 98.4725 -15.5965 -30
      vertex 98.4725 15.5965 -30
      vertex 99.1538 10.4215 -30
    endloop
  endfacet
  facet normal 0 0 -1
    outer loop
      vertex 97.5213 -20.7288 -30
      vertex 98.4725 15.5965 -30
      vertex 98.4725 -15.5965 -30
    endloop
  endfacet
  facet normal 0 0 -1
    outer loop
      vertex 97.5213 -20.7288 -30
      vertex 97.5213 20.7288 -30
      vertex 98.4725 15.5965 -30
    endloop
  endfacet
  facet normal 0 0 -1
    outer loop
      vertex 96.3028 -25.8043 -30
      vertex 97.5213 20.7288 -30
      vertex 97.5213 -20.7288 -30
    endloop
  endfacet
  facet normal 0 0 -1
    outer loop
      vertex 96.3028 -25.8043 -30
      vertex 96.3028 25.8043 -30
      vertex 97.5213 20.7288 -30
    endloop
  endfacet
  facet normal 0 0 -1
    outer loop
      vertex 94.8203 -30.809 -30
      vertex 96.3028 25.8043 -30
      vertex 96.3028 -25.8043 -30
    endloop
  endfacet
  facet normal 0 0 -1
    outer loop
      vertex 94.8203 -30.809 -30
      vertex 94.8203 30.809 -30
      vertex 96.3028 25.8043 -30
    endloop
  endfacet
  facet normal 0 0 -1
    outer loop
      vertex 93.078 -35.7293 -30
      vertex 94.8203 30.809 -30
      vertex 94.8203 -30.809 -30
    endloop
  endfacet
  facet normal 0 0 -1
    outer loop
      vertex 93.078 -35.7293 -30
      vertex 93.078 35.7293 -30
      vertex 94.8203 30.809 -30
    endloop
  endfacet
  facet normal 0 0 -1
    outer loop
      vertex 91.0805 -40.5516 -30
      vertex 93.078 35.7293 -30
      vertex 93.078 -35.7293 -30
    endloop
  endfacet
  facet normal 0 0 -1
    outer loop
      vertex 91.0805 -40.5516 -30
      vertex 91.0805 40.5516 -30
      vertex 93.078 35.7293 -30
    endloop
  endfacet
  facet normal 0 0 -1
    outer loop
      vertex 88.8334 -45.2629 -30
      vertex 91.0805 40.5516 -30
      vertex 91.0805 -40.5516 -30
    endloop
  endfacet
  facet normal 0 0 -1
    outer loop
      vertex 88.8334 -45.2629 -30
      vertex 88.8334 45.2629 -30
      vertex 91.0805 40.5516 -30
    endloop
  endfacet
  facet normal 0 0 -1
    outer loop
      vertex 86.3427 -49.85 -30
      vertex 88.8334 45.2629 -30
      vertex 88.8334 -45.2629 -30
    endloop
  endfacet
  facet normal 0 0 -1
    outer loop
      vertex 86.3427 -49.85 -30
      vertex 86.3427 49.85 -30
      vertex 88.8334 45.2629 -30
    endloop
  endfacet
  facet normal 0 0 -1
    outer loop
      vertex 83.6155 -54.3005 -30
      vertex 86.3427 49.85 -30
      vertex 86.3427 -49.85 -30
    endloop
  endfacet
  facet normal 0 0 -1
    outer loop
      vertex 83.6155 -54.3005 -30
      vertex 83.6155 54.3005 -30
      vertex 86.3427 49.85 -30
    endloop
  endfacet
  facet normal 0 0 -1
    outer loop
      vertex 80.659 -58.6022 -30
      vertex 83.6155 54.3005 -30
      vertex 83.6155 -54.3005 -30
    endloop
  endfacet
  facet normal 0 0 -1
    outer loop
      vertex 80.659 -58.6022 -30
      vertex 80.659 58.6022 -30
      vertex 83.6155 54.3005 -30
    endloop
  endfacet
  facet normal 0 0 -1
    outer loop
      vertex 77.4815 -62.7432 -30
      vertex 80.659 58.6022 -30
      vertex 80.659 -58.6022 -30
    endloop
  endfacet
  facet normal 0 0 -1
    outer loop
      vertex 77.4815 -62.7432 -30
      vertex 77.4815 62.7432 -30
      vertex 80.659 58.6022 -30
    endloop
  endfacet
  facet normal 0 0 -1
    outer loop
      vertex 74.0915 -66.7123 -30
      vertex 77.4815 62.7432 -30
      vertex 77.4815 -62.7432 -30
    endloop
  endfacet
  facet normal 0 0 -1
    outer loop
      vertex 74.0915 -66.7123 -30
      vertex 74.0915 66.7123 -30
      vertex 77.4815 62.7432 -30
    endloop
  endfacet
  facet normal 0 0 -1
    outer loop
      vertex 70.4985 -70.4985 -30
      vertex 74.0915 66.7123 -30
      vertex 74.0915 -66.7123 -30
    endloop
  endfacet
  facet normal 0 0 -1
    outer loop
      vertex 70.4985 -70.4985 -30
      vertex 70.4985 70.4985 -30
      vertex 74.0915 66.7123 -30
    endloop
  endfacet
  facet normal 0 0 -1
    outer loop
      vertex 66.7123 -74.0915 -30
      vertex 70.4985 70.4985 -30
      vertex 70.4985 -70.4985 -30
    endloop
  endfacet
  facet normal 0 0 -1
    outer loop
      vertex 66.7123 -74.0915 -30
      vertex 66.7123 74.0915 -30
      vertex 70.4985 70.4985 -30
    endloop
  endfacet
  facet normal 0 0 -1
    outer loop
      vertex 62.7432 -77.4815 -30
      vertex 66.7123 74.0915 -30
      vertex 66.7123 -74.0915 -30
    endloop
  endfacet
  facet normal 0 0 -1
    outer loop
      vertex 62.7432 -77.4815 -30
      vertex 62.7432 77.4815 -30
      vertex 66.7123 74.0915 -30
    endloop
  endfacet
  facet normal 0 0 -1
    outer loop
      vertex 58.6022 -80.659 -30
      vertex 62.7432 77.4815 -30
      vertex 62.7432 -77.4815 -30
    endloop
  endfacet
  facet normal 0 0 -1
    outer loop
      vertex 58.6022 -80.659 -30
      vertex 58.6022 80.659 -30
      vertex 62.7432 77.4815 -30
    endloop
  endfacet
  facet normal 0 0 -1
    outer loop
      vertex 54.3005 -83.6155 -30
      vertex 58.6022 80.659 -30
      vertex 58.6022 -80.659 -30
    endloop
  endfacet
  facet normal 0 0 -1
    outer loop
      vertex 54.3005 -83.6155 -30
      vertex 54.3005 83.6155 -30
      vertex 58.6022 80.659 -30
    endloop
  endfacet
  facet normal 0 0 -1
    outer loop
      vertex 49.85 -86.3427 -30
      vertex 54.3005 83.6155 -30
      vertex 54.3005 -83.6155 -30
    endloop
  endfacet
  facet normal 0 0 -1
    outer loop
      vertex 49.85 -86.3427 -30
      vertex 49.85 86.3427 -30
      vertex 54.3005 83.6155 -30
    endloop
  endfacet
  facet normal 0 0 -1
    outer loop
      vertex 45.2629 -88.8334 -30
      vertex 49.85 86.3427 -30
      vertex 49.85 -86.3427 -30
    endloop
  endfacet
  facet normal 0 0 -1
    outer loop
      vertex 45.2629 -88.8334 -30
      vertex 45.2629 88.8334 -30
      vertex 49.85 86.3427 -30
    endloop
  endfacet
  facet normal 0 0 -1
    outer loop
      vertex 40.5516 -91.0805 -30
      vertex 45.2629 88.8334 -30
      vertex 45.2629 -88.8334 -30
    endloop
  endfacet
  facet normal 0 0 -1
    outer loop
      vertex 40.5516 -91.0805 -30
      vertex 40.5516 91.0805 -30
      vertex 45.2629 88.8334 -30
    endloop
  endfacet
  facet normal 0 0 -1
    outer loop
      vertex 35.7293 -93.078 -30
      vertex 40.5516 91.0805 -30
      vertex 40.5516 -91.0805 -30
    endloop
  endfacet
  facet normal 0 0 -1
    outer loop
      vertex 35.7293 -93.078 -30
      vertex 35.7293 93.078 -30
      vertex 40.5516 91.0805 -30
    endloop
  endfacet
  facet normal 0 0 -1
    outer loop
      vertex 30.809 -94.8203 -30
      vertex 35.7293 93.078 -30
      vertex 35.7293 -93.078 -30
    endloop
  endfacet
  facet normal 0 0 -1
    outer loop
      vertex 30.809 -94.8203 -30
      vertex 30.809 94.8203 -30
      vertex 35.7293 93.078 -30
    endloop
  endfacet
  facet normal 0 0 -1
    outer loop
      vertex 25.8043 -96.3028 -30
      vertex 30.809 94.8203 -30
      vertex 30.809 -94.8203 -30
    endloop
  endfacet
  facet normal 0 0 -1
    outer loop
      vertex 25.8043 -96.3028 -30
      vertex 25.8043 96.3028 -30
      vertex 30.809 94.8203 -30
    endloop
  endfacet
  facet normal 0 0 -1
    outer loop
      vertex 20.7288 -97.5213 -30
      vertex 25.8043 96.3028 -30
      vertex 25.8043 -96.3028 -30
    endloop
  endfacet
  facet normal 0 0 -1
    outer loop
      vertex 20.7288 -97.5213 -30
      vertex 20.7288 97.5213 -30
      vertex 25.8043 96.3028 -30
    endloop
  endfacet
  facet normal 0 0 -1
    outer loop
      vertex 15.5965 -98.4725 -30
      vertex 20.7288 97.5213 -30
      vertex 20.7288 -97.5213 -30
    endloop
  endfacet
  facet normal 0 0 -1
    outer loop
      vertex 15.5965 -98.4725 -30
      vertex 15.5965 98.4725 -30
      vertex 20.7288 97.5213 -30
    endloop
  endfacet
  facet normal 0 0 -1
    outer loop
      vertex 10.4215 -99.1538 -30
      vertex 15.5965 98.4725 -30
      vertex 15.5965 -98.4725 -30
    endloop
  endfacet
  facet normal 0 0 -1
    outer loop
      vertex 10.4215 -99.1538 -30
      vertex 10.4215 99.1538 -30
      vertex 15.5965 98.4725 -30
    endloop
  endfacet
  facet normal 0 0 -1
    outer loop
      vertex 5.21789 -99.5634 -30
      vertex 10.4215 99.1538 -30
      vertex 10.4215 -99.1538 -30
    endloop
  endfacet
  facet normal 0 0 -1
    outer loop
      vertex 5.21789 -99.5634 -30
      vertex 5.21789 99.5634 -30
      vertex 10.4215 99.1538 -30
    endloop
  endfacet
  facet normal 0 0 -1
    outer loop
      vertex 0 -99.7 -30
      vertex 5.21789 99.5634 -30
      vertex 5.21789 -99.5634 -30
    endloop
  endfacet
  facet normal 0 0 -1
    outer loop
      vertex 0 -99.7 -30
      vertex 0 99.7 -30
      vertex 5.21789 99.5634 -30
    endloop
  endfacet
  facet normal 0 0 -1
    outer loop
      vertex -5.21789 -99.5634 -30
      vertex 0 99.7 -30
      vertex 0 -99.7 -30
    endloop
  endfacet
  facet normal 0 0 -1
    outer loop
      vertex -5.21789 -99.5634 -30
      vertex -5.21789 99.5634 -30
      vertex 0 99.7 -30
    endloop
  endfacet
  facet normal 0 0 -1
    outer loop
      vertex -10.4215 -99.1538 -30
      vertex -5.21789 99.5634 -30
      vertex -5.21789 -99.5634 -30
    endloop
  endfacet
  facet normal 0 0 -1
    outer loop
      vertex -10.4215 -99.1538 -30
      vertex -10.4215 99.1538 -30
      vertex -5.21789 99.5634 -30
    endloop
  endfacet
  facet normal 0 0 -1
    outer loop
      vertex -15.5965 -98.4725 -30
      vertex -10.4215 99.1538 -30
      vertex -10.4215 -99.1538 -30
    endloop
  endfacet
  facet normal 0 0 -1
    outer loop
      vertex -15.5965 -98.4725 -30
      vertex -15.5965 98.4725 -30
      vertex -10.4215 99.1538 -30
    endloop
  endfacet
  facet normal 0 0 -1
    outer loop
      vertex -20.7288 -97.5213 -30
      vertex -15.5965 98.4725 -30
      vertex -15.5965 -98.4725 -30
    endloop
  endfacet
  facet normal 0 0 -1
    outer loop
      vertex -20.7288 -97.5213 -30
      vertex -20.7288 97.5213 -30
      vertex -15.5965 98.4725 -30
    endloop
  endfacet
  facet normal 0 0 -1
    outer loop
      vertex -25.8043 -96.3028 -30
      vertex -20.7288 97.5213 -30
      vertex -20.7288 -97.5213 -30
    endloop
  endfacet
  facet normal 0 0 -1
    outer loop
      vertex -25.8043 -96.3028 -30
      vertex -25.8043 96.3028 -30
      vertex -20.7288 97.5213 -30
    endloop
  endfacet
  facet normal 0 0 -1
    outer loop
      vertex -30.809 -94.8203 -30
      vertex -25.8043 96.3028 -30
      vertex -25.8043 -96.3028 -30
    endloop
  endfacet
  facet normal 0 0 -1
    outer loop
      vertex -30.809 -94.8203 -30
      vertex -30.809 94.8203 -30
      vertex -25.8043 96.3028 -30
    endloop
  endfacet
  facet normal 0 0 -1
    outer loop
      vertex -35.7293 -93.078 -30
      vertex -30.809 94.8203 -30
      vertex -30.809 -94.8203 -30
    endloop
  endfacet
  facet normal 0 0 -1
    outer loop
      vertex -35.7293 -93.078 -30
      vertex -35.7293 93.078 -30
      vertex -30.809 94.8203 -30
    endloop
  endfacet
  facet normal 0 0 -1
    outer loop
      vertex -40.5516 -91.0805 -30
      vertex -35.7293 93.078 -30
      vertex -35.7293 -93.078 -30
    endloop
  endfacet
  facet normal 0 0 -1
    outer loop
      vertex -40.5516 -91.0805 -30
      vertex -40.5516 91.0805 -30
      vertex -35.7293 93.078 -30
    endloop
  endfacet
  facet normal 0 0 -1
    outer loop
      vertex -45.2629 -88.8334 -30
      vertex -40.5516 91.0805 -30
      vertex -40.5516 -91.0805 -30
    endloop
  endfacet
  facet normal 0 0 -1
    outer loop
      vertex -45.2629 -88.8334 -30
      vertex -45.2629 88.8334 -30
      vertex -40.5516 91.0805 -30
    endloop
  endfacet
  facet normal 0 0 -1
    outer loop
      vertex -49.85 -86.3427 -30
      vertex -45.2629 88.8334 -30
      vertex -45.2629 -88.8334 -30
    endloop
  endfacet
  facet normal 0 0 -1
    outer loop
      vertex -49.85 -86.3427 -30
      vertex -49.85 86.3427 -30
      vertex -45.2629 88.8334 -30
    endloop
  endfacet
  facet normal 0 0 -1
    outer loop
      vertex -54.3005 -83.6155 -30
      vertex -49.85 86.3427 -30
      vertex -49.85 -86.3427 -30
    endloop
  endfacet
  facet normal 0 0 -1
    outer loop
      vertex -54.3005 -83.6155 -30
      vertex -54.3005 83.6155 -30
      vertex -49.85 86.3427 -30
    endloop
  endfacet
  facet normal 0 0 -1
    outer loop
      vertex -58.6022 -80.659 -30
      vertex -54.3005 83.6155 -30
      vertex -54.3005 -83.6155 -30
    endloop
  endfacet
  facet normal 0 0 -1
    outer loop
      vertex -58.6022 -80.659 -30
      vertex -58.6022 80.659 -30
      vertex -54.3005 83.6155 -30
    endloop
  endfacet
  facet normal 0 0 -1
    outer loop
      vertex -62.7432 -77.4815 -30
      vertex -58.6022 80.659 -30
      vertex -58.6022 -80.659 -30
    endloop
  endfacet
  facet normal 0 0 -1
    outer loop
      vertex -62.7432 -77.4815 -30
      vertex -62.7432 77.4815 -30
      vertex -58.6022 80.659 -30
    endloop
  endfacet
  facet normal 0 0 -1
    outer loop
      vertex -66.7123 -74.0915 -30
      vertex -62.7432 77.4815 -30
      vertex -62.7432 -77.4815 -30
    endloop
  endfacet
  facet normal 0 0 -1
    outer loop
      vertex -66.7123 -74.0915 -30
      vertex -66.7123 74.0915 -30
      vertex -62.7432 77.4815 -30
    endloop
  endfacet
  facet normal 0 0 -1
    outer loop
      vertex -70.4985 -70.4985 -30
      vertex -66.7123 74.0915 -30
      vertex -66.7123 -74.0915 -30
    endloop
  endfacet
  facet normal 0 0 -1
    outer loop
      vertex -70.4985 -70.4985 -30
      vertex -70.4985 70.4985 -30
      vertex -66.7123 74.0915 -30
    endloop
  endfacet
  facet normal 0 0 -1
    outer loop
      vertex -74.0915 -66.7123 -30
      vertex -70.4985 70.4985 -30
      vertex -70.4985 -70.4985 -30
    endloop
  endfacet
  facet normal 0 0 -1
    outer loop
      vertex -74.0915 -66.7123 -30
      vertex -74.0915 66.7123 -30
      vertex -70.4985 70.4985 -30
    endloop
  endfacet
  facet normal 0 0 -1
    outer loop
      vertex -77.4815 -62.7432 -30
      vertex -74.0915 66.7123 -30
      vertex -74.0915 -66.7123 -30
    endloop
  endfacet
  facet normal 0 0 -1
    outer loop
      vertex -77.4815 -62.7432 -30
      vertex -77.4815 62.7432 -30
      vertex -74.0915 66.7123 -30
    endloop
  endfacet
  facet normal 0 0 -1
    outer loop
      vertex -80.659 -58.6022 -30
      vertex -77.4815 62.7432 -30
      vertex -77.4815 -62.7432 -30
    endloop
  endfacet
  facet normal 0 0 -1
    outer loop
      vertex -80.659 -58.6022 -30
      vertex -80.659 58.6022 -30
      vertex -77.4815 62.7432 -30
    endloop
  endfacet
  facet normal 0 0 -1
    outer loop
      vertex -83.6155 -54.3005 -30
      vertex -80.659 58.6022 -30
      vertex -80.659 -58.6022 -30
    endloop
  endfacet
  facet normal 0 0 -1
    outer loop
      vertex -83.6155 -54.3005 -30
      vertex -83.6155 54.3005 -30
      vertex -80.659 58.6022 -30
    endloop
  endfacet
  facet normal 0 0 -1
    outer loop
      vertex -86.3427 -49.85 -30
      vertex -83.6155 54.3005 -30
      vertex -83.6155 -54.3005 -30
    endloop
  endfacet
  facet normal 0 0 -1
    outer loop
      vertex -86.3427 -49.85 -30
      vertex -86.3427 49.85 -30
      vertex -83.6155 54.3005 -30
    endloop
  endfacet
  facet normal 0 0 -1
    outer loop
      vertex -88.8334 -45.2629 -30
      vertex -86.3427 49.85 -30
      vertex -86.3427 -49.85 -30
    endloop
  endfacet
  facet normal 0 0 -1
    outer loop
      vertex -88.8334 -45.2629 -30
      vertex -88.8334 45.2629 -30
      vertex -86.3427 49.85 -30
    endloop
  endfacet
  facet normal 0 0 -1
    outer loop
      vertex -91.0805 -40.5516 -30
      vertex -88.8334 45.2629 -30
      vertex -88.8334 -45.2629 -30
    endloop
  endfacet
  facet normal 0 0 -1
    outer loop
      vertex -91.0805 -40.5516 -30
      vertex -91.0805 40.5516 -30
      vertex -88.8334 45.2629 -30
    endloop
  endfacet
  facet normal 0 0 -1
    outer loop
      vertex -93.078 -35.7293 -30
      vertex -91.0805 40.5516 -30
      vertex -91.0805 -40.5516 -30
    endloop
  endfacet
  facet normal 0 0 -1
    outer loop
      vertex -93.078 -35.7293 -30
      vertex -93.078 35.7293 -30
      vertex -91.0805 40.5516 -30
    endloop
  endfacet
  facet normal 0 0 -1
    outer loop
      vertex -94.8203 -30.809 -30
      vertex -93.078 35.7293 -30
      vertex -93.078 -35.7293 -30
    endloop
  endfacet
  facet normal 0 0 -1
    outer loop
      vertex -94.8203 -30.809 -30
      vertex -94.8203 30.809 -30
      vertex -93.078 35.7293 -30
    endloop
  endfacet
  facet normal 0 0 -1
    outer loop
      vertex -96.3028 -25.8043 -30
      vertex -94.8203 30.809 -30
      vertex -94.8203 -30.809 -30
    endloop
  endfacet
  facet normal 0 0 -1
    outer loop
      vertex -96.3028 -25.8043 -30
      vertex -96.3028 25.8043 -30
      vertex -94.8203 30.809 -30
    endloop
  endfacet
  facet normal 0 0 -1
    outer loop
      vertex -97.5213 -20.7288 -30
      vertex -96.3028 25.8043 -30
      vertex -96.3028 -25.8043 -30
    endloop
  endfacet
  facet normal 0 0 -1
    outer loop
      vertex -97.5213 -20.7288 -30
      vertex -97.5213 20.7288 -30
      vertex -96.3028 25.8043 -30
    endloop
  endfacet
  facet normal 0 0 -1
    outer loop
      vertex -98.4725 -15.5965 -30
      vertex -97.5213 20.7288 -30
      vertex -97.5213 -20.7288 -30
    endloop
  endfacet
  facet normal 0 0 -1
    outer loop
      vertex -98.4725 -15.5965 -30
      vertex -98.4725 15.5965 -30
      vertex -97.5213 20.7288 -30
    endloop
  endfacet
  facet normal 0 0 -1
    outer loop
      vertex -99.1538 -10.4215 -30
      vertex -98.4725 15.5965 -30
      vertex -98.4725 -15.5965 -30
    endloop
  endfacet
  facet normal 0 0 -1
    outer loop
      vertex -99.1538 -10.4215 -30
      vertex -99.1538 10.4215 -30
      vertex -98.4725 15.5965 -30
    endloop
  endfacet
  facet normal 0 0 -1
    outer loop
      vertex -99.5634 -5.21789 -30
      vertex -99.1538 10.4215 -30
      vertex -99.1538 -10.4215 -30
    endloop
  endfacet
  facet normal 0 0 -1
    outer loop
      vertex -99.5634 -5.21789 -30
      vertex -99.5634 5.21789 -30
      vertex -99.1538 10.4215 -30
    endloop
  endfacet
  facet normal 0 -0 -1
    outer loop
      vertex -99.5634 5.21789 -30
      vertex -99.5634 -5.21789 -30
      vertex -99.7 0 -30
    endloop
  endfacet
  facet normal -0.38269 -0.923877 0
    outer loop
      vertex -40.5516 -91.0805 -30
      vertex -35.7293 -93.078 0
      vertex -40.5516 -91.0805 0
    endloop
  endfacet
  facet normal -0.38269 -0.923877 -0
    outer loop
      vertex -35.7293 -93.078 0
      vertex -40.5516 -91.0805 -30
      vertex -35.7293 -93.078 -30
    endloop
  endfacet
  facet normal -0.996916 -0.0784719 0
    outer loop
      vertex -99.1538 -10.4215 -30
      vertex -99.5634 -5.21789 0
      vertex -99.5634 -5.21789 -30
    endloop
  endfacet
  facet normal -0.996916 -0.0784719 0
    outer loop
      vertex -99.5634 -5.21789 0
      vertex -99.1538 -10.4215 -30
      vertex -99.1538 -10.4215 0
    endloop
  endfacet
  facet normal -0.649456 0.760399 0
    outer loop
      vertex -62.7432 77.4815 -30
      vertex -66.7123 74.0915 0
      vertex -62.7432 77.4815 0
    endloop
  endfacet
  facet normal -0.649456 0.760399 0
    outer loop
      vertex -66.7123 74.0915 0
      vertex -62.7432 77.4815 -30
      vertex -66.7123 74.0915 -30
    endloop
  endfacet
  facet normal -0.824124 -0.566409 0
    outer loop
      vertex -80.659 -58.6022 -30
      vertex -83.6155 -54.3005 0
      vertex -83.6155 -54.3005 -30
    endloop
  endfacet
  facet normal -0.824124 -0.566409 0
    outer loop
      vertex -83.6155 -54.3005 0
      vertex -80.659 -58.6022 -30
      vertex -80.659 -58.6022 0
    endloop
  endfacet
  facet normal 0.902591 -0.430499 0
    outer loop
      vertex 88.8334 -45.2629 0
      vertex 91.0805 -40.5516 -30
      vertex 91.0805 -40.5516 0
    endloop
  endfacet
  facet normal 0.902591 -0.430499 0
    outer loop
      vertex 91.0805 -40.5516 -30
      vertex 88.8334 -45.2629 0
      vertex 88.8334 -45.2629 -30
    endloop
  endfacet
  facet normal 0.793353 0.608761 0
    outer loop
      vertex 80.659 58.6022 0
      vertex 77.4815 62.7432 -30
      vertex 77.4815 62.7432 0
    endloop
  endfacet
  facet normal 0.793353 0.608761 0
    outer loop
      vertex 77.4815 62.7432 -30
      vertex 80.659 58.6022 0
      vertex 80.659 58.6022 -30
    endloop
  endfacet
  facet normal -0.182233 -0.983255 0
    outer loop
      vertex -20.7288 -97.5213 -30
      vertex -15.5965 -98.4725 0
      vertex -20.7288 -97.5213 0
    endloop
  endfacet
  facet normal -0.182233 -0.983255 -0
    outer loop
      vertex -15.5965 -98.4725 0
      vertex -20.7288 -97.5213 -30
      vertex -15.5965 -98.4725 -30
    endloop
  endfacet
  facet normal -0.688358 0.725371 0
    outer loop
      vertex -66.7123 74.0915 -30
      vertex -70.4985 70.4985 0
      vertex -66.7123 74.0915 0
    endloop
  endfacet
  facet normal -0.688358 0.725371 0
    outer loop
      vertex -70.4985 70.4985 0
      vertex -66.7123 74.0915 -30
      vertex -70.4985 70.4985 -30
    endloop
  endfacet
  facet normal 0.983255 0.182233 0
    outer loop
      vertex 98.4725 15.5965 0
      vertex 97.5213 20.7288 -30
      vertex 97.5213 20.7288 0
    endloop
  endfacet
  facet normal 0.983255 0.182233 0
    outer loop
      vertex 97.5213 20.7288 -30
      vertex 98.4725 15.5965 0
      vertex 98.4725 15.5965 -30
    endloop
  endfacet
  facet normal 0.0261702 -0.999658 0
    outer loop
      vertex 0 -99.7 -30
      vertex 5.21789 -99.5634 0
      vertex 0 -99.7 0
    endloop
  endfacet
  facet normal 0.0261702 -0.999658 0
    outer loop
      vertex 5.21789 -99.5634 0
      vertex 0 -99.7 -30
      vertex 5.21789 -99.5634 -30
    endloop
  endfacet
  facet normal -0.942646 -0.333795 0
    outer loop
      vertex -93.078 -35.7293 -30
      vertex -94.8203 -30.809 0
      vertex -94.8203 -30.809 -30
    endloop
  endfacet
  facet normal -0.942646 -0.333795 0
    outer loop
      vertex -94.8203 -30.809 0
      vertex -93.078 -35.7293 -30
      vertex -93.078 -35.7293 0
    endloop
  endfacet
  facet normal 0.566409 -0.824124 0
    outer loop
      vertex 54.3005 -83.6155 -30
      vertex 58.6022 -80.659 0
      vertex 54.3005 -83.6155 0
    endloop
  endfacet
  facet normal 0.566409 -0.824124 0
    outer loop
      vertex 58.6022 -80.659 0
      vertex 54.3005 -83.6155 -30
      vertex 58.6022 -80.659 -30
    endloop
  endfacet
  facet normal -0.999658 -0.0261702 0
    outer loop
      vertex -99.5634 -5.21789 -30
      vertex -99.7 0 0
      vertex -99.7 0 -30
    endloop
  endfacet
  facet normal -0.999658 -0.0261702 0
    outer loop
      vertex -99.7 0 0
      vertex -99.5634 -5.21789 -30
      vertex -99.5634 -5.21789 0
    endloop
  endfacet
  facet normal -0.182233 0.983255 0
    outer loop
      vertex -15.5965 98.4725 -30
      vertex -20.7288 97.5213 0
      vertex -15.5965 98.4725 0
    endloop
  endfacet
  facet normal -0.182233 0.983255 0
    outer loop
      vertex -20.7288 97.5213 0
      vertex -15.5965 98.4725 -30
      vertex -20.7288 97.5213 -30
    endloop
  endfacet
  facet normal 0.958818 -0.284022 0
    outer loop
      vertex 94.8203 -30.809 0
      vertex 96.3028 -25.8043 -30
      vertex 96.3028 -25.8043 0
    endloop
  endfacet
  facet normal 0.958818 -0.284022 0
    outer loop
      vertex 96.3028 -25.8043 -30
      vertex 94.8203 -30.809 0
      vertex 94.8203 -30.809 -30
    endloop
  endfacet
  facet normal 0.902591 0.430499 0
    outer loop
      vertex 91.0805 40.5516 0
      vertex 88.8334 45.2629 -30
      vertex 88.8334 45.2629 0
    endloop
  endfacet
  facet normal 0.902591 0.430499 0
    outer loop
      vertex 88.8334 45.2629 -30
      vertex 91.0805 40.5516 0
      vertex 91.0805 40.5516 -30
    endloop
  endfacet
  facet normal 0.852646 0.522489 0
    outer loop
      vertex 86.3427 49.85 0
      vertex 83.6155 54.3005 -30
      vertex 83.6155 54.3005 0
    endloop
  endfacet
  facet normal 0.852646 0.522489 0
    outer loop
      vertex 83.6155 54.3005 -30
      vertex 86.3427 49.85 0
      vertex 86.3427 49.85 -30
    endloop
  endfacet
  facet normal 0.0784719 -0.996916 0
    outer loop
      vertex 5.21789 -99.5634 -30
      vertex 10.4215 -99.1538 0
      vertex 5.21789 -99.5634 0
    endloop
  endfacet
  facet normal 0.0784719 -0.996916 0
    outer loop
      vertex 10.4215 -99.1538 0
      vertex 5.21789 -99.5634 -30
      vertex 10.4215 -99.1538 -30
    endloop
  endfacet
  facet normal 0.852646 -0.522489 0
    outer loop
      vertex 83.6155 -54.3005 0
      vertex 86.3427 -49.85 -30
      vertex 86.3427 -49.85 0
    endloop
  endfacet
  facet normal 0.852646 -0.522489 0
    outer loop
      vertex 86.3427 -49.85 -30
      vertex 83.6155 -54.3005 0
      vertex 83.6155 -54.3005 -30
    endloop
  endfacet
  facet normal 0.522489 -0.852646 0
    outer loop
      vertex 49.85 -86.3427 -30
      vertex 54.3005 -83.6155 0
      vertex 49.85 -86.3427 0
    endloop
  endfacet
  facet normal 0.522489 -0.852646 0
    outer loop
      vertex 54.3005 -83.6155 0
      vertex 49.85 -86.3427 -30
      vertex 54.3005 -83.6155 -30
    endloop
  endfacet
  facet normal 0.725371 -0.688358 0
    outer loop
      vertex 70.4985 -70.4985 0
      vertex 74.0915 -66.7123 -30
      vertex 74.0915 -66.7123 0
    endloop
  endfacet
  facet normal 0.725371 -0.688358 0
    outer loop
      vertex 74.0915 -66.7123 -30
      vertex 70.4985 -70.4985 0
      vertex 70.4985 -70.4985 -30
    endloop
  endfacet
  facet normal 0.983255 -0.182233 0
    outer loop
      vertex 97.5213 -20.7288 0
      vertex 98.4725 -15.5965 -30
      vertex 98.4725 -15.5965 0
    endloop
  endfacet
  facet normal 0.983255 -0.182233 0
    outer loop
      vertex 98.4725 -15.5965 -30
      vertex 97.5213 -20.7288 0
      vertex 97.5213 -20.7288 -30
    endloop
  endfacet
  facet normal 0.477175 -0.878808 0
    outer loop
      vertex 45.2629 -88.8334 -30
      vertex 49.85 -86.3427 0
      vertex 45.2629 -88.8334 0
    endloop
  endfacet
  facet normal 0.477175 -0.878808 0
    outer loop
      vertex 49.85 -86.3427 0
      vertex 45.2629 -88.8334 -30
      vertex 49.85 -86.3427 -30
    endloop
  endfacet
  facet normal 0.991445 -0.130526 0
    outer loop
      vertex 98.4725 -15.5965 0
      vertex 99.1538 -10.4215 -30
      vertex 99.1538 -10.4215 0
    endloop
  endfacet
  facet normal 0.991445 -0.130526 0
    outer loop
      vertex 99.1538 -10.4215 -30
      vertex 98.4725 -15.5965 0
      vertex 98.4725 -15.5965 -30
    endloop
  endfacet
  facet normal 0.688358 0.725371 -0
    outer loop
      vertex 70.4985 70.4985 -30
      vertex 66.7123 74.0915 0
      vertex 70.4985 70.4985 0
    endloop
  endfacet
  facet normal 0.688358 0.725371 0
    outer loop
      vertex 66.7123 74.0915 0
      vertex 70.4985 70.4985 -30
      vertex 66.7123 74.0915 -30
    endloop
  endfacet
  facet normal -0.878808 0.477175 0
    outer loop
      vertex -88.8334 45.2629 -30
      vertex -86.3427 49.85 0
      vertex -86.3427 49.85 -30
    endloop
  endfacet
  facet normal -0.878808 0.477175 0
    outer loop
      vertex -86.3427 49.85 0
      vertex -88.8334 45.2629 -30
      vertex -88.8334 45.2629 0
    endloop
  endfacet
  facet normal -0.972371 -0.233442 0
    outer loop
      vertex -96.3028 -25.8043 -30
      vertex -97.5213 -20.7288 0
      vertex -97.5213 -20.7288 -30
    endloop
  endfacet
  facet normal -0.972371 -0.233442 0
    outer loop
      vertex -97.5213 -20.7288 0
      vertex -96.3028 -25.8043 -30
      vertex -96.3028 -25.8043 0
    endloop
  endfacet
  facet normal 0.566409 0.824124 -0
    outer loop
      vertex 58.6022 80.659 -30
      vertex 54.3005 83.6155 0
      vertex 58.6022 80.659 0
    endloop
  endfacet
  facet normal 0.566409 0.824124 0
    outer loop
      vertex 54.3005 83.6155 0
      vertex 58.6022 80.659 -30
      vertex 54.3005 83.6155 -30
    endloop
  endfacet
  facet normal -0.878808 -0.477175 0
    outer loop
      vertex -86.3427 -49.85 -30
      vertex -88.8334 -45.2629 0
      vertex -88.8334 -45.2629 -30
    endloop
  endfacet
  facet normal -0.878808 -0.477175 0
    outer loop
      vertex -88.8334 -45.2629 0
      vertex -86.3427 -49.85 -30
      vertex -86.3427 -49.85 0
    endloop
  endfacet
  facet normal 0.38269 -0.923877 0
    outer loop
      vertex 35.7293 -93.078 -30
      vertex 40.5516 -91.0805 0
      vertex 35.7293 -93.078 0
    endloop
  endfacet
  facet normal 0.38269 -0.923877 0
    outer loop
      vertex 40.5516 -91.0805 0
      vertex 35.7293 -93.078 -30
      vertex 40.5516 -91.0805 -30
    endloop
  endfacet
  facet normal 0.760399 -0.649456 0
    outer loop
      vertex 74.0915 -66.7123 0
      vertex 77.4815 -62.7432 -30
      vertex 77.4815 -62.7432 0
    endloop
  endfacet
  facet normal 0.760399 -0.649456 0
    outer loop
      vertex 77.4815 -62.7432 -30
      vertex 74.0915 -66.7123 0
      vertex 74.0915 -66.7123 -30
    endloop
  endfacet
  facet normal -0.333795 0.942646 0
    outer loop
      vertex -30.809 94.8203 -30
      vertex -35.7293 93.078 0
      vertex -30.809 94.8203 0
    endloop
  endfacet
  facet normal -0.333795 0.942646 0
    outer loop
      vertex -35.7293 93.078 0
      vertex -30.809 94.8203 -30
      vertex -35.7293 93.078 -30
    endloop
  endfacet
  facet normal 0.284022 0.958818 -0
    outer loop
      vertex 30.809 94.8203 -30
      vertex 25.8043 96.3028 0
      vertex 30.809 94.8203 0
    endloop
  endfacet
  facet normal 0.284022 0.958818 0
    outer loop
      vertex 25.8043 96.3028 0
      vertex 30.809 94.8203 -30
      vertex 25.8043 96.3028 -30
    endloop
  endfacet
  facet normal 0.793353 -0.608761 0
    outer loop
      vertex 77.4815 -62.7432 0
      vertex 80.659 -58.6022 -30
      vertex 80.659 -58.6022 0
    endloop
  endfacet
  facet normal 0.793353 -0.608761 0
    outer loop
      vertex 80.659 -58.6022 -30
      vertex 77.4815 -62.7432 0
      vertex 77.4815 -62.7432 -30
    endloop
  endfacet
  facet normal 0.923877 0.38269 0
    outer loop
      vertex 93.078 35.7293 0
      vertex 91.0805 40.5516 -30
      vertex 91.0805 40.5516 0
    endloop
  endfacet
  facet normal 0.923877 0.38269 0
    outer loop
      vertex 91.0805 40.5516 -30
      vertex 93.078 35.7293 0
      vertex 93.078 35.7293 -30
    endloop
  endfacet
  facet normal -0.942646 0.333795 0
    outer loop
      vertex -94.8203 30.809 -30
      vertex -93.078 35.7293 0
      vertex -93.078 35.7293 -30
    endloop
  endfacet
  facet normal -0.942646 0.333795 0
    outer loop
      vertex -93.078 35.7293 0
      vertex -94.8203 30.809 -30
      vertex -94.8203 30.809 0
    endloop
  endfacet
  facet normal 0.649456 -0.760399 0
    outer loop
      vertex 62.7432 -77.4815 -30
      vertex 66.7123 -74.0915 0
      vertex 62.7432 -77.4815 0
    endloop
  endfacet
  facet normal 0.649456 -0.760399 0
    outer loop
      vertex 66.7123 -74.0915 0
      vertex 62.7432 -77.4815 -30
      vertex 66.7123 -74.0915 -30
    endloop
  endfacet
  facet normal -0.983255 -0.182233 0
    outer loop
      vertex -97.5213 -20.7288 -30
      vertex -98.4725 -15.5965 0
      vertex -98.4725 -15.5965 -30
    endloop
  endfacet
  facet normal -0.983255 -0.182233 0
    outer loop
      vertex -98.4725 -15.5965 0
      vertex -97.5213 -20.7288 -30
      vertex -97.5213 -20.7288 0
    endloop
  endfacet
  facet normal -0.793353 -0.608761 0
    outer loop
      vertex -77.4815 -62.7432 -30
      vertex -80.659 -58.6022 0
      vertex -80.659 -58.6022 -30
    endloop
  endfacet
  facet normal -0.793353 -0.608761 0
    outer loop
      vertex -80.659 -58.6022 0
      vertex -77.4815 -62.7432 -30
      vertex -77.4815 -62.7432 0
    endloop
  endfacet
  facet normal -0.958818 0.284022 0
    outer loop
      vertex -96.3028 25.8043 -30
      vertex -94.8203 30.809 0
      vertex -94.8203 30.809 -30
    endloop
  endfacet
  facet normal -0.958818 0.284022 0
    outer loop
      vertex -94.8203 30.809 0
      vertex -96.3028 25.8043 -30
      vertex -96.3028 25.8043 0
    endloop
  endfacet
  facet normal -0.130526 0.991445 0
    outer loop
      vertex -10.4215 99.1538 -30
      vertex -15.5965 98.4725 0
      vertex -10.4215 99.1538 0
    endloop
  endfacet
  facet normal -0.130526 0.991445 0
    outer loop
      vertex -15.5965 98.4725 0
      vertex -10.4215 99.1538 -30
      vertex -15.5965 98.4725 -30
    endloop
  endfacet
  facet normal 0.942646 0.333795 0
    outer loop
      vertex 94.8203 30.809 0
      vertex 93.078 35.7293 -30
      vertex 93.078 35.7293 0
    endloop
  endfacet
  facet normal 0.942646 0.333795 0
    outer loop
      vertex 93.078 35.7293 -30
      vertex 94.8203 30.809 0
      vertex 94.8203 30.809 -30
    endloop
  endfacet
  facet normal 0.649456 0.760399 -0
    outer loop
      vertex 66.7123 74.0915 -30
      vertex 62.7432 77.4815 0
      vertex 66.7123 74.0915 0
    endloop
  endfacet
  facet normal 0.649456 0.760399 0
    outer loop
      vertex 62.7432 77.4815 0
      vertex 66.7123 74.0915 -30
      vertex 62.7432 77.4815 -30
    endloop
  endfacet
  facet normal 0.972371 -0.233442 0
    outer loop
      vertex 96.3028 -25.8043 0
      vertex 97.5213 -20.7288 -30
      vertex 97.5213 -20.7288 0
    endloop
  endfacet
  facet normal 0.972371 -0.233442 0
    outer loop
      vertex 97.5213 -20.7288 -30
      vertex 96.3028 -25.8043 0
      vertex 96.3028 -25.8043 -30
    endloop
  endfacet
  facet normal -0.793353 0.608761 0
    outer loop
      vertex -80.659 58.6022 -30
      vertex -77.4815 62.7432 0
      vertex -77.4815 62.7432 -30
    endloop
  endfacet
  facet normal -0.793353 0.608761 0
    outer loop
      vertex -77.4815 62.7432 0
      vertex -80.659 58.6022 -30
      vertex -80.659 58.6022 0
    endloop
  endfacet
  facet normal -0.0784719 -0.996916 0
    outer loop
      vertex -10.4215 -99.1538 -30
      vertex -5.21789 -99.5634 0
      vertex -10.4215 -99.1538 0
    endloop
  endfacet
  facet normal -0.0784719 -0.996916 -0
    outer loop
      vertex -5.21789 -99.5634 0
      vertex -10.4215 -99.1538 -30
      vertex -5.21789 -99.5634 -30
    endloop
  endfacet
  facet normal 0.182233 0.983255 -0
    outer loop
      vertex 20.7288 97.5213 -30
      vertex 15.5965 98.4725 0
      vertex 20.7288 97.5213 0
    endloop
  endfacet
  facet normal 0.182233 0.983255 0
    outer loop
      vertex 15.5965 98.4725 0
      vertex 20.7288 97.5213 -30
      vertex 15.5965 98.4725 -30
    endloop
  endfacet
  facet normal -0.923877 -0.38269 0
    outer loop
      vertex -91.0805 -40.5516 -30
      vertex -93.078 -35.7293 0
      vertex -93.078 -35.7293 -30
    endloop
  endfacet
  facet normal -0.923877 -0.38269 0
    outer loop
      vertex -93.078 -35.7293 0
      vertex -91.0805 -40.5516 -30
      vertex -91.0805 -40.5516 0
    endloop
  endfacet
  facet normal 0.522489 0.852646 -0
    outer loop
      vertex 54.3005 83.6155 -30
      vertex 49.85 86.3427 0
      vertex 54.3005 83.6155 0
    endloop
  endfacet
  facet normal 0.522489 0.852646 0
    outer loop
      vertex 49.85 86.3427 0
      vertex 54.3005 83.6155 -30
      vertex 49.85 86.3427 -30
    endloop
  endfacet
  facet normal -0.0261702 -0.999658 0
    outer loop
      vertex -5.21789 -99.5634 -30
      vertex 0 -99.7 0
      vertex -5.21789 -99.5634 0
    endloop
  endfacet
  facet normal -0.0261702 -0.999658 -0
    outer loop
      vertex 0 -99.7 0
      vertex -5.21789 -99.5634 -30
      vertex 0 -99.7 -30
    endloop
  endfacet
  facet normal 0.972371 0.233442 0
    outer loop
      vertex 97.5213 20.7288 0
      vertex 96.3028 25.8043 -30
      vertex 96.3028 25.8043 0
    endloop
  endfacet
  facet normal 0.972371 0.233442 0
    outer loop
      vertex 96.3028 25.8043 -30
      vertex 97.5213 20.7288 0
      vertex 97.5213 20.7288 -30
    endloop
  endfacet
  facet normal 0.608761 -0.793353 0
    outer loop
      vertex 58.6022 -80.659 -30
      vertex 62.7432 -77.4815 0
      vertex 58.6022 -80.659 0
    endloop
  endfacet
  facet normal 0.608761 -0.793353 0
    outer loop
      vertex 62.7432 -77.4815 0
      vertex 58.6022 -80.659 -30
      vertex 62.7432 -77.4815 -30
    endloop
  endfacet
  facet normal -0.649456 -0.760399 0
    outer loop
      vertex -66.7123 -74.0915 -30
      vertex -62.7432 -77.4815 0
      vertex -66.7123 -74.0915 0
    endloop
  endfacet
  facet normal -0.649456 -0.760399 -0
    outer loop
      vertex -62.7432 -77.4815 0
      vertex -66.7123 -74.0915 -30
      vertex -62.7432 -77.4815 -30
    endloop
  endfacet
  facet normal 0.760399 0.649456 0
    outer loop
      vertex 77.4815 62.7432 0
      vertex 74.0915 66.7123 -30
      vertex 74.0915 66.7123 0
    endloop
  endfacet
  facet normal 0.760399 0.649456 0
    outer loop
      vertex 74.0915 66.7123 -30
      vertex 77.4815 62.7432 0
      vertex 77.4815 62.7432 -30
    endloop
  endfacet
  facet normal 0.130526 0.991445 -0
    outer loop
      vertex 15.5965 98.4725 -30
      vertex 10.4215 99.1538 0
      vertex 15.5965 98.4725 0
    endloop
  endfacet
  facet normal 0.130526 0.991445 0
    outer loop
      vertex 10.4215 99.1538 0
      vertex 15.5965 98.4725 -30
      vertex 10.4215 99.1538 -30
    endloop
  endfacet
  facet normal -0.991445 -0.130526 0
    outer loop
      vertex -98.4725 -15.5965 -30
      vertex -99.1538 -10.4215 0
      vertex -99.1538 -10.4215 -30
    endloop
  endfacet
  facet normal -0.991445 -0.130526 0
    outer loop
      vertex -99.1538 -10.4215 0
      vertex -98.4725 -15.5965 -30
      vertex -98.4725 -15.5965 0
    endloop
  endfacet
  facet normal -0.233442 -0.972371 0
    outer loop
      vertex -25.8043 -96.3028 -30
      vertex -20.7288 -97.5213 0
      vertex -25.8043 -96.3028 0
    endloop
  endfacet
  facet normal -0.233442 -0.972371 -0
    outer loop
      vertex -20.7288 -97.5213 0
      vertex -25.8043 -96.3028 -30
      vertex -20.7288 -97.5213 -30
    endloop
  endfacet
  facet normal 0.996916 -0.0784719 0
    outer loop
      vertex 99.1538 -10.4215 0
      vertex 99.5634 -5.21789 -30
      vertex 99.5634 -5.21789 0
    endloop
  endfacet
  facet normal 0.996916 -0.0784719 0
    outer loop
      vertex 99.5634 -5.21789 -30
      vertex 99.1538 -10.4215 0
      vertex 99.1538 -10.4215 -30
    endloop
  endfacet
  facet normal 0.999658 -0.0261702 0
    outer loop
      vertex 99.5634 -5.21789 0
      vertex 99.7 0 -30
      vertex 99.7 0 0
    endloop
  endfacet
  facet normal 0.999658 -0.0261702 0
    outer loop
      vertex 99.7 0 -30
      vertex 99.5634 -5.21789 0
      vertex 99.5634 -5.21789 -30
    endloop
  endfacet
  facet normal 0.0784719 0.996916 -0
    outer loop
      vertex 10.4215 99.1538 -30
      vertex 5.21789 99.5634 0
      vertex 10.4215 99.1538 0
    endloop
  endfacet
  facet normal 0.0784719 0.996916 0
    outer loop
      vertex 5.21789 99.5634 0
      vertex 10.4215 99.1538 -30
      vertex 5.21789 99.5634 -30
    endloop
  endfacet
  facet normal 0.233442 0.972371 -0
    outer loop
      vertex 25.8043 96.3028 -30
      vertex 20.7288 97.5213 0
      vertex 25.8043 96.3028 0
    endloop
  endfacet
  facet normal 0.233442 0.972371 0
    outer loop
      vertex 20.7288 97.5213 0
      vertex 25.8043 96.3028 -30
      vertex 20.7288 97.5213 -30
    endloop
  endfacet
  facet normal -0.852646 -0.522489 0
    outer loop
      vertex -83.6155 -54.3005 -30
      vertex -86.3427 -49.85 0
      vertex -86.3427 -49.85 -30
    endloop
  endfacet
  facet normal -0.852646 -0.522489 0
    outer loop
      vertex -86.3427 -49.85 0
      vertex -83.6155 -54.3005 -30
      vertex -83.6155 -54.3005 0
    endloop
  endfacet
  facet normal 0.430499 0.902591 -0
    outer loop
      vertex 45.2629 88.8334 -30
      vertex 40.5516 91.0805 0
      vertex 45.2629 88.8334 0
    endloop
  endfacet
  facet normal 0.430499 0.902591 0
    outer loop
      vertex 40.5516 91.0805 0
      vertex 45.2629 88.8334 -30
      vertex 40.5516 91.0805 -30
    endloop
  endfacet
  facet normal 0.878808 0.477175 0
    outer loop
      vertex 88.8334 45.2629 0
      vertex 86.3427 49.85 -30
      vertex 86.3427 49.85 0
    endloop
  endfacet
  facet normal 0.878808 0.477175 0
    outer loop
      vertex 86.3427 49.85 -30
      vertex 88.8334 45.2629 0
      vertex 88.8334 45.2629 -30
    endloop
  endfacet
  facet normal 0.725371 0.688358 0
    outer loop
      vertex 74.0915 66.7123 0
      vertex 70.4985 70.4985 -30
      vertex 70.4985 70.4985 0
    endloop
  endfacet
  facet normal 0.725371 0.688358 0
    outer loop
      vertex 70.4985 70.4985 -30
      vertex 74.0915 66.7123 0
      vertex 74.0915 66.7123 -30
    endloop
  endfacet
  facet normal 0.0261702 0.999658 -0
    outer loop
      vertex 5.21789 99.5634 -30
      vertex 0 99.7 0
      vertex 5.21789 99.5634 0
    endloop
  endfacet
  facet normal 0.0261702 0.999658 0
    outer loop
      vertex 0 99.7 0
      vertex 5.21789 99.5634 -30
      vertex 0 99.7 -30
    endloop
  endfacet
  facet normal -0.760399 -0.649456 0
    outer loop
      vertex -74.0915 -66.7123 -30
      vertex -77.4815 -62.7432 0
      vertex -77.4815 -62.7432 -30
    endloop
  endfacet
  facet normal -0.760399 -0.649456 0
    outer loop
      vertex -77.4815 -62.7432 0
      vertex -74.0915 -66.7123 -30
      vertex -74.0915 -66.7123 0
    endloop
  endfacet
  facet normal 0.824124 0.566409 0
    outer loop
      vertex 83.6155 54.3005 0
      vertex 80.659 58.6022 -30
      vertex 80.659 58.6022 0
    endloop
  endfacet
  facet normal 0.824124 0.566409 0
    outer loop
      vertex 80.659 58.6022 -30
      vertex 83.6155 54.3005 0
      vertex 83.6155 54.3005 -30
    endloop
  endfacet
  facet normal -0.430499 0.902591 0
    outer loop
      vertex -40.5516 91.0805 -30
      vertex -45.2629 88.8334 0
      vertex -40.5516 91.0805 0
    endloop
  endfacet
  facet normal -0.430499 0.902591 0
    outer loop
      vertex -45.2629 88.8334 0
      vertex -40.5516 91.0805 -30
      vertex -45.2629 88.8334 -30
    endloop
  endfacet
  facet normal -0.522489 0.852646 0
    outer loop
      vertex -49.85 86.3427 -30
      vertex -54.3005 83.6155 0
      vertex -49.85 86.3427 0
    endloop
  endfacet
  facet normal -0.522489 0.852646 0
    outer loop
      vertex -54.3005 83.6155 0
      vertex -49.85 86.3427 -30
      vertex -54.3005 83.6155 -30
    endloop
  endfacet
  facet normal -0.824124 0.566409 0
    outer loop
      vertex -83.6155 54.3005 -30
      vertex -80.659 58.6022 0
      vertex -80.659 58.6022 -30
    endloop
  endfacet
  facet normal -0.824124 0.566409 0
    outer loop
      vertex -80.659 58.6022 0
      vertex -83.6155 54.3005 -30
      vertex -83.6155 54.3005 0
    endloop
  endfacet
  facet normal -0.0784719 0.996916 0
    outer loop
      vertex -5.21789 99.5634 -30
      vertex -10.4215 99.1538 0
      vertex -5.21789 99.5634 0
    endloop
  endfacet
  facet normal -0.0784719 0.996916 0
    outer loop
      vertex -10.4215 99.1538 0
      vertex -5.21789 99.5634 -30
      vertex -10.4215 99.1538 -30
    endloop
  endfacet
  facet normal 0.608761 0.793353 -0
    outer loop
      vertex 62.7432 77.4815 -30
      vertex 58.6022 80.659 0
      vertex 62.7432 77.4815 0
    endloop
  endfacet
  facet normal 0.608761 0.793353 0
    outer loop
      vertex 58.6022 80.659 0
      vertex 62.7432 77.4815 -30
      vertex 58.6022 80.659 -30
    endloop
  endfacet
  facet normal -0.130526 -0.991445 0
    outer loop
      vertex -15.5965 -98.4725 -30
      vertex -10.4215 -99.1538 0
      vertex -15.5965 -98.4725 0
    endloop
  endfacet
  facet normal -0.130526 -0.991445 -0
    outer loop
      vertex -10.4215 -99.1538 0
      vertex -15.5965 -98.4725 -30
      vertex -10.4215 -99.1538 -30
    endloop
  endfacet
  facet normal -0.284022 -0.958818 0
    outer loop
      vertex -30.809 -94.8203 -30
      vertex -25.8043 -96.3028 0
      vertex -30.809 -94.8203 0
    endloop
  endfacet
  facet normal -0.284022 -0.958818 -0
    outer loop
      vertex -25.8043 -96.3028 0
      vertex -30.809 -94.8203 -30
      vertex -25.8043 -96.3028 -30
    endloop
  endfacet
  facet normal -0.972371 0.233442 0
    outer loop
      vertex -97.5213 20.7288 -30
      vertex -96.3028 25.8043 0
      vertex -96.3028 25.8043 -30
    endloop
  endfacet
  facet normal -0.972371 0.233442 0
    outer loop
      vertex -96.3028 25.8043 0
      vertex -97.5213 20.7288 -30
      vertex -97.5213 20.7288 0
    endloop
  endfacet
  facet normal -0.725371 0.688358 0
    outer loop
      vertex -74.0915 66.7123 -30
      vertex -70.4985 70.4985 0
      vertex -70.4985 70.4985 -30
    endloop
  endfacet
  facet normal -0.725371 0.688358 0
    outer loop
      vertex -70.4985 70.4985 0
      vertex -74.0915 66.7123 -30
      vertex -74.0915 66.7123 0
    endloop
  endfacet
  facet normal -0.608761 0.793353 0
    outer loop
      vertex -58.6022 80.659 -30
      vertex -62.7432 77.4815 0
      vertex -58.6022 80.659 0
    endloop
  endfacet
  facet normal -0.608761 0.793353 0
    outer loop
      vertex -62.7432 77.4815 0
      vertex -58.6022 80.659 -30
      vertex -62.7432 77.4815 -30
    endloop
  endfacet
  facet normal -0.522489 -0.852646 0
    outer loop
      vertex -54.3005 -83.6155 -30
      vertex -49.85 -86.3427 0
      vertex -54.3005 -83.6155 0
    endloop
  endfacet
  facet normal -0.522489 -0.852646 -0
    outer loop
      vertex -49.85 -86.3427 0
      vertex -54.3005 -83.6155 -30
      vertex -49.85 -86.3427 -30
    endloop
  endfacet
  facet normal -0.0261702 0.999658 0
    outer loop
      vertex 0 99.7 -30
      vertex -5.21789 99.5634 0
      vertex 0 99.7 0
    endloop
  endfacet
  facet normal -0.0261702 0.999658 0
    outer loop
      vertex -5.21789 99.5634 0
      vertex 0 99.7 -30
      vertex -5.21789 99.5634 -30
    endloop
  endfacet
  facet normal 0.284022 -0.958818 0
    outer loop
      vertex 25.8043 -96.3028 -30
      vertex 30.809 -94.8203 0
      vertex 25.8043 -96.3028 0
    endloop
  endfacet
  facet normal 0.284022 -0.958818 0
    outer loop
      vertex 30.809 -94.8203 0
      vertex 25.8043 -96.3028 -30
      vertex 30.809 -94.8203 -30
    endloop
  endfacet
  facet normal 0.130526 -0.991445 0
    outer loop
      vertex 10.4215 -99.1538 -30
      vertex 15.5965 -98.4725 0
      vertex 10.4215 -99.1538 0
    endloop
  endfacet
  facet normal 0.130526 -0.991445 0
    outer loop
      vertex 15.5965 -98.4725 0
      vertex 10.4215 -99.1538 -30
      vertex 15.5965 -98.4725 -30
    endloop
  endfacet
  facet normal -0.923877 0.38269 0
    outer loop
      vertex -93.078 35.7293 -30
      vertex -91.0805 40.5516 0
      vertex -91.0805 40.5516 -30
    endloop
  endfacet
  facet normal -0.923877 0.38269 0
    outer loop
      vertex -91.0805 40.5516 0
      vertex -93.078 35.7293 -30
      vertex -93.078 35.7293 0
    endloop
  endfacet
  facet normal 0.233442 -0.972371 0
    outer loop
      vertex 20.7288 -97.5213 -30
      vertex 25.8043 -96.3028 0
      vertex 20.7288 -97.5213 0
    endloop
  endfacet
  facet normal 0.233442 -0.972371 0
    outer loop
      vertex 25.8043 -96.3028 0
      vertex 20.7288 -97.5213 -30
      vertex 25.8043 -96.3028 -30
    endloop
  endfacet
  facet normal 0.824124 -0.566409 0
    outer loop
      vertex 80.659 -58.6022 0
      vertex 83.6155 -54.3005 -30
      vertex 83.6155 -54.3005 0
    endloop
  endfacet
  facet normal 0.824124 -0.566409 0
    outer loop
      vertex 83.6155 -54.3005 -30
      vertex 80.659 -58.6022 0
      vertex 80.659 -58.6022 -30
    endloop
  endfacet
  facet normal 0.688358 -0.725371 0
    outer loop
      vertex 66.7123 -74.0915 -30
      vertex 70.4985 -70.4985 0
      vertex 66.7123 -74.0915 0
    endloop
  endfacet
  facet normal 0.688358 -0.725371 0
    outer loop
      vertex 70.4985 -70.4985 0
      vertex 66.7123 -74.0915 -30
      vertex 70.4985 -70.4985 -30
    endloop
  endfacet
  facet normal 0.333795 0.942646 -0
    outer loop
      vertex 35.7293 93.078 -30
      vertex 30.809 94.8203 0
      vertex 35.7293 93.078 0
    endloop
  endfacet
  facet normal 0.333795 0.942646 0
    outer loop
      vertex 30.809 94.8203 0
      vertex 35.7293 93.078 -30
      vertex 30.809 94.8203 -30
    endloop
  endfacet
  facet normal 0.182233 -0.983255 0
    outer loop
      vertex 15.5965 -98.4725 -30
      vertex 20.7288 -97.5213 0
      vertex 15.5965 -98.4725 0
    endloop
  endfacet
  facet normal 0.182233 -0.983255 0
    outer loop
      vertex 20.7288 -97.5213 0
      vertex 15.5965 -98.4725 -30
      vertex 20.7288 -97.5213 -30
    endloop
  endfacet
  facet normal -0.760399 0.649456 0
    outer loop
      vertex -77.4815 62.7432 -30
      vertex -74.0915 66.7123 0
      vertex -74.0915 66.7123 -30
    endloop
  endfacet
  facet normal -0.760399 0.649456 0
    outer loop
      vertex -74.0915 66.7123 0
      vertex -77.4815 62.7432 -30
      vertex -77.4815 62.7432 0
    endloop
  endfacet
  facet normal 0.333795 -0.942646 0
    outer loop
      vertex 30.809 -94.8203 -30
      vertex 35.7293 -93.078 0
      vertex 30.809 -94.8203 0
    endloop
  endfacet
  facet normal 0.333795 -0.942646 0
    outer loop
      vertex 35.7293 -93.078 0
      vertex 30.809 -94.8203 -30
      vertex 35.7293 -93.078 -30
    endloop
  endfacet
  facet normal -0.688358 -0.725371 0
    outer loop
      vertex -70.4985 -70.4985 -30
      vertex -66.7123 -74.0915 0
      vertex -70.4985 -70.4985 0
    endloop
  endfacet
  facet normal -0.688358 -0.725371 -0
    outer loop
      vertex -66.7123 -74.0915 0
      vertex -70.4985 -70.4985 -30
      vertex -66.7123 -74.0915 -30
    endloop
  endfacet
  facet normal -0.566409 -0.824124 0
    outer loop
      vertex -58.6022 -80.659 -30
      vertex -54.3005 -83.6155 0
      vertex -58.6022 -80.659 0
    endloop
  endfacet
  facet normal -0.566409 -0.824124 -0
    outer loop
      vertex -54.3005 -83.6155 0
      vertex -58.6022 -80.659 -30
      vertex -54.3005 -83.6155 -30
    endloop
  endfacet
  facet normal -0.852646 0.522489 0
    outer loop
      vertex -86.3427 49.85 -30
      vertex -83.6155 54.3005 0
      vertex -83.6155 54.3005 -30
    endloop
  endfacet
  facet normal -0.852646 0.522489 0
    outer loop
      vertex -83.6155 54.3005 0
      vertex -86.3427 49.85 -30
      vertex -86.3427 49.85 0
    endloop
  endfacet
  facet normal -0.333795 -0.942646 0
    outer loop
      vertex -35.7293 -93.078 -30
      vertex -30.809 -94.8203 0
      vertex -35.7293 -93.078 0
    endloop
  endfacet
  facet normal -0.333795 -0.942646 -0
    outer loop
      vertex -30.809 -94.8203 0
      vertex -35.7293 -93.078 -30
      vertex -30.809 -94.8203 -30
    endloop
  endfacet
  facet normal -0.566409 0.824124 0
    outer loop
      vertex -54.3005 83.6155 -30
      vertex -58.6022 80.659 0
      vertex -54.3005 83.6155 0
    endloop
  endfacet
  facet normal -0.566409 0.824124 0
    outer loop
      vertex -58.6022 80.659 0
      vertex -54.3005 83.6155 -30
      vertex -58.6022 80.659 -30
    endloop
  endfacet
  facet normal 0.38269 0.923877 -0
    outer loop
      vertex 40.5516 91.0805 -30
      vertex 35.7293 93.078 0
      vertex 40.5516 91.0805 0
    endloop
  endfacet
  facet normal 0.38269 0.923877 0
    outer loop
      vertex 35.7293 93.078 0
      vertex 40.5516 91.0805 -30
      vertex 35.7293 93.078 -30
    endloop
  endfacet
  facet normal -0.999658 0.0261702 0
    outer loop
      vertex -99.7 0 -30
      vertex -99.5634 5.21789 0
      vertex -99.5634 5.21789 -30
    endloop
  endfacet
  facet normal -0.999658 0.0261702 0
    outer loop
      vertex -99.5634 5.21789 0
      vertex -99.7 0 -30
      vertex -99.7 0 0
    endloop
  endfacet
  facet normal -0.233442 0.972371 0
    outer loop
      vertex -20.7288 97.5213 -30
      vertex -25.8043 96.3028 0
      vertex -20.7288 97.5213 0
    endloop
  endfacet
  facet normal -0.233442 0.972371 0
    outer loop
      vertex -25.8043 96.3028 0
      vertex -20.7288 97.5213 -30
      vertex -25.8043 96.3028 -30
    endloop
  endfacet
  facet normal -0.983255 0.182233 0
    outer loop
      vertex -98.4725 15.5965 -30
      vertex -97.5213 20.7288 0
      vertex -97.5213 20.7288 -30
    endloop
  endfacet
  facet normal -0.983255 0.182233 0
    outer loop
      vertex -97.5213 20.7288 0
      vertex -98.4725 15.5965 -30
      vertex -98.4725 15.5965 0
    endloop
  endfacet
  facet normal -0.991445 0.130526 0
    outer loop
      vertex -99.1538 10.4215 -30
      vertex -98.4725 15.5965 0
      vertex -98.4725 15.5965 -30
    endloop
  endfacet
  facet normal -0.991445 0.130526 0
    outer loop
      vertex -98.4725 15.5965 0
      vertex -99.1538 10.4215 -30
      vertex -99.1538 10.4215 0
    endloop
  endfacet
  facet normal -0.477175 -0.878808 0
    outer loop
      vertex -49.85 -86.3427 -30
      vertex -45.2629 -88.8334 0
      vertex -49.85 -86.3427 0
    endloop
  endfacet
  facet normal -0.477175 -0.878808 -0
    outer loop
      vertex -45.2629 -88.8334 0
      vertex -49.85 -86.3427 -30
      vertex -45.2629 -88.8334 -30
    endloop
  endfacet
  facet normal -0.284022 0.958818 0
    outer loop
      vertex -25.8043 96.3028 -30
      vertex -30.809 94.8203 0
      vertex -25.8043 96.3028 0
    endloop
  endfacet
  facet normal -0.284022 0.958818 0
    outer loop
      vertex -30.809 94.8203 0
      vertex -25.8043 96.3028 -30
      vertex -30.809 94.8203 -30
    endloop
  endfacet
  facet normal -0.902591 0.430499 0
    outer loop
      vertex -91.0805 40.5516 -30
      vertex -88.8334 45.2629 0
      vertex -88.8334 45.2629 -30
    endloop
  endfacet
  facet normal -0.902591 0.430499 0
    outer loop
      vertex -88.8334 45.2629 0
      vertex -91.0805 40.5516 -30
      vertex -91.0805 40.5516 0
    endloop
  endfacet
  facet normal -0.902591 -0.430499 0
    outer loop
      vertex -88.8334 -45.2629 -30
      vertex -91.0805 -40.5516 0
      vertex -91.0805 -40.5516 -30
    endloop
  endfacet
  facet normal -0.902591 -0.430499 0
    outer loop
      vertex -91.0805 -40.5516 0
      vertex -88.8334 -45.2629 -30
      vertex -88.8334 -45.2629 0
    endloop
  endfacet
  facet normal -0.430499 -0.902591 0
    outer loop
      vertex -45.2629 -88.8334 -30
      vertex -40.5516 -91.0805 0
      vertex -45.2629 -88.8334 0
    endloop
  endfacet
  facet normal -0.430499 -0.902591 -0
    outer loop
      vertex -40.5516 -91.0805 0
      vertex -45.2629 -88.8334 -30
      vertex -40.5516 -91.0805 -30
    endloop
  endfacet
  facet normal -0.958818 -0.284022 0
    outer loop
      vertex -94.8203 -30.809 -30
      vertex -96.3028 -25.8043 0
      vertex -96.3028 -25.8043 -30
    endloop
  endfacet
  facet normal -0.958818 -0.284022 0
    outer loop
      vertex -96.3028 -25.8043 0
      vertex -94.8203 -30.809 -30
      vertex -94.8203 -30.809 0
    endloop
  endfacet
  facet normal 0.923877 -0.38269 0
    outer loop
      vertex 91.0805 -40.5516 0
      vertex 93.078 -35.7293 -30
      vertex 93.078 -35.7293 0
    endloop
  endfacet
  facet normal 0.923877 -0.38269 0
    outer loop
      vertex 93.078 -35.7293 -30
      vertex 91.0805 -40.5516 0
      vertex 91.0805 -40.5516 -30
    endloop
  endfacet
  facet normal 0.942646 -0.333795 0
    outer loop
      vertex 93.078 -35.7293 0
      vertex 94.8203 -30.809 -30
      vertex 94.8203 -30.809 0
    endloop
  endfacet
  facet normal 0.942646 -0.333795 0
    outer loop
      vertex 94.8203 -30.809 -30
      vertex 93.078 -35.7293 0
      vertex 93.078 -35.7293 -30
    endloop
  endfacet
  facet normal -0.477175 0.878808 0
    outer loop
      vertex -45.2629 88.8334 -30
      vertex -49.85 86.3427 0
      vertex -45.2629 88.8334 0
    endloop
  endfacet
  facet normal -0.477175 0.878808 0
    outer loop
      vertex -49.85 86.3427 0
      vertex -45.2629 88.8334 -30
      vertex -49.85 86.3427 -30
    endloop
  endfacet
  facet normal -0.608761 -0.793353 0
    outer loop
      vertex -62.7432 -77.4815 -30
      vertex -58.6022 -80.659 0
      vertex -62.7432 -77.4815 0
    endloop
  endfacet
  facet normal -0.608761 -0.793353 -0
    outer loop
      vertex -58.6022 -80.659 0
      vertex -62.7432 -77.4815 -30
      vertex -58.6022 -80.659 -30
    endloop
  endfacet
  facet normal 0.996918 0.0784451 0
    outer loop
      vertex 89.6769 4.69977 15
      vertex 89.3081 9.38666 0
      vertex 89.3081 9.38666 15
    endloop
  endfacet
  facet normal 0.996918 0.0784451 0
    outer loop
      vertex 89.3081 9.38666 0
      vertex 89.6769 4.69977 15
      vertex 89.6769 4.69977 0
    endloop
  endfacet
  facet normal 0.999657 0.0261838 0
    outer loop
      vertex 89.8 0 15
      vertex 89.6769 4.69977 0
      vertex 89.6769 4.69977 15
    endloop
  endfacet
  facet normal 0.999657 0.0261838 0
    outer loop
      vertex 89.6769 4.69977 0
      vertex 89.8 0 15
      vertex 89.8 0 0
    endloop
  endfacet
  facet normal 0.991444 0.130536 0
    outer loop
      vertex 89.3081 9.38666 15
      vertex 88.6944 14.0478 0
      vertex 88.6944 14.0478 15
    endloop
  endfacet
  facet normal 0.991444 0.130536 0
    outer loop
      vertex 88.6944 14.0478 0
      vertex 89.3081 9.38666 15
      vertex 89.3081 9.38666 0
    endloop
  endfacet
  facet normal -0.522503 -0.852638 0
    outer loop
      vertex -48.9086 -75.3126 0
      vertex -44.9 -77.7691 15
      vertex -48.9086 -75.3126 15
    endloop
  endfacet
  facet normal -0.522503 -0.852638 -0
    outer loop
      vertex -44.9 -77.7691 15
      vertex -48.9086 -75.3126 0
      vertex -44.9 -77.7691 0
    endloop
  endfacet
  facet normal 0.87882 -0.477154 0
    outer loop
      vertex 77.7691 -44.9 15
      vertex 80.0124 -40.7683 0
      vertex 80.0124 -40.7683 15
    endloop
  endfacet
  facet normal 0.87882 -0.477154 0
    outer loop
      vertex 80.0124 -40.7683 0
      vertex 77.7691 -44.9 15
      vertex 77.7691 -44.9 0
    endloop
  endfacet
  facet normal 0.760401 0.649454 0
    outer loop
      vertex 69.7877 56.513 15
      vertex 66.7344 60.0879 0
      vertex 66.7344 60.0879 15
    endloop
  endfacet
  facet normal 0.760401 0.649454 0
    outer loop
      vertex 66.7344 60.0879 0
      vertex 69.7877 56.513 15
      vertex 69.7877 56.513 0
    endloop
  endfacet
  facet normal 0.608754 0.793359 -0
    outer loop
      vertex 56.513 69.7877 0
      vertex 52.7831 72.6497 15
      vertex 56.513 69.7877 15
    endloop
  endfacet
  facet normal 0.608754 0.793359 0
    outer loop
      vertex 52.7831 72.6497 15
      vertex 56.513 69.7877 0
      vertex 52.7831 72.6497 0
    endloop
  endfacet
  facet normal -0.991444 0.130536 0
    outer loop
      vertex -89.3081 9.38666 0
      vertex -88.6944 14.0478 15
      vertex -88.6944 14.0478 0
    endloop
  endfacet
  facet normal -0.991444 0.130536 0
    outer loop
      vertex -88.6944 14.0478 15
      vertex -89.3081 9.38666 0
      vertex -89.3081 9.38666 15
    endloop
  endfacet
  facet normal 0.793359 0.608754 0
    outer loop
      vertex 72.6497 52.7831 15
      vertex 69.7877 56.513 0
      vertex 69.7877 56.513 15
    endloop
  endfacet
  facet normal 0.793359 0.608754 0
    outer loop
      vertex 69.7877 56.513 0
      vertex 72.6497 52.7831 15
      vertex 72.6497 52.7831 0
    endloop
  endfacet
  facet normal 0.923882 0.382677 0
    outer loop
      vertex 83.8355 32.1814 15
      vertex 82.0364 36.5249 0
      vertex 82.0364 36.5249 15
    endloop
  endfacet
  facet normal 0.923882 0.382677 0
    outer loop
      vertex 82.0364 36.5249 0
      vertex 83.8355 32.1814 15
      vertex 83.8355 32.1814 0
    endloop
  endfacet
  facet normal 0.760401 -0.649454 0
    outer loop
      vertex 66.7344 -60.0879 15
      vertex 69.7877 -56.513 0
      vertex 69.7877 -56.513 15
    endloop
  endfacet
  facet normal 0.760401 -0.649454 0
    outer loop
      vertex 69.7877 -56.513 0
      vertex 66.7344 -60.0879 15
      vertex 66.7344 -60.0879 0
    endloop
  endfacet
  facet normal -0.902585 -0.430511 0
    outer loop
      vertex -80.0124 -40.7683 0
      vertex -82.0364 -36.5249 15
      vertex -82.0364 -36.5249 0
    endloop
  endfacet
  facet normal -0.902585 -0.430511 0
    outer loop
      vertex -82.0364 -36.5249 15
      vertex -80.0124 -40.7683 0
      vertex -80.0124 -40.7683 15
    endloop
  endfacet
  facet normal 0.902585 -0.430511 0
    outer loop
      vertex 80.0124 -40.7683 15
      vertex 82.0364 -36.5249 0
      vertex 82.0364 -36.5249 15
    endloop
  endfacet
  facet normal 0.902585 -0.430511 0
    outer loop
      vertex 82.0364 -36.5249 0
      vertex 80.0124 -40.7683 15
      vertex 80.0124 -40.7683 0
    endloop
  endfacet
  facet normal -0.130536 0.991444 0
    outer loop
      vertex -9.38666 89.3081 0
      vertex -14.0478 88.6944 15
      vertex -9.38666 89.3081 15
    endloop
  endfacet
  facet normal -0.130536 0.991444 0
    outer loop
      vertex -14.0478 88.6944 15
      vertex -9.38666 89.3081 0
      vertex -14.0478 88.6944 0
    endloop
  endfacet
  facet normal 0.382677 -0.923882 0
    outer loop
      vertex 32.1814 -83.8355 0
      vertex 36.5249 -82.0364 15
      vertex 32.1814 -83.8355 15
    endloop
  endfacet
  facet normal 0.382677 -0.923882 0
    outer loop
      vertex 36.5249 -82.0364 15
      vertex 32.1814 -83.8355 0
      vertex 36.5249 -82.0364 0
    endloop
  endfacet
  facet normal -0.958822 0.284007 0
    outer loop
      vertex -86.7401 23.242 0
      vertex -85.4049 27.7497 15
      vertex -85.4049 27.7497 0
    endloop
  endfacet
  facet normal -0.958822 0.284007 0
    outer loop
      vertex -85.4049 27.7497 15
      vertex -86.7401 23.242 0
      vertex -86.7401 23.242 15
    endloop
  endfacet
  facet normal -0.430511 -0.902585 0
    outer loop
      vertex -40.7683 -80.0124 0
      vertex -36.5249 -82.0364 15
      vertex -40.7683 -80.0124 15
    endloop
  endfacet
  facet normal -0.430511 -0.902585 -0
    outer loop
      vertex -36.5249 -82.0364 15
      vertex -40.7683 -80.0124 0
      vertex -36.5249 -82.0364 0
    endloop
  endfacet
  facet normal 0.0261838 -0.999657 0
    outer loop
      vertex 0 -89.8 0
      vertex 4.69977 -89.6769 15
      vertex 0 -89.8 15
    endloop
  endfacet
  facet normal 0.0261838 -0.999657 0
    outer loop
      vertex 4.69977 -89.6769 15
      vertex 0 -89.8 0
      vertex 4.69977 -89.6769 0
    endloop
  endfacet
  facet normal 0.0784451 -0.996918 0
    outer loop
      vertex 4.69977 -89.6769 0
      vertex 9.38666 -89.3081 15
      vertex 4.69977 -89.6769 15
    endloop
  endfacet
  facet normal 0.0784451 -0.996918 0
    outer loop
      vertex 9.38666 -89.3081 15
      vertex 4.69977 -89.6769 0
      vertex 9.38666 -89.3081 0
    endloop
  endfacet
  facet normal -0.688349 0.72538 0
    outer loop
      vertex -60.0879 66.7344 0
      vertex -63.4982 63.4982 15
      vertex -60.0879 66.7344 15
    endloop
  endfacet
  facet normal -0.688349 0.72538 0
    outer loop
      vertex -63.4982 63.4982 15
      vertex -60.0879 66.7344 0
      vertex -63.4982 63.4982 0
    endloop
  endfacet
  facet normal 0.902585 0.430511 0
    outer loop
      vertex 82.0364 36.5249 15
      vertex 80.0124 40.7683 0
      vertex 80.0124 40.7683 15
    endloop
  endfacet
  facet normal 0.902585 0.430511 0
    outer loop
      vertex 80.0124 40.7683 0
      vertex 82.0364 36.5249 15
      vertex 82.0364 36.5249 0
    endloop
  endfacet
  facet normal 0 0 1
    outer loop
      vertex 89.6769 4.69977 15
      vertex 89.6769 -4.69977 15
      vertex 89.8 0 15
    endloop
  endfacet
  facet normal 0 0 1
    outer loop
      vertex 89.3081 9.38666 15
      vertex 89.6769 -4.69977 15
      vertex 89.6769 4.69977 15
    endloop
  endfacet
  facet normal 0 0 1
    outer loop
      vertex 89.3081 9.38666 15
      vertex 89.3081 -9.38666 15
      vertex 89.6769 -4.69977 15
    endloop
  endfacet
  facet normal 0 0 1
    outer loop
      vertex 88.6944 14.0478 15
      vertex 89.3081 -9.38666 15
      vertex 89.3081 9.38666 15
    endloop
  endfacet
  facet normal 0 0 1
    outer loop
      vertex 88.6944 14.0478 15
      vertex 88.6944 -14.0478 15
      vertex 89.3081 -9.38666 15
    endloop
  endfacet
  facet normal 0 0 1
    outer loop
      vertex 87.8377 18.6705 15
      vertex 88.6944 -14.0478 15
      vertex 88.6944 14.0478 15
    endloop
  endfacet
  facet normal 0 0 1
    outer loop
      vertex 87.8377 18.6705 15
      vertex 87.8377 -18.6705 15
      vertex 88.6944 -14.0478 15
    endloop
  endfacet
  facet normal 0 0 1
    outer loop
      vertex 86.7401 23.242 15
      vertex 87.8377 -18.6705 15
      vertex 87.8377 18.6705 15
    endloop
  endfacet
  facet normal 0 0 1
    outer loop
      vertex 86.7401 23.242 15
      vertex 86.7401 -23.242 15
      vertex 87.8377 -18.6705 15
    endloop
  endfacet
  facet normal 0 0 1
    outer loop
      vertex 85.4049 27.7497 15
      vertex 86.7401 -23.242 15
      vertex 86.7401 23.242 15
    endloop
  endfacet
  facet normal 0 0 1
    outer loop
      vertex 85.4049 27.7497 15
      vertex 85.4049 -27.7497 15
      vertex 86.7401 -23.242 15
    endloop
  endfacet
  facet normal 0 0 1
    outer loop
      vertex 83.8355 32.1814 15
      vertex 85.4049 -27.7497 15
      vertex 85.4049 27.7497 15
    endloop
  endfacet
  facet normal 0 0 1
    outer loop
      vertex 83.8355 32.1814 15
      vertex 83.8355 -32.1814 15
      vertex 85.4049 -27.7497 15
    endloop
  endfacet
  facet normal 0 0 1
    outer loop
      vertex 82.0364 36.5249 15
      vertex 83.8355 -32.1814 15
      vertex 83.8355 32.1814 15
    endloop
  endfacet
  facet normal 0 0 1
    outer loop
      vertex 82.0364 36.5249 15
      vertex 82.0364 -36.5249 15
      vertex 83.8355 -32.1814 15
    endloop
  endfacet
  facet normal 0 0 1
    outer loop
      vertex 80.0124 40.7683 15
      vertex 82.0364 -36.5249 15
      vertex 82.0364 36.5249 15
    endloop
  endfacet
  facet normal 0 0 1
    outer loop
      vertex 80.0124 40.7683 15
      vertex 80.0124 -40.7683 15
      vertex 82.0364 -36.5249 15
    endloop
  endfacet
  facet normal 0 0 1
    outer loop
      vertex 77.7691 44.9 15
      vertex 80.0124 -40.7683 15
      vertex 80.0124 40.7683 15
    endloop
  endfacet
  facet normal 0 0 1
    outer loop
      vertex 77.7691 44.9 15
      vertex 77.7691 -44.9 15
      vertex 80.0124 -40.7683 15
    endloop
  endfacet
  facet normal 0 0 1
    outer loop
      vertex 75.3126 48.9086 15
      vertex 77.7691 -44.9 15
      vertex 77.7691 44.9 15
    endloop
  endfacet
  facet normal 0 0 1
    outer loop
      vertex 75.3126 48.9086 15
      vertex 75.3126 -48.9086 15
      vertex 77.7691 -44.9 15
    endloop
  endfacet
  facet normal 0 0 1
    outer loop
      vertex 72.6497 52.7831 15
      vertex 75.3126 -48.9086 15
      vertex 75.3126 48.9086 15
    endloop
  endfacet
  facet normal 0 0 1
    outer loop
      vertex 72.6497 52.7831 15
      vertex 72.6497 -52.7831 15
      vertex 75.3126 -48.9086 15
    endloop
  endfacet
  facet normal 0 0 1
    outer loop
      vertex 69.7877 56.513 15
      vertex 72.6497 -52.7831 15
      vertex 72.6497 52.7831 15
    endloop
  endfacet
  facet normal 0 0 1
    outer loop
      vertex 69.7877 56.513 15
      vertex 69.7877 -56.513 15
      vertex 72.6497 -52.7831 15
    endloop
  endfacet
  facet normal 0 0 1
    outer loop
      vertex 66.7344 60.0879 15
      vertex 69.7877 -56.513 15
      vertex 69.7877 56.513 15
    endloop
  endfacet
  facet normal 0 0 1
    outer loop
      vertex 66.7344 60.0879 15
      vertex 66.7344 -60.0879 15
      vertex 69.7877 -56.513 15
    endloop
  endfacet
  facet normal 0 0 1
    outer loop
      vertex 63.4982 63.4982 15
      vertex 66.7344 -60.0879 15
      vertex 66.7344 60.0879 15
    endloop
  endfacet
  facet normal 0 0 1
    outer loop
      vertex 63.4982 63.4982 15
      vertex 63.4982 -63.4982 15
      vertex 66.7344 -60.0879 15
    endloop
  endfacet
  facet normal 0 0 1
    outer loop
      vertex 60.0879 66.7344 15
      vertex 63.4982 -63.4982 15
      vertex 63.4982 63.4982 15
    endloop
  endfacet
  facet normal 0 0 1
    outer loop
      vertex 60.0879 66.7344 15
      vertex 60.0879 -66.7344 15
      vertex 63.4982 -63.4982 15
    endloop
  endfacet
  facet normal 0 0 1
    outer loop
      vertex 56.513 69.7877 15
      vertex 60.0879 -66.7344 15
      vertex 60.0879 66.7344 15
    endloop
  endfacet
  facet normal 0 0 1
    outer loop
      vertex 56.513 69.7877 15
      vertex 56.513 -69.7877 15
      vertex 60.0879 -66.7344 15
    endloop
  endfacet
  facet normal 0 0 1
    outer loop
      vertex 52.7831 72.6497 15
      vertex 56.513 -69.7877 15
      vertex 56.513 69.7877 15
    endloop
  endfacet
  facet normal 0 0 1
    outer loop
      vertex 52.7831 72.6497 15
      vertex 52.7831 -72.6497 15
      vertex 56.513 -69.7877 15
    endloop
  endfacet
  facet normal 0 0 1
    outer loop
      vertex 48.9086 75.3126 15
      vertex 52.7831 -72.6497 15
      vertex 52.7831 72.6497 15
    endloop
  endfacet
  facet normal 0 0 1
    outer loop
      vertex 48.9086 75.3126 15
      vertex 48.9086 -75.3126 15
      vertex 52.7831 -72.6497 15
    endloop
  endfacet
  facet normal 0 0 1
    outer loop
      vertex 44.9 77.7691 15
      vertex 48.9086 -75.3126 15
      vertex 48.9086 75.3126 15
    endloop
  endfacet
  facet normal 0 0 1
    outer loop
      vertex 44.9 77.7691 15
      vertex 44.9 -77.7691 15
      vertex 48.9086 -75.3126 15
    endloop
  endfacet
  facet normal 0 0 1
    outer loop
      vertex 40.7683 80.0124 15
      vertex 44.9 -77.7691 15
      vertex 44.9 77.7691 15
    endloop
  endfacet
  facet normal 0 0 1
    outer loop
      vertex 40.7683 80.0124 15
      vertex 40.7683 -80.0124 15
      vertex 44.9 -77.7691 15
    endloop
  endfacet
  facet normal 0 0 1
    outer loop
      vertex 36.5249 82.0364 15
      vertex 40.7683 -80.0124 15
      vertex 40.7683 80.0124 15
    endloop
  endfacet
  facet normal 0 0 1
    outer loop
      vertex 36.5249 82.0364 15
      vertex 36.5249 -82.0364 15
      vertex 40.7683 -80.0124 15
    endloop
  endfacet
  facet normal 0 0 1
    outer loop
      vertex 32.1814 83.8355 15
      vertex 36.5249 -82.0364 15
      vertex 36.5249 82.0364 15
    endloop
  endfacet
  facet normal 0 0 1
    outer loop
      vertex 32.1814 83.8355 15
      vertex 32.1814 -83.8355 15
      vertex 36.5249 -82.0364 15
    endloop
  endfacet
  facet normal 0 0 1
    outer loop
      vertex 27.7497 85.4049 15
      vertex 32.1814 -83.8355 15
      vertex 32.1814 83.8355 15
    endloop
  endfacet
  facet normal 0 0 1
    outer loop
      vertex 27.7497 85.4049 15
      vertex 27.7497 -85.4049 15
      vertex 32.1814 -83.8355 15
    endloop
  endfacet
  facet normal 0 0 1
    outer loop
      vertex 23.242 86.7401 15
      vertex 27.7497 -85.4049 15
      vertex 27.7497 85.4049 15
    endloop
  endfacet
  facet normal 0 0 1
    outer loop
      vertex 23.242 86.7401 15
      vertex 23.242 -86.7401 15
      vertex 27.7497 -85.4049 15
    endloop
  endfacet
  facet normal 0 0 1
    outer loop
      vertex 18.6705 87.8377 15
      vertex 23.242 -86.7401 15
      vertex 23.242 86.7401 15
    endloop
  endfacet
  facet normal 0 0 1
    outer loop
      vertex 18.6705 87.8377 15
      vertex 18.6705 -87.8377 15
      vertex 23.242 -86.7401 15
    endloop
  endfacet
  facet normal 0 0 1
    outer loop
      vertex 14.0478 88.6944 15
      vertex 18.6705 -87.8377 15
      vertex 18.6705 87.8377 15
    endloop
  endfacet
  facet normal 0 0 1
    outer loop
      vertex 14.0478 88.6944 15
      vertex 14.0478 -88.6944 15
      vertex 18.6705 -87.8377 15
    endloop
  endfacet
  facet normal 0 0 1
    outer loop
      vertex 9.38666 89.3081 15
      vertex 14.0478 -88.6944 15
      vertex 14.0478 88.6944 15
    endloop
  endfacet
  facet normal 0 0 1
    outer loop
      vertex 9.38666 89.3081 15
      vertex 9.38666 -89.3081 15
      vertex 14.0478 -88.6944 15
    endloop
  endfacet
  facet normal 0 0 1
    outer loop
      vertex 4.69977 89.6769 15
      vertex 9.38666 -89.3081 15
      vertex 9.38666 89.3081 15
    endloop
  endfacet
  facet normal 0 0 1
    outer loop
      vertex 4.69977 89.6769 15
      vertex 4.69977 -89.6769 15
      vertex 9.38666 -89.3081 15
    endloop
  endfacet
  facet normal 0 0 1
    outer loop
      vertex 0 89.8 15
      vertex 4.69977 -89.6769 15
      vertex 4.69977 89.6769 15
    endloop
  endfacet
  facet normal 0 0 1
    outer loop
      vertex 0 89.8 15
      vertex 0 -89.8 15
      vertex 4.69977 -89.6769 15
    endloop
  endfacet
  facet normal -0 0 1
    outer loop
      vertex -4.69977 89.6769 15
      vertex 0 -89.8 15
      vertex 0 89.8 15
    endloop
  endfacet
  facet normal 0 0 1
    outer loop
      vertex -4.69977 89.6769 15
      vertex -4.69977 -89.6769 15
      vertex 0 -89.8 15
    endloop
  endfacet
  facet normal -0 0 1
    outer loop
      vertex -9.38666 89.3081 15
      vertex -4.69977 -89.6769 15
      vertex -4.69977 89.6769 15
    endloop
  endfacet
  facet normal 0 0 1
    outer loop
      vertex -9.38666 89.3081 15
      vertex -9.38666 -89.3081 15
      vertex -4.69977 -89.6769 15
    endloop
  endfacet
  facet normal -0 0 1
    outer loop
      vertex -14.0478 88.6944 15
      vertex -9.38666 -89.3081 15
      vertex -9.38666 89.3081 15
    endloop
  endfacet
  facet normal 0 0 1
    outer loop
      vertex -14.0478 88.6944 15
      vertex -14.0478 -88.6944 15
      vertex -9.38666 -89.3081 15
    endloop
  endfacet
  facet normal -0 0 1
    outer loop
      vertex -18.6705 87.8377 15
      vertex -14.0478 -88.6944 15
      vertex -14.0478 88.6944 15
    endloop
  endfacet
  facet normal 0 0 1
    outer loop
      vertex -18.6705 87.8377 15
      vertex -18.6705 -87.8377 15
      vertex -14.0478 -88.6944 15
    endloop
  endfacet
  facet normal -0 0 1
    outer loop
      vertex -23.242 86.7401 15
      vertex -18.6705 -87.8377 15
      vertex -18.6705 87.8377 15
    endloop
  endfacet
  facet normal 0 0 1
    outer loop
      vertex -23.242 86.7401 15
      vertex -23.242 -86.7401 15
      vertex -18.6705 -87.8377 15
    endloop
  endfacet
  facet normal -0 0 1
    outer loop
      vertex -27.7497 85.4049 15
      vertex -23.242 -86.7401 15
      vertex -23.242 86.7401 15
    endloop
  endfacet
  facet normal 0 0 1
    outer loop
      vertex -27.7497 85.4049 15
      vertex -27.7497 -85.4049 15
      vertex -23.242 -86.7401 15
    endloop
  endfacet
  facet normal -0 0 1
    outer loop
      vertex -32.1814 83.8355 15
      vertex -27.7497 -85.4049 15
      vertex -27.7497 85.4049 15
    endloop
  endfacet
  facet normal 0 0 1
    outer loop
      vertex -32.1814 83.8355 15
      vertex -32.1814 -83.8355 15
      vertex -27.7497 -85.4049 15
    endloop
  endfacet
  facet normal -0 0 1
    outer loop
      vertex -36.5249 82.0364 15
      vertex -32.1814 -83.8355 15
      vertex -32.1814 83.8355 15
    endloop
  endfacet
  facet normal 0 0 1
    outer loop
      vertex -36.5249 82.0364 15
      vertex -36.5249 -82.0364 15
      vertex -32.1814 -83.8355 15
    endloop
  endfacet
  facet normal -0 0 1
    outer loop
      vertex -40.7683 80.0124 15
      vertex -36.5249 -82.0364 15
      vertex -36.5249 82.0364 15
    endloop
  endfacet
  facet normal 0 0 1
    outer loop
      vertex -40.7683 80.0124 15
      vertex -40.7683 -80.0124 15
      vertex -36.5249 -82.0364 15
    endloop
  endfacet
  facet normal -0 0 1
    outer loop
      vertex -44.9 77.7691 15
      vertex -40.7683 -80.0124 15
      vertex -40.7683 80.0124 15
    endloop
  endfacet
  facet normal 0 0 1
    outer loop
      vertex -44.9 77.7691 15
      vertex -44.9 -77.7691 15
      vertex -40.7683 -80.0124 15
    endloop
  endfacet
  facet normal -0 0 1
    outer loop
      vertex -48.9086 75.3126 15
      vertex -44.9 -77.7691 15
      vertex -44.9 77.7691 15
    endloop
  endfacet
  facet normal 0 0 1
    outer loop
      vertex -48.9086 75.3126 15
      vertex -48.9086 -75.3126 15
      vertex -44.9 -77.7691 15
    endloop
  endfacet
  facet normal -0 0 1
    outer loop
      vertex -52.7831 72.6497 15
      vertex -48.9086 -75.3126 15
      vertex -48.9086 75.3126 15
    endloop
  endfacet
  facet normal 0 0 1
    outer loop
      vertex -52.7831 72.6497 15
      vertex -52.7831 -72.6497 15
      vertex -48.9086 -75.3126 15
    endloop
  endfacet
  facet normal -0 0 1
    outer loop
      vertex -56.513 69.7877 15
      vertex -52.7831 -72.6497 15
      vertex -52.7831 72.6497 15
    endloop
  endfacet
  facet normal 0 0 1
    outer loop
      vertex -56.513 69.7877 15
      vertex -56.513 -69.7877 15
      vertex -52.7831 -72.6497 15
    endloop
  endfacet
  facet normal -0 0 1
    outer loop
      vertex -60.0879 66.7344 15
      vertex -56.513 -69.7877 15
      vertex -56.513 69.7877 15
    endloop
  endfacet
  facet normal 0 0 1
    outer loop
      vertex -60.0879 66.7344 15
      vertex -60.0879 -66.7344 15
      vertex -56.513 -69.7877 15
    endloop
  endfacet
  facet normal -0 0 1
    outer loop
      vertex -63.4982 63.4982 15
      vertex -60.0879 -66.7344 15
      vertex -60.0879 66.7344 15
    endloop
  endfacet
  facet normal 0 0 1
    outer loop
      vertex -63.4982 63.4982 15
      vertex -63.4982 -63.4982 15
      vertex -60.0879 -66.7344 15
    endloop
  endfacet
  facet normal -0 0 1
    outer loop
      vertex -66.7344 60.0879 15
      vertex -63.4982 -63.4982 15
      vertex -63.4982 63.4982 15
    endloop
  endfacet
  facet normal 0 0 1
    outer loop
      vertex -66.7344 60.0879 15
      vertex -66.7344 -60.0879 15
      vertex -63.4982 -63.4982 15
    endloop
  endfacet
  facet normal -0 0 1
    outer loop
      vertex -69.7877 56.513 15
      vertex -66.7344 -60.0879 15
      vertex -66.7344 60.0879 15
    endloop
  endfacet
  facet normal 0 0 1
    outer loop
      vertex -69.7877 56.513 15
      vertex -69.7877 -56.513 15
      vertex -66.7344 -60.0879 15
    endloop
  endfacet
  facet normal -0 0 1
    outer loop
      vertex -72.6497 52.7831 15
      vertex -69.7877 -56.513 15
      vertex -69.7877 56.513 15
    endloop
  endfacet
  facet normal 0 0 1
    outer loop
      vertex -72.6497 52.7831 15
      vertex -72.6497 -52.7831 15
      vertex -69.7877 -56.513 15
    endloop
  endfacet
  facet normal -0 0 1
    outer loop
      vertex -75.3126 48.9086 15
      vertex -72.6497 -52.7831 15
      vertex -72.6497 52.7831 15
    endloop
  endfacet
  facet normal 0 0 1
    outer loop
      vertex -75.3126 48.9086 15
      vertex -75.3126 -48.9086 15
      vertex -72.6497 -52.7831 15
    endloop
  endfacet
  facet normal -0 0 1
    outer loop
      vertex -77.7691 44.9 15
      vertex -75.3126 -48.9086 15
      vertex -75.3126 48.9086 15
    endloop
  endfacet
  facet normal 0 0 1
    outer loop
      vertex -77.7691 44.9 15
      vertex -77.7691 -44.9 15
      vertex -75.3126 -48.9086 15
    endloop
  endfacet
  facet normal -0 0 1
    outer loop
      vertex -80.0124 40.7683 15
      vertex -77.7691 -44.9 15
      vertex -77.7691 44.9 15
    endloop
  endfacet
  facet normal 0 0 1
    outer loop
      vertex -80.0124 40.7683 15
      vertex -80.0124 -40.7683 15
      vertex -77.7691 -44.9 15
    endloop
  endfacet
  facet normal -0 0 1
    outer loop
      vertex -82.0364 36.5249 15
      vertex -80.0124 -40.7683 15
      vertex -80.0124 40.7683 15
    endloop
  endfacet
  facet normal 0 0 1
    outer loop
      vertex -82.0364 36.5249 15
      vertex -82.0364 -36.5249 15
      vertex -80.0124 -40.7683 15
    endloop
  endfacet
  facet normal -0 0 1
    outer loop
      vertex -83.8355 32.1814 15
      vertex -82.0364 -36.5249 15
      vertex -82.0364 36.5249 15
    endloop
  endfacet
  facet normal 0 0 1
    outer loop
      vertex -83.8355 32.1814 15
      vertex -83.8355 -32.1814 15
      vertex -82.0364 -36.5249 15
    endloop
  endfacet
  facet normal -0 0 1
    outer loop
      vertex -85.4049 27.7497 15
      vertex -83.8355 -32.1814 15
      vertex -83.8355 32.1814 15
    endloop
  endfacet
  facet normal 0 0 1
    outer loop
      vertex -85.4049 27.7497 15
      vertex -85.4049 -27.7497 15
      vertex -83.8355 -32.1814 15
    endloop
  endfacet
  facet normal -0 0 1
    outer loop
      vertex -86.7401 23.242 15
      vertex -85.4049 -27.7497 15
      vertex -85.4049 27.7497 15
    endloop
  endfacet
  facet normal 0 0 1
    outer loop
      vertex -86.7401 23.242 15
      vertex -86.7401 -23.242 15
      vertex -85.4049 -27.7497 15
    endloop
  endfacet
  facet normal -0 0 1
    outer loop
      vertex -87.8377 18.6705 15
      vertex -86.7401 -23.242 15
      vertex -86.7401 23.242 15
    endloop
  endfacet
  facet normal 0 0 1
    outer loop
      vertex -87.8377 18.6705 15
      vertex -87.8377 -18.6705 15
      vertex -86.7401 -23.242 15
    endloop
  endfacet
  facet normal -0 0 1
    outer loop
      vertex -88.6944 14.0478 15
      vertex -87.8377 -18.6705 15
      vertex -87.8377 18.6705 15
    endloop
  endfacet
  facet normal 0 0 1
    outer loop
      vertex -88.6944 14.0478 15
      vertex -88.6944 -14.0478 15
      vertex -87.8377 -18.6705 15
    endloop
  endfacet
  facet normal -0 0 1
    outer loop
      vertex -89.3081 9.38666 15
      vertex -88.6944 -14.0478 15
      vertex -88.6944 14.0478 15
    endloop
  endfacet
  facet normal 0 0 1
    outer loop
      vertex -89.3081 9.38666 15
      vertex -89.3081 -9.38666 15
      vertex -88.6944 -14.0478 15
    endloop
  endfacet
  facet normal -0 0 1
    outer loop
      vertex -89.6769 4.69977 15
      vertex -89.3081 -9.38666 15
      vertex -89.3081 9.38666 15
    endloop
  endfacet
  facet normal 0 0 1
    outer loop
      vertex -89.6769 4.69977 15
      vertex -89.6769 -4.69977 15
      vertex -89.3081 -9.38666 15
    endloop
  endfacet
  facet normal 0 -0 1
    outer loop
      vertex -89.6769 -4.69977 15
      vertex -89.6769 4.69977 15
      vertex -89.8 0 15
    endloop
  endfacet
  facet normal -0.430511 0.902585 0
    outer loop
      vertex -36.5249 82.0364 0
      vertex -40.7683 80.0124 15
      vertex -36.5249 82.0364 15
    endloop
  endfacet
  facet normal -0.430511 0.902585 0
    outer loop
      vertex -40.7683 80.0124 15
      vertex -36.5249 82.0364 0
      vertex -40.7683 80.0124 0
    endloop
  endfacet
  facet normal 0.958822 -0.284007 0
    outer loop
      vertex 85.4049 -27.7497 15
      vertex 86.7401 -23.242 0
      vertex 86.7401 -23.242 15
    endloop
  endfacet
  facet normal 0.958822 -0.284007 0
    outer loop
      vertex 86.7401 -23.242 0
      vertex 85.4049 -27.7497 15
      vertex 85.4049 -27.7497 0
    endloop
  endfacet
  facet normal -0.72538 -0.688349 0
    outer loop
      vertex -63.4982 -63.4982 0
      vertex -66.7344 -60.0879 15
      vertex -66.7344 -60.0879 0
    endloop
  endfacet
  facet normal -0.72538 -0.688349 0
    outer loop
      vertex -66.7344 -60.0879 15
      vertex -63.4982 -63.4982 0
      vertex -63.4982 -63.4982 15
    endloop
  endfacet
  facet normal 0.942638 0.333817 0
    outer loop
      vertex 85.4049 27.7497 15
      vertex 83.8355 32.1814 0
      vertex 83.8355 32.1814 15
    endloop
  endfacet
  facet normal 0.942638 0.333817 0
    outer loop
      vertex 83.8355 32.1814 0
      vertex 85.4049 27.7497 15
      vertex 85.4049 27.7497 0
    endloop
  endfacet
  facet normal -0.991444 -0.130536 0
    outer loop
      vertex -88.6944 -14.0478 0
      vertex -89.3081 -9.38666 15
      vertex -89.3081 -9.38666 0
    endloop
  endfacet
  facet normal -0.991444 -0.130536 0
    outer loop
      vertex -89.3081 -9.38666 15
      vertex -88.6944 -14.0478 0
      vertex -88.6944 -14.0478 15
    endloop
  endfacet
  facet normal 0.382677 0.923882 -0
    outer loop
      vertex 36.5249 82.0364 0
      vertex 32.1814 83.8355 15
      vertex 36.5249 82.0364 15
    endloop
  endfacet
  facet normal 0.382677 0.923882 0
    outer loop
      vertex 32.1814 83.8355 15
      vertex 36.5249 82.0364 0
      vertex 32.1814 83.8355 0
    endloop
  endfacet
  facet normal 0.996918 -0.0784451 0
    outer loop
      vertex 89.3081 -9.38666 15
      vertex 89.6769 -4.69977 0
      vertex 89.6769 -4.69977 15
    endloop
  endfacet
  facet normal 0.996918 -0.0784451 0
    outer loop
      vertex 89.6769 -4.69977 0
      vertex 89.3081 -9.38666 15
      vertex 89.3081 -9.38666 0
    endloop
  endfacet
  facet normal -0.972366 -0.233461 0
    outer loop
      vertex -86.7401 -23.242 0
      vertex -87.8377 -18.6705 15
      vertex -87.8377 -18.6705 0
    endloop
  endfacet
  facet normal -0.972366 -0.233461 0
    outer loop
      vertex -87.8377 -18.6705 15
      vertex -86.7401 -23.242 0
      vertex -86.7401 -23.242 15
    endloop
  endfacet
  facet normal 0.983257 -0.182222 0
    outer loop
      vertex 87.8377 -18.6705 15
      vertex 88.6944 -14.0478 0
      vertex 88.6944 -14.0478 15
    endloop
  endfacet
  facet normal 0.983257 -0.182222 0
    outer loop
      vertex 88.6944 -14.0478 0
      vertex 87.8377 -18.6705 15
      vertex 87.8377 -18.6705 0
    endloop
  endfacet
  facet normal 0.824123 0.566411 0
    outer loop
      vertex 75.3126 48.9086 15
      vertex 72.6497 52.7831 0
      vertex 72.6497 52.7831 15
    endloop
  endfacet
  facet normal 0.824123 0.566411 0
    outer loop
      vertex 72.6497 52.7831 0
      vertex 75.3126 48.9086 15
      vertex 75.3126 48.9086 0
    endloop
  endfacet
  facet normal -0.182222 -0.983257 0
    outer loop
      vertex -18.6705 -87.8377 0
      vertex -14.0478 -88.6944 15
      vertex -18.6705 -87.8377 15
    endloop
  endfacet
  facet normal -0.182222 -0.983257 -0
    outer loop
      vertex -14.0478 -88.6944 15
      vertex -18.6705 -87.8377 0
      vertex -14.0478 -88.6944 0
    endloop
  endfacet
  facet normal 0.852638 -0.522503 0
    outer loop
      vertex 75.3126 -48.9086 15
      vertex 77.7691 -44.9 0
      vertex 77.7691 -44.9 15
    endloop
  endfacet
  facet normal 0.852638 -0.522503 0
    outer loop
      vertex 77.7691 -44.9 0
      vertex 75.3126 -48.9086 15
      vertex 75.3126 -48.9086 0
    endloop
  endfacet
  facet normal -0.0261838 0.999657 0
    outer loop
      vertex 0 89.8 0
      vertex -4.69977 89.6769 15
      vertex 0 89.8 15
    endloop
  endfacet
  facet normal -0.0261838 0.999657 0
    outer loop
      vertex -4.69977 89.6769 15
      vertex 0 89.8 0
      vertex -4.69977 89.6769 0
    endloop
  endfacet
  facet normal 0.233461 -0.972366 0
    outer loop
      vertex 18.6705 -87.8377 0
      vertex 23.242 -86.7401 15
      vertex 18.6705 -87.8377 15
    endloop
  endfacet
  facet normal 0.233461 -0.972366 0
    outer loop
      vertex 23.242 -86.7401 15
      vertex 18.6705 -87.8377 0
      vertex 23.242 -86.7401 0
    endloop
  endfacet
  facet normal 0.688349 -0.72538 0
    outer loop
      vertex 60.0879 -66.7344 0
      vertex 63.4982 -63.4982 15
      vertex 60.0879 -66.7344 15
    endloop
  endfacet
  facet normal 0.688349 -0.72538 0
    outer loop
      vertex 63.4982 -63.4982 15
      vertex 60.0879 -66.7344 0
      vertex 63.4982 -63.4982 0
    endloop
  endfacet
  facet normal -0.566411 0.824123 0
    outer loop
      vertex -48.9086 75.3126 0
      vertex -52.7831 72.6497 15
      vertex -48.9086 75.3126 15
    endloop
  endfacet
  facet normal -0.566411 0.824123 0
    outer loop
      vertex -52.7831 72.6497 15
      vertex -48.9086 75.3126 0
      vertex -52.7831 72.6497 0
    endloop
  endfacet
  facet normal -0.760401 -0.649454 0
    outer loop
      vertex -66.7344 -60.0879 0
      vertex -69.7877 -56.513 15
      vertex -69.7877 -56.513 0
    endloop
  endfacet
  facet normal -0.760401 -0.649454 0
    outer loop
      vertex -69.7877 -56.513 15
      vertex -66.7344 -60.0879 0
      vertex -66.7344 -60.0879 15
    endloop
  endfacet
  facet normal -0.852638 -0.522503 0
    outer loop
      vertex -75.3126 -48.9086 0
      vertex -77.7691 -44.9 15
      vertex -77.7691 -44.9 0
    endloop
  endfacet
  facet normal -0.852638 -0.522503 0
    outer loop
      vertex -77.7691 -44.9 15
      vertex -75.3126 -48.9086 0
      vertex -75.3126 -48.9086 15
    endloop
  endfacet
  facet normal 0.87882 0.477154 0
    outer loop
      vertex 80.0124 40.7683 15
      vertex 77.7691 44.9 0
      vertex 77.7691 44.9 15
    endloop
  endfacet
  facet normal 0.87882 0.477154 0
    outer loop
      vertex 77.7691 44.9 0
      vertex 80.0124 40.7683 15
      vertex 80.0124 40.7683 0
    endloop
  endfacet
  facet normal 0.284007 -0.958822 0
    outer loop
      vertex 23.242 -86.7401 0
      vertex 27.7497 -85.4049 15
      vertex 23.242 -86.7401 15
    endloop
  endfacet
  facet normal 0.284007 -0.958822 0
    outer loop
      vertex 27.7497 -85.4049 15
      vertex 23.242 -86.7401 0
      vertex 27.7497 -85.4049 0
    endloop
  endfacet
  facet normal 0.233461 0.972366 -0
    outer loop
      vertex 23.242 86.7401 0
      vertex 18.6705 87.8377 15
      vertex 23.242 86.7401 15
    endloop
  endfacet
  facet normal 0.233461 0.972366 0
    outer loop
      vertex 18.6705 87.8377 15
      vertex 23.242 86.7401 0
      vertex 18.6705 87.8377 0
    endloop
  endfacet
  facet normal -0.0261838 -0.999657 0
    outer loop
      vertex -4.69977 -89.6769 0
      vertex 0 -89.8 15
      vertex -4.69977 -89.6769 15
    endloop
  endfacet
  facet normal -0.0261838 -0.999657 -0
    outer loop
      vertex 0 -89.8 15
      vertex -4.69977 -89.6769 0
      vertex 0 -89.8 0
    endloop
  endfacet
  facet normal 0.793359 -0.608754 0
    outer loop
      vertex 69.7877 -56.513 15
      vertex 72.6497 -52.7831 0
      vertex 72.6497 -52.7831 15
    endloop
  endfacet
  facet normal 0.793359 -0.608754 0
    outer loop
      vertex 72.6497 -52.7831 0
      vertex 69.7877 -56.513 15
      vertex 69.7877 -56.513 0
    endloop
  endfacet
  facet normal -0.333817 0.942638 0
    outer loop
      vertex -27.7497 85.4049 0
      vertex -32.1814 83.8355 15
      vertex -27.7497 85.4049 15
    endloop
  endfacet
  facet normal -0.333817 0.942638 0
    outer loop
      vertex -32.1814 83.8355 15
      vertex -27.7497 85.4049 0
      vertex -32.1814 83.8355 0
    endloop
  endfacet
  facet normal 0.942638 -0.333817 0
    outer loop
      vertex 83.8355 -32.1814 15
      vertex 85.4049 -27.7497 0
      vertex 85.4049 -27.7497 15
    endloop
  endfacet
  facet normal 0.942638 -0.333817 0
    outer loop
      vertex 85.4049 -27.7497 0
      vertex 83.8355 -32.1814 15
      vertex 83.8355 -32.1814 0
    endloop
  endfacet
  facet normal 0.983257 0.182222 0
    outer loop
      vertex 88.6944 14.0478 15
      vertex 87.8377 18.6705 0
      vertex 87.8377 18.6705 15
    endloop
  endfacet
  facet normal 0.983257 0.182222 0
    outer loop
      vertex 87.8377 18.6705 0
      vertex 88.6944 14.0478 15
      vertex 88.6944 14.0478 0
    endloop
  endfacet
  facet normal 0.72538 -0.688349 0
    outer loop
      vertex 63.4982 -63.4982 15
      vertex 66.7344 -60.0879 0
      vertex 66.7344 -60.0879 15
    endloop
  endfacet
  facet normal 0.72538 -0.688349 0
    outer loop
      vertex 66.7344 -60.0879 0
      vertex 63.4982 -63.4982 15
      vertex 63.4982 -63.4982 0
    endloop
  endfacet
  facet normal -0.608754 0.793359 0
    outer loop
      vertex -52.7831 72.6497 0
      vertex -56.513 69.7877 15
      vertex -52.7831 72.6497 15
    endloop
  endfacet
  facet normal -0.608754 0.793359 0
    outer loop
      vertex -56.513 69.7877 15
      vertex -52.7831 72.6497 0
      vertex -56.513 69.7877 0
    endloop
  endfacet
  facet normal 0.477154 0.87882 -0
    outer loop
      vertex 44.9 77.7691 0
      vertex 40.7683 80.0124 15
      vertex 44.9 77.7691 15
    endloop
  endfacet
  facet normal 0.477154 0.87882 0
    outer loop
      vertex 40.7683 80.0124 15
      vertex 44.9 77.7691 0
      vertex 40.7683 80.0124 0
    endloop
  endfacet
  facet normal -0.999657 -0.0261838 0
    outer loop
      vertex -89.6769 -4.69977 0
      vertex -89.8 0 15
      vertex -89.8 0 0
    endloop
  endfacet
  facet normal -0.999657 -0.0261838 0
    outer loop
      vertex -89.8 0 15
      vertex -89.6769 -4.69977 0
      vertex -89.6769 -4.69977 15
    endloop
  endfacet
  facet normal -0.972366 0.233461 0
    outer loop
      vertex -87.8377 18.6705 0
      vertex -86.7401 23.242 15
      vertex -86.7401 23.242 0
    endloop
  endfacet
  facet normal -0.972366 0.233461 0
    outer loop
      vertex -86.7401 23.242 15
      vertex -87.8377 18.6705 0
      vertex -87.8377 18.6705 15
    endloop
  endfacet
  facet normal -0.923882 0.382677 0
    outer loop
      vertex -83.8355 32.1814 0
      vertex -82.0364 36.5249 15
      vertex -82.0364 36.5249 0
    endloop
  endfacet
  facet normal -0.923882 0.382677 0
    outer loop
      vertex -82.0364 36.5249 15
      vertex -83.8355 32.1814 0
      vertex -83.8355 32.1814 15
    endloop
  endfacet
  facet normal -0.793359 -0.608754 0
    outer loop
      vertex -69.7877 -56.513 0
      vertex -72.6497 -52.7831 15
      vertex -72.6497 -52.7831 0
    endloop
  endfacet
  facet normal -0.793359 -0.608754 0
    outer loop
      vertex -72.6497 -52.7831 15
      vertex -69.7877 -56.513 0
      vertex -69.7877 -56.513 15
    endloop
  endfacet
  facet normal 0.649454 -0.760401 0
    outer loop
      vertex 56.513 -69.7877 0
      vertex 60.0879 -66.7344 15
      vertex 56.513 -69.7877 15
    endloop
  endfacet
  facet normal 0.649454 -0.760401 0
    outer loop
      vertex 60.0879 -66.7344 15
      vertex 56.513 -69.7877 0
      vertex 60.0879 -66.7344 0
    endloop
  endfacet
  facet normal 0.333817 0.942638 -0
    outer loop
      vertex 32.1814 83.8355 0
      vertex 27.7497 85.4049 15
      vertex 32.1814 83.8355 15
    endloop
  endfacet
  facet normal 0.333817 0.942638 0
    outer loop
      vertex 27.7497 85.4049 15
      vertex 32.1814 83.8355 0
      vertex 27.7497 85.4049 0
    endloop
  endfacet
  facet normal 0.284007 0.958822 -0
    outer loop
      vertex 27.7497 85.4049 0
      vertex 23.242 86.7401 15
      vertex 27.7497 85.4049 15
    endloop
  endfacet
  facet normal 0.284007 0.958822 0
    outer loop
      vertex 23.242 86.7401 15
      vertex 27.7497 85.4049 0
      vertex 23.242 86.7401 0
    endloop
  endfacet
  facet normal 0.566411 -0.824123 0
    outer loop
      vertex 48.9086 -75.3126 0
      vertex 52.7831 -72.6497 15
      vertex 48.9086 -75.3126 15
    endloop
  endfacet
  facet normal 0.566411 -0.824123 0
    outer loop
      vertex 52.7831 -72.6497 15
      vertex 48.9086 -75.3126 0
      vertex 52.7831 -72.6497 0
    endloop
  endfacet
  facet normal -0.333817 -0.942638 0
    outer loop
      vertex -32.1814 -83.8355 0
      vertex -27.7497 -85.4049 15
      vertex -32.1814 -83.8355 15
    endloop
  endfacet
  facet normal -0.333817 -0.942638 -0
    outer loop
      vertex -27.7497 -85.4049 15
      vertex -32.1814 -83.8355 0
      vertex -27.7497 -85.4049 0
    endloop
  endfacet
  facet normal -0.996918 -0.0784451 0
    outer loop
      vertex -89.3081 -9.38666 0
      vertex -89.6769 -4.69977 15
      vertex -89.6769 -4.69977 0
    endloop
  endfacet
  facet normal -0.996918 -0.0784451 0
    outer loop
      vertex -89.6769 -4.69977 15
      vertex -89.3081 -9.38666 0
      vertex -89.3081 -9.38666 15
    endloop
  endfacet
  facet normal -0.824123 -0.566411 0
    outer loop
      vertex -72.6497 -52.7831 0
      vertex -75.3126 -48.9086 15
      vertex -75.3126 -48.9086 0
    endloop
  endfacet
  facet normal -0.824123 -0.566411 0
    outer loop
      vertex -75.3126 -48.9086 15
      vertex -72.6497 -52.7831 0
      vertex -72.6497 -52.7831 15
    endloop
  endfacet
  facet normal 0.566411 0.824123 -0
    outer loop
      vertex 52.7831 72.6497 0
      vertex 48.9086 75.3126 15
      vertex 52.7831 72.6497 15
    endloop
  endfacet
  facet normal 0.566411 0.824123 0
    outer loop
      vertex 48.9086 75.3126 15
      vertex 52.7831 72.6497 0
      vertex 48.9086 75.3126 0
    endloop
  endfacet
  facet normal -0.0784451 0.996918 0
    outer loop
      vertex -4.69977 89.6769 0
      vertex -9.38666 89.3081 15
      vertex -4.69977 89.6769 15
    endloop
  endfacet
  facet normal -0.0784451 0.996918 0
    outer loop
      vertex -9.38666 89.3081 15
      vertex -4.69977 89.6769 0
      vertex -9.38666 89.3081 0
    endloop
  endfacet
  facet normal 0.0261838 0.999657 -0
    outer loop
      vertex 4.69977 89.6769 0
      vertex 0 89.8 15
      vertex 4.69977 89.6769 15
    endloop
  endfacet
  facet normal 0.0261838 0.999657 0
    outer loop
      vertex 0 89.8 15
      vertex 4.69977 89.6769 0
      vertex 0 89.8 0
    endloop
  endfacet
  facet normal 0.991444 -0.130536 0
    outer loop
      vertex 88.6944 -14.0478 15
      vertex 89.3081 -9.38666 0
      vertex 89.3081 -9.38666 15
    endloop
  endfacet
  facet normal 0.991444 -0.130536 0
    outer loop
      vertex 89.3081 -9.38666 0
      vertex 88.6944 -14.0478 15
      vertex 88.6944 -14.0478 0
    endloop
  endfacet
  facet normal -0.942638 -0.333817 0
    outer loop
      vertex -83.8355 -32.1814 0
      vertex -85.4049 -27.7497 15
      vertex -85.4049 -27.7497 0
    endloop
  endfacet
  facet normal -0.942638 -0.333817 0
    outer loop
      vertex -85.4049 -27.7497 15
      vertex -83.8355 -32.1814 0
      vertex -83.8355 -32.1814 15
    endloop
  endfacet
  facet normal 0.522503 -0.852638 0
    outer loop
      vertex 44.9 -77.7691 0
      vertex 48.9086 -75.3126 15
      vertex 44.9 -77.7691 15
    endloop
  endfacet
  facet normal 0.522503 -0.852638 0
    outer loop
      vertex 48.9086 -75.3126 15
      vertex 44.9 -77.7691 0
      vertex 48.9086 -75.3126 0
    endloop
  endfacet
  facet normal 0.130536 0.991444 -0
    outer loop
      vertex 14.0478 88.6944 0
      vertex 9.38666 89.3081 15
      vertex 14.0478 88.6944 15
    endloop
  endfacet
  facet normal 0.130536 0.991444 0
    outer loop
      vertex 9.38666 89.3081 15
      vertex 14.0478 88.6944 0
      vertex 9.38666 89.3081 0
    endloop
  endfacet
  facet normal -0.182222 0.983257 0
    outer loop
      vertex -14.0478 88.6944 0
      vertex -18.6705 87.8377 15
      vertex -14.0478 88.6944 15
    endloop
  endfacet
  facet normal -0.182222 0.983257 0
    outer loop
      vertex -18.6705 87.8377 15
      vertex -14.0478 88.6944 0
      vertex -18.6705 87.8377 0
    endloop
  endfacet
  facet normal 0.852638 0.522503 0
    outer loop
      vertex 77.7691 44.9 15
      vertex 75.3126 48.9086 0
      vertex 75.3126 48.9086 15
    endloop
  endfacet
  facet normal 0.852638 0.522503 0
    outer loop
      vertex 75.3126 48.9086 0
      vertex 77.7691 44.9 15
      vertex 77.7691 44.9 0
    endloop
  endfacet
  facet normal -0.284007 -0.958822 0
    outer loop
      vertex -27.7497 -85.4049 0
      vertex -23.242 -86.7401 15
      vertex -27.7497 -85.4049 15
    endloop
  endfacet
  facet normal -0.284007 -0.958822 -0
    outer loop
      vertex -23.242 -86.7401 15
      vertex -27.7497 -85.4049 0
      vertex -23.242 -86.7401 0
    endloop
  endfacet
  facet normal -0.942638 0.333817 0
    outer loop
      vertex -85.4049 27.7497 0
      vertex -83.8355 32.1814 15
      vertex -83.8355 32.1814 0
    endloop
  endfacet
  facet normal -0.942638 0.333817 0
    outer loop
      vertex -83.8355 32.1814 15
      vertex -85.4049 27.7497 0
      vertex -85.4049 27.7497 15
    endloop
  endfacet
  facet normal -0.0784451 -0.996918 0
    outer loop
      vertex -9.38666 -89.3081 0
      vertex -4.69977 -89.6769 15
      vertex -9.38666 -89.3081 15
    endloop
  endfacet
  facet normal -0.0784451 -0.996918 -0
    outer loop
      vertex -4.69977 -89.6769 15
      vertex -9.38666 -89.3081 0
      vertex -4.69977 -89.6769 0
    endloop
  endfacet
  facet normal -0.130536 -0.991444 0
    outer loop
      vertex -14.0478 -88.6944 0
      vertex -9.38666 -89.3081 15
      vertex -14.0478 -88.6944 15
    endloop
  endfacet
  facet normal -0.130536 -0.991444 -0
    outer loop
      vertex -9.38666 -89.3081 15
      vertex -14.0478 -88.6944 0
      vertex -9.38666 -89.3081 0
    endloop
  endfacet
  facet normal -0.608754 -0.793359 0
    outer loop
      vertex -56.513 -69.7877 0
      vertex -52.7831 -72.6497 15
      vertex -56.513 -69.7877 15
    endloop
  endfacet
  facet normal -0.608754 -0.793359 -0
    outer loop
      vertex -52.7831 -72.6497 15
      vertex -56.513 -69.7877 0
      vertex -52.7831 -72.6497 0
    endloop
  endfacet
  facet normal -0.382677 -0.923882 0
    outer loop
      vertex -36.5249 -82.0364 0
      vertex -32.1814 -83.8355 15
      vertex -36.5249 -82.0364 15
    endloop
  endfacet
  facet normal -0.382677 -0.923882 -0
    outer loop
      vertex -32.1814 -83.8355 15
      vertex -36.5249 -82.0364 0
      vertex -32.1814 -83.8355 0
    endloop
  endfacet
  facet normal 0.972366 0.233461 0
    outer loop
      vertex 87.8377 18.6705 15
      vertex 86.7401 23.242 0
      vertex 86.7401 23.242 15
    endloop
  endfacet
  facet normal 0.972366 0.233461 0
    outer loop
      vertex 86.7401 23.242 0
      vertex 87.8377 18.6705 15
      vertex 87.8377 18.6705 0
    endloop
  endfacet
  facet normal 0.958822 0.284007 0
    outer loop
      vertex 86.7401 23.242 15
      vertex 85.4049 27.7497 0
      vertex 85.4049 27.7497 15
    endloop
  endfacet
  facet normal 0.958822 0.284007 0
    outer loop
      vertex 85.4049 27.7497 0
      vertex 86.7401 23.242 15
      vertex 86.7401 23.242 0
    endloop
  endfacet
  facet normal 0.430511 0.902585 -0
    outer loop
      vertex 40.7683 80.0124 0
      vertex 36.5249 82.0364 15
      vertex 40.7683 80.0124 15
    endloop
  endfacet
  facet normal 0.430511 0.902585 0
    outer loop
      vertex 36.5249 82.0364 15
      vertex 40.7683 80.0124 0
      vertex 36.5249 82.0364 0
    endloop
  endfacet
  facet normal 0.0784451 0.996918 -0
    outer loop
      vertex 9.38666 89.3081 0
      vertex 4.69977 89.6769 15
      vertex 9.38666 89.3081 15
    endloop
  endfacet
  facet normal 0.0784451 0.996918 0
    outer loop
      vertex 4.69977 89.6769 15
      vertex 9.38666 89.3081 0
      vertex 4.69977 89.6769 0
    endloop
  endfacet
  facet normal -0.649454 0.760401 0
    outer loop
      vertex -56.513 69.7877 0
      vertex -60.0879 66.7344 15
      vertex -56.513 69.7877 15
    endloop
  endfacet
  facet normal -0.649454 0.760401 0
    outer loop
      vertex -60.0879 66.7344 15
      vertex -56.513 69.7877 0
      vertex -60.0879 66.7344 0
    endloop
  endfacet
  facet normal -0.824123 0.566411 0
    outer loop
      vertex -75.3126 48.9086 0
      vertex -72.6497 52.7831 15
      vertex -72.6497 52.7831 0
    endloop
  endfacet
  facet normal -0.824123 0.566411 0
    outer loop
      vertex -72.6497 52.7831 15
      vertex -75.3126 48.9086 0
      vertex -75.3126 48.9086 15
    endloop
  endfacet
  facet normal -0.760401 0.649454 0
    outer loop
      vertex -69.7877 56.513 0
      vertex -66.7344 60.0879 15
      vertex -66.7344 60.0879 0
    endloop
  endfacet
  facet normal -0.760401 0.649454 0
    outer loop
      vertex -66.7344 60.0879 15
      vertex -69.7877 56.513 0
      vertex -69.7877 56.513 15
    endloop
  endfacet
  facet normal -0.999657 0.0261838 0
    outer loop
      vertex -89.8 0 0
      vertex -89.6769 4.69977 15
      vertex -89.6769 4.69977 0
    endloop
  endfacet
  facet normal -0.999657 0.0261838 0
    outer loop
      vertex -89.6769 4.69977 15
      vertex -89.8 0 0
      vertex -89.8 0 15
    endloop
  endfacet
  facet normal 0.522503 0.852638 -0
    outer loop
      vertex 48.9086 75.3126 0
      vertex 44.9 77.7691 15
      vertex 48.9086 75.3126 15
    endloop
  endfacet
  facet normal 0.522503 0.852638 0
    outer loop
      vertex 44.9 77.7691 15
      vertex 48.9086 75.3126 0
      vertex 44.9 77.7691 0
    endloop
  endfacet
  facet normal 0.824123 -0.566411 0
    outer loop
      vertex 72.6497 -52.7831 15
      vertex 75.3126 -48.9086 0
      vertex 75.3126 -48.9086 15
    endloop
  endfacet
  facet normal 0.824123 -0.566411 0
    outer loop
      vertex 75.3126 -48.9086 0
      vertex 72.6497 -52.7831 15
      vertex 72.6497 -52.7831 0
    endloop
  endfacet
  facet normal -0.382677 0.923882 0
    outer loop
      vertex -32.1814 83.8355 0
      vertex -36.5249 82.0364 15
      vertex -32.1814 83.8355 15
    endloop
  endfacet
  facet normal -0.382677 0.923882 0
    outer loop
      vertex -36.5249 82.0364 15
      vertex -32.1814 83.8355 0
      vertex -36.5249 82.0364 0
    endloop
  endfacet
  facet normal 0.649454 0.760401 -0
    outer loop
      vertex 60.0879 66.7344 0
      vertex 56.513 69.7877 15
      vertex 60.0879 66.7344 15
    endloop
  endfacet
  facet normal 0.649454 0.760401 0
    outer loop
      vertex 56.513 69.7877 15
      vertex 60.0879 66.7344 0
      vertex 56.513 69.7877 0
    endloop
  endfacet
  facet normal 0.182222 0.983257 -0
    outer loop
      vertex 18.6705 87.8377 0
      vertex 14.0478 88.6944 15
      vertex 18.6705 87.8377 15
    endloop
  endfacet
  facet normal 0.182222 0.983257 0
    outer loop
      vertex 14.0478 88.6944 15
      vertex 18.6705 87.8377 0
      vertex 14.0478 88.6944 0
    endloop
  endfacet
  facet normal -0.87882 0.477154 0
    outer loop
      vertex -80.0124 40.7683 0
      vertex -77.7691 44.9 15
      vertex -77.7691 44.9 0
    endloop
  endfacet
  facet normal -0.87882 0.477154 0
    outer loop
      vertex -77.7691 44.9 15
      vertex -80.0124 40.7683 0
      vertex -80.0124 40.7683 15
    endloop
  endfacet
  facet normal -0.649454 -0.760401 0
    outer loop
      vertex -60.0879 -66.7344 0
      vertex -56.513 -69.7877 15
      vertex -60.0879 -66.7344 15
    endloop
  endfacet
  facet normal -0.649454 -0.760401 -0
    outer loop
      vertex -56.513 -69.7877 15
      vertex -60.0879 -66.7344 0
      vertex -56.513 -69.7877 0
    endloop
  endfacet
  facet normal -0.902585 0.430511 0
    outer loop
      vertex -82.0364 36.5249 0
      vertex -80.0124 40.7683 15
      vertex -80.0124 40.7683 0
    endloop
  endfacet
  facet normal -0.902585 0.430511 0
    outer loop
      vertex -80.0124 40.7683 15
      vertex -82.0364 36.5249 0
      vertex -82.0364 36.5249 15
    endloop
  endfacet
  facet normal 0.477154 -0.87882 0
    outer loop
      vertex 40.7683 -80.0124 0
      vertex 44.9 -77.7691 15
      vertex 40.7683 -80.0124 15
    endloop
  endfacet
  facet normal 0.477154 -0.87882 0
    outer loop
      vertex 44.9 -77.7691 15
      vertex 40.7683 -80.0124 0
      vertex 44.9 -77.7691 0
    endloop
  endfacet
  facet normal -0.477154 -0.87882 0
    outer loop
      vertex -44.9 -77.7691 0
      vertex -40.7683 -80.0124 15
      vertex -44.9 -77.7691 15
    endloop
  endfacet
  facet normal -0.477154 -0.87882 -0
    outer loop
      vertex -40.7683 -80.0124 15
      vertex -44.9 -77.7691 0
      vertex -40.7683 -80.0124 0
    endloop
  endfacet
  facet normal -0.284007 0.958822 0
    outer loop
      vertex -23.242 86.7401 0
      vertex -27.7497 85.4049 15
      vertex -23.242 86.7401 15
    endloop
  endfacet
  facet normal -0.284007 0.958822 0
    outer loop
      vertex -27.7497 85.4049 15
      vertex -23.242 86.7401 0
      vertex -27.7497 85.4049 0
    endloop
  endfacet
  facet normal 0.333817 -0.942638 0
    outer loop
      vertex 27.7497 -85.4049 0
      vertex 32.1814 -83.8355 15
      vertex 27.7497 -85.4049 15
    endloop
  endfacet
  facet normal 0.333817 -0.942638 0
    outer loop
      vertex 32.1814 -83.8355 15
      vertex 27.7497 -85.4049 0
      vertex 32.1814 -83.8355 0
    endloop
  endfacet
  facet normal 0.182222 -0.983257 0
    outer loop
      vertex 14.0478 -88.6944 0
      vertex 18.6705 -87.8377 15
      vertex 14.0478 -88.6944 15
    endloop
  endfacet
  facet normal 0.182222 -0.983257 0
    outer loop
      vertex 18.6705 -87.8377 15
      vertex 14.0478 -88.6944 0
      vertex 18.6705 -87.8377 0
    endloop
  endfacet
  facet normal 0.130536 -0.991444 0
    outer loop
      vertex 9.38666 -89.3081 0
      vertex 14.0478 -88.6944 15
      vertex 9.38666 -89.3081 15
    endloop
  endfacet
  facet normal 0.130536 -0.991444 0
    outer loop
      vertex 14.0478 -88.6944 15
      vertex 9.38666 -89.3081 0
      vertex 14.0478 -88.6944 0
    endloop
  endfacet
  facet normal -0.688349 -0.72538 0
    outer loop
      vertex -63.4982 -63.4982 0
      vertex -60.0879 -66.7344 15
      vertex -63.4982 -63.4982 15
    endloop
  endfacet
  facet normal -0.688349 -0.72538 -0
    outer loop
      vertex -60.0879 -66.7344 15
      vertex -63.4982 -63.4982 0
      vertex -60.0879 -66.7344 0
    endloop
  endfacet
  facet normal 0.688349 0.72538 -0
    outer loop
      vertex 63.4982 63.4982 0
      vertex 60.0879 66.7344 15
      vertex 63.4982 63.4982 15
    endloop
  endfacet
  facet normal 0.688349 0.72538 0
    outer loop
      vertex 60.0879 66.7344 15
      vertex 63.4982 63.4982 0
      vertex 60.0879 66.7344 0
    endloop
  endfacet
  facet normal -0.72538 0.688349 0
    outer loop
      vertex -66.7344 60.0879 0
      vertex -63.4982 63.4982 15
      vertex -63.4982 63.4982 0
    endloop
  endfacet
  facet normal -0.72538 0.688349 0
    outer loop
      vertex -63.4982 63.4982 15
      vertex -66.7344 60.0879 0
      vertex -66.7344 60.0879 15
    endloop
  endfacet
  facet normal -0.923882 -0.382677 0
    outer loop
      vertex -82.0364 -36.5249 0
      vertex -83.8355 -32.1814 15
      vertex -83.8355 -32.1814 0
    endloop
  endfacet
  facet normal -0.923882 -0.382677 0
    outer loop
      vertex -83.8355 -32.1814 15
      vertex -82.0364 -36.5249 0
      vertex -82.0364 -36.5249 15
    endloop
  endfacet
  facet normal 0.999657 -0.0261838 0
    outer loop
      vertex 89.6769 -4.69977 15
      vertex 89.8 0 0
      vertex 89.8 0 15
    endloop
  endfacet
  facet normal 0.999657 -0.0261838 0
    outer loop
      vertex 89.8 0 0
      vertex 89.6769 -4.69977 15
      vertex 89.6769 -4.69977 0
    endloop
  endfacet
  facet normal -0.983257 -0.182222 0
    outer loop
      vertex -87.8377 -18.6705 0
      vertex -88.6944 -14.0478 15
      vertex -88.6944 -14.0478 0
    endloop
  endfacet
  facet normal -0.983257 -0.182222 0
    outer loop
      vertex -88.6944 -14.0478 15
      vertex -87.8377 -18.6705 0
      vertex -87.8377 -18.6705 15
    endloop
  endfacet
  facet normal 0.430511 -0.902585 0
    outer loop
      vertex 36.5249 -82.0364 0
      vertex 40.7683 -80.0124 15
      vertex 36.5249 -82.0364 15
    endloop
  endfacet
  facet normal 0.430511 -0.902585 0
    outer loop
      vertex 40.7683 -80.0124 15
      vertex 36.5249 -82.0364 0
      vertex 40.7683 -80.0124 0
    endloop
  endfacet
  facet normal -0.233461 0.972366 0
    outer loop
      vertex -18.6705 87.8377 0
      vertex -23.242 86.7401 15
      vertex -18.6705 87.8377 15
    endloop
  endfacet
  facet normal -0.233461 0.972366 0
    outer loop
      vertex -23.242 86.7401 15
      vertex -18.6705 87.8377 0
      vertex -23.242 86.7401 0
    endloop
  endfacet
  facet normal -0.793359 0.608754 0
    outer loop
      vertex -72.6497 52.7831 0
      vertex -69.7877 56.513 15
      vertex -69.7877 56.513 0
    endloop
  endfacet
  facet normal -0.793359 0.608754 0
    outer loop
      vertex -69.7877 56.513 15
      vertex -72.6497 52.7831 0
      vertex -72.6497 52.7831 15
    endloop
  endfacet
  facet normal 0.608754 -0.793359 0
    outer loop
      vertex 52.7831 -72.6497 0
      vertex 56.513 -69.7877 15
      vertex 52.7831 -72.6497 15
    endloop
  endfacet
  facet normal 0.608754 -0.793359 0
    outer loop
      vertex 56.513 -69.7877 15
      vertex 52.7831 -72.6497 0
      vertex 56.513 -69.7877 0
    endloop
  endfacet
  facet normal 0.972366 -0.233461 0
    outer loop
      vertex 86.7401 -23.242 15
      vertex 87.8377 -18.6705 0
      vertex 87.8377 -18.6705 15
    endloop
  endfacet
  facet normal 0.972366 -0.233461 0
    outer loop
      vertex 87.8377 -18.6705 0
      vertex 86.7401 -23.242 15
      vertex 86.7401 -23.242 0
    endloop
  endfacet
  facet normal -0.852638 0.522503 0
    outer loop
      vertex -77.7691 44.9 0
      vertex -75.3126 48.9086 15
      vertex -75.3126 48.9086 0
    endloop
  endfacet
  facet normal -0.852638 0.522503 0
    outer loop
      vertex -75.3126 48.9086 15
      vertex -77.7691 44.9 0
      vertex -77.7691 44.9 15
    endloop
  endfacet
  facet normal 0.72538 0.688349 0
    outer loop
      vertex 66.7344 60.0879 15
      vertex 63.4982 63.4982 0
      vertex 63.4982 63.4982 15
    endloop
  endfacet
  facet normal 0.72538 0.688349 0
    outer loop
      vertex 63.4982 63.4982 0
      vertex 66.7344 60.0879 15
      vertex 66.7344 60.0879 0
    endloop
  endfacet
  facet normal -0.522503 0.852638 0
    outer loop
      vertex -44.9 77.7691 0
      vertex -48.9086 75.3126 15
      vertex -44.9 77.7691 15
    endloop
  endfacet
  facet normal -0.522503 0.852638 0
    outer loop
      vertex -48.9086 75.3126 15
      vertex -44.9 77.7691 0
      vertex -48.9086 75.3126 0
    endloop
  endfacet
  facet normal -0.996918 0.0784451 0
    outer loop
      vertex -89.6769 4.69977 0
      vertex -89.3081 9.38666 15
      vertex -89.3081 9.38666 0
    endloop
  endfacet
  facet normal -0.996918 0.0784451 0
    outer loop
      vertex -89.3081 9.38666 15
      vertex -89.6769 4.69977 0
      vertex -89.6769 4.69977 15
    endloop
  endfacet
  facet normal -0.983257 0.182222 0
    outer loop
      vertex -88.6944 14.0478 0
      vertex -87.8377 18.6705 15
      vertex -87.8377 18.6705 0
    endloop
  endfacet
  facet normal -0.983257 0.182222 0
    outer loop
      vertex -87.8377 18.6705 15
      vertex -88.6944 14.0478 0
      vertex -88.6944 14.0478 15
    endloop
  endfacet
  facet normal -0.958822 -0.284007 0
    outer loop
      vertex -85.4049 -27.7497 0
      vertex -86.7401 -23.242 15
      vertex -86.7401 -23.242 0
    endloop
  endfacet
  facet normal -0.958822 -0.284007 0
    outer loop
      vertex -86.7401 -23.242 15
      vertex -85.4049 -27.7497 0
      vertex -85.4049 -27.7497 15
    endloop
  endfacet
  facet normal 0.923882 -0.382677 0
    outer loop
      vertex 82.0364 -36.5249 15
      vertex 83.8355 -32.1814 0
      vertex 83.8355 -32.1814 15
    endloop
  endfacet
  facet normal 0.923882 -0.382677 0
    outer loop
      vertex 83.8355 -32.1814 0
      vertex 82.0364 -36.5249 15
      vertex 82.0364 -36.5249 0
    endloop
  endfacet
  facet normal -0.566411 -0.824123 0
    outer loop
      vertex -52.7831 -72.6497 0
      vertex -48.9086 -75.3126 15
      vertex -52.7831 -72.6497 15
    endloop
  endfacet
  facet normal -0.566411 -0.824123 -0
    outer loop
      vertex -48.9086 -75.3126 15
      vertex -52.7831 -72.6497 0
      vertex -48.9086 -75.3126 0
    endloop
  endfacet
  facet normal -0.477154 0.87882 0
    outer loop
      vertex -40.7683 80.0124 0
      vertex -44.9 77.7691 15
      vertex -40.7683 80.0124 15
    endloop
  endfacet
  facet normal -0.477154 0.87882 0
    outer loop
      vertex -44.9 77.7691 15
      vertex -40.7683 80.0124 0
      vertex -44.9 77.7691 0
    endloop
  endfacet
  facet normal -0.233461 -0.972366 0
    outer loop
      vertex -23.242 -86.7401 0
      vertex -18.6705 -87.8377 15
      vertex -23.242 -86.7401 15
    endloop
  endfacet
  facet normal -0.233461 -0.972366 -0
    outer loop
      vertex -18.6705 -87.8377 15
      vertex -23.242 -86.7401 0
      vertex -18.6705 -87.8377 0
    endloop
  endfacet
  facet normal -0.87882 -0.477154 0
    outer loop
      vertex -77.7691 -44.9 0
      vertex -80.0124 -40.7683 15
      vertex -80.0124 -40.7683 0
    endloop
  endfacet
  facet normal -0.87882 -0.477154 0
    outer loop
      vertex -80.0124 -40.7683 15
      vertex -77.7691 -44.9 0
      vertex -77.7691 -44.9 15
    endloop
  endfacet
  facet normal 0.996929 0.078314 0
    outer loop
      vertex 43.0383 -0.731699 835
      vertex 43.0096 -0.366351 800
      vertex 43.0096 -0.366351 835
    endloop
  endfacet
  facet normal 0.996929 0.078314 0
    outer loop
      vertex 43.0096 -0.366351 800
      vertex 43.0383 -0.731699 835
      vertex 43.0383 -0.731699 800
    endloop
  endfacet
  facet normal 0.902553 -0.43058 0
    outer loop
      vertex 43.6052 2.84716 835
      vertex 43.763 3.17793 800
      vertex 43.763 3.17793 835
    endloop
  endfacet
  facet normal 0.902553 -0.43058 0
    outer loop
      vertex 43.763 3.17793 800
      vertex 43.6052 2.84716 835
      vertex 43.6052 2.84716 800
    endloop
  endfacet
  facet normal -0.0784869 0.996915 0
    outer loop
      vertex 50.7317 -6.96165 800
      vertex 50.3664 -6.99041 835
      vertex 50.7317 -6.96165 835
    endloop
  endfacet
  facet normal -0.0784869 0.996915 0
    outer loop
      vertex 50.3664 -6.99041 835
      vertex 50.7317 -6.96165 800
      vertex 50.3664 -6.99041 800
    endloop
  endfacet
  facet normal 0.566427 -0.824112 0
    outer loop
      vertex 45.8855 5.66312 800
      vertex 46.1875 5.87069 835
      vertex 45.8855 5.66312 835
    endloop
  endfacet
  facet normal 0.566427 -0.824112 0
    outer loop
      vertex 46.1875 5.87069 835
      vertex 45.8855 5.66312 800
      vertex 46.1875 5.87069 800
    endloop
  endfacet
  facet normal -0.333788 -0.942648 0
    outer loop
      vertex 52.1631 6.6574 800
      vertex 52.5086 6.53506 835
      vertex 52.1631 6.6574 835
    endloop
  endfacet
  facet normal -0.333788 -0.942648 -0
    outer loop
      vertex 52.5086 6.53506 835
      vertex 52.1631 6.6574 800
      vertex 52.5086 6.53506 800
    endloop
  endfacet
  facet normal -0.233471 0.972364 0
    outer loop
      vertex 51.8117 -6.76148 800
      vertex 51.4554 -6.84703 835
      vertex 51.8117 -6.76148 835
    endloop
  endfacet
  facet normal -0.233471 0.972364 0
    outer loop
      vertex 51.4554 -6.84703 835
      vertex 51.8117 -6.76148 800
      vertex 51.4554 -6.84703 800
    endloop
  endfacet
  facet normal -0.130528 0.991445 0
    outer loop
      vertex 51.095 -6.91382 800
      vertex 50.7317 -6.96165 835
      vertex 51.095 -6.91382 835
    endloop
  endfacet
  facet normal -0.130528 0.991445 0
    outer loop
      vertex 50.7317 -6.96165 835
      vertex 51.095 -6.91382 800
      vertex 50.7317 -6.96165 800
    endloop
  endfacet
  facet normal 0.878897 -0.477012 0
    outer loop
      vertex 43.763 3.17793 835
      vertex 43.9378 3.5 800
      vertex 43.9378 3.5 835
    endloop
  endfacet
  facet normal 0.878897 -0.477012 0
    outer loop
      vertex 43.9378 3.5 800
      vertex 43.763 3.17793 835
      vertex 43.763 3.17793 800
    endloop
  endfacet
  facet normal -0.793344 0.608774 0
    outer loop
      vertex 55.44 -4.40524 800
      vertex 55.6631 -4.1145 835
      vertex 55.6631 -4.1145 800
    endloop
  endfacet
  facet normal -0.793344 0.608774 0
    outer loop
      vertex 55.6631 -4.1145 835
      vertex 55.44 -4.40524 800
      vertex 55.44 -4.40524 835
    endloop
  endfacet
  facet normal -0.477125 -0.878835 0
    outer loop
      vertex 53.1779 6.23705 800
      vertex 53.5 6.06218 835
      vertex 53.1779 6.23705 835
    endloop
  endfacet
  facet normal -0.477125 -0.878835 -0
    outer loop
      vertex 53.5 6.06218 835
      vertex 53.1779 6.23705 800
      vertex 53.5 6.06218 800
    endloop
  endfacet
  facet normal -0.983248 -0.182275 0
    outer loop
      vertex 56.9138 1.09504 800
      vertex 56.847 1.45538 835
      vertex 56.847 1.45538 800
    endloop
  endfacet
  facet normal -0.983248 -0.182275 0
    outer loop
      vertex 56.847 1.45538 835
      vertex 56.9138 1.09504 800
      vertex 56.9138 1.09504 835
    endloop
  endfacet
  facet normal 0.942671 0.333725 0
    outer loop
      vertex 43.4649 -2.50858 835
      vertex 43.3426 -2.16312 800
      vertex 43.3426 -2.16312 835
    endloop
  endfacet
  facet normal 0.942671 0.333725 0
    outer loop
      vertex 43.3426 -2.16312 800
      vertex 43.4649 -2.50858 835
      vertex 43.4649 -2.50858 800
    endloop
  endfacet
  facet normal -0.0261646 0.999658 0
    outer loop
      vertex 50.3664 -6.99041 800
      vertex 50 -7 835
      vertex 50.3664 -6.99041 835
    endloop
  endfacet
  facet normal -0.0261646 0.999658 0
    outer loop
      vertex 50 -7 835
      vertex 50.3664 -6.99041 800
      vertex 50 -7 800
    endloop
  endfacet
  facet normal -0.95881 -0.284049 0
    outer loop
      vertex 56.7615 1.81173 800
      vertex 56.6574 2.16312 835
      vertex 56.6574 2.16312 800
    endloop
  endfacet
  facet normal -0.95881 -0.284049 0
    outer loop
      vertex 56.6574 2.16312 835
      vertex 56.7615 1.81173 800
      vertex 56.7615 1.81173 835
    endloop
  endfacet
  facet normal 0.991422 0.130701 0
    outer loop
      vertex 43.0862 -1.09504 835
      vertex 43.0383 -0.731699 800
      vertex 43.0383 -0.731699 835
    endloop
  endfacet
  facet normal 0.991422 0.130701 0
    outer loop
      vertex 43.0383 -0.731699 800
      vertex 43.0862 -1.09504 835
      vertex 43.0862 -1.09504 800
    endloop
  endfacet
  facet normal -0.999657 0.0261954 0
    outer loop
      vertex 56.9904 -0.366351 800
      vertex 57 0 835
      vertex 57 0 800
    endloop
  endfacet
  facet normal -0.999657 0.0261954 0
    outer loop
      vertex 57 0 835
      vertex 56.9904 -0.366351 800
      vertex 56.9904 -0.366351 835
    endloop
  endfacet
  facet normal -0.95881 0.284049 0
    outer loop
      vertex 56.6574 -2.16312 800
      vertex 56.7615 -1.81173 835
      vertex 56.7615 -1.81173 800
    endloop
  endfacet
  facet normal -0.95881 0.284049 0
    outer loop
      vertex 56.7615 -1.81173 835
      vertex 56.6574 -2.16312 800
      vertex 56.6574 -2.16312 835
    endloop
  endfacet
  facet normal 0.0784869 0.996915 -0
    outer loop
      vertex 49.6336 -6.99041 800
      vertex 49.2683 -6.96165 835
      vertex 49.6336 -6.99041 835
    endloop
  endfacet
  facet normal 0.0784869 0.996915 0
    outer loop
      vertex 49.2683 -6.96165 835
      vertex 49.6336 -6.99041 800
      vertex 49.2683 -6.96165 800
    endloop
  endfacet
  facet normal -0.793344 -0.608774 0
    outer loop
      vertex 55.6631 4.1145 800
      vertex 55.44 4.40524 835
      vertex 55.44 4.40524 800
    endloop
  endfacet
  facet normal -0.793344 -0.608774 0
    outer loop
      vertex 55.44 4.40524 835
      vertex 55.6631 4.1145 800
      vertex 55.6631 4.1145 835
    endloop
  endfacet
  facet normal -0.942671 -0.333725 0
    outer loop
      vertex 56.6574 2.16312 800
      vertex 56.5351 2.50858 835
      vertex 56.5351 2.50858 800
    endloop
  endfacet
  facet normal -0.942671 -0.333725 0
    outer loop
      vertex 56.5351 2.50858 835
      vertex 56.6574 2.16312 800
      vertex 56.6574 2.16312 835
    endloop
  endfacet
  facet normal 0.382654 -0.923892 0
    outer loop
      vertex 47.1528 6.39482 800
      vertex 47.4914 6.53506 835
      vertex 47.1528 6.39482 835
    endloop
  endfacet
  facet normal 0.382654 -0.923892 0
    outer loop
      vertex 47.4914 6.53506 835
      vertex 47.1528 6.39482 800
      vertex 47.4914 6.53506 800
    endloop
  endfacet
  facet normal -0.522478 0.852653 0
    outer loop
      vertex 53.8125 -5.87069 800
      vertex 53.5 -6.06218 835
      vertex 53.8125 -5.87069 835
    endloop
  endfacet
  facet normal -0.522478 0.852653 0
    outer loop
      vertex 53.5 -6.06218 835
      vertex 53.8125 -5.87069 800
      vertex 53.5 -6.06218 800
    endloop
  endfacet
  facet normal -0.972402 -0.233311 0
    outer loop
      vertex 56.847 1.45538 800
      vertex 56.7615 1.81173 835
      vertex 56.7615 1.81173 800
    endloop
  endfacet
  facet normal -0.972402 -0.233311 0
    outer loop
      vertex 56.7615 1.81173 835
      vertex 56.847 1.45538 800
      vertex 56.847 1.45538 835
    endloop
  endfacet
  facet normal 0.8241 -0.566444 0
    outer loop
      vertex 44.1293 3.81247 835
      vertex 44.3369 4.1145 800
      vertex 44.3369 4.1145 835
    endloop
  endfacet
  facet normal 0.8241 -0.566444 0
    outer loop
      vertex 44.3369 4.1145 800
      vertex 44.1293 3.81247 835
      vertex 44.1293 3.81247 800
    endloop
  endfacet
  facet normal -0.991422 -0.130701 0
    outer loop
      vertex 56.9617 0.731699 800
      vertex 56.9138 1.09504 835
      vertex 56.9138 1.09504 800
    endloop
  endfacet
  facet normal -0.991422 -0.130701 0
    outer loop
      vertex 56.9138 1.09504 835
      vertex 56.9617 0.731699 800
      vertex 56.9617 0.731699 835
    endloop
  endfacet
  facet normal -0.430587 0.902549 0
    outer loop
      vertex 53.1779 -6.23705 800
      vertex 52.8472 -6.39482 835
      vertex 53.1779 -6.23705 835
    endloop
  endfacet
  facet normal -0.430587 0.902549 0
    outer loop
      vertex 52.8472 -6.39482 835
      vertex 53.1779 -6.23705 800
      vertex 52.8472 -6.39482 800
    endloop
  endfacet
  facet normal -0.999657 -0.0261954 0
    outer loop
      vertex 57 0 800
      vertex 56.9904 0.366351 835
      vertex 56.9904 0.366351 800
    endloop
  endfacet
  facet normal -0.999657 -0.0261954 0
    outer loop
      vertex 56.9904 0.366351 835
      vertex 57 0 800
      vertex 57 0 835
    endloop
  endfacet
  facet normal 0.760415 -0.649438 0
    outer loop
      vertex 44.56 4.40524 835
      vertex 44.798 4.68391 800
      vertex 44.798 4.68391 835
    endloop
  endfacet
  facet normal 0.760415 -0.649438 0
    outer loop
      vertex 44.798 4.68391 800
      vertex 44.56 4.40524 835
      vertex 44.56 4.40524 800
    endloop
  endfacet
  facet normal 0.130528 -0.991445 0
    outer loop
      vertex 48.905 6.91382 800
      vertex 49.2683 6.96165 835
      vertex 48.905 6.91382 835
    endloop
  endfacet
  facet normal 0.130528 -0.991445 0
    outer loop
      vertex 49.2683 6.96165 835
      vertex 48.905 6.91382 800
      vertex 49.2683 6.96165 800
    endloop
  endfacet
  facet normal -0.608827 -0.793303 0
    outer loop
      vertex 54.1145 5.66312 800
      vertex 54.4052 5.44002 835
      vertex 54.1145 5.66312 835
    endloop
  endfacet
  facet normal -0.608827 -0.793303 -0
    outer loop
      vertex 54.4052 5.44002 835
      vertex 54.1145 5.66312 800
      vertex 54.4052 5.44002 800
    endloop
  endfacet
  facet normal -0.852618 -0.522535 0
    outer loop
      vertex 56.0622 3.5 800
      vertex 55.8707 3.81247 835
      vertex 55.8707 3.81247 800
    endloop
  endfacet
  facet normal -0.852618 -0.522535 0
    outer loop
      vertex 55.8707 3.81247 835
      vertex 56.0622 3.5 800
      vertex 56.0622 3.5 835
    endloop
  endfacet
  facet normal -0.902553 -0.43058 0
    outer loop
      vertex 56.3948 2.84716 800
      vertex 56.237 3.17793 835
      vertex 56.237 3.17793 800
    endloop
  endfacet
  facet normal -0.902553 -0.43058 0
    outer loop
      vertex 56.237 3.17793 835
      vertex 56.3948 2.84716 800
      vertex 56.3948 2.84716 835
    endloop
  endfacet
  facet normal -0.996929 0.078314 0
    outer loop
      vertex 56.9617 -0.731699 800
      vertex 56.9904 -0.366351 835
      vertex 56.9904 -0.366351 800
    endloop
  endfacet
  facet normal -0.996929 0.078314 0
    outer loop
      vertex 56.9904 -0.366351 835
      vertex 56.9617 -0.731699 800
      vertex 56.9617 -0.731699 835
    endloop
  endfacet
  facet normal -0.991422 0.130701 0
    outer loop
      vertex 56.9138 -1.09504 800
      vertex 56.9617 -0.731699 835
      vertex 56.9617 -0.731699 800
    endloop
  endfacet
  facet normal -0.991422 0.130701 0
    outer loop
      vertex 56.9617 -0.731699 835
      vertex 56.9138 -1.09504 800
      vertex 56.9138 -1.09504 835
    endloop
  endfacet
  facet normal 0.942671 -0.333725 0
    outer loop
      vertex 43.3426 2.16312 835
      vertex 43.4649 2.50858 800
      vertex 43.4649 2.50858 835
    endloop
  endfacet
  facet normal 0.942671 -0.333725 0
    outer loop
      vertex 43.4649 2.50858 800
      vertex 43.3426 2.16312 835
      vertex 43.3426 2.16312 800
    endloop
  endfacet
  facet normal -0.333788 0.942648 0
    outer loop
      vertex 52.5086 -6.53506 800
      vertex 52.1631 -6.6574 835
      vertex 52.5086 -6.53506 835
    endloop
  endfacet
  facet normal -0.333788 0.942648 0
    outer loop
      vertex 52.1631 -6.6574 835
      vertex 52.5086 -6.53506 800
      vertex 52.1631 -6.6574 800
    endloop
  endfacet
  facet normal -0.8241 -0.566444 0
    outer loop
      vertex 55.8707 3.81247 800
      vertex 55.6631 4.1145 835
      vertex 55.6631 4.1145 800
    endloop
  endfacet
  facet normal -0.8241 -0.566444 0
    outer loop
      vertex 55.6631 4.1145 835
      vertex 55.8707 3.81247 800
      vertex 55.8707 3.81247 835
    endloop
  endfacet
  facet normal -0.283992 0.958827 0
    outer loop
      vertex 52.1631 -6.6574 800
      vertex 51.8117 -6.76148 835
      vertex 52.1631 -6.6574 835
    endloop
  endfacet
  facet normal -0.283992 0.958827 0
    outer loop
      vertex 51.8117 -6.76148 835
      vertex 52.1631 -6.6574 800
      vertex 51.8117 -6.76148 800
    endloop
  endfacet
  facet normal -0.996929 -0.078314 0
    outer loop
      vertex 56.9904 0.366351 800
      vertex 56.9617 0.731699 835
      vertex 56.9617 0.731699 800
    endloop
  endfacet
  facet normal -0.996929 -0.078314 0
    outer loop
      vertex 56.9617 0.731699 835
      vertex 56.9904 0.366351 800
      vertex 56.9904 0.366351 835
    endloop
  endfacet
  facet normal 0.688391 -0.72534 0
    outer loop
      vertex 45.0503 4.94975 800
      vertex 45.3161 5.20201 835
      vertex 45.0503 4.94975 835
    endloop
  endfacet
  facet normal 0.688391 -0.72534 0
    outer loop
      vertex 45.3161 5.20201 835
      vertex 45.0503 4.94975 800
      vertex 45.3161 5.20201 800
    endloop
  endfacet
  facet normal 0.522478 -0.852653 0
    outer loop
      vertex 46.1875 5.87069 800
      vertex 46.5 6.06218 835
      vertex 46.1875 5.87069 835
    endloop
  endfacet
  facet normal 0.522478 -0.852653 0
    outer loop
      vertex 46.5 6.06218 835
      vertex 46.1875 5.87069 800
      vertex 46.5 6.06218 800
    endloop
  endfacet
  facet normal 0.182219 0.983258 -0
    outer loop
      vertex 48.905 -6.91382 800
      vertex 48.5446 -6.84703 835
      vertex 48.905 -6.91382 835
    endloop
  endfacet
  facet normal 0.182219 0.983258 0
    outer loop
      vertex 48.5446 -6.84703 835
      vertex 48.905 -6.91382 800
      vertex 48.5446 -6.84703 800
    endloop
  endfacet
  facet normal 0.95881 -0.284049 0
    outer loop
      vertex 43.2385 1.81173 835
      vertex 43.3426 2.16312 800
      vertex 43.3426 2.16312 835
    endloop
  endfacet
  facet normal 0.95881 -0.284049 0
    outer loop
      vertex 43.3426 2.16312 800
      vertex 43.2385 1.81173 835
      vertex 43.2385 1.81173 800
    endloop
  endfacet
  facet normal 0.725337 -0.688394 0
    outer loop
      vertex 44.798 4.68391 835
      vertex 45.0503 4.94975 800
      vertex 45.0503 4.94975 835
    endloop
  endfacet
  facet normal 0.725337 -0.688394 0
    outer loop
      vertex 45.0503 4.94975 800
      vertex 44.798 4.68391 835
      vertex 44.798 4.68391 800
    endloop
  endfacet
  facet normal -0.430587 -0.902549 0
    outer loop
      vertex 52.8472 6.39482 800
      vertex 53.1779 6.23705 835
      vertex 52.8472 6.39482 835
    endloop
  endfacet
  facet normal -0.430587 -0.902549 -0
    outer loop
      vertex 53.1779 6.23705 835
      vertex 52.8472 6.39482 800
      vertex 53.1779 6.23705 800
    endloop
  endfacet
  facet normal -0.130528 -0.991445 0
    outer loop
      vertex 50.7317 6.96165 800
      vertex 51.095 6.91382 835
      vertex 50.7317 6.96165 835
    endloop
  endfacet
  facet normal -0.130528 -0.991445 -0
    outer loop
      vertex 51.095 6.91382 835
      vertex 50.7317 6.96165 800
      vertex 51.095 6.91382 800
    endloop
  endfacet
  facet normal -0.233471 -0.972364 0
    outer loop
      vertex 51.4554 6.84703 800
      vertex 51.8117 6.76148 835
      vertex 51.4554 6.84703 835
    endloop
  endfacet
  facet normal -0.233471 -0.972364 -0
    outer loop
      vertex 51.8117 6.76148 835
      vertex 51.4554 6.84703 800
      vertex 51.8117 6.76148 800
    endloop
  endfacet
  facet normal -0.382654 -0.923892 0
    outer loop
      vertex 52.5086 6.53506 800
      vertex 52.8472 6.39482 835
      vertex 52.5086 6.53506 835
    endloop
  endfacet
  facet normal -0.382654 -0.923892 -0
    outer loop
      vertex 52.8472 6.39482 835
      vertex 52.5086 6.53506 800
      vertex 52.8472 6.39482 800
    endloop
  endfacet
  facet normal 0.182219 -0.983258 0
    outer loop
      vertex 48.5446 6.84703 800
      vertex 48.905 6.91382 835
      vertex 48.5446 6.84703 835
    endloop
  endfacet
  facet normal 0.182219 -0.983258 0
    outer loop
      vertex 48.905 6.91382 835
      vertex 48.5446 6.84703 800
      vertex 48.905 6.91382 800
    endloop
  endfacet
  facet normal -0.566427 0.824112 0
    outer loop
      vertex 54.1145 -5.66312 800
      vertex 53.8125 -5.87069 835
      vertex 54.1145 -5.66312 835
    endloop
  endfacet
  facet normal -0.566427 0.824112 0
    outer loop
      vertex 53.8125 -5.87069 835
      vertex 54.1145 -5.66312 800
      vertex 53.8125 -5.87069 800
    endloop
  endfacet
  facet normal -0.649413 -0.760436 0
    outer loop
      vertex 54.4052 5.44002 800
      vertex 54.6839 5.20201 835
      vertex 54.4052 5.44002 835
    endloop
  endfacet
  facet normal -0.649413 -0.760436 -0
    outer loop
      vertex 54.6839 5.20201 835
      vertex 54.4052 5.44002 800
      vertex 54.6839 5.20201 800
    endloop
  endfacet
  facet normal 0.382654 0.923892 -0
    outer loop
      vertex 47.4914 -6.53506 800
      vertex 47.1528 -6.39482 835
      vertex 47.4914 -6.53506 835
    endloop
  endfacet
  facet normal 0.382654 0.923892 0
    outer loop
      vertex 47.1528 -6.39482 835
      vertex 47.4914 -6.53506 800
      vertex 47.1528 -6.39482 800
    endloop
  endfacet
  facet normal 0.999657 -0.0261954 0
    outer loop
      vertex 43 0 835
      vertex 43.0096 0.366351 800
      vertex 43.0096 0.366351 835
    endloop
  endfacet
  facet normal 0.999657 -0.0261954 0
    outer loop
      vertex 43.0096 0.366351 800
      vertex 43 0 835
      vertex 43 0 800
    endloop
  endfacet
  facet normal 0.793344 -0.608774 0
    outer loop
      vertex 44.3369 4.1145 835
      vertex 44.56 4.40524 800
      vertex 44.56 4.40524 835
    endloop
  endfacet
  facet normal 0.793344 -0.608774 0
    outer loop
      vertex 44.56 4.40524 800
      vertex 44.3369 4.1145 835
      vertex 44.3369 4.1145 800
    endloop
  endfacet
  facet normal 0.878897 0.477012 0
    outer loop
      vertex 43.9378 -3.5 835
      vertex 43.763 -3.17793 800
      vertex 43.763 -3.17793 835
    endloop
  endfacet
  facet normal 0.878897 0.477012 0
    outer loop
      vertex 43.763 -3.17793 800
      vertex 43.9378 -3.5 835
      vertex 43.9378 -3.5 800
    endloop
  endfacet
  facet normal 0.793344 0.608774 0
    outer loop
      vertex 44.56 -4.40524 835
      vertex 44.3369 -4.1145 800
      vertex 44.3369 -4.1145 835
    endloop
  endfacet
  facet normal 0.793344 0.608774 0
    outer loop
      vertex 44.3369 -4.1145 800
      vertex 44.56 -4.40524 835
      vertex 44.56 -4.40524 800
    endloop
  endfacet
  facet normal 0.233471 -0.972364 0
    outer loop
      vertex 48.1883 6.76148 800
      vertex 48.5446 6.84703 835
      vertex 48.1883 6.76148 835
    endloop
  endfacet
  facet normal 0.233471 -0.972364 0
    outer loop
      vertex 48.5446 6.84703 835
      vertex 48.1883 6.76148 800
      vertex 48.5446 6.84703 800
    endloop
  endfacet
  facet normal 0.8241 0.566444 0
    outer loop
      vertex 44.3369 -4.1145 835
      vertex 44.1293 -3.81247 800
      vertex 44.1293 -3.81247 835
    endloop
  endfacet
  facet normal 0.8241 0.566444 0
    outer loop
      vertex 44.1293 -3.81247 800
      vertex 44.3369 -4.1145 835
      vertex 44.3369 -4.1145 800
    endloop
  endfacet
  facet normal -0.688391 -0.72534 0
    outer loop
      vertex 54.6839 5.20201 800
      vertex 54.9497 4.94975 835
      vertex 54.6839 5.20201 835
    endloop
  endfacet
  facet normal -0.688391 -0.72534 -0
    outer loop
      vertex 54.9497 4.94975 835
      vertex 54.6839 5.20201 800
      vertex 54.9497 4.94975 800
    endloop
  endfacet
  facet normal 0.608827 -0.793303 0
    outer loop
      vertex 45.5948 5.44002 800
      vertex 45.8855 5.66312 835
      vertex 45.5948 5.44002 835
    endloop
  endfacet
  facet normal 0.608827 -0.793303 0
    outer loop
      vertex 45.8855 5.66312 835
      vertex 45.5948 5.44002 800
      vertex 45.8855 5.66312 800
    endloop
  endfacet
  facet normal -0.477125 0.878835 0
    outer loop
      vertex 53.5 -6.06218 800
      vertex 53.1779 -6.23705 835
      vertex 53.5 -6.06218 835
    endloop
  endfacet
  facet normal -0.477125 0.878835 0
    outer loop
      vertex 53.1779 -6.23705 835
      vertex 53.5 -6.06218 800
      vertex 53.1779 -6.23705 800
    endloop
  endfacet
  facet normal -0.8241 0.566444 0
    outer loop
      vertex 55.6631 -4.1145 800
      vertex 55.8707 -3.81247 835
      vertex 55.8707 -3.81247 800
    endloop
  endfacet
  facet normal -0.8241 0.566444 0
    outer loop
      vertex 55.8707 -3.81247 835
      vertex 55.6631 -4.1145 800
      vertex 55.6631 -4.1145 835
    endloop
  endfacet
  facet normal -0.878897 0.477012 0
    outer loop
      vertex 56.0622 -3.5 800
      vertex 56.237 -3.17793 835
      vertex 56.237 -3.17793 800
    endloop
  endfacet
  facet normal -0.878897 0.477012 0
    outer loop
      vertex 56.237 -3.17793 835
      vertex 56.0622 -3.5 800
      vertex 56.0622 -3.5 835
    endloop
  endfacet
  facet normal -0.382654 0.923892 0
    outer loop
      vertex 52.8472 -6.39482 800
      vertex 52.5086 -6.53506 835
      vertex 52.8472 -6.39482 835
    endloop
  endfacet
  facet normal -0.382654 0.923892 0
    outer loop
      vertex 52.5086 -6.53506 835
      vertex 52.8472 -6.39482 800
      vertex 52.5086 -6.53506 800
    endloop
  endfacet
  facet normal -0.566427 -0.824112 0
    outer loop
      vertex 53.8125 5.87069 800
      vertex 54.1145 5.66312 835
      vertex 53.8125 5.87069 835
    endloop
  endfacet
  facet normal -0.566427 -0.824112 -0
    outer loop
      vertex 54.1145 5.66312 835
      vertex 53.8125 5.87069 800
      vertex 54.1145 5.66312 800
    endloop
  endfacet
  facet normal -0.878897 -0.477012 0
    outer loop
      vertex 56.237 3.17793 800
      vertex 56.0622 3.5 835
      vertex 56.0622 3.5 800
    endloop
  endfacet
  facet normal -0.878897 -0.477012 0
    outer loop
      vertex 56.0622 3.5 835
      vertex 56.237 3.17793 800
      vertex 56.237 3.17793 835
    endloop
  endfacet
  facet normal 0.991422 -0.130701 0
    outer loop
      vertex 43.0383 0.731699 835
      vertex 43.0862 1.09504 800
      vertex 43.0862 1.09504 835
    endloop
  endfacet
  facet normal 0.991422 -0.130701 0
    outer loop
      vertex 43.0862 1.09504 800
      vertex 43.0383 0.731699 835
      vertex 43.0383 0.731699 800
    endloop
  endfacet
  facet normal -0.283992 -0.958827 0
    outer loop
      vertex 51.8117 6.76148 800
      vertex 52.1631 6.6574 835
      vertex 51.8117 6.76148 835
    endloop
  endfacet
  facet normal -0.283992 -0.958827 -0
    outer loop
      vertex 52.1631 6.6574 835
      vertex 51.8117 6.76148 800
      vertex 52.1631 6.6574 800
    endloop
  endfacet
  facet normal -0.182219 0.983258 0
    outer loop
      vertex 51.4554 -6.84703 800
      vertex 51.095 -6.91382 835
      vertex 51.4554 -6.84703 835
    endloop
  endfacet
  facet normal -0.182219 0.983258 0
    outer loop
      vertex 51.095 -6.91382 835
      vertex 51.4554 -6.84703 800
      vertex 51.095 -6.91382 800
    endloop
  endfacet
  facet normal 0.430587 -0.902549 0
    outer loop
      vertex 46.8221 6.23705 800
      vertex 47.1528 6.39482 835
      vertex 46.8221 6.23705 835
    endloop
  endfacet
  facet normal 0.430587 -0.902549 0
    outer loop
      vertex 47.1528 6.39482 835
      vertex 46.8221 6.23705 800
      vertex 47.1528 6.39482 800
    endloop
  endfacet
  facet normal -0.923826 -0.382813 0
    outer loop
      vertex 56.5351 2.50858 800
      vertex 56.3948 2.84716 835
      vertex 56.3948 2.84716 800
    endloop
  endfacet
  facet normal -0.923826 -0.382813 0
    outer loop
      vertex 56.3948 2.84716 835
      vertex 56.5351 2.50858 800
      vertex 56.5351 2.50858 835
    endloop
  endfacet
  facet normal 0.0784869 -0.996915 0
    outer loop
      vertex 49.2683 6.96165 800
      vertex 49.6336 6.99041 835
      vertex 49.2683 6.96165 835
    endloop
  endfacet
  facet normal 0.0784869 -0.996915 0
    outer loop
      vertex 49.6336 6.99041 835
      vertex 49.2683 6.96165 800
      vertex 49.6336 6.99041 800
    endloop
  endfacet
  facet normal 0.902553 0.43058 0
    outer loop
      vertex 43.763 -3.17793 835
      vertex 43.6052 -2.84716 800
      vertex 43.6052 -2.84716 835
    endloop
  endfacet
  facet normal 0.902553 0.43058 0
    outer loop
      vertex 43.6052 -2.84716 800
      vertex 43.763 -3.17793 835
      vertex 43.763 -3.17793 800
    endloop
  endfacet
  facet normal -0.0784869 -0.996915 0
    outer loop
      vertex 50.3664 6.99041 800
      vertex 50.7317 6.96165 835
      vertex 50.3664 6.99041 835
    endloop
  endfacet
  facet normal -0.0784869 -0.996915 -0
    outer loop
      vertex 50.7317 6.96165 835
      vertex 50.3664 6.99041 800
      vertex 50.7317 6.96165 800
    endloop
  endfacet
  facet normal -0.522478 -0.852653 0
    outer loop
      vertex 53.5 6.06218 800
      vertex 53.8125 5.87069 835
      vertex 53.5 6.06218 835
    endloop
  endfacet
  facet normal -0.522478 -0.852653 -0
    outer loop
      vertex 53.8125 5.87069 835
      vertex 53.5 6.06218 800
      vertex 53.8125 5.87069 800
    endloop
  endfacet
  facet normal 0.522478 0.852653 -0
    outer loop
      vertex 46.5 -6.06218 800
      vertex 46.1875 -5.87069 835
      vertex 46.5 -6.06218 835
    endloop
  endfacet
  facet normal 0.522478 0.852653 0
    outer loop
      vertex 46.1875 -5.87069 835
      vertex 46.5 -6.06218 800
      vertex 46.1875 -5.87069 800
    endloop
  endfacet
  facet normal -0.760415 0.649438 0
    outer loop
      vertex 55.202 -4.68391 800
      vertex 55.44 -4.40524 835
      vertex 55.44 -4.40524 800
    endloop
  endfacet
  facet normal -0.760415 0.649438 0
    outer loop
      vertex 55.44 -4.40524 835
      vertex 55.202 -4.68391 800
      vertex 55.202 -4.68391 835
    endloop
  endfacet
  facet normal 0.760415 0.649438 0
    outer loop
      vertex 44.798 -4.68391 835
      vertex 44.56 -4.40524 800
      vertex 44.56 -4.40524 835
    endloop
  endfacet
  facet normal 0.760415 0.649438 0
    outer loop
      vertex 44.56 -4.40524 800
      vertex 44.798 -4.68391 835
      vertex 44.798 -4.68391 800
    endloop
  endfacet
  facet normal 0.477125 0.878835 -0
    outer loop
      vertex 46.8221 -6.23705 800
      vertex 46.5 -6.06218 835
      vertex 46.8221 -6.23705 835
    endloop
  endfacet
  facet normal 0.477125 0.878835 0
    outer loop
      vertex 46.5 -6.06218 835
      vertex 46.8221 -6.23705 800
      vertex 46.5 -6.06218 800
    endloop
  endfacet
  facet normal -0.608827 0.793303 0
    outer loop
      vertex 54.4052 -5.44002 800
      vertex 54.1145 -5.66312 835
      vertex 54.4052 -5.44002 835
    endloop
  endfacet
  facet normal -0.608827 0.793303 0
    outer loop
      vertex 54.1145 -5.66312 835
      vertex 54.4052 -5.44002 800
      vertex 54.1145 -5.66312 800
    endloop
  endfacet
  facet normal 0.923826 0.382813 0
    outer loop
      vertex 43.6052 -2.84716 835
      vertex 43.4649 -2.50858 800
      vertex 43.4649 -2.50858 835
    endloop
  endfacet
  facet normal 0.923826 0.382813 0
    outer loop
      vertex 43.4649 -2.50858 800
      vertex 43.6052 -2.84716 835
      vertex 43.6052 -2.84716 800
    endloop
  endfacet
  facet normal 0.283992 -0.958827 0
    outer loop
      vertex 47.8369 6.6574 800
      vertex 48.1883 6.76148 835
      vertex 47.8369 6.6574 835
    endloop
  endfacet
  facet normal 0.283992 -0.958827 0
    outer loop
      vertex 48.1883 6.76148 835
      vertex 47.8369 6.6574 800
      vertex 48.1883 6.76148 800
    endloop
  endfacet
  facet normal 0.923826 -0.382813 0
    outer loop
      vertex 43.4649 2.50858 835
      vertex 43.6052 2.84716 800
      vertex 43.6052 2.84716 835
    endloop
  endfacet
  facet normal 0.923826 -0.382813 0
    outer loop
      vertex 43.6052 2.84716 800
      vertex 43.4649 2.50858 835
      vertex 43.4649 2.50858 800
    endloop
  endfacet
  facet normal 0.130528 0.991445 -0
    outer loop
      vertex 49.2683 -6.96165 800
      vertex 48.905 -6.91382 835
      vertex 49.2683 -6.96165 835
    endloop
  endfacet
  facet normal 0.130528 0.991445 0
    outer loop
      vertex 48.905 -6.91382 835
      vertex 49.2683 -6.96165 800
      vertex 48.905 -6.91382 800
    endloop
  endfacet
  facet normal 0.649413 0.760436 -0
    outer loop
      vertex 45.5948 -5.44002 800
      vertex 45.3161 -5.20201 835
      vertex 45.5948 -5.44002 835
    endloop
  endfacet
  facet normal 0.649413 0.760436 0
    outer loop
      vertex 45.3161 -5.20201 835
      vertex 45.5948 -5.44002 800
      vertex 45.3161 -5.20201 800
    endloop
  endfacet
  facet normal -0.942671 0.333725 0
    outer loop
      vertex 56.5351 -2.50858 800
      vertex 56.6574 -2.16312 835
      vertex 56.6574 -2.16312 800
    endloop
  endfacet
  facet normal -0.942671 0.333725 0
    outer loop
      vertex 56.6574 -2.16312 835
      vertex 56.5351 -2.50858 800
      vertex 56.5351 -2.50858 835
    endloop
  endfacet
  facet normal 0.725337 0.688394 0
    outer loop
      vertex 45.0503 -4.94975 835
      vertex 44.798 -4.68391 800
      vertex 44.798 -4.68391 835
    endloop
  endfacet
  facet normal 0.725337 0.688394 0
    outer loop
      vertex 44.798 -4.68391 800
      vertex 45.0503 -4.94975 835
      vertex 45.0503 -4.94975 800
    endloop
  endfacet
  facet normal 0.972402 0.233311 0
    outer loop
      vertex 43.2385 -1.81173 835
      vertex 43.153 -1.45538 800
      vertex 43.153 -1.45538 835
    endloop
  endfacet
  facet normal 0.972402 0.233311 0
    outer loop
      vertex 43.153 -1.45538 800
      vertex 43.2385 -1.81173 835
      vertex 43.2385 -1.81173 800
    endloop
  endfacet
  facet normal -0.649413 0.760436 0
    outer loop
      vertex 54.6839 -5.20201 800
      vertex 54.4052 -5.44002 835
      vertex 54.6839 -5.20201 835
    endloop
  endfacet
  facet normal -0.649413 0.760436 0
    outer loop
      vertex 54.4052 -5.44002 835
      vertex 54.6839 -5.20201 800
      vertex 54.4052 -5.44002 800
    endloop
  endfacet
  facet normal 0.95881 0.284049 0
    outer loop
      vertex 43.3426 -2.16312 835
      vertex 43.2385 -1.81173 800
      vertex 43.2385 -1.81173 835
    endloop
  endfacet
  facet normal 0.95881 0.284049 0
    outer loop
      vertex 43.2385 -1.81173 800
      vertex 43.3426 -2.16312 835
      vertex 43.3426 -2.16312 800
    endloop
  endfacet
  facet normal 0.983248 -0.182275 0
    outer loop
      vertex 43.0862 1.09504 835
      vertex 43.153 1.45538 800
      vertex 43.153 1.45538 835
    endloop
  endfacet
  facet normal 0.983248 -0.182275 0
    outer loop
      vertex 43.153 1.45538 800
      vertex 43.0862 1.09504 835
      vertex 43.0862 1.09504 800
    endloop
  endfacet
  facet normal 0.283992 0.958827 -0
    outer loop
      vertex 48.1883 -6.76148 800
      vertex 47.8369 -6.6574 835
      vertex 48.1883 -6.76148 835
    endloop
  endfacet
  facet normal 0.283992 0.958827 0
    outer loop
      vertex 47.8369 -6.6574 835
      vertex 48.1883 -6.76148 800
      vertex 47.8369 -6.6574 800
    endloop
  endfacet
  facet normal 0.852618 -0.522535 0
    outer loop
      vertex 43.9378 3.5 835
      vertex 44.1293 3.81247 800
      vertex 44.1293 3.81247 835
    endloop
  endfacet
  facet normal 0.852618 -0.522535 0
    outer loop
      vertex 44.1293 3.81247 800
      vertex 43.9378 3.5 835
      vertex 43.9378 3.5 800
    endloop
  endfacet
  facet normal 0.430587 0.902549 -0
    outer loop
      vertex 47.1528 -6.39482 800
      vertex 46.8221 -6.23705 835
      vertex 47.1528 -6.39482 835
    endloop
  endfacet
  facet normal 0.430587 0.902549 0
    outer loop
      vertex 46.8221 -6.23705 835
      vertex 47.1528 -6.39482 800
      vertex 46.8221 -6.23705 800
    endloop
  endfacet
  facet normal -0.725337 0.688394 0
    outer loop
      vertex 54.9497 -4.94975 800
      vertex 55.202 -4.68391 835
      vertex 55.202 -4.68391 800
    endloop
  endfacet
  facet normal -0.725337 0.688394 0
    outer loop
      vertex 55.202 -4.68391 835
      vertex 54.9497 -4.94975 800
      vertex 54.9497 -4.94975 835
    endloop
  endfacet
  facet normal 0.649413 -0.760436 0
    outer loop
      vertex 45.3161 5.20201 800
      vertex 45.5948 5.44002 835
      vertex 45.3161 5.20201 835
    endloop
  endfacet
  facet normal 0.649413 -0.760436 0
    outer loop
      vertex 45.5948 5.44002 835
      vertex 45.3161 5.20201 800
      vertex 45.5948 5.44002 800
    endloop
  endfacet
  facet normal 0.333788 0.942648 -0
    outer loop
      vertex 47.8369 -6.6574 800
      vertex 47.4914 -6.53506 835
      vertex 47.8369 -6.6574 835
    endloop
  endfacet
  facet normal 0.333788 0.942648 0
    outer loop
      vertex 47.4914 -6.53506 835
      vertex 47.8369 -6.6574 800
      vertex 47.4914 -6.53506 800
    endloop
  endfacet
  facet normal 0.983248 0.182275 0
    outer loop
      vertex 43.153 -1.45538 835
      vertex 43.0862 -1.09504 800
      vertex 43.0862 -1.09504 835
    endloop
  endfacet
  facet normal 0.983248 0.182275 0
    outer loop
      vertex 43.0862 -1.09504 800
      vertex 43.153 -1.45538 835
      vertex 43.153 -1.45538 800
    endloop
  endfacet
  facet normal 0.0261646 -0.999658 0
    outer loop
      vertex 49.6336 6.99041 800
      vertex 50 7 835
      vertex 49.6336 6.99041 835
    endloop
  endfacet
  facet normal 0.0261646 -0.999658 0
    outer loop
      vertex 50 7 835
      vertex 49.6336 6.99041 800
      vertex 50 7 800
    endloop
  endfacet
  facet normal -0.0261646 -0.999658 0
    outer loop
      vertex 50 7 800
      vertex 50.3664 6.99041 835
      vertex 50 7 835
    endloop
  endfacet
  facet normal -0.0261646 -0.999658 -0
    outer loop
      vertex 50.3664 6.99041 835
      vertex 50 7 800
      vertex 50.3664 6.99041 800
    endloop
  endfacet
  facet normal -0.852618 0.522535 0
    outer loop
      vertex 55.8707 -3.81247 800
      vertex 56.0622 -3.5 835
      vertex 56.0622 -3.5 800
    endloop
  endfacet
  facet normal -0.852618 0.522535 0
    outer loop
      vertex 56.0622 -3.5 835
      vertex 55.8707 -3.81247 800
      vertex 55.8707 -3.81247 835
    endloop
  endfacet
  facet normal 0.0261646 0.999658 -0
    outer loop
      vertex 50 -7 800
      vertex 49.6336 -6.99041 835
      vertex 50 -7 835
    endloop
  endfacet
  facet normal 0.0261646 0.999658 0
    outer loop
      vertex 49.6336 -6.99041 835
      vertex 50 -7 800
      vertex 49.6336 -6.99041 800
    endloop
  endfacet
  facet normal 0.996929 -0.078314 0
    outer loop
      vertex 43.0096 0.366351 835
      vertex 43.0383 0.731699 800
      vertex 43.0383 0.731699 835
    endloop
  endfacet
  facet normal 0.996929 -0.078314 0
    outer loop
      vertex 43.0383 0.731699 800
      vertex 43.0096 0.366351 835
      vertex 43.0096 0.366351 800
    endloop
  endfacet
  facet normal -0.923826 0.382813 0
    outer loop
      vertex 56.3948 -2.84716 800
      vertex 56.5351 -2.50858 835
      vertex 56.5351 -2.50858 800
    endloop
  endfacet
  facet normal -0.923826 0.382813 0
    outer loop
      vertex 56.5351 -2.50858 835
      vertex 56.3948 -2.84716 800
      vertex 56.3948 -2.84716 835
    endloop
  endfacet
  facet normal -0.972402 0.233311 0
    outer loop
      vertex 56.7615 -1.81173 800
      vertex 56.847 -1.45538 835
      vertex 56.847 -1.45538 800
    endloop
  endfacet
  facet normal -0.972402 0.233311 0
    outer loop
      vertex 56.847 -1.45538 835
      vertex 56.7615 -1.81173 800
      vertex 56.7615 -1.81173 835
    endloop
  endfacet
  facet normal -0.983248 0.182275 0
    outer loop
      vertex 56.847 -1.45538 800
      vertex 56.9138 -1.09504 835
      vertex 56.9138 -1.09504 800
    endloop
  endfacet
  facet normal -0.983248 0.182275 0
    outer loop
      vertex 56.9138 -1.09504 835
      vertex 56.847 -1.45538 800
      vertex 56.847 -1.45538 835
    endloop
  endfacet
  facet normal -0.182219 -0.983258 0
    outer loop
      vertex 51.095 6.91382 800
      vertex 51.4554 6.84703 835
      vertex 51.095 6.91382 835
    endloop
  endfacet
  facet normal -0.182219 -0.983258 -0
    outer loop
      vertex 51.4554 6.84703 835
      vertex 51.095 6.91382 800
      vertex 51.4554 6.84703 800
    endloop
  endfacet
  facet normal -0.760415 -0.649438 0
    outer loop
      vertex 55.44 4.40524 800
      vertex 55.202 4.68391 835
      vertex 55.202 4.68391 800
    endloop
  endfacet
  facet normal -0.760415 -0.649438 0
    outer loop
      vertex 55.202 4.68391 835
      vertex 55.44 4.40524 800
      vertex 55.44 4.40524 835
    endloop
  endfacet
  facet normal 0.999657 0.0261954 0
    outer loop
      vertex 43.0096 -0.366351 835
      vertex 43 0 800
      vertex 43 0 835
    endloop
  endfacet
  facet normal 0.999657 0.0261954 0
    outer loop
      vertex 43 0 800
      vertex 43.0096 -0.366351 835
      vertex 43.0096 -0.366351 800
    endloop
  endfacet
  facet normal -0.902553 0.43058 0
    outer loop
      vertex 56.237 -3.17793 800
      vertex 56.3948 -2.84716 835
      vertex 56.3948 -2.84716 800
    endloop
  endfacet
  facet normal -0.902553 0.43058 0
    outer loop
      vertex 56.3948 -2.84716 835
      vertex 56.237 -3.17793 800
      vertex 56.237 -3.17793 835
    endloop
  endfacet
  facet normal 0.333788 -0.942648 0
    outer loop
      vertex 47.4914 6.53506 800
      vertex 47.8369 6.6574 835
      vertex 47.4914 6.53506 835
    endloop
  endfacet
  facet normal 0.333788 -0.942648 0
    outer loop
      vertex 47.8369 6.6574 835
      vertex 47.4914 6.53506 800
      vertex 47.8369 6.6574 800
    endloop
  endfacet
  facet normal 0.688391 0.72534 -0
    outer loop
      vertex 45.3161 -5.20201 800
      vertex 45.0503 -4.94975 835
      vertex 45.3161 -5.20201 835
    endloop
  endfacet
  facet normal 0.688391 0.72534 0
    outer loop
      vertex 45.0503 -4.94975 835
      vertex 45.3161 -5.20201 800
      vertex 45.0503 -4.94975 800
    endloop
  endfacet
  facet normal 0.852618 0.522535 0
    outer loop
      vertex 44.1293 -3.81247 835
      vertex 43.9378 -3.5 800
      vertex 43.9378 -3.5 835
    endloop
  endfacet
  facet normal 0.852618 0.522535 0
    outer loop
      vertex 43.9378 -3.5 800
      vertex 44.1293 -3.81247 835
      vertex 44.1293 -3.81247 800
    endloop
  endfacet
  facet normal 0.972402 -0.233311 0
    outer loop
      vertex 43.153 1.45538 835
      vertex 43.2385 1.81173 800
      vertex 43.2385 1.81173 835
    endloop
  endfacet
  facet normal 0.972402 -0.233311 0
    outer loop
      vertex 43.2385 1.81173 800
      vertex 43.153 1.45538 835
      vertex 43.153 1.45538 800
    endloop
  endfacet
  facet normal 0.233471 0.972364 -0
    outer loop
      vertex 48.5446 -6.84703 800
      vertex 48.1883 -6.76148 835
      vertex 48.5446 -6.84703 835
    endloop
  endfacet
  facet normal 0.233471 0.972364 0
    outer loop
      vertex 48.1883 -6.76148 835
      vertex 48.5446 -6.84703 800
      vertex 48.1883 -6.76148 800
    endloop
  endfacet
  facet normal -0.688391 0.72534 0
    outer loop
      vertex 54.9497 -4.94975 800
      vertex 54.6839 -5.20201 835
      vertex 54.9497 -4.94975 835
    endloop
  endfacet
  facet normal -0.688391 0.72534 0
    outer loop
      vertex 54.6839 -5.20201 835
      vertex 54.9497 -4.94975 800
      vertex 54.6839 -5.20201 800
    endloop
  endfacet
  facet normal -0.725337 -0.688394 0
    outer loop
      vertex 55.202 4.68391 800
      vertex 54.9497 4.94975 835
      vertex 54.9497 4.94975 800
    endloop
  endfacet
  facet normal -0.725337 -0.688394 0
    outer loop
      vertex 54.9497 4.94975 835
      vertex 55.202 4.68391 800
      vertex 55.202 4.68391 835
    endloop
  endfacet
  facet normal 0.477125 -0.878835 0
    outer loop
      vertex 46.5 6.06218 800
      vertex 46.8221 6.23705 835
      vertex 46.5 6.06218 835
    endloop
  endfacet
  facet normal 0.477125 -0.878835 0
    outer loop
      vertex 46.8221 6.23705 835
      vertex 46.5 6.06218 800
      vertex 46.8221 6.23705 800
    endloop
  endfacet
  facet normal 0.608827 0.793303 -0
    outer loop
      vertex 45.8855 -5.66312 800
      vertex 45.5948 -5.44002 835
      vertex 45.8855 -5.66312 835
    endloop
  endfacet
  facet normal 0.608827 0.793303 0
    outer loop
      vertex 45.5948 -5.44002 835
      vertex 45.8855 -5.66312 800
      vertex 45.5948 -5.44002 800
    endloop
  endfacet
  facet normal 0.566427 0.824112 -0
    outer loop
      vertex 46.1875 -5.87069 800
      vertex 45.8855 -5.66312 835
      vertex 46.1875 -5.87069 835
    endloop
  endfacet
  facet normal 0.566427 0.824112 0
    outer loop
      vertex 45.8855 -5.66312 835
      vertex 46.1875 -5.87069 800
      vertex 45.8855 -5.66312 800
    endloop
  endfacet
  facet normal 0.566482 -0.824074 0
    outer loop
      vertex -29.1145 48.9644 800
      vertex -28.8125 49.172 835
      vertex -29.1145 48.9644 835
    endloop
  endfacet
  facet normal 0.566482 -0.824074 0
    outer loop
      vertex -28.8125 49.172 835
      vertex -29.1145 48.9644 800
      vertex -28.8125 49.172 800
    endloop
  endfacet
  facet normal 0.5223 -0.852762 0
    outer loop
      vertex -28.8125 49.172 800
      vertex -28.5 49.3634 835
      vertex -28.8125 49.172 835
    endloop
  endfacet
  facet normal 0.5223 -0.852762 0
    outer loop
      vertex -28.5 49.3634 835
      vertex -28.8125 49.172 800
      vertex -28.5 49.3634 800
    endloop
  endfacet
  facet normal -0.477188 0.878801 0
    outer loop
      vertex -21.5 37.2391 800
      vertex -21.8221 37.0642 835
      vertex -21.5 37.2391 835
    endloop
  endfacet
  facet normal -0.477188 0.878801 0
    outer loop
      vertex -21.8221 37.0642 835
      vertex -21.5 37.2391 800
      vertex -21.8221 37.0642 800
    endloop
  endfacet
  facet normal 0.430431 0.902623 -0
    outer loop
      vertex -27.8472 36.9065 800
      vertex -28.1779 37.0642 835
      vertex -27.8472 36.9065 835
    endloop
  endfacet
  facet normal 0.430431 0.902623 0
    outer loop
      vertex -28.1779 37.0642 835
      vertex -27.8472 36.9065 800
      vertex -28.1779 37.0642 800
    endloop
  endfacet
  facet normal -0.824074 0.566482 0
    outer loop
      vertex -19.3369 39.1868 800
      vertex -19.1293 39.4888 835
      vertex -19.1293 39.4888 800
    endloop
  endfacet
  facet normal -0.824074 0.566482 0
    outer loop
      vertex -19.1293 39.4888 835
      vertex -19.3369 39.1868 800
      vertex -19.3369 39.1868 835
    endloop
  endfacet
  facet normal 0.852566 -0.52262 0
    outer loop
      vertex -31.0622 46.8013 835
      vertex -30.8707 47.1137 800
      vertex -30.8707 47.1137 835
    endloop
  endfacet
  facet normal 0.852566 -0.52262 0
    outer loop
      vertex -30.8707 47.1137 800
      vertex -31.0622 46.8013 835
      vertex -31.0622 46.8013 800
    endloop
  endfacet
  facet normal 0.999657 -0.026199 0
    outer loop
      vertex -32 43.3013 835
      vertex -31.9904 43.6676 800
      vertex -31.9904 43.6676 835
    endloop
  endfacet
  facet normal 0.999657 -0.026199 0
    outer loop
      vertex -31.9904 43.6676 800
      vertex -32 43.3013 835
      vertex -32 43.3013 800
    endloop
  endfacet
  facet normal -0.566482 -0.824074 0
    outer loop
      vertex -21.1875 49.172 800
      vertex -20.8855 48.9644 835
      vertex -21.1875 49.172 835
    endloop
  endfacet
  facet normal -0.566482 -0.824074 -0
    outer loop
      vertex -20.8855 48.9644 835
      vertex -21.1875 49.172 800
      vertex -20.8855 48.9644 800
    endloop
  endfacet
  facet normal 0.99142 -0.130716 0
    outer loop
      vertex -31.9617 44.033 835
      vertex -31.9138 44.3963 800
      vertex -31.9138 44.3963 835
    endloop
  endfacet
  facet normal 0.99142 -0.130716 0
    outer loop
      vertex -31.9138 44.3963 800
      vertex -31.9617 44.033 835
      vertex -31.9617 44.033 800
    endloop
  endfacet
  facet normal -0.649555 0.760315 0
    outer loop
      vertex -20.3161 38.0993 800
      vertex -20.5948 37.8612 835
      vertex -20.3161 38.0993 835
    endloop
  endfacet
  facet normal -0.649555 0.760315 0
    outer loop
      vertex -20.5948 37.8612 835
      vertex -20.3161 38.0993 800
      vertex -20.5948 37.8612 800
    endloop
  endfacet
  facet normal -0.725415 0.688312 0
    outer loop
      vertex -20.0503 38.3515 800
      vertex -19.798 38.6174 835
      vertex -19.798 38.6174 800
    endloop
  endfacet
  facet normal -0.725415 0.688312 0
    outer loop
      vertex -19.798 38.6174 835
      vertex -20.0503 38.3515 800
      vertex -20.0503 38.3515 835
    endloop
  endfacet
  facet normal 0.649555 0.760315 -0
    outer loop
      vertex -29.4052 37.8612 800
      vertex -29.6839 38.0993 835
      vertex -29.4052 37.8612 835
    endloop
  endfacet
  facet normal 0.649555 0.760315 0
    outer loop
      vertex -29.6839 38.0993 835
      vertex -29.4052 37.8612 800
      vertex -29.6839 38.0993 800
    endloop
  endfacet
  facet normal 0.942652 -0.333776 0
    outer loop
      vertex -31.6574 45.4644 835
      vertex -31.5351 45.8098 800
      vertex -31.5351 45.8098 835
    endloop
  endfacet
  facet normal 0.942652 -0.333776 0
    outer loop
      vertex -31.5351 45.8098 800
      vertex -31.6574 45.4644 835
      vertex -31.6574 45.4644 800
    endloop
  endfacet
  facet normal -0.608827 -0.793303 0
    outer loop
      vertex -20.8855 48.9644 800
      vertex -20.5948 48.7413 835
      vertex -20.8855 48.9644 835
    endloop
  endfacet
  facet normal -0.608827 -0.793303 -0
    outer loop
      vertex -20.5948 48.7413 835
      vertex -20.8855 48.9644 800
      vertex -20.5948 48.7413 800
    endloop
  endfacet
  facet normal 0.923834 0.382794 0
    outer loop
      vertex -31.3948 40.4541 835
      vertex -31.5351 40.7927 800
      vertex -31.5351 40.7927 835
    endloop
  endfacet
  facet normal 0.923834 0.382794 0
    outer loop
      vertex -31.5351 40.7927 800
      vertex -31.3948 40.4541 835
      vertex -31.3948 40.4541 800
    endloop
  endfacet
  facet normal -0.902568 0.430548 0
    outer loop
      vertex -18.763 40.1233 800
      vertex -18.6052 40.4541 835
      vertex -18.6052 40.4541 800
    endloop
  endfacet
  facet normal -0.902568 0.430548 0
    outer loop
      vertex -18.6052 40.4541 835
      vertex -18.763 40.1233 800
      vertex -18.763 40.1233 835
    endloop
  endfacet
  facet normal 0.902568 -0.430548 0
    outer loop
      vertex -31.3948 46.1484 835
      vertex -31.237 46.4792 800
      vertex -31.237 46.4792 835
    endloop
  endfacet
  facet normal 0.902568 -0.430548 0
    outer loop
      vertex -31.237 46.4792 800
      vertex -31.3948 46.1484 835
      vertex -31.3948 46.1484 800
    endloop
  endfacet
  facet normal -0.852566 -0.52262 0
    outer loop
      vertex -18.9378 46.8013 800
      vertex -19.1293 47.1137 835
      vertex -19.1293 47.1137 800
    endloop
  endfacet
  facet normal -0.852566 -0.52262 0
    outer loop
      vertex -19.1293 47.1137 835
      vertex -18.9378 46.8013 800
      vertex -18.9378 46.8013 835
    endloop
  endfacet
  facet normal 0.725286 -0.688448 0
    outer loop
      vertex -30.202 47.9852 835
      vertex -29.9497 48.251 800
      vertex -29.9497 48.251 835
    endloop
  endfacet
  facet normal 0.725286 -0.688448 0
    outer loop
      vertex -29.9497 48.251 800
      vertex -30.202 47.9852 835
      vertex -30.202 47.9852 800
    endloop
  endfacet
  facet normal -0.233342 -0.972395 0
    outer loop
      vertex -23.5446 50.1483 800
      vertex -23.1883 50.0628 835
      vertex -23.5446 50.1483 835
    endloop
  endfacet
  facet normal -0.233342 -0.972395 -0
    outer loop
      vertex -23.1883 50.0628 835
      vertex -23.5446 50.1483 800
      vertex -23.1883 50.0628 800
    endloop
  endfacet
  facet normal -0.566482 0.824074 0
    outer loop
      vertex -20.8855 37.6382 800
      vertex -21.1875 37.4306 835
      vertex -20.8855 37.6382 835
    endloop
  endfacet
  facet normal -0.566482 0.824074 0
    outer loop
      vertex -21.1875 37.4306 835
      vertex -20.8855 37.6382 800
      vertex -21.1875 37.4306 800
    endloop
  endfacet
  facet normal 0.477188 -0.878801 0
    outer loop
      vertex -28.5 49.3634 800
      vertex -28.1779 49.5383 835
      vertex -28.5 49.3634 835
    endloop
  endfacet
  facet normal 0.477188 -0.878801 0
    outer loop
      vertex -28.1779 49.5383 835
      vertex -28.5 49.3634 800
      vertex -28.1779 49.5383 800
    endloop
  endfacet
  facet normal -0.983253 -0.182246 0
    outer loop
      vertex -18.0862 44.3963 800
      vertex -18.153 44.7567 835
      vertex -18.153 44.7567 800
    endloop
  endfacet
  facet normal -0.983253 -0.182246 0
    outer loop
      vertex -18.153 44.7567 835
      vertex -18.0862 44.3963 800
      vertex -18.0862 44.3963 835
    endloop
  endfacet
  facet normal 0.991425 0.13068 0
    outer loop
      vertex -31.9138 42.2062 835
      vertex -31.9617 42.5696 800
      vertex -31.9617 42.5696 835
    endloop
  endfacet
  facet normal 0.991425 0.13068 0
    outer loop
      vertex -31.9617 42.5696 800
      vertex -31.9138 42.2062 835
      vertex -31.9138 42.2062 800
    endloop
  endfacet
  facet normal -0.972395 -0.233342 0
    outer loop
      vertex -18.153 44.7567 800
      vertex -18.2385 45.113 835
      vertex -18.2385 45.113 800
    endloop
  endfacet
  facet normal -0.972395 -0.233342 0
    outer loop
      vertex -18.2385 45.113 835
      vertex -18.153 44.7567 800
      vertex -18.153 44.7567 835
    endloop
  endfacet
  facet normal 0.333933 -0.942597 0
    outer loop
      vertex -27.5086 49.8363 800
      vertex -27.1631 49.9587 835
      vertex -27.5086 49.8363 835
    endloop
  endfacet
  facet normal 0.333933 -0.942597 0
    outer loop
      vertex -27.1631 49.9587 835
      vertex -27.5086 49.8363 800
      vertex -27.1631 49.9587 800
    endloop
  endfacet
  facet normal -0.5223 -0.852762 0
    outer loop
      vertex -21.5 49.3634 800
      vertex -21.1875 49.172 835
      vertex -21.5 49.3634 835
    endloop
  endfacet
  facet normal -0.5223 -0.852762 -0
    outer loop
      vertex -21.1875 49.172 835
      vertex -21.5 49.3634 800
      vertex -21.1875 49.172 800
    endloop
  endfacet
  facet normal 0.130716 0.99142 -0
    outer loop
      vertex -25.7317 36.3396 800
      vertex -26.095 36.3875 835
      vertex -25.7317 36.3396 835
    endloop
  endfacet
  facet normal 0.130716 0.99142 0
    outer loop
      vertex -26.095 36.3875 835
      vertex -25.7317 36.3396 800
      vertex -26.095 36.3875 800
    endloop
  endfacet
  facet normal 0.382794 0.923834 -0
    outer loop
      vertex -27.5086 36.7662 800
      vertex -27.8472 36.9065 835
      vertex -27.5086 36.7662 835
    endloop
  endfacet
  facet normal 0.382794 0.923834 0
    outer loop
      vertex -27.8472 36.9065 835
      vertex -27.5086 36.7662 800
      vertex -27.8472 36.9065 800
    endloop
  endfacet
  facet normal -0.382794 0.923834 0
    outer loop
      vertex -22.1528 36.9065 800
      vertex -22.4914 36.7662 835
      vertex -22.1528 36.9065 835
    endloop
  endfacet
  facet normal -0.382794 0.923834 0
    outer loop
      vertex -22.4914 36.7662 835
      vertex -22.1528 36.9065 800
      vertex -22.4914 36.7662 800
    endloop
  endfacet
  facet normal 0.284042 -0.958812 0
    outer loop
      vertex -27.1631 49.9587 800
      vertex -26.8117 50.0628 835
      vertex -27.1631 49.9587 835
    endloop
  endfacet
  facet normal 0.284042 -0.958812 0
    outer loop
      vertex -26.8117 50.0628 835
      vertex -27.1631 49.9587 800
      vertex -26.8117 50.0628 800
    endloop
  endfacet
  facet normal -0.284042 -0.958812 0
    outer loop
      vertex -23.1883 50.0628 800
      vertex -22.8369 49.9587 835
      vertex -23.1883 50.0628 835
    endloop
  endfacet
  facet normal -0.284042 -0.958812 -0
    outer loop
      vertex -22.8369 49.9587 835
      vertex -23.1883 50.0628 800
      vertex -22.8369 49.9587 800
    endloop
  endfacet
  facet normal 0.999657 0.0261919 0
    outer loop
      vertex -31.9904 42.9349 835
      vertex -32 43.3013 800
      vertex -32 43.3013 835
    endloop
  endfacet
  facet normal 0.999657 0.0261919 0
    outer loop
      vertex -32 43.3013 800
      vertex -31.9904 42.9349 835
      vertex -31.9904 42.9349 800
    endloop
  endfacet
  facet normal 0.382561 -0.92393 0
    outer loop
      vertex -27.8472 49.6961 800
      vertex -27.5086 49.8363 835
      vertex -27.8472 49.6961 835
    endloop
  endfacet
  facet normal 0.382561 -0.92393 0
    outer loop
      vertex -27.5086 49.8363 835
      vertex -27.8472 49.6961 800
      vertex -27.5086 49.8363 800
    endloop
  endfacet
  facet normal -0.649397 -0.760449 0
    outer loop
      vertex -20.5948 48.7413 800
      vertex -20.3161 48.5033 835
      vertex -20.5948 48.7413 835
    endloop
  endfacet
  facet normal -0.649397 -0.760449 -0
    outer loop
      vertex -20.3161 48.5033 835
      vertex -20.5948 48.7413 800
      vertex -20.3161 48.5033 800
    endloop
  endfacet
  facet normal -0.430431 0.902623 0
    outer loop
      vertex -21.8221 37.0642 800
      vertex -22.1528 36.9065 835
      vertex -21.8221 37.0642 835
    endloop
  endfacet
  facet normal -0.430431 0.902623 0
    outer loop
      vertex -22.1528 36.9065 835
      vertex -21.8221 37.0642 800
      vertex -22.1528 36.9065 800
    endloop
  endfacet
  facet normal 0.688305 0.725422 -0
    outer loop
      vertex -29.6839 38.0993 800
      vertex -29.9497 38.3515 835
      vertex -29.6839 38.0993 835
    endloop
  endfacet
  facet normal 0.688305 0.725422 0
    outer loop
      vertex -29.9497 38.3515 835
      vertex -29.6839 38.0993 800
      vertex -29.9497 38.3515 800
    endloop
  endfacet
  facet normal -0.85264 0.522498 0
    outer loop
      vertex -19.1293 39.4888 800
      vertex -18.9378 39.8013 835
      vertex -18.9378 39.8013 800
    endloop
  endfacet
  facet normal -0.85264 0.522498 0
    outer loop
      vertex -18.9378 39.8013 835
      vertex -19.1293 39.4888 800
      vertex -19.1293 39.4888 835
    endloop
  endfacet
  facet normal 0.902568 0.430548 0
    outer loop
      vertex -31.237 40.1233 835
      vertex -31.3948 40.4541 800
      vertex -31.3948 40.4541 835
    endloop
  endfacet
  facet normal 0.902568 0.430548 0
    outer loop
      vertex -31.3948 40.4541 800
      vertex -31.237 40.1233 835
      vertex -31.237 40.1233 800
    endloop
  endfacet
  facet normal -0.688305 0.725422 0
    outer loop
      vertex -20.0503 38.3515 800
      vertex -20.3161 38.0993 835
      vertex -20.0503 38.3515 835
    endloop
  endfacet
  facet normal -0.688305 0.725422 0
    outer loop
      vertex -20.3161 38.0993 835
      vertex -20.0503 38.3515 800
      vertex -20.3161 38.0993 800
    endloop
  endfacet
  facet normal -0.725286 -0.688448 0
    outer loop
      vertex -19.798 47.9852 800
      vertex -20.0503 48.251 835
      vertex -20.0503 48.251 800
    endloop
  endfacet
  facet normal -0.725286 -0.688448 0
    outer loop
      vertex -20.0503 48.251 835
      vertex -19.798 47.9852 800
      vertex -19.798 47.9852 835
    endloop
  endfacet
  facet normal 0.522498 0.85264 -0
    outer loop
      vertex -28.5 37.2391 800
      vertex -28.8125 37.4306 835
      vertex -28.5 37.2391 835
    endloop
  endfacet
  facet normal 0.522498 0.85264 0
    outer loop
      vertex -28.8125 37.4306 835
      vertex -28.5 37.2391 800
      vertex -28.8125 37.4306 800
    endloop
  endfacet
  facet normal -0.333691 0.942683 0
    outer loop
      vertex -22.4914 36.7662 800
      vertex -22.8369 36.6439 835
      vertex -22.4914 36.7662 835
    endloop
  endfacet
  facet normal -0.333691 0.942683 0
    outer loop
      vertex -22.8369 36.6439 835
      vertex -22.4914 36.7662 800
      vertex -22.8369 36.6439 800
    endloop
  endfacet
  facet normal -0.430654 -0.902517 0
    outer loop
      vertex -22.1528 49.6961 800
      vertex -21.8221 49.5383 835
      vertex -22.1528 49.6961 835
    endloop
  endfacet
  facet normal -0.430654 -0.902517 -0
    outer loop
      vertex -21.8221 49.5383 835
      vertex -22.1528 49.6961 800
      vertex -21.8221 49.5383 800
    endloop
  endfacet
  facet normal 0.983253 -0.182246 0
    outer loop
      vertex -31.9138 44.3963 835
      vertex -31.847 44.7567 800
      vertex -31.847 44.7567 835
    endloop
  endfacet
  facet normal 0.983253 -0.182246 0
    outer loop
      vertex -31.847 44.7567 800
      vertex -31.9138 44.3963 835
      vertex -31.9138 44.3963 800
    endloop
  endfacet
  facet normal -0.99142 -0.130716 0
    outer loop
      vertex -18.0383 44.033 800
      vertex -18.0862 44.3963 835
      vertex -18.0862 44.3963 800
    endloop
  endfacet
  facet normal -0.99142 -0.130716 0
    outer loop
      vertex -18.0862 44.3963 835
      vertex -18.0383 44.033 800
      vertex -18.0383 44.033 835
    endloop
  endfacet
  facet normal 0.2336 0.972333 -0
    outer loop
      vertex -26.4554 36.4542 800
      vertex -26.8117 36.5398 835
      vertex -26.4554 36.4542 835
    endloop
  endfacet
  facet normal 0.2336 0.972333 0
    outer loop
      vertex -26.8117 36.5398 835
      vertex -26.4554 36.4542 800
      vertex -26.8117 36.5398 800
    endloop
  endfacet
  facet normal 0.760449 -0.649397 0
    outer loop
      vertex -30.44 47.7065 835
      vertex -30.202 47.9852 800
      vertex -30.202 47.9852 835
    endloop
  endfacet
  facet normal 0.760449 -0.649397 0
    outer loop
      vertex -30.202 47.9852 800
      vertex -30.44 47.7065 835
      vertex -30.44 47.7065 800
    endloop
  endfacet
  facet normal -0.688448 -0.725286 0
    outer loop
      vertex -20.3161 48.5033 800
      vertex -20.0503 48.251 835
      vertex -20.3161 48.5033 835
    endloop
  endfacet
  facet normal -0.688448 -0.725286 -0
    outer loop
      vertex -20.0503 48.251 835
      vertex -20.3161 48.5033 800
      vertex -20.0503 48.251 800
    endloop
  endfacet
  facet normal -0.181982 0.983302 0
    outer loop
      vertex -23.5446 36.4542 800
      vertex -23.905 36.3875 835
      vertex -23.5446 36.4542 835
    endloop
  endfacet
  facet normal -0.181982 0.983302 0
    outer loop
      vertex -23.905 36.3875 835
      vertex -23.5446 36.4542 800
      vertex -23.905 36.3875 800
    endloop
  endfacet
  facet normal -0.923834 0.382794 0
    outer loop
      vertex -18.6052 40.4541 800
      vertex -18.4649 40.7927 835
      vertex -18.4649 40.7927 800
    endloop
  endfacet
  facet normal -0.923834 0.382794 0
    outer loop
      vertex -18.4649 40.7927 835
      vertex -18.6052 40.4541 800
      vertex -18.6052 40.4541 835
    endloop
  endfacet
  facet normal 0.958812 -0.284042 0
    outer loop
      vertex -31.7615 45.113 835
      vertex -31.6574 45.4644 800
      vertex -31.6574 45.4644 835
    endloop
  endfacet
  facet normal 0.958812 -0.284042 0
    outer loop
      vertex -31.6574 45.4644 800
      vertex -31.7615 45.113 835
      vertex -31.7615 45.113 800
    endloop
  endfacet
  facet normal 0.793404 0.608695 0
    outer loop
      vertex -30.44 38.896 835
      vertex -30.6631 39.1868 800
      vertex -30.6631 39.1868 835
    endloop
  endfacet
  facet normal 0.793404 0.608695 0
    outer loop
      vertex -30.6631 39.1868 800
      vertex -30.44 38.896 835
      vertex -30.44 38.896 800
    endloop
  endfacet
  facet normal 0.608655 0.793435 -0
    outer loop
      vertex -29.1145 37.6382 800
      vertex -29.4052 37.8612 835
      vertex -29.1145 37.6382 835
    endloop
  endfacet
  facet normal 0.608655 0.793435 0
    outer loop
      vertex -29.4052 37.8612 835
      vertex -29.1145 37.6382 800
      vertex -29.4052 37.8612 800
    endloop
  endfacet
  facet normal 0.996928 0.0783242 0
    outer loop
      vertex -31.9617 42.5696 835
      vertex -31.9904 42.9349 800
      vertex -31.9904 42.9349 835
    endloop
  endfacet
  facet normal 0.996928 0.0783242 0
    outer loop
      vertex -31.9904 42.9349 800
      vertex -31.9617 42.5696 835
      vertex -31.9617 42.5696 800
    endloop
  endfacet
  facet normal 0.688448 -0.725286 0
    outer loop
      vertex -29.9497 48.251 800
      vertex -29.6839 48.5033 835
      vertex -29.9497 48.251 835
    endloop
  endfacet
  facet normal 0.688448 -0.725286 0
    outer loop
      vertex -29.6839 48.5033 835
      vertex -29.9497 48.251 800
      vertex -29.6839 48.5033 800
    endloop
  endfacet
  facet normal -0.942683 0.333691 0
    outer loop
      vertex -18.4649 40.7927 800
      vertex -18.3426 41.1382 835
      vertex -18.3426 41.1382 800
    endloop
  endfacet
  facet normal -0.942683 0.333691 0
    outer loop
      vertex -18.3426 41.1382 835
      vertex -18.4649 40.7927 800
      vertex -18.4649 40.7927 835
    endloop
  endfacet
  facet normal -0.522498 0.85264 0
    outer loop
      vertex -21.1875 37.4306 800
      vertex -21.5 37.2391 835
      vertex -21.1875 37.4306 835
    endloop
  endfacet
  facet normal -0.522498 0.85264 0
    outer loop
      vertex -21.5 37.2391 835
      vertex -21.1875 37.4306 800
      vertex -21.5 37.2391 800
    endloop
  endfacet
  facet normal -0.760334 0.649532 0
    outer loop
      vertex -19.798 38.6174 800
      vertex -19.56 38.896 835
      vertex -19.56 38.896 800
    endloop
  endfacet
  facet normal -0.760334 0.649532 0
    outer loop
      vertex -19.56 38.896 835
      vertex -19.798 38.6174 800
      vertex -19.798 38.6174 835
    endloop
  endfacet
  facet normal -0.878853 0.477092 0
    outer loop
      vertex -18.9378 39.8013 800
      vertex -18.763 40.1233 835
      vertex -18.763 40.1233 800
    endloop
  endfacet
  facet normal -0.878853 0.477092 0
    outer loop
      vertex -18.763 40.1233 835
      vertex -18.9378 39.8013 800
      vertex -18.9378 39.8013 835
    endloop
  endfacet
  facet normal -0.902568 -0.430548 0
    outer loop
      vertex -18.6052 46.1484 800
      vertex -18.763 46.4792 835
      vertex -18.763 46.4792 800
    endloop
  endfacet
  facet normal -0.902568 -0.430548 0
    outer loop
      vertex -18.763 46.4792 835
      vertex -18.6052 46.1484 800
      vertex -18.6052 46.1484 835
    endloop
  endfacet
  facet normal -0.182246 -0.983253 0
    outer loop
      vertex -23.905 50.2151 800
      vertex -23.5446 50.1483 835
      vertex -23.905 50.2151 835
    endloop
  endfacet
  facet normal -0.182246 -0.983253 -0
    outer loop
      vertex -23.5446 50.1483 835
      vertex -23.905 50.2151 800
      vertex -23.5446 50.1483 800
    endloop
  endfacet
  facet normal -0.958812 -0.284042 0
    outer loop
      vertex -18.2385 45.113 800
      vertex -18.3426 45.4644 835
      vertex -18.3426 45.4644 800
    endloop
  endfacet
  facet normal -0.958812 -0.284042 0
    outer loop
      vertex -18.3426 45.4644 835
      vertex -18.2385 45.113 800
      vertex -18.2385 45.113 835
    endloop
  endfacet
  facet normal 0.649397 -0.760449 0
    outer loop
      vertex -29.6839 48.5033 800
      vertex -29.4052 48.7413 835
      vertex -29.6839 48.5033 835
    endloop
  endfacet
  facet normal 0.649397 -0.760449 0
    outer loop
      vertex -29.4052 48.7413 835
      vertex -29.6839 48.5033 800
      vertex -29.4052 48.7413 800
    endloop
  endfacet
  facet normal -0.0785954 -0.996907 0
    outer loop
      vertex -24.6336 50.2917 800
      vertex -24.2683 50.2629 835
      vertex -24.6336 50.2917 835
    endloop
  endfacet
  facet normal -0.0785954 -0.996907 -0
    outer loop
      vertex -24.2683 50.2629 835
      vertex -24.6336 50.2917 800
      vertex -24.2683 50.2629 800
    endloop
  endfacet
  facet normal 0.878916 -0.476977 0
    outer loop
      vertex -31.237 46.4792 835
      vertex -31.0622 46.8013 800
      vertex -31.0622 46.8013 835
    endloop
  endfacet
  facet normal 0.878916 -0.476977 0
    outer loop
      vertex -31.0622 46.8013 800
      vertex -31.237 46.4792 835
      vertex -31.237 46.4792 800
    endloop
  endfacet
  facet normal -0.824161 -0.566355 0
    outer loop
      vertex -19.1293 47.1137 800
      vertex -19.3369 47.4158 835
      vertex -19.3369 47.4158 800
    endloop
  endfacet
  facet normal -0.824161 -0.566355 0
    outer loop
      vertex -19.3369 47.4158 835
      vertex -19.1293 47.1137 800
      vertex -19.1293 47.1137 835
    endloop
  endfacet
  facet normal 0.333691 0.942683 -0
    outer loop
      vertex -27.1631 36.6439 800
      vertex -27.5086 36.7662 835
      vertex -27.1631 36.6439 835
    endloop
  endfacet
  facet normal 0.333691 0.942683 0
    outer loop
      vertex -27.5086 36.7662 835
      vertex -27.1631 36.6439 800
      vertex -27.5086 36.7662 800
    endloop
  endfacet
  facet normal -0.793303 -0.608827 0
    outer loop
      vertex -19.3369 47.4158 800
      vertex -19.56 47.7065 835
      vertex -19.56 47.7065 800
    endloop
  endfacet
  facet normal -0.793303 -0.608827 0
    outer loop
      vertex -19.56 47.7065 835
      vertex -19.3369 47.4158 800
      vertex -19.3369 47.4158 835
    endloop
  endfacet
  facet normal -0.608655 0.793435 0
    outer loop
      vertex -20.5948 37.8612 800
      vertex -20.8855 37.6382 835
      vertex -20.5948 37.8612 835
    endloop
  endfacet
  facet normal -0.608655 0.793435 0
    outer loop
      vertex -20.8855 37.6382 835
      vertex -20.5948 37.8612 800
      vertex -20.8855 37.6382 800
    endloop
  endfacet
  facet normal 0.824161 -0.566355 0
    outer loop
      vertex -30.8707 47.1137 835
      vertex -30.6631 47.4158 800
      vertex -30.6631 47.4158 835
    endloop
  endfacet
  facet normal 0.824161 -0.566355 0
    outer loop
      vertex -30.6631 47.4158 800
      vertex -30.8707 47.1137 835
      vertex -30.8707 47.1137 800
    endloop
  endfacet
  facet normal 0.566482 0.824074 -0
    outer loop
      vertex -28.8125 37.4306 800
      vertex -29.1145 37.6382 835
      vertex -28.8125 37.4306 835
    endloop
  endfacet
  facet normal 0.566482 0.824074 0
    outer loop
      vertex -29.1145 37.6382 835
      vertex -28.8125 37.4306 800
      vertex -29.1145 37.6382 800
    endloop
  endfacet
  facet normal -0.999657 0.0261919 0
    outer loop
      vertex -18.0096 42.9349 800
      vertex -18 43.3013 835
      vertex -18 43.3013 800
    endloop
  endfacet
  facet normal -0.999657 0.0261919 0
    outer loop
      vertex -18 43.3013 835
      vertex -18.0096 42.9349 800
      vertex -18.0096 42.9349 835
    endloop
  endfacet
  facet normal 0.85264 0.522498 0
    outer loop
      vertex -30.8707 39.4888 835
      vertex -31.0622 39.8013 800
      vertex -31.0622 39.8013 835
    endloop
  endfacet
  facet normal 0.85264 0.522498 0
    outer loop
      vertex -31.0622 39.8013 800
      vertex -30.8707 39.4888 835
      vertex -30.8707 39.4888 800
    endloop
  endfacet
  facet normal -0.983244 0.182294 0
    outer loop
      vertex -18.153 41.8459 800
      vertex -18.0862 42.2062 835
      vertex -18.0862 42.2062 800
    endloop
  endfacet
  facet normal -0.983244 0.182294 0
    outer loop
      vertex -18.0862 42.2062 835
      vertex -18.153 41.8459 800
      vertex -18.153 41.8459 835
    endloop
  endfacet
  facet normal 0.430654 -0.902517 0
    outer loop
      vertex -28.1779 49.5383 800
      vertex -27.8472 49.6961 835
      vertex -28.1779 49.5383 835
    endloop
  endfacet
  facet normal 0.430654 -0.902517 0
    outer loop
      vertex -27.8472 49.6961 835
      vertex -28.1779 49.5383 800
      vertex -27.8472 49.6961 800
    endloop
  endfacet
  facet normal -0.97241 0.23328 0
    outer loop
      vertex -18.2385 41.4895 800
      vertex -18.153 41.8459 835
      vertex -18.153 41.8459 800
    endloop
  endfacet
  facet normal -0.97241 0.23328 0
    outer loop
      vertex -18.153 41.8459 835
      vertex -18.2385 41.4895 800
      vertex -18.2385 41.4895 835
    endloop
  endfacet
  facet normal -0.477188 -0.878801 0
    outer loop
      vertex -21.8221 49.5383 800
      vertex -21.5 49.3634 835
      vertex -21.8221 49.5383 835
    endloop
  endfacet
  facet normal -0.477188 -0.878801 -0
    outer loop
      vertex -21.5 49.3634 835
      vertex -21.8221 49.5383 800
      vertex -21.5 49.3634 800
    endloop
  endfacet
  facet normal -0.382561 -0.92393 0
    outer loop
      vertex -22.4914 49.8363 800
      vertex -22.1528 49.6961 835
      vertex -22.4914 49.8363 835
    endloop
  endfacet
  facet normal -0.382561 -0.92393 -0
    outer loop
      vertex -22.1528 49.6961 835
      vertex -22.4914 49.8363 800
      vertex -22.1528 49.6961 800
    endloop
  endfacet
  facet normal 0.608827 -0.793303 0
    outer loop
      vertex -29.4052 48.7413 800
      vertex -29.1145 48.9644 835
      vertex -29.4052 48.7413 835
    endloop
  endfacet
  facet normal 0.608827 -0.793303 0
    outer loop
      vertex -29.1145 48.9644 835
      vertex -29.4052 48.7413 800
      vertex -29.1145 48.9644 800
    endloop
  endfacet
  facet normal -0.284042 0.958812 0
    outer loop
      vertex -22.8369 36.6439 800
      vertex -23.1883 36.5398 835
      vertex -22.8369 36.6439 835
    endloop
  endfacet
  facet normal -0.284042 0.958812 0
    outer loop
      vertex -23.1883 36.5398 835
      vertex -22.8369 36.6439 800
      vertex -23.1883 36.5398 800
    endloop
  endfacet
  facet normal 0.824074 0.566482 0
    outer loop
      vertex -30.6631 39.1868 835
      vertex -30.8707 39.4888 800
      vertex -30.8707 39.4888 835
    endloop
  endfacet
  facet normal 0.824074 0.566482 0
    outer loop
      vertex -30.8707 39.4888 800
      vertex -30.6631 39.1868 835
      vertex -30.6631 39.1868 800
    endloop
  endfacet
  facet normal 0.725415 0.688312 0
    outer loop
      vertex -29.9497 38.3515 835
      vertex -30.202 38.6174 800
      vertex -30.202 38.6174 835
    endloop
  endfacet
  facet normal 0.725415 0.688312 0
    outer loop
      vertex -30.202 38.6174 800
      vertex -29.9497 38.3515 835
      vertex -29.9497 38.3515 800
    endloop
  endfacet
  facet normal 0.99693 -0.0783029 0
    outer loop
      vertex -31.9904 43.6676 835
      vertex -31.9617 44.033 800
      vertex -31.9617 44.033 835
    endloop
  endfacet
  facet normal 0.99693 -0.0783029 0
    outer loop
      vertex -31.9617 44.033 800
      vertex -31.9904 43.6676 835
      vertex -31.9904 43.6676 800
    endloop
  endfacet
  facet normal 0.760334 0.649532 0
    outer loop
      vertex -30.202 38.6174 835
      vertex -30.44 38.896 800
      vertex -30.44 38.896 835
    endloop
  endfacet
  facet normal 0.760334 0.649532 0
    outer loop
      vertex -30.44 38.896 800
      vertex -30.202 38.6174 835
      vertex -30.202 38.6174 800
    endloop
  endfacet
  facet normal 0.0261919 -0.999657 0
    outer loop
      vertex -25.3664 50.2917 800
      vertex -25 50.3013 835
      vertex -25.3664 50.2917 835
    endloop
  endfacet
  facet normal 0.0261919 -0.999657 0
    outer loop
      vertex -25 50.3013 835
      vertex -25.3664 50.2917 800
      vertex -25 50.3013 800
    endloop
  endfacet
  facet normal -0.130716 0.99142 0
    outer loop
      vertex -23.905 36.3875 800
      vertex -24.2683 36.3396 835
      vertex -23.905 36.3875 835
    endloop
  endfacet
  facet normal -0.130716 0.99142 0
    outer loop
      vertex -24.2683 36.3396 835
      vertex -23.905 36.3875 800
      vertex -24.2683 36.3396 800
    endloop
  endfacet
  facet normal -0.0261919 -0.999657 0
    outer loop
      vertex -25 50.3013 800
      vertex -24.6336 50.2917 835
      vertex -25 50.3013 835
    endloop
  endfacet
  facet normal -0.0261919 -0.999657 -0
    outer loop
      vertex -24.6336 50.2917 835
      vertex -25 50.3013 800
      vertex -24.6336 50.2917 800
    endloop
  endfacet
  facet normal 0.284042 0.958812 -0
    outer loop
      vertex -26.8117 36.5398 800
      vertex -27.1631 36.6439 835
      vertex -26.8117 36.5398 835
    endloop
  endfacet
  facet normal 0.284042 0.958812 0
    outer loop
      vertex -27.1631 36.6439 835
      vertex -26.8117 36.5398 800
      vertex -27.1631 36.6439 800
    endloop
  endfacet
  facet normal -0.0783242 0.996928 0
    outer loop
      vertex -24.2683 36.3396 800
      vertex -24.6336 36.3109 835
      vertex -24.2683 36.3396 835
    endloop
  endfacet
  facet normal -0.0783242 0.996928 0
    outer loop
      vertex -24.6336 36.3109 835
      vertex -24.2683 36.3396 800
      vertex -24.6336 36.3109 800
    endloop
  endfacet
  facet normal 0.182246 -0.983253 0
    outer loop
      vertex -26.4554 50.1483 800
      vertex -26.095 50.2151 835
      vertex -26.4554 50.1483 835
    endloop
  endfacet
  facet normal 0.182246 -0.983253 0
    outer loop
      vertex -26.095 50.2151 835
      vertex -26.4554 50.1483 800
      vertex -26.095 50.2151 800
    endloop
  endfacet
  facet normal 0.793303 -0.608827 0
    outer loop
      vertex -30.6631 47.4158 835
      vertex -30.44 47.7065 800
      vertex -30.44 47.7065 835
    endloop
  endfacet
  facet normal 0.793303 -0.608827 0
    outer loop
      vertex -30.44 47.7065 800
      vertex -30.6631 47.4158 835
      vertex -30.6631 47.4158 800
    endloop
  endfacet
  facet normal 0.233342 -0.972395 0
    outer loop
      vertex -26.8117 50.0628 800
      vertex -26.4554 50.1483 835
      vertex -26.8117 50.0628 835
    endloop
  endfacet
  facet normal 0.233342 -0.972395 0
    outer loop
      vertex -26.4554 50.1483 835
      vertex -26.8117 50.0628 800
      vertex -26.4554 50.1483 800
    endloop
  endfacet
  facet normal 0.181982 0.983302 -0
    outer loop
      vertex -26.095 36.3875 800
      vertex -26.4554 36.4542 835
      vertex -26.095 36.3875 835
    endloop
  endfacet
  facet normal 0.181982 0.983302 0
    outer loop
      vertex -26.4554 36.4542 835
      vertex -26.095 36.3875 800
      vertex -26.4554 36.4542 800
    endloop
  endfacet
  facet normal 0.97241 0.23328 0
    outer loop
      vertex -31.7615 41.4895 835
      vertex -31.847 41.8459 800
      vertex -31.847 41.8459 835
    endloop
  endfacet
  facet normal 0.97241 0.23328 0
    outer loop
      vertex -31.847 41.8459 800
      vertex -31.7615 41.4895 835
      vertex -31.7615 41.4895 800
    endloop
  endfacet
  facet normal 0.878853 0.477092 0
    outer loop
      vertex -31.0622 39.8013 835
      vertex -31.237 40.1233 800
      vertex -31.237 40.1233 835
    endloop
  endfacet
  facet normal 0.878853 0.477092 0
    outer loop
      vertex -31.237 40.1233 800
      vertex -31.0622 39.8013 835
      vertex -31.0622 39.8013 800
    endloop
  endfacet
  facet normal -0.760449 -0.649397 0
    outer loop
      vertex -19.56 47.7065 800
      vertex -19.798 47.9852 835
      vertex -19.798 47.9852 800
    endloop
  endfacet
  facet normal -0.760449 -0.649397 0
    outer loop
      vertex -19.798 47.9852 835
      vertex -19.56 47.7065 800
      vertex -19.56 47.7065 835
    endloop
  endfacet
  facet normal -0.923834 -0.382794 0
    outer loop
      vertex -18.4649 45.8098 800
      vertex -18.6052 46.1484 835
      vertex -18.6052 46.1484 800
    endloop
  endfacet
  facet normal -0.923834 -0.382794 0
    outer loop
      vertex -18.6052 46.1484 835
      vertex -18.4649 45.8098 800
      vertex -18.4649 45.8098 835
    endloop
  endfacet
  facet normal 0.972395 -0.233342 0
    outer loop
      vertex -31.847 44.7567 835
      vertex -31.7615 45.113 800
      vertex -31.7615 45.113 835
    endloop
  endfacet
  facet normal 0.972395 -0.233342 0
    outer loop
      vertex -31.7615 45.113 800
      vertex -31.847 44.7567 835
      vertex -31.847 44.7567 800
    endloop
  endfacet
  facet normal 0.0261919 0.999657 -0
    outer loop
      vertex -25 36.3013 800
      vertex -25.3664 36.3109 835
      vertex -25 36.3013 835
    endloop
  endfacet
  facet normal 0.0261919 0.999657 0
    outer loop
      vertex -25.3664 36.3109 835
      vertex -25 36.3013 800
      vertex -25.3664 36.3109 800
    endloop
  endfacet
  facet normal 0.477188 0.878801 -0
    outer loop
      vertex -28.1779 37.0642 800
      vertex -28.5 37.2391 835
      vertex -28.1779 37.0642 835
    endloop
  endfacet
  facet normal 0.477188 0.878801 0
    outer loop
      vertex -28.5 37.2391 835
      vertex -28.1779 37.0642 800
      vertex -28.5 37.2391 800
    endloop
  endfacet
  facet normal -0.95879 0.284116 0
    outer loop
      vertex -18.3426 41.1382 800
      vertex -18.2385 41.4895 835
      vertex -18.2385 41.4895 800
    endloop
  endfacet
  facet normal -0.95879 0.284116 0
    outer loop
      vertex -18.2385 41.4895 835
      vertex -18.3426 41.1382 800
      vertex -18.3426 41.1382 835
    endloop
  endfacet
  facet normal -0.878916 -0.476977 0
    outer loop
      vertex -18.763 46.4792 800
      vertex -18.9378 46.8013 835
      vertex -18.9378 46.8013 800
    endloop
  endfacet
  facet normal -0.878916 -0.476977 0
    outer loop
      vertex -18.9378 46.8013 835
      vertex -18.763 46.4792 800
      vertex -18.763 46.4792 835
    endloop
  endfacet
  facet normal -0.130447 -0.991455 0
    outer loop
      vertex -24.2683 50.2629 800
      vertex -23.905 50.2151 835
      vertex -24.2683 50.2629 835
    endloop
  endfacet
  facet normal -0.130447 -0.991455 -0
    outer loop
      vertex -23.905 50.2151 835
      vertex -24.2683 50.2629 800
      vertex -23.905 50.2151 800
    endloop
  endfacet
  facet normal -0.942652 -0.333776 0
    outer loop
      vertex -18.3426 45.4644 800
      vertex -18.4649 45.8098 835
      vertex -18.4649 45.8098 800
    endloop
  endfacet
  facet normal -0.942652 -0.333776 0
    outer loop
      vertex -18.4649 45.8098 835
      vertex -18.3426 45.4644 800
      vertex -18.3426 45.4644 835
    endloop
  endfacet
  facet normal -0.2336 0.972333 0
    outer loop
      vertex -23.1883 36.5398 800
      vertex -23.5446 36.4542 835
      vertex -23.1883 36.5398 835
    endloop
  endfacet
  facet normal -0.2336 0.972333 0
    outer loop
      vertex -23.5446 36.4542 835
      vertex -23.1883 36.5398 800
      vertex -23.5446 36.4542 800
    endloop
  endfacet
  facet normal -0.793404 0.608695 0
    outer loop
      vertex -19.56 38.896 800
      vertex -19.3369 39.1868 835
      vertex -19.3369 39.1868 800
    endloop
  endfacet
  facet normal -0.793404 0.608695 0
    outer loop
      vertex -19.3369 39.1868 835
      vertex -19.56 38.896 800
      vertex -19.56 38.896 835
    endloop
  endfacet
  facet normal 0.0785954 -0.996907 0
    outer loop
      vertex -25.7317 50.2629 800
      vertex -25.3664 50.2917 835
      vertex -25.7317 50.2629 835
    endloop
  endfacet
  facet normal 0.0785954 -0.996907 0
    outer loop
      vertex -25.3664 50.2917 835
      vertex -25.7317 50.2629 800
      vertex -25.3664 50.2917 800
    endloop
  endfacet
  facet normal 0.130447 -0.991455 0
    outer loop
      vertex -26.095 50.2151 800
      vertex -25.7317 50.2629 835
      vertex -26.095 50.2151 835
    endloop
  endfacet
  facet normal 0.130447 -0.991455 0
    outer loop
      vertex -25.7317 50.2629 835
      vertex -26.095 50.2151 800
      vertex -25.7317 50.2629 800
    endloop
  endfacet
  facet normal -0.333933 -0.942597 0
    outer loop
      vertex -22.8369 49.9587 800
      vertex -22.4914 49.8363 835
      vertex -22.8369 49.9587 835
    endloop
  endfacet
  facet normal -0.333933 -0.942597 -0
    outer loop
      vertex -22.4914 49.8363 835
      vertex -22.8369 49.9587 800
      vertex -22.4914 49.8363 800
    endloop
  endfacet
  facet normal -0.0261919 0.999657 0
    outer loop
      vertex -24.6336 36.3109 800
      vertex -25 36.3013 835
      vertex -24.6336 36.3109 835
    endloop
  endfacet
  facet normal -0.0261919 0.999657 0
    outer loop
      vertex -25 36.3013 835
      vertex -24.6336 36.3109 800
      vertex -25 36.3013 800
    endloop
  endfacet
  facet normal 0.923834 -0.382794 0
    outer loop
      vertex -31.5351 45.8098 835
      vertex -31.3948 46.1484 800
      vertex -31.3948 46.1484 835
    endloop
  endfacet
  facet normal 0.923834 -0.382794 0
    outer loop
      vertex -31.3948 46.1484 800
      vertex -31.5351 45.8098 835
      vertex -31.5351 45.8098 800
    endloop
  endfacet
  facet normal -0.996928 0.0783242 0
    outer loop
      vertex -18.0383 42.5696 800
      vertex -18.0096 42.9349 835
      vertex -18.0096 42.9349 800
    endloop
  endfacet
  facet normal -0.996928 0.0783242 0
    outer loop
      vertex -18.0096 42.9349 835
      vertex -18.0383 42.5696 800
      vertex -18.0383 42.5696 835
    endloop
  endfacet
  facet normal -0.99693 -0.0783029 0
    outer loop
      vertex -18.0096 43.6676 800
      vertex -18.0383 44.033 835
      vertex -18.0383 44.033 800
    endloop
  endfacet
  facet normal -0.99693 -0.0783029 0
    outer loop
      vertex -18.0383 44.033 835
      vertex -18.0096 43.6676 800
      vertex -18.0096 43.6676 835
    endloop
  endfacet
  facet normal 0.983244 0.182294 0
    outer loop
      vertex -31.847 41.8459 835
      vertex -31.9138 42.2062 800
      vertex -31.9138 42.2062 835
    endloop
  endfacet
  facet normal 0.983244 0.182294 0
    outer loop
      vertex -31.9138 42.2062 800
      vertex -31.847 41.8459 835
      vertex -31.847 41.8459 800
    endloop
  endfacet
  facet normal 0.95879 0.284116 0
    outer loop
      vertex -31.6574 41.1382 835
      vertex -31.7615 41.4895 800
      vertex -31.7615 41.4895 835
    endloop
  endfacet
  facet normal 0.95879 0.284116 0
    outer loop
      vertex -31.7615 41.4895 800
      vertex -31.6574 41.1382 835
      vertex -31.6574 41.1382 800
    endloop
  endfacet
  facet normal -0.991425 0.13068 0
    outer loop
      vertex -18.0862 42.2062 800
      vertex -18.0383 42.5696 835
      vertex -18.0383 42.5696 800
    endloop
  endfacet
  facet normal -0.991425 0.13068 0
    outer loop
      vertex -18.0383 42.5696 835
      vertex -18.0862 42.2062 800
      vertex -18.0862 42.2062 835
    endloop
  endfacet
  facet normal 0.0783242 0.996928 -0
    outer loop
      vertex -25.3664 36.3109 800
      vertex -25.7317 36.3396 835
      vertex -25.3664 36.3109 835
    endloop
  endfacet
  facet normal 0.0783242 0.996928 0
    outer loop
      vertex -25.7317 36.3396 835
      vertex -25.3664 36.3109 800
      vertex -25.7317 36.3396 800
    endloop
  endfacet
  facet normal 0.942683 0.333691 0
    outer loop
      vertex -31.5351 40.7927 835
      vertex -31.6574 41.1382 800
      vertex -31.6574 41.1382 835
    endloop
  endfacet
  facet normal 0.942683 0.333691 0
    outer loop
      vertex -31.6574 41.1382 800
      vertex -31.5351 40.7927 835
      vertex -31.5351 40.7927 800
    endloop
  endfacet
  facet normal -0.999657 -0.026199 0
    outer loop
      vertex -18 43.3013 800
      vertex -18.0096 43.6676 835
      vertex -18.0096 43.6676 800
    endloop
  endfacet
  facet normal -0.999657 -0.026199 0
    outer loop
      vertex -18.0096 43.6676 835
      vertex -18 43.3013 800
      vertex -18 43.3013 835
    endloop
  endfacet
  facet normal 0.130447 0.991455 -0
    outer loop
      vertex -25.7317 -50.2629 800
      vertex -26.095 -50.2151 835
      vertex -25.7317 -50.2629 835
    endloop
  endfacet
  facet normal 0.130447 0.991455 0
    outer loop
      vertex -26.095 -50.2151 835
      vertex -25.7317 -50.2629 800
      vertex -26.095 -50.2151 800
    endloop
  endfacet
  facet normal -0.999657 -0.0261919 0
    outer loop
      vertex -18 -43.3013 800
      vertex -18.0096 -42.9349 835
      vertex -18.0096 -42.9349 800
    endloop
  endfacet
  facet normal -0.999657 -0.0261919 0
    outer loop
      vertex -18.0096 -42.9349 835
      vertex -18 -43.3013 800
      vertex -18 -43.3013 835
    endloop
  endfacet
  facet normal 0.382561 0.92393 -0
    outer loop
      vertex -27.5086 -49.8363 800
      vertex -27.8472 -49.6961 835
      vertex -27.5086 -49.8363 835
    endloop
  endfacet
  facet normal 0.382561 0.92393 0
    outer loop
      vertex -27.8472 -49.6961 835
      vertex -27.5086 -49.8363 800
      vertex -27.8472 -49.6961 800
    endloop
  endfacet
  facet normal 0.983244 -0.182294 0
    outer loop
      vertex -31.9138 -42.2062 835
      vertex -31.847 -41.8459 800
      vertex -31.847 -41.8459 835
    endloop
  endfacet
  facet normal 0.983244 -0.182294 0
    outer loop
      vertex -31.847 -41.8459 800
      vertex -31.9138 -42.2062 835
      vertex -31.9138 -42.2062 800
    endloop
  endfacet
  facet normal 0.996928 -0.0783242 0
    outer loop
      vertex -31.9904 -42.9349 835
      vertex -31.9617 -42.5696 800
      vertex -31.9617 -42.5696 835
    endloop
  endfacet
  facet normal 0.996928 -0.0783242 0
    outer loop
      vertex -31.9617 -42.5696 800
      vertex -31.9904 -42.9349 835
      vertex -31.9904 -42.9349 800
    endloop
  endfacet
  facet normal 0.824161 0.566355 0
    outer loop
      vertex -30.6631 -47.4158 835
      vertex -30.8707 -47.1137 800
      vertex -30.8707 -47.1137 835
    endloop
  endfacet
  facet normal 0.824161 0.566355 0
    outer loop
      vertex -30.8707 -47.1137 800
      vertex -30.6631 -47.4158 835
      vertex -30.6631 -47.4158 800
    endloop
  endfacet
  facet normal -0.382561 0.92393 0
    outer loop
      vertex -22.1528 -49.6961 800
      vertex -22.4914 -49.8363 835
      vertex -22.1528 -49.6961 835
    endloop
  endfacet
  facet normal -0.382561 0.92393 0
    outer loop
      vertex -22.4914 -49.8363 835
      vertex -22.1528 -49.6961 800
      vertex -22.4914 -49.8363 800
    endloop
  endfacet
  facet normal -0.477188 -0.878801 0
    outer loop
      vertex -21.8221 -37.0642 800
      vertex -21.5 -37.2391 835
      vertex -21.8221 -37.0642 835
    endloop
  endfacet
  facet normal -0.477188 -0.878801 -0
    outer loop
      vertex -21.5 -37.2391 835
      vertex -21.8221 -37.0642 800
      vertex -21.5 -37.2391 800
    endloop
  endfacet
  facet normal 0.2336 -0.972333 0
    outer loop
      vertex -26.8117 -36.5398 800
      vertex -26.4554 -36.4542 835
      vertex -26.8117 -36.5398 835
    endloop
  endfacet
  facet normal 0.2336 -0.972333 0
    outer loop
      vertex -26.4554 -36.4542 835
      vertex -26.8117 -36.5398 800
      vertex -26.4554 -36.4542 800
    endloop
  endfacet
  facet normal 0.878916 0.476977 0
    outer loop
      vertex -31.0622 -46.8013 835
      vertex -31.237 -46.4792 800
      vertex -31.237 -46.4792 835
    endloop
  endfacet
  facet normal 0.878916 0.476977 0
    outer loop
      vertex -31.237 -46.4792 800
      vertex -31.0622 -46.8013 835
      vertex -31.0622 -46.8013 800
    endloop
  endfacet
  facet normal 0.824074 -0.566482 0
    outer loop
      vertex -30.8707 -39.4888 835
      vertex -30.6631 -39.1868 800
      vertex -30.6631 -39.1868 835
    endloop
  endfacet
  facet normal 0.824074 -0.566482 0
    outer loop
      vertex -30.6631 -39.1868 800
      vertex -30.8707 -39.4888 835
      vertex -30.8707 -39.4888 800
    endloop
  endfacet
  facet normal 0.688305 -0.725422 0
    outer loop
      vertex -29.9497 -38.3515 800
      vertex -29.6839 -38.0993 835
      vertex -29.9497 -38.3515 835
    endloop
  endfacet
  facet normal 0.688305 -0.725422 0
    outer loop
      vertex -29.6839 -38.0993 835
      vertex -29.9497 -38.3515 800
      vertex -29.6839 -38.0993 800
    endloop
  endfacet
  facet normal 0.999657 -0.0261919 0
    outer loop
      vertex -32 -43.3013 835
      vertex -31.9904 -42.9349 800
      vertex -31.9904 -42.9349 835
    endloop
  endfacet
  facet normal 0.999657 -0.0261919 0
    outer loop
      vertex -31.9904 -42.9349 800
      vertex -32 -43.3013 835
      vertex -32 -43.3013 800
    endloop
  endfacet
  facet normal -0.233342 0.972395 0
    outer loop
      vertex -23.1883 -50.0628 800
      vertex -23.5446 -50.1483 835
      vertex -23.1883 -50.0628 835
    endloop
  endfacet
  facet normal -0.233342 0.972395 0
    outer loop
      vertex -23.5446 -50.1483 835
      vertex -23.1883 -50.0628 800
      vertex -23.5446 -50.1483 800
    endloop
  endfacet
  facet normal 0.566482 0.824074 -0
    outer loop
      vertex -28.8125 -49.172 800
      vertex -29.1145 -48.9644 835
      vertex -28.8125 -49.172 835
    endloop
  endfacet
  facet normal 0.566482 0.824074 0
    outer loop
      vertex -29.1145 -48.9644 835
      vertex -28.8125 -49.172 800
      vertex -29.1145 -48.9644 800
    endloop
  endfacet
  facet normal 0.477188 0.878801 -0
    outer loop
      vertex -28.1779 -49.5383 800
      vertex -28.5 -49.3634 835
      vertex -28.1779 -49.5383 835
    endloop
  endfacet
  facet normal 0.477188 0.878801 0
    outer loop
      vertex -28.5 -49.3634 835
      vertex -28.1779 -49.5383 800
      vertex -28.5 -49.3634 800
    endloop
  endfacet
  facet normal -0.760449 0.649397 0
    outer loop
      vertex -19.798 -47.9852 800
      vertex -19.56 -47.7065 835
      vertex -19.56 -47.7065 800
    endloop
  endfacet
  facet normal -0.760449 0.649397 0
    outer loop
      vertex -19.56 -47.7065 835
      vertex -19.798 -47.9852 800
      vertex -19.798 -47.9852 835
    endloop
  endfacet
  facet normal -0.942652 0.333776 0
    outer loop
      vertex -18.4649 -45.8098 800
      vertex -18.3426 -45.4644 835
      vertex -18.3426 -45.4644 800
    endloop
  endfacet
  facet normal -0.942652 0.333776 0
    outer loop
      vertex -18.3426 -45.4644 835
      vertex -18.4649 -45.8098 800
      vertex -18.4649 -45.8098 835
    endloop
  endfacet
  facet normal -0.0785954 0.996907 0
    outer loop
      vertex -24.2683 -50.2629 800
      vertex -24.6336 -50.2917 835
      vertex -24.2683 -50.2629 835
    endloop
  endfacet
  facet normal -0.0785954 0.996907 0
    outer loop
      vertex -24.6336 -50.2917 835
      vertex -24.2683 -50.2629 800
      vertex -24.6336 -50.2917 800
    endloop
  endfacet
  facet normal 0.99693 0.0783029 0
    outer loop
      vertex -31.9617 -44.033 835
      vertex -31.9904 -43.6676 800
      vertex -31.9904 -43.6676 835
    endloop
  endfacet
  facet normal 0.99693 0.0783029 0
    outer loop
      vertex -31.9904 -43.6676 800
      vertex -31.9617 -44.033 835
      vertex -31.9617 -44.033 800
    endloop
  endfacet
  facet normal 0.878853 -0.477092 0
    outer loop
      vertex -31.237 -40.1233 835
      vertex -31.0622 -39.8013 800
      vertex -31.0622 -39.8013 835
    endloop
  endfacet
  facet normal 0.878853 -0.477092 0
    outer loop
      vertex -31.0622 -39.8013 800
      vertex -31.237 -40.1233 835
      vertex -31.237 -40.1233 800
    endloop
  endfacet
  facet normal -0.566482 -0.824074 0
    outer loop
      vertex -21.1875 -37.4306 800
      vertex -20.8855 -37.6382 835
      vertex -21.1875 -37.4306 835
    endloop
  endfacet
  facet normal -0.566482 -0.824074 -0
    outer loop
      vertex -20.8855 -37.6382 835
      vertex -21.1875 -37.4306 800
      vertex -20.8855 -37.6382 800
    endloop
  endfacet
  facet normal 0.760449 0.649397 0
    outer loop
      vertex -30.202 -47.9852 835
      vertex -30.44 -47.7065 800
      vertex -30.44 -47.7065 835
    endloop
  endfacet
  facet normal 0.760449 0.649397 0
    outer loop
      vertex -30.44 -47.7065 800
      vertex -30.202 -47.9852 835
      vertex -30.202 -47.9852 800
    endloop
  endfacet
  facet normal 0.923834 0.382794 0
    outer loop
      vertex -31.3948 -46.1484 835
      vertex -31.5351 -45.8098 800
      vertex -31.5351 -45.8098 835
    endloop
  endfacet
  facet normal 0.923834 0.382794 0
    outer loop
      vertex -31.5351 -45.8098 800
      vertex -31.3948 -46.1484 835
      vertex -31.3948 -46.1484 800
    endloop
  endfacet
  facet normal 0.725286 0.688448 0
    outer loop
      vertex -29.9497 -48.251 835
      vertex -30.202 -47.9852 800
      vertex -30.202 -47.9852 835
    endloop
  endfacet
  facet normal 0.725286 0.688448 0
    outer loop
      vertex -30.202 -47.9852 800
      vertex -29.9497 -48.251 835
      vertex -29.9497 -48.251 800
    endloop
  endfacet
  facet normal -0.902568 0.430548 0
    outer loop
      vertex -18.763 -46.4792 800
      vertex -18.6052 -46.1484 835
      vertex -18.6052 -46.1484 800
    endloop
  endfacet
  facet normal -0.902568 0.430548 0
    outer loop
      vertex -18.6052 -46.1484 835
      vertex -18.763 -46.4792 800
      vertex -18.763 -46.4792 835
    endloop
  endfacet
  facet normal 0.97241 -0.23328 0
    outer loop
      vertex -31.847 -41.8459 835
      vertex -31.7615 -41.4895 800
      vertex -31.7615 -41.4895 835
    endloop
  endfacet
  facet normal 0.97241 -0.23328 0
    outer loop
      vertex -31.7615 -41.4895 800
      vertex -31.847 -41.8459 835
      vertex -31.847 -41.8459 800
    endloop
  endfacet
  facet normal -0.923834 0.382794 0
    outer loop
      vertex -18.6052 -46.1484 800
      vertex -18.4649 -45.8098 835
      vertex -18.4649 -45.8098 800
    endloop
  endfacet
  facet normal -0.923834 0.382794 0
    outer loop
      vertex -18.4649 -45.8098 835
      vertex -18.6052 -46.1484 800
      vertex -18.6052 -46.1484 835
    endloop
  endfacet
  facet normal -0.725286 0.688448 0
    outer loop
      vertex -20.0503 -48.251 800
      vertex -19.798 -47.9852 835
      vertex -19.798 -47.9852 800
    endloop
  endfacet
  facet normal -0.725286 0.688448 0
    outer loop
      vertex -19.798 -47.9852 835
      vertex -20.0503 -48.251 800
      vertex -20.0503 -48.251 835
    endloop
  endfacet
  facet normal -0.942683 -0.333691 0
    outer loop
      vertex -18.3426 -41.1382 800
      vertex -18.4649 -40.7927 835
      vertex -18.4649 -40.7927 800
    endloop
  endfacet
  facet normal -0.942683 -0.333691 0
    outer loop
      vertex -18.4649 -40.7927 835
      vertex -18.3426 -41.1382 800
      vertex -18.3426 -41.1382 835
    endloop
  endfacet
  facet normal -0.852566 0.52262 0
    outer loop
      vertex -19.1293 -47.1137 800
      vertex -18.9378 -46.8013 835
      vertex -18.9378 -46.8013 800
    endloop
  endfacet
  facet normal -0.852566 0.52262 0
    outer loop
      vertex -18.9378 -46.8013 835
      vertex -19.1293 -47.1137 800
      vertex -19.1293 -47.1137 835
    endloop
  endfacet
  facet normal -0.99142 0.130716 0
    outer loop
      vertex -18.0862 -44.3963 800
      vertex -18.0383 -44.033 835
      vertex -18.0383 -44.033 800
    endloop
  endfacet
  facet normal -0.99142 0.130716 0
    outer loop
      vertex -18.0383 -44.033 835
      vertex -18.0862 -44.3963 800
      vertex -18.0862 -44.3963 835
    endloop
  endfacet
  facet normal 0.793404 -0.608695 0
    outer loop
      vertex -30.6631 -39.1868 835
      vertex -30.44 -38.896 800
      vertex -30.44 -38.896 835
    endloop
  endfacet
  facet normal 0.793404 -0.608695 0
    outer loop
      vertex -30.44 -38.896 800
      vertex -30.6631 -39.1868 835
      vertex -30.6631 -39.1868 800
    endloop
  endfacet
  facet normal 0.793303 0.608827 0
    outer loop
      vertex -30.44 -47.7065 835
      vertex -30.6631 -47.4158 800
      vertex -30.6631 -47.4158 835
    endloop
  endfacet
  facet normal 0.793303 0.608827 0
    outer loop
      vertex -30.6631 -47.4158 800
      vertex -30.44 -47.7065 835
      vertex -30.44 -47.7065 800
    endloop
  endfacet
  facet normal 0.608655 -0.793435 0
    outer loop
      vertex -29.4052 -37.8612 800
      vertex -29.1145 -37.6382 835
      vertex -29.4052 -37.8612 835
    endloop
  endfacet
  facet normal 0.608655 -0.793435 0
    outer loop
      vertex -29.1145 -37.6382 835
      vertex -29.4052 -37.8612 800
      vertex -29.1145 -37.6382 800
    endloop
  endfacet
  facet normal -0.0783242 -0.996928 0
    outer loop
      vertex -24.6336 -36.3109 800
      vertex -24.2683 -36.3396 835
      vertex -24.6336 -36.3109 835
    endloop
  endfacet
  facet normal -0.0783242 -0.996928 -0
    outer loop
      vertex -24.2683 -36.3396 835
      vertex -24.6336 -36.3109 800
      vertex -24.2683 -36.3396 800
    endloop
  endfacet
  facet normal -0.382794 -0.923834 0
    outer loop
      vertex -22.4914 -36.7662 800
      vertex -22.1528 -36.9065 835
      vertex -22.4914 -36.7662 835
    endloop
  endfacet
  facet normal -0.382794 -0.923834 -0
    outer loop
      vertex -22.1528 -36.9065 835
      vertex -22.4914 -36.7662 800
      vertex -22.1528 -36.9065 800
    endloop
  endfacet
  facet normal -0.85264 -0.522498 0
    outer loop
      vertex -18.9378 -39.8013 800
      vertex -19.1293 -39.4888 835
      vertex -19.1293 -39.4888 800
    endloop
  endfacet
  facet normal -0.85264 -0.522498 0
    outer loop
      vertex -19.1293 -39.4888 835
      vertex -18.9378 -39.8013 800
      vertex -18.9378 -39.8013 835
    endloop
  endfacet
  facet normal 0.522498 -0.85264 0
    outer loop
      vertex -28.8125 -37.4306 800
      vertex -28.5 -37.2391 835
      vertex -28.8125 -37.4306 835
    endloop
  endfacet
  facet normal 0.522498 -0.85264 0
    outer loop
      vertex -28.5 -37.2391 835
      vertex -28.8125 -37.4306 800
      vertex -28.5 -37.2391 800
    endloop
  endfacet
  facet normal 0.983253 0.182246 0
    outer loop
      vertex -31.847 -44.7567 835
      vertex -31.9138 -44.3963 800
      vertex -31.9138 -44.3963 835
    endloop
  endfacet
  facet normal 0.983253 0.182246 0
    outer loop
      vertex -31.9138 -44.3963 800
      vertex -31.847 -44.7567 835
      vertex -31.847 -44.7567 800
    endloop
  endfacet
  facet normal 0.999657 0.026199 0
    outer loop
      vertex -31.9904 -43.6676 835
      vertex -32 -43.3013 800
      vertex -32 -43.3013 835
    endloop
  endfacet
  facet normal 0.999657 0.026199 0
    outer loop
      vertex -32 -43.3013 800
      vertex -31.9904 -43.6676 835
      vertex -31.9904 -43.6676 800
    endloop
  endfacet
  facet normal 0.284042 0.958812 -0
    outer loop
      vertex -26.8117 -50.0628 800
      vertex -27.1631 -49.9587 835
      vertex -26.8117 -50.0628 835
    endloop
  endfacet
  facet normal 0.284042 0.958812 0
    outer loop
      vertex -27.1631 -49.9587 835
      vertex -26.8117 -50.0628 800
      vertex -27.1631 -49.9587 800
    endloop
  endfacet
  facet normal -0.522498 -0.85264 0
    outer loop
      vertex -21.5 -37.2391 800
      vertex -21.1875 -37.4306 835
      vertex -21.5 -37.2391 835
    endloop
  endfacet
  facet normal -0.522498 -0.85264 -0
    outer loop
      vertex -21.1875 -37.4306 835
      vertex -21.5 -37.2391 800
      vertex -21.1875 -37.4306 800
    endloop
  endfacet
  facet normal -0.477188 0.878801 0
    outer loop
      vertex -21.5 -49.3634 800
      vertex -21.8221 -49.5383 835
      vertex -21.5 -49.3634 835
    endloop
  endfacet
  facet normal -0.477188 0.878801 0
    outer loop
      vertex -21.8221 -49.5383 835
      vertex -21.5 -49.3634 800
      vertex -21.8221 -49.5383 800
    endloop
  endfacet
  facet normal 0.923834 -0.382794 0
    outer loop
      vertex -31.5351 -40.7927 835
      vertex -31.3948 -40.4541 800
      vertex -31.3948 -40.4541 835
    endloop
  endfacet
  facet normal 0.923834 -0.382794 0
    outer loop
      vertex -31.3948 -40.4541 800
      vertex -31.5351 -40.7927 835
      vertex -31.5351 -40.7927 800
    endloop
  endfacet
  facet normal 0.85264 -0.522498 0
    outer loop
      vertex -31.0622 -39.8013 835
      vertex -30.8707 -39.4888 800
      vertex -30.8707 -39.4888 835
    endloop
  endfacet
  facet normal 0.85264 -0.522498 0
    outer loop
      vertex -30.8707 -39.4888 800
      vertex -31.0622 -39.8013 835
      vertex -31.0622 -39.8013 800
    endloop
  endfacet
  facet normal -0.566482 0.824074 0
    outer loop
      vertex -20.8855 -48.9644 800
      vertex -21.1875 -49.172 835
      vertex -20.8855 -48.9644 835
    endloop
  endfacet
  facet normal -0.566482 0.824074 0
    outer loop
      vertex -21.1875 -49.172 835
      vertex -20.8855 -48.9644 800
      vertex -21.1875 -49.172 800
    endloop
  endfacet
  facet normal -0.130716 -0.99142 0
    outer loop
      vertex -24.2683 -36.3396 800
      vertex -23.905 -36.3875 835
      vertex -24.2683 -36.3396 835
    endloop
  endfacet
  facet normal -0.130716 -0.99142 -0
    outer loop
      vertex -23.905 -36.3875 835
      vertex -24.2683 -36.3396 800
      vertex -23.905 -36.3875 800
    endloop
  endfacet
  facet normal 0.382794 -0.923834 0
    outer loop
      vertex -27.8472 -36.9065 800
      vertex -27.5086 -36.7662 835
      vertex -27.8472 -36.9065 835
    endloop
  endfacet
  facet normal 0.382794 -0.923834 0
    outer loop
      vertex -27.5086 -36.7662 835
      vertex -27.8472 -36.9065 800
      vertex -27.5086 -36.7662 800
    endloop
  endfacet
  facet normal -0.0261919 0.999657 0
    outer loop
      vertex -24.6336 -50.2917 800
      vertex -25 -50.3013 835
      vertex -24.6336 -50.2917 835
    endloop
  endfacet
  facet normal -0.0261919 0.999657 0
    outer loop
      vertex -25 -50.3013 835
      vertex -24.6336 -50.2917 800
      vertex -25 -50.3013 800
    endloop
  endfacet
  facet normal -0.181982 -0.983302 0
    outer loop
      vertex -23.905 -36.3875 800
      vertex -23.5446 -36.4542 835
      vertex -23.905 -36.3875 835
    endloop
  endfacet
  facet normal -0.181982 -0.983302 -0
    outer loop
      vertex -23.5446 -36.4542 835
      vertex -23.905 -36.3875 800
      vertex -23.5446 -36.4542 800
    endloop
  endfacet
  facet normal -0.999657 0.026199 0
    outer loop
      vertex -18.0096 -43.6676 800
      vertex -18 -43.3013 835
      vertex -18 -43.3013 800
    endloop
  endfacet
  facet normal -0.999657 0.026199 0
    outer loop
      vertex -18 -43.3013 835
      vertex -18.0096 -43.6676 800
      vertex -18.0096 -43.6676 835
    endloop
  endfacet
  facet normal -0.649555 -0.760315 0
    outer loop
      vertex -20.5948 -37.8612 800
      vertex -20.3161 -38.0993 835
      vertex -20.5948 -37.8612 835
    endloop
  endfacet
  facet normal -0.649555 -0.760315 -0
    outer loop
      vertex -20.3161 -38.0993 835
      vertex -20.5948 -37.8612 800
      vertex -20.3161 -38.0993 800
    endloop
  endfacet
  facet normal 0.233342 0.972395 -0
    outer loop
      vertex -26.4554 -50.1483 800
      vertex -26.8117 -50.0628 835
      vertex -26.4554 -50.1483 835
    endloop
  endfacet
  facet normal 0.233342 0.972395 0
    outer loop
      vertex -26.8117 -50.0628 835
      vertex -26.4554 -50.1483 800
      vertex -26.8117 -50.0628 800
    endloop
  endfacet
  facet normal 0.430654 0.902517 -0
    outer loop
      vertex -27.8472 -49.6961 800
      vertex -28.1779 -49.5383 835
      vertex -27.8472 -49.6961 835
    endloop
  endfacet
  facet normal 0.430654 0.902517 0
    outer loop
      vertex -28.1779 -49.5383 835
      vertex -27.8472 -49.6961 800
      vertex -28.1779 -49.5383 800
    endloop
  endfacet
  facet normal -0.793303 0.608827 0
    outer loop
      vertex -19.56 -47.7065 800
      vertex -19.3369 -47.4158 835
      vertex -19.3369 -47.4158 800
    endloop
  endfacet
  facet normal -0.793303 0.608827 0
    outer loop
      vertex -19.3369 -47.4158 835
      vertex -19.56 -47.7065 800
      vertex -19.56 -47.7065 835
    endloop
  endfacet
  facet normal 0.130716 -0.99142 0
    outer loop
      vertex -26.095 -36.3875 800
      vertex -25.7317 -36.3396 835
      vertex -26.095 -36.3875 835
    endloop
  endfacet
  facet normal 0.130716 -0.99142 0
    outer loop
      vertex -25.7317 -36.3396 835
      vertex -26.095 -36.3875 800
      vertex -25.7317 -36.3396 800
    endloop
  endfacet
  facet normal 0.0785954 0.996907 -0
    outer loop
      vertex -25.3664 -50.2917 800
      vertex -25.7317 -50.2629 835
      vertex -25.3664 -50.2917 835
    endloop
  endfacet
  facet normal 0.0785954 0.996907 0
    outer loop
      vertex -25.7317 -50.2629 835
      vertex -25.3664 -50.2917 800
      vertex -25.7317 -50.2629 800
    endloop
  endfacet
  facet normal 0.852566 0.52262 0
    outer loop
      vertex -30.8707 -47.1137 835
      vertex -31.0622 -46.8013 800
      vertex -31.0622 -46.8013 835
    endloop
  endfacet
  facet normal 0.852566 0.52262 0
    outer loop
      vertex -31.0622 -46.8013 800
      vertex -30.8707 -47.1137 835
      vertex -30.8707 -47.1137 800
    endloop
  endfacet
  facet normal 0.902568 -0.430548 0
    outer loop
      vertex -31.3948 -40.4541 835
      vertex -31.237 -40.1233 800
      vertex -31.237 -40.1233 835
    endloop
  endfacet
  facet normal 0.902568 -0.430548 0
    outer loop
      vertex -31.237 -40.1233 800
      vertex -31.3948 -40.4541 835
      vertex -31.3948 -40.4541 800
    endloop
  endfacet
  facet normal -0.430654 0.902517 0
    outer loop
      vertex -21.8221 -49.5383 800
      vertex -22.1528 -49.6961 835
      vertex -21.8221 -49.5383 835
    endloop
  endfacet
  facet normal -0.430654 0.902517 0
    outer loop
      vertex -22.1528 -49.6961 835
      vertex -21.8221 -49.5383 800
      vertex -22.1528 -49.6961 800
    endloop
  endfacet
  facet normal 0.942652 0.333776 0
    outer loop
      vertex -31.5351 -45.8098 835
      vertex -31.6574 -45.4644 800
      vertex -31.6574 -45.4644 835
    endloop
  endfacet
  facet normal 0.942652 0.333776 0
    outer loop
      vertex -31.6574 -45.4644 800
      vertex -31.5351 -45.8098 835
      vertex -31.5351 -45.8098 800
    endloop
  endfacet
  facet normal -0.793404 -0.608695 0
    outer loop
      vertex -19.3369 -39.1868 800
      vertex -19.56 -38.896 835
      vertex -19.56 -38.896 800
    endloop
  endfacet
  facet normal -0.793404 -0.608695 0
    outer loop
      vertex -19.56 -38.896 835
      vertex -19.3369 -39.1868 800
      vertex -19.3369 -39.1868 835
    endloop
  endfacet
  facet normal -0.2336 -0.972333 0
    outer loop
      vertex -23.5446 -36.4542 800
      vertex -23.1883 -36.5398 835
      vertex -23.5446 -36.4542 835
    endloop
  endfacet
  facet normal -0.2336 -0.972333 -0
    outer loop
      vertex -23.1883 -36.5398 835
      vertex -23.5446 -36.4542 800
      vertex -23.1883 -36.5398 800
    endloop
  endfacet
  facet normal 0.333691 -0.942683 0
    outer loop
      vertex -27.5086 -36.7662 800
      vertex -27.1631 -36.6439 835
      vertex -27.5086 -36.7662 835
    endloop
  endfacet
  facet normal 0.333691 -0.942683 0
    outer loop
      vertex -27.1631 -36.6439 835
      vertex -27.5086 -36.7662 800
      vertex -27.1631 -36.6439 800
    endloop
  endfacet
  facet normal -0.958812 0.284042 0
    outer loop
      vertex -18.3426 -45.4644 800
      vertex -18.2385 -45.113 835
      vertex -18.2385 -45.113 800
    endloop
  endfacet
  facet normal -0.958812 0.284042 0
    outer loop
      vertex -18.2385 -45.113 835
      vertex -18.3426 -45.4644 800
      vertex -18.3426 -45.4644 835
    endloop
  endfacet
  facet normal -0.688305 -0.725422 0
    outer loop
      vertex -20.3161 -38.0993 800
      vertex -20.0503 -38.3515 835
      vertex -20.3161 -38.0993 835
    endloop
  endfacet
  facet normal -0.688305 -0.725422 -0
    outer loop
      vertex -20.0503 -38.3515 835
      vertex -20.3161 -38.0993 800
      vertex -20.0503 -38.3515 800
    endloop
  endfacet
  facet normal -0.608827 0.793303 0
    outer loop
      vertex -20.5948 -48.7413 800
      vertex -20.8855 -48.9644 835
      vertex -20.5948 -48.7413 835
    endloop
  endfacet
  facet normal -0.608827 0.793303 0
    outer loop
      vertex -20.8855 -48.9644 835
      vertex -20.5948 -48.7413 800
      vertex -20.8855 -48.9644 800
    endloop
  endfacet
  facet normal 0.608827 0.793303 -0
    outer loop
      vertex -29.1145 -48.9644 800
      vertex -29.4052 -48.7413 835
      vertex -29.1145 -48.9644 835
    endloop
  endfacet
  facet normal 0.608827 0.793303 0
    outer loop
      vertex -29.4052 -48.7413 835
      vertex -29.1145 -48.9644 800
      vertex -29.4052 -48.7413 800
    endloop
  endfacet
  facet normal -0.99693 0.0783029 0
    outer loop
      vertex -18.0383 -44.033 800
      vertex -18.0096 -43.6676 835
      vertex -18.0096 -43.6676 800
    endloop
  endfacet
  facet normal -0.99693 0.0783029 0
    outer loop
      vertex -18.0096 -43.6676 835
      vertex -18.0383 -44.033 800
      vertex -18.0383 -44.033 835
    endloop
  endfacet
  facet normal 0.0261919 0.999657 -0
    outer loop
      vertex -25 -50.3013 800
      vertex -25.3664 -50.2917 835
      vertex -25 -50.3013 835
    endloop
  endfacet
  facet normal 0.0261919 0.999657 0
    outer loop
      vertex -25.3664 -50.2917 835
      vertex -25 -50.3013 800
      vertex -25.3664 -50.2917 800
    endloop
  endfacet
  facet normal 0.333933 0.942597 -0
    outer loop
      vertex -27.1631 -49.9587 800
      vertex -27.5086 -49.8363 835
      vertex -27.1631 -49.9587 835
    endloop
  endfacet
  facet normal 0.333933 0.942597 0
    outer loop
      vertex -27.5086 -49.8363 835
      vertex -27.1631 -49.9587 800
      vertex -27.5086 -49.8363 800
    endloop
  endfacet
  facet normal -0.725415 -0.688312 0
    outer loop
      vertex -19.798 -38.6174 800
      vertex -20.0503 -38.3515 835
      vertex -20.0503 -38.3515 800
    endloop
  endfacet
  facet normal -0.725415 -0.688312 0
    outer loop
      vertex -20.0503 -38.3515 835
      vertex -19.798 -38.6174 800
      vertex -19.798 -38.6174 835
    endloop
  endfacet
  facet normal -0.983244 -0.182294 0
    outer loop
      vertex -18.0862 -42.2062 800
      vertex -18.153 -41.8459 835
      vertex -18.153 -41.8459 800
    endloop
  endfacet
  facet normal -0.983244 -0.182294 0
    outer loop
      vertex -18.153 -41.8459 835
      vertex -18.0862 -42.2062 800
      vertex -18.0862 -42.2062 835
    endloop
  endfacet
  facet normal 0.649397 0.760449 -0
    outer loop
      vertex -29.4052 -48.7413 800
      vertex -29.6839 -48.5033 835
      vertex -29.4052 -48.7413 835
    endloop
  endfacet
  facet normal 0.649397 0.760449 0
    outer loop
      vertex -29.6839 -48.5033 835
      vertex -29.4052 -48.7413 800
      vertex -29.6839 -48.5033 800
    endloop
  endfacet
  facet normal 0.688448 0.725286 -0
    outer loop
      vertex -29.6839 -48.5033 800
      vertex -29.9497 -48.251 835
      vertex -29.6839 -48.5033 835
    endloop
  endfacet
  facet normal 0.688448 0.725286 0
    outer loop
      vertex -29.9497 -48.251 835
      vertex -29.6839 -48.5033 800
      vertex -29.9497 -48.251 800
    endloop
  endfacet
  facet normal -0.5223 0.852762 0
    outer loop
      vertex -21.1875 -49.172 800
      vertex -21.5 -49.3634 835
      vertex -21.1875 -49.172 835
    endloop
  endfacet
  facet normal -0.5223 0.852762 0
    outer loop
      vertex -21.5 -49.3634 835
      vertex -21.1875 -49.172 800
      vertex -21.5 -49.3634 800
    endloop
  endfacet
  facet normal 0.0783242 -0.996928 0
    outer loop
      vertex -25.7317 -36.3396 800
      vertex -25.3664 -36.3109 835
      vertex -25.7317 -36.3396 835
    endloop
  endfacet
  facet normal 0.0783242 -0.996928 0
    outer loop
      vertex -25.3664 -36.3109 835
      vertex -25.7317 -36.3396 800
      vertex -25.3664 -36.3109 800
    endloop
  endfacet
  facet normal -0.972395 0.233342 0
    outer loop
      vertex -18.2385 -45.113 800
      vertex -18.153 -44.7567 835
      vertex -18.153 -44.7567 800
    endloop
  endfacet
  facet normal -0.972395 0.233342 0
    outer loop
      vertex -18.153 -44.7567 835
      vertex -18.2385 -45.113 800
      vertex -18.2385 -45.113 835
    endloop
  endfacet
  facet normal -0.983253 0.182246 0
    outer loop
      vertex -18.153 -44.7567 800
      vertex -18.0862 -44.3963 835
      vertex -18.0862 -44.3963 800
    endloop
  endfacet
  facet normal -0.983253 0.182246 0
    outer loop
      vertex -18.0862 -44.3963 835
      vertex -18.153 -44.7567 800
      vertex -18.153 -44.7567 835
    endloop
  endfacet
  facet normal -0.824074 -0.566482 0
    outer loop
      vertex -19.1293 -39.4888 800
      vertex -19.3369 -39.1868 835
      vertex -19.3369 -39.1868 800
    endloop
  endfacet
  facet normal -0.824074 -0.566482 0
    outer loop
      vertex -19.3369 -39.1868 835
      vertex -19.1293 -39.4888 800
      vertex -19.1293 -39.4888 835
    endloop
  endfacet
  facet normal -0.95879 -0.284116 0
    outer loop
      vertex -18.2385 -41.4895 800
      vertex -18.3426 -41.1382 835
      vertex -18.3426 -41.1382 800
    endloop
  endfacet
  facet normal -0.95879 -0.284116 0
    outer loop
      vertex -18.3426 -41.1382 835
      vertex -18.2385 -41.4895 800
      vertex -18.2385 -41.4895 835
    endloop
  endfacet
  facet normal -0.333933 0.942597 0
    outer loop
      vertex -22.4914 -49.8363 800
      vertex -22.8369 -49.9587 835
      vertex -22.4914 -49.8363 835
    endloop
  endfacet
  facet normal -0.333933 0.942597 0
    outer loop
      vertex -22.8369 -49.9587 835
      vertex -22.4914 -49.8363 800
      vertex -22.8369 -49.9587 800
    endloop
  endfacet
  facet normal -0.284042 0.958812 0
    outer loop
      vertex -22.8369 -49.9587 800
      vertex -23.1883 -50.0628 835
      vertex -22.8369 -49.9587 835
    endloop
  endfacet
  facet normal -0.284042 0.958812 0
    outer loop
      vertex -23.1883 -50.0628 835
      vertex -22.8369 -49.9587 800
      vertex -23.1883 -50.0628 800
    endloop
  endfacet
  facet normal -0.333691 -0.942683 0
    outer loop
      vertex -22.8369 -36.6439 800
      vertex -22.4914 -36.7662 835
      vertex -22.8369 -36.6439 835
    endloop
  endfacet
  facet normal -0.333691 -0.942683 -0
    outer loop
      vertex -22.4914 -36.7662 835
      vertex -22.8369 -36.6439 800
      vertex -22.4914 -36.7662 800
    endloop
  endfacet
  facet normal -0.130447 0.991455 0
    outer loop
      vertex -23.905 -50.2151 800
      vertex -24.2683 -50.2629 835
      vertex -23.905 -50.2151 835
    endloop
  endfacet
  facet normal -0.130447 0.991455 0
    outer loop
      vertex -24.2683 -50.2629 835
      vertex -23.905 -50.2151 800
      vertex -24.2683 -50.2629 800
    endloop
  endfacet
  facet normal -0.97241 -0.23328 0
    outer loop
      vertex -18.153 -41.8459 800
      vertex -18.2385 -41.4895 835
      vertex -18.2385 -41.4895 800
    endloop
  endfacet
  facet normal -0.97241 -0.23328 0
    outer loop
      vertex -18.2385 -41.4895 835
      vertex -18.153 -41.8459 800
      vertex -18.153 -41.8459 835
    endloop
  endfacet
  facet normal 0.902568 0.430548 0
    outer loop
      vertex -31.237 -46.4792 835
      vertex -31.3948 -46.1484 800
      vertex -31.3948 -46.1484 835
    endloop
  endfacet
  facet normal 0.902568 0.430548 0
    outer loop
      vertex -31.3948 -46.1484 800
      vertex -31.237 -46.4792 835
      vertex -31.237 -46.4792 800
    endloop
  endfacet
  facet normal 0.942683 -0.333691 0
    outer loop
      vertex -31.6574 -41.1382 835
      vertex -31.5351 -40.7927 800
      vertex -31.5351 -40.7927 835
    endloop
  endfacet
  facet normal 0.942683 -0.333691 0
    outer loop
      vertex -31.5351 -40.7927 800
      vertex -31.6574 -41.1382 835
      vertex -31.6574 -41.1382 800
    endloop
  endfacet
  facet normal 0.95879 -0.284116 0
    outer loop
      vertex -31.7615 -41.4895 835
      vertex -31.6574 -41.1382 800
      vertex -31.6574 -41.1382 835
    endloop
  endfacet
  facet normal 0.95879 -0.284116 0
    outer loop
      vertex -31.6574 -41.1382 800
      vertex -31.7615 -41.4895 835
      vertex -31.7615 -41.4895 800
    endloop
  endfacet
  facet normal -0.760334 -0.649532 0
    outer loop
      vertex -19.56 -38.896 800
      vertex -19.798 -38.6174 835
      vertex -19.798 -38.6174 800
    endloop
  endfacet
  facet normal -0.760334 -0.649532 0
    outer loop
      vertex -19.798 -38.6174 835
      vertex -19.56 -38.896 800
      vertex -19.56 -38.896 835
    endloop
  endfacet
  facet normal 0.284042 -0.958812 0
    outer loop
      vertex -27.1631 -36.6439 800
      vertex -26.8117 -36.5398 835
      vertex -27.1631 -36.6439 835
    endloop
  endfacet
  facet normal 0.284042 -0.958812 0
    outer loop
      vertex -26.8117 -36.5398 835
      vertex -27.1631 -36.6439 800
      vertex -26.8117 -36.5398 800
    endloop
  endfacet
  facet normal -0.649397 0.760449 0
    outer loop
      vertex -20.3161 -48.5033 800
      vertex -20.5948 -48.7413 835
      vertex -20.3161 -48.5033 835
    endloop
  endfacet
  facet normal -0.649397 0.760449 0
    outer loop
      vertex -20.5948 -48.7413 835
      vertex -20.3161 -48.5033 800
      vertex -20.5948 -48.7413 800
    endloop
  endfacet
  facet normal -0.878916 0.476977 0
    outer loop
      vertex -18.9378 -46.8013 800
      vertex -18.763 -46.4792 835
      vertex -18.763 -46.4792 800
    endloop
  endfacet
  facet normal -0.878916 0.476977 0
    outer loop
      vertex -18.763 -46.4792 835
      vertex -18.9378 -46.8013 800
      vertex -18.9378 -46.8013 835
    endloop
  endfacet
  facet normal 0.430431 -0.902623 0
    outer loop
      vertex -28.1779 -37.0642 800
      vertex -27.8472 -36.9065 835
      vertex -28.1779 -37.0642 835
    endloop
  endfacet
  facet normal 0.430431 -0.902623 0
    outer loop
      vertex -27.8472 -36.9065 835
      vertex -28.1779 -37.0642 800
      vertex -27.8472 -36.9065 800
    endloop
  endfacet
  facet normal -0.430431 -0.902623 0
    outer loop
      vertex -22.1528 -36.9065 800
      vertex -21.8221 -37.0642 835
      vertex -22.1528 -36.9065 835
    endloop
  endfacet
  facet normal -0.430431 -0.902623 -0
    outer loop
      vertex -21.8221 -37.0642 835
      vertex -22.1528 -36.9065 800
      vertex -21.8221 -37.0642 800
    endloop
  endfacet
  facet normal 0.181982 -0.983302 0
    outer loop
      vertex -26.4554 -36.4542 800
      vertex -26.095 -36.3875 835
      vertex -26.4554 -36.4542 835
    endloop
  endfacet
  facet normal 0.181982 -0.983302 0
    outer loop
      vertex -26.095 -36.3875 835
      vertex -26.4554 -36.4542 800
      vertex -26.095 -36.3875 800
    endloop
  endfacet
  facet normal 0.5223 0.852762 -0
    outer loop
      vertex -28.5 -49.3634 800
      vertex -28.8125 -49.172 835
      vertex -28.5 -49.3634 835
    endloop
  endfacet
  facet normal 0.5223 0.852762 0
    outer loop
      vertex -28.8125 -49.172 835
      vertex -28.5 -49.3634 800
      vertex -28.8125 -49.172 800
    endloop
  endfacet
  facet normal 0.972395 0.233342 0
    outer loop
      vertex -31.7615 -45.113 835
      vertex -31.847 -44.7567 800
      vertex -31.847 -44.7567 835
    endloop
  endfacet
  facet normal 0.972395 0.233342 0
    outer loop
      vertex -31.847 -44.7567 800
      vertex -31.7615 -45.113 835
      vertex -31.7615 -45.113 800
    endloop
  endfacet
  facet normal 0.649555 -0.760315 0
    outer loop
      vertex -29.6839 -38.0993 800
      vertex -29.4052 -37.8612 835
      vertex -29.6839 -38.0993 835
    endloop
  endfacet
  facet normal 0.649555 -0.760315 0
    outer loop
      vertex -29.4052 -37.8612 835
      vertex -29.6839 -38.0993 800
      vertex -29.4052 -37.8612 800
    endloop
  endfacet
  facet normal -0.182246 0.983253 0
    outer loop
      vertex -23.5446 -50.1483 800
      vertex -23.905 -50.2151 835
      vertex -23.5446 -50.1483 835
    endloop
  endfacet
  facet normal -0.182246 0.983253 0
    outer loop
      vertex -23.905 -50.2151 835
      vertex -23.5446 -50.1483 800
      vertex -23.905 -50.2151 800
    endloop
  endfacet
  facet normal 0.182246 0.983253 -0
    outer loop
      vertex -26.095 -50.2151 800
      vertex -26.4554 -50.1483 835
      vertex -26.095 -50.2151 835
    endloop
  endfacet
  facet normal 0.182246 0.983253 0
    outer loop
      vertex -26.4554 -50.1483 835
      vertex -26.095 -50.2151 800
      vertex -26.4554 -50.1483 800
    endloop
  endfacet
  facet normal -0.902568 -0.430548 0
    outer loop
      vertex -18.6052 -40.4541 800
      vertex -18.763 -40.1233 835
      vertex -18.763 -40.1233 800
    endloop
  endfacet
  facet normal -0.902568 -0.430548 0
    outer loop
      vertex -18.763 -40.1233 835
      vertex -18.6052 -40.4541 800
      vertex -18.6052 -40.4541 835
    endloop
  endfacet
  facet normal -0.923834 -0.382794 0
    outer loop
      vertex -18.4649 -40.7927 800
      vertex -18.6052 -40.4541 835
      vertex -18.6052 -40.4541 800
    endloop
  endfacet
  facet normal -0.923834 -0.382794 0
    outer loop
      vertex -18.6052 -40.4541 835
      vertex -18.4649 -40.7927 800
      vertex -18.4649 -40.7927 835
    endloop
  endfacet
  facet normal 0.760334 -0.649532 0
    outer loop
      vertex -30.44 -38.896 835
      vertex -30.202 -38.6174 800
      vertex -30.202 -38.6174 835
    endloop
  endfacet
  facet normal 0.760334 -0.649532 0
    outer loop
      vertex -30.202 -38.6174 800
      vertex -30.44 -38.896 835
      vertex -30.44 -38.896 800
    endloop
  endfacet
  facet normal 0.958812 0.284042 0
    outer loop
      vertex -31.6574 -45.4644 835
      vertex -31.7615 -45.113 800
      vertex -31.7615 -45.113 835
    endloop
  endfacet
  facet normal 0.958812 0.284042 0
    outer loop
      vertex -31.7615 -45.113 800
      vertex -31.6574 -45.4644 835
      vertex -31.6574 -45.4644 800
    endloop
  endfacet
  facet normal -0.824161 0.566355 0
    outer loop
      vertex -19.3369 -47.4158 800
      vertex -19.1293 -47.1137 835
      vertex -19.1293 -47.1137 800
    endloop
  endfacet
  facet normal -0.824161 0.566355 0
    outer loop
      vertex -19.1293 -47.1137 835
      vertex -19.3369 -47.4158 800
      vertex -19.3369 -47.4158 835
    endloop
  endfacet
  facet normal 0.566482 -0.824074 0
    outer loop
      vertex -29.1145 -37.6382 800
      vertex -28.8125 -37.4306 835
      vertex -29.1145 -37.6382 835
    endloop
  endfacet
  facet normal 0.566482 -0.824074 0
    outer loop
      vertex -28.8125 -37.4306 835
      vertex -29.1145 -37.6382 800
      vertex -28.8125 -37.4306 800
    endloop
  endfacet
  facet normal -0.991425 -0.13068 0
    outer loop
      vertex -18.0383 -42.5696 800
      vertex -18.0862 -42.2062 835
      vertex -18.0862 -42.2062 800
    endloop
  endfacet
  facet normal -0.991425 -0.13068 0
    outer loop
      vertex -18.0862 -42.2062 835
      vertex -18.0383 -42.5696 800
      vertex -18.0383 -42.5696 835
    endloop
  endfacet
  facet normal -0.996928 -0.0783242 0
    outer loop
      vertex -18.0096 -42.9349 800
      vertex -18.0383 -42.5696 835
      vertex -18.0383 -42.5696 800
    endloop
  endfacet
  facet normal -0.996928 -0.0783242 0
    outer loop
      vertex -18.0383 -42.5696 835
      vertex -18.0096 -42.9349 800
      vertex -18.0096 -42.9349 835
    endloop
  endfacet
  facet normal -0.878853 -0.477092 0
    outer loop
      vertex -18.763 -40.1233 800
      vertex -18.9378 -39.8013 835
      vertex -18.9378 -39.8013 800
    endloop
  endfacet
  facet normal -0.878853 -0.477092 0
    outer loop
      vertex -18.9378 -39.8013 835
      vertex -18.763 -40.1233 800
      vertex -18.763 -40.1233 835
    endloop
  endfacet
  facet normal 0.477188 -0.878801 0
    outer loop
      vertex -28.5 -37.2391 800
      vertex -28.1779 -37.0642 835
      vertex -28.5 -37.2391 835
    endloop
  endfacet
  facet normal 0.477188 -0.878801 0
    outer loop
      vertex -28.1779 -37.0642 835
      vertex -28.5 -37.2391 800
      vertex -28.1779 -37.0642 800
    endloop
  endfacet
  facet normal -0.608655 -0.793435 0
    outer loop
      vertex -20.8855 -37.6382 800
      vertex -20.5948 -37.8612 835
      vertex -20.8855 -37.6382 835
    endloop
  endfacet
  facet normal -0.608655 -0.793435 -0
    outer loop
      vertex -20.5948 -37.8612 835
      vertex -20.8855 -37.6382 800
      vertex -20.5948 -37.8612 800
    endloop
  endfacet
  facet normal -0.0261919 -0.999657 0
    outer loop
      vertex -25 -36.3013 800
      vertex -24.6336 -36.3109 835
      vertex -25 -36.3013 835
    endloop
  endfacet
  facet normal -0.0261919 -0.999657 -0
    outer loop
      vertex -24.6336 -36.3109 835
      vertex -25 -36.3013 800
      vertex -24.6336 -36.3109 800
    endloop
  endfacet
  facet normal 0.0261919 -0.999657 0
    outer loop
      vertex -25.3664 -36.3109 800
      vertex -25 -36.3013 835
      vertex -25.3664 -36.3109 835
    endloop
  endfacet
  facet normal 0.0261919 -0.999657 0
    outer loop
      vertex -25 -36.3013 835
      vertex -25.3664 -36.3109 800
      vertex -25 -36.3013 800
    endloop
  endfacet
  facet normal 0.991425 -0.13068 0
    outer loop
      vertex -31.9617 -42.5696 835
      vertex -31.9138 -42.2062 800
      vertex -31.9138 -42.2062 835
    endloop
  endfacet
  facet normal 0.991425 -0.13068 0
    outer loop
      vertex -31.9138 -42.2062 800
      vertex -31.9617 -42.5696 835
      vertex -31.9617 -42.5696 800
    endloop
  endfacet
  facet normal -0.688448 0.725286 0
    outer loop
      vertex -20.0503 -48.251 800
      vertex -20.3161 -48.5033 835
      vertex -20.0503 -48.251 835
    endloop
  endfacet
  facet normal -0.688448 0.725286 0
    outer loop
      vertex -20.3161 -48.5033 835
      vertex -20.0503 -48.251 800
      vertex -20.3161 -48.5033 800
    endloop
  endfacet
  facet normal -0.284042 -0.958812 0
    outer loop
      vertex -23.1883 -36.5398 800
      vertex -22.8369 -36.6439 835
      vertex -23.1883 -36.5398 835
    endloop
  endfacet
  facet normal -0.284042 -0.958812 -0
    outer loop
      vertex -22.8369 -36.6439 835
      vertex -23.1883 -36.5398 800
      vertex -22.8369 -36.6439 800
    endloop
  endfacet
  facet normal 0.725415 -0.688312 0
    outer loop
      vertex -30.202 -38.6174 835
      vertex -29.9497 -38.3515 800
      vertex -29.9497 -38.3515 835
    endloop
  endfacet
  facet normal 0.725415 -0.688312 0
    outer loop
      vertex -29.9497 -38.3515 800
      vertex -30.202 -38.6174 835
      vertex -30.202 -38.6174 800
    endloop
  endfacet
  facet normal 0.99142 0.130716 0
    outer loop
      vertex -31.9138 -44.3963 835
      vertex -31.9617 -44.033 800
      vertex -31.9617 -44.033 835
    endloop
  endfacet
  facet normal 0.99142 0.130716 0
    outer loop
      vertex -31.9617 -44.033 800
      vertex -31.9138 -44.3963 835
      vertex -31.9138 -44.3963 800
    endloop
  endfacet
  facet normal 0.996916 0.0784719 0
    outer loop
      vertex 99.5634 5.21789 835
      vertex 99.1538 10.4215 800
      vertex 99.1538 10.4215 835
    endloop
  endfacet
  facet normal 0.996916 0.0784719 0
    outer loop
      vertex 99.1538 10.4215 800
      vertex 99.5634 5.21789 835
      vertex 99.5634 5.21789 800
    endloop
  endfacet
  facet normal 0.999658 0.0261702 0
    outer loop
      vertex 99.7 0 835
      vertex 99.5634 5.21789 800
      vertex 99.5634 5.21789 835
    endloop
  endfacet
  facet normal 0.999658 0.0261702 0
    outer loop
      vertex 99.5634 5.21789 800
      vertex 99.7 0 835
      vertex 99.7 0 800
    endloop
  endfacet
  facet normal 0.991445 0.130526 0
    outer loop
      vertex 99.1538 10.4215 835
      vertex 98.4725 15.5965 800
      vertex 98.4725 15.5965 835
    endloop
  endfacet
  facet normal 0.991445 0.130526 0
    outer loop
      vertex 98.4725 15.5965 800
      vertex 99.1538 10.4215 835
      vertex 99.1538 10.4215 800
    endloop
  endfacet
  facet normal 0.477175 0.878808 -0
    outer loop
      vertex 49.85 86.3427 800
      vertex 45.2629 88.8334 835
      vertex 49.85 86.3427 835
    endloop
  endfacet
  facet normal 0.477175 0.878808 0
    outer loop
      vertex 45.2629 88.8334 835
      vertex 49.85 86.3427 800
      vertex 45.2629 88.8334 800
    endloop
  endfacet
  facet normal -0.725371 -0.688358 0
    outer loop
      vertex -70.4985 -70.4985 800
      vertex -74.0915 -66.7123 835
      vertex -74.0915 -66.7123 800
    endloop
  endfacet
  facet normal -0.725371 -0.688358 0
    outer loop
      vertex -74.0915 -66.7123 835
      vertex -70.4985 -70.4985 800
      vertex -70.4985 -70.4985 835
    endloop
  endfacet
  facet normal -0.38269 0.923877 0
    outer loop
      vertex -35.7293 93.078 800
      vertex -40.5516 91.0805 835
      vertex -35.7293 93.078 835
    endloop
  endfacet
  facet normal -0.38269 0.923877 0
    outer loop
      vertex -40.5516 91.0805 835
      vertex -35.7293 93.078 800
      vertex -40.5516 91.0805 800
    endloop
  endfacet
  facet normal 0.878808 -0.477175 0
    outer loop
      vertex 86.3427 -49.85 835
      vertex 88.8334 -45.2629 800
      vertex 88.8334 -45.2629 835
    endloop
  endfacet
  facet normal 0.878808 -0.477175 0
    outer loop
      vertex 88.8334 -45.2629 800
      vertex 86.3427 -49.85 835
      vertex 86.3427 -49.85 800
    endloop
  endfacet
  facet normal -0.996916 0.0784719 0
    outer loop
      vertex -99.5634 5.21789 800
      vertex -99.1538 10.4215 835
      vertex -99.1538 10.4215 800
    endloop
  endfacet
  facet normal -0.996916 0.0784719 0
    outer loop
      vertex -99.1538 10.4215 835
      vertex -99.5634 5.21789 800
      vertex -99.5634 5.21789 835
    endloop
  endfacet
  facet normal 0.958818 0.284022 0
    outer loop
      vertex 96.3028 25.8043 835
      vertex 94.8203 30.809 800
      vertex 94.8203 30.809 835
    endloop
  endfacet
  facet normal 0.958818 0.284022 0
    outer loop
      vertex 94.8203 30.809 800
      vertex 96.3028 25.8043 835
      vertex 96.3028 25.8043 800
    endloop
  endfacet
  facet normal 0.430499 -0.902591 0
    outer loop
      vertex 40.5516 -91.0805 800
      vertex 45.2629 -88.8334 835
      vertex 40.5516 -91.0805 835
    endloop
  endfacet
  facet normal 0.430499 -0.902591 0
    outer loop
      vertex 45.2629 -88.8334 835
      vertex 40.5516 -91.0805 800
      vertex 45.2629 -88.8334 800
    endloop
  endfacet
  facet normal -0.38269 -0.923877 0
    outer loop
      vertex -40.5516 -91.0805 800
      vertex -35.7293 -93.078 835
      vertex -40.5516 -91.0805 835
    endloop
  endfacet
  facet normal -0.38269 -0.923877 -0
    outer loop
      vertex -35.7293 -93.078 835
      vertex -40.5516 -91.0805 800
      vertex -35.7293 -93.078 800
    endloop
  endfacet
  facet normal -0.996916 -0.0784719 0
    outer loop
      vertex -99.1538 -10.4215 800
      vertex -99.5634 -5.21789 835
      vertex -99.5634 -5.21789 800
    endloop
  endfacet
  facet normal -0.996916 -0.0784719 0
    outer loop
      vertex -99.5634 -5.21789 835
      vertex -99.1538 -10.4215 800
      vertex -99.1538 -10.4215 835
    endloop
  endfacet
  facet normal -0.649456 0.760399 0
    outer loop
      vertex -62.7432 77.4815 800
      vertex -66.7123 74.0915 835
      vertex -62.7432 77.4815 835
    endloop
  endfacet
  facet normal -0.649456 0.760399 0
    outer loop
      vertex -66.7123 74.0915 835
      vertex -62.7432 77.4815 800
      vertex -66.7123 74.0915 800
    endloop
  endfacet
  facet normal -0.824124 -0.566409 0
    outer loop
      vertex -80.659 -58.6022 800
      vertex -83.6155 -54.3005 835
      vertex -83.6155 -54.3005 800
    endloop
  endfacet
  facet normal -0.824124 -0.566409 0
    outer loop
      vertex -83.6155 -54.3005 835
      vertex -80.659 -58.6022 800
      vertex -80.659 -58.6022 835
    endloop
  endfacet
  facet normal 0.902591 -0.430499 0
    outer loop
      vertex 88.8334 -45.2629 835
      vertex 91.0805 -40.5516 800
      vertex 91.0805 -40.5516 835
    endloop
  endfacet
  facet normal 0.902591 -0.430499 0
    outer loop
      vertex 91.0805 -40.5516 800
      vertex 88.8334 -45.2629 835
      vertex 88.8334 -45.2629 800
    endloop
  endfacet
  facet normal 0.793353 0.608761 0
    outer loop
      vertex 80.659 58.6022 835
      vertex 77.4815 62.7432 800
      vertex 77.4815 62.7432 835
    endloop
  endfacet
  facet normal 0.793353 0.608761 0
    outer loop
      vertex 77.4815 62.7432 800
      vertex 80.659 58.6022 835
      vertex 80.659 58.6022 800
    endloop
  endfacet
  facet normal -0.182233 -0.983255 0
    outer loop
      vertex -20.7288 -97.5213 800
      vertex -15.5965 -98.4725 835
      vertex -20.7288 -97.5213 835
    endloop
  endfacet
  facet normal -0.182233 -0.983255 -0
    outer loop
      vertex -15.5965 -98.4725 835
      vertex -20.7288 -97.5213 800
      vertex -15.5965 -98.4725 800
    endloop
  endfacet
  facet normal -0.688358 0.725371 0
    outer loop
      vertex -66.7123 74.0915 800
      vertex -70.4985 70.4985 835
      vertex -66.7123 74.0915 835
    endloop
  endfacet
  facet normal -0.688358 0.725371 0
    outer loop
      vertex -70.4985 70.4985 835
      vertex -66.7123 74.0915 800
      vertex -70.4985 70.4985 800
    endloop
  endfacet
  facet normal 0.983255 0.182233 0
    outer loop
      vertex 98.4725 15.5965 835
      vertex 97.5213 20.7288 800
      vertex 97.5213 20.7288 835
    endloop
  endfacet
  facet normal 0.983255 0.182233 0
    outer loop
      vertex 97.5213 20.7288 800
      vertex 98.4725 15.5965 835
      vertex 98.4725 15.5965 800
    endloop
  endfacet
  facet normal 0.0261702 -0.999658 0
    outer loop
      vertex 0 -99.7 800
      vertex 5.21789 -99.5634 835
      vertex 0 -99.7 835
    endloop
  endfacet
  facet normal 0.0261702 -0.999658 0
    outer loop
      vertex 5.21789 -99.5634 835
      vertex 0 -99.7 800
      vertex 5.21789 -99.5634 800
    endloop
  endfacet
  facet normal -0.942646 -0.333795 0
    outer loop
      vertex -93.078 -35.7293 800
      vertex -94.8203 -30.809 835
      vertex -94.8203 -30.809 800
    endloop
  endfacet
  facet normal -0.942646 -0.333795 0
    outer loop
      vertex -94.8203 -30.809 835
      vertex -93.078 -35.7293 800
      vertex -93.078 -35.7293 835
    endloop
  endfacet
  facet normal 0.566409 -0.824124 0
    outer loop
      vertex 54.3005 -83.6155 800
      vertex 58.6022 -80.659 835
      vertex 54.3005 -83.6155 835
    endloop
  endfacet
  facet normal 0.566409 -0.824124 0
    outer loop
      vertex 58.6022 -80.659 835
      vertex 54.3005 -83.6155 800
      vertex 58.6022 -80.659 800
    endloop
  endfacet
  facet normal -0.999658 -0.0261702 0
    outer loop
      vertex -99.5634 -5.21789 800
      vertex -99.7 0 835
      vertex -99.7 0 800
    endloop
  endfacet
  facet normal -0.999658 -0.0261702 0
    outer loop
      vertex -99.7 0 835
      vertex -99.5634 -5.21789 800
      vertex -99.5634 -5.21789 835
    endloop
  endfacet
  facet normal -0.182233 0.983255 0
    outer loop
      vertex -15.5965 98.4725 800
      vertex -20.7288 97.5213 835
      vertex -15.5965 98.4725 835
    endloop
  endfacet
  facet normal -0.182233 0.983255 0
    outer loop
      vertex -20.7288 97.5213 835
      vertex -15.5965 98.4725 800
      vertex -20.7288 97.5213 800
    endloop
  endfacet
  facet normal 0.958818 -0.284022 0
    outer loop
      vertex 94.8203 -30.809 835
      vertex 96.3028 -25.8043 800
      vertex 96.3028 -25.8043 835
    endloop
  endfacet
  facet normal 0.958818 -0.284022 0
    outer loop
      vertex 96.3028 -25.8043 800
      vertex 94.8203 -30.809 835
      vertex 94.8203 -30.809 800
    endloop
  endfacet
  facet normal 0.902591 0.430499 0
    outer loop
      vertex 91.0805 40.5516 835
      vertex 88.8334 45.2629 800
      vertex 88.8334 45.2629 835
    endloop
  endfacet
  facet normal 0.902591 0.430499 0
    outer loop
      vertex 88.8334 45.2629 800
      vertex 91.0805 40.5516 835
      vertex 91.0805 40.5516 800
    endloop
  endfacet
  facet normal 0.852646 0.522489 0
    outer loop
      vertex 86.3427 49.85 835
      vertex 83.6155 54.3005 800
      vertex 83.6155 54.3005 835
    endloop
  endfacet
  facet normal 0.852646 0.522489 0
    outer loop
      vertex 83.6155 54.3005 800
      vertex 86.3427 49.85 835
      vertex 86.3427 49.85 800
    endloop
  endfacet
  facet normal 0.0784719 -0.996916 0
    outer loop
      vertex 5.21789 -99.5634 800
      vertex 10.4215 -99.1538 835
      vertex 5.21789 -99.5634 835
    endloop
  endfacet
  facet normal 0.0784719 -0.996916 0
    outer loop
      vertex 10.4215 -99.1538 835
      vertex 5.21789 -99.5634 800
      vertex 10.4215 -99.1538 800
    endloop
  endfacet
  facet normal 0.522489 -0.852646 0
    outer loop
      vertex 49.85 -86.3427 800
      vertex 54.3005 -83.6155 835
      vertex 49.85 -86.3427 835
    endloop
  endfacet
  facet normal 0.522489 -0.852646 0
    outer loop
      vertex 54.3005 -83.6155 835
      vertex 49.85 -86.3427 800
      vertex 54.3005 -83.6155 800
    endloop
  endfacet
  facet normal 0.725371 -0.688358 0
    outer loop
      vertex 70.4985 -70.4985 835
      vertex 74.0915 -66.7123 800
      vertex 74.0915 -66.7123 835
    endloop
  endfacet
  facet normal 0.725371 -0.688358 0
    outer loop
      vertex 74.0915 -66.7123 800
      vertex 70.4985 -70.4985 835
      vertex 70.4985 -70.4985 800
    endloop
  endfacet
  facet normal 0.983255 -0.182233 0
    outer loop
      vertex 97.5213 -20.7288 835
      vertex 98.4725 -15.5965 800
      vertex 98.4725 -15.5965 835
    endloop
  endfacet
  facet normal 0.983255 -0.182233 0
    outer loop
      vertex 98.4725 -15.5965 800
      vertex 97.5213 -20.7288 835
      vertex 97.5213 -20.7288 800
    endloop
  endfacet
  facet normal 0.477175 -0.878808 0
    outer loop
      vertex 45.2629 -88.8334 800
      vertex 49.85 -86.3427 835
      vertex 45.2629 -88.8334 835
    endloop
  endfacet
  facet normal 0.477175 -0.878808 0
    outer loop
      vertex 49.85 -86.3427 835
      vertex 45.2629 -88.8334 800
      vertex 49.85 -86.3427 800
    endloop
  endfacet
  facet normal 0.991445 -0.130526 0
    outer loop
      vertex 98.4725 -15.5965 835
      vertex 99.1538 -10.4215 800
      vertex 99.1538 -10.4215 835
    endloop
  endfacet
  facet normal 0.991445 -0.130526 0
    outer loop
      vertex 99.1538 -10.4215 800
      vertex 98.4725 -15.5965 835
      vertex 98.4725 -15.5965 800
    endloop
  endfacet
  facet normal 0.688358 0.725371 -0
    outer loop
      vertex 70.4985 70.4985 800
      vertex 66.7123 74.0915 835
      vertex 70.4985 70.4985 835
    endloop
  endfacet
  facet normal 0.688358 0.725371 0
    outer loop
      vertex 66.7123 74.0915 835
      vertex 70.4985 70.4985 800
      vertex 66.7123 74.0915 800
    endloop
  endfacet
  facet normal -0.878808 0.477175 0
    outer loop
      vertex -88.8334 45.2629 800
      vertex -86.3427 49.85 835
      vertex -86.3427 49.85 800
    endloop
  endfacet
  facet normal -0.878808 0.477175 0
    outer loop
      vertex -86.3427 49.85 835
      vertex -88.8334 45.2629 800
      vertex -88.8334 45.2629 835
    endloop
  endfacet
  facet normal -0.972371 -0.233442 0
    outer loop
      vertex -96.3028 -25.8043 800
      vertex -97.5213 -20.7288 835
      vertex -97.5213 -20.7288 800
    endloop
  endfacet
  facet normal -0.972371 -0.233442 0
    outer loop
      vertex -97.5213 -20.7288 835
      vertex -96.3028 -25.8043 800
      vertex -96.3028 -25.8043 835
    endloop
  endfacet
  facet normal 0.566409 0.824124 -0
    outer loop
      vertex 58.6022 80.659 800
      vertex 54.3005 83.6155 835
      vertex 58.6022 80.659 835
    endloop
  endfacet
  facet normal 0.566409 0.824124 0
    outer loop
      vertex 54.3005 83.6155 835
      vertex 58.6022 80.659 800
      vertex 54.3005 83.6155 800
    endloop
  endfacet
  facet normal -0.878808 -0.477175 0
    outer loop
      vertex -86.3427 -49.85 800
      vertex -88.8334 -45.2629 835
      vertex -88.8334 -45.2629 800
    endloop
  endfacet
  facet normal -0.878808 -0.477175 0
    outer loop
      vertex -88.8334 -45.2629 835
      vertex -86.3427 -49.85 800
      vertex -86.3427 -49.85 835
    endloop
  endfacet
  facet normal 0.38269 -0.923877 0
    outer loop
      vertex 35.7293 -93.078 800
      vertex 40.5516 -91.0805 835
      vertex 35.7293 -93.078 835
    endloop
  endfacet
  facet normal 0.38269 -0.923877 0
    outer loop
      vertex 40.5516 -91.0805 835
      vertex 35.7293 -93.078 800
      vertex 40.5516 -91.0805 800
    endloop
  endfacet
  facet normal 0.760399 -0.649456 0
    outer loop
      vertex 74.0915 -66.7123 835
      vertex 77.4815 -62.7432 800
      vertex 77.4815 -62.7432 835
    endloop
  endfacet
  facet normal 0.760399 -0.649456 0
    outer loop
      vertex 77.4815 -62.7432 800
      vertex 74.0915 -66.7123 835
      vertex 74.0915 -66.7123 800
    endloop
  endfacet
  facet normal -0.333795 0.942646 0
    outer loop
      vertex -30.809 94.8203 800
      vertex -35.7293 93.078 835
      vertex -30.809 94.8203 835
    endloop
  endfacet
  facet normal -0.333795 0.942646 0
    outer loop
      vertex -35.7293 93.078 835
      vertex -30.809 94.8203 800
      vertex -35.7293 93.078 800
    endloop
  endfacet
  facet normal 0.284022 0.958818 -0
    outer loop
      vertex 30.809 94.8203 800
      vertex 25.8043 96.3028 835
      vertex 30.809 94.8203 835
    endloop
  endfacet
  facet normal 0.284022 0.958818 0
    outer loop
      vertex 25.8043 96.3028 835
      vertex 30.809 94.8203 800
      vertex 25.8043 96.3028 800
    endloop
  endfacet
  facet normal 0.793353 -0.608761 0
    outer loop
      vertex 77.4815 -62.7432 835
      vertex 80.659 -58.6022 800
      vertex 80.659 -58.6022 835
    endloop
  endfacet
  facet normal 0.793353 -0.608761 0
    outer loop
      vertex 80.659 -58.6022 800
      vertex 77.4815 -62.7432 835
      vertex 77.4815 -62.7432 800
    endloop
  endfacet
  facet normal 0.923877 0.38269 0
    outer loop
      vertex 93.078 35.7293 835
      vertex 91.0805 40.5516 800
      vertex 91.0805 40.5516 835
    endloop
  endfacet
  facet normal 0.923877 0.38269 0
    outer loop
      vertex 91.0805 40.5516 800
      vertex 93.078 35.7293 835
      vertex 93.078 35.7293 800
    endloop
  endfacet
  facet normal -0.942646 0.333795 0
    outer loop
      vertex -94.8203 30.809 800
      vertex -93.078 35.7293 835
      vertex -93.078 35.7293 800
    endloop
  endfacet
  facet normal -0.942646 0.333795 0
    outer loop
      vertex -93.078 35.7293 835
      vertex -94.8203 30.809 800
      vertex -94.8203 30.809 835
    endloop
  endfacet
  facet normal 0.649456 -0.760399 0
    outer loop
      vertex 62.7432 -77.4815 800
      vertex 66.7123 -74.0915 835
      vertex 62.7432 -77.4815 835
    endloop
  endfacet
  facet normal 0.649456 -0.760399 0
    outer loop
      vertex 66.7123 -74.0915 835
      vertex 62.7432 -77.4815 800
      vertex 66.7123 -74.0915 800
    endloop
  endfacet
  facet normal -0.983255 -0.182233 0
    outer loop
      vertex -97.5213 -20.7288 800
      vertex -98.4725 -15.5965 835
      vertex -98.4725 -15.5965 800
    endloop
  endfacet
  facet normal -0.983255 -0.182233 0
    outer loop
      vertex -98.4725 -15.5965 835
      vertex -97.5213 -20.7288 800
      vertex -97.5213 -20.7288 835
    endloop
  endfacet
  facet normal -0.793353 -0.608761 0
    outer loop
      vertex -77.4815 -62.7432 800
      vertex -80.659 -58.6022 835
      vertex -80.659 -58.6022 800
    endloop
  endfacet
  facet normal -0.793353 -0.608761 0
    outer loop
      vertex -80.659 -58.6022 835
      vertex -77.4815 -62.7432 800
      vertex -77.4815 -62.7432 835
    endloop
  endfacet
  facet normal -0.958818 0.284022 0
    outer loop
      vertex -96.3028 25.8043 800
      vertex -94.8203 30.809 835
      vertex -94.8203 30.809 800
    endloop
  endfacet
  facet normal -0.958818 0.284022 0
    outer loop
      vertex -94.8203 30.809 835
      vertex -96.3028 25.8043 800
      vertex -96.3028 25.8043 835
    endloop
  endfacet
  facet normal -0.130526 0.991445 0
    outer loop
      vertex -10.4215 99.1538 800
      vertex -15.5965 98.4725 835
      vertex -10.4215 99.1538 835
    endloop
  endfacet
  facet normal -0.130526 0.991445 0
    outer loop
      vertex -15.5965 98.4725 835
      vertex -10.4215 99.1538 800
      vertex -15.5965 98.4725 800
    endloop
  endfacet
  facet normal 0.942646 0.333795 0
    outer loop
      vertex 94.8203 30.809 835
      vertex 93.078 35.7293 800
      vertex 93.078 35.7293 835
    endloop
  endfacet
  facet normal 0.942646 0.333795 0
    outer loop
      vertex 93.078 35.7293 800
      vertex 94.8203 30.809 835
      vertex 94.8203 30.809 800
    endloop
  endfacet
  facet normal 0.649456 0.760399 -0
    outer loop
      vertex 66.7123 74.0915 800
      vertex 62.7432 77.4815 835
      vertex 66.7123 74.0915 835
    endloop
  endfacet
  facet normal 0.649456 0.760399 0
    outer loop
      vertex 62.7432 77.4815 835
      vertex 66.7123 74.0915 800
      vertex 62.7432 77.4815 800
    endloop
  endfacet
  facet normal 0.972371 -0.233442 0
    outer loop
      vertex 96.3028 -25.8043 835
      vertex 97.5213 -20.7288 800
      vertex 97.5213 -20.7288 835
    endloop
  endfacet
  facet normal 0.972371 -0.233442 0
    outer loop
      vertex 97.5213 -20.7288 800
      vertex 96.3028 -25.8043 835
      vertex 96.3028 -25.8043 800
    endloop
  endfacet
  facet normal -0.793353 0.608761 0
    outer loop
      vertex -80.659 58.6022 800
      vertex -77.4815 62.7432 835
      vertex -77.4815 62.7432 800
    endloop
  endfacet
  facet normal -0.793353 0.608761 0
    outer loop
      vertex -77.4815 62.7432 835
      vertex -80.659 58.6022 800
      vertex -80.659 58.6022 835
    endloop
  endfacet
  facet normal -0.0784719 -0.996916 0
    outer loop
      vertex -10.4215 -99.1538 800
      vertex -5.21789 -99.5634 835
      vertex -10.4215 -99.1538 835
    endloop
  endfacet
  facet normal -0.0784719 -0.996916 -0
    outer loop
      vertex -5.21789 -99.5634 835
      vertex -10.4215 -99.1538 800
      vertex -5.21789 -99.5634 800
    endloop
  endfacet
  facet normal 0.182233 0.983255 -0
    outer loop
      vertex 20.7288 97.5213 800
      vertex 15.5965 98.4725 835
      vertex 20.7288 97.5213 835
    endloop
  endfacet
  facet normal 0.182233 0.983255 0
    outer loop
      vertex 15.5965 98.4725 835
      vertex 20.7288 97.5213 800
      vertex 15.5965 98.4725 800
    endloop
  endfacet
  facet normal -0.923877 -0.38269 0
    outer loop
      vertex -91.0805 -40.5516 800
      vertex -93.078 -35.7293 835
      vertex -93.078 -35.7293 800
    endloop
  endfacet
  facet normal -0.923877 -0.38269 0
    outer loop
      vertex -93.078 -35.7293 835
      vertex -91.0805 -40.5516 800
      vertex -91.0805 -40.5516 835
    endloop
  endfacet
  facet normal 0.522489 0.852646 -0
    outer loop
      vertex 54.3005 83.6155 800
      vertex 49.85 86.3427 835
      vertex 54.3005 83.6155 835
    endloop
  endfacet
  facet normal 0.522489 0.852646 0
    outer loop
      vertex 49.85 86.3427 835
      vertex 54.3005 83.6155 800
      vertex 49.85 86.3427 800
    endloop
  endfacet
  facet normal -0.0261702 -0.999658 0
    outer loop
      vertex -5.21789 -99.5634 800
      vertex 0 -99.7 835
      vertex -5.21789 -99.5634 835
    endloop
  endfacet
  facet normal -0.0261702 -0.999658 -0
    outer loop
      vertex 0 -99.7 835
      vertex -5.21789 -99.5634 800
      vertex 0 -99.7 800
    endloop
  endfacet
  facet normal 0.972371 0.233442 0
    outer loop
      vertex 97.5213 20.7288 835
      vertex 96.3028 25.8043 800
      vertex 96.3028 25.8043 835
    endloop
  endfacet
  facet normal 0.972371 0.233442 0
    outer loop
      vertex 96.3028 25.8043 800
      vertex 97.5213 20.7288 835
      vertex 97.5213 20.7288 800
    endloop
  endfacet
  facet normal 0.608761 -0.793353 0
    outer loop
      vertex 58.6022 -80.659 800
      vertex 62.7432 -77.4815 835
      vertex 58.6022 -80.659 835
    endloop
  endfacet
  facet normal 0.608761 -0.793353 0
    outer loop
      vertex 62.7432 -77.4815 835
      vertex 58.6022 -80.659 800
      vertex 62.7432 -77.4815 800
    endloop
  endfacet
  facet normal -0.649456 -0.760399 0
    outer loop
      vertex -66.7123 -74.0915 800
      vertex -62.7432 -77.4815 835
      vertex -66.7123 -74.0915 835
    endloop
  endfacet
  facet normal -0.649456 -0.760399 -0
    outer loop
      vertex -62.7432 -77.4815 835
      vertex -66.7123 -74.0915 800
      vertex -62.7432 -77.4815 800
    endloop
  endfacet
  facet normal 0.760399 0.649456 0
    outer loop
      vertex 77.4815 62.7432 835
      vertex 74.0915 66.7123 800
      vertex 74.0915 66.7123 835
    endloop
  endfacet
  facet normal 0.760399 0.649456 0
    outer loop
      vertex 74.0915 66.7123 800
      vertex 77.4815 62.7432 835
      vertex 77.4815 62.7432 800
    endloop
  endfacet
  facet normal 0.130526 0.991445 -0
    outer loop
      vertex 15.5965 98.4725 800
      vertex 10.4215 99.1538 835
      vertex 15.5965 98.4725 835
    endloop
  endfacet
  facet normal 0.130526 0.991445 0
    outer loop
      vertex 10.4215 99.1538 835
      vertex 15.5965 98.4725 800
      vertex 10.4215 99.1538 800
    endloop
  endfacet
  facet normal -0.991445 -0.130526 0
    outer loop
      vertex -98.4725 -15.5965 800
      vertex -99.1538 -10.4215 835
      vertex -99.1538 -10.4215 800
    endloop
  endfacet
  facet normal -0.991445 -0.130526 0
    outer loop
      vertex -99.1538 -10.4215 835
      vertex -98.4725 -15.5965 800
      vertex -98.4725 -15.5965 835
    endloop
  endfacet
  facet normal -0.233442 -0.972371 0
    outer loop
      vertex -25.8043 -96.3028 800
      vertex -20.7288 -97.5213 835
      vertex -25.8043 -96.3028 835
    endloop
  endfacet
  facet normal -0.233442 -0.972371 -0
    outer loop
      vertex -20.7288 -97.5213 835
      vertex -25.8043 -96.3028 800
      vertex -20.7288 -97.5213 800
    endloop
  endfacet
  facet normal 0.996916 -0.0784719 0
    outer loop
      vertex 99.1538 -10.4215 835
      vertex 99.5634 -5.21789 800
      vertex 99.5634 -5.21789 835
    endloop
  endfacet
  facet normal 0.996916 -0.0784719 0
    outer loop
      vertex 99.5634 -5.21789 800
      vertex 99.1538 -10.4215 835
      vertex 99.1538 -10.4215 800
    endloop
  endfacet
  facet normal 0.999658 -0.0261702 0
    outer loop
      vertex 99.5634 -5.21789 835
      vertex 99.7 0 800
      vertex 99.7 0 835
    endloop
  endfacet
  facet normal 0.999658 -0.0261702 0
    outer loop
      vertex 99.7 0 800
      vertex 99.5634 -5.21789 835
      vertex 99.5634 -5.21789 800
    endloop
  endfacet
  facet normal 0.0784719 0.996916 -0
    outer loop
      vertex 10.4215 99.1538 800
      vertex 5.21789 99.5634 835
      vertex 10.4215 99.1538 835
    endloop
  endfacet
  facet normal 0.0784719 0.996916 0
    outer loop
      vertex 5.21789 99.5634 835
      vertex 10.4215 99.1538 800
      vertex 5.21789 99.5634 800
    endloop
  endfacet
  facet normal 0.233442 0.972371 -0
    outer loop
      vertex 25.8043 96.3028 800
      vertex 20.7288 97.5213 835
      vertex 25.8043 96.3028 835
    endloop
  endfacet
  facet normal 0.233442 0.972371 0
    outer loop
      vertex 20.7288 97.5213 835
      vertex 25.8043 96.3028 800
      vertex 20.7288 97.5213 800
    endloop
  endfacet
  facet normal -0.852646 -0.522489 0
    outer loop
      vertex -83.6155 -54.3005 800
      vertex -86.3427 -49.85 835
      vertex -86.3427 -49.85 800
    endloop
  endfacet
  facet normal -0.852646 -0.522489 0
    outer loop
      vertex -86.3427 -49.85 835
      vertex -83.6155 -54.3005 800
      vertex -83.6155 -54.3005 835
    endloop
  endfacet
  facet normal 0.430499 0.902591 -0
    outer loop
      vertex 45.2629 88.8334 800
      vertex 40.5516 91.0805 835
      vertex 45.2629 88.8334 835
    endloop
  endfacet
  facet normal 0.430499 0.902591 0
    outer loop
      vertex 40.5516 91.0805 835
      vertex 45.2629 88.8334 800
      vertex 40.5516 91.0805 800
    endloop
  endfacet
  facet normal 0.878808 0.477175 0
    outer loop
      vertex 88.8334 45.2629 835
      vertex 86.3427 49.85 800
      vertex 86.3427 49.85 835
    endloop
  endfacet
  facet normal 0.878808 0.477175 0
    outer loop
      vertex 86.3427 49.85 800
      vertex 88.8334 45.2629 835
      vertex 88.8334 45.2629 800
    endloop
  endfacet
  facet normal 0.725371 0.688358 0
    outer loop
      vertex 74.0915 66.7123 835
      vertex 70.4985 70.4985 800
      vertex 70.4985 70.4985 835
    endloop
  endfacet
  facet normal 0.725371 0.688358 0
    outer loop
      vertex 70.4985 70.4985 800
      vertex 74.0915 66.7123 835
      vertex 74.0915 66.7123 800
    endloop
  endfacet
  facet normal 0.0261702 0.999658 -0
    outer loop
      vertex 5.21789 99.5634 800
      vertex 0 99.7 835
      vertex 5.21789 99.5634 835
    endloop
  endfacet
  facet normal 0.0261702 0.999658 0
    outer loop
      vertex 0 99.7 835
      vertex 5.21789 99.5634 800
      vertex 0 99.7 800
    endloop
  endfacet
  facet normal -0.760399 -0.649456 0
    outer loop
      vertex -74.0915 -66.7123 800
      vertex -77.4815 -62.7432 835
      vertex -77.4815 -62.7432 800
    endloop
  endfacet
  facet normal -0.760399 -0.649456 0
    outer loop
      vertex -77.4815 -62.7432 835
      vertex -74.0915 -66.7123 800
      vertex -74.0915 -66.7123 835
    endloop
  endfacet
  facet normal 0.824124 0.566409 0
    outer loop
      vertex 83.6155 54.3005 835
      vertex 80.659 58.6022 800
      vertex 80.659 58.6022 835
    endloop
  endfacet
  facet normal 0.824124 0.566409 0
    outer loop
      vertex 80.659 58.6022 800
      vertex 83.6155 54.3005 835
      vertex 83.6155 54.3005 800
    endloop
  endfacet
  facet normal -0.430499 0.902591 0
    outer loop
      vertex -40.5516 91.0805 800
      vertex -45.2629 88.8334 835
      vertex -40.5516 91.0805 835
    endloop
  endfacet
  facet normal -0.430499 0.902591 0
    outer loop
      vertex -45.2629 88.8334 835
      vertex -40.5516 91.0805 800
      vertex -45.2629 88.8334 800
    endloop
  endfacet
  facet normal -0.522489 0.852646 0
    outer loop
      vertex -49.85 86.3427 800
      vertex -54.3005 83.6155 835
      vertex -49.85 86.3427 835
    endloop
  endfacet
  facet normal -0.522489 0.852646 0
    outer loop
      vertex -54.3005 83.6155 835
      vertex -49.85 86.3427 800
      vertex -54.3005 83.6155 800
    endloop
  endfacet
  facet normal -0.824124 0.566409 0
    outer loop
      vertex -83.6155 54.3005 800
      vertex -80.659 58.6022 835
      vertex -80.659 58.6022 800
    endloop
  endfacet
  facet normal -0.824124 0.566409 0
    outer loop
      vertex -80.659 58.6022 835
      vertex -83.6155 54.3005 800
      vertex -83.6155 54.3005 835
    endloop
  endfacet
  facet normal -0.0784719 0.996916 0
    outer loop
      vertex -5.21789 99.5634 800
      vertex -10.4215 99.1538 835
      vertex -5.21789 99.5634 835
    endloop
  endfacet
  facet normal -0.0784719 0.996916 0
    outer loop
      vertex -10.4215 99.1538 835
      vertex -5.21789 99.5634 800
      vertex -10.4215 99.1538 800
    endloop
  endfacet
  facet normal 0.608761 0.793353 -0
    outer loop
      vertex 62.7432 77.4815 800
      vertex 58.6022 80.659 835
      vertex 62.7432 77.4815 835
    endloop
  endfacet
  facet normal 0.608761 0.793353 0
    outer loop
      vertex 58.6022 80.659 835
      vertex 62.7432 77.4815 800
      vertex 58.6022 80.659 800
    endloop
  endfacet
  facet normal -0.130526 -0.991445 0
    outer loop
      vertex -15.5965 -98.4725 800
      vertex -10.4215 -99.1538 835
      vertex -15.5965 -98.4725 835
    endloop
  endfacet
  facet normal -0.130526 -0.991445 -0
    outer loop
      vertex -10.4215 -99.1538 835
      vertex -15.5965 -98.4725 800
      vertex -10.4215 -99.1538 800
    endloop
  endfacet
  facet normal -0.284022 -0.958818 0
    outer loop
      vertex -30.809 -94.8203 800
      vertex -25.8043 -96.3028 835
      vertex -30.809 -94.8203 835
    endloop
  endfacet
  facet normal -0.284022 -0.958818 -0
    outer loop
      vertex -25.8043 -96.3028 835
      vertex -30.809 -94.8203 800
      vertex -25.8043 -96.3028 800
    endloop
  endfacet
  facet normal -0.999658 0.0261702 0
    outer loop
      vertex -99.7 0 800
      vertex -99.5634 5.21789 835
      vertex -99.5634 5.21789 800
    endloop
  endfacet
  facet normal -0.999658 0.0261702 0
    outer loop
      vertex -99.5634 5.21789 835
      vertex -99.7 0 800
      vertex -99.7 0 835
    endloop
  endfacet
  facet normal -0.972371 0.233442 0
    outer loop
      vertex -97.5213 20.7288 800
      vertex -96.3028 25.8043 835
      vertex -96.3028 25.8043 800
    endloop
  endfacet
  facet normal -0.972371 0.233442 0
    outer loop
      vertex -96.3028 25.8043 835
      vertex -97.5213 20.7288 800
      vertex -97.5213 20.7288 835
    endloop
  endfacet
  facet normal -0.725371 0.688358 0
    outer loop
      vertex -74.0915 66.7123 800
      vertex -70.4985 70.4985 835
      vertex -70.4985 70.4985 800
    endloop
  endfacet
  facet normal -0.725371 0.688358 0
    outer loop
      vertex -70.4985 70.4985 835
      vertex -74.0915 66.7123 800
      vertex -74.0915 66.7123 835
    endloop
  endfacet
  facet normal -0.608761 0.793353 0
    outer loop
      vertex -58.6022 80.659 800
      vertex -62.7432 77.4815 835
      vertex -58.6022 80.659 835
    endloop
  endfacet
  facet normal -0.608761 0.793353 0
    outer loop
      vertex -62.7432 77.4815 835
      vertex -58.6022 80.659 800
      vertex -62.7432 77.4815 800
    endloop
  endfacet
  facet normal -0.522489 -0.852646 0
    outer loop
      vertex -54.3005 -83.6155 800
      vertex -49.85 -86.3427 835
      vertex -54.3005 -83.6155 835
    endloop
  endfacet
  facet normal -0.522489 -0.852646 -0
    outer loop
      vertex -49.85 -86.3427 835
      vertex -54.3005 -83.6155 800
      vertex -49.85 -86.3427 800
    endloop
  endfacet
  facet normal -0.0261702 0.999658 0
    outer loop
      vertex 0 99.7 800
      vertex -5.21789 99.5634 835
      vertex 0 99.7 835
    endloop
  endfacet
  facet normal -0.0261702 0.999658 0
    outer loop
      vertex -5.21789 99.5634 835
      vertex 0 99.7 800
      vertex -5.21789 99.5634 800
    endloop
  endfacet
  facet normal 0.284022 -0.958818 0
    outer loop
      vertex 25.8043 -96.3028 800
      vertex 30.809 -94.8203 835
      vertex 25.8043 -96.3028 835
    endloop
  endfacet
  facet normal 0.284022 -0.958818 0
    outer loop
      vertex 30.809 -94.8203 835
      vertex 25.8043 -96.3028 800
      vertex 30.809 -94.8203 800
    endloop
  endfacet
  facet normal 0.130526 -0.991445 0
    outer loop
      vertex 10.4215 -99.1538 800
      vertex 15.5965 -98.4725 835
      vertex 10.4215 -99.1538 835
    endloop
  endfacet
  facet normal 0.130526 -0.991445 0
    outer loop
      vertex 15.5965 -98.4725 835
      vertex 10.4215 -99.1538 800
      vertex 15.5965 -98.4725 800
    endloop
  endfacet
  facet normal -0.923877 0.38269 0
    outer loop
      vertex -93.078 35.7293 800
      vertex -91.0805 40.5516 835
      vertex -91.0805 40.5516 800
    endloop
  endfacet
  facet normal -0.923877 0.38269 0
    outer loop
      vertex -91.0805 40.5516 835
      vertex -93.078 35.7293 800
      vertex -93.078 35.7293 835
    endloop
  endfacet
  facet normal 0.233442 -0.972371 0
    outer loop
      vertex 20.7288 -97.5213 800
      vertex 25.8043 -96.3028 835
      vertex 20.7288 -97.5213 835
    endloop
  endfacet
  facet normal 0.233442 -0.972371 0
    outer loop
      vertex 25.8043 -96.3028 835
      vertex 20.7288 -97.5213 800
      vertex 25.8043 -96.3028 800
    endloop
  endfacet
  facet normal 0.824124 -0.566409 0
    outer loop
      vertex 80.659 -58.6022 835
      vertex 83.6155 -54.3005 800
      vertex 83.6155 -54.3005 835
    endloop
  endfacet
  facet normal 0.824124 -0.566409 0
    outer loop
      vertex 83.6155 -54.3005 800
      vertex 80.659 -58.6022 835
      vertex 80.659 -58.6022 800
    endloop
  endfacet
  facet normal 0.688358 -0.725371 0
    outer loop
      vertex 66.7123 -74.0915 800
      vertex 70.4985 -70.4985 835
      vertex 66.7123 -74.0915 835
    endloop
  endfacet
  facet normal 0.688358 -0.725371 0
    outer loop
      vertex 70.4985 -70.4985 835
      vertex 66.7123 -74.0915 800
      vertex 70.4985 -70.4985 800
    endloop
  endfacet
  facet normal 0.333795 0.942646 -0
    outer loop
      vertex 35.7293 93.078 800
      vertex 30.809 94.8203 835
      vertex 35.7293 93.078 835
    endloop
  endfacet
  facet normal 0.333795 0.942646 0
    outer loop
      vertex 30.809 94.8203 835
      vertex 35.7293 93.078 800
      vertex 30.809 94.8203 800
    endloop
  endfacet
  facet normal 0.182233 -0.983255 0
    outer loop
      vertex 15.5965 -98.4725 800
      vertex 20.7288 -97.5213 835
      vertex 15.5965 -98.4725 835
    endloop
  endfacet
  facet normal 0.182233 -0.983255 0
    outer loop
      vertex 20.7288 -97.5213 835
      vertex 15.5965 -98.4725 800
      vertex 20.7288 -97.5213 800
    endloop
  endfacet
  facet normal 0.852646 -0.522489 0
    outer loop
      vertex 83.6155 -54.3005 835
      vertex 86.3427 -49.85 800
      vertex 86.3427 -49.85 835
    endloop
  endfacet
  facet normal 0.852646 -0.522489 0
    outer loop
      vertex 86.3427 -49.85 800
      vertex 83.6155 -54.3005 835
      vertex 83.6155 -54.3005 800
    endloop
  endfacet
  facet normal -0.760399 0.649456 0
    outer loop
      vertex -77.4815 62.7432 800
      vertex -74.0915 66.7123 835
      vertex -74.0915 66.7123 800
    endloop
  endfacet
  facet normal -0.760399 0.649456 0
    outer loop
      vertex -74.0915 66.7123 835
      vertex -77.4815 62.7432 800
      vertex -77.4815 62.7432 835
    endloop
  endfacet
  facet normal 0.333795 -0.942646 0
    outer loop
      vertex 30.809 -94.8203 800
      vertex 35.7293 -93.078 835
      vertex 30.809 -94.8203 835
    endloop
  endfacet
  facet normal 0.333795 -0.942646 0
    outer loop
      vertex 35.7293 -93.078 835
      vertex 30.809 -94.8203 800
      vertex 35.7293 -93.078 800
    endloop
  endfacet
  facet normal -0.688358 -0.725371 0
    outer loop
      vertex -70.4985 -70.4985 800
      vertex -66.7123 -74.0915 835
      vertex -70.4985 -70.4985 835
    endloop
  endfacet
  facet normal -0.688358 -0.725371 -0
    outer loop
      vertex -66.7123 -74.0915 835
      vertex -70.4985 -70.4985 800
      vertex -66.7123 -74.0915 800
    endloop
  endfacet
  facet normal -0 0 1
    outer loop
      vertex -19.1293 39.4888 835
      vertex 43.763 3.17793 835
      vertex -18.9378 39.8013 835
    endloop
  endfacet
  facet normal 0 0 1
    outer loop
      vertex 43 0 835
      vertex -18.0096 -42.9349 835
      vertex -18 -43.3013 835
    endloop
  endfacet
  facet normal 0 0 1
    outer loop
      vertex 43.763 3.17793 835
      vertex -19.1293 39.4888 835
      vertex 43.6052 2.84716 835
    endloop
  endfacet
  facet normal 0 0 1
    outer loop
      vertex 43 0 835
      vertex -18.0383 -42.5696 835
      vertex -18.0096 -42.9349 835
    endloop
  endfacet
  facet normal -0 0 1
    outer loop
      vertex -19.3369 39.1868 835
      vertex 43.6052 2.84716 835
      vertex -19.1293 39.4888 835
    endloop
  endfacet
  facet normal 0 0 1
    outer loop
      vertex 43 0 835
      vertex -18.0862 -42.2062 835
      vertex -18.0383 -42.5696 835
    endloop
  endfacet
  facet normal 0 0 1
    outer loop
      vertex 43.6052 2.84716 835
      vertex -19.3369 39.1868 835
      vertex 43.4649 2.50858 835
    endloop
  endfacet
  facet normal 0 0 1
    outer loop
      vertex 43 0 835
      vertex -18.153 -41.8459 835
      vertex -18.0862 -42.2062 835
    endloop
  endfacet
  facet normal -0 0 1
    outer loop
      vertex -19.56 38.896 835
      vertex 43.4649 2.50858 835
      vertex -19.3369 39.1868 835
    endloop
  endfacet
  facet normal 0 0 1
    outer loop
      vertex 43 0 835
      vertex -18.2385 -41.4895 835
      vertex -18.153 -41.8459 835
    endloop
  endfacet
  facet normal 0 0 1
    outer loop
      vertex 43.4649 2.50858 835
      vertex -19.56 38.896 835
      vertex 43.3426 2.16312 835
    endloop
  endfacet
  facet normal 0 0 1
    outer loop
      vertex 43 0 835
      vertex -18.3426 -41.1382 835
      vertex -18.2385 -41.4895 835
    endloop
  endfacet
  facet normal -0 0 1
    outer loop
      vertex -19.798 38.6174 835
      vertex 43.3426 2.16312 835
      vertex -19.56 38.896 835
    endloop
  endfacet
  facet normal 0 0 1
    outer loop
      vertex 43 0 835
      vertex -18.4649 -40.7927 835
      vertex -18.3426 -41.1382 835
    endloop
  endfacet
  facet normal 0 0 1
    outer loop
      vertex 43.3426 2.16312 835
      vertex -19.798 38.6174 835
      vertex 43.2385 1.81173 835
    endloop
  endfacet
  facet normal 0 0 1
    outer loop
      vertex 43 0 835
      vertex -18.6052 -40.4541 835
      vertex -18.4649 -40.7927 835
    endloop
  endfacet
  facet normal -0 0 1
    outer loop
      vertex -20.0503 38.3515 835
      vertex 43.2385 1.81173 835
      vertex -19.798 38.6174 835
    endloop
  endfacet
  facet normal 0 0 1
    outer loop
      vertex 43 0 835
      vertex -18.763 -40.1233 835
      vertex -18.6052 -40.4541 835
    endloop
  endfacet
  facet normal 0 0 1
    outer loop
      vertex 43.2385 1.81173 835
      vertex -20.0503 38.3515 835
      vertex 43.153 1.45538 835
    endloop
  endfacet
  facet normal 0 0 1
    outer loop
      vertex 43 0 835
      vertex -18.9378 -39.8013 835
      vertex -18.763 -40.1233 835
    endloop
  endfacet
  facet normal -0 0 1
    outer loop
      vertex -20.3161 38.0993 835
      vertex 43.153 1.45538 835
      vertex -20.0503 38.3515 835
    endloop
  endfacet
  facet normal 0 0 1
    outer loop
      vertex 43 0 835
      vertex -19.1293 -39.4888 835
      vertex -18.9378 -39.8013 835
    endloop
  endfacet
  facet normal 0 0 1
    outer loop
      vertex 43.153 1.45538 835
      vertex -20.3161 38.0993 835
      vertex 43.0862 1.09504 835
    endloop
  endfacet
  facet normal 0 0 1
    outer loop
      vertex 43 0 835
      vertex -19.3369 -39.1868 835
      vertex -19.1293 -39.4888 835
    endloop
  endfacet
  facet normal -0 0 1
    outer loop
      vertex -20.5948 37.8612 835
      vertex 43.0862 1.09504 835
      vertex -20.3161 38.0993 835
    endloop
  endfacet
  facet normal 0 0 1
    outer loop
      vertex 43 0 835
      vertex -19.56 -38.896 835
      vertex -19.3369 -39.1868 835
    endloop
  endfacet
  facet normal 0 0 1
    outer loop
      vertex 43.0862 1.09504 835
      vertex -20.5948 37.8612 835
      vertex 43.0383 0.731699 835
    endloop
  endfacet
  facet normal 0 0 1
    outer loop
      vertex 43 0 835
      vertex -19.798 -38.6174 835
      vertex -19.56 -38.896 835
    endloop
  endfacet
  facet normal -0 0 1
    outer loop
      vertex -20.8855 37.6382 835
      vertex 43.0383 0.731699 835
      vertex -20.5948 37.8612 835
    endloop
  endfacet
  facet normal 0 0 1
    outer loop
      vertex 43 0 835
      vertex -20.0503 -38.3515 835
      vertex -19.798 -38.6174 835
    endloop
  endfacet
  facet normal 0 0 1
    outer loop
      vertex 43.0383 0.731699 835
      vertex -20.8855 37.6382 835
      vertex 43.0096 0.366351 835
    endloop
  endfacet
  facet normal 0 0 1
    outer loop
      vertex 43 0 835
      vertex -20.3161 -38.0993 835
      vertex -20.0503 -38.3515 835
    endloop
  endfacet
  facet normal -0 0 1
    outer loop
      vertex -21.1875 37.4306 835
      vertex 43.0096 0.366351 835
      vertex -20.8855 37.6382 835
    endloop
  endfacet
  facet normal 0 0 1
    outer loop
      vertex 43 0 835
      vertex -20.5948 -37.8612 835
      vertex -20.3161 -38.0993 835
    endloop
  endfacet
  facet normal 0 0 1
    outer loop
      vertex 43.0096 0.366351 835
      vertex -21.1875 37.4306 835
      vertex 43 0 835
    endloop
  endfacet
  facet normal 0 0 1
    outer loop
      vertex 43 0 835
      vertex -20.8855 -37.6382 835
      vertex -20.5948 -37.8612 835
    endloop
  endfacet
  facet normal -0 0 1
    outer loop
      vertex -21.5 37.2391 835
      vertex 43 0 835
      vertex -21.1875 37.4306 835
    endloop
  endfacet
  facet normal 0 0 1
    outer loop
      vertex 43 0 835
      vertex -21.1875 -37.4306 835
      vertex -20.8855 -37.6382 835
    endloop
  endfacet
  facet normal 0 0 1
    outer loop
      vertex -21.5 -37.2391 835
      vertex 43 0 835
      vertex -21.5 37.2391 835
    endloop
  endfacet
  facet normal 0 0 1
    outer loop
      vertex 43 0 835
      vertex -21.5 -37.2391 835
      vertex -21.1875 -37.4306 835
    endloop
  endfacet
  facet normal -0 0 1
    outer loop
      vertex -21.8221 37.0642 835
      vertex -21.5 -37.2391 835
      vertex -21.5 37.2391 835
    endloop
  endfacet
  facet normal 0 0 1
    outer loop
      vertex -21.8221 37.0642 835
      vertex -21.8221 -37.0642 835
      vertex -21.5 -37.2391 835
    endloop
  endfacet
  facet normal -0 0 1
    outer loop
      vertex -22.1528 36.9065 835
      vertex -21.8221 -37.0642 835
      vertex -21.8221 37.0642 835
    endloop
  endfacet
  facet normal 0 0 1
    outer loop
      vertex -22.1528 36.9065 835
      vertex -22.1528 -36.9065 835
      vertex -21.8221 -37.0642 835
    endloop
  endfacet
  facet normal -0 0 1
    outer loop
      vertex -22.4914 36.7662 835
      vertex -22.1528 -36.9065 835
      vertex -22.1528 36.9065 835
    endloop
  endfacet
  facet normal 0 0 1
    outer loop
      vertex -22.4914 36.7662 835
      vertex -22.4914 -36.7662 835
      vertex -22.1528 -36.9065 835
    endloop
  endfacet
  facet normal -0 0 1
    outer loop
      vertex -22.8369 36.6439 835
      vertex -22.4914 -36.7662 835
      vertex -22.4914 36.7662 835
    endloop
  endfacet
  facet normal 0 0 1
    outer loop
      vertex -22.8369 36.6439 835
      vertex -22.8369 -36.6439 835
      vertex -22.4914 -36.7662 835
    endloop
  endfacet
  facet normal -0 0 1
    outer loop
      vertex -23.1883 36.5398 835
      vertex -22.8369 -36.6439 835
      vertex -22.8369 36.6439 835
    endloop
  endfacet
  facet normal 0 0 1
    outer loop
      vertex -23.1883 36.5398 835
      vertex -23.1883 -36.5398 835
      vertex -22.8369 -36.6439 835
    endloop
  endfacet
  facet normal -0 0 1
    outer loop
      vertex -23.5446 36.4542 835
      vertex -23.1883 -36.5398 835
      vertex -23.1883 36.5398 835
    endloop
  endfacet
  facet normal 0 0 1
    outer loop
      vertex -23.5446 36.4542 835
      vertex -23.5446 -36.4542 835
      vertex -23.1883 -36.5398 835
    endloop
  endfacet
  facet normal -0 0 1
    outer loop
      vertex -23.905 36.3875 835
      vertex -23.5446 -36.4542 835
      vertex -23.5446 36.4542 835
    endloop
  endfacet
  facet normal 0 0 1
    outer loop
      vertex -23.905 36.3875 835
      vertex -23.905 -36.3875 835
      vertex -23.5446 -36.4542 835
    endloop
  endfacet
  facet normal -0 0 1
    outer loop
      vertex -24.2683 36.3396 835
      vertex -23.905 -36.3875 835
      vertex -23.905 36.3875 835
    endloop
  endfacet
  facet normal 0 0 1
    outer loop
      vertex -24.2683 36.3396 835
      vertex -24.2683 -36.3396 835
      vertex -23.905 -36.3875 835
    endloop
  endfacet
  facet normal -0 0 1
    outer loop
      vertex -24.6336 36.3109 835
      vertex -24.2683 -36.3396 835
      vertex -24.2683 36.3396 835
    endloop
  endfacet
  facet normal 0 0 1
    outer loop
      vertex -24.6336 36.3109 835
      vertex -24.6336 -36.3109 835
      vertex -24.2683 -36.3396 835
    endloop
  endfacet
  facet normal -0 0 1
    outer loop
      vertex -25 36.3013 835
      vertex -24.6336 -36.3109 835
      vertex -24.6336 36.3109 835
    endloop
  endfacet
  facet normal 0 0 1
    outer loop
      vertex -25 36.3013 835
      vertex -25 -36.3013 835
      vertex -24.6336 -36.3109 835
    endloop
  endfacet
  facet normal 0 0 1
    outer loop
      vertex -25.3664 36.3109 835
      vertex -25 -36.3013 835
      vertex -25 36.3013 835
    endloop
  endfacet
  facet normal 0 0 1
    outer loop
      vertex -25.3664 36.3109 835
      vertex -25.3664 -36.3109 835
      vertex -25 -36.3013 835
    endloop
  endfacet
  facet normal 0 0 1
    outer loop
      vertex -25.7317 36.3396 835
      vertex -25.3664 -36.3109 835
      vertex -25.3664 36.3109 835
    endloop
  endfacet
  facet normal 0 0 1
    outer loop
      vertex -25.7317 36.3396 835
      vertex -25.7317 -36.3396 835
      vertex -25.3664 -36.3109 835
    endloop
  endfacet
  facet normal 0 0 1
    outer loop
      vertex -26.095 36.3875 835
      vertex -25.7317 -36.3396 835
      vertex -25.7317 36.3396 835
    endloop
  endfacet
  facet normal 0 0 1
    outer loop
      vertex -26.095 36.3875 835
      vertex -26.095 -36.3875 835
      vertex -25.7317 -36.3396 835
    endloop
  endfacet
  facet normal 0 0 1
    outer loop
      vertex -26.4554 36.4542 835
      vertex -26.095 -36.3875 835
      vertex -26.095 36.3875 835
    endloop
  endfacet
  facet normal 0 0 1
    outer loop
      vertex -26.4554 36.4542 835
      vertex -26.4554 -36.4542 835
      vertex -26.095 -36.3875 835
    endloop
  endfacet
  facet normal 0 0 1
    outer loop
      vertex -26.8117 36.5398 835
      vertex -26.4554 -36.4542 835
      vertex -26.4554 36.4542 835
    endloop
  endfacet
  facet normal 0 0 1
    outer loop
      vertex -26.8117 36.5398 835
      vertex -26.8117 -36.5398 835
      vertex -26.4554 -36.4542 835
    endloop
  endfacet
  facet normal 0 0 1
    outer loop
      vertex -27.1631 36.6439 835
      vertex -26.8117 -36.5398 835
      vertex -26.8117 36.5398 835
    endloop
  endfacet
  facet normal 0 0 1
    outer loop
      vertex -27.1631 36.6439 835
      vertex -27.1631 -36.6439 835
      vertex -26.8117 -36.5398 835
    endloop
  endfacet
  facet normal 0 0 1
    outer loop
      vertex -27.5086 36.7662 835
      vertex -27.1631 -36.6439 835
      vertex -27.1631 36.6439 835
    endloop
  endfacet
  facet normal 0 0 1
    outer loop
      vertex -27.5086 36.7662 835
      vertex -27.5086 -36.7662 835
      vertex -27.1631 -36.6439 835
    endloop
  endfacet
  facet normal 0 0 1
    outer loop
      vertex -27.8472 36.9065 835
      vertex -27.5086 -36.7662 835
      vertex -27.5086 36.7662 835
    endloop
  endfacet
  facet normal 0 0 1
    outer loop
      vertex -27.8472 36.9065 835
      vertex -27.8472 -36.9065 835
      vertex -27.5086 -36.7662 835
    endloop
  endfacet
  facet normal 0 0 1
    outer loop
      vertex -28.1779 37.0642 835
      vertex -27.8472 -36.9065 835
      vertex -27.8472 36.9065 835
    endloop
  endfacet
  facet normal 0 0 1
    outer loop
      vertex -28.1779 37.0642 835
      vertex -28.1779 -37.0642 835
      vertex -27.8472 -36.9065 835
    endloop
  endfacet
  facet normal 0 0 1
    outer loop
      vertex -28.5 37.2391 835
      vertex -28.1779 -37.0642 835
      vertex -28.1779 37.0642 835
    endloop
  endfacet
  facet normal 0 0 1
    outer loop
      vertex -28.5 37.2391 835
      vertex -28.5 -37.2391 835
      vertex -28.1779 -37.0642 835
    endloop
  endfacet
  facet normal 0 0 1
    outer loop
      vertex -28.8125 37.4306 835
      vertex -28.5 -37.2391 835
      vertex -28.5 37.2391 835
    endloop
  endfacet
  facet normal 0 0 1
    outer loop
      vertex -28.8125 37.4306 835
      vertex -28.8125 -37.4306 835
      vertex -28.5 -37.2391 835
    endloop
  endfacet
  facet normal 0 0 1
    outer loop
      vertex -29.1145 37.6382 835
      vertex -28.8125 -37.4306 835
      vertex -28.8125 37.4306 835
    endloop
  endfacet
  facet normal 0 0 1
    outer loop
      vertex -29.1145 37.6382 835
      vertex -29.1145 -37.6382 835
      vertex -28.8125 -37.4306 835
    endloop
  endfacet
  facet normal 0 0 1
    outer loop
      vertex -99.5634 5.21789 835
      vertex -29.1145 37.6382 835
      vertex -29.4052 37.8612 835
    endloop
  endfacet
  facet normal 0 0 1
    outer loop
      vertex -29.1145 37.6382 835
      vertex -99.7 0 835
      vertex -29.1145 -37.6382 835
    endloop
  endfacet
  facet normal 0 0 1
    outer loop
      vertex -99.1538 10.4215 835
      vertex -29.4052 37.8612 835
      vertex -29.6839 38.0993 835
    endloop
  endfacet
  facet normal -0 -0 1
    outer loop
      vertex -99.5634 -5.21789 835
      vertex -29.1145 -37.6382 835
      vertex -99.7 0 835
    endloop
  endfacet
  facet normal 0 0 1
    outer loop
      vertex -98.4725 15.5965 835
      vertex -29.6839 38.0993 835
      vertex -29.9497 38.3515 835
    endloop
  endfacet
  facet normal 0 0 1
    outer loop
      vertex -29.1145 -37.6382 835
      vertex -99.5634 -5.21789 835
      vertex -29.4052 -37.8612 835
    endloop
  endfacet
  facet normal 0 0 1
    outer loop
      vertex -98.4725 15.5965 835
      vertex -29.9497 38.3515 835
      vertex -30.202 38.6174 835
    endloop
  endfacet
  facet normal -0 -0 1
    outer loop
      vertex -99.1538 -10.4215 835
      vertex -29.4052 -37.8612 835
      vertex -99.5634 -5.21789 835
    endloop
  endfacet
  facet normal 0 0 1
    outer loop
      vertex -97.5213 20.7288 835
      vertex -30.202 38.6174 835
      vertex -30.44 38.896 835
    endloop
  endfacet
  facet normal 0 0 1
    outer loop
      vertex -29.4052 -37.8612 835
      vertex -99.1538 -10.4215 835
      vertex -29.6839 -38.0993 835
    endloop
  endfacet
  facet normal 0 0 1
    outer loop
      vertex -96.3028 25.8043 835
      vertex -30.44 38.896 835
      vertex -30.6631 39.1868 835
    endloop
  endfacet
  facet normal -0 -0 1
    outer loop
      vertex -98.4725 -15.5965 835
      vertex -29.6839 -38.0993 835
      vertex -99.1538 -10.4215 835
    endloop
  endfacet
  facet normal 0 0 1
    outer loop
      vertex -94.8203 30.809 835
      vertex -30.6631 39.1868 835
      vertex -30.8707 39.4888 835
    endloop
  endfacet
  facet normal 0 0 1
    outer loop
      vertex -29.6839 -38.0993 835
      vertex -98.4725 -15.5965 835
      vertex -29.9497 -38.3515 835
    endloop
  endfacet
  facet normal 0 0 1
    outer loop
      vertex -94.8203 30.809 835
      vertex -30.8707 39.4888 835
      vertex -31.0622 39.8013 835
    endloop
  endfacet
  facet normal 0 0 1
    outer loop
      vertex -29.9497 -38.3515 835
      vertex -98.4725 -15.5965 835
      vertex -30.202 -38.6174 835
    endloop
  endfacet
  facet normal 0 0 1
    outer loop
      vertex -93.078 35.7293 835
      vertex -31.0622 39.8013 835
      vertex -31.237 40.1233 835
    endloop
  endfacet
  facet normal -0 -0 1
    outer loop
      vertex -97.5213 -20.7288 835
      vertex -30.202 -38.6174 835
      vertex -98.4725 -15.5965 835
    endloop
  endfacet
  facet normal 0 0 1
    outer loop
      vertex -91.0805 40.5516 835
      vertex -31.237 40.1233 835
      vertex -31.3948 40.4541 835
    endloop
  endfacet
  facet normal 0 0 1
    outer loop
      vertex -30.202 -38.6174 835
      vertex -97.5213 -20.7288 835
      vertex -30.44 -38.896 835
    endloop
  endfacet
  facet normal -0 0 1
    outer loop
      vertex -91.0805 40.5516 835
      vertex -31.3948 40.4541 835
      vertex -31.5351 40.7927 835
    endloop
  endfacet
  facet normal -0 -0 1
    outer loop
      vertex -96.3028 -25.8043 835
      vertex -30.44 -38.896 835
      vertex -97.5213 -20.7288 835
    endloop
  endfacet
  facet normal 0 0 1
    outer loop
      vertex -88.8334 45.2629 835
      vertex -31.5351 40.7927 835
      vertex -31.6574 41.1382 835
    endloop
  endfacet
  facet normal 0 0 1
    outer loop
      vertex -30.44 -38.896 835
      vertex -96.3028 -25.8043 835
      vertex -30.6631 -39.1868 835
    endloop
  endfacet
  facet normal 0 0 1
    outer loop
      vertex -88.8334 45.2629 835
      vertex -31.6574 41.1382 835
      vertex -31.7615 41.4895 835
    endloop
  endfacet
  facet normal -0 -0 1
    outer loop
      vertex -94.8203 -30.809 835
      vertex -30.6631 -39.1868 835
      vertex -96.3028 -25.8043 835
    endloop
  endfacet
  facet normal 0 0 1
    outer loop
      vertex -86.3427 49.85 835
      vertex -31.7615 41.4895 835
      vertex -31.847 41.8459 835
    endloop
  endfacet
  facet normal 0 0 1
    outer loop
      vertex -30.6631 -39.1868 835
      vertex -94.8203 -30.809 835
      vertex -30.8707 -39.4888 835
    endloop
  endfacet
  facet normal 0 0 1
    outer loop
      vertex -86.3427 49.85 835
      vertex -31.847 41.8459 835
      vertex -31.9138 42.2062 835
    endloop
  endfacet
  facet normal 0 0 1
    outer loop
      vertex -30.8707 -39.4888 835
      vertex -94.8203 -30.809 835
      vertex -31.0622 -39.8013 835
    endloop
  endfacet
  facet normal 0 0 1
    outer loop
      vertex -83.6155 54.3005 835
      vertex -31.9138 42.2062 835
      vertex -31.9617 42.5696 835
    endloop
  endfacet
  facet normal -0 -0 1
    outer loop
      vertex -93.078 -35.7293 835
      vertex -31.0622 -39.8013 835
      vertex -94.8203 -30.809 835
    endloop
  endfacet
  facet normal 0 0 1
    outer loop
      vertex -83.6155 54.3005 835
      vertex -31.9617 42.5696 835
      vertex -31.9904 42.9349 835
    endloop
  endfacet
  facet normal 0 0 1
    outer loop
      vertex -31.0622 -39.8013 835
      vertex -93.078 -35.7293 835
      vertex -31.237 -40.1233 835
    endloop
  endfacet
  facet normal 0 0 1
    outer loop
      vertex -80.659 58.6022 835
      vertex -31.9904 42.9349 835
      vertex -32 43.3013 835
    endloop
  endfacet
  facet normal 0 -0 1
    outer loop
      vertex -91.0805 -40.5516 835
      vertex -31.237 -40.1233 835
      vertex -93.078 -35.7293 835
    endloop
  endfacet
  facet normal -0 0 1
    outer loop
      vertex -18.6052 -46.1484 835
      vertex 25.8043 -96.3028 835
      vertex -18.4649 -45.8098 835
    endloop
  endfacet
  facet normal 0 0 1
    outer loop
      vertex 25.8043 -96.3028 835
      vertex -18.6052 -46.1484 835
      vertex 20.7288 -97.5213 835
    endloop
  endfacet
  facet normal -0 0 1
    outer loop
      vertex -18.763 -46.4792 835
      vertex 20.7288 -97.5213 835
      vertex -18.6052 -46.1484 835
    endloop
  endfacet
  facet normal 0 0 1
    outer loop
      vertex 20.7288 -97.5213 835
      vertex -18.763 -46.4792 835
      vertex 15.5965 -98.4725 835
    endloop
  endfacet
  facet normal -0 0 1
    outer loop
      vertex -18.9378 -46.8013 835
      vertex 15.5965 -98.4725 835
      vertex -18.763 -46.4792 835
    endloop
  endfacet
  facet normal -0 0 1
    outer loop
      vertex -19.1293 -47.1137 835
      vertex 15.5965 -98.4725 835
      vertex -18.9378 -46.8013 835
    endloop
  endfacet
  facet normal 0 0 1
    outer loop
      vertex 15.5965 -98.4725 835
      vertex -19.1293 -47.1137 835
      vertex 10.4215 -99.1538 835
    endloop
  endfacet
  facet normal -0 0 1
    outer loop
      vertex -19.3369 -47.4158 835
      vertex 10.4215 -99.1538 835
      vertex -19.1293 -47.1137 835
    endloop
  endfacet
  facet normal -0 0 1
    outer loop
      vertex -19.56 -47.7065 835
      vertex 10.4215 -99.1538 835
      vertex -19.3369 -47.4158 835
    endloop
  endfacet
  facet normal 0 0 1
    outer loop
      vertex 10.4215 -99.1538 835
      vertex -19.56 -47.7065 835
      vertex 5.21789 -99.5634 835
    endloop
  endfacet
  facet normal -0 0 1
    outer loop
      vertex -19.798 -47.9852 835
      vertex 5.21789 -99.5634 835
      vertex -19.56 -47.7065 835
    endloop
  endfacet
  facet normal -0 0 1
    outer loop
      vertex -20.0503 -48.251 835
      vertex 5.21789 -99.5634 835
      vertex -19.798 -47.9852 835
    endloop
  endfacet
  facet normal 0 0 1
    outer loop
      vertex 5.21789 -99.5634 835
      vertex -20.0503 -48.251 835
      vertex 0 -99.7 835
    endloop
  endfacet
  facet normal -0 0 1
    outer loop
      vertex -20.3161 -48.5033 835
      vertex 0 -99.7 835
      vertex -20.0503 -48.251 835
    endloop
  endfacet
  facet normal 0 0 1
    outer loop
      vertex 0 -99.7 835
      vertex -20.3161 -48.5033 835
      vertex -5.21789 -99.5634 835
    endloop
  endfacet
  facet normal -0 0 1
    outer loop
      vertex -20.5948 -48.7413 835
      vertex -5.21789 -99.5634 835
      vertex -20.3161 -48.5033 835
    endloop
  endfacet
  facet normal -0 0 1
    outer loop
      vertex -20.8855 -48.9644 835
      vertex -5.21789 -99.5634 835
      vertex -20.5948 -48.7413 835
    endloop
  endfacet
  facet normal -0 0 1
    outer loop
      vertex -21.1875 -49.172 835
      vertex -5.21789 -99.5634 835
      vertex -20.8855 -48.9644 835
    endloop
  endfacet
  facet normal 0 0 1
    outer loop
      vertex -5.21789 -99.5634 835
      vertex -21.1875 -49.172 835
      vertex -10.4215 -99.1538 835
    endloop
  endfacet
  facet normal -0 0 1
    outer loop
      vertex -21.5 -49.3634 835
      vertex -10.4215 -99.1538 835
      vertex -21.1875 -49.172 835
    endloop
  endfacet
  facet normal -0 0 1
    outer loop
      vertex -21.8221 -49.5383 835
      vertex -10.4215 -99.1538 835
      vertex -21.5 -49.3634 835
    endloop
  endfacet
  facet normal 0 0 1
    outer loop
      vertex -10.4215 -99.1538 835
      vertex -21.8221 -49.5383 835
      vertex -15.5965 -98.4725 835
    endloop
  endfacet
  facet normal -0 0 1
    outer loop
      vertex -22.1528 -49.6961 835
      vertex -15.5965 -98.4725 835
      vertex -21.8221 -49.5383 835
    endloop
  endfacet
  facet normal -0 0 1
    outer loop
      vertex -22.4914 -49.8363 835
      vertex -15.5965 -98.4725 835
      vertex -22.1528 -49.6961 835
    endloop
  endfacet
  facet normal 0 0 1
    outer loop
      vertex -15.5965 -98.4725 835
      vertex -22.4914 -49.8363 835
      vertex -20.7288 -97.5213 835
    endloop
  endfacet
  facet normal -0 0 1
    outer loop
      vertex -22.8369 -49.9587 835
      vertex -20.7288 -97.5213 835
      vertex -22.4914 -49.8363 835
    endloop
  endfacet
  facet normal -0 0 1
    outer loop
      vertex -23.1883 -50.0628 835
      vertex -20.7288 -97.5213 835
      vertex -22.8369 -49.9587 835
    endloop
  endfacet
  facet normal -0 0 1
    outer loop
      vertex -23.5446 -50.1483 835
      vertex -20.7288 -97.5213 835
      vertex -23.1883 -50.0628 835
    endloop
  endfacet
  facet normal 0 0 1
    outer loop
      vertex -25.8043 -96.3028 835
      vertex -23.5446 -50.1483 835
      vertex -23.905 -50.2151 835
    endloop
  endfacet
  facet normal 0 0 1
    outer loop
      vertex -25.8043 -96.3028 835
      vertex -23.905 -50.2151 835
      vertex -24.2683 -50.2629 835
    endloop
  endfacet
  facet normal 0 0 1
    outer loop
      vertex -30.809 -94.8203 835
      vertex -24.2683 -50.2629 835
      vertex -24.6336 -50.2917 835
    endloop
  endfacet
  facet normal 0 0 1
    outer loop
      vertex -30.809 -94.8203 835
      vertex -24.6336 -50.2917 835
      vertex -25 -50.3013 835
    endloop
  endfacet
  facet normal 0 0 1
    outer loop
      vertex -30.809 -94.8203 835
      vertex -25 -50.3013 835
      vertex -25.3664 -50.2917 835
    endloop
  endfacet
  facet normal 0 0 1
    outer loop
      vertex -35.7293 -93.078 835
      vertex -25.3664 -50.2917 835
      vertex -25.7317 -50.2629 835
    endloop
  endfacet
  facet normal 0 0 1
    outer loop
      vertex -23.5446 -50.1483 835
      vertex -25.8043 -96.3028 835
      vertex -20.7288 -97.5213 835
    endloop
  endfacet
  facet normal 0 0 1
    outer loop
      vertex -35.7293 -93.078 835
      vertex -25.7317 -50.2629 835
      vertex -26.095 -50.2151 835
    endloop
  endfacet
  facet normal 0 0 1
    outer loop
      vertex -40.5516 -91.0805 835
      vertex -26.095 -50.2151 835
      vertex -26.4554 -50.1483 835
    endloop
  endfacet
  facet normal 0 0 1
    outer loop
      vertex -40.5516 -91.0805 835
      vertex -26.4554 -50.1483 835
      vertex -26.8117 -50.0628 835
    endloop
  endfacet
  facet normal 0 0 1
    outer loop
      vertex -40.5516 -91.0805 835
      vertex -26.8117 -50.0628 835
      vertex -27.1631 -49.9587 835
    endloop
  endfacet
  facet normal 0 0 1
    outer loop
      vertex -45.2629 -88.8334 835
      vertex -27.1631 -49.9587 835
      vertex -27.5086 -49.8363 835
    endloop
  endfacet
  facet normal 0 0 1
    outer loop
      vertex -45.2629 -88.8334 835
      vertex -27.5086 -49.8363 835
      vertex -27.8472 -49.6961 835
    endloop
  endfacet
  facet normal 0 0 1
    outer loop
      vertex -45.2629 -88.8334 835
      vertex -27.8472 -49.6961 835
      vertex -28.1779 -49.5383 835
    endloop
  endfacet
  facet normal 0 0 1
    outer loop
      vertex -49.85 -86.3427 835
      vertex -28.1779 -49.5383 835
      vertex -28.5 -49.3634 835
    endloop
  endfacet
  facet normal 0 0 1
    outer loop
      vertex -49.85 -86.3427 835
      vertex -28.5 -49.3634 835
      vertex -28.8125 -49.172 835
    endloop
  endfacet
  facet normal 0 0 1
    outer loop
      vertex -49.85 -86.3427 835
      vertex -28.8125 -49.172 835
      vertex -29.1145 -48.9644 835
    endloop
  endfacet
  facet normal 0 0 1
    outer loop
      vertex -54.3005 -83.6155 835
      vertex -29.1145 -48.9644 835
      vertex -29.4052 -48.7413 835
    endloop
  endfacet
  facet normal 0 0 1
    outer loop
      vertex -54.3005 -83.6155 835
      vertex -29.4052 -48.7413 835
      vertex -29.6839 -48.5033 835
    endloop
  endfacet
  facet normal 0 0 1
    outer loop
      vertex -58.6022 -80.659 835
      vertex -29.6839 -48.5033 835
      vertex -29.9497 -48.251 835
    endloop
  endfacet
  facet normal 0 0 1
    outer loop
      vertex -58.6022 -80.659 835
      vertex -29.9497 -48.251 835
      vertex -30.202 -47.9852 835
    endloop
  endfacet
  facet normal 0 0 1
    outer loop
      vertex -58.6022 -80.659 835
      vertex -30.202 -47.9852 835
      vertex -30.44 -47.7065 835
    endloop
  endfacet
  facet normal 0 0 1
    outer loop
      vertex -62.7432 -77.4815 835
      vertex -30.44 -47.7065 835
      vertex -30.6631 -47.4158 835
    endloop
  endfacet
  facet normal 0 0 1
    outer loop
      vertex -24.2683 -50.2629 835
      vertex -30.809 -94.8203 835
      vertex -25.8043 -96.3028 835
    endloop
  endfacet
  facet normal 0 0 1
    outer loop
      vertex -62.7432 -77.4815 835
      vertex -30.6631 -47.4158 835
      vertex -30.8707 -47.1137 835
    endloop
  endfacet
  facet normal 0 0 1
    outer loop
      vertex -62.7432 -77.4815 835
      vertex -30.8707 -47.1137 835
      vertex -31.0622 -46.8013 835
    endloop
  endfacet
  facet normal 0 0 1
    outer loop
      vertex -66.7123 -74.0915 835
      vertex -31.0622 -46.8013 835
      vertex -31.237 -46.4792 835
    endloop
  endfacet
  facet normal 0 0 1
    outer loop
      vertex -66.7123 -74.0915 835
      vertex -31.237 -46.4792 835
      vertex -31.3948 -46.1484 835
    endloop
  endfacet
  facet normal 0 0 1
    outer loop
      vertex -70.4985 -70.4985 835
      vertex -31.3948 -46.1484 835
      vertex -31.5351 -45.8098 835
    endloop
  endfacet
  facet normal 0 0 1
    outer loop
      vertex -70.4985 -70.4985 835
      vertex -31.5351 -45.8098 835
      vertex -31.6574 -45.4644 835
    endloop
  endfacet
  facet normal 0 0 1
    outer loop
      vertex -70.4985 -70.4985 835
      vertex -31.6574 -45.4644 835
      vertex -31.7615 -45.113 835
    endloop
  endfacet
  facet normal 0 0 1
    outer loop
      vertex -74.0915 -66.7123 835
      vertex -31.7615 -45.113 835
      vertex -31.847 -44.7567 835
    endloop
  endfacet
  facet normal 0 0 1
    outer loop
      vertex -74.0915 -66.7123 835
      vertex -31.847 -44.7567 835
      vertex -31.9138 -44.3963 835
    endloop
  endfacet
  facet normal 0 0 1
    outer loop
      vertex -77.4815 -62.7432 835
      vertex -31.9138 -44.3963 835
      vertex -31.9617 -44.033 835
    endloop
  endfacet
  facet normal 0 0 1
    outer loop
      vertex -77.4815 -62.7432 835
      vertex -31.9617 -44.033 835
      vertex -31.9904 -43.6676 835
    endloop
  endfacet
  facet normal 0 0 1
    outer loop
      vertex -80.659 -58.6022 835
      vertex -31.9904 -43.6676 835
      vertex -32 -43.3013 835
    endloop
  endfacet
  facet normal 0 0 1
    outer loop
      vertex -31.5351 45.8098 835
      vertex -70.4985 70.4985 835
      vertex -31.6574 45.4644 835
    endloop
  endfacet
  facet normal 0 0 1
    outer loop
      vertex -25.3664 -50.2917 835
      vertex -35.7293 -93.078 835
      vertex -30.809 -94.8203 835
    endloop
  endfacet
  facet normal 0 0 1
    outer loop
      vertex -31.6574 45.4644 835
      vertex -70.4985 70.4985 835
      vertex -31.7615 45.113 835
    endloop
  endfacet
  facet normal 0 0 1
    outer loop
      vertex -26.095 -50.2151 835
      vertex -40.5516 -91.0805 835
      vertex -35.7293 -93.078 835
    endloop
  endfacet
  facet normal -0 0 1
    outer loop
      vertex -74.0915 66.7123 835
      vertex -31.7615 45.113 835
      vertex -70.4985 70.4985 835
    endloop
  endfacet
  facet normal 0 0 1
    outer loop
      vertex -27.1631 -49.9587 835
      vertex -45.2629 -88.8334 835
      vertex -40.5516 -91.0805 835
    endloop
  endfacet
  facet normal 0 0 1
    outer loop
      vertex -31.7615 45.113 835
      vertex -74.0915 66.7123 835
      vertex -31.847 44.7567 835
    endloop
  endfacet
  facet normal 0 0 1
    outer loop
      vertex -28.1779 -49.5383 835
      vertex -49.85 -86.3427 835
      vertex -45.2629 -88.8334 835
    endloop
  endfacet
  facet normal 0 0 1
    outer loop
      vertex -31.847 44.7567 835
      vertex -74.0915 66.7123 835
      vertex -31.9138 44.3963 835
    endloop
  endfacet
  facet normal 0 0 1
    outer loop
      vertex -29.1145 -48.9644 835
      vertex -54.3005 -83.6155 835
      vertex -49.85 -86.3427 835
    endloop
  endfacet
  facet normal -0 0 1
    outer loop
      vertex -77.4815 62.7432 835
      vertex -31.9138 44.3963 835
      vertex -74.0915 66.7123 835
    endloop
  endfacet
  facet normal 0 0 1
    outer loop
      vertex -29.6839 -48.5033 835
      vertex -58.6022 -80.659 835
      vertex -54.3005 -83.6155 835
    endloop
  endfacet
  facet normal 0 0 1
    outer loop
      vertex -31.9138 44.3963 835
      vertex -77.4815 62.7432 835
      vertex -31.9617 44.033 835
    endloop
  endfacet
  facet normal 0 0 1
    outer loop
      vertex -30.44 -47.7065 835
      vertex -62.7432 -77.4815 835
      vertex -58.6022 -80.659 835
    endloop
  endfacet
  facet normal 0 0 1
    outer loop
      vertex -31.9617 44.033 835
      vertex -77.4815 62.7432 835
      vertex -31.9904 43.6676 835
    endloop
  endfacet
  facet normal 0 0 1
    outer loop
      vertex -31.0622 -46.8013 835
      vertex -66.7123 -74.0915 835
      vertex -62.7432 -77.4815 835
    endloop
  endfacet
  facet normal -0 0 1
    outer loop
      vertex -80.659 58.6022 835
      vertex -31.9904 43.6676 835
      vertex -77.4815 62.7432 835
    endloop
  endfacet
  facet normal 0 0 1
    outer loop
      vertex -31.3948 -46.1484 835
      vertex -70.4985 -70.4985 835
      vertex -66.7123 -74.0915 835
    endloop
  endfacet
  facet normal 0 0 1
    outer loop
      vertex -31.9904 43.6676 835
      vertex -80.659 58.6022 835
      vertex -32 43.3013 835
    endloop
  endfacet
  facet normal 0 0 1
    outer loop
      vertex -31.7615 -45.113 835
      vertex -74.0915 -66.7123 835
      vertex -70.4985 -70.4985 835
    endloop
  endfacet
  facet normal 0 0 1
    outer loop
      vertex -31.9904 42.9349 835
      vertex -80.659 58.6022 835
      vertex -83.6155 54.3005 835
    endloop
  endfacet
  facet normal 0 0 1
    outer loop
      vertex -31.9138 -44.3963 835
      vertex -77.4815 -62.7432 835
      vertex -74.0915 -66.7123 835
    endloop
  endfacet
  facet normal 0 0 1
    outer loop
      vertex -31.9138 42.2062 835
      vertex -83.6155 54.3005 835
      vertex -86.3427 49.85 835
    endloop
  endfacet
  facet normal 0 0 1
    outer loop
      vertex -31.9904 -43.6676 835
      vertex -80.659 -58.6022 835
      vertex -77.4815 -62.7432 835
    endloop
  endfacet
  facet normal 0 0 1
    outer loop
      vertex -31.7615 41.4895 835
      vertex -86.3427 49.85 835
      vertex -88.8334 45.2629 835
    endloop
  endfacet
  facet normal 0 0 1
    outer loop
      vertex -31.9904 -42.9349 835
      vertex -80.659 -58.6022 835
      vertex -32 -43.3013 835
    endloop
  endfacet
  facet normal 0 0 1
    outer loop
      vertex -31.5351 40.7927 835
      vertex -88.8334 45.2629 835
      vertex -91.0805 40.5516 835
    endloop
  endfacet
  facet normal 0 -0 1
    outer loop
      vertex -80.659 -58.6022 835
      vertex -31.9904 -42.9349 835
      vertex -83.6155 -54.3005 835
    endloop
  endfacet
  facet normal 0 0 1
    outer loop
      vertex -31.237 40.1233 835
      vertex -91.0805 40.5516 835
      vertex -93.078 35.7293 835
    endloop
  endfacet
  facet normal 0 0 1
    outer loop
      vertex -31.9617 -42.5696 835
      vertex -83.6155 -54.3005 835
      vertex -31.9904 -42.9349 835
    endloop
  endfacet
  facet normal 0 0 1
    outer loop
      vertex -31.0622 39.8013 835
      vertex -93.078 35.7293 835
      vertex -94.8203 30.809 835
    endloop
  endfacet
  facet normal 0 0 1
    outer loop
      vertex -31.9138 -42.2062 835
      vertex -83.6155 -54.3005 835
      vertex -31.9617 -42.5696 835
    endloop
  endfacet
  facet normal 0 0 1
    outer loop
      vertex -30.6631 39.1868 835
      vertex -94.8203 30.809 835
      vertex -96.3028 25.8043 835
    endloop
  endfacet
  facet normal 0 -0 1
    outer loop
      vertex -83.6155 -54.3005 835
      vertex -31.9138 -42.2062 835
      vertex -86.3427 -49.85 835
    endloop
  endfacet
  facet normal 0 0 1
    outer loop
      vertex -30.44 38.896 835
      vertex -96.3028 25.8043 835
      vertex -97.5213 20.7288 835
    endloop
  endfacet
  facet normal 0 0 1
    outer loop
      vertex -31.847 -41.8459 835
      vertex -86.3427 -49.85 835
      vertex -31.9138 -42.2062 835
    endloop
  endfacet
  facet normal 0 0 1
    outer loop
      vertex -30.202 38.6174 835
      vertex -97.5213 20.7288 835
      vertex -98.4725 15.5965 835
    endloop
  endfacet
  facet normal 0 0 1
    outer loop
      vertex -31.7615 -41.4895 835
      vertex -86.3427 -49.85 835
      vertex -31.847 -41.8459 835
    endloop
  endfacet
  facet normal 0 0 1
    outer loop
      vertex -29.6839 38.0993 835
      vertex -98.4725 15.5965 835
      vertex -99.1538 10.4215 835
    endloop
  endfacet
  facet normal 0 -0 1
    outer loop
      vertex -86.3427 -49.85 835
      vertex -31.7615 -41.4895 835
      vertex -88.8334 -45.2629 835
    endloop
  endfacet
  facet normal 0 0 1
    outer loop
      vertex -29.4052 37.8612 835
      vertex -99.1538 10.4215 835
      vertex -99.5634 5.21789 835
    endloop
  endfacet
  facet normal 0 0 1
    outer loop
      vertex -31.6574 -41.1382 835
      vertex -88.8334 -45.2629 835
      vertex -31.7615 -41.4895 835
    endloop
  endfacet
  facet normal 0 0 1
    outer loop
      vertex -29.1145 37.6382 835
      vertex -99.5634 5.21789 835
      vertex -99.7 0 835
    endloop
  endfacet
  facet normal 0 0 1
    outer loop
      vertex -31.5351 -40.7927 835
      vertex -88.8334 -45.2629 835
      vertex -31.6574 -41.1382 835
    endloop
  endfacet
  facet normal 0 0 1
    outer loop
      vertex -31.237 -40.1233 835
      vertex -91.0805 -40.5516 835
      vertex -31.3948 -40.4541 835
    endloop
  endfacet
  facet normal 0 -0 1
    outer loop
      vertex -88.8334 -45.2629 835
      vertex -31.5351 -40.7927 835
      vertex -91.0805 -40.5516 835
    endloop
  endfacet
  facet normal 0 0 1
    outer loop
      vertex -31.3948 -40.4541 835
      vertex -91.0805 -40.5516 835
      vertex -31.5351 -40.7927 835
    endloop
  endfacet
  facet normal -0 0 1
    outer loop
      vertex 56.9904 0.366351 835
      vertex 99.7 0 835
      vertex 99.5634 5.21789 835
    endloop
  endfacet
  facet normal 0 0 1
    outer loop
      vertex 56.847 1.45538 835
      vertex 99.5634 5.21789 835
      vertex 99.1538 10.4215 835
    endloop
  endfacet
  facet normal 0 0 1
    outer loop
      vertex 99.7 0 835
      vertex 56.9904 0.366351 835
      vertex 57 0 835
    endloop
  endfacet
  facet normal 0 0 1
    outer loop
      vertex 56.5351 2.50858 835
      vertex 99.1538 10.4215 835
      vertex 98.4725 15.5965 835
    endloop
  endfacet
  facet normal 0 0 1
    outer loop
      vertex 56.9904 -0.366351 835
      vertex 99.7 0 835
      vertex 57 0 835
    endloop
  endfacet
  facet normal 0 0 1
    outer loop
      vertex 56.237 3.17793 835
      vertex 98.4725 15.5965 835
      vertex 97.5213 20.7288 835
    endloop
  endfacet
  facet normal 0 0 1
    outer loop
      vertex 99.7 0 835
      vertex 56.9904 -0.366351 835
      vertex 99.5634 -5.21789 835
    endloop
  endfacet
  facet normal 0 0 1
    outer loop
      vertex 55.6631 4.1145 835
      vertex 97.5213 20.7288 835
      vertex 96.3028 25.8043 835
    endloop
  endfacet
  facet normal -0 0 1
    outer loop
      vertex 56.9617 -0.731699 835
      vertex 99.5634 -5.21789 835
      vertex 56.9904 -0.366351 835
    endloop
  endfacet
  facet normal 0 0 1
    outer loop
      vertex 55.202 4.68391 835
      vertex 96.3028 25.8043 835
      vertex 94.8203 30.809 835
    endloop
  endfacet
  facet normal -0 0 1
    outer loop
      vertex 56.9138 -1.09504 835
      vertex 99.5634 -5.21789 835
      vertex 56.9617 -0.731699 835
    endloop
  endfacet
  facet normal 0 0 1
    outer loop
      vertex 54.4052 5.44002 835
      vertex 94.8203 30.809 835
      vertex 93.078 35.7293 835
    endloop
  endfacet
  facet normal -0 0 1
    outer loop
      vertex 56.847 -1.45538 835
      vertex 99.5634 -5.21789 835
      vertex 56.9138 -1.09504 835
    endloop
  endfacet
  facet normal 0 0 1
    outer loop
      vertex 53.8125 5.87069 835
      vertex 93.078 35.7293 835
      vertex 91.0805 40.5516 835
    endloop
  endfacet
  facet normal 0 0 1
    outer loop
      vertex 99.5634 -5.21789 835
      vertex 56.847 -1.45538 835
      vertex 99.1538 -10.4215 835
    endloop
  endfacet
  facet normal 0 0 1
    outer loop
      vertex 53.1779 6.23705 835
      vertex 91.0805 40.5516 835
      vertex 88.8334 45.2629 835
    endloop
  endfacet
  facet normal -0 0 1
    outer loop
      vertex 56.7615 -1.81173 835
      vertex 99.1538 -10.4215 835
      vertex 56.847 -1.45538 835
    endloop
  endfacet
  facet normal 0 0 1
    outer loop
      vertex 52.5086 6.53506 835
      vertex 88.8334 45.2629 835
      vertex 86.3427 49.85 835
    endloop
  endfacet
  facet normal -0 0 1
    outer loop
      vertex 56.6574 -2.16312 835
      vertex 99.1538 -10.4215 835
      vertex 56.7615 -1.81173 835
    endloop
  endfacet
  facet normal 0 0 1
    outer loop
      vertex 51.8117 6.76148 835
      vertex 86.3427 49.85 835
      vertex 83.6155 54.3005 835
    endloop
  endfacet
  facet normal -0 0 1
    outer loop
      vertex 56.5351 -2.50858 835
      vertex 99.1538 -10.4215 835
      vertex 56.6574 -2.16312 835
    endloop
  endfacet
  facet normal 0 0 1
    outer loop
      vertex 51.095 6.91382 835
      vertex 83.6155 54.3005 835
      vertex 80.659 58.6022 835
    endloop
  endfacet
  facet normal 0 0 1
    outer loop
      vertex 99.1538 -10.4215 835
      vertex 56.5351 -2.50858 835
      vertex 98.4725 -15.5965 835
    endloop
  endfacet
  facet normal 0 0 1
    outer loop
      vertex 50.3664 6.99041 835
      vertex 80.659 58.6022 835
      vertex 77.4815 62.7432 835
    endloop
  endfacet
  facet normal -0 0 1
    outer loop
      vertex 56.3948 -2.84716 835
      vertex 98.4725 -15.5965 835
      vertex 56.5351 -2.50858 835
    endloop
  endfacet
  facet normal 0 0 1
    outer loop
      vertex 50 7 835
      vertex 77.4815 62.7432 835
      vertex 74.0915 66.7123 835
    endloop
  endfacet
  facet normal -0 0 1
    outer loop
      vertex 56.237 -3.17793 835
      vertex 98.4725 -15.5965 835
      vertex 56.3948 -2.84716 835
    endloop
  endfacet
  facet normal 0 0 1
    outer loop
      vertex 49.2683 6.96165 835
      vertex 74.0915 66.7123 835
      vertex 70.4985 70.4985 835
    endloop
  endfacet
  facet normal -0 0 1
    outer loop
      vertex 56.0622 -3.5 835
      vertex 97.5213 -20.7288 835
      vertex 56.237 -3.17793 835
    endloop
  endfacet
  facet normal 0 0 1
    outer loop
      vertex 48.905 6.91382 835
      vertex 70.4985 70.4985 835
      vertex 66.7123 74.0915 835
    endloop
  endfacet
  facet normal -0 0 1
    outer loop
      vertex 55.8707 -3.81247 835
      vertex 97.5213 -20.7288 835
      vertex 56.0622 -3.5 835
    endloop
  endfacet
  facet normal 0 0 1
    outer loop
      vertex 48.5446 6.84703 835
      vertex 66.7123 74.0915 835
      vertex 62.7432 77.4815 835
    endloop
  endfacet
  facet normal -0 0 1
    outer loop
      vertex 55.6631 -4.1145 835
      vertex 97.5213 -20.7288 835
      vertex 55.8707 -3.81247 835
    endloop
  endfacet
  facet normal 0 0 1
    outer loop
      vertex 47.8369 6.6574 835
      vertex 62.7432 77.4815 835
      vertex 58.6022 80.659 835
    endloop
  endfacet
  facet normal 0 0 1
    outer loop
      vertex 97.5213 -20.7288 835
      vertex 55.6631 -4.1145 835
      vertex 96.3028 -25.8043 835
    endloop
  endfacet
  facet normal -0 0 1
    outer loop
      vertex 55.44 -4.40524 835
      vertex 96.3028 -25.8043 835
      vertex 55.6631 -4.1145 835
    endloop
  endfacet
  facet normal 0 0 1
    outer loop
      vertex 98.4725 -15.5965 835
      vertex 56.237 -3.17793 835
      vertex 97.5213 -20.7288 835
    endloop
  endfacet
  facet normal 0 0 1
    outer loop
      vertex 99.5634 5.21789 835
      vertex 56.9617 0.731699 835
      vertex 56.9904 0.366351 835
    endloop
  endfacet
  facet normal 0 0 1
    outer loop
      vertex 99.5634 5.21789 835
      vertex 56.9138 1.09504 835
      vertex 56.9617 0.731699 835
    endloop
  endfacet
  facet normal 0 0 1
    outer loop
      vertex 99.5634 5.21789 835
      vertex 56.847 1.45538 835
      vertex 56.9138 1.09504 835
    endloop
  endfacet
  facet normal 0 0 1
    outer loop
      vertex 99.1538 10.4215 835
      vertex 56.7615 1.81173 835
      vertex 56.847 1.45538 835
    endloop
  endfacet
  facet normal 0 0 1
    outer loop
      vertex 99.1538 10.4215 835
      vertex 56.6574 2.16312 835
      vertex 56.7615 1.81173 835
    endloop
  endfacet
  facet normal 0 0 1
    outer loop
      vertex 99.1538 10.4215 835
      vertex 56.5351 2.50858 835
      vertex 56.6574 2.16312 835
    endloop
  endfacet
  facet normal 0 0 1
    outer loop
      vertex 98.4725 15.5965 835
      vertex 56.3948 2.84716 835
      vertex 56.5351 2.50858 835
    endloop
  endfacet
  facet normal 0 0 1
    outer loop
      vertex 98.4725 15.5965 835
      vertex 56.237 3.17793 835
      vertex 56.3948 2.84716 835
    endloop
  endfacet
  facet normal 0 0 1
    outer loop
      vertex 97.5213 20.7288 835
      vertex 56.0622 3.5 835
      vertex 56.237 3.17793 835
    endloop
  endfacet
  facet normal 0 0 1
    outer loop
      vertex 97.5213 20.7288 835
      vertex 55.8707 3.81247 835
      vertex 56.0622 3.5 835
    endloop
  endfacet
  facet normal 0 0 1
    outer loop
      vertex 97.5213 20.7288 835
      vertex 55.6631 4.1145 835
      vertex 55.8707 3.81247 835
    endloop
  endfacet
  facet normal 0 0 1
    outer loop
      vertex 96.3028 25.8043 835
      vertex 55.44 4.40524 835
      vertex 55.6631 4.1145 835
    endloop
  endfacet
  facet normal 0 0 1
    outer loop
      vertex 96.3028 25.8043 835
      vertex 55.202 4.68391 835
      vertex 55.44 4.40524 835
    endloop
  endfacet
  facet normal 0 0 1
    outer loop
      vertex 94.8203 30.809 835
      vertex 54.9497 4.94975 835
      vertex 55.202 4.68391 835
    endloop
  endfacet
  facet normal 0 0 1
    outer loop
      vertex 94.8203 30.809 835
      vertex 54.6839 5.20201 835
      vertex 54.9497 4.94975 835
    endloop
  endfacet
  facet normal 0 0 1
    outer loop
      vertex 94.8203 30.809 835
      vertex 54.4052 5.44002 835
      vertex 54.6839 5.20201 835
    endloop
  endfacet
  facet normal 0 0 1
    outer loop
      vertex 47.4914 6.53506 835
      vertex 58.6022 80.659 835
      vertex 54.3005 83.6155 835
    endloop
  endfacet
  facet normal 0 0 1
    outer loop
      vertex 93.078 35.7293 835
      vertex 54.1145 5.66312 835
      vertex 54.4052 5.44002 835
    endloop
  endfacet
  facet normal 0 0 1
    outer loop
      vertex 93.078 35.7293 835
      vertex 53.8125 5.87069 835
      vertex 54.1145 5.66312 835
    endloop
  endfacet
  facet normal 0 0 1
    outer loop
      vertex 91.0805 40.5516 835
      vertex 53.5 6.06218 835
      vertex 53.8125 5.87069 835
    endloop
  endfacet
  facet normal 0 0 1
    outer loop
      vertex 91.0805 40.5516 835
      vertex 53.1779 6.23705 835
      vertex 53.5 6.06218 835
    endloop
  endfacet
  facet normal 0 0 1
    outer loop
      vertex 88.8334 45.2629 835
      vertex 52.8472 6.39482 835
      vertex 53.1779 6.23705 835
    endloop
  endfacet
  facet normal 0 0 1
    outer loop
      vertex 88.8334 45.2629 835
      vertex 52.5086 6.53506 835
      vertex 52.8472 6.39482 835
    endloop
  endfacet
  facet normal 0 0 1
    outer loop
      vertex 86.3427 49.85 835
      vertex 52.1631 6.6574 835
      vertex 52.5086 6.53506 835
    endloop
  endfacet
  facet normal 0 0 1
    outer loop
      vertex 86.3427 49.85 835
      vertex 51.8117 6.76148 835
      vertex 52.1631 6.6574 835
    endloop
  endfacet
  facet normal 0 0 1
    outer loop
      vertex 83.6155 54.3005 835
      vertex 51.4554 6.84703 835
      vertex 51.8117 6.76148 835
    endloop
  endfacet
  facet normal 0 0 1
    outer loop
      vertex 83.6155 54.3005 835
      vertex 51.095 6.91382 835
      vertex 51.4554 6.84703 835
    endloop
  endfacet
  facet normal 0 0 1
    outer loop
      vertex 80.659 58.6022 835
      vertex 50.7317 6.96165 835
      vertex 51.095 6.91382 835
    endloop
  endfacet
  facet normal 0 0 1
    outer loop
      vertex 80.659 58.6022 835
      vertex 50.3664 6.99041 835
      vertex 50.7317 6.96165 835
    endloop
  endfacet
  facet normal 0 0 1
    outer loop
      vertex 77.4815 62.7432 835
      vertex 50 7 835
      vertex 50.3664 6.99041 835
    endloop
  endfacet
  facet normal 0 0 1
    outer loop
      vertex 47.1528 6.39482 835
      vertex 54.3005 83.6155 835
      vertex 49.85 86.3427 835
    endloop
  endfacet
  facet normal 0 0 1
    outer loop
      vertex 74.0915 66.7123 835
      vertex 49.6336 6.99041 835
      vertex 50 7 835
    endloop
  endfacet
  facet normal 0 0 1
    outer loop
      vertex 74.0915 66.7123 835
      vertex 49.2683 6.96165 835
      vertex 49.6336 6.99041 835
    endloop
  endfacet
  facet normal 0 0 1
    outer loop
      vertex 70.4985 70.4985 835
      vertex 48.905 6.91382 835
      vertex 49.2683 6.96165 835
    endloop
  endfacet
  facet normal 0 0 1
    outer loop
      vertex 66.7123 74.0915 835
      vertex 48.5446 6.84703 835
      vertex 48.905 6.91382 835
    endloop
  endfacet
  facet normal 0 0 1
    outer loop
      vertex 62.7432 77.4815 835
      vertex 48.1883 6.76148 835
      vertex 48.5446 6.84703 835
    endloop
  endfacet
  facet normal 0 0 1
    outer loop
      vertex 62.7432 77.4815 835
      vertex 47.8369 6.6574 835
      vertex 48.1883 6.76148 835
    endloop
  endfacet
  facet normal 0 0 1
    outer loop
      vertex 58.6022 80.659 835
      vertex 47.4914 6.53506 835
      vertex 47.8369 6.6574 835
    endloop
  endfacet
  facet normal 0 0 1
    outer loop
      vertex 54.3005 83.6155 835
      vertex 47.1528 6.39482 835
      vertex 47.4914 6.53506 835
    endloop
  endfacet
  facet normal 0 0 1
    outer loop
      vertex 49.85 86.3427 835
      vertex 46.8221 6.23705 835
      vertex 47.1528 6.39482 835
    endloop
  endfacet
  facet normal -0 0 1
    outer loop
      vertex -18.0096 43.6676 835
      vertex 46.8221 6.23705 835
      vertex 49.85 86.3427 835
    endloop
  endfacet
  facet normal 0 0 1
    outer loop
      vertex 46.8221 6.23705 835
      vertex -18.0096 43.6676 835
      vertex 46.5 6.06218 835
    endloop
  endfacet
  facet normal -0 -0 1
    outer loop
      vertex -18 43.3013 835
      vertex 46.5 6.06218 835
      vertex -18.0096 43.6676 835
    endloop
  endfacet
  facet normal 0 0 1
    outer loop
      vertex 46.5 6.06218 835
      vertex -18 43.3013 835
      vertex 46.1875 5.87069 835
    endloop
  endfacet
  facet normal -0 0 1
    outer loop
      vertex -18.0096 42.9349 835
      vertex 46.1875 5.87069 835
      vertex -18 43.3013 835
    endloop
  endfacet
  facet normal 0 0 1
    outer loop
      vertex -18.0383 44.033 835
      vertex 49.85 86.3427 835
      vertex 45.2629 88.8334 835
    endloop
  endfacet
  facet normal 0 0 1
    outer loop
      vertex 46.1875 5.87069 835
      vertex -18.0096 42.9349 835
      vertex 45.8855 5.66312 835
    endloop
  endfacet
  facet normal -0 0 1
    outer loop
      vertex -18.0383 42.5696 835
      vertex 45.8855 5.66312 835
      vertex -18.0096 42.9349 835
    endloop
  endfacet
  facet normal 0 0 1
    outer loop
      vertex 45.8855 5.66312 835
      vertex -18.0383 42.5696 835
      vertex 45.5948 5.44002 835
    endloop
  endfacet
  facet normal -0 0 1
    outer loop
      vertex -18.0862 42.2062 835
      vertex 45.5948 5.44002 835
      vertex -18.0383 42.5696 835
    endloop
  endfacet
  facet normal 0 0 1
    outer loop
      vertex 45.5948 5.44002 835
      vertex -18.0862 42.2062 835
      vertex 45.3161 5.20201 835
    endloop
  endfacet
  facet normal -0 0 1
    outer loop
      vertex -18.153 41.8459 835
      vertex 45.3161 5.20201 835
      vertex -18.0862 42.2062 835
    endloop
  endfacet
  facet normal 0 0 1
    outer loop
      vertex 45.3161 5.20201 835
      vertex -18.153 41.8459 835
      vertex 45.0503 4.94975 835
    endloop
  endfacet
  facet normal -0 0 1
    outer loop
      vertex -18.2385 41.4895 835
      vertex 45.0503 4.94975 835
      vertex -18.153 41.8459 835
    endloop
  endfacet
  facet normal 0 0 1
    outer loop
      vertex 45.0503 4.94975 835
      vertex -18.2385 41.4895 835
      vertex 44.798 4.68391 835
    endloop
  endfacet
  facet normal -0 0 1
    outer loop
      vertex -18.3426 41.1382 835
      vertex 44.798 4.68391 835
      vertex -18.2385 41.4895 835
    endloop
  endfacet
  facet normal 0 0 1
    outer loop
      vertex 44.798 4.68391 835
      vertex -18.3426 41.1382 835
      vertex 44.56 4.40524 835
    endloop
  endfacet
  facet normal -0 0 1
    outer loop
      vertex -18.4649 40.7927 835
      vertex 44.56 4.40524 835
      vertex -18.3426 41.1382 835
    endloop
  endfacet
  facet normal 0 0 1
    outer loop
      vertex 44.56 4.40524 835
      vertex -18.4649 40.7927 835
      vertex 44.3369 4.1145 835
    endloop
  endfacet
  facet normal -0 0 1
    outer loop
      vertex -18.6052 40.4541 835
      vertex 44.3369 4.1145 835
      vertex -18.4649 40.7927 835
    endloop
  endfacet
  facet normal 0 0 1
    outer loop
      vertex 44.3369 4.1145 835
      vertex -18.6052 40.4541 835
      vertex 44.1293 3.81247 835
    endloop
  endfacet
  facet normal -0 0 1
    outer loop
      vertex -18.763 40.1233 835
      vertex 44.1293 3.81247 835
      vertex -18.6052 40.4541 835
    endloop
  endfacet
  facet normal 0 0 1
    outer loop
      vertex -18.0862 44.3963 835
      vertex 45.2629 88.8334 835
      vertex 40.5516 91.0805 835
    endloop
  endfacet
  facet normal -0 0 1
    outer loop
      vertex 55.202 -4.68391 835
      vertex 96.3028 -25.8043 835
      vertex 55.44 -4.40524 835
    endloop
  endfacet
  facet normal 0 0 1
    outer loop
      vertex 96.3028 -25.8043 835
      vertex 55.202 -4.68391 835
      vertex 94.8203 -30.809 835
    endloop
  endfacet
  facet normal -0 0 1
    outer loop
      vertex 54.9497 -4.94975 835
      vertex 94.8203 -30.809 835
      vertex 55.202 -4.68391 835
    endloop
  endfacet
  facet normal -0 0 1
    outer loop
      vertex 54.6839 -5.20201 835
      vertex 94.8203 -30.809 835
      vertex 54.9497 -4.94975 835
    endloop
  endfacet
  facet normal -0 0 1
    outer loop
      vertex 54.4052 -5.44002 835
      vertex 94.8203 -30.809 835
      vertex 54.6839 -5.20201 835
    endloop
  endfacet
  facet normal 0 0 1
    outer loop
      vertex 94.8203 -30.809 835
      vertex 54.4052 -5.44002 835
      vertex 93.078 -35.7293 835
    endloop
  endfacet
  facet normal -0 0 1
    outer loop
      vertex 54.1145 -5.66312 835
      vertex 93.078 -35.7293 835
      vertex 54.4052 -5.44002 835
    endloop
  endfacet
  facet normal -0 0 1
    outer loop
      vertex 53.8125 -5.87069 835
      vertex 93.078 -35.7293 835
      vertex 54.1145 -5.66312 835
    endloop
  endfacet
  facet normal 0 0 1
    outer loop
      vertex 93.078 -35.7293 835
      vertex 53.8125 -5.87069 835
      vertex 91.0805 -40.5516 835
    endloop
  endfacet
  facet normal -0 0 1
    outer loop
      vertex 53.5 -6.06218 835
      vertex 91.0805 -40.5516 835
      vertex 53.8125 -5.87069 835
    endloop
  endfacet
  facet normal -0 0 1
    outer loop
      vertex 53.1779 -6.23705 835
      vertex 91.0805 -40.5516 835
      vertex 53.5 -6.06218 835
    endloop
  endfacet
  facet normal 0 0 1
    outer loop
      vertex 91.0805 -40.5516 835
      vertex 53.1779 -6.23705 835
      vertex 88.8334 -45.2629 835
    endloop
  endfacet
  facet normal -0 0 1
    outer loop
      vertex 52.8472 -6.39482 835
      vertex 88.8334 -45.2629 835
      vertex 53.1779 -6.23705 835
    endloop
  endfacet
  facet normal -0 0 1
    outer loop
      vertex 52.5086 -6.53506 835
      vertex 88.8334 -45.2629 835
      vertex 52.8472 -6.39482 835
    endloop
  endfacet
  facet normal 0 0 1
    outer loop
      vertex 88.8334 -45.2629 835
      vertex 52.5086 -6.53506 835
      vertex 86.3427 -49.85 835
    endloop
  endfacet
  facet normal -0 0 1
    outer loop
      vertex 52.1631 -6.6574 835
      vertex 86.3427 -49.85 835
      vertex 52.5086 -6.53506 835
    endloop
  endfacet
  facet normal -0 0 1
    outer loop
      vertex 51.8117 -6.76148 835
      vertex 86.3427 -49.85 835
      vertex 52.1631 -6.6574 835
    endloop
  endfacet
  facet normal 0 0 1
    outer loop
      vertex 86.3427 -49.85 835
      vertex 51.8117 -6.76148 835
      vertex 83.6155 -54.3005 835
    endloop
  endfacet
  facet normal -0 0 1
    outer loop
      vertex 51.4554 -6.84703 835
      vertex 83.6155 -54.3005 835
      vertex 51.8117 -6.76148 835
    endloop
  endfacet
  facet normal -0 0 1
    outer loop
      vertex 51.095 -6.91382 835
      vertex 83.6155 -54.3005 835
      vertex 51.4554 -6.84703 835
    endloop
  endfacet
  facet normal 0 0 1
    outer loop
      vertex 83.6155 -54.3005 835
      vertex 51.095 -6.91382 835
      vertex 80.659 -58.6022 835
    endloop
  endfacet
  facet normal -0 0 1
    outer loop
      vertex 50.7317 -6.96165 835
      vertex 80.659 -58.6022 835
      vertex 51.095 -6.91382 835
    endloop
  endfacet
  facet normal -0 0 1
    outer loop
      vertex 50.3664 -6.99041 835
      vertex 80.659 -58.6022 835
      vertex 50.7317 -6.96165 835
    endloop
  endfacet
  facet normal 0 0 1
    outer loop
      vertex 80.659 -58.6022 835
      vertex 50.3664 -6.99041 835
      vertex 77.4815 -62.7432 835
    endloop
  endfacet
  facet normal -0 0 1
    outer loop
      vertex 50 -7 835
      vertex 77.4815 -62.7432 835
      vertex 50.3664 -6.99041 835
    endloop
  endfacet
  facet normal 0 0 1
    outer loop
      vertex 77.4815 -62.7432 835
      vertex 50 -7 835
      vertex 74.0915 -66.7123 835
    endloop
  endfacet
  facet normal 0 0 1
    outer loop
      vertex 49.6336 -6.99041 835
      vertex 74.0915 -66.7123 835
      vertex 50 -7 835
    endloop
  endfacet
  facet normal 0 0 1
    outer loop
      vertex 49.2683 -6.96165 835
      vertex 74.0915 -66.7123 835
      vertex 49.6336 -6.99041 835
    endloop
  endfacet
  facet normal 0 0 1
    outer loop
      vertex 74.0915 -66.7123 835
      vertex 49.2683 -6.96165 835
      vertex 70.4985 -70.4985 835
    endloop
  endfacet
  facet normal 0 0 1
    outer loop
      vertex 48.905 -6.91382 835
      vertex 70.4985 -70.4985 835
      vertex 49.2683 -6.96165 835
    endloop
  endfacet
  facet normal 0 0 1
    outer loop
      vertex 70.4985 -70.4985 835
      vertex 48.905 -6.91382 835
      vertex 66.7123 -74.0915 835
    endloop
  endfacet
  facet normal 0 0 1
    outer loop
      vertex 48.5446 -6.84703 835
      vertex 66.7123 -74.0915 835
      vertex 48.905 -6.91382 835
    endloop
  endfacet
  facet normal 0 0 1
    outer loop
      vertex 66.7123 -74.0915 835
      vertex 48.5446 -6.84703 835
      vertex 62.7432 -77.4815 835
    endloop
  endfacet
  facet normal 0 0 1
    outer loop
      vertex 48.1883 -6.76148 835
      vertex 62.7432 -77.4815 835
      vertex 48.5446 -6.84703 835
    endloop
  endfacet
  facet normal 0 0 1
    outer loop
      vertex 47.8369 -6.6574 835
      vertex 62.7432 -77.4815 835
      vertex 48.1883 -6.76148 835
    endloop
  endfacet
  facet normal 0 0 1
    outer loop
      vertex 62.7432 -77.4815 835
      vertex 47.8369 -6.6574 835
      vertex 58.6022 -80.659 835
    endloop
  endfacet
  facet normal 0 0 1
    outer loop
      vertex 47.4914 -6.53506 835
      vertex 58.6022 -80.659 835
      vertex 47.8369 -6.6574 835
    endloop
  endfacet
  facet normal 0 0 1
    outer loop
      vertex 58.6022 -80.659 835
      vertex 47.4914 -6.53506 835
      vertex 54.3005 -83.6155 835
    endloop
  endfacet
  facet normal 0 0 1
    outer loop
      vertex 47.1528 -6.39482 835
      vertex 54.3005 -83.6155 835
      vertex 47.4914 -6.53506 835
    endloop
  endfacet
  facet normal 0 0 1
    outer loop
      vertex 54.3005 -83.6155 835
      vertex 47.1528 -6.39482 835
      vertex 49.85 -86.3427 835
    endloop
  endfacet
  facet normal 0 0 1
    outer loop
      vertex 46.8221 -6.23705 835
      vertex 49.85 -86.3427 835
      vertex 47.1528 -6.39482 835
    endloop
  endfacet
  facet normal 0 0 1
    outer loop
      vertex -18 -43.3013 835
      vertex 46.8221 -6.23705 835
      vertex 46.5 -6.06218 835
    endloop
  endfacet
  facet normal 0 0 1
    outer loop
      vertex -18 -43.3013 835
      vertex 46.5 -6.06218 835
      vertex 46.1875 -5.87069 835
    endloop
  endfacet
  facet normal 0 0 1
    outer loop
      vertex -18 -43.3013 835
      vertex 46.1875 -5.87069 835
      vertex 45.8855 -5.66312 835
    endloop
  endfacet
  facet normal 0 0 1
    outer loop
      vertex -18 -43.3013 835
      vertex 45.8855 -5.66312 835
      vertex 45.5948 -5.44002 835
    endloop
  endfacet
  facet normal 0 0 1
    outer loop
      vertex -18 -43.3013 835
      vertex 45.5948 -5.44002 835
      vertex 45.3161 -5.20201 835
    endloop
  endfacet
  facet normal 0 0 1
    outer loop
      vertex -18.0096 -43.6676 835
      vertex 46.8221 -6.23705 835
      vertex -18 -43.3013 835
    endloop
  endfacet
  facet normal 0 0 1
    outer loop
      vertex -18 -43.3013 835
      vertex 45.3161 -5.20201 835
      vertex 45.0503 -4.94975 835
    endloop
  endfacet
  facet normal 0 0 1
    outer loop
      vertex -18 -43.3013 835
      vertex 45.0503 -4.94975 835
      vertex 44.798 -4.68391 835
    endloop
  endfacet
  facet normal 0 0 1
    outer loop
      vertex -18 -43.3013 835
      vertex 44.798 -4.68391 835
      vertex 44.56 -4.40524 835
    endloop
  endfacet
  facet normal 0 0 1
    outer loop
      vertex -18 -43.3013 835
      vertex 44.56 -4.40524 835
      vertex 44.3369 -4.1145 835
    endloop
  endfacet
  facet normal 0 0 1
    outer loop
      vertex -18 -43.3013 835
      vertex 44.3369 -4.1145 835
      vertex 44.1293 -3.81247 835
    endloop
  endfacet
  facet normal 0 0 1
    outer loop
      vertex -18 -43.3013 835
      vertex 44.1293 -3.81247 835
      vertex 43.9378 -3.5 835
    endloop
  endfacet
  facet normal 0 0 1
    outer loop
      vertex -18 -43.3013 835
      vertex 43.9378 -3.5 835
      vertex 43.763 -3.17793 835
    endloop
  endfacet
  facet normal 0 0 1
    outer loop
      vertex -18 -43.3013 835
      vertex 43.763 -3.17793 835
      vertex 43.6052 -2.84716 835
    endloop
  endfacet
  facet normal 0 0 1
    outer loop
      vertex -18 -43.3013 835
      vertex 43.6052 -2.84716 835
      vertex 43.4649 -2.50858 835
    endloop
  endfacet
  facet normal 0 0 1
    outer loop
      vertex 43.2385 -1.81173 835
      vertex -18 -43.3013 835
      vertex 43.3426 -2.16312 835
    endloop
  endfacet
  facet normal 0 0 1
    outer loop
      vertex 43.153 -1.45538 835
      vertex -18 -43.3013 835
      vertex 43.2385 -1.81173 835
    endloop
  endfacet
  facet normal 0 0 1
    outer loop
      vertex 43.0862 -1.09504 835
      vertex -18 -43.3013 835
      vertex 43.153 -1.45538 835
    endloop
  endfacet
  facet normal 0 0 1
    outer loop
      vertex 43.0383 -0.731699 835
      vertex -18 -43.3013 835
      vertex 43.0862 -1.09504 835
    endloop
  endfacet
  facet normal 0 0 1
    outer loop
      vertex 43.0096 -0.366351 835
      vertex -18 -43.3013 835
      vertex 43.0383 -0.731699 835
    endloop
  endfacet
  facet normal 0 0 1
    outer loop
      vertex 43 0 835
      vertex -18 -43.3013 835
      vertex 43.0096 -0.366351 835
    endloop
  endfacet
  facet normal 0 0 1
    outer loop
      vertex 43.9378 3.5 835
      vertex -18.9378 39.8013 835
      vertex 43.763 3.17793 835
    endloop
  endfacet
  facet normal 0 0 1
    outer loop
      vertex 44.1293 3.81247 835
      vertex -18.763 40.1233 835
      vertex 43.9378 3.5 835
    endloop
  endfacet
  facet normal 0 0 1
    outer loop
      vertex 43.3426 -2.16312 835
      vertex -18 -43.3013 835
      vertex 43.4649 -2.50858 835
    endloop
  endfacet
  facet normal 0 0 1
    outer loop
      vertex -18.153 44.7567 835
      vertex 40.5516 91.0805 835
      vertex 35.7293 93.078 835
    endloop
  endfacet
  facet normal 0 0 1
    outer loop
      vertex 46.8221 -6.23705 835
      vertex -18.0096 -43.6676 835
      vertex 49.85 -86.3427 835
    endloop
  endfacet
  facet normal 0 0 1
    outer loop
      vertex -18.2385 45.113 835
      vertex 35.7293 93.078 835
      vertex 30.809 94.8203 835
    endloop
  endfacet
  facet normal -0 0 1
    outer loop
      vertex -18.0383 -44.033 835
      vertex 49.85 -86.3427 835
      vertex -18.0096 -43.6676 835
    endloop
  endfacet
  facet normal 0 0 1
    outer loop
      vertex -18.4649 45.8098 835
      vertex 30.809 94.8203 835
      vertex 25.8043 96.3028 835
    endloop
  endfacet
  facet normal 0 0 1
    outer loop
      vertex 49.85 -86.3427 835
      vertex -18.0383 -44.033 835
      vertex 45.2629 -88.8334 835
    endloop
  endfacet
  facet normal 0 0 1
    outer loop
      vertex -18.6052 46.1484 835
      vertex 25.8043 96.3028 835
      vertex 20.7288 97.5213 835
    endloop
  endfacet
  facet normal -0 0 1
    outer loop
      vertex -18.0862 -44.3963 835
      vertex 45.2629 -88.8334 835
      vertex -18.0383 -44.033 835
    endloop
  endfacet
  facet normal 0 0 1
    outer loop
      vertex -18.763 46.4792 835
      vertex 20.7288 97.5213 835
      vertex 15.5965 98.4725 835
    endloop
  endfacet
  facet normal 0 0 1
    outer loop
      vertex 45.2629 -88.8334 835
      vertex -18.0862 -44.3963 835
      vertex 40.5516 -91.0805 835
    endloop
  endfacet
  facet normal 0 0 1
    outer loop
      vertex -19.1293 47.1137 835
      vertex 15.5965 98.4725 835
      vertex 10.4215 99.1538 835
    endloop
  endfacet
  facet normal -0 0 1
    outer loop
      vertex -18.153 -44.7567 835
      vertex 40.5516 -91.0805 835
      vertex -18.0862 -44.3963 835
    endloop
  endfacet
  facet normal 0 0 1
    outer loop
      vertex -19.56 47.7065 835
      vertex 10.4215 99.1538 835
      vertex 5.21789 99.5634 835
    endloop
  endfacet
  facet normal 0 0 1
    outer loop
      vertex 40.5516 -91.0805 835
      vertex -18.153 -44.7567 835
      vertex 35.7293 -93.078 835
    endloop
  endfacet
  facet normal 0 0 1
    outer loop
      vertex -20.0503 48.251 835
      vertex 5.21789 99.5634 835
      vertex 0 99.7 835
    endloop
  endfacet
  facet normal -0 0 1
    outer loop
      vertex -18.2385 -45.113 835
      vertex 35.7293 -93.078 835
      vertex -18.153 -44.7567 835
    endloop
  endfacet
  facet normal 0 0 1
    outer loop
      vertex -20.3161 48.5033 835
      vertex 0 99.7 835
      vertex -5.21789 99.5634 835
    endloop
  endfacet
  facet normal 0 0 1
    outer loop
      vertex 35.7293 -93.078 835
      vertex -18.2385 -45.113 835
      vertex 30.809 -94.8203 835
    endloop
  endfacet
  facet normal 0 0 1
    outer loop
      vertex -21.1875 49.172 835
      vertex -5.21789 99.5634 835
      vertex -10.4215 99.1538 835
    endloop
  endfacet
  facet normal -0 0 1
    outer loop
      vertex -18.3426 -45.4644 835
      vertex 30.809 -94.8203 835
      vertex -18.2385 -45.113 835
    endloop
  endfacet
  facet normal 0 0 1
    outer loop
      vertex -21.8221 49.5383 835
      vertex -10.4215 99.1538 835
      vertex -15.5965 98.4725 835
    endloop
  endfacet
  facet normal -0 0 1
    outer loop
      vertex -18.4649 -45.8098 835
      vertex 30.809 -94.8203 835
      vertex -18.3426 -45.4644 835
    endloop
  endfacet
  facet normal 0 0 1
    outer loop
      vertex 30.809 -94.8203 835
      vertex -18.4649 -45.8098 835
      vertex 25.8043 -96.3028 835
    endloop
  endfacet
  facet normal -0 0 1
    outer loop
      vertex -18.9378 39.8013 835
      vertex 43.9378 3.5 835
      vertex -18.763 40.1233 835
    endloop
  endfacet
  facet normal 0 0 1
    outer loop
      vertex 49.85 86.3427 835
      vertex -18.0383 44.033 835
      vertex -18.0096 43.6676 835
    endloop
  endfacet
  facet normal 0 0 1
    outer loop
      vertex 45.2629 88.8334 835
      vertex -18.0862 44.3963 835
      vertex -18.0383 44.033 835
    endloop
  endfacet
  facet normal 0 0 1
    outer loop
      vertex 40.5516 91.0805 835
      vertex -18.153 44.7567 835
      vertex -18.0862 44.3963 835
    endloop
  endfacet
  facet normal 0 0 1
    outer loop
      vertex 35.7293 93.078 835
      vertex -18.2385 45.113 835
      vertex -18.153 44.7567 835
    endloop
  endfacet
  facet normal 0 0 1
    outer loop
      vertex 30.809 94.8203 835
      vertex -18.3426 45.4644 835
      vertex -18.2385 45.113 835
    endloop
  endfacet
  facet normal 0 0 1
    outer loop
      vertex 30.809 94.8203 835
      vertex -18.4649 45.8098 835
      vertex -18.3426 45.4644 835
    endloop
  endfacet
  facet normal 0 0 1
    outer loop
      vertex 25.8043 96.3028 835
      vertex -18.6052 46.1484 835
      vertex -18.4649 45.8098 835
    endloop
  endfacet
  facet normal 0 0 1
    outer loop
      vertex 20.7288 97.5213 835
      vertex -18.763 46.4792 835
      vertex -18.6052 46.1484 835
    endloop
  endfacet
  facet normal 0 0 1
    outer loop
      vertex 15.5965 98.4725 835
      vertex -18.9378 46.8013 835
      vertex -18.763 46.4792 835
    endloop
  endfacet
  facet normal 0 0 1
    outer loop
      vertex 15.5965 98.4725 835
      vertex -19.1293 47.1137 835
      vertex -18.9378 46.8013 835
    endloop
  endfacet
  facet normal 0 0 1
    outer loop
      vertex 10.4215 99.1538 835
      vertex -19.3369 47.4158 835
      vertex -19.1293 47.1137 835
    endloop
  endfacet
  facet normal 0 0 1
    outer loop
      vertex 10.4215 99.1538 835
      vertex -19.56 47.7065 835
      vertex -19.3369 47.4158 835
    endloop
  endfacet
  facet normal 0 0 1
    outer loop
      vertex 5.21789 99.5634 835
      vertex -19.798 47.9852 835
      vertex -19.56 47.7065 835
    endloop
  endfacet
  facet normal 0 0 1
    outer loop
      vertex 5.21789 99.5634 835
      vertex -20.0503 48.251 835
      vertex -19.798 47.9852 835
    endloop
  endfacet
  facet normal 0 0 1
    outer loop
      vertex 0 99.7 835
      vertex -20.3161 48.5033 835
      vertex -20.0503 48.251 835
    endloop
  endfacet
  facet normal 0 0 1
    outer loop
      vertex -5.21789 99.5634 835
      vertex -20.5948 48.7413 835
      vertex -20.3161 48.5033 835
    endloop
  endfacet
  facet normal 0 0 1
    outer loop
      vertex -22.4914 49.8363 835
      vertex -15.5965 98.4725 835
      vertex -20.7288 97.5213 835
    endloop
  endfacet
  facet normal 0 0 1
    outer loop
      vertex -5.21789 99.5634 835
      vertex -20.8855 48.9644 835
      vertex -20.5948 48.7413 835
    endloop
  endfacet
  facet normal 0 0 1
    outer loop
      vertex -5.21789 99.5634 835
      vertex -21.1875 49.172 835
      vertex -20.8855 48.9644 835
    endloop
  endfacet
  facet normal 0 0 1
    outer loop
      vertex -10.4215 99.1538 835
      vertex -21.5 49.3634 835
      vertex -21.1875 49.172 835
    endloop
  endfacet
  facet normal 0 0 1
    outer loop
      vertex -10.4215 99.1538 835
      vertex -21.8221 49.5383 835
      vertex -21.5 49.3634 835
    endloop
  endfacet
  facet normal 0 0 1
    outer loop
      vertex -15.5965 98.4725 835
      vertex -22.1528 49.6961 835
      vertex -21.8221 49.5383 835
    endloop
  endfacet
  facet normal 0 0 1
    outer loop
      vertex -15.5965 98.4725 835
      vertex -22.4914 49.8363 835
      vertex -22.1528 49.6961 835
    endloop
  endfacet
  facet normal 0 0 1
    outer loop
      vertex -20.7288 97.5213 835
      vertex -22.8369 49.9587 835
      vertex -22.4914 49.8363 835
    endloop
  endfacet
  facet normal 0 0 1
    outer loop
      vertex -20.7288 97.5213 835
      vertex -23.1883 50.0628 835
      vertex -22.8369 49.9587 835
    endloop
  endfacet
  facet normal 0 0 1
    outer loop
      vertex -20.7288 97.5213 835
      vertex -23.5446 50.1483 835
      vertex -23.1883 50.0628 835
    endloop
  endfacet
  facet normal -0 0 1
    outer loop
      vertex -25.8043 96.3028 835
      vertex -23.5446 50.1483 835
      vertex -20.7288 97.5213 835
    endloop
  endfacet
  facet normal 0 0 1
    outer loop
      vertex -23.5446 50.1483 835
      vertex -25.8043 96.3028 835
      vertex -23.905 50.2151 835
    endloop
  endfacet
  facet normal 0 0 1
    outer loop
      vertex -23.905 50.2151 835
      vertex -25.8043 96.3028 835
      vertex -24.2683 50.2629 835
    endloop
  endfacet
  facet normal -0 0 1
    outer loop
      vertex -30.809 94.8203 835
      vertex -24.2683 50.2629 835
      vertex -25.8043 96.3028 835
    endloop
  endfacet
  facet normal 0 0 1
    outer loop
      vertex -24.2683 50.2629 835
      vertex -30.809 94.8203 835
      vertex -24.6336 50.2917 835
    endloop
  endfacet
  facet normal 0 0 1
    outer loop
      vertex -24.6336 50.2917 835
      vertex -30.809 94.8203 835
      vertex -25 50.3013 835
    endloop
  endfacet
  facet normal 0 0 1
    outer loop
      vertex -25 50.3013 835
      vertex -30.809 94.8203 835
      vertex -25.3664 50.2917 835
    endloop
  endfacet
  facet normal -0 0 1
    outer loop
      vertex -35.7293 93.078 835
      vertex -25.3664 50.2917 835
      vertex -30.809 94.8203 835
    endloop
  endfacet
  facet normal 0 0 1
    outer loop
      vertex -25.3664 50.2917 835
      vertex -35.7293 93.078 835
      vertex -25.7317 50.2629 835
    endloop
  endfacet
  facet normal 0 0 1
    outer loop
      vertex -25.7317 50.2629 835
      vertex -35.7293 93.078 835
      vertex -26.095 50.2151 835
    endloop
  endfacet
  facet normal -0 0 1
    outer loop
      vertex -40.5516 91.0805 835
      vertex -26.095 50.2151 835
      vertex -35.7293 93.078 835
    endloop
  endfacet
  facet normal 0 0 1
    outer loop
      vertex -26.095 50.2151 835
      vertex -40.5516 91.0805 835
      vertex -26.4554 50.1483 835
    endloop
  endfacet
  facet normal 0 0 1
    outer loop
      vertex -26.4554 50.1483 835
      vertex -40.5516 91.0805 835
      vertex -26.8117 50.0628 835
    endloop
  endfacet
  facet normal 0 0 1
    outer loop
      vertex -26.8117 50.0628 835
      vertex -40.5516 91.0805 835
      vertex -27.1631 49.9587 835
    endloop
  endfacet
  facet normal -0 0 1
    outer loop
      vertex -45.2629 88.8334 835
      vertex -27.1631 49.9587 835
      vertex -40.5516 91.0805 835
    endloop
  endfacet
  facet normal 0 0 1
    outer loop
      vertex -27.1631 49.9587 835
      vertex -45.2629 88.8334 835
      vertex -27.5086 49.8363 835
    endloop
  endfacet
  facet normal 0 0 1
    outer loop
      vertex -27.5086 49.8363 835
      vertex -45.2629 88.8334 835
      vertex -27.8472 49.6961 835
    endloop
  endfacet
  facet normal 0 0 1
    outer loop
      vertex -27.8472 49.6961 835
      vertex -45.2629 88.8334 835
      vertex -28.1779 49.5383 835
    endloop
  endfacet
  facet normal -0 0 1
    outer loop
      vertex -49.85 86.3427 835
      vertex -28.1779 49.5383 835
      vertex -45.2629 88.8334 835
    endloop
  endfacet
  facet normal 0 0 1
    outer loop
      vertex -28.1779 49.5383 835
      vertex -49.85 86.3427 835
      vertex -28.5 49.3634 835
    endloop
  endfacet
  facet normal 0 0 1
    outer loop
      vertex -28.5 49.3634 835
      vertex -49.85 86.3427 835
      vertex -28.8125 49.172 835
    endloop
  endfacet
  facet normal 0 0 1
    outer loop
      vertex -28.8125 49.172 835
      vertex -49.85 86.3427 835
      vertex -29.1145 48.9644 835
    endloop
  endfacet
  facet normal -0 0 1
    outer loop
      vertex -54.3005 83.6155 835
      vertex -29.1145 48.9644 835
      vertex -49.85 86.3427 835
    endloop
  endfacet
  facet normal 0 0 1
    outer loop
      vertex -29.1145 48.9644 835
      vertex -54.3005 83.6155 835
      vertex -29.4052 48.7413 835
    endloop
  endfacet
  facet normal 0 0 1
    outer loop
      vertex -29.4052 48.7413 835
      vertex -54.3005 83.6155 835
      vertex -29.6839 48.5033 835
    endloop
  endfacet
  facet normal -0 0 1
    outer loop
      vertex -58.6022 80.659 835
      vertex -29.6839 48.5033 835
      vertex -54.3005 83.6155 835
    endloop
  endfacet
  facet normal 0 0 1
    outer loop
      vertex -29.6839 48.5033 835
      vertex -58.6022 80.659 835
      vertex -29.9497 48.251 835
    endloop
  endfacet
  facet normal 0 0 1
    outer loop
      vertex -29.9497 48.251 835
      vertex -58.6022 80.659 835
      vertex -30.202 47.9852 835
    endloop
  endfacet
  facet normal 0 0 1
    outer loop
      vertex -30.202 47.9852 835
      vertex -58.6022 80.659 835
      vertex -30.44 47.7065 835
    endloop
  endfacet
  facet normal -0 0 1
    outer loop
      vertex -62.7432 77.4815 835
      vertex -30.44 47.7065 835
      vertex -58.6022 80.659 835
    endloop
  endfacet
  facet normal 0 0 1
    outer loop
      vertex -30.44 47.7065 835
      vertex -62.7432 77.4815 835
      vertex -30.6631 47.4158 835
    endloop
  endfacet
  facet normal 0 0 1
    outer loop
      vertex -30.6631 47.4158 835
      vertex -62.7432 77.4815 835
      vertex -30.8707 47.1137 835
    endloop
  endfacet
  facet normal 0 0 1
    outer loop
      vertex -30.8707 47.1137 835
      vertex -62.7432 77.4815 835
      vertex -31.0622 46.8013 835
    endloop
  endfacet
  facet normal -0 0 1
    outer loop
      vertex -66.7123 74.0915 835
      vertex -31.0622 46.8013 835
      vertex -62.7432 77.4815 835
    endloop
  endfacet
  facet normal 0 0 1
    outer loop
      vertex -31.0622 46.8013 835
      vertex -66.7123 74.0915 835
      vertex -31.237 46.4792 835
    endloop
  endfacet
  facet normal 0 0 1
    outer loop
      vertex -31.237 46.4792 835
      vertex -66.7123 74.0915 835
      vertex -31.3948 46.1484 835
    endloop
  endfacet
  facet normal 0 0 1
    outer loop
      vertex -31.3948 46.1484 835
      vertex -70.4985 70.4985 835
      vertex -31.5351 45.8098 835
    endloop
  endfacet
  facet normal -0 0 1
    outer loop
      vertex -70.4985 70.4985 835
      vertex -31.3948 46.1484 835
      vertex -66.7123 74.0915 835
    endloop
  endfacet
  facet normal -0.566409 -0.824124 0
    outer loop
      vertex -58.6022 -80.659 800
      vertex -54.3005 -83.6155 835
      vertex -58.6022 -80.659 835
    endloop
  endfacet
  facet normal -0.566409 -0.824124 -0
    outer loop
      vertex -54.3005 -83.6155 835
      vertex -58.6022 -80.659 800
      vertex -54.3005 -83.6155 800
    endloop
  endfacet
  facet normal -0.852646 0.522489 0
    outer loop
      vertex -86.3427 49.85 800
      vertex -83.6155 54.3005 835
      vertex -83.6155 54.3005 800
    endloop
  endfacet
  facet normal -0.852646 0.522489 0
    outer loop
      vertex -83.6155 54.3005 835
      vertex -86.3427 49.85 800
      vertex -86.3427 49.85 835
    endloop
  endfacet
  facet normal -0.333795 -0.942646 0
    outer loop
      vertex -35.7293 -93.078 800
      vertex -30.809 -94.8203 835
      vertex -35.7293 -93.078 835
    endloop
  endfacet
  facet normal -0.333795 -0.942646 -0
    outer loop
      vertex -30.809 -94.8203 835
      vertex -35.7293 -93.078 800
      vertex -30.809 -94.8203 800
    endloop
  endfacet
  facet normal -0.566409 0.824124 0
    outer loop
      vertex -54.3005 83.6155 800
      vertex -58.6022 80.659 835
      vertex -54.3005 83.6155 835
    endloop
  endfacet
  facet normal -0.566409 0.824124 0
    outer loop
      vertex -58.6022 80.659 835
      vertex -54.3005 83.6155 800
      vertex -58.6022 80.659 800
    endloop
  endfacet
  facet normal 0.38269 0.923877 -0
    outer loop
      vertex 40.5516 91.0805 800
      vertex 35.7293 93.078 835
      vertex 40.5516 91.0805 835
    endloop
  endfacet
  facet normal 0.38269 0.923877 0
    outer loop
      vertex 35.7293 93.078 835
      vertex 40.5516 91.0805 800
      vertex 35.7293 93.078 800
    endloop
  endfacet
  facet normal -0.233442 0.972371 0
    outer loop
      vertex -20.7288 97.5213 800
      vertex -25.8043 96.3028 835
      vertex -20.7288 97.5213 835
    endloop
  endfacet
  facet normal -0.233442 0.972371 0
    outer loop
      vertex -25.8043 96.3028 835
      vertex -20.7288 97.5213 800
      vertex -25.8043 96.3028 800
    endloop
  endfacet
  facet normal -0.983255 0.182233 0
    outer loop
      vertex -98.4725 15.5965 800
      vertex -97.5213 20.7288 835
      vertex -97.5213 20.7288 800
    endloop
  endfacet
  facet normal -0.983255 0.182233 0
    outer loop
      vertex -97.5213 20.7288 835
      vertex -98.4725 15.5965 800
      vertex -98.4725 15.5965 835
    endloop
  endfacet
  facet normal -0.991445 0.130526 0
    outer loop
      vertex -99.1538 10.4215 800
      vertex -98.4725 15.5965 835
      vertex -98.4725 15.5965 800
    endloop
  endfacet
  facet normal -0.991445 0.130526 0
    outer loop
      vertex -98.4725 15.5965 835
      vertex -99.1538 10.4215 800
      vertex -99.1538 10.4215 835
    endloop
  endfacet
  facet normal -0.477175 -0.878808 0
    outer loop
      vertex -49.85 -86.3427 800
      vertex -45.2629 -88.8334 835
      vertex -49.85 -86.3427 835
    endloop
  endfacet
  facet normal -0.477175 -0.878808 -0
    outer loop
      vertex -45.2629 -88.8334 835
      vertex -49.85 -86.3427 800
      vertex -45.2629 -88.8334 800
    endloop
  endfacet
  facet normal -0.284022 0.958818 0
    outer loop
      vertex -25.8043 96.3028 800
      vertex -30.809 94.8203 835
      vertex -25.8043 96.3028 835
    endloop
  endfacet
  facet normal -0.284022 0.958818 0
    outer loop
      vertex -30.809 94.8203 835
      vertex -25.8043 96.3028 800
      vertex -30.809 94.8203 800
    endloop
  endfacet
  facet normal -0.902591 0.430499 0
    outer loop
      vertex -91.0805 40.5516 800
      vertex -88.8334 45.2629 835
      vertex -88.8334 45.2629 800
    endloop
  endfacet
  facet normal -0.902591 0.430499 0
    outer loop
      vertex -88.8334 45.2629 835
      vertex -91.0805 40.5516 800
      vertex -91.0805 40.5516 835
    endloop
  endfacet
  facet normal -0.902591 -0.430499 0
    outer loop
      vertex -88.8334 -45.2629 800
      vertex -91.0805 -40.5516 835
      vertex -91.0805 -40.5516 800
    endloop
  endfacet
  facet normal -0.902591 -0.430499 0
    outer loop
      vertex -91.0805 -40.5516 835
      vertex -88.8334 -45.2629 800
      vertex -88.8334 -45.2629 835
    endloop
  endfacet
  facet normal -0.430499 -0.902591 0
    outer loop
      vertex -45.2629 -88.8334 800
      vertex -40.5516 -91.0805 835
      vertex -45.2629 -88.8334 835
    endloop
  endfacet
  facet normal -0.430499 -0.902591 -0
    outer loop
      vertex -40.5516 -91.0805 835
      vertex -45.2629 -88.8334 800
      vertex -40.5516 -91.0805 800
    endloop
  endfacet
  facet normal -0.958818 -0.284022 0
    outer loop
      vertex -94.8203 -30.809 800
      vertex -96.3028 -25.8043 835
      vertex -96.3028 -25.8043 800
    endloop
  endfacet
  facet normal -0.958818 -0.284022 0
    outer loop
      vertex -96.3028 -25.8043 835
      vertex -94.8203 -30.809 800
      vertex -94.8203 -30.809 835
    endloop
  endfacet
  facet normal 0.923877 -0.38269 0
    outer loop
      vertex 91.0805 -40.5516 835
      vertex 93.078 -35.7293 800
      vertex 93.078 -35.7293 835
    endloop
  endfacet
  facet normal 0.923877 -0.38269 0
    outer loop
      vertex 93.078 -35.7293 800
      vertex 91.0805 -40.5516 835
      vertex 91.0805 -40.5516 800
    endloop
  endfacet
  facet normal 0.942646 -0.333795 0
    outer loop
      vertex 93.078 -35.7293 835
      vertex 94.8203 -30.809 800
      vertex 94.8203 -30.809 835
    endloop
  endfacet
  facet normal 0.942646 -0.333795 0
    outer loop
      vertex 94.8203 -30.809 800
      vertex 93.078 -35.7293 835
      vertex 93.078 -35.7293 800
    endloop
  endfacet
  facet normal -0.477175 0.878808 0
    outer loop
      vertex -45.2629 88.8334 800
      vertex -49.85 86.3427 835
      vertex -45.2629 88.8334 835
    endloop
  endfacet
  facet normal -0.477175 0.878808 0
    outer loop
      vertex -49.85 86.3427 835
      vertex -45.2629 88.8334 800
      vertex -49.85 86.3427 800
    endloop
  endfacet
  facet normal -0.608761 -0.793353 0
    outer loop
      vertex -62.7432 -77.4815 800
      vertex -58.6022 -80.659 835
      vertex -62.7432 -77.4815 835
    endloop
  endfacet
  facet normal -0.608761 -0.793353 -0
    outer loop
      vertex -58.6022 -80.659 835
      vertex -62.7432 -77.4815 800
      vertex -58.6022 -80.659 800
    endloop
  endfacet
  facet normal 0 0 -1
    outer loop
      vertex -60 -5 20
      vertex 60 5 20
      vertex 60 -5 20
    endloop
  endfacet
  facet normal -0 0 -1
    outer loop
      vertex 60 5 20
      vertex -60 -5 20
      vertex -60 5 20
    endloop
  endfacet
  facet normal 1 -0 0
    outer loop
      vertex 60 -5 400
      vertex 60 5 20
      vertex 60 5 400
    endloop
  endfacet
  facet normal 1 0 0
    outer loop
      vertex 60 5 20
      vertex 60 -5 400
      vertex 60 -5 20
    endloop
  endfacet
  facet normal -0 0 1
    outer loop
      vertex -60 5 400
      vertex 60 -5 400
      vertex 60 5 400
    endloop
  endfacet
  facet normal 0 0 1
    outer loop
      vertex 60 -5 400
      vertex -60 5 400
      vertex -60 -5 400
    endloop
  endfacet
  facet normal -1 0 0
    outer loop
      vertex -60 -5 20
      vertex -60 5 400
      vertex -60 5 20
    endloop
  endfacet
  facet normal -1 -0 0
    outer loop
      vertex -60 5 400
      vertex -60 -5 20
      vertex -60 -5 400
    endloop
  endfacet
  facet normal 0 1 -0
    outer loop
      vertex 60 5 20
      vertex -60 5 400
      vertex 60 5 400
    endloop
  endfacet
  facet normal 0 1 0
    outer loop
      vertex -60 5 400
      vertex 60 5 20
      vertex -60 5 20
    endloop
  endfacet
  facet normal 0 -1 0
    outer loop
      vertex -60 -5 20
      vertex 60 -5 400
      vertex -60 -5 400
    endloop
  endfacet
  facet normal 0 -1 -0
    outer loop
      vertex 60 -5 400
      vertex -60 -5 20
      vertex 60 -5 20
    endloop
  endfacet
endsolid OpenSCAD_Model
