solid OpenSCAD_Model
  facet normal 0.994522 0.104529 0
    outer loop
      vertex 49.8782 3.48782 400
      vertex 49.5134 6.95865 0
      vertex 49.5134 6.95865 400
    endloop
  endfacet
  facet normal 0.994522 0.104529 0
    outer loop
      vertex 49.5134 6.95865 0
      vertex 49.8782 3.48782 400
      vertex 49.8782 3.48782 0
    endloop
  endfacet
  facet normal 0.999391 0.0349003 0
    outer loop
      vertex 50 0 400
      vertex 49.8782 3.48782 0
      vertex 49.8782 3.48782 400
    endloop
  endfacet
  facet normal 0.999391 0.0349003 0
    outer loop
      vertex 49.8782 3.48782 0
      vertex 50 0 400
      vertex 50 0 0
    endloop
  endfacet
  facet normal 0 1 -0
    outer loop
      vertex 1.74497 49.9695 0
      vertex -1.74497 49.9695 400
      vertex 1.74497 49.9695 400
    endloop
  endfacet
  facet normal 0 1 0
    outer loop
      vertex -1.74497 49.9695 400
      vertex 1.74497 49.9695 0
      vertex -1.74497 49.9695 0
    endloop
  endfacet
  facet normal -0.529927 0.848043 0
    outer loop
      vertex -25 43.3013 0
      vertex -27.9596 41.4519 400
      vertex -25 43.3013 400
    endloop
  endfacet
  facet normal -0.529927 0.848043 0
    outer loop
      vertex -27.9596 41.4519 400
      vertex -25 43.3013 0
      vertex -27.9596 41.4519 0
    endloop
  endfacet
  facet normal 0.999391 -0.0349003 0
    outer loop
      vertex 49.8782 -3.48782 400
      vertex 50 0 0
      vertex 50 0 400
    endloop
  endfacet
  facet normal 0.999391 -0.0349003 0
    outer loop
      vertex 50 0 0
      vertex 49.8782 -3.48782 400
      vertex 49.8782 -3.48782 0
    endloop
  endfacet
  facet normal 0.207911 -0.978148 0
    outer loop
      vertex 8.68241 -49.2404 0
      vertex 12.0961 -48.5148 400
      vertex 8.68241 -49.2404 400
    endloop
  endfacet
  facet normal 0.207911 -0.978148 0
    outer loop
      vertex 12.0961 -48.5148 400
      vertex 8.68241 -49.2404 0
      vertex 12.0961 -48.5148 0
    endloop
  endfacet
  facet normal 0.743145 0.669131 0
    outer loop
      vertex 38.3022 32.1394 400
      vertex 35.967 34.7329 0
      vertex 35.967 34.7329 400
    endloop
  endfacet
  facet normal 0.743145 0.669131 0
    outer loop
      vertex 35.967 34.7329 0
      vertex 38.3022 32.1394 400
      vertex 38.3022 32.1394 0
    endloop
  endfacet
  facet normal -0.743145 0.669131 0
    outer loop
      vertex -38.3022 32.1394 0
      vertex -35.967 34.7329 400
      vertex -35.967 34.7329 0
    endloop
  endfacet
  facet normal -0.743145 0.669131 0
    outer loop
      vertex -35.967 34.7329 400
      vertex -38.3022 32.1394 0
      vertex -38.3022 32.1394 400
    endloop
  endfacet
  facet normal -0.927189 -0.374595 0
    outer loop
      vertex -45.6773 -20.3368 0
      vertex -46.9846 -17.101 400
      vertex -46.9846 -17.101 0
    endloop
  endfacet
  facet normal -0.927189 -0.374595 0
    outer loop
      vertex -46.9846 -17.101 400
      vertex -45.6773 -20.3368 0
      vertex -45.6773 -20.3368 400
    endloop
  endfacet
  facet normal 0.866023 -0.500004 0
    outer loop
      vertex 42.4024 -26.496 400
      vertex 44.1474 -23.4736 0
      vertex 44.1474 -23.4736 400
    endloop
  endfacet
  facet normal 0.866023 -0.500004 0
    outer loop
      vertex 44.1474 -23.4736 0
      vertex 42.4024 -26.496 400
      vertex 42.4024 -26.496 0
    endloop
  endfacet
  facet normal 0.898796 -0.438367 0
    outer loop
      vertex 44.1474 -23.4736 400
      vertex 45.6773 -20.3368 0
      vertex 45.6773 -20.3368 400
    endloop
  endfacet
  facet normal 0.898796 -0.438367 0
    outer loop
      vertex 45.6773 -20.3368 0
      vertex 44.1474 -23.4736 400
      vertex 44.1474 -23.4736 0
    endloop
  endfacet
  facet normal -0.984809 0.173641 0
    outer loop
      vertex -49.5134 6.95865 0
      vertex -48.9074 10.3956 400
      vertex -48.9074 10.3956 0
    endloop
  endfacet
  facet normal -0.984809 0.173641 0
    outer loop
      vertex -48.9074 10.3956 400
      vertex -49.5134 6.95865 0
      vertex -49.5134 6.95865 400
    endloop
  endfacet
  facet normal -0.587787 0.809016 0
    outer loop
      vertex -27.9596 41.4519 0
      vertex -30.7831 39.4005 400
      vertex -27.9596 41.4519 400
    endloop
  endfacet
  facet normal -0.587787 0.809016 0
    outer loop
      vertex -30.7831 39.4005 400
      vertex -27.9596 41.4519 0
      vertex -30.7831 39.4005 0
    endloop
  endfacet
  facet normal -0.743145 -0.669131 0
    outer loop
      vertex -35.967 -34.7329 0
      vertex -38.3022 -32.1394 400
      vertex -38.3022 -32.1394 0
    endloop
  endfacet
  facet normal -0.743145 -0.669131 0
    outer loop
      vertex -38.3022 -32.1394 400
      vertex -35.967 -34.7329 0
      vertex -35.967 -34.7329 400
    endloop
  endfacet
  facet normal -0.898796 -0.438367 0
    outer loop
      vertex -44.1474 -23.4736 0
      vertex -45.6773 -20.3368 400
      vertex -45.6773 -20.3368 0
    endloop
  endfacet
  facet normal -0.898796 -0.438367 0
    outer loop
      vertex -45.6773 -20.3368 400
      vertex -44.1474 -23.4736 0
      vertex -44.1474 -23.4736 400
    endloop
  endfacet
  facet normal 0.642796 0.766037 -0
    outer loop
      vertex 33.4565 37.1572 0
      vertex 30.7831 39.4005 400
      vertex 33.4565 37.1572 400
    endloop
  endfacet
  facet normal 0.642796 0.766037 0
    outer loop
      vertex 30.7831 39.4005 400
      vertex 33.4565 37.1572 0
      vertex 30.7831 39.4005 0
    endloop
  endfacet
  facet normal 0.829045 -0.559182 0
    outer loop
      vertex 40.4509 -29.3893 400
      vertex 42.4024 -26.496 0
      vertex 42.4024 -26.496 400
    endloop
  endfacet
  facet normal 0.829045 -0.559182 0
    outer loop
      vertex 42.4024 -26.496 0
      vertex 40.4509 -29.3893 400
      vertex 40.4509 -29.3893 0
    endloop
  endfacet
  facet normal 0.694649 0.719349 -0
    outer loop
      vertex 35.967 34.7329 0
      vertex 33.4565 37.1572 400
      vertex 35.967 34.7329 400
    endloop
  endfacet
  facet normal 0.694649 0.719349 0
    outer loop
      vertex 33.4565 37.1572 400
      vertex 35.967 34.7329 0
      vertex 33.4565 37.1572 0
    endloop
  endfacet
  facet normal 0.994522 -0.104529 0
    outer loop
      vertex 49.5134 -6.95865 400
      vertex 49.8782 -3.48782 0
      vertex 49.8782 -3.48782 400
    endloop
  endfacet
  facet normal 0.994522 -0.104529 0
    outer loop
      vertex 49.8782 -3.48782 0
      vertex 49.5134 -6.95865 400
      vertex 49.5134 -6.95865 0
    endloop
  endfacet
  facet normal -0.694649 0.719349 0
    outer loop
      vertex -33.4565 37.1572 0
      vertex -35.967 34.7329 400
      vertex -33.4565 37.1572 400
    endloop
  endfacet
  facet normal -0.694649 0.719349 0
    outer loop
      vertex -35.967 34.7329 400
      vertex -33.4565 37.1572 0
      vertex -35.967 34.7329 0
    endloop
  endfacet
  facet normal -0.406731 0.913548 0
    outer loop
      vertex -18.7303 46.3592 0
      vertex -21.9186 44.9397 400
      vertex -18.7303 46.3592 400
    endloop
  endfacet
  facet normal -0.406731 0.913548 0
    outer loop
      vertex -21.9186 44.9397 400
      vertex -18.7303 46.3592 0
      vertex -21.9186 44.9397 0
    endloop
  endfacet
  facet normal -0.927189 0.374595 0
    outer loop
      vertex -46.9846 17.101 0
      vertex -45.6773 20.3368 400
      vertex -45.6773 20.3368 0
    endloop
  endfacet
  facet normal -0.927189 0.374595 0
    outer loop
      vertex -45.6773 20.3368 400
      vertex -46.9846 17.101 0
      vertex -46.9846 17.101 400
    endloop
  endfacet
  facet normal -0.694649 -0.719349 0
    outer loop
      vertex -35.967 -34.7329 0
      vertex -33.4565 -37.1572 400
      vertex -35.967 -34.7329 400
    endloop
  endfacet
  facet normal -0.694649 -0.719349 -0
    outer loop
      vertex -33.4565 -37.1572 400
      vertex -35.967 -34.7329 0
      vertex -33.4565 -37.1572 0
    endloop
  endfacet
  facet normal -0.642796 0.766037 0
    outer loop
      vertex -30.7831 39.4005 0
      vertex -33.4565 37.1572 400
      vertex -30.7831 39.4005 400
    endloop
  endfacet
  facet normal -0.642796 0.766037 0
    outer loop
      vertex -33.4565 37.1572 400
      vertex -30.7831 39.4005 0
      vertex -33.4565 37.1572 0
    endloop
  endfacet
  facet normal -0.970296 0.241922 0
    outer loop
      vertex -48.9074 10.3956 0
      vertex -48.0631 13.7819 400
      vertex -48.0631 13.7819 0
    endloop
  endfacet
  facet normal -0.970296 0.241922 0
    outer loop
      vertex -48.0631 13.7819 400
      vertex -48.9074 10.3956 0
      vertex -48.9074 10.3956 400
    endloop
  endfacet
  facet normal -0.787999 0.615677 0
    outer loop
      vertex -40.4509 29.3893 0
      vertex -38.3022 32.1394 400
      vertex -38.3022 32.1394 0
    endloop
  endfacet
  facet normal -0.787999 0.615677 0
    outer loop
      vertex -38.3022 32.1394 400
      vertex -40.4509 29.3893 0
      vertex -40.4509 29.3893 400
    endloop
  endfacet
  facet normal 0.829045 0.559182 0
    outer loop
      vertex 42.4024 26.496 400
      vertex 40.4509 29.3893 0
      vertex 40.4509 29.3893 400
    endloop
  endfacet
  facet normal 0.829045 0.559182 0
    outer loop
      vertex 40.4509 29.3893 0
      vertex 42.4024 26.496 400
      vertex 42.4024 26.496 0
    endloop
  endfacet
  facet normal -0.275652 -0.961258 0
    outer loop
      vertex -15.4508 -47.5528 0
      vertex -12.0961 -48.5148 400
      vertex -15.4508 -47.5528 400
    endloop
  endfacet
  facet normal -0.275652 -0.961258 -0
    outer loop
      vertex -12.0961 -48.5148 400
      vertex -15.4508 -47.5528 0
      vertex -12.0961 -48.5148 0
    endloop
  endfacet
  facet normal 0.34201 0.939696 -0
    outer loop
      vertex 18.7303 46.3592 0
      vertex 15.4508 47.5528 400
      vertex 18.7303 46.3592 400
    endloop
  endfacet
  facet normal 0.34201 0.939696 0
    outer loop
      vertex 15.4508 47.5528 400
      vertex 18.7303 46.3592 0
      vertex 15.4508 47.5528 0
    endloop
  endfacet
  facet normal 0.694649 -0.719349 0
    outer loop
      vertex 33.4565 -37.1572 0
      vertex 35.967 -34.7329 400
      vertex 33.4565 -37.1572 400
    endloop
  endfacet
  facet normal 0.694649 -0.719349 0
    outer loop
      vertex 35.967 -34.7329 400
      vertex 33.4565 -37.1572 0
      vertex 35.967 -34.7329 0
    endloop
  endfacet
  facet normal 0.0697432 -0.997565 0
    outer loop
      vertex 1.74497 -49.9695 0
      vertex 5.22642 -49.7261 400
      vertex 1.74497 -49.9695 400
    endloop
  endfacet
  facet normal 0.0697432 -0.997565 0
    outer loop
      vertex 5.22642 -49.7261 400
      vertex 1.74497 -49.9695 0
      vertex 5.22642 -49.7261 0
    endloop
  endfacet
  facet normal 0.970296 0.241922 0
    outer loop
      vertex 48.9074 10.3956 400
      vertex 48.0631 13.7819 0
      vertex 48.0631 13.7819 400
    endloop
  endfacet
  facet normal 0.970296 0.241922 0
    outer loop
      vertex 48.0631 13.7819 0
      vertex 48.9074 10.3956 400
      vertex 48.9074 10.3956 0
    endloop
  endfacet
  facet normal 0.469469 -0.882949 0
    outer loop
      vertex 21.9186 -44.9397 0
      vertex 25 -43.3013 400
      vertex 21.9186 -44.9397 400
    endloop
  endfacet
  facet normal 0.469469 -0.882949 0
    outer loop
      vertex 25 -43.3013 400
      vertex 21.9186 -44.9397 0
      vertex 25 -43.3013 0
    endloop
  endfacet
  facet normal -0.406731 -0.913548 0
    outer loop
      vertex -21.9186 -44.9397 0
      vertex -18.7303 -46.3592 400
      vertex -21.9186 -44.9397 400
    endloop
  endfacet
  facet normal -0.406731 -0.913548 -0
    outer loop
      vertex -18.7303 -46.3592 400
      vertex -21.9186 -44.9397 0
      vertex -18.7303 -46.3592 0
    endloop
  endfacet
  facet normal 0.787999 -0.615677 0
    outer loop
      vertex 38.3022 -32.1394 400
      vertex 40.4509 -29.3893 0
      vertex 40.4509 -29.3893 400
    endloop
  endfacet
  facet normal 0.787999 -0.615677 0
    outer loop
      vertex 40.4509 -29.3893 0
      vertex 38.3022 -32.1394 400
      vertex 38.3022 -32.1394 0
    endloop
  endfacet
  facet normal -0.34201 0.939696 0
    outer loop
      vertex -15.4508 47.5528 0
      vertex -18.7303 46.3592 400
      vertex -15.4508 47.5528 400
    endloop
  endfacet
  facet normal -0.34201 0.939696 0
    outer loop
      vertex -18.7303 46.3592 400
      vertex -15.4508 47.5528 0
      vertex -18.7303 46.3592 0
    endloop
  endfacet
  facet normal -0.642796 -0.766037 0
    outer loop
      vertex -33.4565 -37.1572 0
      vertex -30.7831 -39.4005 400
      vertex -33.4565 -37.1572 400
    endloop
  endfacet
  facet normal -0.642796 -0.766037 -0
    outer loop
      vertex -30.7831 -39.4005 400
      vertex -33.4565 -37.1572 0
      vertex -30.7831 -39.4005 0
    endloop
  endfacet
  facet normal 0.406731 0.913548 -0
    outer loop
      vertex 21.9186 44.9397 0
      vertex 18.7303 46.3592 400
      vertex 21.9186 44.9397 400
    endloop
  endfacet
  facet normal 0.406731 0.913548 0
    outer loop
      vertex 18.7303 46.3592 400
      vertex 21.9186 44.9397 0
      vertex 18.7303 46.3592 0
    endloop
  endfacet
  facet normal 0.275652 0.961258 -0
    outer loop
      vertex 15.4508 47.5528 0
      vertex 12.0961 48.5148 400
      vertex 15.4508 47.5528 400
    endloop
  endfacet
  facet normal 0.275652 0.961258 0
    outer loop
      vertex 12.0961 48.5148 400
      vertex 15.4508 47.5528 0
      vertex 12.0961 48.5148 0
    endloop
  endfacet
  facet normal -0.139171 -0.990268 0
    outer loop
      vertex -8.68241 -49.2404 0
      vertex -5.22642 -49.7261 400
      vertex -8.68241 -49.2404 400
    endloop
  endfacet
  facet normal -0.139171 -0.990268 -0
    outer loop
      vertex -5.22642 -49.7261 400
      vertex -8.68241 -49.2404 0
      vertex -5.22642 -49.7261 0
    endloop
  endfacet
  facet normal 0.787999 0.615677 0
    outer loop
      vertex 40.4509 29.3893 400
      vertex 38.3022 32.1394 0
      vertex 38.3022 32.1394 400
    endloop
  endfacet
  facet normal 0.787999 0.615677 0
    outer loop
      vertex 38.3022 32.1394 0
      vertex 40.4509 29.3893 400
      vertex 40.4509 29.3893 0
    endloop
  endfacet
  facet normal 0.927189 0.374595 0
    outer loop
      vertex 46.9846 17.101 400
      vertex 45.6773 20.3368 0
      vertex 45.6773 20.3368 400
    endloop
  endfacet
  facet normal 0.927189 0.374595 0
    outer loop
      vertex 45.6773 20.3368 0
      vertex 46.9846 17.101 400
      vertex 46.9846 17.101 0
    endloop
  endfacet
  facet normal 0.406731 -0.913548 0
    outer loop
      vertex 18.7303 -46.3592 0
      vertex 21.9186 -44.9397 400
      vertex 18.7303 -46.3592 400
    endloop
  endfacet
  facet normal 0.406731 -0.913548 0
    outer loop
      vertex 21.9186 -44.9397 400
      vertex 18.7303 -46.3592 0
      vertex 21.9186 -44.9397 0
    endloop
  endfacet
  facet normal 0.587787 0.809016 -0
    outer loop
      vertex 30.7831 39.4005 0
      vertex 27.9596 41.4519 400
      vertex 30.7831 39.4005 400
    endloop
  endfacet
  facet normal 0.587787 0.809016 0
    outer loop
      vertex 27.9596 41.4519 400
      vertex 30.7831 39.4005 0
      vertex 27.9596 41.4519 0
    endloop
  endfacet
  facet normal 0.898796 0.438367 0
    outer loop
      vertex 45.6773 20.3368 400
      vertex 44.1474 23.4736 0
      vertex 44.1474 23.4736 400
    endloop
  endfacet
  facet normal 0.898796 0.438367 0
    outer loop
      vertex 44.1474 23.4736 0
      vertex 45.6773 20.3368 400
      vertex 45.6773 20.3368 0
    endloop
  endfacet
  facet normal 0.951052 0.309032 0
    outer loop
      vertex 48.0631 13.7819 400
      vertex 46.9846 17.101 0
      vertex 46.9846 17.101 400
    endloop
  endfacet
  facet normal 0.951052 0.309032 0
    outer loop
      vertex 46.9846 17.101 0
      vertex 48.0631 13.7819 400
      vertex 48.0631 13.7819 0
    endloop
  endfacet
  facet normal 0.139171 0.990268 -0
    outer loop
      vertex 8.68241 49.2404 0
      vertex 5.22642 49.7261 400
      vertex 8.68241 49.2404 400
    endloop
  endfacet
  facet normal 0.139171 0.990268 0
    outer loop
      vertex 5.22642 49.7261 400
      vertex 8.68241 49.2404 0
      vertex 5.22642 49.7261 0
    endloop
  endfacet
  facet normal 0 0 1
    outer loop
      vertex 49.7 0 400
      vertex 50 0 400
      vertex 49.8782 3.48782 400
    endloop
  endfacet
  facet normal 0 0 1
    outer loop
      vertex 50 0 400
      vertex 49.7 0 400
      vertex 49.8782 -3.48782 400
    endloop
  endfacet
  facet normal 0 0 1
    outer loop
      vertex 49.8782 3.48782 400
      vertex 49.5789 3.4669 400
      vertex 49.7 0 400
    endloop
  endfacet
  facet normal 0 0 1
    outer loop
      vertex 49.5134 6.95865 400
      vertex 49.5789 3.4669 400
      vertex 49.8782 3.48782 400
    endloop
  endfacet
  facet normal 0 0 1
    outer loop
      vertex 49.5134 6.95865 400
      vertex 49.2163 6.9169 400
      vertex 49.5789 3.4669 400
    endloop
  endfacet
  facet normal 0 0 1
    outer loop
      vertex 48.9074 10.3956 400
      vertex 49.2163 6.9169 400
      vertex 49.5134 6.95865 400
    endloop
  endfacet
  facet normal 0 0 1
    outer loop
      vertex 48.9074 10.3956 400
      vertex 48.6139 10.3332 400
      vertex 49.2163 6.9169 400
    endloop
  endfacet
  facet normal 0 0 1
    outer loop
      vertex 48.0631 13.7819 400
      vertex 48.6139 10.3332 400
      vertex 48.9074 10.3956 400
    endloop
  endfacet
  facet normal 0 0 1
    outer loop
      vertex 48.0631 13.7819 400
      vertex 47.7747 13.6992 400
      vertex 48.6139 10.3332 400
    endloop
  endfacet
  facet normal 0 0 1
    outer loop
      vertex 46.9846 17.101 400
      vertex 47.7747 13.6992 400
      vertex 48.0631 13.7819 400
    endloop
  endfacet
  facet normal 0 0 1
    outer loop
      vertex 46.9846 17.101 400
      vertex 46.7027 16.9984 400
      vertex 47.7747 13.6992 400
    endloop
  endfacet
  facet normal 0 0 1
    outer loop
      vertex 45.6773 20.3368 400
      vertex 46.7027 16.9984 400
      vertex 46.9846 17.101 400
    endloop
  endfacet
  facet normal 0 0 1
    outer loop
      vertex 45.6773 20.3368 400
      vertex 45.4032 20.2148 400
      vertex 46.7027 16.9984 400
    endloop
  endfacet
  facet normal 0 0 1
    outer loop
      vertex 44.1474 23.4736 400
      vertex 45.4032 20.2148 400
      vertex 45.6773 20.3368 400
    endloop
  endfacet
  facet normal 0 0 1
    outer loop
      vertex 44.1474 23.4736 400
      vertex 43.8825 23.3327 400
      vertex 45.4032 20.2148 400
    endloop
  endfacet
  facet normal 0 0 1
    outer loop
      vertex 42.4024 26.496 400
      vertex 43.8825 23.3327 400
      vertex 44.1474 23.4736 400
    endloop
  endfacet
  facet normal 0 0 1
    outer loop
      vertex 42.4024 26.496 400
      vertex 42.148 26.337 400
      vertex 43.8825 23.3327 400
    endloop
  endfacet
  facet normal 0 0 1
    outer loop
      vertex 40.4509 29.3893 400
      vertex 42.148 26.337 400
      vertex 42.4024 26.496 400
    endloop
  endfacet
  facet normal 0 0 1
    outer loop
      vertex 40.4509 29.3893 400
      vertex 40.2081 29.2129 400
      vertex 42.148 26.337 400
    endloop
  endfacet
  facet normal 0 0 1
    outer loop
      vertex 38.3022 32.1394 400
      vertex 40.2081 29.2129 400
      vertex 40.4509 29.3893 400
    endloop
  endfacet
  facet normal 0 0 1
    outer loop
      vertex 38.3022 32.1394 400
      vertex 38.0724 31.9465 400
      vertex 40.2081 29.2129 400
    endloop
  endfacet
  facet normal 0 0 1
    outer loop
      vertex 35.967 34.7329 400
      vertex 38.0724 31.9465 400
      vertex 38.3022 32.1394 400
    endloop
  endfacet
  facet normal 0 0 1
    outer loop
      vertex 35.967 34.7329 400
      vertex 35.7512 34.5245 400
      vertex 38.0724 31.9465 400
    endloop
  endfacet
  facet normal 0 0 1
    outer loop
      vertex 33.4565 37.1572 400
      vertex 35.7512 34.5245 400
      vertex 35.967 34.7329 400
    endloop
  endfacet
  facet normal 0 0 1
    outer loop
      vertex 33.4565 37.1572 400
      vertex 33.2558 36.9343 400
      vertex 35.7512 34.5245 400
    endloop
  endfacet
  facet normal 0 0 1
    outer loop
      vertex 30.7831 39.4005 400
      vertex 33.2558 36.9343 400
      vertex 33.4565 37.1572 400
    endloop
  endfacet
  facet normal 0 0 1
    outer loop
      vertex 30.7831 39.4005 400
      vertex 30.5984 39.1641 400
      vertex 33.2558 36.9343 400
    endloop
  endfacet
  facet normal 0 0 1
    outer loop
      vertex 27.9596 41.4519 400
      vertex 30.5984 39.1641 400
      vertex 30.7831 39.4005 400
    endloop
  endfacet
  facet normal 0 0 1
    outer loop
      vertex 27.9596 41.4519 400
      vertex 27.7919 41.2032 400
      vertex 30.5984 39.1641 400
    endloop
  endfacet
  facet normal 0 0 1
    outer loop
      vertex 25 43.3013 400
      vertex 27.7919 41.2032 400
      vertex 27.9596 41.4519 400
    endloop
  endfacet
  facet normal 0 0 1
    outer loop
      vertex 25 43.3013 400
      vertex 24.85 43.0415 400
      vertex 27.7919 41.2032 400
    endloop
  endfacet
  facet normal 0 0 1
    outer loop
      vertex 21.9186 44.9397 400
      vertex 24.85 43.0415 400
      vertex 25 43.3013 400
    endloop
  endfacet
  facet normal 0 0 1
    outer loop
      vertex 21.9186 44.9397 400
      vertex 21.787 44.6701 400
      vertex 24.85 43.0415 400
    endloop
  endfacet
  facet normal 0 0 1
    outer loop
      vertex 18.7303 46.3592 400
      vertex 21.787 44.6701 400
      vertex 21.9186 44.9397 400
    endloop
  endfacet
  facet normal 0 0 1
    outer loop
      vertex 18.7303 46.3592 400
      vertex 18.6179 46.081 400
      vertex 21.787 44.6701 400
    endloop
  endfacet
  facet normal 0 0 1
    outer loop
      vertex 15.4508 47.5528 400
      vertex 18.6179 46.081 400
      vertex 18.7303 46.3592 400
    endloop
  endfacet
  facet normal 0 0 1
    outer loop
      vertex 15.4508 47.5528 400
      vertex 15.3581 47.2675 400
      vertex 18.6179 46.081 400
    endloop
  endfacet
  facet normal 0 0 1
    outer loop
      vertex 12.0961 48.5148 400
      vertex 15.3581 47.2675 400
      vertex 15.4508 47.5528 400
    endloop
  endfacet
  facet normal 0 0 1
    outer loop
      vertex 12.0961 48.5148 400
      vertex 12.0235 48.2237 400
      vertex 15.3581 47.2675 400
    endloop
  endfacet
  facet normal 0 0 1
    outer loop
      vertex 8.68241 49.2404 400
      vertex 12.0235 48.2237 400
      vertex 12.0961 48.5148 400
    endloop
  endfacet
  facet normal 0 0 1
    outer loop
      vertex 8.68241 49.2404 400
      vertex 8.63031 48.9449 400
      vertex 12.0235 48.2237 400
    endloop
  endfacet
  facet normal 0 0 1
    outer loop
      vertex 5.22642 49.7261 400
      vertex 8.63031 48.9449 400
      vertex 8.68241 49.2404 400
    endloop
  endfacet
  facet normal 0 0 1
    outer loop
      vertex 5.22642 49.7261 400
      vertex 5.19506 49.4277 400
      vertex 8.63031 48.9449 400
    endloop
  endfacet
  facet normal 0 0 1
    outer loop
      vertex 1.74497 49.9695 400
      vertex 5.19506 49.4277 400
      vertex 5.22642 49.7261 400
    endloop
  endfacet
  facet normal 0 0 1
    outer loop
      vertex 1.74497 49.9695 400
      vertex 1.7345 49.6697 400
      vertex 5.19506 49.4277 400
    endloop
  endfacet
  facet normal 0 0 1
    outer loop
      vertex 1.74497 49.9695 400
      vertex -1.7345 49.6697 400
      vertex 1.7345 49.6697 400
    endloop
  endfacet
  facet normal -0 0 1
    outer loop
      vertex -1.74497 49.9695 400
      vertex -1.7345 49.6697 400
      vertex 1.74497 49.9695 400
    endloop
  endfacet
  facet normal 0 0 1
    outer loop
      vertex -1.74497 49.9695 400
      vertex -5.19506 49.4277 400
      vertex -1.7345 49.6697 400
    endloop
  endfacet
  facet normal -0 0 1
    outer loop
      vertex -5.22642 49.7261 400
      vertex -5.19506 49.4277 400
      vertex -1.74497 49.9695 400
    endloop
  endfacet
  facet normal 0 0 1
    outer loop
      vertex -5.22642 49.7261 400
      vertex -8.63031 48.9449 400
      vertex -5.19506 49.4277 400
    endloop
  endfacet
  facet normal -0 0 1
    outer loop
      vertex -8.68241 49.2404 400
      vertex -8.63031 48.9449 400
      vertex -5.22642 49.7261 400
    endloop
  endfacet
  facet normal 0 0 1
    outer loop
      vertex -8.68241 49.2404 400
      vertex -12.0235 48.2237 400
      vertex -8.63031 48.9449 400
    endloop
  endfacet
  facet normal -0 0 1
    outer loop
      vertex -12.0961 48.5148 400
      vertex -12.0235 48.2237 400
      vertex -8.68241 49.2404 400
    endloop
  endfacet
  facet normal 0 0 1
    outer loop
      vertex -12.0961 48.5148 400
      vertex -15.3581 47.2675 400
      vertex -12.0235 48.2237 400
    endloop
  endfacet
  facet normal -0 0 1
    outer loop
      vertex -15.4508 47.5528 400
      vertex -15.3581 47.2675 400
      vertex -12.0961 48.5148 400
    endloop
  endfacet
  facet normal 0 0 1
    outer loop
      vertex -15.4508 47.5528 400
      vertex -18.6179 46.081 400
      vertex -15.3581 47.2675 400
    endloop
  endfacet
  facet normal -0 0 1
    outer loop
      vertex -18.7303 46.3592 400
      vertex -18.6179 46.081 400
      vertex -15.4508 47.5528 400
    endloop
  endfacet
  facet normal 0 0 1
    outer loop
      vertex -18.7303 46.3592 400
      vertex -21.787 44.6701 400
      vertex -18.6179 46.081 400
    endloop
  endfacet
  facet normal -0 0 1
    outer loop
      vertex -21.9186 44.9397 400
      vertex -21.787 44.6701 400
      vertex -18.7303 46.3592 400
    endloop
  endfacet
  facet normal 0 0 1
    outer loop
      vertex -21.9186 44.9397 400
      vertex -24.85 43.0415 400
      vertex -21.787 44.6701 400
    endloop
  endfacet
  facet normal -0 0 1
    outer loop
      vertex -25 43.3013 400
      vertex -24.85 43.0415 400
      vertex -21.9186 44.9397 400
    endloop
  endfacet
  facet normal 0 0 1
    outer loop
      vertex -25 43.3013 400
      vertex -27.7919 41.2032 400
      vertex -24.85 43.0415 400
    endloop
  endfacet
  facet normal -0 0 1
    outer loop
      vertex -27.9596 41.4519 400
      vertex -27.7919 41.2032 400
      vertex -25 43.3013 400
    endloop
  endfacet
  facet normal 0 0 1
    outer loop
      vertex -27.9596 41.4519 400
      vertex -30.5984 39.1641 400
      vertex -27.7919 41.2032 400
    endloop
  endfacet
  facet normal -0 0 1
    outer loop
      vertex -30.7831 39.4005 400
      vertex -30.5984 39.1641 400
      vertex -27.9596 41.4519 400
    endloop
  endfacet
  facet normal 0 0 1
    outer loop
      vertex -30.7831 39.4005 400
      vertex -33.2558 36.9343 400
      vertex -30.5984 39.1641 400
    endloop
  endfacet
  facet normal -0 0 1
    outer loop
      vertex -33.4565 37.1572 400
      vertex -33.2558 36.9343 400
      vertex -30.7831 39.4005 400
    endloop
  endfacet
  facet normal 0 0 1
    outer loop
      vertex -33.4565 37.1572 400
      vertex -35.7512 34.5245 400
      vertex -33.2558 36.9343 400
    endloop
  endfacet
  facet normal -0 0 1
    outer loop
      vertex -35.967 34.7329 400
      vertex -35.7512 34.5245 400
      vertex -33.4565 37.1572 400
    endloop
  endfacet
  facet normal 0 0 1
    outer loop
      vertex -35.967 34.7329 400
      vertex -38.0724 31.9465 400
      vertex -35.7512 34.5245 400
    endloop
  endfacet
  facet normal -0 0 1
    outer loop
      vertex -38.3022 32.1394 400
      vertex -38.0724 31.9465 400
      vertex -35.967 34.7329 400
    endloop
  endfacet
  facet normal 0 0 1
    outer loop
      vertex -38.3022 32.1394 400
      vertex -40.2081 29.2129 400
      vertex -38.0724 31.9465 400
    endloop
  endfacet
  facet normal -0 0 1
    outer loop
      vertex -40.4509 29.3893 400
      vertex -40.2081 29.2129 400
      vertex -38.3022 32.1394 400
    endloop
  endfacet
  facet normal 0 0 1
    outer loop
      vertex -40.4509 29.3893 400
      vertex -42.148 26.337 400
      vertex -40.2081 29.2129 400
    endloop
  endfacet
  facet normal -0 0 1
    outer loop
      vertex -42.4024 26.496 400
      vertex -42.148 26.337 400
      vertex -40.4509 29.3893 400
    endloop
  endfacet
  facet normal 0 0 1
    outer loop
      vertex -42.4024 26.496 400
      vertex -43.8825 23.3327 400
      vertex -42.148 26.337 400
    endloop
  endfacet
  facet normal -0 0 1
    outer loop
      vertex -44.1474 23.4736 400
      vertex -43.8825 23.3327 400
      vertex -42.4024 26.496 400
    endloop
  endfacet
  facet normal 0 0 1
    outer loop
      vertex -44.1474 23.4736 400
      vertex -45.4032 20.2148 400
      vertex -43.8825 23.3327 400
    endloop
  endfacet
  facet normal -0 0 1
    outer loop
      vertex -45.6773 20.3368 400
      vertex -45.4032 20.2148 400
      vertex -44.1474 23.4736 400
    endloop
  endfacet
  facet normal 0 0 1
    outer loop
      vertex -45.6773 20.3368 400
      vertex -46.7027 16.9984 400
      vertex -45.4032 20.2148 400
    endloop
  endfacet
  facet normal -0 0 1
    outer loop
      vertex -46.9846 17.101 400
      vertex -46.7027 16.9984 400
      vertex -45.6773 20.3368 400
    endloop
  endfacet
  facet normal 0 0 1
    outer loop
      vertex -46.9846 17.101 400
      vertex -47.7747 13.6992 400
      vertex -46.7027 16.9984 400
    endloop
  endfacet
  facet normal -0 0 1
    outer loop
      vertex -48.0631 13.7819 400
      vertex -47.7747 13.6992 400
      vertex -46.9846 17.101 400
    endloop
  endfacet
  facet normal 0 0 1
    outer loop
      vertex -48.0631 13.7819 400
      vertex -48.6139 10.3332 400
      vertex -47.7747 13.6992 400
    endloop
  endfacet
  facet normal -0 0 1
    outer loop
      vertex -48.9074 10.3956 400
      vertex -48.6139 10.3332 400
      vertex -48.0631 13.7819 400
    endloop
  endfacet
  facet normal 0 0 1
    outer loop
      vertex -48.9074 10.3956 400
      vertex -49.2163 6.9169 400
      vertex -48.6139 10.3332 400
    endloop
  endfacet
  facet normal -0 0 1
    outer loop
      vertex -49.5134 6.95865 400
      vertex -49.2163 6.9169 400
      vertex -48.9074 10.3956 400
    endloop
  endfacet
  facet normal 0 0 1
    outer loop
      vertex -49.5134 6.95865 400
      vertex -49.5789 3.4669 400
      vertex -49.2163 6.9169 400
    endloop
  endfacet
  facet normal -0 0 1
    outer loop
      vertex -49.8782 3.48782 400
      vertex -49.5789 3.4669 400
      vertex -49.5134 6.95865 400
    endloop
  endfacet
  facet normal 0 0 1
    outer loop
      vertex -49.5789 3.4669 400
      vertex -49.8782 3.48782 400
      vertex -49.7 0 400
    endloop
  endfacet
  facet normal -0 0 1
    outer loop
      vertex 49.5789 -3.4669 400
      vertex 49.8782 -3.48782 400
      vertex 49.7 0 400
    endloop
  endfacet
  facet normal 0 0 1
    outer loop
      vertex 49.5789 -3.4669 400
      vertex 49.5134 -6.95865 400
      vertex 49.8782 -3.48782 400
    endloop
  endfacet
  facet normal -0 0 1
    outer loop
      vertex 49.2163 -6.9169 400
      vertex 49.5134 -6.95865 400
      vertex 49.5789 -3.4669 400
    endloop
  endfacet
  facet normal 0 0 1
    outer loop
      vertex 49.2163 -6.9169 400
      vertex 48.9074 -10.3956 400
      vertex 49.5134 -6.95865 400
    endloop
  endfacet
  facet normal -0 0 1
    outer loop
      vertex 48.6139 -10.3332 400
      vertex 48.9074 -10.3956 400
      vertex 49.2163 -6.9169 400
    endloop
  endfacet
  facet normal 0 0 1
    outer loop
      vertex 48.6139 -10.3332 400
      vertex 48.0631 -13.7819 400
      vertex 48.9074 -10.3956 400
    endloop
  endfacet
  facet normal -0 0 1
    outer loop
      vertex 47.7747 -13.6992 400
      vertex 48.0631 -13.7819 400
      vertex 48.6139 -10.3332 400
    endloop
  endfacet
  facet normal 0 0 1
    outer loop
      vertex 47.7747 -13.6992 400
      vertex 46.9846 -17.101 400
      vertex 48.0631 -13.7819 400
    endloop
  endfacet
  facet normal -0 0 1
    outer loop
      vertex 46.7027 -16.9984 400
      vertex 46.9846 -17.101 400
      vertex 47.7747 -13.6992 400
    endloop
  endfacet
  facet normal 0 0 1
    outer loop
      vertex 46.7027 -16.9984 400
      vertex 45.6773 -20.3368 400
      vertex 46.9846 -17.101 400
    endloop
  endfacet
  facet normal -0 0 1
    outer loop
      vertex 45.4032 -20.2148 400
      vertex 45.6773 -20.3368 400
      vertex 46.7027 -16.9984 400
    endloop
  endfacet
  facet normal 0 0 1
    outer loop
      vertex 45.4032 -20.2148 400
      vertex 44.1474 -23.4736 400
      vertex 45.6773 -20.3368 400
    endloop
  endfacet
  facet normal -0 0 1
    outer loop
      vertex 43.8825 -23.3327 400
      vertex 44.1474 -23.4736 400
      vertex 45.4032 -20.2148 400
    endloop
  endfacet
  facet normal 0 0 1
    outer loop
      vertex 43.8825 -23.3327 400
      vertex 42.4024 -26.496 400
      vertex 44.1474 -23.4736 400
    endloop
  endfacet
  facet normal -0 0 1
    outer loop
      vertex 42.148 -26.337 400
      vertex 42.4024 -26.496 400
      vertex 43.8825 -23.3327 400
    endloop
  endfacet
  facet normal 0 0 1
    outer loop
      vertex 42.148 -26.337 400
      vertex 40.4509 -29.3893 400
      vertex 42.4024 -26.496 400
    endloop
  endfacet
  facet normal -0 0 1
    outer loop
      vertex 40.2081 -29.2129 400
      vertex 40.4509 -29.3893 400
      vertex 42.148 -26.337 400
    endloop
  endfacet
  facet normal 0 0 1
    outer loop
      vertex 40.2081 -29.2129 400
      vertex 38.3022 -32.1394 400
      vertex 40.4509 -29.3893 400
    endloop
  endfacet
  facet normal -0 0 1
    outer loop
      vertex 38.0724 -31.9465 400
      vertex 38.3022 -32.1394 400
      vertex 40.2081 -29.2129 400
    endloop
  endfacet
  facet normal 0 0 1
    outer loop
      vertex 38.0724 -31.9465 400
      vertex 35.967 -34.7329 400
      vertex 38.3022 -32.1394 400
    endloop
  endfacet
  facet normal -0 0 1
    outer loop
      vertex 35.7512 -34.5245 400
      vertex 35.967 -34.7329 400
      vertex 38.0724 -31.9465 400
    endloop
  endfacet
  facet normal 0 0 1
    outer loop
      vertex 35.7512 -34.5245 400
      vertex 33.4565 -37.1572 400
      vertex 35.967 -34.7329 400
    endloop
  endfacet
  facet normal -0 0 1
    outer loop
      vertex 33.2558 -36.9343 400
      vertex 33.4565 -37.1572 400
      vertex 35.7512 -34.5245 400
    endloop
  endfacet
  facet normal 0 0 1
    outer loop
      vertex 33.2558 -36.9343 400
      vertex 30.7831 -39.4005 400
      vertex 33.4565 -37.1572 400
    endloop
  endfacet
  facet normal -0 0 1
    outer loop
      vertex 30.5984 -39.1641 400
      vertex 30.7831 -39.4005 400
      vertex 33.2558 -36.9343 400
    endloop
  endfacet
  facet normal 0 0 1
    outer loop
      vertex 30.5984 -39.1641 400
      vertex 27.9596 -41.4519 400
      vertex 30.7831 -39.4005 400
    endloop
  endfacet
  facet normal -0 0 1
    outer loop
      vertex 27.7919 -41.2032 400
      vertex 27.9596 -41.4519 400
      vertex 30.5984 -39.1641 400
    endloop
  endfacet
  facet normal 0 0 1
    outer loop
      vertex 27.7919 -41.2032 400
      vertex 25 -43.3013 400
      vertex 27.9596 -41.4519 400
    endloop
  endfacet
  facet normal -0 0 1
    outer loop
      vertex 24.85 -43.0415 400
      vertex 25 -43.3013 400
      vertex 27.7919 -41.2032 400
    endloop
  endfacet
  facet normal 0 0 1
    outer loop
      vertex 24.85 -43.0415 400
      vertex 21.9186 -44.9397 400
      vertex 25 -43.3013 400
    endloop
  endfacet
  facet normal -0 0 1
    outer loop
      vertex 21.787 -44.6701 400
      vertex 21.9186 -44.9397 400
      vertex 24.85 -43.0415 400
    endloop
  endfacet
  facet normal 0 0 1
    outer loop
      vertex 21.787 -44.6701 400
      vertex 18.7303 -46.3592 400
      vertex 21.9186 -44.9397 400
    endloop
  endfacet
  facet normal -0 0 1
    outer loop
      vertex 18.6179 -46.081 400
      vertex 18.7303 -46.3592 400
      vertex 21.787 -44.6701 400
    endloop
  endfacet
  facet normal 0 0 1
    outer loop
      vertex 18.6179 -46.081 400
      vertex 15.4508 -47.5528 400
      vertex 18.7303 -46.3592 400
    endloop
  endfacet
  facet normal -0 0 1
    outer loop
      vertex 15.3581 -47.2675 400
      vertex 15.4508 -47.5528 400
      vertex 18.6179 -46.081 400
    endloop
  endfacet
  facet normal 0 0 1
    outer loop
      vertex 15.3581 -47.2675 400
      vertex 12.0961 -48.5148 400
      vertex 15.4508 -47.5528 400
    endloop
  endfacet
  facet normal -0 0 1
    outer loop
      vertex 12.0235 -48.2237 400
      vertex 12.0961 -48.5148 400
      vertex 15.3581 -47.2675 400
    endloop
  endfacet
  facet normal 0 0 1
    outer loop
      vertex 12.0235 -48.2237 400
      vertex 8.68241 -49.2404 400
      vertex 12.0961 -48.5148 400
    endloop
  endfacet
  facet normal -0 0 1
    outer loop
      vertex 8.63031 -48.9449 400
      vertex 8.68241 -49.2404 400
      vertex 12.0235 -48.2237 400
    endloop
  endfacet
  facet normal 0 0 1
    outer loop
      vertex 8.63031 -48.9449 400
      vertex 5.22642 -49.7261 400
      vertex 8.68241 -49.2404 400
    endloop
  endfacet
  facet normal -0 0 1
    outer loop
      vertex 5.19506 -49.4277 400
      vertex 5.22642 -49.7261 400
      vertex 8.63031 -48.9449 400
    endloop
  endfacet
  facet normal 0 0 1
    outer loop
      vertex 5.19506 -49.4277 400
      vertex 1.74497 -49.9695 400
      vertex 5.22642 -49.7261 400
    endloop
  endfacet
  facet normal -0 0 1
    outer loop
      vertex 1.7345 -49.6697 400
      vertex 1.74497 -49.9695 400
      vertex 5.19506 -49.4277 400
    endloop
  endfacet
  facet normal -0 0 1
    outer loop
      vertex -1.7345 -49.6697 400
      vertex 1.74497 -49.9695 400
      vertex 1.7345 -49.6697 400
    endloop
  endfacet
  facet normal 0 0 1
    outer loop
      vertex -1.7345 -49.6697 400
      vertex -1.74497 -49.9695 400
      vertex 1.74497 -49.9695 400
    endloop
  endfacet
  facet normal 0 0 1
    outer loop
      vertex -5.19506 -49.4277 400
      vertex -1.74497 -49.9695 400
      vertex -1.7345 -49.6697 400
    endloop
  endfacet
  facet normal 0 0 1
    outer loop
      vertex -5.19506 -49.4277 400
      vertex -5.22642 -49.7261 400
      vertex -1.74497 -49.9695 400
    endloop
  endfacet
  facet normal 0 0 1
    outer loop
      vertex -8.63031 -48.9449 400
      vertex -5.22642 -49.7261 400
      vertex -5.19506 -49.4277 400
    endloop
  endfacet
  facet normal 0 0 1
    outer loop
      vertex -8.63031 -48.9449 400
      vertex -8.68241 -49.2404 400
      vertex -5.22642 -49.7261 400
    endloop
  endfacet
  facet normal 0 0 1
    outer loop
      vertex -12.0235 -48.2237 400
      vertex -8.68241 -49.2404 400
      vertex -8.63031 -48.9449 400
    endloop
  endfacet
  facet normal 0 0 1
    outer loop
      vertex -12.0235 -48.2237 400
      vertex -12.0961 -48.5148 400
      vertex -8.68241 -49.2404 400
    endloop
  endfacet
  facet normal 0 0 1
    outer loop
      vertex -15.3581 -47.2675 400
      vertex -12.0961 -48.5148 400
      vertex -12.0235 -48.2237 400
    endloop
  endfacet
  facet normal 0 0 1
    outer loop
      vertex -15.3581 -47.2675 400
      vertex -15.4508 -47.5528 400
      vertex -12.0961 -48.5148 400
    endloop
  endfacet
  facet normal 0 0 1
    outer loop
      vertex -18.6179 -46.081 400
      vertex -15.4508 -47.5528 400
      vertex -15.3581 -47.2675 400
    endloop
  endfacet
  facet normal 0 0 1
    outer loop
      vertex -18.6179 -46.081 400
      vertex -18.7303 -46.3592 400
      vertex -15.4508 -47.5528 400
    endloop
  endfacet
  facet normal 0 0 1
    outer loop
      vertex -21.787 -44.6701 400
      vertex -18.7303 -46.3592 400
      vertex -18.6179 -46.081 400
    endloop
  endfacet
  facet normal 0 0 1
    outer loop
      vertex -21.787 -44.6701 400
      vertex -21.9186 -44.9397 400
      vertex -18.7303 -46.3592 400
    endloop
  endfacet
  facet normal 0 0 1
    outer loop
      vertex -24.85 -43.0415 400
      vertex -21.9186 -44.9397 400
      vertex -21.787 -44.6701 400
    endloop
  endfacet
  facet normal 0 0 1
    outer loop
      vertex -24.85 -43.0415 400
      vertex -25 -43.3013 400
      vertex -21.9186 -44.9397 400
    endloop
  endfacet
  facet normal 0 0 1
    outer loop
      vertex -27.7919 -41.2032 400
      vertex -25 -43.3013 400
      vertex -24.85 -43.0415 400
    endloop
  endfacet
  facet normal 0 0 1
    outer loop
      vertex -27.7919 -41.2032 400
      vertex -27.9596 -41.4519 400
      vertex -25 -43.3013 400
    endloop
  endfacet
  facet normal 0 0 1
    outer loop
      vertex -30.5984 -39.1641 400
      vertex -27.9596 -41.4519 400
      vertex -27.7919 -41.2032 400
    endloop
  endfacet
  facet normal 0 0 1
    outer loop
      vertex -30.5984 -39.1641 400
      vertex -30.7831 -39.4005 400
      vertex -27.9596 -41.4519 400
    endloop
  endfacet
  facet normal 0 0 1
    outer loop
      vertex -33.2558 -36.9343 400
      vertex -30.7831 -39.4005 400
      vertex -30.5984 -39.1641 400
    endloop
  endfacet
  facet normal 0 0 1
    outer loop
      vertex -33.2558 -36.9343 400
      vertex -33.4565 -37.1572 400
      vertex -30.7831 -39.4005 400
    endloop
  endfacet
  facet normal 0 0 1
    outer loop
      vertex -35.7512 -34.5245 400
      vertex -33.4565 -37.1572 400
      vertex -33.2558 -36.9343 400
    endloop
  endfacet
  facet normal 0 0 1
    outer loop
      vertex -35.7512 -34.5245 400
      vertex -35.967 -34.7329 400
      vertex -33.4565 -37.1572 400
    endloop
  endfacet
  facet normal 0 0 1
    outer loop
      vertex -38.0724 -31.9465 400
      vertex -35.967 -34.7329 400
      vertex -35.7512 -34.5245 400
    endloop
  endfacet
  facet normal 0 0 1
    outer loop
      vertex -38.0724 -31.9465 400
      vertex -38.3022 -32.1394 400
      vertex -35.967 -34.7329 400
    endloop
  endfacet
  facet normal 0 0 1
    outer loop
      vertex -40.2081 -29.2129 400
      vertex -38.3022 -32.1394 400
      vertex -38.0724 -31.9465 400
    endloop
  endfacet
  facet normal 0 0 1
    outer loop
      vertex -40.2081 -29.2129 400
      vertex -40.4509 -29.3893 400
      vertex -38.3022 -32.1394 400
    endloop
  endfacet
  facet normal 0 0 1
    outer loop
      vertex -42.148 -26.337 400
      vertex -40.4509 -29.3893 400
      vertex -40.2081 -29.2129 400
    endloop
  endfacet
  facet normal 0 0 1
    outer loop
      vertex -42.148 -26.337 400
      vertex -42.4024 -26.496 400
      vertex -40.4509 -29.3893 400
    endloop
  endfacet
  facet normal 0 0 1
    outer loop
      vertex -43.8825 -23.3327 400
      vertex -42.4024 -26.496 400
      vertex -42.148 -26.337 400
    endloop
  endfacet
  facet normal 0 0 1
    outer loop
      vertex -43.8825 -23.3327 400
      vertex -44.1474 -23.4736 400
      vertex -42.4024 -26.496 400
    endloop
  endfacet
  facet normal 0 0 1
    outer loop
      vertex -45.4032 -20.2148 400
      vertex -44.1474 -23.4736 400
      vertex -43.8825 -23.3327 400
    endloop
  endfacet
  facet normal 0 0 1
    outer loop
      vertex -45.4032 -20.2148 400
      vertex -45.6773 -20.3368 400
      vertex -44.1474 -23.4736 400
    endloop
  endfacet
  facet normal 0 0 1
    outer loop
      vertex -46.7027 -16.9984 400
      vertex -45.6773 -20.3368 400
      vertex -45.4032 -20.2148 400
    endloop
  endfacet
  facet normal 0 0 1
    outer loop
      vertex -46.7027 -16.9984 400
      vertex -46.9846 -17.101 400
      vertex -45.6773 -20.3368 400
    endloop
  endfacet
  facet normal 0 0 1
    outer loop
      vertex -47.7747 -13.6992 400
      vertex -46.9846 -17.101 400
      vertex -46.7027 -16.9984 400
    endloop
  endfacet
  facet normal 0 0 1
    outer loop
      vertex -47.7747 -13.6992 400
      vertex -48.0631 -13.7819 400
      vertex -46.9846 -17.101 400
    endloop
  endfacet
  facet normal 0 0 1
    outer loop
      vertex -48.6139 -10.3332 400
      vertex -48.0631 -13.7819 400
      vertex -47.7747 -13.6992 400
    endloop
  endfacet
  facet normal 0 0 1
    outer loop
      vertex -48.6139 -10.3332 400
      vertex -48.9074 -10.3956 400
      vertex -48.0631 -13.7819 400
    endloop
  endfacet
  facet normal 0 0 1
    outer loop
      vertex -49.2163 -6.9169 400
      vertex -48.9074 -10.3956 400
      vertex -48.6139 -10.3332 400
    endloop
  endfacet
  facet normal 0 0 1
    outer loop
      vertex -49.2163 -6.9169 400
      vertex -49.5134 -6.95865 400
      vertex -48.9074 -10.3956 400
    endloop
  endfacet
  facet normal 0 0 1
    outer loop
      vertex -49.5789 -3.4669 400
      vertex -49.5134 -6.95865 400
      vertex -49.2163 -6.9169 400
    endloop
  endfacet
  facet normal 0 0 1
    outer loop
      vertex -49.8782 -3.48782 400
      vertex -49.5789 -3.4669 400
      vertex -49.7 0 400
    endloop
  endfacet
  facet normal 0 0 1
    outer loop
      vertex -50 0 400
      vertex -49.7 0 400
      vertex -49.8782 3.48782 400
    endloop
  endfacet
  facet normal 0 0 1
    outer loop
      vertex -49.5789 -3.4669 400
      vertex -49.8782 -3.48782 400
      vertex -49.5134 -6.95865 400
    endloop
  endfacet
  facet normal 0 0 1
    outer loop
      vertex -49.7 0 400
      vertex -50 0 400
      vertex -49.8782 -3.48782 400
    endloop
  endfacet
  facet normal 0 0 -1
    outer loop
      vertex 8 0 400
      vertex 44 0 400
      vertex 43.8928 -3.06928 400
    endloop
  endfacet
  facet normal 0 0 -1
    outer loop
      vertex 7.98051 -0.558051 400
      vertex 43.8928 -3.06928 400
      vertex 43.5718 -6.12362 400
    endloop
  endfacet
  facet normal 0 0 -1
    outer loop
      vertex 44 0 400
      vertex 8 0 400
      vertex 43.8928 3.06928 400
    endloop
  endfacet
  facet normal 0 0 -1
    outer loop
      vertex 7.92214 -1.11338 400
      vertex 43.5718 -6.12362 400
      vertex 43.0385 -9.14811 400
    endloop
  endfacet
  facet normal 0 0 -1
    outer loop
      vertex 7.98051 0.558051 400
      vertex 43.8928 3.06928 400
      vertex 8 0 400
    endloop
  endfacet
  facet normal 0 0 -1
    outer loop
      vertex 7.82518 -1.66329 400
      vertex 43.0385 -9.14811 400
      vertex 42.2955 -12.128 400
    endloop
  endfacet
  facet normal -0 0 -1
    outer loop
      vertex 43.8928 3.06928 400
      vertex 7.98051 0.558051 400
      vertex 43.5718 6.12362 400
    endloop
  endfacet
  facet normal 0 0 -1
    outer loop
      vertex 7.69009 -2.2051 400
      vertex 42.2955 -12.128 400
      vertex 41.3465 -15.0489 400
    endloop
  endfacet
  facet normal 0 0 -1
    outer loop
      vertex 7.92214 1.11338 400
      vertex 43.5718 6.12362 400
      vertex 7.98051 0.558051 400
    endloop
  endfacet
  facet normal 0 0 -1
    outer loop
      vertex 7.51754 -2.73616 400
      vertex 41.3465 -15.0489 400
      vertex 40.196 -17.8964 400
    endloop
  endfacet
  facet normal -0 0 -1
    outer loop
      vertex 43.5718 6.12362 400
      vertex 7.92214 1.11338 400
      vertex 43.0385 9.14811 400
    endloop
  endfacet
  facet normal 0 0 -1
    outer loop
      vertex 7.30836 -3.25389 400
      vertex 40.196 -17.8964 400
      vertex 38.8497 -20.6567 400
    endloop
  endfacet
  facet normal 0 0 -1
    outer loop
      vertex 7.82518 1.66329 400
      vertex 43.0385 9.14811 400
      vertex 7.92214 1.11338 400
    endloop
  endfacet
  facet normal 0 0 -1
    outer loop
      vertex 7.06358 -3.75577 400
      vertex 38.8497 -20.6567 400
      vertex 37.3141 -23.3164 400
    endloop
  endfacet
  facet normal -0 0 -1
    outer loop
      vertex 43.0385 9.14811 400
      vertex 7.82518 1.66329 400
      vertex 42.2955 12.128 400
    endloop
  endfacet
  facet normal 0 0 -1
    outer loop
      vertex 6.78438 -4.23935 400
      vertex 37.3141 -23.3164 400
      vertex 35.5967 -25.8626 400
    endloop
  endfacet
  facet normal 0 0 -1
    outer loop
      vertex 7.69009 2.2051 400
      vertex 42.2955 12.128 400
      vertex 7.82518 1.66329 400
    endloop
  endfacet
  facet normal 0 0 -1
    outer loop
      vertex 6.47214 -4.70228 400
      vertex 35.5967 -25.8626 400
      vertex 33.706 -28.2827 400
    endloop
  endfacet
  facet normal -0 0 -1
    outer loop
      vertex 42.2955 12.128 400
      vertex 7.69009 2.2051 400
      vertex 41.3465 15.0489 400
    endloop
  endfacet
  facet normal 0 0 -1
    outer loop
      vertex 6.12836 -5.1423 400
      vertex 33.706 -28.2827 400
      vertex 31.651 -30.565 400
    endloop
  endfacet
  facet normal 0 0 -1
    outer loop
      vertex 7.51754 2.73616 400
      vertex 41.3465 15.0489 400
      vertex 7.69009 2.2051 400
    endloop
  endfacet
  facet normal 0 0 -1
    outer loop
      vertex 5.75472 -5.55727 400
      vertex 31.651 -30.565 400
      vertex 29.4417 -32.6984 400
    endloop
  endfacet
  facet normal -0 0 -1
    outer loop
      vertex 41.3465 15.0489 400
      vertex 7.51754 2.73616 400
      vertex 40.196 17.8964 400
    endloop
  endfacet
  facet normal 0 0 -1
    outer loop
      vertex 5.35304 -5.94516 400
      vertex 29.4417 -32.6984 400
      vertex 27.0891 -34.6725 400
    endloop
  endfacet
  facet normal 0 0 -1
    outer loop
      vertex 7.30836 3.25389 400
      vertex 40.196 17.8964 400
      vertex 7.51754 2.73616 400
    endloop
  endfacet
  facet normal 0 0 -1
    outer loop
      vertex 4.92529 -6.30409 400
      vertex 27.0891 -34.6725 400
      vertex 24.6045 -36.4777 400
    endloop
  endfacet
  facet normal -0 0 -1
    outer loop
      vertex 40.196 17.8964 400
      vertex 7.30836 3.25389 400
      vertex 38.8497 20.6567 400
    endloop
  endfacet
  facet normal 0 0 -1
    outer loop
      vertex 4.47354 -6.6323 400
      vertex 24.6045 -36.4777 400
      vertex 22 -38.1051 400
    endloop
  endfacet
  facet normal 0 0 -1
    outer loop
      vertex 7.06358 3.75577 400
      vertex 38.8497 20.6567 400
      vertex 7.30836 3.25389 400
    endloop
  endfacet
  facet normal 0 0 -1
    outer loop
      vertex 4 -6.9282 400
      vertex 22 -38.1051 400
      vertex 19.2883 -39.5469 400
    endloop
  endfacet
  facet normal -0 0 -1
    outer loop
      vertex 38.8497 20.6567 400
      vertex 7.06358 3.75577 400
      vertex 37.3141 23.3164 400
    endloop
  endfacet
  facet normal 0 0 -1
    outer loop
      vertex 3.50697 -7.19035 400
      vertex 19.2883 -39.5469 400
      vertex 16.4827 -40.7961 400
    endloop
  endfacet
  facet normal 0 0 -1
    outer loop
      vertex 6.78438 4.23935 400
      vertex 37.3141 23.3164 400
      vertex 7.06358 3.75577 400
    endloop
  endfacet
  facet normal 0 0 -1
    outer loop
      vertex 2.99685 -7.41747 400
      vertex 16.4827 -40.7961 400
      vertex 13.5967 -41.8465 400
    endloop
  endfacet
  facet normal -0 0 -1
    outer loop
      vertex 37.3141 23.3164 400
      vertex 6.78438 4.23935 400
      vertex 35.5967 25.8626 400
    endloop
  endfacet
  facet normal 0 0 -1
    outer loop
      vertex 2.47214 -7.60845 400
      vertex 13.5967 -41.8465 400
      vertex 10.6446 -42.693 400
    endloop
  endfacet
  facet normal 0 0 -1
    outer loop
      vertex 6.47214 4.70228 400
      vertex 35.5967 25.8626 400
      vertex 6.78438 4.23935 400
    endloop
  endfacet
  facet normal -0 0 -1
    outer loop
      vertex 35.5967 25.8626 400
      vertex 6.47214 4.70228 400
      vertex 33.706 28.2827 400
    endloop
  endfacet
  facet normal 0 0 -1
    outer loop
      vertex 43.8928 -3.06928 400
      vertex 7.98051 -0.558051 400
      vertex 8 0 400
    endloop
  endfacet
  facet normal 0 0 -1
    outer loop
      vertex 43.5718 -6.12362 400
      vertex 7.92214 -1.11338 400
      vertex 7.98051 -0.558051 400
    endloop
  endfacet
  facet normal 0 0 -1
    outer loop
      vertex 43.0385 -9.14811 400
      vertex 7.82518 -1.66329 400
      vertex 7.92214 -1.11338 400
    endloop
  endfacet
  facet normal 0 0 -1
    outer loop
      vertex 42.2955 -12.128 400
      vertex 7.69009 -2.2051 400
      vertex 7.82518 -1.66329 400
    endloop
  endfacet
  facet normal 0 0 -1
    outer loop
      vertex 1.93537 -7.76237 400
      vertex 10.6446 -42.693 400
      vertex 7.64052 -43.3315 400
    endloop
  endfacet
  facet normal 0 0 -1
    outer loop
      vertex 41.3465 -15.0489 400
      vertex 7.51754 -2.73616 400
      vertex 7.69009 -2.2051 400
    endloop
  endfacet
  facet normal 0 0 -1
    outer loop
      vertex 40.196 -17.8964 400
      vertex 7.30836 -3.25389 400
      vertex 7.51754 -2.73616 400
    endloop
  endfacet
  facet normal 0 0 -1
    outer loop
      vertex 38.8497 -20.6567 400
      vertex 7.06358 -3.75577 400
      vertex 7.30836 -3.25389 400
    endloop
  endfacet
  facet normal 0 0 -1
    outer loop
      vertex 37.3141 -23.3164 400
      vertex 6.78438 -4.23935 400
      vertex 7.06358 -3.75577 400
    endloop
  endfacet
  facet normal 0 0 -1
    outer loop
      vertex 35.5967 -25.8626 400
      vertex 6.47214 -4.70228 400
      vertex 6.78438 -4.23935 400
    endloop
  endfacet
  facet normal 0 0 -1
    outer loop
      vertex 33.706 -28.2827 400
      vertex 6.12836 -5.1423 400
      vertex 6.47214 -4.70228 400
    endloop
  endfacet
  facet normal 0 0 -1
    outer loop
      vertex 31.651 -30.565 400
      vertex 5.75472 -5.55727 400
      vertex 6.12836 -5.1423 400
    endloop
  endfacet
  facet normal 0 0 -1
    outer loop
      vertex 29.4417 -32.6984 400
      vertex 5.35304 -5.94516 400
      vertex 5.75472 -5.55727 400
    endloop
  endfacet
  facet normal 0 0 -1
    outer loop
      vertex 27.0891 -34.6725 400
      vertex 4.92529 -6.30409 400
      vertex 5.35304 -5.94516 400
    endloop
  endfacet
  facet normal 0 0 -1
    outer loop
      vertex 1.38918 -7.87846 400
      vertex 7.64052 -43.3315 400
      vertex 4.59925 -43.759 400
    endloop
  endfacet
  facet normal 0 0 -1
    outer loop
      vertex 24.6045 -36.4777 400
      vertex 4.47354 -6.6323 400
      vertex 4.92529 -6.30409 400
    endloop
  endfacet
  facet normal 0 0 -1
    outer loop
      vertex 22 -38.1051 400
      vertex 4 -6.9282 400
      vertex 4.47354 -6.6323 400
    endloop
  endfacet
  facet normal 0 0 -1
    outer loop
      vertex 19.2883 -39.5469 400
      vertex 3.50697 -7.19035 400
      vertex 4 -6.9282 400
    endloop
  endfacet
  facet normal 0 0 -1
    outer loop
      vertex 16.4827 -40.7961 400
      vertex 2.99685 -7.41747 400
      vertex 3.50697 -7.19035 400
    endloop
  endfacet
  facet normal 0 0 -1
    outer loop
      vertex 13.5967 -41.8465 400
      vertex 2.47214 -7.60845 400
      vertex 2.99685 -7.41747 400
    endloop
  endfacet
  facet normal 0 0 -1
    outer loop
      vertex 10.6446 -42.693 400
      vertex 1.93537 -7.76237 400
      vertex 2.47214 -7.60845 400
    endloop
  endfacet
  facet normal 0 0 -1
    outer loop
      vertex 0.836227 -7.95617 400
      vertex 4.59925 -43.759 400
      vertex 1.53558 -43.9732 400
    endloop
  endfacet
  facet normal 0 0 -1
    outer loop
      vertex 7.64052 -43.3315 400
      vertex 1.38918 -7.87846 400
      vertex 1.93537 -7.76237 400
    endloop
  endfacet
  facet normal 0 0 -1
    outer loop
      vertex 4.59925 -43.759 400
      vertex 0.836227 -7.95617 400
      vertex 1.38918 -7.87846 400
    endloop
  endfacet
  facet normal 0 0 -1
    outer loop
      vertex 1.53558 -43.9732 400
      vertex 0.279196 -7.99513 400
      vertex 0.836227 -7.95617 400
    endloop
  endfacet
  facet normal 0 0 -1
    outer loop
      vertex 1.53558 -43.9732 400
      vertex -0.279196 -7.99513 400
      vertex 0.279196 -7.99513 400
    endloop
  endfacet
  facet normal 0 0 -1
    outer loop
      vertex -1.53558 -43.9732 400
      vertex -0.279196 -7.99513 400
      vertex 1.53558 -43.9732 400
    endloop
  endfacet
  facet normal -0 0 -1
    outer loop
      vertex -0.279196 -7.99513 400
      vertex -1.53558 -43.9732 400
      vertex -0.836227 -7.95617 400
    endloop
  endfacet
  facet normal 0 0 -1
    outer loop
      vertex -4.59925 -43.759 400
      vertex -0.836227 -7.95617 400
      vertex -1.53558 -43.9732 400
    endloop
  endfacet
  facet normal -0 0 -1
    outer loop
      vertex -0.836227 -7.95617 400
      vertex -4.59925 -43.759 400
      vertex -1.38918 -7.87846 400
    endloop
  endfacet
  facet normal 0 0 -1
    outer loop
      vertex -7.64052 -43.3315 400
      vertex -1.38918 -7.87846 400
      vertex -4.59925 -43.759 400
    endloop
  endfacet
  facet normal -0 0 -1
    outer loop
      vertex -1.38918 -7.87846 400
      vertex -7.64052 -43.3315 400
      vertex -1.93537 -7.76237 400
    endloop
  endfacet
  facet normal 0 0 -1
    outer loop
      vertex -10.6446 -42.693 400
      vertex -1.93537 -7.76237 400
      vertex -7.64052 -43.3315 400
    endloop
  endfacet
  facet normal -0 0 -1
    outer loop
      vertex -1.93537 -7.76237 400
      vertex -10.6446 -42.693 400
      vertex -2.47214 -7.60845 400
    endloop
  endfacet
  facet normal 0 0 -1
    outer loop
      vertex -13.5967 -41.8465 400
      vertex -2.47214 -7.60845 400
      vertex -10.6446 -42.693 400
    endloop
  endfacet
  facet normal -0 0 -1
    outer loop
      vertex -2.47214 -7.60845 400
      vertex -13.5967 -41.8465 400
      vertex -2.99685 -7.41747 400
    endloop
  endfacet
  facet normal 0 0 -1
    outer loop
      vertex -16.4827 -40.7961 400
      vertex -2.99685 -7.41747 400
      vertex -13.5967 -41.8465 400
    endloop
  endfacet
  facet normal -0 0 -1
    outer loop
      vertex -2.99685 -7.41747 400
      vertex -16.4827 -40.7961 400
      vertex -3.50697 -7.19035 400
    endloop
  endfacet
  facet normal 0 0 -1
    outer loop
      vertex -19.2883 -39.5469 400
      vertex -3.50697 -7.19035 400
      vertex -16.4827 -40.7961 400
    endloop
  endfacet
  facet normal -0 0 -1
    outer loop
      vertex -3.50697 -7.19035 400
      vertex -19.2883 -39.5469 400
      vertex -4 -6.9282 400
    endloop
  endfacet
  facet normal 0 0 -1
    outer loop
      vertex -22 -38.1051 400
      vertex -4 -6.9282 400
      vertex -19.2883 -39.5469 400
    endloop
  endfacet
  facet normal -0 0 -1
    outer loop
      vertex -4 -6.9282 400
      vertex -22 -38.1051 400
      vertex -4.47354 -6.6323 400
    endloop
  endfacet
  facet normal 0 0 -1
    outer loop
      vertex -24.6045 -36.4777 400
      vertex -4.47354 -6.6323 400
      vertex -22 -38.1051 400
    endloop
  endfacet
  facet normal -0 0 -1
    outer loop
      vertex -4.47354 -6.6323 400
      vertex -24.6045 -36.4777 400
      vertex -4.92529 -6.30409 400
    endloop
  endfacet
  facet normal 0 0 -1
    outer loop
      vertex -27.0891 -34.6725 400
      vertex -4.92529 -6.30409 400
      vertex -24.6045 -36.4777 400
    endloop
  endfacet
  facet normal -0 0 -1
    outer loop
      vertex -4.92529 -6.30409 400
      vertex -27.0891 -34.6725 400
      vertex -5.35304 -5.94516 400
    endloop
  endfacet
  facet normal 0 0 -1
    outer loop
      vertex -29.4417 -32.6984 400
      vertex -5.35304 -5.94516 400
      vertex -27.0891 -34.6725 400
    endloop
  endfacet
  facet normal -0 0 -1
    outer loop
      vertex -5.35304 -5.94516 400
      vertex -29.4417 -32.6984 400
      vertex -5.75472 -5.55727 400
    endloop
  endfacet
  facet normal 0 0 -1
    outer loop
      vertex -31.651 -30.565 400
      vertex -5.75472 -5.55727 400
      vertex -29.4417 -32.6984 400
    endloop
  endfacet
  facet normal -0 0 -1
    outer loop
      vertex -5.75472 -5.55727 400
      vertex -31.651 -30.565 400
      vertex -6.12836 -5.1423 400
    endloop
  endfacet
  facet normal 0 0 -1
    outer loop
      vertex -33.706 -28.2827 400
      vertex -6.12836 -5.1423 400
      vertex -31.651 -30.565 400
    endloop
  endfacet
  facet normal -0 0 -1
    outer loop
      vertex -6.12836 -5.1423 400
      vertex -33.706 -28.2827 400
      vertex -6.47214 -4.70228 400
    endloop
  endfacet
  facet normal 0 0 -1
    outer loop
      vertex 6.12836 5.1423 400
      vertex 33.706 28.2827 400
      vertex 6.47214 4.70228 400
    endloop
  endfacet
  facet normal -0 0 -1
    outer loop
      vertex 33.706 28.2827 400
      vertex 6.12836 5.1423 400
      vertex 31.651 30.565 400
    endloop
  endfacet
  facet normal 0 0 -1
    outer loop
      vertex 5.75472 5.55727 400
      vertex 31.651 30.565 400
      vertex 6.12836 5.1423 400
    endloop
  endfacet
  facet normal -0 0 -1
    outer loop
      vertex 31.651 30.565 400
      vertex 5.75472 5.55727 400
      vertex 29.4417 32.6984 400
    endloop
  endfacet
  facet normal 0 0 -1
    outer loop
      vertex 5.35304 5.94516 400
      vertex 29.4417 32.6984 400
      vertex 5.75472 5.55727 400
    endloop
  endfacet
  facet normal -0 0 -1
    outer loop
      vertex 29.4417 32.6984 400
      vertex 5.35304 5.94516 400
      vertex 27.0891 34.6725 400
    endloop
  endfacet
  facet normal 0 0 -1
    outer loop
      vertex 4.92529 6.30409 400
      vertex 27.0891 34.6725 400
      vertex 5.35304 5.94516 400
    endloop
  endfacet
  facet normal -0 0 -1
    outer loop
      vertex 27.0891 34.6725 400
      vertex 4.92529 6.30409 400
      vertex 24.6045 36.4777 400
    endloop
  endfacet
  facet normal 0 0 -1
    outer loop
      vertex 4.47354 6.6323 400
      vertex 24.6045 36.4777 400
      vertex 4.92529 6.30409 400
    endloop
  endfacet
  facet normal -0 0 -1
    outer loop
      vertex 24.6045 36.4777 400
      vertex 4.47354 6.6323 400
      vertex 22 38.1051 400
    endloop
  endfacet
  facet normal 0 0 -1
    outer loop
      vertex 4 6.9282 400
      vertex 22 38.1051 400
      vertex 4.47354 6.6323 400
    endloop
  endfacet
  facet normal -0 0 -1
    outer loop
      vertex 22 38.1051 400
      vertex 4 6.9282 400
      vertex 19.2883 39.5469 400
    endloop
  endfacet
  facet normal 0 0 -1
    outer loop
      vertex 3.50697 7.19035 400
      vertex 19.2883 39.5469 400
      vertex 4 6.9282 400
    endloop
  endfacet
  facet normal -0 0 -1
    outer loop
      vertex 19.2883 39.5469 400
      vertex 3.50697 7.19035 400
      vertex 16.4827 40.7961 400
    endloop
  endfacet
  facet normal 0 0 -1
    outer loop
      vertex 2.99685 7.41747 400
      vertex 16.4827 40.7961 400
      vertex 3.50697 7.19035 400
    endloop
  endfacet
  facet normal -0 0 -1
    outer loop
      vertex 16.4827 40.7961 400
      vertex 2.99685 7.41747 400
      vertex 13.5967 41.8465 400
    endloop
  endfacet
  facet normal 0 0 -1
    outer loop
      vertex 2.47214 7.60845 400
      vertex 13.5967 41.8465 400
      vertex 2.99685 7.41747 400
    endloop
  endfacet
  facet normal -0 0 -1
    outer loop
      vertex 13.5967 41.8465 400
      vertex 2.47214 7.60845 400
      vertex 10.6446 42.693 400
    endloop
  endfacet
  facet normal 0 0 -1
    outer loop
      vertex 1.93537 7.76237 400
      vertex 10.6446 42.693 400
      vertex 2.47214 7.60845 400
    endloop
  endfacet
  facet normal -0 0 -1
    outer loop
      vertex 10.6446 42.693 400
      vertex 1.93537 7.76237 400
      vertex 7.64052 43.3315 400
    endloop
  endfacet
  facet normal 0 0 -1
    outer loop
      vertex 1.38918 7.87846 400
      vertex 7.64052 43.3315 400
      vertex 1.93537 7.76237 400
    endloop
  endfacet
  facet normal -0 0 -1
    outer loop
      vertex 7.64052 43.3315 400
      vertex 1.38918 7.87846 400
      vertex 4.59925 43.759 400
    endloop
  endfacet
  facet normal 0 0 -1
    outer loop
      vertex 0.836227 7.95617 400
      vertex 4.59925 43.759 400
      vertex 1.38918 7.87846 400
    endloop
  endfacet
  facet normal -0 0 -1
    outer loop
      vertex 4.59925 43.759 400
      vertex 0.836227 7.95617 400
      vertex 1.53558 43.9732 400
    endloop
  endfacet
  facet normal 0 0 -1
    outer loop
      vertex 0.279196 7.99513 400
      vertex 1.53558 43.9732 400
      vertex 0.836227 7.95617 400
    endloop
  endfacet
  facet normal 0 0 -1
    outer loop
      vertex -0.279196 7.99513 400
      vertex 1.53558 43.9732 400
      vertex 0.279196 7.99513 400
    endloop
  endfacet
  facet normal 0 0 -1
    outer loop
      vertex -1.53558 43.9732 400
      vertex -0.279196 7.99513 400
      vertex -0.836227 7.95617 400
    endloop
  endfacet
  facet normal 0 0 -1
    outer loop
      vertex -4.59925 43.759 400
      vertex -0.836227 7.95617 400
      vertex -1.38918 7.87846 400
    endloop
  endfacet
  facet normal 0 0 -1
    outer loop
      vertex -0.279196 7.99513 400
      vertex -1.53558 43.9732 400
      vertex 1.53558 43.9732 400
    endloop
  endfacet
  facet normal 0 0 -1
    outer loop
      vertex -7.64052 43.3315 400
      vertex -1.38918 7.87846 400
      vertex -1.93537 7.76237 400
    endloop
  endfacet
  facet normal 0 0 -1
    outer loop
      vertex -10.6446 42.693 400
      vertex -1.93537 7.76237 400
      vertex -2.47214 7.60845 400
    endloop
  endfacet
  facet normal 0 0 -1
    outer loop
      vertex -13.5967 41.8465 400
      vertex -2.47214 7.60845 400
      vertex -2.99685 7.41747 400
    endloop
  endfacet
  facet normal 0 0 -1
    outer loop
      vertex -16.4827 40.7961 400
      vertex -2.99685 7.41747 400
      vertex -3.50697 7.19035 400
    endloop
  endfacet
  facet normal 0 0 -1
    outer loop
      vertex -19.2883 39.5469 400
      vertex -3.50697 7.19035 400
      vertex -4 6.9282 400
    endloop
  endfacet
  facet normal 0 0 -1
    outer loop
      vertex -22 38.1051 400
      vertex -4 6.9282 400
      vertex -4.47354 6.6323 400
    endloop
  endfacet
  facet normal 0 0 -1
    outer loop
      vertex -0.836227 7.95617 400
      vertex -4.59925 43.759 400
      vertex -1.53558 43.9732 400
    endloop
  endfacet
  facet normal 0 0 -1
    outer loop
      vertex -24.6045 36.4777 400
      vertex -4.47354 6.6323 400
      vertex -4.92529 6.30409 400
    endloop
  endfacet
  facet normal 0 0 -1
    outer loop
      vertex -27.0891 34.6725 400
      vertex -4.92529 6.30409 400
      vertex -5.35304 5.94516 400
    endloop
  endfacet
  facet normal 0 0 -1
    outer loop
      vertex -29.4417 32.6984 400
      vertex -5.35304 5.94516 400
      vertex -5.75472 5.55727 400
    endloop
  endfacet
  facet normal 0 0 -1
    outer loop
      vertex -31.651 30.565 400
      vertex -5.75472 5.55727 400
      vertex -6.12836 5.1423 400
    endloop
  endfacet
  facet normal 0 0 -1
    outer loop
      vertex -33.706 28.2827 400
      vertex -6.12836 5.1423 400
      vertex -6.47214 4.70228 400
    endloop
  endfacet
  facet normal 0 0 -1
    outer loop
      vertex -35.5967 25.8626 400
      vertex -6.47214 4.70228 400
      vertex -6.78438 4.23935 400
    endloop
  endfacet
  facet normal 0 0 -1
    outer loop
      vertex -37.3141 23.3164 400
      vertex -6.78438 4.23935 400
      vertex -7.06358 3.75577 400
    endloop
  endfacet
  facet normal 0 0 -1
    outer loop
      vertex -38.8497 20.6567 400
      vertex -7.06358 3.75577 400
      vertex -7.30836 3.25389 400
    endloop
  endfacet
  facet normal 0 0 -1
    outer loop
      vertex -40.196 17.8964 400
      vertex -7.30836 3.25389 400
      vertex -7.51754 2.73616 400
    endloop
  endfacet
  facet normal 0 0 -1
    outer loop
      vertex -1.38918 7.87846 400
      vertex -7.64052 43.3315 400
      vertex -4.59925 43.759 400
    endloop
  endfacet
  facet normal 0 0 -1
    outer loop
      vertex -41.3465 15.0489 400
      vertex -7.51754 2.73616 400
      vertex -7.69009 2.2051 400
    endloop
  endfacet
  facet normal 0 0 -1
    outer loop
      vertex -42.2955 12.128 400
      vertex -7.69009 2.2051 400
      vertex -7.82518 1.66329 400
    endloop
  endfacet
  facet normal 0 0 -1
    outer loop
      vertex -43.0385 9.14811 400
      vertex -7.82518 1.66329 400
      vertex -7.92214 1.11338 400
    endloop
  endfacet
  facet normal 0 0 -1
    outer loop
      vertex -43.5718 6.12362 400
      vertex -7.92214 1.11338 400
      vertex -7.98051 0.558051 400
    endloop
  endfacet
  facet normal 0 0 -1
    outer loop
      vertex -43.8928 3.06928 400
      vertex -7.98051 0.558051 400
      vertex -8 0 400
    endloop
  endfacet
  facet normal 0 0 -1
    outer loop
      vertex -35.5967 -25.8626 400
      vertex -6.47214 -4.70228 400
      vertex -33.706 -28.2827 400
    endloop
  endfacet
  facet normal 0 0 -1
    outer loop
      vertex -1.93537 7.76237 400
      vertex -10.6446 42.693 400
      vertex -7.64052 43.3315 400
    endloop
  endfacet
  facet normal -0 0 -1
    outer loop
      vertex -6.47214 -4.70228 400
      vertex -35.5967 -25.8626 400
      vertex -6.78438 -4.23935 400
    endloop
  endfacet
  facet normal 0 0 -1
    outer loop
      vertex -2.47214 7.60845 400
      vertex -13.5967 41.8465 400
      vertex -10.6446 42.693 400
    endloop
  endfacet
  facet normal 0 0 -1
    outer loop
      vertex -37.3141 -23.3164 400
      vertex -6.78438 -4.23935 400
      vertex -35.5967 -25.8626 400
    endloop
  endfacet
  facet normal 0 0 -1
    outer loop
      vertex -2.99685 7.41747 400
      vertex -16.4827 40.7961 400
      vertex -13.5967 41.8465 400
    endloop
  endfacet
  facet normal -0 0 -1
    outer loop
      vertex -6.78438 -4.23935 400
      vertex -37.3141 -23.3164 400
      vertex -7.06358 -3.75577 400
    endloop
  endfacet
  facet normal 0 0 -1
    outer loop
      vertex -3.50697 7.19035 400
      vertex -19.2883 39.5469 400
      vertex -16.4827 40.7961 400
    endloop
  endfacet
  facet normal 0 0 -1
    outer loop
      vertex -38.8497 -20.6567 400
      vertex -7.06358 -3.75577 400
      vertex -37.3141 -23.3164 400
    endloop
  endfacet
  facet normal 0 0 -1
    outer loop
      vertex -4 6.9282 400
      vertex -22 38.1051 400
      vertex -19.2883 39.5469 400
    endloop
  endfacet
  facet normal -0 0 -1
    outer loop
      vertex -7.06358 -3.75577 400
      vertex -38.8497 -20.6567 400
      vertex -7.30836 -3.25389 400
    endloop
  endfacet
  facet normal 0 0 -1
    outer loop
      vertex -4.47354 6.6323 400
      vertex -24.6045 36.4777 400
      vertex -22 38.1051 400
    endloop
  endfacet
  facet normal 0 0 -1
    outer loop
      vertex -40.196 -17.8964 400
      vertex -7.30836 -3.25389 400
      vertex -38.8497 -20.6567 400
    endloop
  endfacet
  facet normal 0 0 -1
    outer loop
      vertex -4.92529 6.30409 400
      vertex -27.0891 34.6725 400
      vertex -24.6045 36.4777 400
    endloop
  endfacet
  facet normal -0 0 -1
    outer loop
      vertex -7.30836 -3.25389 400
      vertex -40.196 -17.8964 400
      vertex -7.51754 -2.73616 400
    endloop
  endfacet
  facet normal 0 0 -1
    outer loop
      vertex -5.35304 5.94516 400
      vertex -29.4417 32.6984 400
      vertex -27.0891 34.6725 400
    endloop
  endfacet
  facet normal 0 0 -1
    outer loop
      vertex -41.3465 -15.0489 400
      vertex -7.51754 -2.73616 400
      vertex -40.196 -17.8964 400
    endloop
  endfacet
  facet normal 0 0 -1
    outer loop
      vertex -5.75472 5.55727 400
      vertex -31.651 30.565 400
      vertex -29.4417 32.6984 400
    endloop
  endfacet
  facet normal -0 0 -1
    outer loop
      vertex -7.51754 -2.73616 400
      vertex -41.3465 -15.0489 400
      vertex -7.69009 -2.2051 400
    endloop
  endfacet
  facet normal 0 0 -1
    outer loop
      vertex -6.12836 5.1423 400
      vertex -33.706 28.2827 400
      vertex -31.651 30.565 400
    endloop
  endfacet
  facet normal 0 0 -1
    outer loop
      vertex -42.2955 -12.128 400
      vertex -7.69009 -2.2051 400
      vertex -41.3465 -15.0489 400
    endloop
  endfacet
  facet normal 0 0 -1
    outer loop
      vertex -6.47214 4.70228 400
      vertex -35.5967 25.8626 400
      vertex -33.706 28.2827 400
    endloop
  endfacet
  facet normal -0 0 -1
    outer loop
      vertex -7.69009 -2.2051 400
      vertex -42.2955 -12.128 400
      vertex -7.82518 -1.66329 400
    endloop
  endfacet
  facet normal 0 0 -1
    outer loop
      vertex -6.78438 4.23935 400
      vertex -37.3141 23.3164 400
      vertex -35.5967 25.8626 400
    endloop
  endfacet
  facet normal 0 0 -1
    outer loop
      vertex -43.0385 -9.14811 400
      vertex -7.82518 -1.66329 400
      vertex -42.2955 -12.128 400
    endloop
  endfacet
  facet normal 0 0 -1
    outer loop
      vertex -7.06358 3.75577 400
      vertex -38.8497 20.6567 400
      vertex -37.3141 23.3164 400
    endloop
  endfacet
  facet normal -0 0 -1
    outer loop
      vertex -7.82518 -1.66329 400
      vertex -43.0385 -9.14811 400
      vertex -7.92214 -1.11338 400
    endloop
  endfacet
  facet normal 0 0 -1
    outer loop
      vertex -7.30836 3.25389 400
      vertex -40.196 17.8964 400
      vertex -38.8497 20.6567 400
    endloop
  endfacet
  facet normal 0 0 -1
    outer loop
      vertex -43.5718 -6.12362 400
      vertex -7.92214 -1.11338 400
      vertex -43.0385 -9.14811 400
    endloop
  endfacet
  facet normal 0 0 -1
    outer loop
      vertex -7.51754 2.73616 400
      vertex -41.3465 15.0489 400
      vertex -40.196 17.8964 400
    endloop
  endfacet
  facet normal -0 0 -1
    outer loop
      vertex -7.92214 -1.11338 400
      vertex -43.5718 -6.12362 400
      vertex -7.98051 -0.558051 400
    endloop
  endfacet
  facet normal 0 0 -1
    outer loop
      vertex -7.69009 2.2051 400
      vertex -42.2955 12.128 400
      vertex -41.3465 15.0489 400
    endloop
  endfacet
  facet normal 0 0 -1
    outer loop
      vertex -43.8928 -3.06928 400
      vertex -7.98051 -0.558051 400
      vertex -43.5718 -6.12362 400
    endloop
  endfacet
  facet normal 0 0 -1
    outer loop
      vertex -7.82518 1.66329 400
      vertex -43.0385 9.14811 400
      vertex -42.2955 12.128 400
    endloop
  endfacet
  facet normal -0 0 -1
    outer loop
      vertex -7.98051 -0.558051 400
      vertex -43.8928 -3.06928 400
      vertex -8 0 400
    endloop
  endfacet
  facet normal 0 0 -1
    outer loop
      vertex -7.92214 1.11338 400
      vertex -43.5718 6.12362 400
      vertex -43.0385 9.14811 400
    endloop
  endfacet
  facet normal 0 0 -1
    outer loop
      vertex -44 0 400
      vertex -8 0 400
      vertex -43.8928 -3.06928 400
    endloop
  endfacet
  facet normal 0 0 -1
    outer loop
      vertex -7.98051 0.558051 400
      vertex -43.8928 3.06928 400
      vertex -43.5718 6.12362 400
    endloop
  endfacet
  facet normal 0 0 -1
    outer loop
      vertex -8 0 400
      vertex -44 0 400
      vertex -43.8928 3.06928 400
    endloop
  endfacet
  facet normal -0.0697432 -0.997565 0
    outer loop
      vertex -5.22642 -49.7261 0
      vertex -1.74497 -49.9695 400
      vertex -5.22642 -49.7261 400
    endloop
  endfacet
  facet normal -0.0697432 -0.997565 -0
    outer loop
      vertex -1.74497 -49.9695 400
      vertex -5.22642 -49.7261 0
      vertex -1.74497 -49.9695 0
    endloop
  endfacet
  facet normal -0.951052 0.309032 0
    outer loop
      vertex -48.0631 13.7819 0
      vertex -46.9846 17.101 400
      vertex -46.9846 17.101 0
    endloop
  endfacet
  facet normal -0.951052 0.309032 0
    outer loop
      vertex -46.9846 17.101 400
      vertex -48.0631 13.7819 0
      vertex -48.0631 13.7819 400
    endloop
  endfacet
  facet normal -0.529927 -0.848043 0
    outer loop
      vertex -27.9596 -41.4519 0
      vertex -25 -43.3013 400
      vertex -27.9596 -41.4519 400
    endloop
  endfacet
  facet normal -0.529927 -0.848043 -0
    outer loop
      vertex -25 -43.3013 400
      vertex -27.9596 -41.4519 0
      vertex -25 -43.3013 0
    endloop
  endfacet
  facet normal 0.743145 -0.669131 0
    outer loop
      vertex 35.967 -34.7329 400
      vertex 38.3022 -32.1394 0
      vertex 38.3022 -32.1394 400
    endloop
  endfacet
  facet normal 0.743145 -0.669131 0
    outer loop
      vertex 38.3022 -32.1394 0
      vertex 35.967 -34.7329 400
      vertex 35.967 -34.7329 0
    endloop
  endfacet
  facet normal -0.0697432 0.997565 0
    outer loop
      vertex -1.74497 49.9695 0
      vertex -5.22642 49.7261 400
      vertex -1.74497 49.9695 400
    endloop
  endfacet
  facet normal -0.0697432 0.997565 0
    outer loop
      vertex -5.22642 49.7261 400
      vertex -1.74497 49.9695 0
      vertex -5.22642 49.7261 0
    endloop
  endfacet
  facet normal -0.275652 0.961258 0
    outer loop
      vertex -12.0961 48.5148 0
      vertex -15.4508 47.5528 400
      vertex -12.0961 48.5148 400
    endloop
  endfacet
  facet normal -0.275652 0.961258 0
    outer loop
      vertex -15.4508 47.5528 400
      vertex -12.0961 48.5148 0
      vertex -15.4508 47.5528 0
    endloop
  endfacet
  facet normal 0.866023 0.500004 0
    outer loop
      vertex 44.1474 23.4736 400
      vertex 42.4024 26.496 0
      vertex 42.4024 26.496 400
    endloop
  endfacet
  facet normal 0.866023 0.500004 0
    outer loop
      vertex 42.4024 26.496 0
      vertex 44.1474 23.4736 400
      vertex 44.1474 23.4736 0
    endloop
  endfacet
  facet normal -0.951052 -0.309032 0
    outer loop
      vertex -46.9846 -17.101 0
      vertex -48.0631 -13.7819 400
      vertex -48.0631 -13.7819 0
    endloop
  endfacet
  facet normal -0.951052 -0.309032 0
    outer loop
      vertex -48.0631 -13.7819 400
      vertex -46.9846 -17.101 0
      vertex -46.9846 -17.101 400
    endloop
  endfacet
  facet normal 0.34201 -0.939696 0
    outer loop
      vertex 15.4508 -47.5528 0
      vertex 18.7303 -46.3592 400
      vertex 15.4508 -47.5528 400
    endloop
  endfacet
  facet normal 0.34201 -0.939696 0
    outer loop
      vertex 18.7303 -46.3592 400
      vertex 15.4508 -47.5528 0
      vertex 18.7303 -46.3592 0
    endloop
  endfacet
  facet normal -0.139171 0.990268 0
    outer loop
      vertex -5.22642 49.7261 0
      vertex -8.68241 49.2404 400
      vertex -5.22642 49.7261 400
    endloop
  endfacet
  facet normal -0.139171 0.990268 0
    outer loop
      vertex -8.68241 49.2404 400
      vertex -5.22642 49.7261 0
      vertex -8.68241 49.2404 0
    endloop
  endfacet
  facet normal 0.529927 -0.848043 0
    outer loop
      vertex 25 -43.3013 0
      vertex 27.9596 -41.4519 400
      vertex 25 -43.3013 400
    endloop
  endfacet
  facet normal 0.529927 -0.848043 0
    outer loop
      vertex 27.9596 -41.4519 400
      vertex 25 -43.3013 0
      vertex 27.9596 -41.4519 0
    endloop
  endfacet
  facet normal -0.866023 0.500004 0
    outer loop
      vertex -44.1474 23.4736 0
      vertex -42.4024 26.496 400
      vertex -42.4024 26.496 0
    endloop
  endfacet
  facet normal -0.866023 0.500004 0
    outer loop
      vertex -42.4024 26.496 400
      vertex -44.1474 23.4736 0
      vertex -44.1474 23.4736 400
    endloop
  endfacet
  facet normal 0.275652 -0.961258 0
    outer loop
      vertex 12.0961 -48.5148 0
      vertex 15.4508 -47.5528 400
      vertex 12.0961 -48.5148 400
    endloop
  endfacet
  facet normal 0.275652 -0.961258 0
    outer loop
      vertex 15.4508 -47.5528 400
      vertex 12.0961 -48.5148 0
      vertex 15.4508 -47.5528 0
    endloop
  endfacet
  facet normal -0.994522 0.104529 0
    outer loop
      vertex -49.8782 3.48782 0
      vertex -49.5134 6.95865 400
      vertex -49.5134 6.95865 0
    endloop
  endfacet
  facet normal -0.994522 0.104529 0
    outer loop
      vertex -49.5134 6.95865 400
      vertex -49.8782 3.48782 0
      vertex -49.8782 3.48782 400
    endloop
  endfacet
  facet normal -0.829045 -0.559182 0
    outer loop
      vertex -40.4509 -29.3893 0
      vertex -42.4024 -26.496 400
      vertex -42.4024 -26.496 0
    endloop
  endfacet
  facet normal -0.829045 -0.559182 0
    outer loop
      vertex -42.4024 -26.496 400
      vertex -40.4509 -29.3893 0
      vertex -40.4509 -29.3893 400
    endloop
  endfacet
  facet normal 0.529927 0.848043 -0
    outer loop
      vertex 27.9596 41.4519 0
      vertex 25 43.3013 400
      vertex 27.9596 41.4519 400
    endloop
  endfacet
  facet normal 0.529927 0.848043 0
    outer loop
      vertex 25 43.3013 400
      vertex 27.9596 41.4519 0
      vertex 25 43.3013 0
    endloop
  endfacet
  facet normal 0.139171 -0.990268 0
    outer loop
      vertex 5.22642 -49.7261 0
      vertex 8.68241 -49.2404 400
      vertex 5.22642 -49.7261 400
    endloop
  endfacet
  facet normal 0.139171 -0.990268 0
    outer loop
      vertex 8.68241 -49.2404 400
      vertex 5.22642 -49.7261 0
      vertex 8.68241 -49.2404 0
    endloop
  endfacet
  facet normal 0.0697432 0.997565 -0
    outer loop
      vertex 5.22642 49.7261 0
      vertex 1.74497 49.9695 400
      vertex 5.22642 49.7261 400
    endloop
  endfacet
  facet normal 0.0697432 0.997565 0
    outer loop
      vertex 1.74497 49.9695 400
      vertex 5.22642 49.7261 0
      vertex 1.74497 49.9695 0
    endloop
  endfacet
  facet normal 0.984809 0.173641 0
    outer loop
      vertex 49.5134 6.95865 400
      vertex 48.9074 10.3956 0
      vertex 48.9074 10.3956 400
    endloop
  endfacet
  facet normal 0.984809 0.173641 0
    outer loop
      vertex 48.9074 10.3956 0
      vertex 49.5134 6.95865 400
      vertex 49.5134 6.95865 0
    endloop
  endfacet
  facet normal 0.587787 -0.809016 0
    outer loop
      vertex 27.9596 -41.4519 0
      vertex 30.7831 -39.4005 400
      vertex 27.9596 -41.4519 400
    endloop
  endfacet
  facet normal 0.587787 -0.809016 0
    outer loop
      vertex 30.7831 -39.4005 400
      vertex 27.9596 -41.4519 0
      vertex 30.7831 -39.4005 0
    endloop
  endfacet
  facet normal 0.970296 -0.241922 0
    outer loop
      vertex 48.0631 -13.7819 400
      vertex 48.9074 -10.3956 0
      vertex 48.9074 -10.3956 400
    endloop
  endfacet
  facet normal 0.970296 -0.241922 0
    outer loop
      vertex 48.9074 -10.3956 0
      vertex 48.0631 -13.7819 400
      vertex 48.0631 -13.7819 0
    endloop
  endfacet
  facet normal -0.829045 0.559182 0
    outer loop
      vertex -42.4024 26.496 0
      vertex -40.4509 29.3893 400
      vertex -40.4509 29.3893 0
    endloop
  endfacet
  facet normal -0.829045 0.559182 0
    outer loop
      vertex -40.4509 29.3893 400
      vertex -42.4024 26.496 0
      vertex -42.4024 26.496 400
    endloop
  endfacet
  facet normal -0.787999 -0.615677 0
    outer loop
      vertex -38.3022 -32.1394 0
      vertex -40.4509 -29.3893 400
      vertex -40.4509 -29.3893 0
    endloop
  endfacet
  facet normal -0.787999 -0.615677 0
    outer loop
      vertex -40.4509 -29.3893 400
      vertex -38.3022 -32.1394 0
      vertex -38.3022 -32.1394 400
    endloop
  endfacet
  facet normal -0.984809 -0.173641 0
    outer loop
      vertex -48.9074 -10.3956 0
      vertex -49.5134 -6.95865 400
      vertex -49.5134 -6.95865 0
    endloop
  endfacet
  facet normal -0.984809 -0.173641 0
    outer loop
      vertex -49.5134 -6.95865 400
      vertex -48.9074 -10.3956 0
      vertex -48.9074 -10.3956 400
    endloop
  endfacet
  facet normal 0 0 -1
    outer loop
      vertex 49.7 0 0
      vertex 50 0 0
      vertex 49.8782 -3.48782 0
    endloop
  endfacet
  facet normal 0 0 -1
    outer loop
      vertex 50 0 0
      vertex 49.7 0 0
      vertex 49.8782 3.48782 0
    endloop
  endfacet
  facet normal 0 0 -1
    outer loop
      vertex 49.8782 -3.48782 0
      vertex 49.5789 -3.4669 0
      vertex 49.7 0 0
    endloop
  endfacet
  facet normal 0 0 -1
    outer loop
      vertex 49.5134 -6.95865 0
      vertex 49.5789 -3.4669 0
      vertex 49.8782 -3.48782 0
    endloop
  endfacet
  facet normal 0 0 -1
    outer loop
      vertex 49.5134 -6.95865 0
      vertex 49.2163 -6.9169 0
      vertex 49.5789 -3.4669 0
    endloop
  endfacet
  facet normal 0 0 -1
    outer loop
      vertex 48.9074 -10.3956 0
      vertex 49.2163 -6.9169 0
      vertex 49.5134 -6.95865 0
    endloop
  endfacet
  facet normal 0 0 -1
    outer loop
      vertex 48.9074 -10.3956 0
      vertex 48.6139 -10.3332 0
      vertex 49.2163 -6.9169 0
    endloop
  endfacet
  facet normal 0 0 -1
    outer loop
      vertex 48.0631 -13.7819 0
      vertex 48.6139 -10.3332 0
      vertex 48.9074 -10.3956 0
    endloop
  endfacet
  facet normal 0 0 -1
    outer loop
      vertex 48.0631 -13.7819 0
      vertex 47.7747 -13.6992 0
      vertex 48.6139 -10.3332 0
    endloop
  endfacet
  facet normal 0 0 -1
    outer loop
      vertex 46.9846 -17.101 0
      vertex 47.7747 -13.6992 0
      vertex 48.0631 -13.7819 0
    endloop
  endfacet
  facet normal 0 0 -1
    outer loop
      vertex 46.9846 -17.101 0
      vertex 46.7027 -16.9984 0
      vertex 47.7747 -13.6992 0
    endloop
  endfacet
  facet normal 0 0 -1
    outer loop
      vertex 45.6773 -20.3368 0
      vertex 46.7027 -16.9984 0
      vertex 46.9846 -17.101 0
    endloop
  endfacet
  facet normal 0 0 -1
    outer loop
      vertex 45.6773 -20.3368 0
      vertex 45.4032 -20.2148 0
      vertex 46.7027 -16.9984 0
    endloop
  endfacet
  facet normal 0 0 -1
    outer loop
      vertex 44.1474 -23.4736 0
      vertex 45.4032 -20.2148 0
      vertex 45.6773 -20.3368 0
    endloop
  endfacet
  facet normal 0 0 -1
    outer loop
      vertex 44.1474 -23.4736 0
      vertex 43.8825 -23.3327 0
      vertex 45.4032 -20.2148 0
    endloop
  endfacet
  facet normal 0 0 -1
    outer loop
      vertex 42.4024 -26.496 0
      vertex 43.8825 -23.3327 0
      vertex 44.1474 -23.4736 0
    endloop
  endfacet
  facet normal 0 0 -1
    outer loop
      vertex 42.4024 -26.496 0
      vertex 42.148 -26.337 0
      vertex 43.8825 -23.3327 0
    endloop
  endfacet
  facet normal 0 0 -1
    outer loop
      vertex 40.4509 -29.3893 0
      vertex 42.148 -26.337 0
      vertex 42.4024 -26.496 0
    endloop
  endfacet
  facet normal 0 0 -1
    outer loop
      vertex 40.4509 -29.3893 0
      vertex 40.2081 -29.2129 0
      vertex 42.148 -26.337 0
    endloop
  endfacet
  facet normal 0 0 -1
    outer loop
      vertex 38.3022 -32.1394 0
      vertex 40.2081 -29.2129 0
      vertex 40.4509 -29.3893 0
    endloop
  endfacet
  facet normal 0 0 -1
    outer loop
      vertex 38.3022 -32.1394 0
      vertex 38.0724 -31.9465 0
      vertex 40.2081 -29.2129 0
    endloop
  endfacet
  facet normal 0 0 -1
    outer loop
      vertex 35.967 -34.7329 0
      vertex 38.0724 -31.9465 0
      vertex 38.3022 -32.1394 0
    endloop
  endfacet
  facet normal 0 0 -1
    outer loop
      vertex 35.967 -34.7329 0
      vertex 35.7512 -34.5245 0
      vertex 38.0724 -31.9465 0
    endloop
  endfacet
  facet normal 0 0 -1
    outer loop
      vertex 33.4565 -37.1572 0
      vertex 35.7512 -34.5245 0
      vertex 35.967 -34.7329 0
    endloop
  endfacet
  facet normal 0 0 -1
    outer loop
      vertex 33.4565 -37.1572 0
      vertex 33.2558 -36.9343 0
      vertex 35.7512 -34.5245 0
    endloop
  endfacet
  facet normal 0 0 -1
    outer loop
      vertex 30.7831 -39.4005 0
      vertex 33.2558 -36.9343 0
      vertex 33.4565 -37.1572 0
    endloop
  endfacet
  facet normal 0 0 -1
    outer loop
      vertex 30.7831 -39.4005 0
      vertex 30.5984 -39.1641 0
      vertex 33.2558 -36.9343 0
    endloop
  endfacet
  facet normal 0 0 -1
    outer loop
      vertex 27.9596 -41.4519 0
      vertex 30.5984 -39.1641 0
      vertex 30.7831 -39.4005 0
    endloop
  endfacet
  facet normal 0 0 -1
    outer loop
      vertex 27.9596 -41.4519 0
      vertex 27.7919 -41.2032 0
      vertex 30.5984 -39.1641 0
    endloop
  endfacet
  facet normal 0 0 -1
    outer loop
      vertex 25 -43.3013 0
      vertex 27.7919 -41.2032 0
      vertex 27.9596 -41.4519 0
    endloop
  endfacet
  facet normal 0 0 -1
    outer loop
      vertex 25 -43.3013 0
      vertex 24.85 -43.0415 0
      vertex 27.7919 -41.2032 0
    endloop
  endfacet
  facet normal 0 0 -1
    outer loop
      vertex 21.9186 -44.9397 0
      vertex 24.85 -43.0415 0
      vertex 25 -43.3013 0
    endloop
  endfacet
  facet normal 0 0 -1
    outer loop
      vertex 21.9186 -44.9397 0
      vertex 21.787 -44.6701 0
      vertex 24.85 -43.0415 0
    endloop
  endfacet
  facet normal 0 0 -1
    outer loop
      vertex 18.7303 -46.3592 0
      vertex 21.787 -44.6701 0
      vertex 21.9186 -44.9397 0
    endloop
  endfacet
  facet normal 0 0 -1
    outer loop
      vertex 18.7303 -46.3592 0
      vertex 18.6179 -46.081 0
      vertex 21.787 -44.6701 0
    endloop
  endfacet
  facet normal 0 0 -1
    outer loop
      vertex 15.4508 -47.5528 0
      vertex 18.6179 -46.081 0
      vertex 18.7303 -46.3592 0
    endloop
  endfacet
  facet normal 0 0 -1
    outer loop
      vertex 15.4508 -47.5528 0
      vertex 15.3581 -47.2675 0
      vertex 18.6179 -46.081 0
    endloop
  endfacet
  facet normal 0 0 -1
    outer loop
      vertex 12.0961 -48.5148 0
      vertex 15.3581 -47.2675 0
      vertex 15.4508 -47.5528 0
    endloop
  endfacet
  facet normal 0 0 -1
    outer loop
      vertex 12.0961 -48.5148 0
      vertex 12.0235 -48.2237 0
      vertex 15.3581 -47.2675 0
    endloop
  endfacet
  facet normal 0 0 -1
    outer loop
      vertex 8.68241 -49.2404 0
      vertex 12.0235 -48.2237 0
      vertex 12.0961 -48.5148 0
    endloop
  endfacet
  facet normal 0 0 -1
    outer loop
      vertex 8.68241 -49.2404 0
      vertex 8.63031 -48.9449 0
      vertex 12.0235 -48.2237 0
    endloop
  endfacet
  facet normal 0 0 -1
    outer loop
      vertex 5.22642 -49.7261 0
      vertex 8.63031 -48.9449 0
      vertex 8.68241 -49.2404 0
    endloop
  endfacet
  facet normal 0 0 -1
    outer loop
      vertex 5.22642 -49.7261 0
      vertex 5.19506 -49.4277 0
      vertex 8.63031 -48.9449 0
    endloop
  endfacet
  facet normal 0 0 -1
    outer loop
      vertex 1.74497 -49.9695 0
      vertex 5.19506 -49.4277 0
      vertex 5.22642 -49.7261 0
    endloop
  endfacet
  facet normal 0 0 -1
    outer loop
      vertex 1.74497 -49.9695 0
      vertex 1.7345 -49.6697 0
      vertex 5.19506 -49.4277 0
    endloop
  endfacet
  facet normal 0 0 -1
    outer loop
      vertex 1.74497 -49.9695 0
      vertex -1.7345 -49.6697 0
      vertex 1.7345 -49.6697 0
    endloop
  endfacet
  facet normal 0 0 -1
    outer loop
      vertex -1.74497 -49.9695 0
      vertex -1.7345 -49.6697 0
      vertex 1.74497 -49.9695 0
    endloop
  endfacet
  facet normal 0 0 -1
    outer loop
      vertex -1.74497 -49.9695 0
      vertex -5.19506 -49.4277 0
      vertex -1.7345 -49.6697 0
    endloop
  endfacet
  facet normal 0 0 -1
    outer loop
      vertex -5.22642 -49.7261 0
      vertex -5.19506 -49.4277 0
      vertex -1.74497 -49.9695 0
    endloop
  endfacet
  facet normal 0 0 -1
    outer loop
      vertex -5.22642 -49.7261 0
      vertex -8.63031 -48.9449 0
      vertex -5.19506 -49.4277 0
    endloop
  endfacet
  facet normal 0 0 -1
    outer loop
      vertex -8.68241 -49.2404 0
      vertex -8.63031 -48.9449 0
      vertex -5.22642 -49.7261 0
    endloop
  endfacet
  facet normal 0 0 -1
    outer loop
      vertex -8.68241 -49.2404 0
      vertex -12.0235 -48.2237 0
      vertex -8.63031 -48.9449 0
    endloop
  endfacet
  facet normal 0 0 -1
    outer loop
      vertex -12.0961 -48.5148 0
      vertex -12.0235 -48.2237 0
      vertex -8.68241 -49.2404 0
    endloop
  endfacet
  facet normal 0 0 -1
    outer loop
      vertex -12.0961 -48.5148 0
      vertex -15.3581 -47.2675 0
      vertex -12.0235 -48.2237 0
    endloop
  endfacet
  facet normal 0 0 -1
    outer loop
      vertex -15.4508 -47.5528 0
      vertex -15.3581 -47.2675 0
      vertex -12.0961 -48.5148 0
    endloop
  endfacet
  facet normal 0 0 -1
    outer loop
      vertex -15.4508 -47.5528 0
      vertex -18.6179 -46.081 0
      vertex -15.3581 -47.2675 0
    endloop
  endfacet
  facet normal 0 0 -1
    outer loop
      vertex -18.7303 -46.3592 0
      vertex -18.6179 -46.081 0
      vertex -15.4508 -47.5528 0
    endloop
  endfacet
  facet normal 0 0 -1
    outer loop
      vertex -18.7303 -46.3592 0
      vertex -21.787 -44.6701 0
      vertex -18.6179 -46.081 0
    endloop
  endfacet
  facet normal 0 0 -1
    outer loop
      vertex -21.9186 -44.9397 0
      vertex -21.787 -44.6701 0
      vertex -18.7303 -46.3592 0
    endloop
  endfacet
  facet normal 0 0 -1
    outer loop
      vertex -21.9186 -44.9397 0
      vertex -24.85 -43.0415 0
      vertex -21.787 -44.6701 0
    endloop
  endfacet
  facet normal 0 0 -1
    outer loop
      vertex -25 -43.3013 0
      vertex -24.85 -43.0415 0
      vertex -21.9186 -44.9397 0
    endloop
  endfacet
  facet normal 0 0 -1
    outer loop
      vertex -25 -43.3013 0
      vertex -27.7919 -41.2032 0
      vertex -24.85 -43.0415 0
    endloop
  endfacet
  facet normal 0 0 -1
    outer loop
      vertex -27.9596 -41.4519 0
      vertex -27.7919 -41.2032 0
      vertex -25 -43.3013 0
    endloop
  endfacet
  facet normal 0 0 -1
    outer loop
      vertex -27.9596 -41.4519 0
      vertex -30.5984 -39.1641 0
      vertex -27.7919 -41.2032 0
    endloop
  endfacet
  facet normal 0 0 -1
    outer loop
      vertex -30.7831 -39.4005 0
      vertex -30.5984 -39.1641 0
      vertex -27.9596 -41.4519 0
    endloop
  endfacet
  facet normal 0 0 -1
    outer loop
      vertex -30.7831 -39.4005 0
      vertex -33.2558 -36.9343 0
      vertex -30.5984 -39.1641 0
    endloop
  endfacet
  facet normal 0 0 -1
    outer loop
      vertex -33.4565 -37.1572 0
      vertex -33.2558 -36.9343 0
      vertex -30.7831 -39.4005 0
    endloop
  endfacet
  facet normal 0 0 -1
    outer loop
      vertex -33.4565 -37.1572 0
      vertex -35.7512 -34.5245 0
      vertex -33.2558 -36.9343 0
    endloop
  endfacet
  facet normal 0 0 -1
    outer loop
      vertex -35.967 -34.7329 0
      vertex -35.7512 -34.5245 0
      vertex -33.4565 -37.1572 0
    endloop
  endfacet
  facet normal 0 0 -1
    outer loop
      vertex -35.967 -34.7329 0
      vertex -38.0724 -31.9465 0
      vertex -35.7512 -34.5245 0
    endloop
  endfacet
  facet normal 0 0 -1
    outer loop
      vertex -38.3022 -32.1394 0
      vertex -38.0724 -31.9465 0
      vertex -35.967 -34.7329 0
    endloop
  endfacet
  facet normal 0 0 -1
    outer loop
      vertex -38.3022 -32.1394 0
      vertex -40.2081 -29.2129 0
      vertex -38.0724 -31.9465 0
    endloop
  endfacet
  facet normal 0 0 -1
    outer loop
      vertex -40.4509 -29.3893 0
      vertex -40.2081 -29.2129 0
      vertex -38.3022 -32.1394 0
    endloop
  endfacet
  facet normal 0 0 -1
    outer loop
      vertex -40.4509 -29.3893 0
      vertex -42.148 -26.337 0
      vertex -40.2081 -29.2129 0
    endloop
  endfacet
  facet normal 0 0 -1
    outer loop
      vertex -42.4024 -26.496 0
      vertex -42.148 -26.337 0
      vertex -40.4509 -29.3893 0
    endloop
  endfacet
  facet normal 0 0 -1
    outer loop
      vertex -42.4024 -26.496 0
      vertex -43.8825 -23.3327 0
      vertex -42.148 -26.337 0
    endloop
  endfacet
  facet normal 0 0 -1
    outer loop
      vertex -44.1474 -23.4736 0
      vertex -43.8825 -23.3327 0
      vertex -42.4024 -26.496 0
    endloop
  endfacet
  facet normal 0 0 -1
    outer loop
      vertex -44.1474 -23.4736 0
      vertex -45.4032 -20.2148 0
      vertex -43.8825 -23.3327 0
    endloop
  endfacet
  facet normal 0 0 -1
    outer loop
      vertex -45.6773 -20.3368 0
      vertex -45.4032 -20.2148 0
      vertex -44.1474 -23.4736 0
    endloop
  endfacet
  facet normal 0 0 -1
    outer loop
      vertex -45.6773 -20.3368 0
      vertex -46.7027 -16.9984 0
      vertex -45.4032 -20.2148 0
    endloop
  endfacet
  facet normal 0 0 -1
    outer loop
      vertex -46.9846 -17.101 0
      vertex -46.7027 -16.9984 0
      vertex -45.6773 -20.3368 0
    endloop
  endfacet
  facet normal 0 0 -1
    outer loop
      vertex -46.9846 -17.101 0
      vertex -47.7747 -13.6992 0
      vertex -46.7027 -16.9984 0
    endloop
  endfacet
  facet normal 0 0 -1
    outer loop
      vertex -48.0631 -13.7819 0
      vertex -47.7747 -13.6992 0
      vertex -46.9846 -17.101 0
    endloop
  endfacet
  facet normal 0 0 -1
    outer loop
      vertex -48.0631 -13.7819 0
      vertex -48.6139 -10.3332 0
      vertex -47.7747 -13.6992 0
    endloop
  endfacet
  facet normal 0 0 -1
    outer loop
      vertex -48.9074 -10.3956 0
      vertex -48.6139 -10.3332 0
      vertex -48.0631 -13.7819 0
    endloop
  endfacet
  facet normal 0 0 -1
    outer loop
      vertex -48.9074 -10.3956 0
      vertex -49.2163 -6.9169 0
      vertex -48.6139 -10.3332 0
    endloop
  endfacet
  facet normal 0 0 -1
    outer loop
      vertex -49.5134 -6.95865 0
      vertex -49.2163 -6.9169 0
      vertex -48.9074 -10.3956 0
    endloop
  endfacet
  facet normal 0 0 -1
    outer loop
      vertex -49.5134 -6.95865 0
      vertex -49.5789 -3.4669 0
      vertex -49.2163 -6.9169 0
    endloop
  endfacet
  facet normal 0 0 -1
    outer loop
      vertex -49.8782 -3.48782 0
      vertex -49.5789 -3.4669 0
      vertex -49.5134 -6.95865 0
    endloop
  endfacet
  facet normal -0 0 -1
    outer loop
      vertex -49.5789 -3.4669 0
      vertex -49.8782 -3.48782 0
      vertex -49.7 0 0
    endloop
  endfacet
  facet normal 0 0 -1
    outer loop
      vertex 49.5789 3.4669 0
      vertex 49.8782 3.48782 0
      vertex 49.7 0 0
    endloop
  endfacet
  facet normal 0 0 -1
    outer loop
      vertex 49.5789 3.4669 0
      vertex 49.5134 6.95865 0
      vertex 49.8782 3.48782 0
    endloop
  endfacet
  facet normal 0 0 -1
    outer loop
      vertex 49.2163 6.9169 0
      vertex 49.5134 6.95865 0
      vertex 49.5789 3.4669 0
    endloop
  endfacet
  facet normal 0 0 -1
    outer loop
      vertex 49.2163 6.9169 0
      vertex 48.9074 10.3956 0
      vertex 49.5134 6.95865 0
    endloop
  endfacet
  facet normal 0 0 -1
    outer loop
      vertex 48.6139 10.3332 0
      vertex 48.9074 10.3956 0
      vertex 49.2163 6.9169 0
    endloop
  endfacet
  facet normal 0 0 -1
    outer loop
      vertex 48.6139 10.3332 0
      vertex 48.0631 13.7819 0
      vertex 48.9074 10.3956 0
    endloop
  endfacet
  facet normal 0 0 -1
    outer loop
      vertex 47.7747 13.6992 0
      vertex 48.0631 13.7819 0
      vertex 48.6139 10.3332 0
    endloop
  endfacet
  facet normal 0 0 -1
    outer loop
      vertex 47.7747 13.6992 0
      vertex 46.9846 17.101 0
      vertex 48.0631 13.7819 0
    endloop
  endfacet
  facet normal 0 0 -1
    outer loop
      vertex 46.7027 16.9984 0
      vertex 46.9846 17.101 0
      vertex 47.7747 13.6992 0
    endloop
  endfacet
  facet normal 0 0 -1
    outer loop
      vertex 46.7027 16.9984 0
      vertex 45.6773 20.3368 0
      vertex 46.9846 17.101 0
    endloop
  endfacet
  facet normal 0 0 -1
    outer loop
      vertex 45.4032 20.2148 0
      vertex 45.6773 20.3368 0
      vertex 46.7027 16.9984 0
    endloop
  endfacet
  facet normal 0 0 -1
    outer loop
      vertex 45.4032 20.2148 0
      vertex 44.1474 23.4736 0
      vertex 45.6773 20.3368 0
    endloop
  endfacet
  facet normal 0 0 -1
    outer loop
      vertex 43.8825 23.3327 0
      vertex 44.1474 23.4736 0
      vertex 45.4032 20.2148 0
    endloop
  endfacet
  facet normal 0 0 -1
    outer loop
      vertex 43.8825 23.3327 0
      vertex 42.4024 26.496 0
      vertex 44.1474 23.4736 0
    endloop
  endfacet
  facet normal 0 0 -1
    outer loop
      vertex 42.148 26.337 0
      vertex 42.4024 26.496 0
      vertex 43.8825 23.3327 0
    endloop
  endfacet
  facet normal 0 0 -1
    outer loop
      vertex 42.148 26.337 0
      vertex 40.4509 29.3893 0
      vertex 42.4024 26.496 0
    endloop
  endfacet
  facet normal 0 0 -1
    outer loop
      vertex 40.2081 29.2129 0
      vertex 40.4509 29.3893 0
      vertex 42.148 26.337 0
    endloop
  endfacet
  facet normal 0 0 -1
    outer loop
      vertex 40.2081 29.2129 0
      vertex 38.3022 32.1394 0
      vertex 40.4509 29.3893 0
    endloop
  endfacet
  facet normal 0 0 -1
    outer loop
      vertex 38.0724 31.9465 0
      vertex 38.3022 32.1394 0
      vertex 40.2081 29.2129 0
    endloop
  endfacet
  facet normal 0 0 -1
    outer loop
      vertex 38.0724 31.9465 0
      vertex 35.967 34.7329 0
      vertex 38.3022 32.1394 0
    endloop
  endfacet
  facet normal 0 0 -1
    outer loop
      vertex 35.7512 34.5245 0
      vertex 35.967 34.7329 0
      vertex 38.0724 31.9465 0
    endloop
  endfacet
  facet normal 0 0 -1
    outer loop
      vertex 35.7512 34.5245 0
      vertex 33.4565 37.1572 0
      vertex 35.967 34.7329 0
    endloop
  endfacet
  facet normal 0 0 -1
    outer loop
      vertex 33.2558 36.9343 0
      vertex 33.4565 37.1572 0
      vertex 35.7512 34.5245 0
    endloop
  endfacet
  facet normal 0 0 -1
    outer loop
      vertex 33.2558 36.9343 0
      vertex 30.7831 39.4005 0
      vertex 33.4565 37.1572 0
    endloop
  endfacet
  facet normal 0 0 -1
    outer loop
      vertex 30.5984 39.1641 0
      vertex 30.7831 39.4005 0
      vertex 33.2558 36.9343 0
    endloop
  endfacet
  facet normal 0 0 -1
    outer loop
      vertex 30.5984 39.1641 0
      vertex 27.9596 41.4519 0
      vertex 30.7831 39.4005 0
    endloop
  endfacet
  facet normal 0 0 -1
    outer loop
      vertex 27.7919 41.2032 0
      vertex 27.9596 41.4519 0
      vertex 30.5984 39.1641 0
    endloop
  endfacet
  facet normal 0 0 -1
    outer loop
      vertex 27.7919 41.2032 0
      vertex 25 43.3013 0
      vertex 27.9596 41.4519 0
    endloop
  endfacet
  facet normal 0 0 -1
    outer loop
      vertex 24.85 43.0415 0
      vertex 25 43.3013 0
      vertex 27.7919 41.2032 0
    endloop
  endfacet
  facet normal 0 0 -1
    outer loop
      vertex 24.85 43.0415 0
      vertex 21.9186 44.9397 0
      vertex 25 43.3013 0
    endloop
  endfacet
  facet normal 0 0 -1
    outer loop
      vertex 21.787 44.6701 0
      vertex 21.9186 44.9397 0
      vertex 24.85 43.0415 0
    endloop
  endfacet
  facet normal 0 0 -1
    outer loop
      vertex 21.787 44.6701 0
      vertex 18.7303 46.3592 0
      vertex 21.9186 44.9397 0
    endloop
  endfacet
  facet normal 0 0 -1
    outer loop
      vertex 18.6179 46.081 0
      vertex 18.7303 46.3592 0
      vertex 21.787 44.6701 0
    endloop
  endfacet
  facet normal 0 0 -1
    outer loop
      vertex 18.6179 46.081 0
      vertex 15.4508 47.5528 0
      vertex 18.7303 46.3592 0
    endloop
  endfacet
  facet normal 0 0 -1
    outer loop
      vertex 15.3581 47.2675 0
      vertex 15.4508 47.5528 0
      vertex 18.6179 46.081 0
    endloop
  endfacet
  facet normal 0 0 -1
    outer loop
      vertex 15.3581 47.2675 0
      vertex 12.0961 48.5148 0
      vertex 15.4508 47.5528 0
    endloop
  endfacet
  facet normal 0 0 -1
    outer loop
      vertex 12.0235 48.2237 0
      vertex 12.0961 48.5148 0
      vertex 15.3581 47.2675 0
    endloop
  endfacet
  facet normal 0 0 -1
    outer loop
      vertex 12.0235 48.2237 0
      vertex 8.68241 49.2404 0
      vertex 12.0961 48.5148 0
    endloop
  endfacet
  facet normal 0 0 -1
    outer loop
      vertex 8.63031 48.9449 0
      vertex 8.68241 49.2404 0
      vertex 12.0235 48.2237 0
    endloop
  endfacet
  facet normal 0 0 -1
    outer loop
      vertex 8.63031 48.9449 0
      vertex 5.22642 49.7261 0
      vertex 8.68241 49.2404 0
    endloop
  endfacet
  facet normal 0 0 -1
    outer loop
      vertex 5.19506 49.4277 0
      vertex 5.22642 49.7261 0
      vertex 8.63031 48.9449 0
    endloop
  endfacet
  facet normal 0 0 -1
    outer loop
      vertex 5.19506 49.4277 0
      vertex 1.74497 49.9695 0
      vertex 5.22642 49.7261 0
    endloop
  endfacet
  facet normal 0 0 -1
    outer loop
      vertex 1.7345 49.6697 0
      vertex 1.74497 49.9695 0
      vertex 5.19506 49.4277 0
    endloop
  endfacet
  facet normal 0 0 -1
    outer loop
      vertex -1.7345 49.6697 0
      vertex 1.74497 49.9695 0
      vertex 1.7345 49.6697 0
    endloop
  endfacet
  facet normal 0 0 -1
    outer loop
      vertex -1.7345 49.6697 0
      vertex -1.74497 49.9695 0
      vertex 1.74497 49.9695 0
    endloop
  endfacet
  facet normal 0 0 -1
    outer loop
      vertex -5.19506 49.4277 0
      vertex -1.74497 49.9695 0
      vertex -1.7345 49.6697 0
    endloop
  endfacet
  facet normal 0 0 -1
    outer loop
      vertex -5.19506 49.4277 0
      vertex -5.22642 49.7261 0
      vertex -1.74497 49.9695 0
    endloop
  endfacet
  facet normal 0 0 -1
    outer loop
      vertex -8.63031 48.9449 0
      vertex -5.22642 49.7261 0
      vertex -5.19506 49.4277 0
    endloop
  endfacet
  facet normal 0 0 -1
    outer loop
      vertex -8.63031 48.9449 0
      vertex -8.68241 49.2404 0
      vertex -5.22642 49.7261 0
    endloop
  endfacet
  facet normal 0 0 -1
    outer loop
      vertex -12.0235 48.2237 0
      vertex -8.68241 49.2404 0
      vertex -8.63031 48.9449 0
    endloop
  endfacet
  facet normal 0 0 -1
    outer loop
      vertex -12.0235 48.2237 0
      vertex -12.0961 48.5148 0
      vertex -8.68241 49.2404 0
    endloop
  endfacet
  facet normal 0 0 -1
    outer loop
      vertex -15.3581 47.2675 0
      vertex -12.0961 48.5148 0
      vertex -12.0235 48.2237 0
    endloop
  endfacet
  facet normal 0 0 -1
    outer loop
      vertex -15.3581 47.2675 0
      vertex -15.4508 47.5528 0
      vertex -12.0961 48.5148 0
    endloop
  endfacet
  facet normal 0 0 -1
    outer loop
      vertex -18.6179 46.081 0
      vertex -15.4508 47.5528 0
      vertex -15.3581 47.2675 0
    endloop
  endfacet
  facet normal 0 0 -1
    outer loop
      vertex -18.6179 46.081 0
      vertex -18.7303 46.3592 0
      vertex -15.4508 47.5528 0
    endloop
  endfacet
  facet normal 0 0 -1
    outer loop
      vertex -21.787 44.6701 0
      vertex -18.7303 46.3592 0
      vertex -18.6179 46.081 0
    endloop
  endfacet
  facet normal 0 0 -1
    outer loop
      vertex -21.787 44.6701 0
      vertex -21.9186 44.9397 0
      vertex -18.7303 46.3592 0
    endloop
  endfacet
  facet normal 0 0 -1
    outer loop
      vertex -24.85 43.0415 0
      vertex -21.9186 44.9397 0
      vertex -21.787 44.6701 0
    endloop
  endfacet
  facet normal 0 0 -1
    outer loop
      vertex -24.85 43.0415 0
      vertex -25 43.3013 0
      vertex -21.9186 44.9397 0
    endloop
  endfacet
  facet normal 0 0 -1
    outer loop
      vertex -27.7919 41.2032 0
      vertex -25 43.3013 0
      vertex -24.85 43.0415 0
    endloop
  endfacet
  facet normal 0 0 -1
    outer loop
      vertex -27.7919 41.2032 0
      vertex -27.9596 41.4519 0
      vertex -25 43.3013 0
    endloop
  endfacet
  facet normal 0 0 -1
    outer loop
      vertex -30.5984 39.1641 0
      vertex -27.9596 41.4519 0
      vertex -27.7919 41.2032 0
    endloop
  endfacet
  facet normal 0 0 -1
    outer loop
      vertex -30.5984 39.1641 0
      vertex -30.7831 39.4005 0
      vertex -27.9596 41.4519 0
    endloop
  endfacet
  facet normal 0 0 -1
    outer loop
      vertex -33.2558 36.9343 0
      vertex -30.7831 39.4005 0
      vertex -30.5984 39.1641 0
    endloop
  endfacet
  facet normal 0 0 -1
    outer loop
      vertex -33.2558 36.9343 0
      vertex -33.4565 37.1572 0
      vertex -30.7831 39.4005 0
    endloop
  endfacet
  facet normal 0 0 -1
    outer loop
      vertex -35.7512 34.5245 0
      vertex -33.4565 37.1572 0
      vertex -33.2558 36.9343 0
    endloop
  endfacet
  facet normal 0 0 -1
    outer loop
      vertex -35.7512 34.5245 0
      vertex -35.967 34.7329 0
      vertex -33.4565 37.1572 0
    endloop
  endfacet
  facet normal 0 0 -1
    outer loop
      vertex -38.0724 31.9465 0
      vertex -35.967 34.7329 0
      vertex -35.7512 34.5245 0
    endloop
  endfacet
  facet normal 0 0 -1
    outer loop
      vertex -38.0724 31.9465 0
      vertex -38.3022 32.1394 0
      vertex -35.967 34.7329 0
    endloop
  endfacet
  facet normal 0 0 -1
    outer loop
      vertex -40.2081 29.2129 0
      vertex -38.3022 32.1394 0
      vertex -38.0724 31.9465 0
    endloop
  endfacet
  facet normal 0 0 -1
    outer loop
      vertex -40.2081 29.2129 0
      vertex -40.4509 29.3893 0
      vertex -38.3022 32.1394 0
    endloop
  endfacet
  facet normal 0 0 -1
    outer loop
      vertex -42.148 26.337 0
      vertex -40.4509 29.3893 0
      vertex -40.2081 29.2129 0
    endloop
  endfacet
  facet normal 0 0 -1
    outer loop
      vertex -42.148 26.337 0
      vertex -42.4024 26.496 0
      vertex -40.4509 29.3893 0
    endloop
  endfacet
  facet normal 0 0 -1
    outer loop
      vertex -43.8825 23.3327 0
      vertex -42.4024 26.496 0
      vertex -42.148 26.337 0
    endloop
  endfacet
  facet normal 0 0 -1
    outer loop
      vertex -43.8825 23.3327 0
      vertex -44.1474 23.4736 0
      vertex -42.4024 26.496 0
    endloop
  endfacet
  facet normal 0 0 -1
    outer loop
      vertex -45.4032 20.2148 0
      vertex -44.1474 23.4736 0
      vertex -43.8825 23.3327 0
    endloop
  endfacet
  facet normal 0 0 -1
    outer loop
      vertex -45.4032 20.2148 0
      vertex -45.6773 20.3368 0
      vertex -44.1474 23.4736 0
    endloop
  endfacet
  facet normal 0 0 -1
    outer loop
      vertex -46.7027 16.9984 0
      vertex -45.6773 20.3368 0
      vertex -45.4032 20.2148 0
    endloop
  endfacet
  facet normal 0 0 -1
    outer loop
      vertex -46.7027 16.9984 0
      vertex -46.9846 17.101 0
      vertex -45.6773 20.3368 0
    endloop
  endfacet
  facet normal 0 0 -1
    outer loop
      vertex -47.7747 13.6992 0
      vertex -46.9846 17.101 0
      vertex -46.7027 16.9984 0
    endloop
  endfacet
  facet normal 0 0 -1
    outer loop
      vertex -47.7747 13.6992 0
      vertex -48.0631 13.7819 0
      vertex -46.9846 17.101 0
    endloop
  endfacet
  facet normal 0 0 -1
    outer loop
      vertex -48.6139 10.3332 0
      vertex -48.0631 13.7819 0
      vertex -47.7747 13.6992 0
    endloop
  endfacet
  facet normal 0 0 -1
    outer loop
      vertex -48.6139 10.3332 0
      vertex -48.9074 10.3956 0
      vertex -48.0631 13.7819 0
    endloop
  endfacet
  facet normal 0 0 -1
    outer loop
      vertex -49.2163 6.9169 0
      vertex -48.9074 10.3956 0
      vertex -48.6139 10.3332 0
    endloop
  endfacet
  facet normal 0 0 -1
    outer loop
      vertex -49.2163 6.9169 0
      vertex -49.5134 6.95865 0
      vertex -48.9074 10.3956 0
    endloop
  endfacet
  facet normal 0 0 -1
    outer loop
      vertex -49.5789 3.4669 0
      vertex -49.5134 6.95865 0
      vertex -49.2163 6.9169 0
    endloop
  endfacet
  facet normal 0 0 -1
    outer loop
      vertex -49.8782 3.48782 0
      vertex -49.5789 3.4669 0
      vertex -49.7 0 0
    endloop
  endfacet
  facet normal 0 0 -1
    outer loop
      vertex -50 0 0
      vertex -49.7 0 0
      vertex -49.8782 -3.48782 0
    endloop
  endfacet
  facet normal 0 0 -1
    outer loop
      vertex -49.5789 3.4669 0
      vertex -49.8782 3.48782 0
      vertex -49.5134 6.95865 0
    endloop
  endfacet
  facet normal 0 0 -1
    outer loop
      vertex -49.7 0 0
      vertex -50 0 0
      vertex -49.8782 3.48782 0
    endloop
  endfacet
  facet normal 0 0 1
    outer loop
      vertex 43.8 0 0
      vertex 44 0 0
      vertex 43.8928 3.06928 0
    endloop
  endfacet
  facet normal 0 0 1
    outer loop
      vertex 44 0 0
      vertex 43.8 0 0
      vertex 43.8928 -3.06928 0
    endloop
  endfacet
  facet normal 0 0 1
    outer loop
      vertex 43.8928 3.06928 0
      vertex 43.6933 3.05533 0
      vertex 43.8 0 0
    endloop
  endfacet
  facet normal 0 0 1
    outer loop
      vertex 43.5718 6.12362 0
      vertex 43.6933 3.05533 0
      vertex 43.8928 3.06928 0
    endloop
  endfacet
  facet normal 0 0 1
    outer loop
      vertex 43.5718 6.12362 0
      vertex 43.3737 6.09578 0
      vertex 43.6933 3.05533 0
    endloop
  endfacet
  facet normal 0 0 1
    outer loop
      vertex 43.0385 9.14811 0
      vertex 43.3737 6.09578 0
      vertex 43.5718 6.12362 0
    endloop
  endfacet
  facet normal 0 0 1
    outer loop
      vertex 43.0385 9.14811 0
      vertex 42.8429 9.10653 0
      vertex 43.3737 6.09578 0
    endloop
  endfacet
  facet normal 0 0 1
    outer loop
      vertex 42.2955 12.128 0
      vertex 42.8429 9.10653 0
      vertex 43.0385 9.14811 0
    endloop
  endfacet
  facet normal 0 0 1
    outer loop
      vertex 42.2955 12.128 0
      vertex 42.1033 12.0729 0
      vertex 42.8429 9.10653 0
    endloop
  endfacet
  facet normal 0 0 1
    outer loop
      vertex 41.3465 15.0489 0
      vertex 42.1033 12.0729 0
      vertex 42.2955 12.128 0
    endloop
  endfacet
  facet normal 0 0 1
    outer loop
      vertex 41.3465 15.0489 0
      vertex 41.1585 14.9805 0
      vertex 42.1033 12.0729 0
    endloop
  endfacet
  facet normal 0 0 1
    outer loop
      vertex 40.196 17.8964 0
      vertex 41.1585 14.9805 0
      vertex 41.3465 15.0489 0
    endloop
  endfacet
  facet normal 0 0 1
    outer loop
      vertex 40.196 17.8964 0
      vertex 40.0133 17.8151 0
      vertex 41.1585 14.9805 0
    endloop
  endfacet
  facet normal 0 0 1
    outer loop
      vertex 38.8497 20.6567 0
      vertex 40.0133 17.8151 0
      vertex 40.196 17.8964 0
    endloop
  endfacet
  facet normal 0 0 1
    outer loop
      vertex 38.8497 20.6567 0
      vertex 38.6731 20.5629 0
      vertex 40.0133 17.8151 0
    endloop
  endfacet
  facet normal 0 0 1
    outer loop
      vertex 37.3141 23.3164 0
      vertex 38.6731 20.5629 0
      vertex 38.8497 20.6567 0
    endloop
  endfacet
  facet normal 0 0 1
    outer loop
      vertex 37.3141 23.3164 0
      vertex 37.1445 23.2105 0
      vertex 38.6731 20.5629 0
    endloop
  endfacet
  facet normal 0 0 1
    outer loop
      vertex 35.5967 25.8626 0
      vertex 37.1445 23.2105 0
      vertex 37.3141 23.3164 0
    endloop
  endfacet
  facet normal 0 0 1
    outer loop
      vertex 35.5967 25.8626 0
      vertex 35.4349 25.745 0
      vertex 37.1445 23.2105 0
    endloop
  endfacet
  facet normal 0 0 1
    outer loop
      vertex 33.706 28.2827 0
      vertex 35.4349 25.745 0
      vertex 35.5967 25.8626 0
    endloop
  endfacet
  facet normal 0 0 1
    outer loop
      vertex 33.706 28.2827 0
      vertex 33.5527 28.1541 0
      vertex 35.4349 25.745 0
    endloop
  endfacet
  facet normal 0 0 1
    outer loop
      vertex 31.651 30.565 0
      vertex 33.5527 28.1541 0
      vertex 33.706 28.2827 0
    endloop
  endfacet
  facet normal 0 0 1
    outer loop
      vertex 31.651 30.565 0
      vertex 31.5071 30.426 0
      vertex 33.5527 28.1541 0
    endloop
  endfacet
  facet normal 0 0 1
    outer loop
      vertex 29.4417 32.6984 0
      vertex 31.5071 30.426 0
      vertex 31.651 30.565 0
    endloop
  endfacet
  facet normal 0 0 1
    outer loop
      vertex 29.4417 32.6984 0
      vertex 29.3079 32.5497 0
      vertex 31.5071 30.426 0
    endloop
  endfacet
  facet normal 0 0 1
    outer loop
      vertex 27.0891 34.6725 0
      vertex 29.3079 32.5497 0
      vertex 29.4417 32.6984 0
    endloop
  endfacet
  facet normal 0 0 1
    outer loop
      vertex 27.0891 34.6725 0
      vertex 26.966 34.5149 0
      vertex 29.3079 32.5497 0
    endloop
  endfacet
  facet normal 0 0 1
    outer loop
      vertex 24.6045 36.4777 0
      vertex 26.966 34.5149 0
      vertex 27.0891 34.6725 0
    endloop
  endfacet
  facet normal 0 0 1
    outer loop
      vertex 24.6045 36.4777 0
      vertex 24.4926 36.3118 0
      vertex 26.966 34.5149 0
    endloop
  endfacet
  facet normal 0 0 1
    outer loop
      vertex 22 38.1051 0
      vertex 24.4926 36.3118 0
      vertex 24.6045 36.4777 0
    endloop
  endfacet
  facet normal 0 0 1
    outer loop
      vertex 22 38.1051 0
      vertex 21.9 37.9319 0
      vertex 24.4926 36.3118 0
    endloop
  endfacet
  facet normal 0 0 1
    outer loop
      vertex 19.2883 39.5469 0
      vertex 21.9 37.9319 0
      vertex 22 38.1051 0
    endloop
  endfacet
  facet normal 0 0 1
    outer loop
      vertex 19.2883 39.5469 0
      vertex 19.2007 39.3672 0
      vertex 21.9 37.9319 0
    endloop
  endfacet
  facet normal 0 0 1
    outer loop
      vertex 16.4827 40.7961 0
      vertex 19.2007 39.3672 0
      vertex 19.2883 39.5469 0
    endloop
  endfacet
  facet normal 0 0 1
    outer loop
      vertex 16.4827 40.7961 0
      vertex 16.4078 40.6107 0
      vertex 19.2007 39.3672 0
    endloop
  endfacet
  facet normal 0 0 1
    outer loop
      vertex 13.5967 41.8465 0
      vertex 16.4078 40.6107 0
      vertex 16.4827 40.7961 0
    endloop
  endfacet
  facet normal 0 0 1
    outer loop
      vertex 13.5967 41.8465 0
      vertex 13.5349 41.6563 0
      vertex 16.4078 40.6107 0
    endloop
  endfacet
  facet normal 0 0 1
    outer loop
      vertex 10.6446 42.693 0
      vertex 13.5349 41.6563 0
      vertex 13.5967 41.8465 0
    endloop
  endfacet
  facet normal 0 0 1
    outer loop
      vertex 10.6446 42.693 0
      vertex 10.5962 42.499 0
      vertex 13.5349 41.6563 0
    endloop
  endfacet
  facet normal 0 0 1
    outer loop
      vertex 7.64052 43.3315 0
      vertex 10.5962 42.499 0
      vertex 10.6446 42.693 0
    endloop
  endfacet
  facet normal 0 0 1
    outer loop
      vertex 7.64052 43.3315 0
      vertex 7.60579 43.1346 0
      vertex 10.5962 42.499 0
    endloop
  endfacet
  facet normal 0 0 1
    outer loop
      vertex 4.59925 43.759 0
      vertex 7.60579 43.1346 0
      vertex 7.64052 43.3315 0
    endloop
  endfacet
  facet normal 0 0 1
    outer loop
      vertex 4.59925 43.759 0
      vertex 4.57835 43.5601 0
      vertex 7.60579 43.1346 0
    endloop
  endfacet
  facet normal 0 0 1
    outer loop
      vertex 1.53558 43.9732 0
      vertex 4.57835 43.5601 0
      vertex 4.59925 43.759 0
    endloop
  endfacet
  facet normal 0 0 1
    outer loop
      vertex 1.53558 43.9732 0
      vertex 1.5286 43.7733 0
      vertex 4.57835 43.5601 0
    endloop
  endfacet
  facet normal 0 0 1
    outer loop
      vertex 1.53558 43.9732 0
      vertex -1.5286 43.7733 0
      vertex 1.5286 43.7733 0
    endloop
  endfacet
  facet normal -0 0 1
    outer loop
      vertex -1.53558 43.9732 0
      vertex -1.5286 43.7733 0
      vertex 1.53558 43.9732 0
    endloop
  endfacet
  facet normal 0 0 1
    outer loop
      vertex -1.53558 43.9732 0
      vertex -4.57835 43.5601 0
      vertex -1.5286 43.7733 0
    endloop
  endfacet
  facet normal -0 0 1
    outer loop
      vertex -4.59925 43.759 0
      vertex -4.57835 43.5601 0
      vertex -1.53558 43.9732 0
    endloop
  endfacet
  facet normal 0 0 1
    outer loop
      vertex -4.59925 43.759 0
      vertex -7.60579 43.1346 0
      vertex -4.57835 43.5601 0
    endloop
  endfacet
  facet normal -0 0 1
    outer loop
      vertex -7.64052 43.3315 0
      vertex -7.60579 43.1346 0
      vertex -4.59925 43.759 0
    endloop
  endfacet
  facet normal 0 0 1
    outer loop
      vertex -7.64052 43.3315 0
      vertex -10.5962 42.499 0
      vertex -7.60579 43.1346 0
    endloop
  endfacet
  facet normal -0 0 1
    outer loop
      vertex -10.6446 42.693 0
      vertex -10.5962 42.499 0
      vertex -7.64052 43.3315 0
    endloop
  endfacet
  facet normal 0 0 1
    outer loop
      vertex -10.6446 42.693 0
      vertex -13.5349 41.6563 0
      vertex -10.5962 42.499 0
    endloop
  endfacet
  facet normal -0 0 1
    outer loop
      vertex -13.5967 41.8465 0
      vertex -13.5349 41.6563 0
      vertex -10.6446 42.693 0
    endloop
  endfacet
  facet normal 0 0 1
    outer loop
      vertex -13.5967 41.8465 0
      vertex -16.4078 40.6107 0
      vertex -13.5349 41.6563 0
    endloop
  endfacet
  facet normal -0 0 1
    outer loop
      vertex -16.4827 40.7961 0
      vertex -16.4078 40.6107 0
      vertex -13.5967 41.8465 0
    endloop
  endfacet
  facet normal 0 0 1
    outer loop
      vertex -16.4827 40.7961 0
      vertex -19.2007 39.3672 0
      vertex -16.4078 40.6107 0
    endloop
  endfacet
  facet normal -0 0 1
    outer loop
      vertex -19.2883 39.5469 0
      vertex -19.2007 39.3672 0
      vertex -16.4827 40.7961 0
    endloop
  endfacet
  facet normal 0 0 1
    outer loop
      vertex -19.2883 39.5469 0
      vertex -21.9 37.9319 0
      vertex -19.2007 39.3672 0
    endloop
  endfacet
  facet normal -0 0 1
    outer loop
      vertex -22 38.1051 0
      vertex -21.9 37.9319 0
      vertex -19.2883 39.5469 0
    endloop
  endfacet
  facet normal 0 0 1
    outer loop
      vertex -22 38.1051 0
      vertex -24.4926 36.3118 0
      vertex -21.9 37.9319 0
    endloop
  endfacet
  facet normal -0 0 1
    outer loop
      vertex -24.6045 36.4777 0
      vertex -24.4926 36.3118 0
      vertex -22 38.1051 0
    endloop
  endfacet
  facet normal 0 0 1
    outer loop
      vertex -24.6045 36.4777 0
      vertex -26.966 34.5149 0
      vertex -24.4926 36.3118 0
    endloop
  endfacet
  facet normal -0 0 1
    outer loop
      vertex -27.0891 34.6725 0
      vertex -26.966 34.5149 0
      vertex -24.6045 36.4777 0
    endloop
  endfacet
  facet normal 0 0 1
    outer loop
      vertex -27.0891 34.6725 0
      vertex -29.3079 32.5497 0
      vertex -26.966 34.5149 0
    endloop
  endfacet
  facet normal -0 0 1
    outer loop
      vertex -29.4417 32.6984 0
      vertex -29.3079 32.5497 0
      vertex -27.0891 34.6725 0
    endloop
  endfacet
  facet normal 0 0 1
    outer loop
      vertex -29.4417 32.6984 0
      vertex -31.5071 30.426 0
      vertex -29.3079 32.5497 0
    endloop
  endfacet
  facet normal -0 0 1
    outer loop
      vertex -31.651 30.565 0
      vertex -31.5071 30.426 0
      vertex -29.4417 32.6984 0
    endloop
  endfacet
  facet normal 0 0 1
    outer loop
      vertex -31.651 30.565 0
      vertex -33.5527 28.1541 0
      vertex -31.5071 30.426 0
    endloop
  endfacet
  facet normal -0 0 1
    outer loop
      vertex -33.706 28.2827 0
      vertex -33.5527 28.1541 0
      vertex -31.651 30.565 0
    endloop
  endfacet
  facet normal 0 0 1
    outer loop
      vertex -33.706 28.2827 0
      vertex -35.4349 25.745 0
      vertex -33.5527 28.1541 0
    endloop
  endfacet
  facet normal -0 0 1
    outer loop
      vertex -35.5967 25.8626 0
      vertex -35.4349 25.745 0
      vertex -33.706 28.2827 0
    endloop
  endfacet
  facet normal 0 0 1
    outer loop
      vertex -35.5967 25.8626 0
      vertex -37.1445 23.2105 0
      vertex -35.4349 25.745 0
    endloop
  endfacet
  facet normal -0 0 1
    outer loop
      vertex -37.3141 23.3164 0
      vertex -37.1445 23.2105 0
      vertex -35.5967 25.8626 0
    endloop
  endfacet
  facet normal 0 0 1
    outer loop
      vertex -37.3141 23.3164 0
      vertex -38.6731 20.5629 0
      vertex -37.1445 23.2105 0
    endloop
  endfacet
  facet normal -0 0 1
    outer loop
      vertex -38.8497 20.6567 0
      vertex -38.6731 20.5629 0
      vertex -37.3141 23.3164 0
    endloop
  endfacet
  facet normal 0 0 1
    outer loop
      vertex -38.8497 20.6567 0
      vertex -40.0133 17.8151 0
      vertex -38.6731 20.5629 0
    endloop
  endfacet
  facet normal -0 0 1
    outer loop
      vertex -40.196 17.8964 0
      vertex -40.0133 17.8151 0
      vertex -38.8497 20.6567 0
    endloop
  endfacet
  facet normal 0 0 1
    outer loop
      vertex -40.196 17.8964 0
      vertex -41.1585 14.9805 0
      vertex -40.0133 17.8151 0
    endloop
  endfacet
  facet normal -0 0 1
    outer loop
      vertex -41.3465 15.0489 0
      vertex -41.1585 14.9805 0
      vertex -40.196 17.8964 0
    endloop
  endfacet
  facet normal 0 0 1
    outer loop
      vertex -41.3465 15.0489 0
      vertex -42.1033 12.0729 0
      vertex -41.1585 14.9805 0
    endloop
  endfacet
  facet normal -0 0 1
    outer loop
      vertex -42.2955 12.128 0
      vertex -42.1033 12.0729 0
      vertex -41.3465 15.0489 0
    endloop
  endfacet
  facet normal 0 0 1
    outer loop
      vertex -42.2955 12.128 0
      vertex -42.8429 9.10653 0
      vertex -42.1033 12.0729 0
    endloop
  endfacet
  facet normal -0 0 1
    outer loop
      vertex -43.0385 9.14811 0
      vertex -42.8429 9.10653 0
      vertex -42.2955 12.128 0
    endloop
  endfacet
  facet normal 0 0 1
    outer loop
      vertex -43.0385 9.14811 0
      vertex -43.3737 6.09578 0
      vertex -42.8429 9.10653 0
    endloop
  endfacet
  facet normal -0 0 1
    outer loop
      vertex -43.5718 6.12362 0
      vertex -43.3737 6.09578 0
      vertex -43.0385 9.14811 0
    endloop
  endfacet
  facet normal 0 0 1
    outer loop
      vertex -43.5718 6.12362 0
      vertex -43.6933 3.05533 0
      vertex -43.3737 6.09578 0
    endloop
  endfacet
  facet normal 0 0 1
    outer loop
      vertex -43.6933 3.05533 0
      vertex -43.8928 3.06928 0
      vertex -43.8 0 0
    endloop
  endfacet
  facet normal -0 0 1
    outer loop
      vertex -43.8928 3.06928 0
      vertex -43.6933 3.05533 0
      vertex -43.5718 6.12362 0
    endloop
  endfacet
  facet normal -0 0 1
    outer loop
      vertex 43.6933 -3.05533 0
      vertex 43.8928 -3.06928 0
      vertex 43.8 0 0
    endloop
  endfacet
  facet normal 0 0 1
    outer loop
      vertex 43.6933 -3.05533 0
      vertex 43.5718 -6.12362 0
      vertex 43.8928 -3.06928 0
    endloop
  endfacet
  facet normal -0 0 1
    outer loop
      vertex 43.3737 -6.09578 0
      vertex 43.5718 -6.12362 0
      vertex 43.6933 -3.05533 0
    endloop
  endfacet
  facet normal 0 0 1
    outer loop
      vertex 43.3737 -6.09578 0
      vertex 43.0385 -9.14811 0
      vertex 43.5718 -6.12362 0
    endloop
  endfacet
  facet normal -0 0 1
    outer loop
      vertex 42.8429 -9.10653 0
      vertex 43.0385 -9.14811 0
      vertex 43.3737 -6.09578 0
    endloop
  endfacet
  facet normal 0 0 1
    outer loop
      vertex 42.8429 -9.10653 0
      vertex 42.2955 -12.128 0
      vertex 43.0385 -9.14811 0
    endloop
  endfacet
  facet normal -0 0 1
    outer loop
      vertex 42.1033 -12.0729 0
      vertex 42.2955 -12.128 0
      vertex 42.8429 -9.10653 0
    endloop
  endfacet
  facet normal 0 0 1
    outer loop
      vertex 42.1033 -12.0729 0
      vertex 41.3465 -15.0489 0
      vertex 42.2955 -12.128 0
    endloop
  endfacet
  facet normal -0 0 1
    outer loop
      vertex 41.1585 -14.9805 0
      vertex 41.3465 -15.0489 0
      vertex 42.1033 -12.0729 0
    endloop
  endfacet
  facet normal 0 0 1
    outer loop
      vertex 41.1585 -14.9805 0
      vertex 40.196 -17.8964 0
      vertex 41.3465 -15.0489 0
    endloop
  endfacet
  facet normal -0 0 1
    outer loop
      vertex 40.0133 -17.8151 0
      vertex 40.196 -17.8964 0
      vertex 41.1585 -14.9805 0
    endloop
  endfacet
  facet normal 0 0 1
    outer loop
      vertex 40.0133 -17.8151 0
      vertex 38.8497 -20.6567 0
      vertex 40.196 -17.8964 0
    endloop
  endfacet
  facet normal -0 0 1
    outer loop
      vertex 38.6731 -20.5629 0
      vertex 38.8497 -20.6567 0
      vertex 40.0133 -17.8151 0
    endloop
  endfacet
  facet normal 0 0 1
    outer loop
      vertex 38.6731 -20.5629 0
      vertex 37.3141 -23.3164 0
      vertex 38.8497 -20.6567 0
    endloop
  endfacet
  facet normal -0 0 1
    outer loop
      vertex 37.1445 -23.2105 0
      vertex 37.3141 -23.3164 0
      vertex 38.6731 -20.5629 0
    endloop
  endfacet
  facet normal 0 0 1
    outer loop
      vertex 37.1445 -23.2105 0
      vertex 35.5967 -25.8626 0
      vertex 37.3141 -23.3164 0
    endloop
  endfacet
  facet normal -0 0 1
    outer loop
      vertex 35.4349 -25.745 0
      vertex 35.5967 -25.8626 0
      vertex 37.1445 -23.2105 0
    endloop
  endfacet
  facet normal 0 0 1
    outer loop
      vertex 35.4349 -25.745 0
      vertex 33.706 -28.2827 0
      vertex 35.5967 -25.8626 0
    endloop
  endfacet
  facet normal -0 0 1
    outer loop
      vertex 33.5527 -28.1541 0
      vertex 33.706 -28.2827 0
      vertex 35.4349 -25.745 0
    endloop
  endfacet
  facet normal 0 0 1
    outer loop
      vertex 33.5527 -28.1541 0
      vertex 31.651 -30.565 0
      vertex 33.706 -28.2827 0
    endloop
  endfacet
  facet normal -0 0 1
    outer loop
      vertex 31.5071 -30.426 0
      vertex 31.651 -30.565 0
      vertex 33.5527 -28.1541 0
    endloop
  endfacet
  facet normal 0 0 1
    outer loop
      vertex 31.5071 -30.426 0
      vertex 29.4417 -32.6984 0
      vertex 31.651 -30.565 0
    endloop
  endfacet
  facet normal -0 0 1
    outer loop
      vertex 29.3079 -32.5497 0
      vertex 29.4417 -32.6984 0
      vertex 31.5071 -30.426 0
    endloop
  endfacet
  facet normal 0 0 1
    outer loop
      vertex 29.3079 -32.5497 0
      vertex 27.0891 -34.6725 0
      vertex 29.4417 -32.6984 0
    endloop
  endfacet
  facet normal -0 0 1
    outer loop
      vertex 26.966 -34.5149 0
      vertex 27.0891 -34.6725 0
      vertex 29.3079 -32.5497 0
    endloop
  endfacet
  facet normal 0 0 1
    outer loop
      vertex 26.966 -34.5149 0
      vertex 24.6045 -36.4777 0
      vertex 27.0891 -34.6725 0
    endloop
  endfacet
  facet normal -0 0 1
    outer loop
      vertex 24.4926 -36.3118 0
      vertex 24.6045 -36.4777 0
      vertex 26.966 -34.5149 0
    endloop
  endfacet
  facet normal 0 0 1
    outer loop
      vertex 24.4926 -36.3118 0
      vertex 22 -38.1051 0
      vertex 24.6045 -36.4777 0
    endloop
  endfacet
  facet normal -0 0 1
    outer loop
      vertex 21.9 -37.9319 0
      vertex 22 -38.1051 0
      vertex 24.4926 -36.3118 0
    endloop
  endfacet
  facet normal 0 0 1
    outer loop
      vertex 21.9 -37.9319 0
      vertex 19.2883 -39.5469 0
      vertex 22 -38.1051 0
    endloop
  endfacet
  facet normal -0 0 1
    outer loop
      vertex 19.2007 -39.3672 0
      vertex 19.2883 -39.5469 0
      vertex 21.9 -37.9319 0
    endloop
  endfacet
  facet normal 0 0 1
    outer loop
      vertex 19.2007 -39.3672 0
      vertex 16.4827 -40.7961 0
      vertex 19.2883 -39.5469 0
    endloop
  endfacet
  facet normal -0 0 1
    outer loop
      vertex 16.4078 -40.6107 0
      vertex 16.4827 -40.7961 0
      vertex 19.2007 -39.3672 0
    endloop
  endfacet
  facet normal 0 0 1
    outer loop
      vertex 16.4078 -40.6107 0
      vertex 13.5967 -41.8465 0
      vertex 16.4827 -40.7961 0
    endloop
  endfacet
  facet normal -0 0 1
    outer loop
      vertex 13.5349 -41.6563 0
      vertex 13.5967 -41.8465 0
      vertex 16.4078 -40.6107 0
    endloop
  endfacet
  facet normal 0 0 1
    outer loop
      vertex 13.5349 -41.6563 0
      vertex 10.6446 -42.693 0
      vertex 13.5967 -41.8465 0
    endloop
  endfacet
  facet normal -0 0 1
    outer loop
      vertex 10.5962 -42.499 0
      vertex 10.6446 -42.693 0
      vertex 13.5349 -41.6563 0
    endloop
  endfacet
  facet normal 0 0 1
    outer loop
      vertex 10.5962 -42.499 0
      vertex 7.64052 -43.3315 0
      vertex 10.6446 -42.693 0
    endloop
  endfacet
  facet normal -0 0 1
    outer loop
      vertex 7.60579 -43.1346 0
      vertex 7.64052 -43.3315 0
      vertex 10.5962 -42.499 0
    endloop
  endfacet
  facet normal 0 0 1
    outer loop
      vertex 7.60579 -43.1346 0
      vertex 4.59925 -43.759 0
      vertex 7.64052 -43.3315 0
    endloop
  endfacet
  facet normal -0 0 1
    outer loop
      vertex 4.57835 -43.5601 0
      vertex 4.59925 -43.759 0
      vertex 7.60579 -43.1346 0
    endloop
  endfacet
  facet normal 0 0 1
    outer loop
      vertex 4.57835 -43.5601 0
      vertex 1.53558 -43.9732 0
      vertex 4.59925 -43.759 0
    endloop
  endfacet
  facet normal -0 0 1
    outer loop
      vertex 1.5286 -43.7733 0
      vertex 1.53558 -43.9732 0
      vertex 4.57835 -43.5601 0
    endloop
  endfacet
  facet normal -0 0 1
    outer loop
      vertex -1.5286 -43.7733 0
      vertex 1.53558 -43.9732 0
      vertex 1.5286 -43.7733 0
    endloop
  endfacet
  facet normal 0 0 1
    outer loop
      vertex -1.5286 -43.7733 0
      vertex -1.53558 -43.9732 0
      vertex 1.53558 -43.9732 0
    endloop
  endfacet
  facet normal 0 0 1
    outer loop
      vertex -4.57835 -43.5601 0
      vertex -1.53558 -43.9732 0
      vertex -1.5286 -43.7733 0
    endloop
  endfacet
  facet normal 0 0 1
    outer loop
      vertex -4.57835 -43.5601 0
      vertex -4.59925 -43.759 0
      vertex -1.53558 -43.9732 0
    endloop
  endfacet
  facet normal 0 0 1
    outer loop
      vertex -7.60579 -43.1346 0
      vertex -4.59925 -43.759 0
      vertex -4.57835 -43.5601 0
    endloop
  endfacet
  facet normal 0 0 1
    outer loop
      vertex -7.60579 -43.1346 0
      vertex -7.64052 -43.3315 0
      vertex -4.59925 -43.759 0
    endloop
  endfacet
  facet normal 0 0 1
    outer loop
      vertex -10.5962 -42.499 0
      vertex -7.64052 -43.3315 0
      vertex -7.60579 -43.1346 0
    endloop
  endfacet
  facet normal 0 0 1
    outer loop
      vertex -10.5962 -42.499 0
      vertex -10.6446 -42.693 0
      vertex -7.64052 -43.3315 0
    endloop
  endfacet
  facet normal 0 0 1
    outer loop
      vertex -13.5349 -41.6563 0
      vertex -10.6446 -42.693 0
      vertex -10.5962 -42.499 0
    endloop
  endfacet
  facet normal 0 0 1
    outer loop
      vertex -13.5349 -41.6563 0
      vertex -13.5967 -41.8465 0
      vertex -10.6446 -42.693 0
    endloop
  endfacet
  facet normal 0 0 1
    outer loop
      vertex -16.4078 -40.6107 0
      vertex -13.5967 -41.8465 0
      vertex -13.5349 -41.6563 0
    endloop
  endfacet
  facet normal 0 0 1
    outer loop
      vertex -16.4078 -40.6107 0
      vertex -16.4827 -40.7961 0
      vertex -13.5967 -41.8465 0
    endloop
  endfacet
  facet normal 0 0 1
    outer loop
      vertex -19.2007 -39.3672 0
      vertex -16.4827 -40.7961 0
      vertex -16.4078 -40.6107 0
    endloop
  endfacet
  facet normal 0 0 1
    outer loop
      vertex -19.2007 -39.3672 0
      vertex -19.2883 -39.5469 0
      vertex -16.4827 -40.7961 0
    endloop
  endfacet
  facet normal 0 0 1
    outer loop
      vertex -21.9 -37.9319 0
      vertex -19.2883 -39.5469 0
      vertex -19.2007 -39.3672 0
    endloop
  endfacet
  facet normal 0 0 1
    outer loop
      vertex -21.9 -37.9319 0
      vertex -22 -38.1051 0
      vertex -19.2883 -39.5469 0
    endloop
  endfacet
  facet normal 0 0 1
    outer loop
      vertex -24.4926 -36.3118 0
      vertex -22 -38.1051 0
      vertex -21.9 -37.9319 0
    endloop
  endfacet
  facet normal 0 0 1
    outer loop
      vertex -24.4926 -36.3118 0
      vertex -24.6045 -36.4777 0
      vertex -22 -38.1051 0
    endloop
  endfacet
  facet normal 0 0 1
    outer loop
      vertex -26.966 -34.5149 0
      vertex -24.6045 -36.4777 0
      vertex -24.4926 -36.3118 0
    endloop
  endfacet
  facet normal 0 0 1
    outer loop
      vertex -26.966 -34.5149 0
      vertex -27.0891 -34.6725 0
      vertex -24.6045 -36.4777 0
    endloop
  endfacet
  facet normal 0 0 1
    outer loop
      vertex -29.3079 -32.5497 0
      vertex -27.0891 -34.6725 0
      vertex -26.966 -34.5149 0
    endloop
  endfacet
  facet normal 0 0 1
    outer loop
      vertex -29.3079 -32.5497 0
      vertex -29.4417 -32.6984 0
      vertex -27.0891 -34.6725 0
    endloop
  endfacet
  facet normal 0 0 1
    outer loop
      vertex -31.5071 -30.426 0
      vertex -29.4417 -32.6984 0
      vertex -29.3079 -32.5497 0
    endloop
  endfacet
  facet normal 0 0 1
    outer loop
      vertex -31.5071 -30.426 0
      vertex -31.651 -30.565 0
      vertex -29.4417 -32.6984 0
    endloop
  endfacet
  facet normal 0 0 1
    outer loop
      vertex -33.5527 -28.1541 0
      vertex -31.651 -30.565 0
      vertex -31.5071 -30.426 0
    endloop
  endfacet
  facet normal 0 0 1
    outer loop
      vertex -33.5527 -28.1541 0
      vertex -33.706 -28.2827 0
      vertex -31.651 -30.565 0
    endloop
  endfacet
  facet normal 0 0 1
    outer loop
      vertex -35.4349 -25.745 0
      vertex -33.706 -28.2827 0
      vertex -33.5527 -28.1541 0
    endloop
  endfacet
  facet normal 0 0 1
    outer loop
      vertex -35.4349 -25.745 0
      vertex -35.5967 -25.8626 0
      vertex -33.706 -28.2827 0
    endloop
  endfacet
  facet normal 0 0 1
    outer loop
      vertex -37.1445 -23.2105 0
      vertex -35.5967 -25.8626 0
      vertex -35.4349 -25.745 0
    endloop
  endfacet
  facet normal 0 0 1
    outer loop
      vertex -37.1445 -23.2105 0
      vertex -37.3141 -23.3164 0
      vertex -35.5967 -25.8626 0
    endloop
  endfacet
  facet normal 0 0 1
    outer loop
      vertex -38.6731 -20.5629 0
      vertex -37.3141 -23.3164 0
      vertex -37.1445 -23.2105 0
    endloop
  endfacet
  facet normal 0 0 1
    outer loop
      vertex -38.6731 -20.5629 0
      vertex -38.8497 -20.6567 0
      vertex -37.3141 -23.3164 0
    endloop
  endfacet
  facet normal 0 0 1
    outer loop
      vertex -40.0133 -17.8151 0
      vertex -38.8497 -20.6567 0
      vertex -38.6731 -20.5629 0
    endloop
  endfacet
  facet normal 0 0 1
    outer loop
      vertex -40.0133 -17.8151 0
      vertex -40.196 -17.8964 0
      vertex -38.8497 -20.6567 0
    endloop
  endfacet
  facet normal 0 0 1
    outer loop
      vertex -41.1585 -14.9805 0
      vertex -40.196 -17.8964 0
      vertex -40.0133 -17.8151 0
    endloop
  endfacet
  facet normal 0 0 1
    outer loop
      vertex -41.1585 -14.9805 0
      vertex -41.3465 -15.0489 0
      vertex -40.196 -17.8964 0
    endloop
  endfacet
  facet normal 0 0 1
    outer loop
      vertex -42.1033 -12.0729 0
      vertex -41.3465 -15.0489 0
      vertex -41.1585 -14.9805 0
    endloop
  endfacet
  facet normal 0 0 1
    outer loop
      vertex -42.1033 -12.0729 0
      vertex -42.2955 -12.128 0
      vertex -41.3465 -15.0489 0
    endloop
  endfacet
  facet normal 0 0 1
    outer loop
      vertex -42.8429 -9.10653 0
      vertex -42.2955 -12.128 0
      vertex -42.1033 -12.0729 0
    endloop
  endfacet
  facet normal 0 0 1
    outer loop
      vertex -42.8429 -9.10653 0
      vertex -43.0385 -9.14811 0
      vertex -42.2955 -12.128 0
    endloop
  endfacet
  facet normal 0 0 1
    outer loop
      vertex -43.3737 -6.09578 0
      vertex -43.0385 -9.14811 0
      vertex -42.8429 -9.10653 0
    endloop
  endfacet
  facet normal 0 0 1
    outer loop
      vertex -43.3737 -6.09578 0
      vertex -43.5718 -6.12362 0
      vertex -43.0385 -9.14811 0
    endloop
  endfacet
  facet normal 0 0 1
    outer loop
      vertex -43.6933 -3.05533 0
      vertex -43.5718 -6.12362 0
      vertex -43.3737 -6.09578 0
    endloop
  endfacet
  facet normal 0 0 1
    outer loop
      vertex -43.6933 -3.05533 0
      vertex -43.8928 -3.06928 0
      vertex -43.5718 -6.12362 0
    endloop
  endfacet
  facet normal 0 0 1
    outer loop
      vertex -43.8 0 0
      vertex -43.8928 -3.06928 0
      vertex -43.6933 -3.05533 0
    endloop
  endfacet
  facet normal 0 0 1
    outer loop
      vertex -44 0 0
      vertex -43.8 0 0
      vertex -43.8928 3.06928 0
    endloop
  endfacet
  facet normal 0 0 1
    outer loop
      vertex -43.8 0 0
      vertex -44 0 0
      vertex -43.8928 -3.06928 0
    endloop
  endfacet
  facet normal 0.984809 -0.173641 0
    outer loop
      vertex 48.9074 -10.3956 400
      vertex 49.5134 -6.95865 0
      vertex 49.5134 -6.95865 400
    endloop
  endfacet
  facet normal 0.984809 -0.173641 0
    outer loop
      vertex 49.5134 -6.95865 0
      vertex 48.9074 -10.3956 400
      vertex 48.9074 -10.3956 0
    endloop
  endfacet
  facet normal 0.207911 0.978148 -0
    outer loop
      vertex 12.0961 48.5148 0
      vertex 8.68241 49.2404 400
      vertex 12.0961 48.5148 400
    endloop
  endfacet
  facet normal 0.207911 0.978148 0
    outer loop
      vertex 8.68241 49.2404 400
      vertex 12.0961 48.5148 0
      vertex 8.68241 49.2404 0
    endloop
  endfacet
  facet normal -0.207911 0.978148 0
    outer loop
      vertex -8.68241 49.2404 0
      vertex -12.0961 48.5148 400
      vertex -8.68241 49.2404 400
    endloop
  endfacet
  facet normal -0.207911 0.978148 0
    outer loop
      vertex -12.0961 48.5148 400
      vertex -8.68241 49.2404 0
      vertex -12.0961 48.5148 0
    endloop
  endfacet
  facet normal -0.999391 0.0349003 0
    outer loop
      vertex -50 0 0
      vertex -49.8782 3.48782 400
      vertex -49.8782 3.48782 0
    endloop
  endfacet
  facet normal -0.999391 0.0349003 0
    outer loop
      vertex -49.8782 3.48782 400
      vertex -50 0 0
      vertex -50 0 400
    endloop
  endfacet
  facet normal 0.642796 -0.766037 0
    outer loop
      vertex 30.7831 -39.4005 0
      vertex 33.4565 -37.1572 400
      vertex 30.7831 -39.4005 400
    endloop
  endfacet
  facet normal 0.642796 -0.766037 0
    outer loop
      vertex 33.4565 -37.1572 400
      vertex 30.7831 -39.4005 0
      vertex 33.4565 -37.1572 0
    endloop
  endfacet
  facet normal -0.970296 -0.241922 0
    outer loop
      vertex -48.0631 -13.7819 0
      vertex -48.9074 -10.3956 400
      vertex -48.9074 -10.3956 0
    endloop
  endfacet
  facet normal -0.970296 -0.241922 0
    outer loop
      vertex -48.9074 -10.3956 400
      vertex -48.0631 -13.7819 0
      vertex -48.0631 -13.7819 400
    endloop
  endfacet
  facet normal -0.866023 -0.500004 0
    outer loop
      vertex -42.4024 -26.496 0
      vertex -44.1474 -23.4736 400
      vertex -44.1474 -23.4736 0
    endloop
  endfacet
  facet normal -0.866023 -0.500004 0
    outer loop
      vertex -44.1474 -23.4736 400
      vertex -42.4024 -26.496 0
      vertex -42.4024 -26.496 400
    endloop
  endfacet
  facet normal 0 -1 0
    outer loop
      vertex -1.74497 -49.9695 0
      vertex 1.74497 -49.9695 400
      vertex -1.74497 -49.9695 400
    endloop
  endfacet
  facet normal 0 -1 -0
    outer loop
      vertex 1.74497 -49.9695 400
      vertex -1.74497 -49.9695 0
      vertex 1.74497 -49.9695 0
    endloop
  endfacet
  facet normal 0.927189 -0.374595 0
    outer loop
      vertex 45.6773 -20.3368 400
      vertex 46.9846 -17.101 0
      vertex 46.9846 -17.101 400
    endloop
  endfacet
  facet normal 0.927189 -0.374595 0
    outer loop
      vertex 46.9846 -17.101 0
      vertex 45.6773 -20.3368 400
      vertex 45.6773 -20.3368 0
    endloop
  endfacet
  facet normal -0.994522 -0.104529 0
    outer loop
      vertex -49.5134 -6.95865 0
      vertex -49.8782 -3.48782 400
      vertex -49.8782 -3.48782 0
    endloop
  endfacet
  facet normal -0.994522 -0.104529 0
    outer loop
      vertex -49.8782 -3.48782 400
      vertex -49.5134 -6.95865 0
      vertex -49.5134 -6.95865 400
    endloop
  endfacet
  facet normal -0.34201 -0.939696 0
    outer loop
      vertex -18.7303 -46.3592 0
      vertex -15.4508 -47.5528 400
      vertex -18.7303 -46.3592 400
    endloop
  endfacet
  facet normal -0.34201 -0.939696 -0
    outer loop
      vertex -15.4508 -47.5528 400
      vertex -18.7303 -46.3592 0
      vertex -15.4508 -47.5528 0
    endloop
  endfacet
  facet normal -0.207911 -0.978148 0
    outer loop
      vertex -12.0961 -48.5148 0
      vertex -8.68241 -49.2404 400
      vertex -12.0961 -48.5148 400
    endloop
  endfacet
  facet normal -0.207911 -0.978148 -0
    outer loop
      vertex -8.68241 -49.2404 400
      vertex -12.0961 -48.5148 0
      vertex -8.68241 -49.2404 0
    endloop
  endfacet
  facet normal 0.469469 0.882949 -0
    outer loop
      vertex 25 43.3013 0
      vertex 21.9186 44.9397 400
      vertex 25 43.3013 400
    endloop
  endfacet
  facet normal 0.469469 0.882949 0
    outer loop
      vertex 21.9186 44.9397 400
      vertex 25 43.3013 0
      vertex 21.9186 44.9397 0
    endloop
  endfacet
  facet normal -0.999391 -0.0349003 0
    outer loop
      vertex -49.8782 -3.48782 0
      vertex -50 0 400
      vertex -50 0 0
    endloop
  endfacet
  facet normal -0.999391 -0.0349003 0
    outer loop
      vertex -50 0 400
      vertex -49.8782 -3.48782 0
      vertex -49.8782 -3.48782 400
    endloop
  endfacet
  facet normal -0.469469 -0.882949 0
    outer loop
      vertex -25 -43.3013 0
      vertex -21.9186 -44.9397 400
      vertex -25 -43.3013 400
    endloop
  endfacet
  facet normal -0.469469 -0.882949 -0
    outer loop
      vertex -21.9186 -44.9397 400
      vertex -25 -43.3013 0
      vertex -21.9186 -44.9397 0
    endloop
  endfacet
  facet normal -0.469469 0.882949 0
    outer loop
      vertex -21.9186 44.9397 0
      vertex -25 43.3013 400
      vertex -21.9186 44.9397 400
    endloop
  endfacet
  facet normal -0.469469 0.882949 0
    outer loop
      vertex -25 43.3013 400
      vertex -21.9186 44.9397 0
      vertex -25 43.3013 0
    endloop
  endfacet
  facet normal 0.951052 -0.309032 0
    outer loop
      vertex 46.9846 -17.101 400
      vertex 48.0631 -13.7819 0
      vertex 48.0631 -13.7819 400
    endloop
  endfacet
  facet normal 0.951052 -0.309032 0
    outer loop
      vertex 48.0631 -13.7819 0
      vertex 46.9846 -17.101 400
      vertex 46.9846 -17.101 0
    endloop
  endfacet
  facet normal -0.587787 -0.809016 0
    outer loop
      vertex -30.7831 -39.4005 0
      vertex -27.9596 -41.4519 400
      vertex -30.7831 -39.4005 400
    endloop
  endfacet
  facet normal -0.587787 -0.809016 -0
    outer loop
      vertex -27.9596 -41.4519 400
      vertex -30.7831 -39.4005 0
      vertex -27.9596 -41.4519 0
    endloop
  endfacet
  facet normal -0.898796 0.438367 0
    outer loop
      vertex -45.6773 20.3368 0
      vertex -44.1474 23.4736 400
      vertex -44.1474 23.4736 0
    endloop
  endfacet
  facet normal -0.898796 0.438367 0
    outer loop
      vertex -44.1474 23.4736 400
      vertex -45.6773 20.3368 0
      vertex -45.6773 20.3368 400
    endloop
  endfacet
  facet normal -0.994523 -0.104521 0
    outer loop
      vertex 43.8928 3.06928 0
      vertex 43.5718 6.12362 400
      vertex 43.5718 6.12362 0
    endloop
  endfacet
  facet normal -0.994523 -0.104521 0
    outer loop
      vertex 43.5718 6.12362 400
      vertex 43.8928 3.06928 0
      vertex 43.8928 3.06928 400
    endloop
  endfacet
  facet normal -0.999391 -0.0349055 0
    outer loop
      vertex 44 0 0
      vertex 43.8928 3.06928 400
      vertex 43.8928 3.06928 0
    endloop
  endfacet
  facet normal -0.999391 -0.0349055 0
    outer loop
      vertex 43.8928 3.06928 400
      vertex 44 0 0
      vertex 44 0 400
    endloop
  endfacet
  facet normal -0.984808 -0.173648 0
    outer loop
      vertex 43.5718 6.12362 0
      vertex 43.0385 9.14811 400
      vertex 43.0385 9.14811 0
    endloop
  endfacet
  facet normal -0.984808 -0.173648 0
    outer loop
      vertex 43.0385 9.14811 400
      vertex 43.5718 6.12362 0
      vertex 43.5718 6.12362 400
    endloop
  endfacet
  facet normal 0.469462 -0.882953 0
    outer loop
      vertex -22 38.1051 0
      vertex -19.2883 39.5469 400
      vertex -22 38.1051 400
    endloop
  endfacet
  facet normal 0.469462 -0.882953 0
    outer loop
      vertex -19.2883 39.5469 400
      vertex -22 38.1051 0
      vertex -19.2883 39.5469 0
    endloop
  endfacet
  facet normal 0.406755 0.913537 -0
    outer loop
      vertex -16.4827 -40.7961 0
      vertex -19.2883 -39.5469 400
      vertex -16.4827 -40.7961 400
    endloop
  endfacet
  facet normal 0.406755 0.913537 0
    outer loop
      vertex -19.2883 -39.5469 400
      vertex -16.4827 -40.7961 0
      vertex -19.2883 -39.5469 0
    endloop
  endfacet
  facet normal -0.984808 0.173648 0
    outer loop
      vertex 43.0385 -9.14811 0
      vertex 43.5718 -6.12362 400
      vertex 43.5718 -6.12362 0
    endloop
  endfacet
  facet normal -0.984808 0.173648 0
    outer loop
      vertex 43.5718 -6.12362 400
      vertex 43.0385 -9.14811 0
      vertex 43.0385 -9.14811 400
    endloop
  endfacet
  facet normal 0.970293 0.241931 0
    outer loop
      vertex -42.2955 -12.128 400
      vertex -43.0385 -9.14811 0
      vertex -43.0385 -9.14811 400
    endloop
  endfacet
  facet normal 0.970293 0.241931 0
    outer loop
      vertex -43.0385 -9.14811 0
      vertex -42.2955 -12.128 400
      vertex -42.2955 -12.128 0
    endloop
  endfacet
  facet normal -0.406755 -0.913537 0
    outer loop
      vertex 16.4827 40.7961 0
      vertex 19.2883 39.5469 400
      vertex 16.4827 40.7961 400
    endloop
  endfacet
  facet normal -0.406755 -0.913537 -0
    outer loop
      vertex 19.2883 39.5469 400
      vertex 16.4827 40.7961 0
      vertex 19.2883 39.5469 0
    endloop
  endfacet
  facet normal -0.587792 0.809012 0
    outer loop
      vertex 27.0891 -34.6725 0
      vertex 24.6045 -36.4777 400
      vertex 27.0891 -34.6725 400
    endloop
  endfacet
  facet normal -0.587792 0.809012 0
    outer loop
      vertex 24.6045 -36.4777 400
      vertex 27.0891 -34.6725 0
      vertex 24.6045 -36.4777 0
    endloop
  endfacet
  facet normal -0.92718 -0.374616 0
    outer loop
      vertex 41.3465 15.0489 0
      vertex 40.196 17.8964 400
      vertex 40.196 17.8964 0
    endloop
  endfacet
  facet normal -0.92718 -0.374616 0
    outer loop
      vertex 40.196 17.8964 400
      vertex 41.3465 15.0489 0
      vertex 41.3465 15.0489 400
    endloop
  endfacet
  facet normal 0.866022 -0.500005 0
    outer loop
      vertex -38.8497 20.6567 400
      vertex -37.3141 23.3164 0
      vertex -37.3141 23.3164 400
    endloop
  endfacet
  facet normal 0.866022 -0.500005 0
    outer loop
      vertex -37.3141 23.3164 0
      vertex -38.8497 20.6567 400
      vertex -38.8497 20.6567 0
    endloop
  endfacet
  facet normal 0.898793 0.438374 0
    outer loop
      vertex -38.8497 -20.6567 400
      vertex -40.196 -17.8964 0
      vertex -40.196 -17.8964 400
    endloop
  endfacet
  facet normal 0.898793 0.438374 0
    outer loop
      vertex -40.196 -17.8964 0
      vertex -38.8497 -20.6567 400
      vertex -38.8497 -20.6567 0
    endloop
  endfacet
  facet normal -0.866022 0.500005 0
    outer loop
      vertex 37.3141 -23.3164 0
      vertex 38.8497 -20.6567 400
      vertex 38.8497 -20.6567 0
    endloop
  endfacet
  facet normal -0.866022 0.500005 0
    outer loop
      vertex 38.8497 -20.6567 400
      vertex 37.3141 -23.3164 0
      vertex 37.3141 -23.3164 400
    endloop
  endfacet
  facet normal 0.970293 -0.241931 0
    outer loop
      vertex -43.0385 9.14811 400
      vertex -42.2955 12.128 0
      vertex -42.2955 12.128 400
    endloop
  endfacet
  facet normal 0.970293 -0.241931 0
    outer loop
      vertex -42.2955 12.128 0
      vertex -43.0385 9.14811 400
      vertex -43.0385 9.14811 0
    endloop
  endfacet
  facet normal 0.2079 -0.97815 0
    outer loop
      vertex -10.6446 42.693 0
      vertex -7.64052 43.3315 400
      vertex -10.6446 42.693 400
    endloop
  endfacet
  facet normal 0.2079 -0.97815 0
    outer loop
      vertex -7.64052 43.3315 400
      vertex -10.6446 42.693 0
      vertex -7.64052 43.3315 0
    endloop
  endfacet
  facet normal 0.92718 -0.374616 0
    outer loop
      vertex -41.3465 15.0489 400
      vertex -40.196 17.8964 0
      vertex -40.196 17.8964 400
    endloop
  endfacet
  facet normal 0.92718 -0.374616 0
    outer loop
      vertex -40.196 17.8964 0
      vertex -41.3465 15.0489 400
      vertex -41.3465 15.0489 0
    endloop
  endfacet
  facet normal 0.0697459 0.997565 -0
    outer loop
      vertex -1.53558 -43.9732 0
      vertex -4.59925 -43.759 400
      vertex -1.53558 -43.9732 400
    endloop
  endfacet
  facet normal 0.0697459 0.997565 0
    outer loop
      vertex -4.59925 -43.759 400
      vertex -1.53558 -43.9732 0
      vertex -4.59925 -43.759 0
    endloop
  endfacet
  facet normal 0.139198 0.990265 -0
    outer loop
      vertex -4.59925 -43.759 0
      vertex -7.64052 -43.3315 400
      vertex -4.59925 -43.759 400
    endloop
  endfacet
  facet normal 0.139198 0.990265 0
    outer loop
      vertex -7.64052 -43.3315 400
      vertex -4.59925 -43.759 0
      vertex -7.64052 -43.3315 0
    endloop
  endfacet
  facet normal -0.529902 0.848059 0
    outer loop
      vertex 24.6045 -36.4777 0
      vertex 22 -38.1051 400
      vertex 24.6045 -36.4777 400
    endloop
  endfacet
  facet normal -0.529902 0.848059 0
    outer loop
      vertex 22 -38.1051 400
      vertex 24.6045 -36.4777 0
      vertex 22 -38.1051 0
    endloop
  endfacet
  facet normal 0 -1 0
    outer loop
      vertex -1.53558 43.9732 0
      vertex 1.53558 43.9732 400
      vertex -1.53558 43.9732 400
    endloop
  endfacet
  facet normal 0 -1 -0
    outer loop
      vertex 1.53558 43.9732 400
      vertex -1.53558 43.9732 0
      vertex 1.53558 43.9732 0
    endloop
  endfacet
  facet normal -0.587792 -0.809012 0
    outer loop
      vertex 24.6045 36.4777 0
      vertex 27.0891 34.6725 400
      vertex 24.6045 36.4777 400
    endloop
  endfacet
  facet normal -0.587792 -0.809012 -0
    outer loop
      vertex 27.0891 34.6725 400
      vertex 24.6045 36.4777 0
      vertex 27.0891 34.6725 0
    endloop
  endfacet
  facet normal 0.788025 0.615643 0
    outer loop
      vertex -33.706 -28.2827 400
      vertex -35.5967 -25.8626 0
      vertex -35.5967 -25.8626 400
    endloop
  endfacet
  facet normal 0.788025 0.615643 0
    outer loop
      vertex -35.5967 -25.8626 0
      vertex -33.706 -28.2827 400
      vertex -33.706 -28.2827 0
    endloop
  endfacet
  facet normal -0.92718 0.374616 0
    outer loop
      vertex 40.196 -17.8964 0
      vertex 41.3465 -15.0489 400
      vertex 41.3465 -15.0489 0
    endloop
  endfacet
  facet normal -0.92718 0.374616 0
    outer loop
      vertex 41.3465 -15.0489 400
      vertex 40.196 -17.8964 0
      vertex 40.196 -17.8964 400
    endloop
  endfacet
  facet normal 0.694642 -0.719355 0
    outer loop
      vertex -31.651 30.565 0
      vertex -29.4417 32.6984 400
      vertex -31.651 30.565 400
    endloop
  endfacet
  facet normal 0.694642 -0.719355 0
    outer loop
      vertex -29.4417 32.6984 400
      vertex -31.651 30.565 0
      vertex -29.4417 32.6984 0
    endloop
  endfacet
  facet normal 0.2079 0.97815 -0
    outer loop
      vertex -7.64052 -43.3315 0
      vertex -10.6446 -42.693 400
      vertex -7.64052 -43.3315 400
    endloop
  endfacet
  facet normal 0.2079 0.97815 0
    outer loop
      vertex -10.6446 -42.693 400
      vertex -7.64052 -43.3315 0
      vertex -10.6446 -42.693 0
    endloop
  endfacet
  facet normal -0.898793 -0.438374 0
    outer loop
      vertex 40.196 17.8964 0
      vertex 38.8497 20.6567 400
      vertex 38.8497 20.6567 0
    endloop
  endfacet
  facet normal -0.898793 -0.438374 0
    outer loop
      vertex 38.8497 20.6567 400
      vertex 40.196 17.8964 0
      vertex 40.196 17.8964 400
    endloop
  endfacet
  facet normal 0.694642 0.719355 -0
    outer loop
      vertex -29.4417 -32.6984 0
      vertex -31.651 -30.565 400
      vertex -29.4417 -32.6984 400
    endloop
  endfacet
  facet normal 0.694642 0.719355 0
    outer loop
      vertex -31.651 -30.565 400
      vertex -29.4417 -32.6984 0
      vertex -31.651 -30.565 0
    endloop
  endfacet
  facet normal -0.951062 0.309 0
    outer loop
      vertex 41.3465 -15.0489 0
      vertex 42.2955 -12.128 400
      vertex 42.2955 -12.128 0
    endloop
  endfacet
  facet normal -0.951062 0.309 0
    outer loop
      vertex 42.2955 -12.128 400
      vertex 41.3465 -15.0489 0
      vertex 41.3465 -15.0489 400
    endloop
  endfacet
  facet normal 0.406755 -0.913537 0
    outer loop
      vertex -19.2883 39.5469 0
      vertex -16.4827 40.7961 400
      vertex -19.2883 39.5469 400
    endloop
  endfacet
  facet normal 0.406755 -0.913537 0
    outer loop
      vertex -16.4827 40.7961 400
      vertex -19.2883 39.5469 0
      vertex -16.4827 40.7961 0
    endloop
  endfacet
  facet normal -0.970293 0.241931 0
    outer loop
      vertex 42.2955 -12.128 0
      vertex 43.0385 -9.14811 400
      vertex 43.0385 -9.14811 0
    endloop
  endfacet
  facet normal -0.970293 0.241931 0
    outer loop
      vertex 43.0385 -9.14811 400
      vertex 42.2955 -12.128 0
      vertex 42.2955 -12.128 400
    endloop
  endfacet
  facet normal 0.829043 0.559185 0
    outer loop
      vertex -35.5967 -25.8626 400
      vertex -37.3141 -23.3164 0
      vertex -37.3141 -23.3164 400
    endloop
  endfacet
  facet normal 0.829043 0.559185 0
    outer loop
      vertex -37.3141 -23.3164 0
      vertex -35.5967 -25.8626 400
      vertex -35.5967 -25.8626 0
    endloop
  endfacet
  facet normal -0.970293 -0.241931 0
    outer loop
      vertex 43.0385 9.14811 0
      vertex 42.2955 12.128 400
      vertex 42.2955 12.128 0
    endloop
  endfacet
  facet normal -0.970293 -0.241931 0
    outer loop
      vertex 42.2955 12.128 400
      vertex 43.0385 9.14811 0
      vertex 43.0385 9.14811 400
    endloop
  endfacet
  facet normal -0.743144 0.669132 0
    outer loop
      vertex 31.651 -30.565 0
      vertex 33.706 -28.2827 400
      vertex 33.706 -28.2827 0
    endloop
  endfacet
  facet normal -0.743144 0.669132 0
    outer loop
      vertex 33.706 -28.2827 400
      vertex 31.651 -30.565 0
      vertex 31.651 -30.565 400
    endloop
  endfacet
  facet normal -0.406755 0.913537 0
    outer loop
      vertex 19.2883 -39.5469 0
      vertex 16.4827 -40.7961 400
      vertex 19.2883 -39.5469 400
    endloop
  endfacet
  facet normal -0.406755 0.913537 0
    outer loop
      vertex 16.4827 -40.7961 400
      vertex 19.2883 -39.5469 0
      vertex 16.4827 -40.7961 0
    endloop
  endfacet
  facet normal -0.342015 0.939695 0
    outer loop
      vertex 16.4827 -40.7961 0
      vertex 13.5967 -41.8465 400
      vertex 16.4827 -40.7961 400
    endloop
  endfacet
  facet normal -0.342015 0.939695 0
    outer loop
      vertex 13.5967 -41.8465 400
      vertex 16.4827 -40.7961 0
      vertex 13.5967 -41.8465 0
    endloop
  endfacet
  facet normal 0.342015 -0.939695 0
    outer loop
      vertex -16.4827 40.7961 0
      vertex -13.5967 41.8465 400
      vertex -16.4827 40.7961 400
    endloop
  endfacet
  facet normal 0.342015 -0.939695 0
    outer loop
      vertex -13.5967 41.8465 400
      vertex -16.4827 40.7961 0
      vertex -13.5967 41.8465 0
    endloop
  endfacet
  facet normal 0.951062 -0.309 0
    outer loop
      vertex -42.2955 12.128 400
      vertex -41.3465 15.0489 0
      vertex -41.3465 15.0489 400
    endloop
  endfacet
  facet normal 0.951062 -0.309 0
    outer loop
      vertex -41.3465 15.0489 0
      vertex -42.2955 12.128 400
      vertex -42.2955 12.128 0
    endloop
  endfacet
  facet normal 0.743144 0.669132 0
    outer loop
      vertex -31.651 -30.565 400
      vertex -33.706 -28.2827 0
      vertex -33.706 -28.2827 400
    endloop
  endfacet
  facet normal 0.743144 0.669132 0
    outer loop
      vertex -33.706 -28.2827 0
      vertex -31.651 -30.565 400
      vertex -31.651 -30.565 0
    endloop
  endfacet
  facet normal -0.829043 -0.559185 0
    outer loop
      vertex 37.3141 23.3164 0
      vertex 35.5967 25.8626 400
      vertex 35.5967 25.8626 0
    endloop
  endfacet
  facet normal -0.829043 -0.559185 0
    outer loop
      vertex 35.5967 25.8626 400
      vertex 37.3141 23.3164 0
      vertex 37.3141 23.3164 400
    endloop
  endfacet
  facet normal 0.642794 0.766039 -0
    outer loop
      vertex -27.0891 -34.6725 0
      vertex -29.4417 -32.6984 400
      vertex -27.0891 -34.6725 400
    endloop
  endfacet
  facet normal 0.642794 0.766039 0
    outer loop
      vertex -29.4417 -32.6984 400
      vertex -27.0891 -34.6725 0
      vertex -29.4417 -32.6984 0
    endloop
  endfacet
  facet normal -0.829043 0.559185 0
    outer loop
      vertex 35.5967 -25.8626 0
      vertex 37.3141 -23.3164 400
      vertex 37.3141 -23.3164 0
    endloop
  endfacet
  facet normal -0.829043 0.559185 0
    outer loop
      vertex 37.3141 -23.3164 400
      vertex 35.5967 -25.8626 0
      vertex 35.5967 -25.8626 400
    endloop
  endfacet
  facet normal -0.999391 0.0349055 0
    outer loop
      vertex 43.8928 -3.06928 0
      vertex 44 0 400
      vertex 44 0 0
    endloop
  endfacet
  facet normal -0.999391 0.0349055 0
    outer loop
      vertex 44 0 400
      vertex 43.8928 -3.06928 0
      vertex 43.8928 -3.06928 400
    endloop
  endfacet
  facet normal -0.994523 0.104521 0
    outer loop
      vertex 43.5718 -6.12362 0
      vertex 43.8928 -3.06928 400
      vertex 43.8928 -3.06928 0
    endloop
  endfacet
  facet normal -0.994523 0.104521 0
    outer loop
      vertex 43.8928 -3.06928 400
      vertex 43.5718 -6.12362 0
      vertex 43.5718 -6.12362 400
    endloop
  endfacet
  facet normal -0.898793 0.438374 0
    outer loop
      vertex 38.8497 -20.6567 0
      vertex 40.196 -17.8964 400
      vertex 40.196 -17.8964 0
    endloop
  endfacet
  facet normal -0.898793 0.438374 0
    outer loop
      vertex 40.196 -17.8964 400
      vertex 38.8497 -20.6567 0
      vertex 38.8497 -20.6567 400
    endloop
  endfacet
  facet normal 0.342015 0.939695 -0
    outer loop
      vertex -13.5967 -41.8465 0
      vertex -16.4827 -40.7961 400
      vertex -13.5967 -41.8465 400
    endloop
  endfacet
  facet normal 0.342015 0.939695 0
    outer loop
      vertex -16.4827 -40.7961 400
      vertex -13.5967 -41.8465 0
      vertex -16.4827 -40.7961 0
    endloop
  endfacet
  facet normal -0.743144 -0.669132 0
    outer loop
      vertex 33.706 28.2827 0
      vertex 31.651 30.565 400
      vertex 31.651 30.565 0
    endloop
  endfacet
  facet normal -0.743144 -0.669132 0
    outer loop
      vertex 31.651 30.565 400
      vertex 33.706 28.2827 0
      vertex 33.706 28.2827 400
    endloop
  endfacet
  facet normal -0.642794 -0.766039 0
    outer loop
      vertex 27.0891 34.6725 0
      vertex 29.4417 32.6984 400
      vertex 27.0891 34.6725 400
    endloop
  endfacet
  facet normal -0.642794 -0.766039 -0
    outer loop
      vertex 29.4417 32.6984 400
      vertex 27.0891 34.6725 0
      vertex 29.4417 32.6984 0
    endloop
  endfacet
  facet normal 0.642794 -0.766039 0
    outer loop
      vertex -29.4417 32.6984 0
      vertex -27.0891 34.6725 400
      vertex -29.4417 32.6984 400
    endloop
  endfacet
  facet normal 0.642794 -0.766039 0
    outer loop
      vertex -27.0891 34.6725 400
      vertex -29.4417 32.6984 0
      vertex -27.0891 34.6725 0
    endloop
  endfacet
  facet normal 0.139198 -0.990265 0
    outer loop
      vertex -7.64052 43.3315 0
      vertex -4.59925 43.759 400
      vertex -7.64052 43.3315 400
    endloop
  endfacet
  facet normal 0.139198 -0.990265 0
    outer loop
      vertex -4.59925 43.759 400
      vertex -7.64052 43.3315 0
      vertex -4.59925 43.759 0
    endloop
  endfacet
  facet normal -0.469462 -0.882953 0
    outer loop
      vertex 19.2883 39.5469 0
      vertex 22 38.1051 400
      vertex 19.2883 39.5469 400
    endloop
  endfacet
  facet normal -0.469462 -0.882953 -0
    outer loop
      vertex 22 38.1051 400
      vertex 19.2883 39.5469 0
      vertex 22 38.1051 0
    endloop
  endfacet
  facet normal 0.587792 0.809012 -0
    outer loop
      vertex -24.6045 -36.4777 0
      vertex -27.0891 -34.6725 400
      vertex -24.6045 -36.4777 400
    endloop
  endfacet
  facet normal 0.587792 0.809012 0
    outer loop
      vertex -27.0891 -34.6725 400
      vertex -24.6045 -36.4777 0
      vertex -27.0891 -34.6725 0
    endloop
  endfacet
  facet normal 0.0697459 -0.997565 0
    outer loop
      vertex -4.59925 43.759 0
      vertex -1.53558 43.9732 400
      vertex -4.59925 43.759 400
    endloop
  endfacet
  facet normal 0.0697459 -0.997565 0
    outer loop
      vertex -1.53558 43.9732 400
      vertex -4.59925 43.759 0
      vertex -1.53558 43.9732 0
    endloop
  endfacet
  facet normal -0.0697459 0.997565 0
    outer loop
      vertex 4.59925 -43.759 0
      vertex 1.53558 -43.9732 400
      vertex 4.59925 -43.759 400
    endloop
  endfacet
  facet normal -0.0697459 0.997565 0
    outer loop
      vertex 1.53558 -43.9732 400
      vertex 4.59925 -43.759 0
      vertex 1.53558 -43.9732 0
    endloop
  endfacet
  facet normal 0.984808 -0.173648 0
    outer loop
      vertex -43.5718 6.12362 400
      vertex -43.0385 9.14811 0
      vertex -43.0385 9.14811 400
    endloop
  endfacet
  facet normal 0.984808 -0.173648 0
    outer loop
      vertex -43.0385 9.14811 0
      vertex -43.5718 6.12362 400
      vertex -43.5718 6.12362 0
    endloop
  endfacet
  facet normal -0.642794 0.766039 0
    outer loop
      vertex 29.4417 -32.6984 0
      vertex 27.0891 -34.6725 400
      vertex 29.4417 -32.6984 400
    endloop
  endfacet
  facet normal -0.642794 0.766039 0
    outer loop
      vertex 27.0891 -34.6725 400
      vertex 29.4417 -32.6984 0
      vertex 27.0891 -34.6725 0
    endloop
  endfacet
  facet normal 0.788025 -0.615643 0
    outer loop
      vertex -35.5967 25.8626 400
      vertex -33.706 28.2827 0
      vertex -33.706 28.2827 400
    endloop
  endfacet
  facet normal 0.788025 -0.615643 0
    outer loop
      vertex -33.706 28.2827 0
      vertex -35.5967 25.8626 400
      vertex -35.5967 25.8626 0
    endloop
  endfacet
  facet normal -0.2079 0.97815 0
    outer loop
      vertex 10.6446 -42.693 0
      vertex 7.64052 -43.3315 400
      vertex 10.6446 -42.693 400
    endloop
  endfacet
  facet normal -0.2079 0.97815 0
    outer loop
      vertex 7.64052 -43.3315 400
      vertex 10.6446 -42.693 0
      vertex 7.64052 -43.3315 0
    endloop
  endfacet
  facet normal 0 1 -0
    outer loop
      vertex 1.53558 -43.9732 0
      vertex -1.53558 -43.9732 400
      vertex 1.53558 -43.9732 400
    endloop
  endfacet
  facet normal 0 1 0
    outer loop
      vertex -1.53558 -43.9732 400
      vertex 1.53558 -43.9732 0
      vertex -1.53558 -43.9732 0
    endloop
  endfacet
  facet normal 0.984808 0.173648 0
    outer loop
      vertex -43.0385 -9.14811 400
      vertex -43.5718 -6.12362 0
      vertex -43.5718 -6.12362 400
    endloop
  endfacet
  facet normal 0.984808 0.173648 0
    outer loop
      vertex -43.5718 -6.12362 0
      vertex -43.0385 -9.14811 400
      vertex -43.0385 -9.14811 0
    endloop
  endfacet
  facet normal -0.275637 0.961262 0
    outer loop
      vertex 13.5967 -41.8465 0
      vertex 10.6446 -42.693 400
      vertex 13.5967 -41.8465 400
    endloop
  endfacet
  facet normal -0.275637 0.961262 0
    outer loop
      vertex 10.6446 -42.693 400
      vertex 13.5967 -41.8465 0
      vertex 10.6446 -42.693 0
    endloop
  endfacet
  facet normal -0.529902 -0.848059 0
    outer loop
      vertex 22 38.1051 0
      vertex 24.6045 36.4777 400
      vertex 22 38.1051 400
    endloop
  endfacet
  facet normal -0.529902 -0.848059 -0
    outer loop
      vertex 24.6045 36.4777 400
      vertex 22 38.1051 0
      vertex 24.6045 36.4777 0
    endloop
  endfacet
  facet normal -0.139198 0.990265 0
    outer loop
      vertex 7.64052 -43.3315 0
      vertex 4.59925 -43.759 400
      vertex 7.64052 -43.3315 400
    endloop
  endfacet
  facet normal -0.139198 0.990265 0
    outer loop
      vertex 4.59925 -43.759 400
      vertex 7.64052 -43.3315 0
      vertex 4.59925 -43.759 0
    endloop
  endfacet
  facet normal -0.694642 0.719355 0
    outer loop
      vertex 31.651 -30.565 0
      vertex 29.4417 -32.6984 400
      vertex 31.651 -30.565 400
    endloop
  endfacet
  facet normal -0.694642 0.719355 0
    outer loop
      vertex 29.4417 -32.6984 400
      vertex 31.651 -30.565 0
      vertex 29.4417 -32.6984 0
    endloop
  endfacet
  facet normal 0.951062 0.309 0
    outer loop
      vertex -41.3465 -15.0489 400
      vertex -42.2955 -12.128 0
      vertex -42.2955 -12.128 400
    endloop
  endfacet
  facet normal 0.951062 0.309 0
    outer loop
      vertex -42.2955 -12.128 0
      vertex -41.3465 -15.0489 400
      vertex -41.3465 -15.0489 0
    endloop
  endfacet
  facet normal -0.866022 -0.500005 0
    outer loop
      vertex 38.8497 20.6567 0
      vertex 37.3141 23.3164 400
      vertex 37.3141 23.3164 0
    endloop
  endfacet
  facet normal -0.866022 -0.500005 0
    outer loop
      vertex 37.3141 23.3164 400
      vertex 38.8497 20.6567 0
      vertex 38.8497 20.6567 400
    endloop
  endfacet
  facet normal -0.694642 -0.719355 0
    outer loop
      vertex 29.4417 32.6984 0
      vertex 31.651 30.565 400
      vertex 29.4417 32.6984 400
    endloop
  endfacet
  facet normal -0.694642 -0.719355 -0
    outer loop
      vertex 31.651 30.565 400
      vertex 29.4417 32.6984 0
      vertex 31.651 30.565 0
    endloop
  endfacet
  facet normal 0.999391 0.0349055 0
    outer loop
      vertex -43.8928 -3.06928 400
      vertex -44 0 0
      vertex -44 0 400
    endloop
  endfacet
  facet normal 0.999391 0.0349055 0
    outer loop
      vertex -44 0 0
      vertex -43.8928 -3.06928 400
      vertex -43.8928 -3.06928 0
    endloop
  endfacet
  facet normal -0.788025 0.615643 0
    outer loop
      vertex 33.706 -28.2827 0
      vertex 35.5967 -25.8626 400
      vertex 35.5967 -25.8626 0
    endloop
  endfacet
  facet normal -0.788025 0.615643 0
    outer loop
      vertex 35.5967 -25.8626 400
      vertex 33.706 -28.2827 0
      vertex 33.706 -28.2827 400
    endloop
  endfacet
  facet normal 0.743144 -0.669132 0
    outer loop
      vertex -33.706 28.2827 400
      vertex -31.651 30.565 0
      vertex -31.651 30.565 400
    endloop
  endfacet
  facet normal 0.743144 -0.669132 0
    outer loop
      vertex -31.651 30.565 0
      vertex -33.706 28.2827 400
      vertex -33.706 28.2827 0
    endloop
  endfacet
  facet normal 0.999391 -0.0349055 0
    outer loop
      vertex -44 0 400
      vertex -43.8928 3.06928 0
      vertex -43.8928 3.06928 400
    endloop
  endfacet
  facet normal 0.999391 -0.0349055 0
    outer loop
      vertex -43.8928 3.06928 0
      vertex -44 0 400
      vertex -44 0 0
    endloop
  endfacet
  facet normal 0.994523 -0.104521 0
    outer loop
      vertex -43.8928 3.06928 400
      vertex -43.5718 6.12362 0
      vertex -43.5718 6.12362 400
    endloop
  endfacet
  facet normal 0.994523 -0.104521 0
    outer loop
      vertex -43.5718 6.12362 0
      vertex -43.8928 3.06928 400
      vertex -43.8928 3.06928 0
    endloop
  endfacet
  facet normal 0.866022 0.500005 0
    outer loop
      vertex -37.3141 -23.3164 400
      vertex -38.8497 -20.6567 0
      vertex -38.8497 -20.6567 400
    endloop
  endfacet
  facet normal 0.866022 0.500005 0
    outer loop
      vertex -38.8497 -20.6567 0
      vertex -37.3141 -23.3164 400
      vertex -37.3141 -23.3164 0
    endloop
  endfacet
  facet normal 0.587792 -0.809012 0
    outer loop
      vertex -27.0891 34.6725 0
      vertex -24.6045 36.4777 400
      vertex -27.0891 34.6725 400
    endloop
  endfacet
  facet normal 0.587792 -0.809012 0
    outer loop
      vertex -24.6045 36.4777 400
      vertex -27.0891 34.6725 0
      vertex -24.6045 36.4777 0
    endloop
  endfacet
  facet normal 0.275637 -0.961262 0
    outer loop
      vertex -13.5967 41.8465 0
      vertex -10.6446 42.693 400
      vertex -13.5967 41.8465 400
    endloop
  endfacet
  facet normal 0.275637 -0.961262 0
    outer loop
      vertex -10.6446 42.693 400
      vertex -13.5967 41.8465 0
      vertex -10.6446 42.693 0
    endloop
  endfacet
  facet normal -0.0697459 -0.997565 0
    outer loop
      vertex 1.53558 43.9732 0
      vertex 4.59925 43.759 400
      vertex 1.53558 43.9732 400
    endloop
  endfacet
  facet normal -0.0697459 -0.997565 -0
    outer loop
      vertex 4.59925 43.759 400
      vertex 1.53558 43.9732 0
      vertex 4.59925 43.759 0
    endloop
  endfacet
  facet normal 0.994523 0.104521 0
    outer loop
      vertex -43.5718 -6.12362 400
      vertex -43.8928 -3.06928 0
      vertex -43.8928 -3.06928 400
    endloop
  endfacet
  facet normal 0.994523 0.104521 0
    outer loop
      vertex -43.8928 -3.06928 0
      vertex -43.5718 -6.12362 400
      vertex -43.5718 -6.12362 0
    endloop
  endfacet
  facet normal 0.92718 0.374616 0
    outer loop
      vertex -40.196 -17.8964 400
      vertex -41.3465 -15.0489 0
      vertex -41.3465 -15.0489 400
    endloop
  endfacet
  facet normal 0.92718 0.374616 0
    outer loop
      vertex -41.3465 -15.0489 0
      vertex -40.196 -17.8964 400
      vertex -40.196 -17.8964 0
    endloop
  endfacet
  facet normal 0.275637 0.961262 -0
    outer loop
      vertex -10.6446 -42.693 0
      vertex -13.5967 -41.8465 400
      vertex -10.6446 -42.693 400
    endloop
  endfacet
  facet normal 0.275637 0.961262 0
    outer loop
      vertex -13.5967 -41.8465 400
      vertex -10.6446 -42.693 0
      vertex -13.5967 -41.8465 0
    endloop
  endfacet
  facet normal -0.342015 -0.939695 0
    outer loop
      vertex 13.5967 41.8465 0
      vertex 16.4827 40.7961 400
      vertex 13.5967 41.8465 400
    endloop
  endfacet
  facet normal -0.342015 -0.939695 -0
    outer loop
      vertex 16.4827 40.7961 400
      vertex 13.5967 41.8465 0
      vertex 16.4827 40.7961 0
    endloop
  endfacet
  facet normal -0.469462 0.882953 0
    outer loop
      vertex 22 -38.1051 0
      vertex 19.2883 -39.5469 400
      vertex 22 -38.1051 400
    endloop
  endfacet
  facet normal -0.469462 0.882953 0
    outer loop
      vertex 19.2883 -39.5469 400
      vertex 22 -38.1051 0
      vertex 19.2883 -39.5469 0
    endloop
  endfacet
  facet normal -0.951062 -0.309 0
    outer loop
      vertex 42.2955 12.128 0
      vertex 41.3465 15.0489 400
      vertex 41.3465 15.0489 0
    endloop
  endfacet
  facet normal -0.951062 -0.309 0
    outer loop
      vertex 41.3465 15.0489 400
      vertex 42.2955 12.128 0
      vertex 42.2955 12.128 400
    endloop
  endfacet
  facet normal -0.139198 -0.990265 0
    outer loop
      vertex 4.59925 43.759 0
      vertex 7.64052 43.3315 400
      vertex 4.59925 43.759 400
    endloop
  endfacet
  facet normal -0.139198 -0.990265 -0
    outer loop
      vertex 7.64052 43.3315 400
      vertex 4.59925 43.759 0
      vertex 7.64052 43.3315 0
    endloop
  endfacet
  facet normal -0.2079 -0.97815 0
    outer loop
      vertex 7.64052 43.3315 0
      vertex 10.6446 42.693 400
      vertex 7.64052 43.3315 400
    endloop
  endfacet
  facet normal -0.2079 -0.97815 -0
    outer loop
      vertex 10.6446 42.693 400
      vertex 7.64052 43.3315 0
      vertex 10.6446 42.693 0
    endloop
  endfacet
  facet normal 0.829043 -0.559185 0
    outer loop
      vertex -37.3141 23.3164 400
      vertex -35.5967 25.8626 0
      vertex -35.5967 25.8626 400
    endloop
  endfacet
  facet normal 0.829043 -0.559185 0
    outer loop
      vertex -35.5967 25.8626 0
      vertex -37.3141 23.3164 400
      vertex -37.3141 23.3164 0
    endloop
  endfacet
  facet normal 0.529902 -0.848059 0
    outer loop
      vertex -24.6045 36.4777 0
      vertex -22 38.1051 400
      vertex -24.6045 36.4777 400
    endloop
  endfacet
  facet normal 0.529902 -0.848059 0
    outer loop
      vertex -22 38.1051 400
      vertex -24.6045 36.4777 0
      vertex -22 38.1051 0
    endloop
  endfacet
  facet normal -0.275637 -0.961262 0
    outer loop
      vertex 10.6446 42.693 0
      vertex 13.5967 41.8465 400
      vertex 10.6446 42.693 400
    endloop
  endfacet
  facet normal -0.275637 -0.961262 -0
    outer loop
      vertex 13.5967 41.8465 400
      vertex 10.6446 42.693 0
      vertex 13.5967 41.8465 0
    endloop
  endfacet
  facet normal -0.788025 -0.615643 0
    outer loop
      vertex 35.5967 25.8626 0
      vertex 33.706 28.2827 400
      vertex 33.706 28.2827 0
    endloop
  endfacet
  facet normal -0.788025 -0.615643 0
    outer loop
      vertex 33.706 28.2827 400
      vertex 35.5967 25.8626 0
      vertex 35.5967 25.8626 400
    endloop
  endfacet
  facet normal 0.469462 0.882953 -0
    outer loop
      vertex -19.2883 -39.5469 0
      vertex -22 -38.1051 400
      vertex -19.2883 -39.5469 400
    endloop
  endfacet
  facet normal 0.469462 0.882953 0
    outer loop
      vertex -22 -38.1051 400
      vertex -19.2883 -39.5469 0
      vertex -22 -38.1051 0
    endloop
  endfacet
  facet normal 0.898793 -0.438374 0
    outer loop
      vertex -40.196 17.8964 400
      vertex -38.8497 20.6567 0
      vertex -38.8497 20.6567 400
    endloop
  endfacet
  facet normal 0.898793 -0.438374 0
    outer loop
      vertex -38.8497 20.6567 0
      vertex -40.196 17.8964 400
      vertex -40.196 17.8964 0
    endloop
  endfacet
  facet normal 0.529902 0.848059 -0
    outer loop
      vertex -22 -38.1051 0
      vertex -24.6045 -36.4777 400
      vertex -22 -38.1051 400
    endloop
  endfacet
  facet normal 0.529902 0.848059 0
    outer loop
      vertex -24.6045 -36.4777 400
      vertex -22 -38.1051 0
      vertex -24.6045 -36.4777 0
    endloop
  endfacet
  facet normal 0.529919 -0.848049 0
    outer loop
      vertex 24.85 -43.0415 -20
      vertex 27.7919 -41.2032 0
      vertex 24.85 -43.0415 0
    endloop
  endfacet
  facet normal 0.529919 -0.848049 0
    outer loop
      vertex 27.7919 -41.2032 0
      vertex 24.85 -43.0415 -20
      vertex 27.7919 -41.2032 -20
    endloop
  endfacet
  facet normal 0.994522 0.104526 0
    outer loop
      vertex 49.5789 3.4669 0
      vertex 49.2163 6.9169 -20
      vertex 49.2163 6.9169 0
    endloop
  endfacet
  facet normal 0.994522 0.104526 0
    outer loop
      vertex 49.2163 6.9169 -20
      vertex 49.5789 3.4669 0
      vertex 49.5789 3.4669 -20
    endloop
  endfacet
  facet normal 0.99939 0.0349091 0
    outer loop
      vertex 49.7 0 0
      vertex 49.5789 3.4669 -20
      vertex 49.5789 3.4669 0
    endloop
  endfacet
  facet normal 0.99939 0.0349091 0
    outer loop
      vertex 49.5789 3.4669 -20
      vertex 49.7 0 0
      vertex 49.7 0 -20
    endloop
  endfacet
  facet normal -0.86603 -0.499993 0
    outer loop
      vertex -42.148 -26.337 -20
      vertex -43.8825 -23.3327 0
      vertex -43.8825 -23.3327 -20
    endloop
  endfacet
  facet normal -0.86603 -0.499993 0
    outer loop
      vertex -43.8825 -23.3327 0
      vertex -42.148 -26.337 -20
      vertex -42.148 -26.337 0
    endloop
  endfacet
  facet normal 0.788014 0.615657 0
    outer loop
      vertex 40.2081 29.2129 0
      vertex 38.0724 31.9465 -20
      vertex 38.0724 31.9465 0
    endloop
  endfacet
  facet normal 0.788014 0.615657 0
    outer loop
      vertex 38.0724 31.9465 -20
      vertex 40.2081 29.2129 0
      vertex 40.2081 29.2129 -20
    endloop
  endfacet
  facet normal -0.139175 0.990268 0
    outer loop
      vertex -5.19506 49.4277 -20
      vertex -8.63031 48.9449 0
      vertex -5.19506 49.4277 0
    endloop
  endfacet
  facet normal -0.139175 0.990268 0
    outer loop
      vertex -8.63031 48.9449 0
      vertex -5.19506 49.4277 -20
      vertex -8.63031 48.9449 -20
    endloop
  endfacet
  facet normal -0.0697605 0.997564 0
    outer loop
      vertex -1.7345 49.6697 -20
      vertex -5.19506 49.4277 0
      vertex -1.7345 49.6697 0
    endloop
  endfacet
  facet normal -0.0697605 0.997564 0
    outer loop
      vertex -5.19506 49.4277 0
      vertex -1.7345 49.6697 -20
      vertex -5.19506 49.4277 -20
    endloop
  endfacet
  facet normal 0.829027 0.559209 0
    outer loop
      vertex 42.148 26.337 0
      vertex 40.2081 29.2129 -20
      vertex 40.2081 29.2129 0
    endloop
  endfacet
  facet normal 0.829027 0.559209 0
    outer loop
      vertex 40.2081 29.2129 -20
      vertex 42.148 26.337 0
      vertex 42.148 26.337 -20
    endloop
  endfacet
  facet normal 0.99939 -0.0349091 0
    outer loop
      vertex 49.5789 -3.4669 0
      vertex 49.7 0 -20
      vertex 49.7 0 0
    endloop
  endfacet
  facet normal 0.99939 -0.0349091 0
    outer loop
      vertex 49.7 0 -20
      vertex 49.5789 -3.4669 0
      vertex 49.5789 -3.4669 -20
    endloop
  endfacet
  facet normal 0.207899 -0.97815 0
    outer loop
      vertex 8.63031 -48.9449 -20
      vertex 12.0235 -48.2237 0
      vertex 8.63031 -48.9449 0
    endloop
  endfacet
  facet normal 0.207899 -0.97815 0
    outer loop
      vertex 12.0235 -48.2237 0
      vertex 8.63031 -48.9449 -20
      vertex 12.0235 -48.2237 -20
    endloop
  endfacet
  facet normal 0.342028 0.93969 -0
    outer loop
      vertex 18.6179 46.081 -20
      vertex 15.3581 47.2675 0
      vertex 18.6179 46.081 0
    endloop
  endfacet
  facet normal 0.342028 0.93969 0
    outer loop
      vertex 15.3581 47.2675 0
      vertex 18.6179 46.081 -20
      vertex 15.3581 47.2675 -20
    endloop
  endfacet
  facet normal 0.927185 -0.374604 0
    outer loop
      vertex 45.4032 -20.2148 0
      vertex 46.7027 -16.9984 -20
      vertex 46.7027 -16.9984 0
    endloop
  endfacet
  facet normal 0.927185 -0.374604 0
    outer loop
      vertex 46.7027 -16.9984 -20
      vertex 45.4032 -20.2148 0
      vertex 45.4032 -20.2148 -20
    endloop
  endfacet
  facet normal 0.86603 -0.499993 0
    outer loop
      vertex 42.148 -26.337 0
      vertex 43.8825 -23.3327 -20
      vertex 43.8825 -23.3327 0
    endloop
  endfacet
  facet normal 0.86603 -0.499993 0
    outer loop
      vertex 43.8825 -23.3327 -20
      vertex 42.148 -26.337 0
      vertex 42.148 -26.337 -20
    endloop
  endfacet
  facet normal 0.139175 0.990268 -0
    outer loop
      vertex 8.63031 48.9449 -20
      vertex 5.19506 49.4277 0
      vertex 8.63031 48.9449 0
    endloop
  endfacet
  facet normal 0.139175 0.990268 0
    outer loop
      vertex 5.19506 49.4277 0
      vertex 8.63031 48.9449 -20
      vertex 5.19506 49.4277 -20
    endloop
  endfacet
  facet normal 0.788014 -0.615657 0
    outer loop
      vertex 38.0724 -31.9465 0
      vertex 40.2081 -29.2129 -20
      vertex 40.2081 -29.2129 0
    endloop
  endfacet
  facet normal 0.788014 -0.615657 0
    outer loop
      vertex 40.2081 -29.2129 -20
      vertex 38.0724 -31.9465 0
      vertex 38.0724 -31.9465 -20
    endloop
  endfacet
  facet normal 0.994522 -0.104526 0
    outer loop
      vertex 49.2163 -6.9169 0
      vertex 49.5789 -3.4669 -20
      vertex 49.5789 -3.4669 0
    endloop
  endfacet
  facet normal 0.994522 -0.104526 0
    outer loop
      vertex 49.5789 -3.4669 -20
      vertex 49.2163 -6.9169 0
      vertex 49.2163 -6.9169 -20
    endloop
  endfacet
  facet normal -0.406719 -0.913553 0
    outer loop
      vertex -21.787 -44.6701 -20
      vertex -18.6179 -46.081 0
      vertex -21.787 -44.6701 0
    endloop
  endfacet
  facet normal -0.406719 -0.913553 -0
    outer loop
      vertex -18.6179 -46.081 0
      vertex -21.787 -44.6701 -20
      vertex -18.6179 -46.081 -20
    endloop
  endfacet
  facet normal -0.0697605 -0.997564 0
    outer loop
      vertex -5.19506 -49.4277 -20
      vertex -1.7345 -49.6697 0
      vertex -5.19506 -49.4277 0
    endloop
  endfacet
  facet normal -0.0697605 -0.997564 -0
    outer loop
      vertex -1.7345 -49.6697 0
      vertex -5.19506 -49.4277 -20
      vertex -1.7345 -49.6697 -20
    endloop
  endfacet
  facet normal -0.99939 -0.0349091 0
    outer loop
      vertex -49.5789 -3.4669 -20
      vertex -49.7 0 0
      vertex -49.7 0 -20
    endloop
  endfacet
  facet normal -0.99939 -0.0349091 0
    outer loop
      vertex -49.7 0 0
      vertex -49.5789 -3.4669 -20
      vertex -49.5789 -3.4669 0
    endloop
  endfacet
  facet normal 0.951054 0.309023 0
    outer loop
      vertex 47.7747 13.6992 0
      vertex 46.7027 16.9984 -20
      vertex 46.7027 16.9984 0
    endloop
  endfacet
  facet normal 0.951054 0.309023 0
    outer loop
      vertex 46.7027 16.9984 -20
      vertex 47.7747 13.6992 0
      vertex 47.7747 13.6992 -20
    endloop
  endfacet
  facet normal -0.342028 0.93969 0
    outer loop
      vertex -15.3581 47.2675 -20
      vertex -18.6179 46.081 0
      vertex -15.3581 47.2675 0
    endloop
  endfacet
  facet normal -0.342028 0.93969 0
    outer loop
      vertex -18.6179 46.081 0
      vertex -15.3581 47.2675 -20
      vertex -18.6179 46.081 -20
    endloop
  endfacet
  facet normal -0.970298 0.241912 0
    outer loop
      vertex -48.6139 10.3332 -20
      vertex -47.7747 13.6992 0
      vertex -47.7747 13.6992 -20
    endloop
  endfacet
  facet normal -0.970298 0.241912 0
    outer loop
      vertex -47.7747 13.6992 0
      vertex -48.6139 10.3332 -20
      vertex -48.6139 10.3332 0
    endloop
  endfacet
  facet normal -0.951054 0.309023 0
    outer loop
      vertex -47.7747 13.6992 -20
      vertex -46.7027 16.9984 0
      vertex -46.7027 16.9984 -20
    endloop
  endfacet
  facet normal -0.951054 0.309023 0
    outer loop
      vertex -46.7027 16.9984 0
      vertex -47.7747 13.6992 -20
      vertex -47.7747 13.6992 0
    endloop
  endfacet
  facet normal -0.788014 0.615657 0
    outer loop
      vertex -40.2081 29.2129 -20
      vertex -38.0724 31.9465 0
      vertex -38.0724 31.9465 -20
    endloop
  endfacet
  facet normal -0.788014 0.615657 0
    outer loop
      vertex -38.0724 31.9465 0
      vertex -40.2081 29.2129 -20
      vertex -40.2081 29.2129 0
    endloop
  endfacet
  facet normal 0.406719 0.913553 -0
    outer loop
      vertex 21.787 44.6701 -20
      vertex 18.6179 46.081 0
      vertex 21.787 44.6701 0
    endloop
  endfacet
  facet normal 0.406719 0.913553 0
    outer loop
      vertex 18.6179 46.081 0
      vertex 21.787 44.6701 -20
      vertex 18.6179 46.081 -20
    endloop
  endfacet
  facet normal 0.743151 0.669124 0
    outer loop
      vertex 38.0724 31.9465 0
      vertex 35.7512 34.5245 -20
      vertex 35.7512 34.5245 0
    endloop
  endfacet
  facet normal 0.743151 0.669124 0
    outer loop
      vertex 35.7512 34.5245 -20
      vertex 38.0724 31.9465 0
      vertex 38.0724 31.9465 -20
    endloop
  endfacet
  facet normal 0.898794 0.438371 0
    outer loop
      vertex 45.4032 20.2148 0
      vertex 43.8825 23.3327 -20
      vertex 43.8825 23.3327 0
    endloop
  endfacet
  facet normal 0.898794 0.438371 0
    outer loop
      vertex 43.8825 23.3327 -20
      vertex 45.4032 20.2148 0
      vertex 45.4032 20.2148 -20
    endloop
  endfacet
  facet normal 0.642784 0.766048 -0
    outer loop
      vertex 33.2558 36.9343 -20
      vertex 30.5984 39.1641 0
      vertex 33.2558 36.9343 0
    endloop
  endfacet
  facet normal 0.642784 0.766048 0
    outer loop
      vertex 30.5984 39.1641 0
      vertex 33.2558 36.9343 -20
      vertex 30.5984 39.1641 -20
    endloop
  endfacet
  facet normal 0.0697605 0.997564 -0
    outer loop
      vertex 5.19506 49.4277 -20
      vertex 1.7345 49.6697 0
      vertex 5.19506 49.4277 0
    endloop
  endfacet
  facet normal 0.0697605 0.997564 0
    outer loop
      vertex 1.7345 49.6697 0
      vertex 5.19506 49.4277 -20
      vertex 1.7345 49.6697 -20
    endloop
  endfacet
  facet normal -0.984807 0.173652 0
    outer loop
      vertex -49.2163 6.9169 -20
      vertex -48.6139 10.3332 0
      vertex -48.6139 10.3332 -20
    endloop
  endfacet
  facet normal -0.984807 0.173652 0
    outer loop
      vertex -48.6139 10.3332 0
      vertex -49.2163 6.9169 -20
      vertex -49.2163 6.9169 0
    endloop
  endfacet
  facet normal 0.529919 0.848049 -0
    outer loop
      vertex 27.7919 41.2032 -20
      vertex 24.85 43.0415 0
      vertex 27.7919 41.2032 0
    endloop
  endfacet
  facet normal 0.529919 0.848049 0
    outer loop
      vertex 24.85 43.0415 0
      vertex 27.7919 41.2032 -20
      vertex 24.85 43.0415 -20
    endloop
  endfacet
  facet normal 0.0697605 -0.997564 0
    outer loop
      vertex 1.7345 -49.6697 -20
      vertex 5.19506 -49.4277 0
      vertex 1.7345 -49.6697 0
    endloop
  endfacet
  facet normal 0.0697605 -0.997564 0
    outer loop
      vertex 5.19506 -49.4277 0
      vertex 1.7345 -49.6697 -20
      vertex 5.19506 -49.4277 -20
    endloop
  endfacet
  facet normal 0.406719 -0.913553 0
    outer loop
      vertex 18.6179 -46.081 -20
      vertex 21.787 -44.6701 0
      vertex 18.6179 -46.081 0
    endloop
  endfacet
  facet normal 0.406719 -0.913553 0
    outer loop
      vertex 21.787 -44.6701 0
      vertex 18.6179 -46.081 -20
      vertex 21.787 -44.6701 -20
    endloop
  endfacet
  facet normal 0.587796 0.809009 -0
    outer loop
      vertex 30.5984 39.1641 -20
      vertex 27.7919 41.2032 0
      vertex 30.5984 39.1641 0
    endloop
  endfacet
  facet normal 0.587796 0.809009 0
    outer loop
      vertex 27.7919 41.2032 0
      vertex 30.5984 39.1641 -20
      vertex 27.7919 41.2032 -20
    endloop
  endfacet
  facet normal -0.469466 0.882951 0
    outer loop
      vertex -21.787 44.6701 -20
      vertex -24.85 43.0415 0
      vertex -21.787 44.6701 0
    endloop
  endfacet
  facet normal -0.469466 0.882951 0
    outer loop
      vertex -24.85 43.0415 0
      vertex -21.787 44.6701 -20
      vertex -24.85 43.0415 -20
    endloop
  endfacet
  facet normal 0.694661 0.719337 -0
    outer loop
      vertex 35.7512 34.5245 -20
      vertex 33.2558 36.9343 0
      vertex 35.7512 34.5245 0
    endloop
  endfacet
  facet normal 0.694661 0.719337 0
    outer loop
      vertex 33.2558 36.9343 0
      vertex 35.7512 34.5245 -20
      vertex 33.2558 36.9343 -20
    endloop
  endfacet
  facet normal -0.994522 -0.104526 0
    outer loop
      vertex -49.2163 -6.9169 -20
      vertex -49.5789 -3.4669 0
      vertex -49.5789 -3.4669 -20
    endloop
  endfacet
  facet normal -0.994522 -0.104526 0
    outer loop
      vertex -49.5789 -3.4669 0
      vertex -49.2163 -6.9169 -20
      vertex -49.2163 -6.9169 0
    endloop
  endfacet
  facet normal -0.275642 -0.96126 0
    outer loop
      vertex -15.3581 -47.2675 -20
      vertex -12.0235 -48.2237 0
      vertex -15.3581 -47.2675 0
    endloop
  endfacet
  facet normal -0.275642 -0.96126 -0
    outer loop
      vertex -12.0235 -48.2237 0
      vertex -15.3581 -47.2675 -20
      vertex -12.0235 -48.2237 -20
    endloop
  endfacet
  facet normal 0.970298 -0.241912 0
    outer loop
      vertex 47.7747 -13.6992 0
      vertex 48.6139 -10.3332 -20
      vertex 48.6139 -10.3332 0
    endloop
  endfacet
  facet normal 0.970298 -0.241912 0
    outer loop
      vertex 48.6139 -10.3332 -20
      vertex 47.7747 -13.6992 0
      vertex 47.7747 -13.6992 -20
    endloop
  endfacet
  facet normal 0.829027 -0.559209 0
    outer loop
      vertex 40.2081 -29.2129 0
      vertex 42.148 -26.337 -20
      vertex 42.148 -26.337 0
    endloop
  endfacet
  facet normal 0.829027 -0.559209 0
    outer loop
      vertex 42.148 -26.337 -20
      vertex 40.2081 -29.2129 0
      vertex 40.2081 -29.2129 -20
    endloop
  endfacet
  facet normal -0.207899 -0.97815 0
    outer loop
      vertex -12.0235 -48.2237 -20
      vertex -8.63031 -48.9449 0
      vertex -12.0235 -48.2237 0
    endloop
  endfacet
  facet normal -0.207899 -0.97815 -0
    outer loop
      vertex -8.63031 -48.9449 0
      vertex -12.0235 -48.2237 -20
      vertex -8.63031 -48.9449 -20
    endloop
  endfacet
  facet normal -0.406719 0.913553 0
    outer loop
      vertex -18.6179 46.081 -20
      vertex -21.787 44.6701 0
      vertex -18.6179 46.081 0
    endloop
  endfacet
  facet normal -0.406719 0.913553 0
    outer loop
      vertex -21.787 44.6701 0
      vertex -18.6179 46.081 -20
      vertex -21.787 44.6701 -20
    endloop
  endfacet
  facet normal -0.529919 0.848049 0
    outer loop
      vertex -24.85 43.0415 -20
      vertex -27.7919 41.2032 0
      vertex -24.85 43.0415 0
    endloop
  endfacet
  facet normal -0.529919 0.848049 0
    outer loop
      vertex -27.7919 41.2032 0
      vertex -24.85 43.0415 -20
      vertex -27.7919 41.2032 -20
    endloop
  endfacet
  facet normal 0.86603 0.499993 0
    outer loop
      vertex 43.8825 23.3327 0
      vertex 42.148 26.337 -20
      vertex 42.148 26.337 0
    endloop
  endfacet
  facet normal 0.86603 0.499993 0
    outer loop
      vertex 42.148 26.337 -20
      vertex 43.8825 23.3327 0
      vertex 43.8825 23.3327 -20
    endloop
  endfacet
  facet normal 0.898794 -0.438371 0
    outer loop
      vertex 43.8825 -23.3327 0
      vertex 45.4032 -20.2148 -20
      vertex 45.4032 -20.2148 0
    endloop
  endfacet
  facet normal 0.898794 -0.438371 0
    outer loop
      vertex 45.4032 -20.2148 -20
      vertex 43.8825 -23.3327 0
      vertex 43.8825 -23.3327 -20
    endloop
  endfacet
  facet normal 0.970298 0.241912 0
    outer loop
      vertex 48.6139 10.3332 0
      vertex 47.7747 13.6992 -20
      vertex 47.7747 13.6992 0
    endloop
  endfacet
  facet normal 0.970298 0.241912 0
    outer loop
      vertex 47.7747 13.6992 -20
      vertex 48.6139 10.3332 0
      vertex 48.6139 10.3332 -20
    endloop
  endfacet
  facet normal -0.587796 0.809009 0
    outer loop
      vertex -27.7919 41.2032 -20
      vertex -30.5984 39.1641 0
      vertex -27.7919 41.2032 0
    endloop
  endfacet
  facet normal -0.587796 0.809009 0
    outer loop
      vertex -30.5984 39.1641 0
      vertex -27.7919 41.2032 -20
      vertex -30.5984 39.1641 -20
    endloop
  endfacet
  facet normal -0.970298 -0.241912 0
    outer loop
      vertex -47.7747 -13.6992 -20
      vertex -48.6139 -10.3332 0
      vertex -48.6139 -10.3332 -20
    endloop
  endfacet
  facet normal -0.970298 -0.241912 0
    outer loop
      vertex -48.6139 -10.3332 0
      vertex -47.7747 -13.6992 -20
      vertex -47.7747 -13.6992 0
    endloop
  endfacet
  facet normal 0.984807 0.173652 0
    outer loop
      vertex 49.2163 6.9169 0
      vertex 48.6139 10.3332 -20
      vertex 48.6139 10.3332 0
    endloop
  endfacet
  facet normal 0.984807 0.173652 0
    outer loop
      vertex 48.6139 10.3332 -20
      vertex 49.2163 6.9169 0
      vertex 49.2163 6.9169 -20
    endloop
  endfacet
  facet normal -0.342028 -0.93969 0
    outer loop
      vertex -18.6179 -46.081 -20
      vertex -15.3581 -47.2675 0
      vertex -18.6179 -46.081 0
    endloop
  endfacet
  facet normal -0.342028 -0.93969 -0
    outer loop
      vertex -15.3581 -47.2675 0
      vertex -18.6179 -46.081 -20
      vertex -15.3581 -47.2675 -20
    endloop
  endfacet
  facet normal 0.469466 0.882951 -0
    outer loop
      vertex 24.85 43.0415 -20
      vertex 21.787 44.6701 0
      vertex 24.85 43.0415 0
    endloop
  endfacet
  facet normal 0.469466 0.882951 0
    outer loop
      vertex 21.787 44.6701 0
      vertex 24.85 43.0415 -20
      vertex 21.787 44.6701 -20
    endloop
  endfacet
  facet normal -0.898794 0.438371 0
    outer loop
      vertex -45.4032 20.2148 -20
      vertex -43.8825 23.3327 0
      vertex -43.8825 23.3327 -20
    endloop
  endfacet
  facet normal -0.898794 0.438371 0
    outer loop
      vertex -43.8825 23.3327 0
      vertex -45.4032 20.2148 -20
      vertex -45.4032 20.2148 0
    endloop
  endfacet
  facet normal -0.86603 0.499993 0
    outer loop
      vertex -43.8825 23.3327 -20
      vertex -42.148 26.337 0
      vertex -42.148 26.337 -20
    endloop
  endfacet
  facet normal -0.86603 0.499993 0
    outer loop
      vertex -42.148 26.337 0
      vertex -43.8825 23.3327 -20
      vertex -43.8825 23.3327 0
    endloop
  endfacet
  facet normal -0.694661 -0.719337 0
    outer loop
      vertex -35.7512 -34.5245 -20
      vertex -33.2558 -36.9343 0
      vertex -35.7512 -34.5245 0
    endloop
  endfacet
  facet normal -0.694661 -0.719337 -0
    outer loop
      vertex -33.2558 -36.9343 0
      vertex -35.7512 -34.5245 -20
      vertex -33.2558 -36.9343 -20
    endloop
  endfacet
  facet normal -0.743151 -0.669124 0
    outer loop
      vertex -35.7512 -34.5245 -20
      vertex -38.0724 -31.9465 0
      vertex -38.0724 -31.9465 -20
    endloop
  endfacet
  facet normal -0.743151 -0.669124 0
    outer loop
      vertex -38.0724 -31.9465 0
      vertex -35.7512 -34.5245 -20
      vertex -35.7512 -34.5245 0
    endloop
  endfacet
  facet normal -0.788014 -0.615657 0
    outer loop
      vertex -38.0724 -31.9465 -20
      vertex -40.2081 -29.2129 0
      vertex -40.2081 -29.2129 -20
    endloop
  endfacet
  facet normal -0.788014 -0.615657 0
    outer loop
      vertex -40.2081 -29.2129 0
      vertex -38.0724 -31.9465 -20
      vertex -38.0724 -31.9465 0
    endloop
  endfacet
  facet normal -0.743151 0.669124 0
    outer loop
      vertex -38.0724 31.9465 -20
      vertex -35.7512 34.5245 0
      vertex -35.7512 34.5245 -20
    endloop
  endfacet
  facet normal -0.743151 0.669124 0
    outer loop
      vertex -35.7512 34.5245 0
      vertex -38.0724 31.9465 -20
      vertex -38.0724 31.9465 0
    endloop
  endfacet
  facet normal -0.642784 0.766048 0
    outer loop
      vertex -30.5984 39.1641 -20
      vertex -33.2558 36.9343 0
      vertex -30.5984 39.1641 0
    endloop
  endfacet
  facet normal -0.642784 0.766048 0
    outer loop
      vertex -33.2558 36.9343 0
      vertex -30.5984 39.1641 -20
      vertex -33.2558 36.9343 -20
    endloop
  endfacet
  facet normal 0 -1 0
    outer loop
      vertex -1.7345 -49.6697 -20
      vertex 1.7345 -49.6697 0
      vertex -1.7345 -49.6697 0
    endloop
  endfacet
  facet normal 0 -1 -0
    outer loop
      vertex 1.7345 -49.6697 0
      vertex -1.7345 -49.6697 -20
      vertex 1.7345 -49.6697 -20
    endloop
  endfacet
  facet normal -0.951054 -0.309023 0
    outer loop
      vertex -46.7027 -16.9984 -20
      vertex -47.7747 -13.6992 0
      vertex -47.7747 -13.6992 -20
    endloop
  endfacet
  facet normal -0.951054 -0.309023 0
    outer loop
      vertex -47.7747 -13.6992 0
      vertex -46.7027 -16.9984 -20
      vertex -46.7027 -16.9984 0
    endloop
  endfacet
  facet normal 0.984807 -0.173652 0
    outer loop
      vertex 48.6139 -10.3332 0
      vertex 49.2163 -6.9169 -20
      vertex 49.2163 -6.9169 0
    endloop
  endfacet
  facet normal 0.984807 -0.173652 0
    outer loop
      vertex 49.2163 -6.9169 -20
      vertex 48.6139 -10.3332 0
      vertex 48.6139 -10.3332 -20
    endloop
  endfacet
  facet normal -0.529919 -0.848049 0
    outer loop
      vertex -27.7919 -41.2032 -20
      vertex -24.85 -43.0415 0
      vertex -27.7919 -41.2032 0
    endloop
  endfacet
  facet normal -0.529919 -0.848049 -0
    outer loop
      vertex -24.85 -43.0415 0
      vertex -27.7919 -41.2032 -20
      vertex -24.85 -43.0415 -20
    endloop
  endfacet
  facet normal -0.207899 0.97815 0
    outer loop
      vertex -8.63031 48.9449 -20
      vertex -12.0235 48.2237 0
      vertex -8.63031 48.9449 0
    endloop
  endfacet
  facet normal -0.207899 0.97815 0
    outer loop
      vertex -12.0235 48.2237 0
      vertex -8.63031 48.9449 -20
      vertex -12.0235 48.2237 -20
    endloop
  endfacet
  facet normal 0.642784 -0.766048 0
    outer loop
      vertex 30.5984 -39.1641 -20
      vertex 33.2558 -36.9343 0
      vertex 30.5984 -39.1641 0
    endloop
  endfacet
  facet normal 0.642784 -0.766048 0
    outer loop
      vertex 33.2558 -36.9343 0
      vertex 30.5984 -39.1641 -20
      vertex 33.2558 -36.9343 -20
    endloop
  endfacet
  facet normal 0.275642 0.96126 -0
    outer loop
      vertex 15.3581 47.2675 -20
      vertex 12.0235 48.2237 0
      vertex 15.3581 47.2675 0
    endloop
  endfacet
  facet normal 0.275642 0.96126 0
    outer loop
      vertex 12.0235 48.2237 0
      vertex 15.3581 47.2675 -20
      vertex 12.0235 48.2237 -20
    endloop
  endfacet
  facet normal 0.927185 0.374604 0
    outer loop
      vertex 46.7027 16.9984 0
      vertex 45.4032 20.2148 -20
      vertex 45.4032 20.2148 0
    endloop
  endfacet
  facet normal 0.927185 0.374604 0
    outer loop
      vertex 45.4032 20.2148 -20
      vertex 46.7027 16.9984 0
      vertex 46.7027 16.9984 -20
    endloop
  endfacet
  facet normal 0 1 -0
    outer loop
      vertex 1.7345 49.6697 -20
      vertex -1.7345 49.6697 0
      vertex 1.7345 49.6697 0
    endloop
  endfacet
  facet normal 0 1 0
    outer loop
      vertex -1.7345 49.6697 0
      vertex 1.7345 49.6697 -20
      vertex -1.7345 49.6697 -20
    endloop
  endfacet
  facet normal -0.984807 -0.173652 0
    outer loop
      vertex -48.6139 -10.3332 -20
      vertex -49.2163 -6.9169 0
      vertex -49.2163 -6.9169 -20
    endloop
  endfacet
  facet normal -0.984807 -0.173652 0
    outer loop
      vertex -49.2163 -6.9169 0
      vertex -48.6139 -10.3332 -20
      vertex -48.6139 -10.3332 0
    endloop
  endfacet
  facet normal 0.587796 -0.809009 0
    outer loop
      vertex 27.7919 -41.2032 -20
      vertex 30.5984 -39.1641 0
      vertex 27.7919 -41.2032 0
    endloop
  endfacet
  facet normal 0.587796 -0.809009 0
    outer loop
      vertex 30.5984 -39.1641 0
      vertex 27.7919 -41.2032 -20
      vertex 30.5984 -39.1641 -20
    endloop
  endfacet
  facet normal -0.927185 0.374604 0
    outer loop
      vertex -46.7027 16.9984 -20
      vertex -45.4032 20.2148 0
      vertex -45.4032 20.2148 -20
    endloop
  endfacet
  facet normal -0.927185 0.374604 0
    outer loop
      vertex -45.4032 20.2148 0
      vertex -46.7027 16.9984 -20
      vertex -46.7027 16.9984 0
    endloop
  endfacet
  facet normal -0.898794 -0.438371 0
    outer loop
      vertex -43.8825 -23.3327 -20
      vertex -45.4032 -20.2148 0
      vertex -45.4032 -20.2148 -20
    endloop
  endfacet
  facet normal -0.898794 -0.438371 0
    outer loop
      vertex -45.4032 -20.2148 0
      vertex -43.8825 -23.3327 -20
      vertex -43.8825 -23.3327 0
    endloop
  endfacet
  facet normal -0.642784 -0.766048 0
    outer loop
      vertex -33.2558 -36.9343 -20
      vertex -30.5984 -39.1641 0
      vertex -33.2558 -36.9343 0
    endloop
  endfacet
  facet normal -0.642784 -0.766048 -0
    outer loop
      vertex -30.5984 -39.1641 0
      vertex -33.2558 -36.9343 -20
      vertex -30.5984 -39.1641 -20
    endloop
  endfacet
  facet normal -0.139175 -0.990268 0
    outer loop
      vertex -8.63031 -48.9449 -20
      vertex -5.19506 -49.4277 0
      vertex -8.63031 -48.9449 0
    endloop
  endfacet
  facet normal -0.139175 -0.990268 -0
    outer loop
      vertex -5.19506 -49.4277 0
      vertex -8.63031 -48.9449 -20
      vertex -5.19506 -49.4277 -20
    endloop
  endfacet
  facet normal -0.829027 0.559209 0
    outer loop
      vertex -42.148 26.337 -20
      vertex -40.2081 29.2129 0
      vertex -40.2081 29.2129 -20
    endloop
  endfacet
  facet normal -0.829027 0.559209 0
    outer loop
      vertex -40.2081 29.2129 0
      vertex -42.148 26.337 -20
      vertex -42.148 26.337 0
    endloop
  endfacet
  facet normal -0.275642 0.96126 0
    outer loop
      vertex -12.0235 48.2237 -20
      vertex -15.3581 47.2675 0
      vertex -12.0235 48.2237 0
    endloop
  endfacet
  facet normal -0.275642 0.96126 0
    outer loop
      vertex -15.3581 47.2675 0
      vertex -12.0235 48.2237 -20
      vertex -15.3581 47.2675 -20
    endloop
  endfacet
  facet normal -0.694661 0.719337 0
    outer loop
      vertex -33.2558 36.9343 -20
      vertex -35.7512 34.5245 0
      vertex -33.2558 36.9343 0
    endloop
  endfacet
  facet normal -0.694661 0.719337 0
    outer loop
      vertex -35.7512 34.5245 0
      vertex -33.2558 36.9343 -20
      vertex -35.7512 34.5245 -20
    endloop
  endfacet
  facet normal -0.587796 -0.809009 0
    outer loop
      vertex -30.5984 -39.1641 -20
      vertex -27.7919 -41.2032 0
      vertex -30.5984 -39.1641 0
    endloop
  endfacet
  facet normal -0.587796 -0.809009 -0
    outer loop
      vertex -27.7919 -41.2032 0
      vertex -30.5984 -39.1641 -20
      vertex -27.7919 -41.2032 -20
    endloop
  endfacet
  facet normal 0.469466 -0.882951 0
    outer loop
      vertex 21.787 -44.6701 -20
      vertex 24.85 -43.0415 0
      vertex 21.787 -44.6701 0
    endloop
  endfacet
  facet normal 0.469466 -0.882951 0
    outer loop
      vertex 24.85 -43.0415 0
      vertex 21.787 -44.6701 -20
      vertex 24.85 -43.0415 -20
    endloop
  endfacet
  facet normal -0.469466 -0.882951 0
    outer loop
      vertex -24.85 -43.0415 -20
      vertex -21.787 -44.6701 0
      vertex -24.85 -43.0415 0
    endloop
  endfacet
  facet normal -0.469466 -0.882951 -0
    outer loop
      vertex -21.787 -44.6701 0
      vertex -24.85 -43.0415 -20
      vertex -21.787 -44.6701 -20
    endloop
  endfacet
  facet normal -0.829027 -0.559209 0
    outer loop
      vertex -40.2081 -29.2129 -20
      vertex -42.148 -26.337 0
      vertex -42.148 -26.337 -20
    endloop
  endfacet
  facet normal -0.829027 -0.559209 0
    outer loop
      vertex -42.148 -26.337 0
      vertex -40.2081 -29.2129 -20
      vertex -40.2081 -29.2129 0
    endloop
  endfacet
  facet normal 0.743151 -0.669124 0
    outer loop
      vertex 35.7512 -34.5245 0
      vertex 38.0724 -31.9465 -20
      vertex 38.0724 -31.9465 0
    endloop
  endfacet
  facet normal 0.743151 -0.669124 0
    outer loop
      vertex 38.0724 -31.9465 -20
      vertex 35.7512 -34.5245 0
      vertex 35.7512 -34.5245 -20
    endloop
  endfacet
  facet normal 0.207899 0.97815 -0
    outer loop
      vertex 12.0235 48.2237 -20
      vertex 8.63031 48.9449 0
      vertex 12.0235 48.2237 0
    endloop
  endfacet
  facet normal 0.207899 0.97815 0
    outer loop
      vertex 8.63031 48.9449 0
      vertex 12.0235 48.2237 -20
      vertex 8.63031 48.9449 -20
    endloop
  endfacet
  facet normal 0.275642 -0.96126 0
    outer loop
      vertex 12.0235 -48.2237 -20
      vertex 15.3581 -47.2675 0
      vertex 12.0235 -48.2237 0
    endloop
  endfacet
  facet normal 0.275642 -0.96126 0
    outer loop
      vertex 15.3581 -47.2675 0
      vertex 12.0235 -48.2237 -20
      vertex 15.3581 -47.2675 -20
    endloop
  endfacet
  facet normal 0.139175 -0.990268 0
    outer loop
      vertex 5.19506 -49.4277 -20
      vertex 8.63031 -48.9449 0
      vertex 5.19506 -49.4277 0
    endloop
  endfacet
  facet normal 0.139175 -0.990268 0
    outer loop
      vertex 8.63031 -48.9449 0
      vertex 5.19506 -49.4277 -20
      vertex 8.63031 -48.9449 -20
    endloop
  endfacet
  facet normal -0.994522 0.104526 0
    outer loop
      vertex -49.5789 3.4669 -20
      vertex -49.2163 6.9169 0
      vertex -49.2163 6.9169 -20
    endloop
  endfacet
  facet normal -0.994522 0.104526 0
    outer loop
      vertex -49.2163 6.9169 0
      vertex -49.5789 3.4669 -20
      vertex -49.5789 3.4669 0
    endloop
  endfacet
  facet normal 0 0 -1
    outer loop
      vertex 30 -7.5 -20
      vertex 49.7 0 -20
      vertex 49.5789 -3.4669 -20
    endloop
  endfacet
  facet normal 0 0 -1
    outer loop
      vertex 30 -7.5 -20
      vertex 49.5789 -3.4669 -20
      vertex 49.2163 -6.9169 -20
    endloop
  endfacet
  facet normal 0 0 -1
    outer loop
      vertex 30 7.5 -20
      vertex 49.7 0 -20
      vertex 30 -7.5 -20
    endloop
  endfacet
  facet normal 0 0 -1
    outer loop
      vertex 30 -7.5 -20
      vertex 49.2163 -6.9169 -20
      vertex 48.6139 -10.3332 -20
    endloop
  endfacet
  facet normal 0 0 -1
    outer loop
      vertex 49.7 0 -20
      vertex 30 7.5 -20
      vertex 49.5789 3.4669 -20
    endloop
  endfacet
  facet normal 0 0 -1
    outer loop
      vertex 30 -7.5 -20
      vertex 48.6139 -10.3332 -20
      vertex 47.7747 -13.6992 -20
    endloop
  endfacet
  facet normal 0 0 -1
    outer loop
      vertex 49.5789 3.4669 -20
      vertex 30 7.5 -20
      vertex 49.2163 6.9169 -20
    endloop
  endfacet
  facet normal 0 0 -1
    outer loop
      vertex 30 -7.5 -20
      vertex 47.7747 -13.6992 -20
      vertex 46.7027 -16.9984 -20
    endloop
  endfacet
  facet normal 0 0 -1
    outer loop
      vertex 49.2163 6.9169 -20
      vertex 30 7.5 -20
      vertex 48.6139 10.3332 -20
    endloop
  endfacet
  facet normal 0 0 -1
    outer loop
      vertex 30 -7.5 -20
      vertex 46.7027 -16.9984 -20
      vertex 45.4032 -20.2148 -20
    endloop
  endfacet
  facet normal -0 0 -1
    outer loop
      vertex 48.6139 10.3332 -20
      vertex 30 7.5 -20
      vertex 47.7747 13.6992 -20
    endloop
  endfacet
  facet normal 0 0 -1
    outer loop
      vertex 30 -7.5 -20
      vertex 45.4032 -20.2148 -20
      vertex 43.8825 -23.3327 -20
    endloop
  endfacet
  facet normal -0 0 -1
    outer loop
      vertex 47.7747 13.6992 -20
      vertex 30 7.5 -20
      vertex 46.7027 16.9984 -20
    endloop
  endfacet
  facet normal 0 0 -1
    outer loop
      vertex 30 -7.5 -20
      vertex 43.8825 -23.3327 -20
      vertex 42.148 -26.337 -20
    endloop
  endfacet
  facet normal -0 0 -1
    outer loop
      vertex 46.7027 16.9984 -20
      vertex 30 7.5 -20
      vertex 45.4032 20.2148 -20
    endloop
  endfacet
  facet normal 0 0 -1
    outer loop
      vertex 30 -7.5 -20
      vertex 42.148 -26.337 -20
      vertex 40.2081 -29.2129 -20
    endloop
  endfacet
  facet normal -0 0 -1
    outer loop
      vertex 45.4032 20.2148 -20
      vertex 30 7.5 -20
      vertex 43.8825 23.3327 -20
    endloop
  endfacet
  facet normal 0 0 -1
    outer loop
      vertex 30 -7.5 -20
      vertex 40.2081 -29.2129 -20
      vertex 38.0724 -31.9465 -20
    endloop
  endfacet
  facet normal -0 0 -1
    outer loop
      vertex 43.8825 23.3327 -20
      vertex 30 7.5 -20
      vertex 42.148 26.337 -20
    endloop
  endfacet
  facet normal 0 0 -1
    outer loop
      vertex 30 -7.5 -20
      vertex 38.0724 -31.9465 -20
      vertex 35.7512 -34.5245 -20
    endloop
  endfacet
  facet normal -0 0 -1
    outer loop
      vertex 42.148 26.337 -20
      vertex 30 7.5 -20
      vertex 40.2081 29.2129 -20
    endloop
  endfacet
  facet normal 0 0 -1
    outer loop
      vertex 30 -7.5 -20
      vertex 35.7512 -34.5245 -20
      vertex 33.2558 -36.9343 -20
    endloop
  endfacet
  facet normal -0 0 -1
    outer loop
      vertex 40.2081 29.2129 -20
      vertex 30 7.5 -20
      vertex 38.0724 31.9465 -20
    endloop
  endfacet
  facet normal 0 0 -1
    outer loop
      vertex 30 -7.5 -20
      vertex 33.2558 -36.9343 -20
      vertex 30.5984 -39.1641 -20
    endloop
  endfacet
  facet normal -0 0 -1
    outer loop
      vertex 38.0724 31.9465 -20
      vertex 30 7.5 -20
      vertex 35.7512 34.5245 -20
    endloop
  endfacet
  facet normal -0 0 -1
    outer loop
      vertex 35.7512 34.5245 -20
      vertex 30 7.5 -20
      vertex 33.2558 36.9343 -20
    endloop
  endfacet
  facet normal 0 0 -1
    outer loop
      vertex 27.7919 -41.2032 -20
      vertex 30 -7.5 -20
      vertex 30.5984 -39.1641 -20
    endloop
  endfacet
  facet normal 0 0 -1
    outer loop
      vertex 24.85 -43.0415 -20
      vertex 30 -7.5 -20
      vertex 27.7919 -41.2032 -20
    endloop
  endfacet
  facet normal 0 0 -1
    outer loop
      vertex 21.787 -44.6701 -20
      vertex 30 -7.5 -20
      vertex 24.85 -43.0415 -20
    endloop
  endfacet
  facet normal 0 0 -1
    outer loop
      vertex 18.6179 -46.081 -20
      vertex 30 -7.5 -20
      vertex 21.787 -44.6701 -20
    endloop
  endfacet
  facet normal 0 0 -1
    outer loop
      vertex 15.3581 -47.2675 -20
      vertex 30 -7.5 -20
      vertex 18.6179 -46.081 -20
    endloop
  endfacet
  facet normal 0 0 -1
    outer loop
      vertex 12.0235 -48.2237 -20
      vertex 30 -7.5 -20
      vertex 15.3581 -47.2675 -20
    endloop
  endfacet
  facet normal 0 0 -1
    outer loop
      vertex 8.63031 -48.9449 -20
      vertex 30 -7.5 -20
      vertex 12.0235 -48.2237 -20
    endloop
  endfacet
  facet normal 0 0 -1
    outer loop
      vertex 5.19506 -49.4277 -20
      vertex 30 -7.5 -20
      vertex 8.63031 -48.9449 -20
    endloop
  endfacet
  facet normal 0 0 -1
    outer loop
      vertex 1.7345 -49.6697 -20
      vertex 30 -7.5 -20
      vertex 5.19506 -49.4277 -20
    endloop
  endfacet
  facet normal 0 0 -1
    outer loop
      vertex -1.7345 -49.6697 -20
      vertex 30 -7.5 -20
      vertex 1.7345 -49.6697 -20
    endloop
  endfacet
  facet normal 0 0 -1
    outer loop
      vertex -30 -7.5 -20
      vertex -1.7345 -49.6697 -20
      vertex -5.19506 -49.4277 -20
    endloop
  endfacet
  facet normal 0 0 -1
    outer loop
      vertex -30 -7.5 -20
      vertex -5.19506 -49.4277 -20
      vertex -8.63031 -48.9449 -20
    endloop
  endfacet
  facet normal 0 0 -1
    outer loop
      vertex -30 -7.5 -20
      vertex -8.63031 -48.9449 -20
      vertex -12.0235 -48.2237 -20
    endloop
  endfacet
  facet normal 0 0 -1
    outer loop
      vertex -30 -7.5 -20
      vertex -12.0235 -48.2237 -20
      vertex -15.3581 -47.2675 -20
    endloop
  endfacet
  facet normal 0 0 -1
    outer loop
      vertex -30 -7.5 -20
      vertex -15.3581 -47.2675 -20
      vertex -18.6179 -46.081 -20
    endloop
  endfacet
  facet normal 0 0 -1
    outer loop
      vertex -30 -7.5 -20
      vertex -18.6179 -46.081 -20
      vertex -21.787 -44.6701 -20
    endloop
  endfacet
  facet normal 0 0 -1
    outer loop
      vertex -30 -7.5 -20
      vertex -21.787 -44.6701 -20
      vertex -24.85 -43.0415 -20
    endloop
  endfacet
  facet normal 0 0 -1
    outer loop
      vertex -30 -7.5 -20
      vertex -24.85 -43.0415 -20
      vertex -27.7919 -41.2032 -20
    endloop
  endfacet
  facet normal 0 0 -1
    outer loop
      vertex -1.7345 -49.6697 -20
      vertex -30 -7.5 -20
      vertex 30 -7.5 -20
    endloop
  endfacet
  facet normal 0 0 -1
    outer loop
      vertex -33.2558 -36.9343 -20
      vertex -30 -7.5 -20
      vertex -30.5984 -39.1641 -20
    endloop
  endfacet
  facet normal 0 0 -1
    outer loop
      vertex -30.5984 -39.1641 -20
      vertex -30 -7.5 -20
      vertex -27.7919 -41.2032 -20
    endloop
  endfacet
  facet normal -0 0 -1
    outer loop
      vertex 33.2558 36.9343 -20
      vertex 30 7.5 -20
      vertex 30.5984 39.1641 -20
    endloop
  endfacet
  facet normal 0 0 -1
    outer loop
      vertex 30 7.5 -20
      vertex 27.7919 41.2032 -20
      vertex 30.5984 39.1641 -20
    endloop
  endfacet
  facet normal 0 0 -1
    outer loop
      vertex 30 7.5 -20
      vertex 24.85 43.0415 -20
      vertex 27.7919 41.2032 -20
    endloop
  endfacet
  facet normal 0 0 -1
    outer loop
      vertex 30 7.5 -20
      vertex 21.787 44.6701 -20
      vertex 24.85 43.0415 -20
    endloop
  endfacet
  facet normal 0 0 -1
    outer loop
      vertex 30 7.5 -20
      vertex 18.6179 46.081 -20
      vertex 21.787 44.6701 -20
    endloop
  endfacet
  facet normal 0 0 -1
    outer loop
      vertex 30 7.5 -20
      vertex 15.3581 47.2675 -20
      vertex 18.6179 46.081 -20
    endloop
  endfacet
  facet normal 0 0 -1
    outer loop
      vertex 30 7.5 -20
      vertex 12.0235 48.2237 -20
      vertex 15.3581 47.2675 -20
    endloop
  endfacet
  facet normal 0 0 -1
    outer loop
      vertex 30 7.5 -20
      vertex 8.63031 48.9449 -20
      vertex 12.0235 48.2237 -20
    endloop
  endfacet
  facet normal 0 0 -1
    outer loop
      vertex 30 7.5 -20
      vertex 5.19506 49.4277 -20
      vertex 8.63031 48.9449 -20
    endloop
  endfacet
  facet normal 0 0 -1
    outer loop
      vertex 30 7.5 -20
      vertex 1.7345 49.6697 -20
      vertex 5.19506 49.4277 -20
    endloop
  endfacet
  facet normal 0 0 -1
    outer loop
      vertex 30 7.5 -20
      vertex -1.7345 49.6697 -20
      vertex 1.7345 49.6697 -20
    endloop
  endfacet
  facet normal 0 0 -1
    outer loop
      vertex -30 7.5 -20
      vertex -1.7345 49.6697 -20
      vertex 30 7.5 -20
    endloop
  endfacet
  facet normal 0 0 -1
    outer loop
      vertex -1.7345 49.6697 -20
      vertex -30 7.5 -20
      vertex -5.19506 49.4277 -20
    endloop
  endfacet
  facet normal 0 0 -1
    outer loop
      vertex -5.19506 49.4277 -20
      vertex -30 7.5 -20
      vertex -8.63031 48.9449 -20
    endloop
  endfacet
  facet normal 0 0 -1
    outer loop
      vertex -8.63031 48.9449 -20
      vertex -30 7.5 -20
      vertex -12.0235 48.2237 -20
    endloop
  endfacet
  facet normal 0 0 -1
    outer loop
      vertex -12.0235 48.2237 -20
      vertex -30 7.5 -20
      vertex -15.3581 47.2675 -20
    endloop
  endfacet
  facet normal 0 0 -1
    outer loop
      vertex -15.3581 47.2675 -20
      vertex -30 7.5 -20
      vertex -18.6179 46.081 -20
    endloop
  endfacet
  facet normal 0 0 -1
    outer loop
      vertex -18.6179 46.081 -20
      vertex -30 7.5 -20
      vertex -21.787 44.6701 -20
    endloop
  endfacet
  facet normal 0 0 -1
    outer loop
      vertex -21.787 44.6701 -20
      vertex -30 7.5 -20
      vertex -24.85 43.0415 -20
    endloop
  endfacet
  facet normal 0 0 -1
    outer loop
      vertex -24.85 43.0415 -20
      vertex -30 7.5 -20
      vertex -27.7919 41.2032 -20
    endloop
  endfacet
  facet normal 0 0 -1
    outer loop
      vertex -30 7.5 -20
      vertex -30.5984 39.1641 -20
      vertex -27.7919 41.2032 -20
    endloop
  endfacet
  facet normal 0 0 -1
    outer loop
      vertex -35.7512 -34.5245 -20
      vertex -30 -7.5 -20
      vertex -33.2558 -36.9343 -20
    endloop
  endfacet
  facet normal 0 0 -1
    outer loop
      vertex -38.0724 -31.9465 -20
      vertex -30 -7.5 -20
      vertex -35.7512 -34.5245 -20
    endloop
  endfacet
  facet normal 0 0 -1
    outer loop
      vertex -30 7.5 -20
      vertex -33.2558 36.9343 -20
      vertex -30.5984 39.1641 -20
    endloop
  endfacet
  facet normal 0 0 -1
    outer loop
      vertex -40.2081 -29.2129 -20
      vertex -30 -7.5 -20
      vertex -38.0724 -31.9465 -20
    endloop
  endfacet
  facet normal 0 0 -1
    outer loop
      vertex -30 7.5 -20
      vertex -35.7512 34.5245 -20
      vertex -33.2558 36.9343 -20
    endloop
  endfacet
  facet normal 0 0 -1
    outer loop
      vertex -42.148 -26.337 -20
      vertex -30 -7.5 -20
      vertex -40.2081 -29.2129 -20
    endloop
  endfacet
  facet normal 0 0 -1
    outer loop
      vertex -30 7.5 -20
      vertex -38.0724 31.9465 -20
      vertex -35.7512 34.5245 -20
    endloop
  endfacet
  facet normal 0 0 -1
    outer loop
      vertex -43.8825 -23.3327 -20
      vertex -30 -7.5 -20
      vertex -42.148 -26.337 -20
    endloop
  endfacet
  facet normal 0 0 -1
    outer loop
      vertex -30 7.5 -20
      vertex -40.2081 29.2129 -20
      vertex -38.0724 31.9465 -20
    endloop
  endfacet
  facet normal 0 0 -1
    outer loop
      vertex -45.4032 -20.2148 -20
      vertex -30 -7.5 -20
      vertex -43.8825 -23.3327 -20
    endloop
  endfacet
  facet normal 0 0 -1
    outer loop
      vertex -30 7.5 -20
      vertex -42.148 26.337 -20
      vertex -40.2081 29.2129 -20
    endloop
  endfacet
  facet normal 0 0 -1
    outer loop
      vertex -46.7027 -16.9984 -20
      vertex -30 -7.5 -20
      vertex -45.4032 -20.2148 -20
    endloop
  endfacet
  facet normal 0 0 -1
    outer loop
      vertex -30 7.5 -20
      vertex -43.8825 23.3327 -20
      vertex -42.148 26.337 -20
    endloop
  endfacet
  facet normal 0 0 -1
    outer loop
      vertex -47.7747 -13.6992 -20
      vertex -30 -7.5 -20
      vertex -46.7027 -16.9984 -20
    endloop
  endfacet
  facet normal 0 0 -1
    outer loop
      vertex -30 7.5 -20
      vertex -45.4032 20.2148 -20
      vertex -43.8825 23.3327 -20
    endloop
  endfacet
  facet normal 0 0 -1
    outer loop
      vertex -48.6139 -10.3332 -20
      vertex -30 -7.5 -20
      vertex -47.7747 -13.6992 -20
    endloop
  endfacet
  facet normal 0 0 -1
    outer loop
      vertex -30 7.5 -20
      vertex -46.7027 16.9984 -20
      vertex -45.4032 20.2148 -20
    endloop
  endfacet
  facet normal 0 0 -1
    outer loop
      vertex -49.2163 -6.9169 -20
      vertex -30 -7.5 -20
      vertex -48.6139 -10.3332 -20
    endloop
  endfacet
  facet normal 0 0 -1
    outer loop
      vertex -30 7.5 -20
      vertex -47.7747 13.6992 -20
      vertex -46.7027 16.9984 -20
    endloop
  endfacet
  facet normal 0 0 -1
    outer loop
      vertex -49.5789 -3.4669 -20
      vertex -30 -7.5 -20
      vertex -49.2163 -6.9169 -20
    endloop
  endfacet
  facet normal 0 0 -1
    outer loop
      vertex -30 7.5 -20
      vertex -48.6139 10.3332 -20
      vertex -47.7747 13.6992 -20
    endloop
  endfacet
  facet normal 0 0 -1
    outer loop
      vertex -49.7 0 -20
      vertex -30 -7.5 -20
      vertex -49.5789 -3.4669 -20
    endloop
  endfacet
  facet normal -0 0 -1
    outer loop
      vertex -30 7.5 -20
      vertex -49.2163 6.9169 -20
      vertex -48.6139 10.3332 -20
    endloop
  endfacet
  facet normal 0 0 -1
    outer loop
      vertex -30 -7.5 -20
      vertex -49.7 0 -20
      vertex -30 7.5 -20
    endloop
  endfacet
  facet normal 0 0 -1
    outer loop
      vertex -30 7.5 -20
      vertex -49.5789 3.4669 -20
      vertex -49.2163 6.9169 -20
    endloop
  endfacet
  facet normal 0 0 -1
    outer loop
      vertex -30 7.5 -20
      vertex -49.7 0 -20
      vertex -49.5789 3.4669 -20
    endloop
  endfacet
  facet normal 0.342028 -0.93969 0
    outer loop
      vertex 15.3581 -47.2675 -20
      vertex 18.6179 -46.081 0
      vertex 15.3581 -47.2675 0
    endloop
  endfacet
  facet normal 0.342028 -0.93969 0
    outer loop
      vertex 18.6179 -46.081 0
      vertex 15.3581 -47.2675 -20
      vertex 18.6179 -46.081 -20
    endloop
  endfacet
  facet normal -0.927185 -0.374604 0
    outer loop
      vertex -45.4032 -20.2148 -20
      vertex -46.7027 -16.9984 0
      vertex -46.7027 -16.9984 -20
    endloop
  endfacet
  facet normal -0.927185 -0.374604 0
    outer loop
      vertex -46.7027 -16.9984 0
      vertex -45.4032 -20.2148 -20
      vertex -45.4032 -20.2148 0
    endloop
  endfacet
  facet normal -0.99939 0.0349091 0
    outer loop
      vertex -49.7 0 -20
      vertex -49.5789 3.4669 0
      vertex -49.5789 3.4669 -20
    endloop
  endfacet
  facet normal -0.99939 0.0349091 0
    outer loop
      vertex -49.5789 3.4669 0
      vertex -49.7 0 -20
      vertex -49.7 0 0
    endloop
  endfacet
  facet normal 0.951054 -0.309023 0
    outer loop
      vertex 46.7027 -16.9984 0
      vertex 47.7747 -13.6992 -20
      vertex 47.7747 -13.6992 0
    endloop
  endfacet
  facet normal 0.951054 -0.309023 0
    outer loop
      vertex 47.7747 -13.6992 -20
      vertex 46.7027 -16.9984 0
      vertex 46.7027 -16.9984 -20
    endloop
  endfacet
  facet normal 0.694661 -0.719337 0
    outer loop
      vertex 33.2558 -36.9343 -20
      vertex 35.7512 -34.5245 0
      vertex 33.2558 -36.9343 0
    endloop
  endfacet
  facet normal 0.694661 -0.719337 0
    outer loop
      vertex 35.7512 -34.5245 0
      vertex 33.2558 -36.9343 -20
      vertex 35.7512 -34.5245 -20
    endloop
  endfacet
  facet normal 0.642809 -0.766026 0
    outer loop
      vertex 26.966 -34.5149 0
      vertex 29.3079 -32.5497 10
      vertex 26.966 -34.5149 10
    endloop
  endfacet
  facet normal 0.642809 -0.766026 0
    outer loop
      vertex 29.3079 -32.5497 10
      vertex 26.966 -34.5149 0
      vertex 29.3079 -32.5497 0
    endloop
  endfacet
  facet normal 0.994521 0.10454 0
    outer loop
      vertex 43.6933 3.05533 10
      vertex 43.3737 6.09578 0
      vertex 43.3737 6.09578 10
    endloop
  endfacet
  facet normal 0.994521 0.10454 0
    outer loop
      vertex 43.3737 6.09578 0
      vertex 43.6933 3.05533 10
      vertex 43.6933 3.05533 0
    endloop
  endfacet
  facet normal 0.999391 0.0349013 0
    outer loop
      vertex 43.8 0 10
      vertex 43.6933 3.05533 0
      vertex 43.6933 3.05533 10
    endloop
  endfacet
  facet normal 0.999391 0.0349013 0
    outer loop
      vertex 43.6933 3.05533 0
      vertex 43.8 0 10
      vertex 43.8 0 0
    endloop
  endfacet
  facet normal 0.0697372 -0.997565 0
    outer loop
      vertex 1.5286 -43.7733 0
      vertex 4.57835 -43.5601 10
      vertex 1.5286 -43.7733 10
    endloop
  endfacet
  facet normal 0.0697372 -0.997565 0
    outer loop
      vertex 4.57835 -43.5601 10
      vertex 1.5286 -43.7733 0
      vertex 4.57835 -43.5601 0
    endloop
  endfacet
  facet normal 0.898793 0.438373 0
    outer loop
      vertex 40.0133 17.8151 10
      vertex 38.6731 20.5629 0
      vertex 38.6731 20.5629 10
    endloop
  endfacet
  facet normal 0.898793 0.438373 0
    outer loop
      vertex 38.6731 20.5629 0
      vertex 40.0133 17.8151 10
      vertex 40.0133 17.8151 0
    endloop
  endfacet
  facet normal 0.970296 0.241922 0
    outer loop
      vertex 42.8429 9.10653 10
      vertex 42.1033 12.0729 0
      vertex 42.1033 12.0729 10
    endloop
  endfacet
  facet normal 0.970296 0.241922 0
    outer loop
      vertex 42.1033 12.0729 0
      vertex 42.8429 9.10653 10
      vertex 42.8429 9.10653 0
    endloop
  endfacet
  facet normal 0.13918 -0.990267 0
    outer loop
      vertex 4.57835 -43.5601 0
      vertex 7.60579 -43.1346 10
      vertex 4.57835 -43.5601 10
    endloop
  endfacet
  facet normal 0.13918 -0.990267 0
    outer loop
      vertex 7.60579 -43.1346 10
      vertex 4.57835 -43.5601 0
      vertex 7.60579 -43.1346 0
    endloop
  endfacet
  facet normal -0.0697372 -0.997565 0
    outer loop
      vertex -4.57835 -43.5601 0
      vertex -1.5286 -43.7733 10
      vertex -4.57835 -43.5601 10
    endloop
  endfacet
  facet normal -0.0697372 -0.997565 -0
    outer loop
      vertex -1.5286 -43.7733 10
      vertex -4.57835 -43.5601 0
      vertex -1.5286 -43.7733 0
    endloop
  endfacet
  facet normal -0.970296 0.241922 0
    outer loop
      vertex -42.8429 9.10653 0
      vertex -42.1033 12.0729 10
      vertex -42.1033 12.0729 0
    endloop
  endfacet
  facet normal -0.970296 0.241922 0
    outer loop
      vertex -42.1033 12.0729 10
      vertex -42.8429 9.10653 0
      vertex -42.8429 9.10653 10
    endloop
  endfacet
  facet normal 0.27565 0.961258 -0
    outer loop
      vertex 13.5349 41.6563 0
      vertex 10.5962 42.499 10
      vertex 13.5349 41.6563 10
    endloop
  endfacet
  facet normal 0.27565 0.961258 0
    outer loop
      vertex 10.5962 42.499 10
      vertex 13.5349 41.6563 0
      vertex 10.5962 42.499 0
    endloop
  endfacet
  facet normal -0.406742 -0.913543 0
    outer loop
      vertex -19.2007 -39.3672 0
      vertex -16.4078 -40.6107 10
      vertex -19.2007 -39.3672 10
    endloop
  endfacet
  facet normal -0.406742 -0.913543 -0
    outer loop
      vertex -16.4078 -40.6107 10
      vertex -19.2007 -39.3672 0
      vertex -16.4078 -40.6107 0
    endloop
  endfacet
  facet normal 0.95105 0.309036 0
    outer loop
      vertex 42.1033 12.0729 10
      vertex 41.1585 14.9805 0
      vertex 41.1585 14.9805 10
    endloop
  endfacet
  facet normal 0.95105 0.309036 0
    outer loop
      vertex 41.1585 14.9805 0
      vertex 42.1033 12.0729 10
      vertex 42.1033 12.0729 0
    endloop
  endfacet
  facet normal -0.994521 -0.10454 0
    outer loop
      vertex -43.3737 -6.09578 0
      vertex -43.6933 -3.05533 10
      vertex -43.6933 -3.05533 0
    endloop
  endfacet
  facet normal -0.994521 -0.10454 0
    outer loop
      vertex -43.6933 -3.05533 10
      vertex -43.3737 -6.09578 0
      vertex -43.3737 -6.09578 10
    endloop
  endfacet
  facet normal 0.587757 -0.809037 0
    outer loop
      vertex 24.4926 -36.3118 0
      vertex 26.966 -34.5149 10
      vertex 24.4926 -36.3118 10
    endloop
  endfacet
  facet normal 0.587757 -0.809037 0
    outer loop
      vertex 26.966 -34.5149 10
      vertex 24.4926 -36.3118 0
      vertex 26.966 -34.5149 0
    endloop
  endfacet
  facet normal 0.406742 0.913543 -0
    outer loop
      vertex 19.2007 39.3672 0
      vertex 16.4078 40.6107 10
      vertex 19.2007 39.3672 10
    endloop
  endfacet
  facet normal 0.406742 0.913543 0
    outer loop
      vertex 16.4078 40.6107 10
      vertex 19.2007 39.3672 0
      vertex 16.4078 40.6107 0
    endloop
  endfacet
  facet normal 0.78801 -0.615662 0
    outer loop
      vertex 33.5527 -28.1541 10
      vertex 35.4349 -25.745 0
      vertex 35.4349 -25.745 10
    endloop
  endfacet
  facet normal 0.78801 -0.615662 0
    outer loop
      vertex 35.4349 -25.745 0
      vertex 33.5527 -28.1541 10
      vertex 33.5527 -28.1541 0
    endloop
  endfacet
  facet normal -0.898793 -0.438373 0
    outer loop
      vertex -38.6731 -20.5629 0
      vertex -40.0133 -17.8151 10
      vertex -40.0133 -17.8151 0
    endloop
  endfacet
  facet normal -0.898793 -0.438373 0
    outer loop
      vertex -40.0133 -17.8151 10
      vertex -38.6731 -20.5629 0
      vertex -38.6731 -20.5629 10
    endloop
  endfacet
  facet normal -0.0697372 0.997565 0
    outer loop
      vertex -1.5286 43.7733 0
      vertex -4.57835 43.5601 10
      vertex -1.5286 43.7733 10
    endloop
  endfacet
  facet normal -0.0697372 0.997565 0
    outer loop
      vertex -4.57835 43.5601 10
      vertex -1.5286 43.7733 0
      vertex -4.57835 43.5601 0
    endloop
  endfacet
  facet normal 0.642809 0.766026 -0
    outer loop
      vertex 29.3079 32.5497 0
      vertex 26.966 34.5149 10
      vertex 29.3079 32.5497 10
    endloop
  endfacet
  facet normal 0.642809 0.766026 0
    outer loop
      vertex 26.966 34.5149 10
      vertex 29.3079 32.5497 0
      vertex 26.966 34.5149 0
    endloop
  endfacet
  facet normal 0.999391 -0.0349013 0
    outer loop
      vertex 43.6933 -3.05533 10
      vertex 43.8 0 0
      vertex 43.8 0 10
    endloop
  endfacet
  facet normal 0.999391 -0.0349013 0
    outer loop
      vertex 43.8 0 0
      vertex 43.6933 -3.05533 10
      vertex 43.6933 -3.05533 0
    endloop
  endfacet
  facet normal -0.587757 -0.809037 0
    outer loop
      vertex -26.966 -34.5149 0
      vertex -24.4926 -36.3118 10
      vertex -26.966 -34.5149 10
    endloop
  endfacet
  facet normal -0.587757 -0.809037 -0
    outer loop
      vertex -24.4926 -36.3118 10
      vertex -26.966 -34.5149 0
      vertex -24.4926 -36.3118 0
    endloop
  endfacet
  facet normal 0.829029 -0.559206 0
    outer loop
      vertex 35.4349 -25.745 10
      vertex 37.1445 -23.2105 0
      vertex 37.1445 -23.2105 10
    endloop
  endfacet
  facet normal 0.829029 -0.559206 0
    outer loop
      vertex 37.1445 -23.2105 0
      vertex 35.4349 -25.745 10
      vertex 35.4349 -25.745 0
    endloop
  endfacet
  facet normal -0.27565 0.961258 0
    outer loop
      vertex -10.5962 42.499 0
      vertex -13.5349 41.6563 10
      vertex -10.5962 42.499 10
    endloop
  endfacet
  facet normal -0.27565 0.961258 0
    outer loop
      vertex -13.5349 41.6563 10
      vertex -10.5962 42.499 0
      vertex -13.5349 41.6563 0
    endloop
  endfacet
  facet normal 0.829029 0.559206 0
    outer loop
      vertex 37.1445 23.2105 10
      vertex 35.4349 25.745 0
      vertex 35.4349 25.745 10
    endloop
  endfacet
  facet normal 0.829029 0.559206 0
    outer loop
      vertex 35.4349 25.745 0
      vertex 37.1445 23.2105 10
      vertex 37.1445 23.2105 0
    endloop
  endfacet
  facet normal 0 1 -0
    outer loop
      vertex 1.5286 43.7733 0
      vertex -1.5286 43.7733 10
      vertex 1.5286 43.7733 10
    endloop
  endfacet
  facet normal 0 1 0
    outer loop
      vertex -1.5286 43.7733 10
      vertex 1.5286 43.7733 0
      vertex -1.5286 43.7733 0
    endloop
  endfacet
  facet normal -0.642809 0.766026 0
    outer loop
      vertex -26.966 34.5149 0
      vertex -29.3079 32.5497 10
      vertex -26.966 34.5149 10
    endloop
  endfacet
  facet normal -0.642809 0.766026 0
    outer loop
      vertex -29.3079 32.5497 10
      vertex -26.966 34.5149 0
      vertex -29.3079 32.5497 0
    endloop
  endfacet
  facet normal -0.898793 0.438373 0
    outer loop
      vertex -40.0133 17.8151 0
      vertex -38.6731 20.5629 10
      vertex -38.6731 20.5629 0
    endloop
  endfacet
  facet normal -0.898793 0.438373 0
    outer loop
      vertex -38.6731 20.5629 10
      vertex -40.0133 17.8151 0
      vertex -40.0133 17.8151 10
    endloop
  endfacet
  facet normal 0.342006 -0.939698 0
    outer loop
      vertex 13.5349 -41.6563 0
      vertex 16.4078 -40.6107 10
      vertex 13.5349 -41.6563 10
    endloop
  endfacet
  facet normal 0.342006 -0.939698 0
    outer loop
      vertex 16.4078 -40.6107 10
      vertex 13.5349 -41.6563 0
      vertex 16.4078 -40.6107 0
    endloop
  endfacet
  facet normal -0.92719 0.374592 0
    outer loop
      vertex -41.1585 14.9805 0
      vertex -40.0133 17.8151 10
      vertex -40.0133 17.8151 0
    endloop
  endfacet
  facet normal -0.92719 0.374592 0
    outer loop
      vertex -40.0133 17.8151 10
      vertex -41.1585 14.9805 0
      vertex -41.1585 14.9805 10
    endloop
  endfacet
  facet normal 0.27565 -0.961258 0
    outer loop
      vertex 10.5962 -42.499 0
      vertex 13.5349 -41.6563 10
      vertex 10.5962 -42.499 10
    endloop
  endfacet
  facet normal 0.27565 -0.961258 0
    outer loop
      vertex 13.5349 -41.6563 10
      vertex 10.5962 -42.499 0
      vertex 13.5349 -41.6563 0
    endloop
  endfacet
  facet normal 0.469486 0.88294 -0
    outer loop
      vertex 21.9 37.9319 0
      vertex 19.2007 39.3672 10
      vertex 21.9 37.9319 10
    endloop
  endfacet
  facet normal 0.469486 0.88294 0
    outer loop
      vertex 19.2007 39.3672 10
      vertex 21.9 37.9319 0
      vertex 19.2007 39.3672 0
    endloop
  endfacet
  facet normal 0.406742 -0.913543 0
    outer loop
      vertex 16.4078 -40.6107 0
      vertex 19.2007 -39.3672 10
      vertex 16.4078 -40.6107 10
    endloop
  endfacet
  facet normal 0.406742 -0.913543 0
    outer loop
      vertex 19.2007 -39.3672 10
      vertex 16.4078 -40.6107 0
      vertex 19.2007 -39.3672 0
    endloop
  endfacet
  facet normal -0.999391 0.0349013 0
    outer loop
      vertex -43.8 0 0
      vertex -43.6933 3.05533 10
      vertex -43.6933 3.05533 0
    endloop
  endfacet
  facet normal -0.999391 0.0349013 0
    outer loop
      vertex -43.6933 3.05533 10
      vertex -43.8 0 0
      vertex -43.8 0 10
    endloop
  endfacet
  facet normal -0.970296 -0.241922 0
    outer loop
      vertex -42.1033 -12.0729 0
      vertex -42.8429 -9.10653 10
      vertex -42.8429 -9.10653 0
    endloop
  endfacet
  facet normal -0.970296 -0.241922 0
    outer loop
      vertex -42.8429 -9.10653 10
      vertex -42.1033 -12.0729 0
      vertex -42.1033 -12.0729 10
    endloop
  endfacet
  facet normal -0.207902 -0.97815 0
    outer loop
      vertex -10.5962 -42.499 0
      vertex -7.60579 -43.1346 10
      vertex -10.5962 -42.499 10
    endloop
  endfacet
  facet normal -0.207902 -0.97815 -0
    outer loop
      vertex -7.60579 -43.1346 10
      vertex -10.5962 -42.499 0
      vertex -7.60579 -43.1346 0
    endloop
  endfacet
  facet normal -0.999391 -0.0349013 0
    outer loop
      vertex -43.6933 -3.05533 0
      vertex -43.8 0 10
      vertex -43.8 0 0
    endloop
  endfacet
  facet normal -0.999391 -0.0349013 0
    outer loop
      vertex -43.8 0 10
      vertex -43.6933 -3.05533 0
      vertex -43.6933 -3.05533 10
    endloop
  endfacet
  facet normal -0.406742 0.913543 0
    outer loop
      vertex -16.4078 40.6107 0
      vertex -19.2007 39.3672 10
      vertex -16.4078 40.6107 10
    endloop
  endfacet
  facet normal -0.406742 0.913543 0
    outer loop
      vertex -19.2007 39.3672 10
      vertex -16.4078 40.6107 0
      vertex -19.2007 39.3672 0
    endloop
  endfacet
  facet normal -0.95105 -0.309036 0
    outer loop
      vertex -41.1585 -14.9805 0
      vertex -42.1033 -12.0729 10
      vertex -42.1033 -12.0729 0
    endloop
  endfacet
  facet normal -0.95105 -0.309036 0
    outer loop
      vertex -42.1033 -12.0729 10
      vertex -41.1585 -14.9805 0
      vertex -41.1585 -14.9805 10
    endloop
  endfacet
  facet normal 0.694651 0.719347 -0
    outer loop
      vertex 31.5071 30.426 0
      vertex 29.3079 32.5497 10
      vertex 31.5071 30.426 10
    endloop
  endfacet
  facet normal 0.694651 0.719347 0
    outer loop
      vertex 29.3079 32.5497 10
      vertex 31.5071 30.426 0
      vertex 29.3079 32.5497 0
    endloop
  endfacet
  facet normal 0.529934 -0.848039 0
    outer loop
      vertex 21.9 -37.9319 0
      vertex 24.4926 -36.3118 10
      vertex 21.9 -37.9319 10
    endloop
  endfacet
  facet normal 0.529934 -0.848039 0
    outer loop
      vertex 24.4926 -36.3118 10
      vertex 21.9 -37.9319 0
      vertex 24.4926 -36.3118 0
    endloop
  endfacet
  facet normal -0.207902 0.97815 0
    outer loop
      vertex -7.60579 43.1346 0
      vertex -10.5962 42.499 10
      vertex -7.60579 43.1346 10
    endloop
  endfacet
  facet normal -0.207902 0.97815 0
    outer loop
      vertex -10.5962 42.499 10
      vertex -7.60579 43.1346 0
      vertex -10.5962 42.499 0
    endloop
  endfacet
  facet normal 0.866024 0.500002 0
    outer loop
      vertex 38.6731 20.5629 10
      vertex 37.1445 23.2105 0
      vertex 37.1445 23.2105 10
    endloop
  endfacet
  facet normal 0.866024 0.500002 0
    outer loop
      vertex 37.1445 23.2105 0
      vertex 38.6731 20.5629 10
      vertex 38.6731 20.5629 0
    endloop
  endfacet
  facet normal 0.0697372 0.997565 -0
    outer loop
      vertex 4.57835 43.5601 0
      vertex 1.5286 43.7733 10
      vertex 4.57835 43.5601 10
    endloop
  endfacet
  facet normal 0.0697372 0.997565 0
    outer loop
      vertex 1.5286 43.7733 10
      vertex 4.57835 43.5601 0
      vertex 1.5286 43.7733 0
    endloop
  endfacet
  facet normal 0 0 1
    outer loop
      vertex 30 7.5 10
      vertex 43.8 0 10
      vertex 43.6933 3.05533 10
    endloop
  endfacet
  facet normal 0 0 1
    outer loop
      vertex 30 7.5 10
      vertex 43.6933 3.05533 10
      vertex 43.3737 6.09578 10
    endloop
  endfacet
  facet normal 0 0 1
    outer loop
      vertex 30 -7.5 10
      vertex 43.8 0 10
      vertex 30 7.5 10
    endloop
  endfacet
  facet normal -0 0 1
    outer loop
      vertex 30 7.5 10
      vertex 43.3737 6.09578 10
      vertex 42.8429 9.10653 10
    endloop
  endfacet
  facet normal 0 0 1
    outer loop
      vertex 43.8 0 10
      vertex 30 -7.5 10
      vertex 43.6933 -3.05533 10
    endloop
  endfacet
  facet normal 0 0 1
    outer loop
      vertex 30 7.5 10
      vertex 42.8429 9.10653 10
      vertex 42.1033 12.0729 10
    endloop
  endfacet
  facet normal 0 0 1
    outer loop
      vertex 43.6933 -3.05533 10
      vertex 30 -7.5 10
      vertex 43.3737 -6.09578 10
    endloop
  endfacet
  facet normal 0 0 1
    outer loop
      vertex 30 7.5 10
      vertex 42.1033 12.0729 10
      vertex 41.1585 14.9805 10
    endloop
  endfacet
  facet normal 0 0 1
    outer loop
      vertex 43.3737 -6.09578 10
      vertex 30 -7.5 10
      vertex 42.8429 -9.10653 10
    endloop
  endfacet
  facet normal 0 0 1
    outer loop
      vertex 30 7.5 10
      vertex 41.1585 14.9805 10
      vertex 40.0133 17.8151 10
    endloop
  endfacet
  facet normal 0 0 1
    outer loop
      vertex 42.8429 -9.10653 10
      vertex 30 -7.5 10
      vertex 42.1033 -12.0729 10
    endloop
  endfacet
  facet normal 0 0 1
    outer loop
      vertex 30 7.5 10
      vertex 40.0133 17.8151 10
      vertex 38.6731 20.5629 10
    endloop
  endfacet
  facet normal 0 0 1
    outer loop
      vertex 42.1033 -12.0729 10
      vertex 30 -7.5 10
      vertex 41.1585 -14.9805 10
    endloop
  endfacet
  facet normal 0 0 1
    outer loop
      vertex 30 7.5 10
      vertex 38.6731 20.5629 10
      vertex 37.1445 23.2105 10
    endloop
  endfacet
  facet normal 0 0 1
    outer loop
      vertex 41.1585 -14.9805 10
      vertex 30 -7.5 10
      vertex 40.0133 -17.8151 10
    endloop
  endfacet
  facet normal 0 0 1
    outer loop
      vertex 30 7.5 10
      vertex 37.1445 23.2105 10
      vertex 35.4349 25.745 10
    endloop
  endfacet
  facet normal 0 0 1
    outer loop
      vertex 40.0133 -17.8151 10
      vertex 30 -7.5 10
      vertex 38.6731 -20.5629 10
    endloop
  endfacet
  facet normal 0 0 1
    outer loop
      vertex 30 7.5 10
      vertex 35.4349 25.745 10
      vertex 33.5527 28.1541 10
    endloop
  endfacet
  facet normal 0 0 1
    outer loop
      vertex 38.6731 -20.5629 10
      vertex 30 -7.5 10
      vertex 37.1445 -23.2105 10
    endloop
  endfacet
  facet normal 0 0 1
    outer loop
      vertex 30 7.5 10
      vertex 33.5527 28.1541 10
      vertex 31.5071 30.426 10
    endloop
  endfacet
  facet normal 0 0 1
    outer loop
      vertex 37.1445 -23.2105 10
      vertex 30 -7.5 10
      vertex 35.4349 -25.745 10
    endloop
  endfacet
  facet normal 0 0 1
    outer loop
      vertex 35.4349 -25.745 10
      vertex 30 -7.5 10
      vertex 33.5527 -28.1541 10
    endloop
  endfacet
  facet normal 0 0 1
    outer loop
      vertex 29.3079 32.5497 10
      vertex 30 7.5 10
      vertex 31.5071 30.426 10
    endloop
  endfacet
  facet normal 0 0 1
    outer loop
      vertex 26.966 34.5149 10
      vertex 30 7.5 10
      vertex 29.3079 32.5497 10
    endloop
  endfacet
  facet normal 0 0 1
    outer loop
      vertex 24.4926 36.3118 10
      vertex 30 7.5 10
      vertex 26.966 34.5149 10
    endloop
  endfacet
  facet normal 0 0 1
    outer loop
      vertex 21.9 37.9319 10
      vertex 30 7.5 10
      vertex 24.4926 36.3118 10
    endloop
  endfacet
  facet normal 0 0 1
    outer loop
      vertex 19.2007 39.3672 10
      vertex 30 7.5 10
      vertex 21.9 37.9319 10
    endloop
  endfacet
  facet normal 0 0 1
    outer loop
      vertex 16.4078 40.6107 10
      vertex 30 7.5 10
      vertex 19.2007 39.3672 10
    endloop
  endfacet
  facet normal 0 0 1
    outer loop
      vertex 13.5349 41.6563 10
      vertex 30 7.5 10
      vertex 16.4078 40.6107 10
    endloop
  endfacet
  facet normal 0 0 1
    outer loop
      vertex 10.5962 42.499 10
      vertex 30 7.5 10
      vertex 13.5349 41.6563 10
    endloop
  endfacet
  facet normal 0 0 1
    outer loop
      vertex 7.60579 43.1346 10
      vertex 30 7.5 10
      vertex 10.5962 42.499 10
    endloop
  endfacet
  facet normal 0 0 1
    outer loop
      vertex 4.57835 43.5601 10
      vertex 30 7.5 10
      vertex 7.60579 43.1346 10
    endloop
  endfacet
  facet normal 0 0 1
    outer loop
      vertex 1.5286 43.7733 10
      vertex 30 7.5 10
      vertex 4.57835 43.5601 10
    endloop
  endfacet
  facet normal -0 0 1
    outer loop
      vertex -1.5286 43.7733 10
      vertex 30 7.5 10
      vertex 1.5286 43.7733 10
    endloop
  endfacet
  facet normal 0 0 1
    outer loop
      vertex -30 7.5 10
      vertex -1.5286 43.7733 10
      vertex -4.57835 43.5601 10
    endloop
  endfacet
  facet normal 0 0 1
    outer loop
      vertex -30 7.5 10
      vertex -4.57835 43.5601 10
      vertex -7.60579 43.1346 10
    endloop
  endfacet
  facet normal 0 0 1
    outer loop
      vertex -30 7.5 10
      vertex -7.60579 43.1346 10
      vertex -10.5962 42.499 10
    endloop
  endfacet
  facet normal 0 0 1
    outer loop
      vertex -30 7.5 10
      vertex -10.5962 42.499 10
      vertex -13.5349 41.6563 10
    endloop
  endfacet
  facet normal 0 0 1
    outer loop
      vertex -30 7.5 10
      vertex -13.5349 41.6563 10
      vertex -16.4078 40.6107 10
    endloop
  endfacet
  facet normal 0 0 1
    outer loop
      vertex -30 7.5 10
      vertex -16.4078 40.6107 10
      vertex -19.2007 39.3672 10
    endloop
  endfacet
  facet normal 0 0 1
    outer loop
      vertex -30 7.5 10
      vertex -19.2007 39.3672 10
      vertex -21.9 37.9319 10
    endloop
  endfacet
  facet normal 0 0 1
    outer loop
      vertex -30 7.5 10
      vertex -21.9 37.9319 10
      vertex -24.4926 36.3118 10
    endloop
  endfacet
  facet normal 0 0 1
    outer loop
      vertex -30 7.5 10
      vertex -24.4926 36.3118 10
      vertex -26.966 34.5149 10
    endloop
  endfacet
  facet normal 0 0 1
    outer loop
      vertex -30 7.5 10
      vertex -26.966 34.5149 10
      vertex -29.3079 32.5497 10
    endloop
  endfacet
  facet normal 0 0 1
    outer loop
      vertex -1.5286 43.7733 10
      vertex -30 7.5 10
      vertex 30 7.5 10
    endloop
  endfacet
  facet normal -0 0 1
    outer loop
      vertex -33.5527 28.1541 10
      vertex -30 7.5 10
      vertex -31.5071 30.426 10
    endloop
  endfacet
  facet normal -0 0 1
    outer loop
      vertex -31.5071 30.426 10
      vertex -30 7.5 10
      vertex -29.3079 32.5497 10
    endloop
  endfacet
  facet normal 0 0 1
    outer loop
      vertex 33.5527 -28.1541 10
      vertex 30 -7.5 10
      vertex 31.5071 -30.426 10
    endloop
  endfacet
  facet normal 0 0 1
    outer loop
      vertex 30 -7.5 10
      vertex 29.3079 -32.5497 10
      vertex 31.5071 -30.426 10
    endloop
  endfacet
  facet normal 0 0 1
    outer loop
      vertex 30 -7.5 10
      vertex 26.966 -34.5149 10
      vertex 29.3079 -32.5497 10
    endloop
  endfacet
  facet normal 0 0 1
    outer loop
      vertex 30 -7.5 10
      vertex 24.4926 -36.3118 10
      vertex 26.966 -34.5149 10
    endloop
  endfacet
  facet normal 0 0 1
    outer loop
      vertex 30 -7.5 10
      vertex 21.9 -37.9319 10
      vertex 24.4926 -36.3118 10
    endloop
  endfacet
  facet normal 0 0 1
    outer loop
      vertex 30 -7.5 10
      vertex 19.2007 -39.3672 10
      vertex 21.9 -37.9319 10
    endloop
  endfacet
  facet normal 0 0 1
    outer loop
      vertex 30 -7.5 10
      vertex 16.4078 -40.6107 10
      vertex 19.2007 -39.3672 10
    endloop
  endfacet
  facet normal 0 0 1
    outer loop
      vertex 30 -7.5 10
      vertex 13.5349 -41.6563 10
      vertex 16.4078 -40.6107 10
    endloop
  endfacet
  facet normal 0 0 1
    outer loop
      vertex 30 -7.5 10
      vertex 10.5962 -42.499 10
      vertex 13.5349 -41.6563 10
    endloop
  endfacet
  facet normal 0 0 1
    outer loop
      vertex 30 -7.5 10
      vertex 7.60579 -43.1346 10
      vertex 10.5962 -42.499 10
    endloop
  endfacet
  facet normal 0 0 1
    outer loop
      vertex 30 -7.5 10
      vertex 4.57835 -43.5601 10
      vertex 7.60579 -43.1346 10
    endloop
  endfacet
  facet normal 0 0 1
    outer loop
      vertex 30 -7.5 10
      vertex 1.5286 -43.7733 10
      vertex 4.57835 -43.5601 10
    endloop
  endfacet
  facet normal 0 0 1
    outer loop
      vertex 30 -7.5 10
      vertex -1.5286 -43.7733 10
      vertex 1.5286 -43.7733 10
    endloop
  endfacet
  facet normal -0 0 1
    outer loop
      vertex -30 -7.5 10
      vertex -1.5286 -43.7733 10
      vertex 30 -7.5 10
    endloop
  endfacet
  facet normal 0 0 1
    outer loop
      vertex -1.5286 -43.7733 10
      vertex -30 -7.5 10
      vertex -4.57835 -43.5601 10
    endloop
  endfacet
  facet normal 0 0 1
    outer loop
      vertex -4.57835 -43.5601 10
      vertex -30 -7.5 10
      vertex -7.60579 -43.1346 10
    endloop
  endfacet
  facet normal 0 0 1
    outer loop
      vertex -7.60579 -43.1346 10
      vertex -30 -7.5 10
      vertex -10.5962 -42.499 10
    endloop
  endfacet
  facet normal 0 0 1
    outer loop
      vertex -10.5962 -42.499 10
      vertex -30 -7.5 10
      vertex -13.5349 -41.6563 10
    endloop
  endfacet
  facet normal 0 0 1
    outer loop
      vertex -13.5349 -41.6563 10
      vertex -30 -7.5 10
      vertex -16.4078 -40.6107 10
    endloop
  endfacet
  facet normal 0 0 1
    outer loop
      vertex -16.4078 -40.6107 10
      vertex -30 -7.5 10
      vertex -19.2007 -39.3672 10
    endloop
  endfacet
  facet normal 0 0 1
    outer loop
      vertex -19.2007 -39.3672 10
      vertex -30 -7.5 10
      vertex -21.9 -37.9319 10
    endloop
  endfacet
  facet normal 0 0 1
    outer loop
      vertex -21.9 -37.9319 10
      vertex -30 -7.5 10
      vertex -24.4926 -36.3118 10
    endloop
  endfacet
  facet normal 0 0 1
    outer loop
      vertex -24.4926 -36.3118 10
      vertex -30 -7.5 10
      vertex -26.966 -34.5149 10
    endloop
  endfacet
  facet normal 0 0 1
    outer loop
      vertex -26.966 -34.5149 10
      vertex -30 -7.5 10
      vertex -29.3079 -32.5497 10
    endloop
  endfacet
  facet normal -0 0 1
    outer loop
      vertex -35.4349 25.745 10
      vertex -30 7.5 10
      vertex -33.5527 28.1541 10
    endloop
  endfacet
  facet normal 0 0 1
    outer loop
      vertex -30 -7.5 10
      vertex -31.5071 -30.426 10
      vertex -29.3079 -32.5497 10
    endloop
  endfacet
  facet normal -0 0 1
    outer loop
      vertex -37.1445 23.2105 10
      vertex -30 7.5 10
      vertex -35.4349 25.745 10
    endloop
  endfacet
  facet normal 0 0 1
    outer loop
      vertex -30 -7.5 10
      vertex -33.5527 -28.1541 10
      vertex -31.5071 -30.426 10
    endloop
  endfacet
  facet normal -0 0 1
    outer loop
      vertex -38.6731 20.5629 10
      vertex -30 7.5 10
      vertex -37.1445 23.2105 10
    endloop
  endfacet
  facet normal 0 0 1
    outer loop
      vertex -30 -7.5 10
      vertex -35.4349 -25.745 10
      vertex -33.5527 -28.1541 10
    endloop
  endfacet
  facet normal -0 0 1
    outer loop
      vertex -40.0133 17.8151 10
      vertex -30 7.5 10
      vertex -38.6731 20.5629 10
    endloop
  endfacet
  facet normal 0 0 1
    outer loop
      vertex -30 -7.5 10
      vertex -37.1445 -23.2105 10
      vertex -35.4349 -25.745 10
    endloop
  endfacet
  facet normal -0 0 1
    outer loop
      vertex -41.1585 14.9805 10
      vertex -30 7.5 10
      vertex -40.0133 17.8151 10
    endloop
  endfacet
  facet normal 0 0 1
    outer loop
      vertex -30 -7.5 10
      vertex -38.6731 -20.5629 10
      vertex -37.1445 -23.2105 10
    endloop
  endfacet
  facet normal -0 0 1
    outer loop
      vertex -42.1033 12.0729 10
      vertex -30 7.5 10
      vertex -41.1585 14.9805 10
    endloop
  endfacet
  facet normal 0 0 1
    outer loop
      vertex -30 -7.5 10
      vertex -40.0133 -17.8151 10
      vertex -38.6731 -20.5629 10
    endloop
  endfacet
  facet normal -0 0 1
    outer loop
      vertex -42.8429 9.10653 10
      vertex -30 7.5 10
      vertex -42.1033 12.0729 10
    endloop
  endfacet
  facet normal 0 0 1
    outer loop
      vertex -30 -7.5 10
      vertex -41.1585 -14.9805 10
      vertex -40.0133 -17.8151 10
    endloop
  endfacet
  facet normal 0 0 1
    outer loop
      vertex -43.3737 6.09578 10
      vertex -30 7.5 10
      vertex -42.8429 9.10653 10
    endloop
  endfacet
  facet normal 0 0 1
    outer loop
      vertex -30 -7.5 10
      vertex -42.1033 -12.0729 10
      vertex -41.1585 -14.9805 10
    endloop
  endfacet
  facet normal 0 0 1
    outer loop
      vertex -43.6933 3.05533 10
      vertex -30 7.5 10
      vertex -43.3737 6.09578 10
    endloop
  endfacet
  facet normal 0 0 1
    outer loop
      vertex -30 -7.5 10
      vertex -42.8429 -9.10653 10
      vertex -42.1033 -12.0729 10
    endloop
  endfacet
  facet normal 0 0 1
    outer loop
      vertex -43.8 0 10
      vertex -30 7.5 10
      vertex -43.6933 3.05533 10
    endloop
  endfacet
  facet normal 0 0 1
    outer loop
      vertex -30 -7.5 10
      vertex -43.3737 -6.09578 10
      vertex -42.8429 -9.10653 10
    endloop
  endfacet
  facet normal 0 0 1
    outer loop
      vertex -30 7.5 10
      vertex -43.8 0 10
      vertex -30 -7.5 10
    endloop
  endfacet
  facet normal 0 0 1
    outer loop
      vertex -30 -7.5 10
      vertex -43.6933 -3.05533 10
      vertex -43.3737 -6.09578 10
    endloop
  endfacet
  facet normal 0 0 1
    outer loop
      vertex -30 -7.5 10
      vertex -43.8 0 10
      vertex -43.6933 -3.05533 10
    endloop
  endfacet
  facet normal -0.984812 -0.173624 0
    outer loop
      vertex -42.8429 -9.10653 0
      vertex -43.3737 -6.09578 10
      vertex -43.3737 -6.09578 0
    endloop
  endfacet
  facet normal -0.984812 -0.173624 0
    outer loop
      vertex -43.3737 -6.09578 10
      vertex -42.8429 -9.10653 0
      vertex -42.8429 -9.10653 10
    endloop
  endfacet
  facet normal 0.743149 -0.669126 0
    outer loop
      vertex 31.5071 -30.426 10
      vertex 33.5527 -28.1541 0
      vertex 33.5527 -28.1541 10
    endloop
  endfacet
  facet normal 0.743149 -0.669126 0
    outer loop
      vertex 33.5527 -28.1541 0
      vertex 31.5071 -30.426 10
      vertex 31.5071 -30.426 0
    endloop
  endfacet
  facet normal -0.994521 0.10454 0
    outer loop
      vertex -43.6933 3.05533 0
      vertex -43.3737 6.09578 10
      vertex -43.3737 6.09578 0
    endloop
  endfacet
  facet normal -0.994521 0.10454 0
    outer loop
      vertex -43.3737 6.09578 10
      vertex -43.6933 3.05533 0
      vertex -43.6933 3.05533 10
    endloop
  endfacet
  facet normal -0.694651 0.719347 0
    outer loop
      vertex -29.3079 32.5497 0
      vertex -31.5071 30.426 10
      vertex -29.3079 32.5497 10
    endloop
  endfacet
  facet normal -0.694651 0.719347 0
    outer loop
      vertex -31.5071 30.426 10
      vertex -29.3079 32.5497 0
      vertex -31.5071 30.426 0
    endloop
  endfacet
  facet normal -0.469486 -0.88294 0
    outer loop
      vertex -21.9 -37.9319 0
      vertex -19.2007 -39.3672 10
      vertex -21.9 -37.9319 10
    endloop
  endfacet
  facet normal -0.469486 -0.88294 -0
    outer loop
      vertex -19.2007 -39.3672 10
      vertex -21.9 -37.9319 0
      vertex -19.2007 -39.3672 0
    endloop
  endfacet
  facet normal 0.95105 -0.309036 0
    outer loop
      vertex 41.1585 -14.9805 10
      vertex 42.1033 -12.0729 0
      vertex 42.1033 -12.0729 10
    endloop
  endfacet
  facet normal 0.95105 -0.309036 0
    outer loop
      vertex 42.1033 -12.0729 0
      vertex 41.1585 -14.9805 10
      vertex 41.1585 -14.9805 0
    endloop
  endfacet
  facet normal -0.13918 0.990267 0
    outer loop
      vertex -4.57835 43.5601 0
      vertex -7.60579 43.1346 10
      vertex -4.57835 43.5601 10
    endloop
  endfacet
  facet normal -0.13918 0.990267 0
    outer loop
      vertex -7.60579 43.1346 10
      vertex -4.57835 43.5601 0
      vertex -7.60579 43.1346 0
    endloop
  endfacet
  facet normal -0.829029 -0.559206 0
    outer loop
      vertex -35.4349 -25.745 0
      vertex -37.1445 -23.2105 10
      vertex -37.1445 -23.2105 0
    endloop
  endfacet
  facet normal -0.829029 -0.559206 0
    outer loop
      vertex -37.1445 -23.2105 10
      vertex -35.4349 -25.745 0
      vertex -35.4349 -25.745 10
    endloop
  endfacet
  facet normal 0.970296 -0.241922 0
    outer loop
      vertex 42.1033 -12.0729 10
      vertex 42.8429 -9.10653 0
      vertex 42.8429 -9.10653 10
    endloop
  endfacet
  facet normal 0.970296 -0.241922 0
    outer loop
      vertex 42.8429 -9.10653 0
      vertex 42.1033 -12.0729 10
      vertex 42.1033 -12.0729 0
    endloop
  endfacet
  facet normal 0.994521 -0.10454 0
    outer loop
      vertex 43.3737 -6.09578 10
      vertex 43.6933 -3.05533 0
      vertex 43.6933 -3.05533 10
    endloop
  endfacet
  facet normal 0.994521 -0.10454 0
    outer loop
      vertex 43.6933 -3.05533 0
      vertex 43.3737 -6.09578 10
      vertex 43.3737 -6.09578 0
    endloop
  endfacet
  facet normal -0.469486 0.88294 0
    outer loop
      vertex -19.2007 39.3672 0
      vertex -21.9 37.9319 10
      vertex -19.2007 39.3672 10
    endloop
  endfacet
  facet normal -0.469486 0.88294 0
    outer loop
      vertex -21.9 37.9319 10
      vertex -19.2007 39.3672 0
      vertex -21.9 37.9319 0
    endloop
  endfacet
  facet normal -0.743149 0.669126 0
    outer loop
      vertex -33.5527 28.1541 0
      vertex -31.5071 30.426 10
      vertex -31.5071 30.426 0
    endloop
  endfacet
  facet normal -0.743149 0.669126 0
    outer loop
      vertex -31.5071 30.426 10
      vertex -33.5527 28.1541 0
      vertex -33.5527 28.1541 10
    endloop
  endfacet
  facet normal -0.529934 -0.848039 0
    outer loop
      vertex -24.4926 -36.3118 0
      vertex -21.9 -37.9319 10
      vertex -24.4926 -36.3118 10
    endloop
  endfacet
  facet normal -0.529934 -0.848039 -0
    outer loop
      vertex -21.9 -37.9319 10
      vertex -24.4926 -36.3118 0
      vertex -21.9 -37.9319 0
    endloop
  endfacet
  facet normal -0.95105 0.309036 0
    outer loop
      vertex -42.1033 12.0729 0
      vertex -41.1585 14.9805 10
      vertex -41.1585 14.9805 0
    endloop
  endfacet
  facet normal -0.95105 0.309036 0
    outer loop
      vertex -41.1585 14.9805 10
      vertex -42.1033 12.0729 0
      vertex -42.1033 12.0729 10
    endloop
  endfacet
  facet normal 0.207902 0.97815 -0
    outer loop
      vertex 10.5962 42.499 0
      vertex 7.60579 43.1346 10
      vertex 10.5962 42.499 10
    endloop
  endfacet
  facet normal 0.207902 0.97815 0
    outer loop
      vertex 7.60579 43.1346 10
      vertex 10.5962 42.499 0
      vertex 7.60579 43.1346 0
    endloop
  endfacet
  facet normal 0.529934 0.848039 -0
    outer loop
      vertex 24.4926 36.3118 0
      vertex 21.9 37.9319 10
      vertex 24.4926 36.3118 10
    endloop
  endfacet
  facet normal 0.529934 0.848039 0
    outer loop
      vertex 21.9 37.9319 10
      vertex 24.4926 36.3118 0
      vertex 21.9 37.9319 0
    endloop
  endfacet
  facet normal 0 -1 0
    outer loop
      vertex -1.5286 -43.7733 0
      vertex 1.5286 -43.7733 10
      vertex -1.5286 -43.7733 10
    endloop
  endfacet
  facet normal 0 -1 -0
    outer loop
      vertex 1.5286 -43.7733 10
      vertex -1.5286 -43.7733 0
      vertex 1.5286 -43.7733 0
    endloop
  endfacet
  facet normal -0.27565 -0.961258 0
    outer loop
      vertex -13.5349 -41.6563 0
      vertex -10.5962 -42.499 10
      vertex -13.5349 -41.6563 10
    endloop
  endfacet
  facet normal -0.27565 -0.961258 -0
    outer loop
      vertex -10.5962 -42.499 10
      vertex -13.5349 -41.6563 0
      vertex -10.5962 -42.499 0
    endloop
  endfacet
  facet normal -0.342006 -0.939698 0
    outer loop
      vertex -16.4078 -40.6107 0
      vertex -13.5349 -41.6563 10
      vertex -16.4078 -40.6107 10
    endloop
  endfacet
  facet normal -0.342006 -0.939698 -0
    outer loop
      vertex -13.5349 -41.6563 10
      vertex -16.4078 -40.6107 0
      vertex -13.5349 -41.6563 0
    endloop
  endfacet
  facet normal 0.587757 0.809037 -0
    outer loop
      vertex 26.966 34.5149 0
      vertex 24.4926 36.3118 10
      vertex 26.966 34.5149 10
    endloop
  endfacet
  facet normal 0.587757 0.809037 0
    outer loop
      vertex 24.4926 36.3118 10
      vertex 26.966 34.5149 0
      vertex 24.4926 36.3118 0
    endloop
  endfacet
  facet normal 0.866024 -0.500002 0
    outer loop
      vertex 37.1445 -23.2105 10
      vertex 38.6731 -20.5629 0
      vertex 38.6731 -20.5629 10
    endloop
  endfacet
  facet normal 0.866024 -0.500002 0
    outer loop
      vertex 38.6731 -20.5629 0
      vertex 37.1445 -23.2105 10
      vertex 37.1445 -23.2105 0
    endloop
  endfacet
  facet normal 0.342006 0.939698 -0
    outer loop
      vertex 16.4078 40.6107 0
      vertex 13.5349 41.6563 10
      vertex 16.4078 40.6107 10
    endloop
  endfacet
  facet normal 0.342006 0.939698 0
    outer loop
      vertex 13.5349 41.6563 10
      vertex 16.4078 40.6107 0
      vertex 13.5349 41.6563 0
    endloop
  endfacet
  facet normal 0.92719 0.374592 0
    outer loop
      vertex 41.1585 14.9805 10
      vertex 40.0133 17.8151 0
      vertex 40.0133 17.8151 10
    endloop
  endfacet
  facet normal 0.92719 0.374592 0
    outer loop
      vertex 40.0133 17.8151 0
      vertex 41.1585 14.9805 10
      vertex 41.1585 14.9805 0
    endloop
  endfacet
  facet normal -0.342006 0.939698 0
    outer loop
      vertex -13.5349 41.6563 0
      vertex -16.4078 40.6107 10
      vertex -13.5349 41.6563 10
    endloop
  endfacet
  facet normal -0.342006 0.939698 0
    outer loop
      vertex -16.4078 40.6107 10
      vertex -13.5349 41.6563 0
      vertex -16.4078 40.6107 0
    endloop
  endfacet
  facet normal -0.529934 0.848039 0
    outer loop
      vertex -21.9 37.9319 0
      vertex -24.4926 36.3118 10
      vertex -21.9 37.9319 10
    endloop
  endfacet
  facet normal -0.529934 0.848039 0
    outer loop
      vertex -24.4926 36.3118 10
      vertex -21.9 37.9319 0
      vertex -24.4926 36.3118 0
    endloop
  endfacet
  facet normal 0.984812 0.173624 0
    outer loop
      vertex 43.3737 6.09578 10
      vertex 42.8429 9.10653 0
      vertex 42.8429 9.10653 10
    endloop
  endfacet
  facet normal 0.984812 0.173624 0
    outer loop
      vertex 42.8429 9.10653 0
      vertex 43.3737 6.09578 10
      vertex 43.3737 6.09578 0
    endloop
  endfacet
  facet normal -0.829029 0.559206 0
    outer loop
      vertex -37.1445 23.2105 0
      vertex -35.4349 25.745 10
      vertex -35.4349 25.745 0
    endloop
  endfacet
  facet normal -0.829029 0.559206 0
    outer loop
      vertex -35.4349 25.745 10
      vertex -37.1445 23.2105 0
      vertex -37.1445 23.2105 10
    endloop
  endfacet
  facet normal 0.78801 0.615662 0
    outer loop
      vertex 35.4349 25.745 10
      vertex 33.5527 28.1541 0
      vertex 33.5527 28.1541 10
    endloop
  endfacet
  facet normal 0.78801 0.615662 0
    outer loop
      vertex 33.5527 28.1541 0
      vertex 35.4349 25.745 10
      vertex 35.4349 25.745 0
    endloop
  endfacet
  facet normal -0.984812 0.173624 0
    outer loop
      vertex -43.3737 6.09578 0
      vertex -42.8429 9.10653 10
      vertex -42.8429 9.10653 0
    endloop
  endfacet
  facet normal -0.984812 0.173624 0
    outer loop
      vertex -42.8429 9.10653 10
      vertex -43.3737 6.09578 0
      vertex -43.3737 6.09578 10
    endloop
  endfacet
  facet normal -0.866024 -0.500002 0
    outer loop
      vertex -37.1445 -23.2105 0
      vertex -38.6731 -20.5629 10
      vertex -38.6731 -20.5629 0
    endloop
  endfacet
  facet normal -0.866024 -0.500002 0
    outer loop
      vertex -38.6731 -20.5629 10
      vertex -37.1445 -23.2105 0
      vertex -37.1445 -23.2105 10
    endloop
  endfacet
  facet normal 0.207902 -0.97815 0
    outer loop
      vertex 7.60579 -43.1346 0
      vertex 10.5962 -42.499 10
      vertex 7.60579 -43.1346 10
    endloop
  endfacet
  facet normal 0.207902 -0.97815 0
    outer loop
      vertex 10.5962 -42.499 10
      vertex 7.60579 -43.1346 0
      vertex 10.5962 -42.499 0
    endloop
  endfacet
  facet normal 0.694651 -0.719347 0
    outer loop
      vertex 29.3079 -32.5497 0
      vertex 31.5071 -30.426 10
      vertex 29.3079 -32.5497 10
    endloop
  endfacet
  facet normal 0.694651 -0.719347 0
    outer loop
      vertex 31.5071 -30.426 10
      vertex 29.3079 -32.5497 0
      vertex 31.5071 -30.426 0
    endloop
  endfacet
  facet normal -0.694651 -0.719347 0
    outer loop
      vertex -31.5071 -30.426 0
      vertex -29.3079 -32.5497 10
      vertex -31.5071 -30.426 10
    endloop
  endfacet
  facet normal -0.694651 -0.719347 -0
    outer loop
      vertex -29.3079 -32.5497 10
      vertex -31.5071 -30.426 0
      vertex -29.3079 -32.5497 0
    endloop
  endfacet
  facet normal 0.13918 0.990267 -0
    outer loop
      vertex 7.60579 43.1346 0
      vertex 4.57835 43.5601 10
      vertex 7.60579 43.1346 10
    endloop
  endfacet
  facet normal 0.13918 0.990267 0
    outer loop
      vertex 4.57835 43.5601 10
      vertex 7.60579 43.1346 0
      vertex 4.57835 43.5601 0
    endloop
  endfacet
  facet normal -0.743149 -0.669126 0
    outer loop
      vertex -31.5071 -30.426 0
      vertex -33.5527 -28.1541 10
      vertex -33.5527 -28.1541 0
    endloop
  endfacet
  facet normal -0.743149 -0.669126 0
    outer loop
      vertex -33.5527 -28.1541 10
      vertex -31.5071 -30.426 0
      vertex -31.5071 -30.426 10
    endloop
  endfacet
  facet normal -0.642809 -0.766026 0
    outer loop
      vertex -29.3079 -32.5497 0
      vertex -26.966 -34.5149 10
      vertex -29.3079 -32.5497 10
    endloop
  endfacet
  facet normal -0.642809 -0.766026 -0
    outer loop
      vertex -26.966 -34.5149 10
      vertex -29.3079 -32.5497 0
      vertex -26.966 -34.5149 0
    endloop
  endfacet
  facet normal 0.469486 -0.88294 0
    outer loop
      vertex 19.2007 -39.3672 0
      vertex 21.9 -37.9319 10
      vertex 19.2007 -39.3672 10
    endloop
  endfacet
  facet normal 0.469486 -0.88294 0
    outer loop
      vertex 21.9 -37.9319 10
      vertex 19.2007 -39.3672 0
      vertex 21.9 -37.9319 0
    endloop
  endfacet
  facet normal -0.587757 0.809037 0
    outer loop
      vertex -24.4926 36.3118 0
      vertex -26.966 34.5149 10
      vertex -24.4926 36.3118 10
    endloop
  endfacet
  facet normal -0.587757 0.809037 0
    outer loop
      vertex -26.966 34.5149 10
      vertex -24.4926 36.3118 0
      vertex -26.966 34.5149 0
    endloop
  endfacet
  facet normal -0.78801 0.615662 0
    outer loop
      vertex -35.4349 25.745 0
      vertex -33.5527 28.1541 10
      vertex -33.5527 28.1541 0
    endloop
  endfacet
  facet normal -0.78801 0.615662 0
    outer loop
      vertex -33.5527 28.1541 10
      vertex -35.4349 25.745 0
      vertex -35.4349 25.745 10
    endloop
  endfacet
  facet normal -0.78801 -0.615662 0
    outer loop
      vertex -33.5527 -28.1541 0
      vertex -35.4349 -25.745 10
      vertex -35.4349 -25.745 0
    endloop
  endfacet
  facet normal -0.78801 -0.615662 0
    outer loop
      vertex -35.4349 -25.745 10
      vertex -33.5527 -28.1541 0
      vertex -33.5527 -28.1541 10
    endloop
  endfacet
  facet normal 0.984812 -0.173624 0
    outer loop
      vertex 42.8429 -9.10653 10
      vertex 43.3737 -6.09578 0
      vertex 43.3737 -6.09578 10
    endloop
  endfacet
  facet normal 0.984812 -0.173624 0
    outer loop
      vertex 43.3737 -6.09578 0
      vertex 42.8429 -9.10653 10
      vertex 42.8429 -9.10653 0
    endloop
  endfacet
  facet normal -0.13918 -0.990267 0
    outer loop
      vertex -7.60579 -43.1346 0
      vertex -4.57835 -43.5601 10
      vertex -7.60579 -43.1346 10
    endloop
  endfacet
  facet normal -0.13918 -0.990267 -0
    outer loop
      vertex -4.57835 -43.5601 10
      vertex -7.60579 -43.1346 0
      vertex -4.57835 -43.5601 0
    endloop
  endfacet
  facet normal 0.743149 0.669126 0
    outer loop
      vertex 33.5527 28.1541 10
      vertex 31.5071 30.426 0
      vertex 31.5071 30.426 10
    endloop
  endfacet
  facet normal 0.743149 0.669126 0
    outer loop
      vertex 31.5071 30.426 0
      vertex 33.5527 28.1541 10
      vertex 33.5527 28.1541 0
    endloop
  endfacet
  facet normal 0.898793 -0.438373 0
    outer loop
      vertex 38.6731 -20.5629 10
      vertex 40.0133 -17.8151 0
      vertex 40.0133 -17.8151 10
    endloop
  endfacet
  facet normal 0.898793 -0.438373 0
    outer loop
      vertex 40.0133 -17.8151 0
      vertex 38.6731 -20.5629 10
      vertex 38.6731 -20.5629 0
    endloop
  endfacet
  facet normal 0.92719 -0.374592 0
    outer loop
      vertex 40.0133 -17.8151 10
      vertex 41.1585 -14.9805 0
      vertex 41.1585 -14.9805 10
    endloop
  endfacet
  facet normal 0.92719 -0.374592 0
    outer loop
      vertex 41.1585 -14.9805 0
      vertex 40.0133 -17.8151 10
      vertex 40.0133 -17.8151 0
    endloop
  endfacet
  facet normal -0.866024 0.500002 0
    outer loop
      vertex -38.6731 20.5629 0
      vertex -37.1445 23.2105 10
      vertex -37.1445 23.2105 0
    endloop
  endfacet
  facet normal -0.866024 0.500002 0
    outer loop
      vertex -37.1445 23.2105 10
      vertex -38.6731 20.5629 0
      vertex -38.6731 20.5629 10
    endloop
  endfacet
  facet normal -0.92719 -0.374592 0
    outer loop
      vertex -40.0133 -17.8151 0
      vertex -41.1585 -14.9805 10
      vertex -41.1585 -14.9805 0
    endloop
  endfacet
  facet normal -0.92719 -0.374592 0
    outer loop
      vertex -41.1585 -14.9805 10
      vertex -40.0133 -17.8151 0
      vertex -40.0133 -17.8151 10
    endloop
  endfacet
  facet normal 0.529919 -0.848049 0
    outer loop
      vertex 24.85 -43.0415 400
      vertex 27.7919 -41.2032 420
      vertex 24.85 -43.0415 420
    endloop
  endfacet
  facet normal 0.529919 -0.848049 0
    outer loop
      vertex 27.7919 -41.2032 420
      vertex 24.85 -43.0415 400
      vertex 27.7919 -41.2032 400
    endloop
  endfacet
  facet normal 0.994522 0.104526 0
    outer loop
      vertex 49.5789 3.4669 420
      vertex 49.2163 6.9169 400
      vertex 49.2163 6.9169 420
    endloop
  endfacet
  facet normal 0.994522 0.104526 0
    outer loop
      vertex 49.2163 6.9169 400
      vertex 49.5789 3.4669 420
      vertex 49.5789 3.4669 400
    endloop
  endfacet
  facet normal 0.99939 0.0349091 0
    outer loop
      vertex 49.7 0 420
      vertex 49.5789 3.4669 400
      vertex 49.5789 3.4669 420
    endloop
  endfacet
  facet normal 0.99939 0.0349091 0
    outer loop
      vertex 49.5789 3.4669 400
      vertex 49.7 0 420
      vertex 49.7 0 400
    endloop
  endfacet
  facet normal -0.86603 -0.499993 0
    outer loop
      vertex -42.148 -26.337 400
      vertex -43.8825 -23.3327 420
      vertex -43.8825 -23.3327 400
    endloop
  endfacet
  facet normal -0.86603 -0.499993 0
    outer loop
      vertex -43.8825 -23.3327 420
      vertex -42.148 -26.337 400
      vertex -42.148 -26.337 420
    endloop
  endfacet
  facet normal 0.788014 0.615657 0
    outer loop
      vertex 40.2081 29.2129 420
      vertex 38.0724 31.9465 400
      vertex 38.0724 31.9465 420
    endloop
  endfacet
  facet normal 0.788014 0.615657 0
    outer loop
      vertex 38.0724 31.9465 400
      vertex 40.2081 29.2129 420
      vertex 40.2081 29.2129 400
    endloop
  endfacet
  facet normal -0.139175 0.990268 0
    outer loop
      vertex -5.19506 49.4277 400
      vertex -8.63031 48.9449 420
      vertex -5.19506 49.4277 420
    endloop
  endfacet
  facet normal -0.139175 0.990268 0
    outer loop
      vertex -8.63031 48.9449 420
      vertex -5.19506 49.4277 400
      vertex -8.63031 48.9449 400
    endloop
  endfacet
  facet normal -0.0697605 0.997564 0
    outer loop
      vertex -1.7345 49.6697 400
      vertex -5.19506 49.4277 420
      vertex -1.7345 49.6697 420
    endloop
  endfacet
  facet normal -0.0697605 0.997564 0
    outer loop
      vertex -5.19506 49.4277 420
      vertex -1.7345 49.6697 400
      vertex -5.19506 49.4277 400
    endloop
  endfacet
  facet normal 0.829027 0.559209 0
    outer loop
      vertex 42.148 26.337 420
      vertex 40.2081 29.2129 400
      vertex 40.2081 29.2129 420
    endloop
  endfacet
  facet normal 0.829027 0.559209 0
    outer loop
      vertex 40.2081 29.2129 400
      vertex 42.148 26.337 420
      vertex 42.148 26.337 400
    endloop
  endfacet
  facet normal 0.99939 -0.0349091 0
    outer loop
      vertex 49.5789 -3.4669 420
      vertex 49.7 0 400
      vertex 49.7 0 420
    endloop
  endfacet
  facet normal 0.99939 -0.0349091 0
    outer loop
      vertex 49.7 0 400
      vertex 49.5789 -3.4669 420
      vertex 49.5789 -3.4669 400
    endloop
  endfacet
  facet normal 0.207899 -0.97815 0
    outer loop
      vertex 8.63031 -48.9449 400
      vertex 12.0235 -48.2237 420
      vertex 8.63031 -48.9449 420
    endloop
  endfacet
  facet normal 0.207899 -0.97815 0
    outer loop
      vertex 12.0235 -48.2237 420
      vertex 8.63031 -48.9449 400
      vertex 12.0235 -48.2237 400
    endloop
  endfacet
  facet normal 0.342028 0.93969 -0
    outer loop
      vertex 18.6179 46.081 400
      vertex 15.3581 47.2675 420
      vertex 18.6179 46.081 420
    endloop
  endfacet
  facet normal 0.342028 0.93969 0
    outer loop
      vertex 15.3581 47.2675 420
      vertex 18.6179 46.081 400
      vertex 15.3581 47.2675 400
    endloop
  endfacet
  facet normal 0.927185 -0.374604 0
    outer loop
      vertex 45.4032 -20.2148 420
      vertex 46.7027 -16.9984 400
      vertex 46.7027 -16.9984 420
    endloop
  endfacet
  facet normal 0.927185 -0.374604 0
    outer loop
      vertex 46.7027 -16.9984 400
      vertex 45.4032 -20.2148 420
      vertex 45.4032 -20.2148 400
    endloop
  endfacet
  facet normal 0.86603 -0.499993 0
    outer loop
      vertex 42.148 -26.337 420
      vertex 43.8825 -23.3327 400
      vertex 43.8825 -23.3327 420
    endloop
  endfacet
  facet normal 0.86603 -0.499993 0
    outer loop
      vertex 43.8825 -23.3327 400
      vertex 42.148 -26.337 420
      vertex 42.148 -26.337 400
    endloop
  endfacet
  facet normal 0.139175 0.990268 -0
    outer loop
      vertex 8.63031 48.9449 400
      vertex 5.19506 49.4277 420
      vertex 8.63031 48.9449 420
    endloop
  endfacet
  facet normal 0.139175 0.990268 0
    outer loop
      vertex 5.19506 49.4277 420
      vertex 8.63031 48.9449 400
      vertex 5.19506 49.4277 400
    endloop
  endfacet
  facet normal 0.788014 -0.615657 0
    outer loop
      vertex 38.0724 -31.9465 420
      vertex 40.2081 -29.2129 400
      vertex 40.2081 -29.2129 420
    endloop
  endfacet
  facet normal 0.788014 -0.615657 0
    outer loop
      vertex 40.2081 -29.2129 400
      vertex 38.0724 -31.9465 420
      vertex 38.0724 -31.9465 400
    endloop
  endfacet
  facet normal 0.994522 -0.104526 0
    outer loop
      vertex 49.2163 -6.9169 420
      vertex 49.5789 -3.4669 400
      vertex 49.5789 -3.4669 420
    endloop
  endfacet
  facet normal 0.994522 -0.104526 0
    outer loop
      vertex 49.5789 -3.4669 400
      vertex 49.2163 -6.9169 420
      vertex 49.2163 -6.9169 400
    endloop
  endfacet
  facet normal -0.406719 -0.913553 0
    outer loop
      vertex -21.787 -44.6701 400
      vertex -18.6179 -46.081 420
      vertex -21.787 -44.6701 420
    endloop
  endfacet
  facet normal -0.406719 -0.913553 -0
    outer loop
      vertex -18.6179 -46.081 420
      vertex -21.787 -44.6701 400
      vertex -18.6179 -46.081 400
    endloop
  endfacet
  facet normal -0.0697605 -0.997564 0
    outer loop
      vertex -5.19506 -49.4277 400
      vertex -1.7345 -49.6697 420
      vertex -5.19506 -49.4277 420
    endloop
  endfacet
  facet normal -0.0697605 -0.997564 -0
    outer loop
      vertex -1.7345 -49.6697 420
      vertex -5.19506 -49.4277 400
      vertex -1.7345 -49.6697 400
    endloop
  endfacet
  facet normal -0.99939 -0.0349091 0
    outer loop
      vertex -49.5789 -3.4669 400
      vertex -49.7 0 420
      vertex -49.7 0 400
    endloop
  endfacet
  facet normal -0.99939 -0.0349091 0
    outer loop
      vertex -49.7 0 420
      vertex -49.5789 -3.4669 400
      vertex -49.5789 -3.4669 420
    endloop
  endfacet
  facet normal 0.951054 0.309023 0
    outer loop
      vertex 47.7747 13.6992 420
      vertex 46.7027 16.9984 400
      vertex 46.7027 16.9984 420
    endloop
  endfacet
  facet normal 0.951054 0.309023 0
    outer loop
      vertex 46.7027 16.9984 400
      vertex 47.7747 13.6992 420
      vertex 47.7747 13.6992 400
    endloop
  endfacet
  facet normal -0.342028 0.93969 0
    outer loop
      vertex -15.3581 47.2675 400
      vertex -18.6179 46.081 420
      vertex -15.3581 47.2675 420
    endloop
  endfacet
  facet normal -0.342028 0.93969 0
    outer loop
      vertex -18.6179 46.081 420
      vertex -15.3581 47.2675 400
      vertex -18.6179 46.081 400
    endloop
  endfacet
  facet normal -0.970298 0.241912 0
    outer loop
      vertex -48.6139 10.3332 400
      vertex -47.7747 13.6992 420
      vertex -47.7747 13.6992 400
    endloop
  endfacet
  facet normal -0.970298 0.241912 0
    outer loop
      vertex -47.7747 13.6992 420
      vertex -48.6139 10.3332 400
      vertex -48.6139 10.3332 420
    endloop
  endfacet
  facet normal -0.951054 0.309023 0
    outer loop
      vertex -47.7747 13.6992 400
      vertex -46.7027 16.9984 420
      vertex -46.7027 16.9984 400
    endloop
  endfacet
  facet normal -0.951054 0.309023 0
    outer loop
      vertex -46.7027 16.9984 420
      vertex -47.7747 13.6992 400
      vertex -47.7747 13.6992 420
    endloop
  endfacet
  facet normal -0.788014 0.615657 0
    outer loop
      vertex -40.2081 29.2129 400
      vertex -38.0724 31.9465 420
      vertex -38.0724 31.9465 400
    endloop
  endfacet
  facet normal -0.788014 0.615657 0
    outer loop
      vertex -38.0724 31.9465 420
      vertex -40.2081 29.2129 400
      vertex -40.2081 29.2129 420
    endloop
  endfacet
  facet normal 0.406719 0.913553 -0
    outer loop
      vertex 21.787 44.6701 400
      vertex 18.6179 46.081 420
      vertex 21.787 44.6701 420
    endloop
  endfacet
  facet normal 0.406719 0.913553 0
    outer loop
      vertex 18.6179 46.081 420
      vertex 21.787 44.6701 400
      vertex 18.6179 46.081 400
    endloop
  endfacet
  facet normal 0.743151 0.669124 0
    outer loop
      vertex 38.0724 31.9465 420
      vertex 35.7512 34.5245 400
      vertex 35.7512 34.5245 420
    endloop
  endfacet
  facet normal 0.743151 0.669124 0
    outer loop
      vertex 35.7512 34.5245 400
      vertex 38.0724 31.9465 420
      vertex 38.0724 31.9465 400
    endloop
  endfacet
  facet normal 0.898794 0.438371 0
    outer loop
      vertex 45.4032 20.2148 420
      vertex 43.8825 23.3327 400
      vertex 43.8825 23.3327 420
    endloop
  endfacet
  facet normal 0.898794 0.438371 0
    outer loop
      vertex 43.8825 23.3327 400
      vertex 45.4032 20.2148 420
      vertex 45.4032 20.2148 400
    endloop
  endfacet
  facet normal 0.642784 0.766048 -0
    outer loop
      vertex 33.2558 36.9343 400
      vertex 30.5984 39.1641 420
      vertex 33.2558 36.9343 420
    endloop
  endfacet
  facet normal 0.642784 0.766048 0
    outer loop
      vertex 30.5984 39.1641 420
      vertex 33.2558 36.9343 400
      vertex 30.5984 39.1641 400
    endloop
  endfacet
  facet normal 0.0697605 0.997564 -0
    outer loop
      vertex 5.19506 49.4277 400
      vertex 1.7345 49.6697 420
      vertex 5.19506 49.4277 420
    endloop
  endfacet
  facet normal 0.0697605 0.997564 0
    outer loop
      vertex 1.7345 49.6697 420
      vertex 5.19506 49.4277 400
      vertex 1.7345 49.6697 400
    endloop
  endfacet
  facet normal -0.984807 0.173652 0
    outer loop
      vertex -49.2163 6.9169 400
      vertex -48.6139 10.3332 420
      vertex -48.6139 10.3332 400
    endloop
  endfacet
  facet normal -0.984807 0.173652 0
    outer loop
      vertex -48.6139 10.3332 420
      vertex -49.2163 6.9169 400
      vertex -49.2163 6.9169 420
    endloop
  endfacet
  facet normal 0.529919 0.848049 -0
    outer loop
      vertex 27.7919 41.2032 400
      vertex 24.85 43.0415 420
      vertex 27.7919 41.2032 420
    endloop
  endfacet
  facet normal 0.529919 0.848049 0
    outer loop
      vertex 24.85 43.0415 420
      vertex 27.7919 41.2032 400
      vertex 24.85 43.0415 400
    endloop
  endfacet
  facet normal 0.0697605 -0.997564 0
    outer loop
      vertex 1.7345 -49.6697 400
      vertex 5.19506 -49.4277 420
      vertex 1.7345 -49.6697 420
    endloop
  endfacet
  facet normal 0.0697605 -0.997564 0
    outer loop
      vertex 5.19506 -49.4277 420
      vertex 1.7345 -49.6697 400
      vertex 5.19506 -49.4277 400
    endloop
  endfacet
  facet normal 0.406719 -0.913553 0
    outer loop
      vertex 18.6179 -46.081 400
      vertex 21.787 -44.6701 420
      vertex 18.6179 -46.081 420
    endloop
  endfacet
  facet normal 0.406719 -0.913553 0
    outer loop
      vertex 21.787 -44.6701 420
      vertex 18.6179 -46.081 400
      vertex 21.787 -44.6701 400
    endloop
  endfacet
  facet normal 0.587796 0.809009 -0
    outer loop
      vertex 30.5984 39.1641 400
      vertex 27.7919 41.2032 420
      vertex 30.5984 39.1641 420
    endloop
  endfacet
  facet normal 0.587796 0.809009 0
    outer loop
      vertex 27.7919 41.2032 420
      vertex 30.5984 39.1641 400
      vertex 27.7919 41.2032 400
    endloop
  endfacet
  facet normal -0.469466 0.882951 0
    outer loop
      vertex -21.787 44.6701 400
      vertex -24.85 43.0415 420
      vertex -21.787 44.6701 420
    endloop
  endfacet
  facet normal -0.469466 0.882951 0
    outer loop
      vertex -24.85 43.0415 420
      vertex -21.787 44.6701 400
      vertex -24.85 43.0415 400
    endloop
  endfacet
  facet normal 0.694661 0.719337 -0
    outer loop
      vertex 35.7512 34.5245 400
      vertex 33.2558 36.9343 420
      vertex 35.7512 34.5245 420
    endloop
  endfacet
  facet normal 0.694661 0.719337 0
    outer loop
      vertex 33.2558 36.9343 420
      vertex 35.7512 34.5245 400
      vertex 33.2558 36.9343 400
    endloop
  endfacet
  facet normal -0.994522 -0.104526 0
    outer loop
      vertex -49.2163 -6.9169 400
      vertex -49.5789 -3.4669 420
      vertex -49.5789 -3.4669 400
    endloop
  endfacet
  facet normal -0.994522 -0.104526 0
    outer loop
      vertex -49.5789 -3.4669 420
      vertex -49.2163 -6.9169 400
      vertex -49.2163 -6.9169 420
    endloop
  endfacet
  facet normal -0.275642 -0.96126 0
    outer loop
      vertex -15.3581 -47.2675 400
      vertex -12.0235 -48.2237 420
      vertex -15.3581 -47.2675 420
    endloop
  endfacet
  facet normal -0.275642 -0.96126 -0
    outer loop
      vertex -12.0235 -48.2237 420
      vertex -15.3581 -47.2675 400
      vertex -12.0235 -48.2237 400
    endloop
  endfacet
  facet normal 0.970298 -0.241912 0
    outer loop
      vertex 47.7747 -13.6992 420
      vertex 48.6139 -10.3332 400
      vertex 48.6139 -10.3332 420
    endloop
  endfacet
  facet normal 0.970298 -0.241912 0
    outer loop
      vertex 48.6139 -10.3332 400
      vertex 47.7747 -13.6992 420
      vertex 47.7747 -13.6992 400
    endloop
  endfacet
  facet normal 0 0 1
    outer loop
      vertex 8 0 420
      vertex 49.7 0 420
      vertex 49.5789 3.4669 420
    endloop
  endfacet
  facet normal 0 0 1
    outer loop
      vertex 7.98051 0.558051 420
      vertex 49.5789 3.4669 420
      vertex 49.2163 6.9169 420
    endloop
  endfacet
  facet normal 0 0 1
    outer loop
      vertex 49.7 0 420
      vertex 8 0 420
      vertex 49.5789 -3.4669 420
    endloop
  endfacet
  facet normal 0 0 1
    outer loop
      vertex 7.92214 1.11338 420
      vertex 49.2163 6.9169 420
      vertex 48.6139 10.3332 420
    endloop
  endfacet
  facet normal -0 0 1
    outer loop
      vertex 7.98051 -0.558051 420
      vertex 49.5789 -3.4669 420
      vertex 8 0 420
    endloop
  endfacet
  facet normal 0 0 1
    outer loop
      vertex 7.82518 1.66329 420
      vertex 48.6139 10.3332 420
      vertex 47.7747 13.6992 420
    endloop
  endfacet
  facet normal 0 0 1
    outer loop
      vertex 49.5789 -3.4669 420
      vertex 7.98051 -0.558051 420
      vertex 49.2163 -6.9169 420
    endloop
  endfacet
  facet normal 0 0 1
    outer loop
      vertex 7.69009 2.2051 420
      vertex 47.7747 13.6992 420
      vertex 46.7027 16.9984 420
    endloop
  endfacet
  facet normal -0 0 1
    outer loop
      vertex 7.92214 -1.11338 420
      vertex 49.2163 -6.9169 420
      vertex 7.98051 -0.558051 420
    endloop
  endfacet
  facet normal 0 0 1
    outer loop
      vertex 7.51754 2.73616 420
      vertex 46.7027 16.9984 420
      vertex 45.4032 20.2148 420
    endloop
  endfacet
  facet normal 0 0 1
    outer loop
      vertex 49.2163 -6.9169 420
      vertex 7.92214 -1.11338 420
      vertex 48.6139 -10.3332 420
    endloop
  endfacet
  facet normal 0 0 1
    outer loop
      vertex 7.30836 3.25389 420
      vertex 45.4032 20.2148 420
      vertex 43.8825 23.3327 420
    endloop
  endfacet
  facet normal -0 0 1
    outer loop
      vertex 7.82518 -1.66329 420
      vertex 48.6139 -10.3332 420
      vertex 7.92214 -1.11338 420
    endloop
  endfacet
  facet normal 0 0 1
    outer loop
      vertex 7.06358 3.75577 420
      vertex 43.8825 23.3327 420
      vertex 42.148 26.337 420
    endloop
  endfacet
  facet normal 0 0 1
    outer loop
      vertex 48.6139 -10.3332 420
      vertex 7.82518 -1.66329 420
      vertex 47.7747 -13.6992 420
    endloop
  endfacet
  facet normal 0 0 1
    outer loop
      vertex 6.78438 4.23935 420
      vertex 42.148 26.337 420
      vertex 40.2081 29.2129 420
    endloop
  endfacet
  facet normal -0 0 1
    outer loop
      vertex 7.69009 -2.2051 420
      vertex 47.7747 -13.6992 420
      vertex 7.82518 -1.66329 420
    endloop
  endfacet
  facet normal 0 0 1
    outer loop
      vertex 6.47214 4.70228 420
      vertex 40.2081 29.2129 420
      vertex 38.0724 31.9465 420
    endloop
  endfacet
  facet normal 0 0 1
    outer loop
      vertex 47.7747 -13.6992 420
      vertex 7.69009 -2.2051 420
      vertex 46.7027 -16.9984 420
    endloop
  endfacet
  facet normal 0 0 1
    outer loop
      vertex 6.12836 5.1423 420
      vertex 38.0724 31.9465 420
      vertex 35.7512 34.5245 420
    endloop
  endfacet
  facet normal -0 0 1
    outer loop
      vertex 7.51754 -2.73616 420
      vertex 46.7027 -16.9984 420
      vertex 7.69009 -2.2051 420
    endloop
  endfacet
  facet normal 0 0 1
    outer loop
      vertex 5.75472 5.55727 420
      vertex 35.7512 34.5245 420
      vertex 33.2558 36.9343 420
    endloop
  endfacet
  facet normal 0 0 1
    outer loop
      vertex 46.7027 -16.9984 420
      vertex 7.51754 -2.73616 420
      vertex 45.4032 -20.2148 420
    endloop
  endfacet
  facet normal 0 0 1
    outer loop
      vertex 5.35304 5.94516 420
      vertex 33.2558 36.9343 420
      vertex 30.5984 39.1641 420
    endloop
  endfacet
  facet normal -0 0 1
    outer loop
      vertex 7.30836 -3.25389 420
      vertex 45.4032 -20.2148 420
      vertex 7.51754 -2.73616 420
    endloop
  endfacet
  facet normal 0 0 1
    outer loop
      vertex 4.92529 6.30409 420
      vertex 30.5984 39.1641 420
      vertex 27.7919 41.2032 420
    endloop
  endfacet
  facet normal 0 0 1
    outer loop
      vertex 45.4032 -20.2148 420
      vertex 7.30836 -3.25389 420
      vertex 43.8825 -23.3327 420
    endloop
  endfacet
  facet normal 0 0 1
    outer loop
      vertex 4.47354 6.6323 420
      vertex 27.7919 41.2032 420
      vertex 24.85 43.0415 420
    endloop
  endfacet
  facet normal -0 0 1
    outer loop
      vertex 7.06358 -3.75577 420
      vertex 43.8825 -23.3327 420
      vertex 7.30836 -3.25389 420
    endloop
  endfacet
  facet normal 0 0 1
    outer loop
      vertex 4 6.9282 420
      vertex 24.85 43.0415 420
      vertex 21.787 44.6701 420
    endloop
  endfacet
  facet normal 0 0 1
    outer loop
      vertex 43.8825 -23.3327 420
      vertex 7.06358 -3.75577 420
      vertex 42.148 -26.337 420
    endloop
  endfacet
  facet normal 0 0 1
    outer loop
      vertex 3.50697 7.19035 420
      vertex 21.787 44.6701 420
      vertex 18.6179 46.081 420
    endloop
  endfacet
  facet normal -0 0 1
    outer loop
      vertex 6.78438 -4.23935 420
      vertex 42.148 -26.337 420
      vertex 7.06358 -3.75577 420
    endloop
  endfacet
  facet normal 0 0 1
    outer loop
      vertex 2.99685 7.41747 420
      vertex 18.6179 46.081 420
      vertex 15.3581 47.2675 420
    endloop
  endfacet
  facet normal 0 0 1
    outer loop
      vertex 42.148 -26.337 420
      vertex 6.78438 -4.23935 420
      vertex 40.2081 -29.2129 420
    endloop
  endfacet
  facet normal 0 0 1
    outer loop
      vertex 2.47214 7.60845 420
      vertex 15.3581 47.2675 420
      vertex 12.0235 48.2237 420
    endloop
  endfacet
  facet normal -0 0 1
    outer loop
      vertex 6.47214 -4.70228 420
      vertex 40.2081 -29.2129 420
      vertex 6.78438 -4.23935 420
    endloop
  endfacet
  facet normal 0 0 1
    outer loop
      vertex 1.93537 7.76237 420
      vertex 12.0235 48.2237 420
      vertex 8.63031 48.9449 420
    endloop
  endfacet
  facet normal 0 0 1
    outer loop
      vertex 40.2081 -29.2129 420
      vertex 6.47214 -4.70228 420
      vertex 38.0724 -31.9465 420
    endloop
  endfacet
  facet normal -0 0 1
    outer loop
      vertex 6.12836 -5.1423 420
      vertex 38.0724 -31.9465 420
      vertex 6.47214 -4.70228 420
    endloop
  endfacet
  facet normal 0 0 1
    outer loop
      vertex 49.5789 3.4669 420
      vertex 7.98051 0.558051 420
      vertex 8 0 420
    endloop
  endfacet
  facet normal 0 0 1
    outer loop
      vertex 49.2163 6.9169 420
      vertex 7.92214 1.11338 420
      vertex 7.98051 0.558051 420
    endloop
  endfacet
  facet normal 0 0 1
    outer loop
      vertex 48.6139 10.3332 420
      vertex 7.82518 1.66329 420
      vertex 7.92214 1.11338 420
    endloop
  endfacet
  facet normal 0 0 1
    outer loop
      vertex 47.7747 13.6992 420
      vertex 7.69009 2.2051 420
      vertex 7.82518 1.66329 420
    endloop
  endfacet
  facet normal 0 0 1
    outer loop
      vertex 46.7027 16.9984 420
      vertex 7.51754 2.73616 420
      vertex 7.69009 2.2051 420
    endloop
  endfacet
  facet normal 0 0 1
    outer loop
      vertex 45.4032 20.2148 420
      vertex 7.30836 3.25389 420
      vertex 7.51754 2.73616 420
    endloop
  endfacet
  facet normal 0 0 1
    outer loop
      vertex 43.8825 23.3327 420
      vertex 7.06358 3.75577 420
      vertex 7.30836 3.25389 420
    endloop
  endfacet
  facet normal 0 0 1
    outer loop
      vertex 42.148 26.337 420
      vertex 6.78438 4.23935 420
      vertex 7.06358 3.75577 420
    endloop
  endfacet
  facet normal 0 0 1
    outer loop
      vertex 40.2081 29.2129 420
      vertex 6.47214 4.70228 420
      vertex 6.78438 4.23935 420
    endloop
  endfacet
  facet normal 0 0 1
    outer loop
      vertex 38.0724 31.9465 420
      vertex 6.12836 5.1423 420
      vertex 6.47214 4.70228 420
    endloop
  endfacet
  facet normal 0 0 1
    outer loop
      vertex 35.7512 34.5245 420
      vertex 5.75472 5.55727 420
      vertex 6.12836 5.1423 420
    endloop
  endfacet
  facet normal 0 0 1
    outer loop
      vertex 33.2558 36.9343 420
      vertex 5.35304 5.94516 420
      vertex 5.75472 5.55727 420
    endloop
  endfacet
  facet normal 0 0 1
    outer loop
      vertex 1.38918 7.87846 420
      vertex 8.63031 48.9449 420
      vertex 5.19506 49.4277 420
    endloop
  endfacet
  facet normal 0 0 1
    outer loop
      vertex 30.5984 39.1641 420
      vertex 4.92529 6.30409 420
      vertex 5.35304 5.94516 420
    endloop
  endfacet
  facet normal 0 0 1
    outer loop
      vertex 27.7919 41.2032 420
      vertex 4.47354 6.6323 420
      vertex 4.92529 6.30409 420
    endloop
  endfacet
  facet normal 0 0 1
    outer loop
      vertex 24.85 43.0415 420
      vertex 4 6.9282 420
      vertex 4.47354 6.6323 420
    endloop
  endfacet
  facet normal 0 0 1
    outer loop
      vertex 21.787 44.6701 420
      vertex 3.50697 7.19035 420
      vertex 4 6.9282 420
    endloop
  endfacet
  facet normal 0 0 1
    outer loop
      vertex 18.6179 46.081 420
      vertex 2.99685 7.41747 420
      vertex 3.50697 7.19035 420
    endloop
  endfacet
  facet normal 0 0 1
    outer loop
      vertex 15.3581 47.2675 420
      vertex 2.47214 7.60845 420
      vertex 2.99685 7.41747 420
    endloop
  endfacet
  facet normal 0 0 1
    outer loop
      vertex 12.0235 48.2237 420
      vertex 1.93537 7.76237 420
      vertex 2.47214 7.60845 420
    endloop
  endfacet
  facet normal 0 0 1
    outer loop
      vertex 0.836227 7.95617 420
      vertex 5.19506 49.4277 420
      vertex 1.7345 49.6697 420
    endloop
  endfacet
  facet normal 0 0 1
    outer loop
      vertex 8.63031 48.9449 420
      vertex 1.38918 7.87846 420
      vertex 1.93537 7.76237 420
    endloop
  endfacet
  facet normal 0 0 1
    outer loop
      vertex 5.19506 49.4277 420
      vertex 0.836227 7.95617 420
      vertex 1.38918 7.87846 420
    endloop
  endfacet
  facet normal 0 0 1
    outer loop
      vertex 1.7345 49.6697 420
      vertex 0.279196 7.99513 420
      vertex 0.836227 7.95617 420
    endloop
  endfacet
  facet normal 0 0 1
    outer loop
      vertex 1.7345 49.6697 420
      vertex -0.279196 7.99513 420
      vertex 0.279196 7.99513 420
    endloop
  endfacet
  facet normal -0 0 1
    outer loop
      vertex -1.7345 49.6697 420
      vertex -0.279196 7.99513 420
      vertex 1.7345 49.6697 420
    endloop
  endfacet
  facet normal 0 0 1
    outer loop
      vertex -0.279196 7.99513 420
      vertex -1.7345 49.6697 420
      vertex -0.836227 7.95617 420
    endloop
  endfacet
  facet normal -0 0 1
    outer loop
      vertex -5.19506 49.4277 420
      vertex -0.836227 7.95617 420
      vertex -1.7345 49.6697 420
    endloop
  endfacet
  facet normal 0 0 1
    outer loop
      vertex -0.836227 7.95617 420
      vertex -5.19506 49.4277 420
      vertex -1.38918 7.87846 420
    endloop
  endfacet
  facet normal -0 0 1
    outer loop
      vertex -8.63031 48.9449 420
      vertex -1.38918 7.87846 420
      vertex -5.19506 49.4277 420
    endloop
  endfacet
  facet normal 0 0 1
    outer loop
      vertex -1.38918 7.87846 420
      vertex -8.63031 48.9449 420
      vertex -1.93537 7.76237 420
    endloop
  endfacet
  facet normal -0 0 1
    outer loop
      vertex -12.0235 48.2237 420
      vertex -1.93537 7.76237 420
      vertex -8.63031 48.9449 420
    endloop
  endfacet
  facet normal 0 0 1
    outer loop
      vertex -1.93537 7.76237 420
      vertex -12.0235 48.2237 420
      vertex -2.47214 7.60845 420
    endloop
  endfacet
  facet normal -0 0 1
    outer loop
      vertex -15.3581 47.2675 420
      vertex -2.47214 7.60845 420
      vertex -12.0235 48.2237 420
    endloop
  endfacet
  facet normal 0 0 1
    outer loop
      vertex -2.47214 7.60845 420
      vertex -15.3581 47.2675 420
      vertex -2.99685 7.41747 420
    endloop
  endfacet
  facet normal -0 0 1
    outer loop
      vertex -18.6179 46.081 420
      vertex -2.99685 7.41747 420
      vertex -15.3581 47.2675 420
    endloop
  endfacet
  facet normal 0 0 1
    outer loop
      vertex -2.99685 7.41747 420
      vertex -18.6179 46.081 420
      vertex -3.50697 7.19035 420
    endloop
  endfacet
  facet normal -0 0 1
    outer loop
      vertex -21.787 44.6701 420
      vertex -3.50697 7.19035 420
      vertex -18.6179 46.081 420
    endloop
  endfacet
  facet normal 0 0 1
    outer loop
      vertex -3.50697 7.19035 420
      vertex -21.787 44.6701 420
      vertex -4 6.9282 420
    endloop
  endfacet
  facet normal -0 0 1
    outer loop
      vertex -24.85 43.0415 420
      vertex -4 6.9282 420
      vertex -21.787 44.6701 420
    endloop
  endfacet
  facet normal 0 0 1
    outer loop
      vertex -4 6.9282 420
      vertex -24.85 43.0415 420
      vertex -4.47354 6.6323 420
    endloop
  endfacet
  facet normal -0 0 1
    outer loop
      vertex -27.7919 41.2032 420
      vertex -4.47354 6.6323 420
      vertex -24.85 43.0415 420
    endloop
  endfacet
  facet normal 0 0 1
    outer loop
      vertex -4.47354 6.6323 420
      vertex -27.7919 41.2032 420
      vertex -4.92529 6.30409 420
    endloop
  endfacet
  facet normal -0 0 1
    outer loop
      vertex -30.5984 39.1641 420
      vertex -4.92529 6.30409 420
      vertex -27.7919 41.2032 420
    endloop
  endfacet
  facet normal 0 0 1
    outer loop
      vertex -4.92529 6.30409 420
      vertex -30.5984 39.1641 420
      vertex -5.35304 5.94516 420
    endloop
  endfacet
  facet normal -0 0 1
    outer loop
      vertex -33.2558 36.9343 420
      vertex -5.35304 5.94516 420
      vertex -30.5984 39.1641 420
    endloop
  endfacet
  facet normal 0 0 1
    outer loop
      vertex -5.35304 5.94516 420
      vertex -33.2558 36.9343 420
      vertex -5.75472 5.55727 420
    endloop
  endfacet
  facet normal -0 0 1
    outer loop
      vertex -35.7512 34.5245 420
      vertex -5.75472 5.55727 420
      vertex -33.2558 36.9343 420
    endloop
  endfacet
  facet normal -0 0 1
    outer loop
      vertex -38.0724 31.9465 420
      vertex -6.12836 5.1423 420
      vertex -35.7512 34.5245 420
    endloop
  endfacet
  facet normal 0 0 1
    outer loop
      vertex -5.75472 5.55727 420
      vertex -35.7512 34.5245 420
      vertex -6.12836 5.1423 420
    endloop
  endfacet
  facet normal 0 0 1
    outer loop
      vertex 38.0724 -31.9465 420
      vertex 6.12836 -5.1423 420
      vertex 35.7512 -34.5245 420
    endloop
  endfacet
  facet normal -0 0 1
    outer loop
      vertex 5.75472 -5.55727 420
      vertex 35.7512 -34.5245 420
      vertex 6.12836 -5.1423 420
    endloop
  endfacet
  facet normal 0 0 1
    outer loop
      vertex 35.7512 -34.5245 420
      vertex 5.75472 -5.55727 420
      vertex 33.2558 -36.9343 420
    endloop
  endfacet
  facet normal -0 0 1
    outer loop
      vertex 5.35304 -5.94516 420
      vertex 33.2558 -36.9343 420
      vertex 5.75472 -5.55727 420
    endloop
  endfacet
  facet normal 0 0 1
    outer loop
      vertex 33.2558 -36.9343 420
      vertex 5.35304 -5.94516 420
      vertex 30.5984 -39.1641 420
    endloop
  endfacet
  facet normal -0 0 1
    outer loop
      vertex 4.92529 -6.30409 420
      vertex 30.5984 -39.1641 420
      vertex 5.35304 -5.94516 420
    endloop
  endfacet
  facet normal 0 0 1
    outer loop
      vertex 30.5984 -39.1641 420
      vertex 4.92529 -6.30409 420
      vertex 27.7919 -41.2032 420
    endloop
  endfacet
  facet normal -0 0 1
    outer loop
      vertex 4.47354 -6.6323 420
      vertex 27.7919 -41.2032 420
      vertex 4.92529 -6.30409 420
    endloop
  endfacet
  facet normal 0 0 1
    outer loop
      vertex 27.7919 -41.2032 420
      vertex 4.47354 -6.6323 420
      vertex 24.85 -43.0415 420
    endloop
  endfacet
  facet normal -0 0 1
    outer loop
      vertex 4 -6.9282 420
      vertex 24.85 -43.0415 420
      vertex 4.47354 -6.6323 420
    endloop
  endfacet
  facet normal 0 0 1
    outer loop
      vertex 24.85 -43.0415 420
      vertex 4 -6.9282 420
      vertex 21.787 -44.6701 420
    endloop
  endfacet
  facet normal -0 0 1
    outer loop
      vertex 3.50697 -7.19035 420
      vertex 21.787 -44.6701 420
      vertex 4 -6.9282 420
    endloop
  endfacet
  facet normal 0 0 1
    outer loop
      vertex 21.787 -44.6701 420
      vertex 3.50697 -7.19035 420
      vertex 18.6179 -46.081 420
    endloop
  endfacet
  facet normal -0 0 1
    outer loop
      vertex 2.99685 -7.41747 420
      vertex 18.6179 -46.081 420
      vertex 3.50697 -7.19035 420
    endloop
  endfacet
  facet normal 0 0 1
    outer loop
      vertex 18.6179 -46.081 420
      vertex 2.99685 -7.41747 420
      vertex 15.3581 -47.2675 420
    endloop
  endfacet
  facet normal -0 0 1
    outer loop
      vertex 2.47214 -7.60845 420
      vertex 15.3581 -47.2675 420
      vertex 2.99685 -7.41747 420
    endloop
  endfacet
  facet normal 0 0 1
    outer loop
      vertex 15.3581 -47.2675 420
      vertex 2.47214 -7.60845 420
      vertex 12.0235 -48.2237 420
    endloop
  endfacet
  facet normal -0 0 1
    outer loop
      vertex 1.93537 -7.76237 420
      vertex 12.0235 -48.2237 420
      vertex 2.47214 -7.60845 420
    endloop
  endfacet
  facet normal 0 0 1
    outer loop
      vertex 12.0235 -48.2237 420
      vertex 1.93537 -7.76237 420
      vertex 8.63031 -48.9449 420
    endloop
  endfacet
  facet normal -0 0 1
    outer loop
      vertex 1.38918 -7.87846 420
      vertex 8.63031 -48.9449 420
      vertex 1.93537 -7.76237 420
    endloop
  endfacet
  facet normal 0 0 1
    outer loop
      vertex 8.63031 -48.9449 420
      vertex 1.38918 -7.87846 420
      vertex 5.19506 -49.4277 420
    endloop
  endfacet
  facet normal -0 0 1
    outer loop
      vertex 0.836227 -7.95617 420
      vertex 5.19506 -49.4277 420
      vertex 1.38918 -7.87846 420
    endloop
  endfacet
  facet normal 0 0 1
    outer loop
      vertex 5.19506 -49.4277 420
      vertex 0.836227 -7.95617 420
      vertex 1.7345 -49.6697 420
    endloop
  endfacet
  facet normal -0 0 1
    outer loop
      vertex 0.279196 -7.99513 420
      vertex 1.7345 -49.6697 420
      vertex 0.836227 -7.95617 420
    endloop
  endfacet
  facet normal -0 0 1
    outer loop
      vertex -0.279196 -7.99513 420
      vertex 1.7345 -49.6697 420
      vertex 0.279196 -7.99513 420
    endloop
  endfacet
  facet normal 0 0 1
    outer loop
      vertex -1.7345 -49.6697 420
      vertex -0.279196 -7.99513 420
      vertex -0.836227 -7.95617 420
    endloop
  endfacet
  facet normal 0 0 1
    outer loop
      vertex -5.19506 -49.4277 420
      vertex -0.836227 -7.95617 420
      vertex -1.38918 -7.87846 420
    endloop
  endfacet
  facet normal 0 0 1
    outer loop
      vertex -0.279196 -7.99513 420
      vertex -1.7345 -49.6697 420
      vertex 1.7345 -49.6697 420
    endloop
  endfacet
  facet normal 0 0 1
    outer loop
      vertex -8.63031 -48.9449 420
      vertex -1.38918 -7.87846 420
      vertex -1.93537 -7.76237 420
    endloop
  endfacet
  facet normal 0 0 1
    outer loop
      vertex -12.0235 -48.2237 420
      vertex -1.93537 -7.76237 420
      vertex -2.47214 -7.60845 420
    endloop
  endfacet
  facet normal 0 0 1
    outer loop
      vertex -15.3581 -47.2675 420
      vertex -2.47214 -7.60845 420
      vertex -2.99685 -7.41747 420
    endloop
  endfacet
  facet normal 0 0 1
    outer loop
      vertex -18.6179 -46.081 420
      vertex -2.99685 -7.41747 420
      vertex -3.50697 -7.19035 420
    endloop
  endfacet
  facet normal 0 0 1
    outer loop
      vertex -21.787 -44.6701 420
      vertex -3.50697 -7.19035 420
      vertex -4 -6.9282 420
    endloop
  endfacet
  facet normal 0 0 1
    outer loop
      vertex -24.85 -43.0415 420
      vertex -4 -6.9282 420
      vertex -4.47354 -6.6323 420
    endloop
  endfacet
  facet normal 0 0 1
    outer loop
      vertex -27.7919 -41.2032 420
      vertex -4.47354 -6.6323 420
      vertex -4.92529 -6.30409 420
    endloop
  endfacet
  facet normal 0 0 1
    outer loop
      vertex -0.836227 -7.95617 420
      vertex -5.19506 -49.4277 420
      vertex -1.7345 -49.6697 420
    endloop
  endfacet
  facet normal 0 0 1
    outer loop
      vertex -30.5984 -39.1641 420
      vertex -4.92529 -6.30409 420
      vertex -5.35304 -5.94516 420
    endloop
  endfacet
  facet normal 0 0 1
    outer loop
      vertex -33.2558 -36.9343 420
      vertex -5.35304 -5.94516 420
      vertex -5.75472 -5.55727 420
    endloop
  endfacet
  facet normal 0 0 1
    outer loop
      vertex -35.7512 -34.5245 420
      vertex -5.75472 -5.55727 420
      vertex -6.12836 -5.1423 420
    endloop
  endfacet
  facet normal 0 0 1
    outer loop
      vertex -38.0724 -31.9465 420
      vertex -6.12836 -5.1423 420
      vertex -6.47214 -4.70228 420
    endloop
  endfacet
  facet normal 0 0 1
    outer loop
      vertex -40.2081 -29.2129 420
      vertex -6.47214 -4.70228 420
      vertex -6.78438 -4.23935 420
    endloop
  endfacet
  facet normal 0 0 1
    outer loop
      vertex -42.148 -26.337 420
      vertex -6.78438 -4.23935 420
      vertex -7.06358 -3.75577 420
    endloop
  endfacet
  facet normal 0 0 1
    outer loop
      vertex -43.8825 -23.3327 420
      vertex -7.06358 -3.75577 420
      vertex -7.30836 -3.25389 420
    endloop
  endfacet
  facet normal 0 0 1
    outer loop
      vertex -45.4032 -20.2148 420
      vertex -7.30836 -3.25389 420
      vertex -7.51754 -2.73616 420
    endloop
  endfacet
  facet normal 0 0 1
    outer loop
      vertex -46.7027 -16.9984 420
      vertex -7.51754 -2.73616 420
      vertex -7.69009 -2.2051 420
    endloop
  endfacet
  facet normal 0 0 1
    outer loop
      vertex -47.7747 -13.6992 420
      vertex -7.69009 -2.2051 420
      vertex -7.82518 -1.66329 420
    endloop
  endfacet
  facet normal 0 0 1
    outer loop
      vertex -48.6139 -10.3332 420
      vertex -7.82518 -1.66329 420
      vertex -7.92214 -1.11338 420
    endloop
  endfacet
  facet normal 0 0 1
    outer loop
      vertex -49.2163 -6.9169 420
      vertex -7.92214 -1.11338 420
      vertex -7.98051 -0.558051 420
    endloop
  endfacet
  facet normal 0 0 1
    outer loop
      vertex -1.38918 -7.87846 420
      vertex -8.63031 -48.9449 420
      vertex -5.19506 -49.4277 420
    endloop
  endfacet
  facet normal 0 0 1
    outer loop
      vertex -49.5789 -3.4669 420
      vertex -7.98051 -0.558051 420
      vertex -8 0 420
    endloop
  endfacet
  facet normal 0 0 1
    outer loop
      vertex -6.12836 5.1423 420
      vertex -38.0724 31.9465 420
      vertex -6.47214 4.70228 420
    endloop
  endfacet
  facet normal -0 0 1
    outer loop
      vertex -40.2081 29.2129 420
      vertex -6.47214 4.70228 420
      vertex -38.0724 31.9465 420
    endloop
  endfacet
  facet normal 0 0 1
    outer loop
      vertex -1.93537 -7.76237 420
      vertex -12.0235 -48.2237 420
      vertex -8.63031 -48.9449 420
    endloop
  endfacet
  facet normal 0 0 1
    outer loop
      vertex -6.47214 4.70228 420
      vertex -40.2081 29.2129 420
      vertex -6.78438 4.23935 420
    endloop
  endfacet
  facet normal 0 0 1
    outer loop
      vertex -2.47214 -7.60845 420
      vertex -15.3581 -47.2675 420
      vertex -12.0235 -48.2237 420
    endloop
  endfacet
  facet normal -0 0 1
    outer loop
      vertex -42.148 26.337 420
      vertex -6.78438 4.23935 420
      vertex -40.2081 29.2129 420
    endloop
  endfacet
  facet normal 0 0 1
    outer loop
      vertex -2.99685 -7.41747 420
      vertex -18.6179 -46.081 420
      vertex -15.3581 -47.2675 420
    endloop
  endfacet
  facet normal 0 0 1
    outer loop
      vertex -6.78438 4.23935 420
      vertex -42.148 26.337 420
      vertex -7.06358 3.75577 420
    endloop
  endfacet
  facet normal 0 0 1
    outer loop
      vertex -3.50697 -7.19035 420
      vertex -21.787 -44.6701 420
      vertex -18.6179 -46.081 420
    endloop
  endfacet
  facet normal -0 0 1
    outer loop
      vertex -43.8825 23.3327 420
      vertex -7.06358 3.75577 420
      vertex -42.148 26.337 420
    endloop
  endfacet
  facet normal 0 0 1
    outer loop
      vertex -4 -6.9282 420
      vertex -24.85 -43.0415 420
      vertex -21.787 -44.6701 420
    endloop
  endfacet
  facet normal 0 0 1
    outer loop
      vertex -7.06358 3.75577 420
      vertex -43.8825 23.3327 420
      vertex -7.30836 3.25389 420
    endloop
  endfacet
  facet normal 0 0 1
    outer loop
      vertex -4.47354 -6.6323 420
      vertex -27.7919 -41.2032 420
      vertex -24.85 -43.0415 420
    endloop
  endfacet
  facet normal -0 0 1
    outer loop
      vertex -45.4032 20.2148 420
      vertex -7.30836 3.25389 420
      vertex -43.8825 23.3327 420
    endloop
  endfacet
  facet normal 0 0 1
    outer loop
      vertex -4.92529 -6.30409 420
      vertex -30.5984 -39.1641 420
      vertex -27.7919 -41.2032 420
    endloop
  endfacet
  facet normal 0 0 1
    outer loop
      vertex -7.30836 3.25389 420
      vertex -45.4032 20.2148 420
      vertex -7.51754 2.73616 420
    endloop
  endfacet
  facet normal 0 0 1
    outer loop
      vertex -5.35304 -5.94516 420
      vertex -33.2558 -36.9343 420
      vertex -30.5984 -39.1641 420
    endloop
  endfacet
  facet normal -0 0 1
    outer loop
      vertex -46.7027 16.9984 420
      vertex -7.51754 2.73616 420
      vertex -45.4032 20.2148 420
    endloop
  endfacet
  facet normal 0 0 1
    outer loop
      vertex -5.75472 -5.55727 420
      vertex -35.7512 -34.5245 420
      vertex -33.2558 -36.9343 420
    endloop
  endfacet
  facet normal 0 0 1
    outer loop
      vertex -7.51754 2.73616 420
      vertex -46.7027 16.9984 420
      vertex -7.69009 2.2051 420
    endloop
  endfacet
  facet normal 0 0 1
    outer loop
      vertex -6.12836 -5.1423 420
      vertex -38.0724 -31.9465 420
      vertex -35.7512 -34.5245 420
    endloop
  endfacet
  facet normal -0 0 1
    outer loop
      vertex -47.7747 13.6992 420
      vertex -7.69009 2.2051 420
      vertex -46.7027 16.9984 420
    endloop
  endfacet
  facet normal 0 0 1
    outer loop
      vertex -6.47214 -4.70228 420
      vertex -40.2081 -29.2129 420
      vertex -38.0724 -31.9465 420
    endloop
  endfacet
  facet normal 0 0 1
    outer loop
      vertex -7.69009 2.2051 420
      vertex -47.7747 13.6992 420
      vertex -7.82518 1.66329 420
    endloop
  endfacet
  facet normal 0 0 1
    outer loop
      vertex -6.78438 -4.23935 420
      vertex -42.148 -26.337 420
      vertex -40.2081 -29.2129 420
    endloop
  endfacet
  facet normal -0 0 1
    outer loop
      vertex -48.6139 10.3332 420
      vertex -7.82518 1.66329 420
      vertex -47.7747 13.6992 420
    endloop
  endfacet
  facet normal 0 0 1
    outer loop
      vertex -7.06358 -3.75577 420
      vertex -43.8825 -23.3327 420
      vertex -42.148 -26.337 420
    endloop
  endfacet
  facet normal 0 0 1
    outer loop
      vertex -7.82518 1.66329 420
      vertex -48.6139 10.3332 420
      vertex -7.92214 1.11338 420
    endloop
  endfacet
  facet normal 0 0 1
    outer loop
      vertex -7.30836 -3.25389 420
      vertex -45.4032 -20.2148 420
      vertex -43.8825 -23.3327 420
    endloop
  endfacet
  facet normal -0 0 1
    outer loop
      vertex -49.2163 6.9169 420
      vertex -7.92214 1.11338 420
      vertex -48.6139 10.3332 420
    endloop
  endfacet
  facet normal 0 0 1
    outer loop
      vertex -7.51754 -2.73616 420
      vertex -46.7027 -16.9984 420
      vertex -45.4032 -20.2148 420
    endloop
  endfacet
  facet normal 0 0 1
    outer loop
      vertex -7.92214 1.11338 420
      vertex -49.2163 6.9169 420
      vertex -7.98051 0.558051 420
    endloop
  endfacet
  facet normal 0 0 1
    outer loop
      vertex -7.69009 -2.2051 420
      vertex -47.7747 -13.6992 420
      vertex -46.7027 -16.9984 420
    endloop
  endfacet
  facet normal -0 0 1
    outer loop
      vertex -49.5789 3.4669 420
      vertex -7.98051 0.558051 420
      vertex -49.2163 6.9169 420
    endloop
  endfacet
  facet normal 0 0 1
    outer loop
      vertex -7.82518 -1.66329 420
      vertex -48.6139 -10.3332 420
      vertex -47.7747 -13.6992 420
    endloop
  endfacet
  facet normal 0 0 1
    outer loop
      vertex -7.98051 0.558051 420
      vertex -49.5789 3.4669 420
      vertex -8 0 420
    endloop
  endfacet
  facet normal 0 0 1
    outer loop
      vertex -7.92214 -1.11338 420
      vertex -49.2163 -6.9169 420
      vertex -48.6139 -10.3332 420
    endloop
  endfacet
  facet normal 0 0 1
    outer loop
      vertex -49.7 0 420
      vertex -8 0 420
      vertex -49.5789 3.4669 420
    endloop
  endfacet
  facet normal 0 0 1
    outer loop
      vertex -7.98051 -0.558051 420
      vertex -49.5789 -3.4669 420
      vertex -49.2163 -6.9169 420
    endloop
  endfacet
  facet normal 0 0 1
    outer loop
      vertex -8 0 420
      vertex -49.7 0 420
      vertex -49.5789 -3.4669 420
    endloop
  endfacet
  facet normal 0.829027 -0.559209 0
    outer loop
      vertex 40.2081 -29.2129 420
      vertex 42.148 -26.337 400
      vertex 42.148 -26.337 420
    endloop
  endfacet
  facet normal 0.829027 -0.559209 0
    outer loop
      vertex 42.148 -26.337 400
      vertex 40.2081 -29.2129 420
      vertex 40.2081 -29.2129 400
    endloop
  endfacet
  facet normal -0.207899 -0.97815 0
    outer loop
      vertex -12.0235 -48.2237 400
      vertex -8.63031 -48.9449 420
      vertex -12.0235 -48.2237 420
    endloop
  endfacet
  facet normal -0.207899 -0.97815 -0
    outer loop
      vertex -8.63031 -48.9449 420
      vertex -12.0235 -48.2237 400
      vertex -8.63031 -48.9449 400
    endloop
  endfacet
  facet normal -0.406719 0.913553 0
    outer loop
      vertex -18.6179 46.081 400
      vertex -21.787 44.6701 420
      vertex -18.6179 46.081 420
    endloop
  endfacet
  facet normal -0.406719 0.913553 0
    outer loop
      vertex -21.787 44.6701 420
      vertex -18.6179 46.081 400
      vertex -21.787 44.6701 400
    endloop
  endfacet
  facet normal -0.529919 0.848049 0
    outer loop
      vertex -24.85 43.0415 400
      vertex -27.7919 41.2032 420
      vertex -24.85 43.0415 420
    endloop
  endfacet
  facet normal -0.529919 0.848049 0
    outer loop
      vertex -27.7919 41.2032 420
      vertex -24.85 43.0415 400
      vertex -27.7919 41.2032 400
    endloop
  endfacet
  facet normal 0.86603 0.499993 0
    outer loop
      vertex 43.8825 23.3327 420
      vertex 42.148 26.337 400
      vertex 42.148 26.337 420
    endloop
  endfacet
  facet normal 0.86603 0.499993 0
    outer loop
      vertex 42.148 26.337 400
      vertex 43.8825 23.3327 420
      vertex 43.8825 23.3327 400
    endloop
  endfacet
  facet normal 0.898794 -0.438371 0
    outer loop
      vertex 43.8825 -23.3327 420
      vertex 45.4032 -20.2148 400
      vertex 45.4032 -20.2148 420
    endloop
  endfacet
  facet normal 0.898794 -0.438371 0
    outer loop
      vertex 45.4032 -20.2148 400
      vertex 43.8825 -23.3327 420
      vertex 43.8825 -23.3327 400
    endloop
  endfacet
  facet normal 0.970298 0.241912 0
    outer loop
      vertex 48.6139 10.3332 420
      vertex 47.7747 13.6992 400
      vertex 47.7747 13.6992 420
    endloop
  endfacet
  facet normal 0.970298 0.241912 0
    outer loop
      vertex 47.7747 13.6992 400
      vertex 48.6139 10.3332 420
      vertex 48.6139 10.3332 400
    endloop
  endfacet
  facet normal -0.587796 0.809009 0
    outer loop
      vertex -27.7919 41.2032 400
      vertex -30.5984 39.1641 420
      vertex -27.7919 41.2032 420
    endloop
  endfacet
  facet normal -0.587796 0.809009 0
    outer loop
      vertex -30.5984 39.1641 420
      vertex -27.7919 41.2032 400
      vertex -30.5984 39.1641 400
    endloop
  endfacet
  facet normal 0.984807 -0.173652 0
    outer loop
      vertex 48.6139 -10.3332 420
      vertex 49.2163 -6.9169 400
      vertex 49.2163 -6.9169 420
    endloop
  endfacet
  facet normal 0.984807 -0.173652 0
    outer loop
      vertex 49.2163 -6.9169 400
      vertex 48.6139 -10.3332 420
      vertex 48.6139 -10.3332 400
    endloop
  endfacet
  facet normal -0.970298 -0.241912 0
    outer loop
      vertex -47.7747 -13.6992 400
      vertex -48.6139 -10.3332 420
      vertex -48.6139 -10.3332 400
    endloop
  endfacet
  facet normal -0.970298 -0.241912 0
    outer loop
      vertex -48.6139 -10.3332 420
      vertex -47.7747 -13.6992 400
      vertex -47.7747 -13.6992 420
    endloop
  endfacet
  facet normal 0.984807 0.173652 0
    outer loop
      vertex 49.2163 6.9169 420
      vertex 48.6139 10.3332 400
      vertex 48.6139 10.3332 420
    endloop
  endfacet
  facet normal 0.984807 0.173652 0
    outer loop
      vertex 48.6139 10.3332 400
      vertex 49.2163 6.9169 420
      vertex 49.2163 6.9169 400
    endloop
  endfacet
  facet normal -0.342028 -0.93969 0
    outer loop
      vertex -18.6179 -46.081 400
      vertex -15.3581 -47.2675 420
      vertex -18.6179 -46.081 420
    endloop
  endfacet
  facet normal -0.342028 -0.93969 -0
    outer loop
      vertex -15.3581 -47.2675 420
      vertex -18.6179 -46.081 400
      vertex -15.3581 -47.2675 400
    endloop
  endfacet
  facet normal 0.469466 0.882951 -0
    outer loop
      vertex 24.85 43.0415 400
      vertex 21.787 44.6701 420
      vertex 24.85 43.0415 420
    endloop
  endfacet
  facet normal 0.469466 0.882951 0
    outer loop
      vertex 21.787 44.6701 420
      vertex 24.85 43.0415 400
      vertex 21.787 44.6701 400
    endloop
  endfacet
  facet normal -0.898794 0.438371 0
    outer loop
      vertex -45.4032 20.2148 400
      vertex -43.8825 23.3327 420
      vertex -43.8825 23.3327 400
    endloop
  endfacet
  facet normal -0.898794 0.438371 0
    outer loop
      vertex -43.8825 23.3327 420
      vertex -45.4032 20.2148 400
      vertex -45.4032 20.2148 420
    endloop
  endfacet
  facet normal -0.86603 0.499993 0
    outer loop
      vertex -43.8825 23.3327 400
      vertex -42.148 26.337 420
      vertex -42.148 26.337 400
    endloop
  endfacet
  facet normal -0.86603 0.499993 0
    outer loop
      vertex -42.148 26.337 420
      vertex -43.8825 23.3327 400
      vertex -43.8825 23.3327 420
    endloop
  endfacet
  facet normal -0.694661 -0.719337 0
    outer loop
      vertex -35.7512 -34.5245 400
      vertex -33.2558 -36.9343 420
      vertex -35.7512 -34.5245 420
    endloop
  endfacet
  facet normal -0.694661 -0.719337 -0
    outer loop
      vertex -33.2558 -36.9343 420
      vertex -35.7512 -34.5245 400
      vertex -33.2558 -36.9343 400
    endloop
  endfacet
  facet normal -0.743151 -0.669124 0
    outer loop
      vertex -35.7512 -34.5245 400
      vertex -38.0724 -31.9465 420
      vertex -38.0724 -31.9465 400
    endloop
  endfacet
  facet normal -0.743151 -0.669124 0
    outer loop
      vertex -38.0724 -31.9465 420
      vertex -35.7512 -34.5245 400
      vertex -35.7512 -34.5245 420
    endloop
  endfacet
  facet normal -0.788014 -0.615657 0
    outer loop
      vertex -38.0724 -31.9465 400
      vertex -40.2081 -29.2129 420
      vertex -40.2081 -29.2129 400
    endloop
  endfacet
  facet normal -0.788014 -0.615657 0
    outer loop
      vertex -40.2081 -29.2129 420
      vertex -38.0724 -31.9465 400
      vertex -38.0724 -31.9465 420
    endloop
  endfacet
  facet normal -0.743151 0.669124 0
    outer loop
      vertex -38.0724 31.9465 400
      vertex -35.7512 34.5245 420
      vertex -35.7512 34.5245 400
    endloop
  endfacet
  facet normal -0.743151 0.669124 0
    outer loop
      vertex -35.7512 34.5245 420
      vertex -38.0724 31.9465 400
      vertex -38.0724 31.9465 420
    endloop
  endfacet
  facet normal -0.642784 0.766048 0
    outer loop
      vertex -30.5984 39.1641 400
      vertex -33.2558 36.9343 420
      vertex -30.5984 39.1641 420
    endloop
  endfacet
  facet normal -0.642784 0.766048 0
    outer loop
      vertex -33.2558 36.9343 420
      vertex -30.5984 39.1641 400
      vertex -33.2558 36.9343 400
    endloop
  endfacet
  facet normal 0 -1 0
    outer loop
      vertex -1.7345 -49.6697 400
      vertex 1.7345 -49.6697 420
      vertex -1.7345 -49.6697 420
    endloop
  endfacet
  facet normal 0 -1 -0
    outer loop
      vertex 1.7345 -49.6697 420
      vertex -1.7345 -49.6697 400
      vertex 1.7345 -49.6697 400
    endloop
  endfacet
  facet normal -0.951054 -0.309023 0
    outer loop
      vertex -46.7027 -16.9984 400
      vertex -47.7747 -13.6992 420
      vertex -47.7747 -13.6992 400
    endloop
  endfacet
  facet normal -0.951054 -0.309023 0
    outer loop
      vertex -47.7747 -13.6992 420
      vertex -46.7027 -16.9984 400
      vertex -46.7027 -16.9984 420
    endloop
  endfacet
  facet normal -0.529919 -0.848049 0
    outer loop
      vertex -27.7919 -41.2032 400
      vertex -24.85 -43.0415 420
      vertex -27.7919 -41.2032 420
    endloop
  endfacet
  facet normal -0.529919 -0.848049 -0
    outer loop
      vertex -24.85 -43.0415 420
      vertex -27.7919 -41.2032 400
      vertex -24.85 -43.0415 400
    endloop
  endfacet
  facet normal -0.207899 0.97815 0
    outer loop
      vertex -8.63031 48.9449 400
      vertex -12.0235 48.2237 420
      vertex -8.63031 48.9449 420
    endloop
  endfacet
  facet normal -0.207899 0.97815 0
    outer loop
      vertex -12.0235 48.2237 420
      vertex -8.63031 48.9449 400
      vertex -12.0235 48.2237 400
    endloop
  endfacet
  facet normal 0.642784 -0.766048 0
    outer loop
      vertex 30.5984 -39.1641 400
      vertex 33.2558 -36.9343 420
      vertex 30.5984 -39.1641 420
    endloop
  endfacet
  facet normal 0.642784 -0.766048 0
    outer loop
      vertex 33.2558 -36.9343 420
      vertex 30.5984 -39.1641 400
      vertex 33.2558 -36.9343 400
    endloop
  endfacet
  facet normal 0.275642 0.96126 -0
    outer loop
      vertex 15.3581 47.2675 400
      vertex 12.0235 48.2237 420
      vertex 15.3581 47.2675 420
    endloop
  endfacet
  facet normal 0.275642 0.96126 0
    outer loop
      vertex 12.0235 48.2237 420
      vertex 15.3581 47.2675 400
      vertex 12.0235 48.2237 400
    endloop
  endfacet
  facet normal 0.927185 0.374604 0
    outer loop
      vertex 46.7027 16.9984 420
      vertex 45.4032 20.2148 400
      vertex 45.4032 20.2148 420
    endloop
  endfacet
  facet normal 0.927185 0.374604 0
    outer loop
      vertex 45.4032 20.2148 400
      vertex 46.7027 16.9984 420
      vertex 46.7027 16.9984 400
    endloop
  endfacet
  facet normal 0 1 -0
    outer loop
      vertex 1.7345 49.6697 400
      vertex -1.7345 49.6697 420
      vertex 1.7345 49.6697 420
    endloop
  endfacet
  facet normal 0 1 0
    outer loop
      vertex -1.7345 49.6697 420
      vertex 1.7345 49.6697 400
      vertex -1.7345 49.6697 400
    endloop
  endfacet
  facet normal -0.984807 -0.173652 0
    outer loop
      vertex -48.6139 -10.3332 400
      vertex -49.2163 -6.9169 420
      vertex -49.2163 -6.9169 400
    endloop
  endfacet
  facet normal -0.984807 -0.173652 0
    outer loop
      vertex -49.2163 -6.9169 420
      vertex -48.6139 -10.3332 400
      vertex -48.6139 -10.3332 420
    endloop
  endfacet
  facet normal 0.587796 -0.809009 0
    outer loop
      vertex 27.7919 -41.2032 400
      vertex 30.5984 -39.1641 420
      vertex 27.7919 -41.2032 420
    endloop
  endfacet
  facet normal 0.587796 -0.809009 0
    outer loop
      vertex 30.5984 -39.1641 420
      vertex 27.7919 -41.2032 400
      vertex 30.5984 -39.1641 400
    endloop
  endfacet
  facet normal -0.927185 0.374604 0
    outer loop
      vertex -46.7027 16.9984 400
      vertex -45.4032 20.2148 420
      vertex -45.4032 20.2148 400
    endloop
  endfacet
  facet normal -0.927185 0.374604 0
    outer loop
      vertex -45.4032 20.2148 420
      vertex -46.7027 16.9984 400
      vertex -46.7027 16.9984 420
    endloop
  endfacet
  facet normal -0.898794 -0.438371 0
    outer loop
      vertex -43.8825 -23.3327 400
      vertex -45.4032 -20.2148 420
      vertex -45.4032 -20.2148 400
    endloop
  endfacet
  facet normal -0.898794 -0.438371 0
    outer loop
      vertex -45.4032 -20.2148 420
      vertex -43.8825 -23.3327 400
      vertex -43.8825 -23.3327 420
    endloop
  endfacet
  facet normal -0.642784 -0.766048 0
    outer loop
      vertex -33.2558 -36.9343 400
      vertex -30.5984 -39.1641 420
      vertex -33.2558 -36.9343 420
    endloop
  endfacet
  facet normal -0.642784 -0.766048 -0
    outer loop
      vertex -30.5984 -39.1641 420
      vertex -33.2558 -36.9343 400
      vertex -30.5984 -39.1641 400
    endloop
  endfacet
  facet normal -0.139175 -0.990268 0
    outer loop
      vertex -8.63031 -48.9449 400
      vertex -5.19506 -49.4277 420
      vertex -8.63031 -48.9449 420
    endloop
  endfacet
  facet normal -0.139175 -0.990268 -0
    outer loop
      vertex -5.19506 -49.4277 420
      vertex -8.63031 -48.9449 400
      vertex -5.19506 -49.4277 400
    endloop
  endfacet
  facet normal -0.829027 0.559209 0
    outer loop
      vertex -42.148 26.337 400
      vertex -40.2081 29.2129 420
      vertex -40.2081 29.2129 400
    endloop
  endfacet
  facet normal -0.829027 0.559209 0
    outer loop
      vertex -40.2081 29.2129 420
      vertex -42.148 26.337 400
      vertex -42.148 26.337 420
    endloop
  endfacet
  facet normal -0.275642 0.96126 0
    outer loop
      vertex -12.0235 48.2237 400
      vertex -15.3581 47.2675 420
      vertex -12.0235 48.2237 420
    endloop
  endfacet
  facet normal -0.275642 0.96126 0
    outer loop
      vertex -15.3581 47.2675 420
      vertex -12.0235 48.2237 400
      vertex -15.3581 47.2675 400
    endloop
  endfacet
  facet normal -0.694661 0.719337 0
    outer loop
      vertex -33.2558 36.9343 400
      vertex -35.7512 34.5245 420
      vertex -33.2558 36.9343 420
    endloop
  endfacet
  facet normal -0.694661 0.719337 0
    outer loop
      vertex -35.7512 34.5245 420
      vertex -33.2558 36.9343 400
      vertex -35.7512 34.5245 400
    endloop
  endfacet
  facet normal 0.207899 0.97815 -0
    outer loop
      vertex 12.0235 48.2237 400
      vertex 8.63031 48.9449 420
      vertex 12.0235 48.2237 420
    endloop
  endfacet
  facet normal 0.207899 0.97815 0
    outer loop
      vertex 8.63031 48.9449 420
      vertex 12.0235 48.2237 400
      vertex 8.63031 48.9449 400
    endloop
  endfacet
  facet normal -0.587796 -0.809009 0
    outer loop
      vertex -30.5984 -39.1641 400
      vertex -27.7919 -41.2032 420
      vertex -30.5984 -39.1641 420
    endloop
  endfacet
  facet normal -0.587796 -0.809009 -0
    outer loop
      vertex -27.7919 -41.2032 420
      vertex -30.5984 -39.1641 400
      vertex -27.7919 -41.2032 400
    endloop
  endfacet
  facet normal 0.469466 -0.882951 0
    outer loop
      vertex 21.787 -44.6701 400
      vertex 24.85 -43.0415 420
      vertex 21.787 -44.6701 420
    endloop
  endfacet
  facet normal 0.469466 -0.882951 0
    outer loop
      vertex 24.85 -43.0415 420
      vertex 21.787 -44.6701 400
      vertex 24.85 -43.0415 400
    endloop
  endfacet
  facet normal -0.469466 -0.882951 0
    outer loop
      vertex -24.85 -43.0415 400
      vertex -21.787 -44.6701 420
      vertex -24.85 -43.0415 420
    endloop
  endfacet
  facet normal -0.469466 -0.882951 -0
    outer loop
      vertex -21.787 -44.6701 420
      vertex -24.85 -43.0415 400
      vertex -21.787 -44.6701 400
    endloop
  endfacet
  facet normal -0.829027 -0.559209 0
    outer loop
      vertex -40.2081 -29.2129 400
      vertex -42.148 -26.337 420
      vertex -42.148 -26.337 400
    endloop
  endfacet
  facet normal -0.829027 -0.559209 0
    outer loop
      vertex -42.148 -26.337 420
      vertex -40.2081 -29.2129 400
      vertex -40.2081 -29.2129 420
    endloop
  endfacet
  facet normal 0.743151 -0.669124 0
    outer loop
      vertex 35.7512 -34.5245 420
      vertex 38.0724 -31.9465 400
      vertex 38.0724 -31.9465 420
    endloop
  endfacet
  facet normal 0.743151 -0.669124 0
    outer loop
      vertex 38.0724 -31.9465 400
      vertex 35.7512 -34.5245 420
      vertex 35.7512 -34.5245 400
    endloop
  endfacet
  facet normal 0.275642 -0.96126 0
    outer loop
      vertex 12.0235 -48.2237 400
      vertex 15.3581 -47.2675 420
      vertex 12.0235 -48.2237 420
    endloop
  endfacet
  facet normal 0.275642 -0.96126 0
    outer loop
      vertex 15.3581 -47.2675 420
      vertex 12.0235 -48.2237 400
      vertex 15.3581 -47.2675 400
    endloop
  endfacet
  facet normal 0.139175 -0.990268 0
    outer loop
      vertex 5.19506 -49.4277 400
      vertex 8.63031 -48.9449 420
      vertex 5.19506 -49.4277 420
    endloop
  endfacet
  facet normal 0.139175 -0.990268 0
    outer loop
      vertex 8.63031 -48.9449 420
      vertex 5.19506 -49.4277 400
      vertex 8.63031 -48.9449 400
    endloop
  endfacet
  facet normal -0.994522 0.104526 0
    outer loop
      vertex -49.5789 3.4669 400
      vertex -49.2163 6.9169 420
      vertex -49.2163 6.9169 400
    endloop
  endfacet
  facet normal -0.994522 0.104526 0
    outer loop
      vertex -49.2163 6.9169 420
      vertex -49.5789 3.4669 400
      vertex -49.5789 3.4669 420
    endloop
  endfacet
  facet normal 0.342028 -0.93969 0
    outer loop
      vertex 15.3581 -47.2675 400
      vertex 18.6179 -46.081 420
      vertex 15.3581 -47.2675 420
    endloop
  endfacet
  facet normal 0.342028 -0.93969 0
    outer loop
      vertex 18.6179 -46.081 420
      vertex 15.3581 -47.2675 400
      vertex 18.6179 -46.081 400
    endloop
  endfacet
  facet normal -0.927185 -0.374604 0
    outer loop
      vertex -45.4032 -20.2148 400
      vertex -46.7027 -16.9984 420
      vertex -46.7027 -16.9984 400
    endloop
  endfacet
  facet normal -0.927185 -0.374604 0
    outer loop
      vertex -46.7027 -16.9984 420
      vertex -45.4032 -20.2148 400
      vertex -45.4032 -20.2148 420
    endloop
  endfacet
  facet normal -0.99939 0.0349091 0
    outer loop
      vertex -49.7 0 400
      vertex -49.5789 3.4669 420
      vertex -49.5789 3.4669 400
    endloop
  endfacet
  facet normal -0.99939 0.0349091 0
    outer loop
      vertex -49.5789 3.4669 420
      vertex -49.7 0 400
      vertex -49.7 0 420
    endloop
  endfacet
  facet normal 0.951054 -0.309023 0
    outer loop
      vertex 46.7027 -16.9984 420
      vertex 47.7747 -13.6992 400
      vertex 47.7747 -13.6992 420
    endloop
  endfacet
  facet normal 0.951054 -0.309023 0
    outer loop
      vertex 47.7747 -13.6992 400
      vertex 46.7027 -16.9984 420
      vertex 46.7027 -16.9984 400
    endloop
  endfacet
  facet normal 0.694661 -0.719337 0
    outer loop
      vertex 33.2558 -36.9343 400
      vertex 35.7512 -34.5245 420
      vertex 33.2558 -36.9343 420
    endloop
  endfacet
  facet normal 0.694661 -0.719337 0
    outer loop
      vertex 35.7512 -34.5245 420
      vertex 33.2558 -36.9343 400
      vertex 35.7512 -34.5245 400
    endloop
  endfacet
  facet normal -0.275643 -0.96126 0
    outer loop
      vertex 1.93537 7.76237 400
      vertex 2.47214 7.60845 420
      vertex 1.93537 7.76237 420
    endloop
  endfacet
  facet normal -0.275643 -0.96126 -0
    outer loop
      vertex 2.47214 7.60845 420
      vertex 1.93537 7.76237 400
      vertex 2.47214 7.60845 400
    endloop
  endfacet
  facet normal -0.994521 -0.104533 0
    outer loop
      vertex 7.98051 0.558051 400
      vertex 7.92214 1.11338 420
      vertex 7.92214 1.11338 400
    endloop
  endfacet
  facet normal -0.994521 -0.104533 0
    outer loop
      vertex 7.92214 1.11338 420
      vertex 7.98051 0.558051 400
      vertex 7.98051 0.558051 420
    endloop
  endfacet
  facet normal -0.999391 -0.0349038 0
    outer loop
      vertex 8 0 400
      vertex 7.98051 0.558051 420
      vertex 7.98051 0.558051 400
    endloop
  endfacet
  facet normal -0.999391 -0.0349038 0
    outer loop
      vertex 7.98051 0.558051 420
      vertex 8 0 400
      vertex 8 0 420
    endloop
  endfacet
  facet normal -0.406737 0.913545 0
    outer loop
      vertex 3.50697 -7.19035 400
      vertex 2.99685 -7.41747 420
      vertex 3.50697 -7.19035 420
    endloop
  endfacet
  facet normal -0.406737 0.913545 0
    outer loop
      vertex 2.99685 -7.41747 420
      vertex 3.50697 -7.19035 400
      vertex 2.99685 -7.41747 400
    endloop
  endfacet
  facet normal 0.207901 -0.97815 0
    outer loop
      vertex -1.93537 7.76237 400
      vertex -1.38918 7.87846 420
      vertex -1.93537 7.76237 420
    endloop
  endfacet
  facet normal 0.207901 -0.97815 0
    outer loop
      vertex -1.38918 7.87846 420
      vertex -1.93537 7.76237 400
      vertex -1.38918 7.87846 400
    endloop
  endfacet
  facet normal -0.927182 0.374612 0
    outer loop
      vertex 7.30836 -3.25389 400
      vertex 7.51754 -2.73616 420
      vertex 7.51754 -2.73616 400
    endloop
  endfacet
  facet normal -0.927182 0.374612 0
    outer loop
      vertex 7.51754 -2.73616 420
      vertex 7.30836 -3.25389 400
      vertex 7.30836 -3.25389 420
    endloop
  endfacet
  facet normal 0.275643 0.96126 -0
    outer loop
      vertex -1.93537 -7.76237 400
      vertex -2.47214 -7.60845 420
      vertex -1.93537 -7.76237 420
    endloop
  endfacet
  facet normal 0.275643 0.96126 0
    outer loop
      vertex -2.47214 -7.60845 420
      vertex -1.93537 -7.76237 400
      vertex -2.47214 -7.60845 400
    endloop
  endfacet
  facet normal -0.406737 -0.913545 0
    outer loop
      vertex 2.99685 7.41747 400
      vertex 3.50697 7.19035 420
      vertex 2.99685 7.41747 420
    endloop
  endfacet
  facet normal -0.406737 -0.913545 -0
    outer loop
      vertex 3.50697 7.19035 420
      vertex 2.99685 7.41747 400
      vertex 3.50697 7.19035 400
    endloop
  endfacet
  facet normal 0.342022 0.939692 -0
    outer loop
      vertex -2.47214 -7.60845 400
      vertex -2.99685 -7.41747 420
      vertex -2.47214 -7.60845 420
    endloop
  endfacet
  facet normal 0.342022 0.939692 0
    outer loop
      vertex -2.99685 -7.41747 420
      vertex -2.47214 -7.60845 400
      vertex -2.99685 -7.41747 400
    endloop
  endfacet
  facet normal 0.951057 0.309014 0
    outer loop
      vertex -7.51754 -2.73616 420
      vertex -7.69009 -2.2051 400
      vertex -7.69009 -2.2051 420
    endloop
  endfacet
  facet normal 0.951057 0.309014 0
    outer loop
      vertex -7.69009 -2.2051 400
      vertex -7.51754 -2.73616 420
      vertex -7.51754 -2.73616 400
    endloop
  endfacet
  facet normal 0.406737 -0.913545 0
    outer loop
      vertex -3.50697 7.19035 400
      vertex -2.99685 7.41747 420
      vertex -3.50697 7.19035 420
    endloop
  endfacet
  facet normal 0.406737 -0.913545 0
    outer loop
      vertex -2.99685 7.41747 420
      vertex -3.50697 7.19035 400
      vertex -2.99685 7.41747 400
    endloop
  endfacet
  facet normal 0.927182 -0.374612 0
    outer loop
      vertex -7.51754 2.73616 420
      vertex -7.30836 3.25389 400
      vertex -7.30836 3.25389 420
    endloop
  endfacet
  facet normal 0.927182 -0.374612 0
    outer loop
      vertex -7.30836 3.25389 400
      vertex -7.51754 2.73616 420
      vertex -7.51754 2.73616 400
    endloop
  endfacet
  facet normal -0.139169 -0.990269 0
    outer loop
      vertex 0.836227 7.95617 400
      vertex 1.38918 7.87846 420
      vertex 0.836227 7.95617 420
    endloop
  endfacet
  facet normal -0.139169 -0.990269 -0
    outer loop
      vertex 1.38918 7.87846 420
      vertex 0.836227 7.95617 400
      vertex 1.38918 7.87846 400
    endloop
  endfacet
  facet normal 0.0697718 -0.997563 0
    outer loop
      vertex -0.836227 7.95617 400
      vertex -0.279196 7.99513 420
      vertex -0.836227 7.95617 420
    endloop
  endfacet
  facet normal 0.0697718 -0.997563 0
    outer loop
      vertex -0.279196 7.99513 420
      vertex -0.836227 7.95617 400
      vertex -0.279196 7.99513 400
    endloop
  endfacet
  facet normal -0.342022 -0.939692 0
    outer loop
      vertex 2.47214 7.60845 400
      vertex 2.99685 7.41747 420
      vertex 2.47214 7.60845 420
    endloop
  endfacet
  facet normal -0.342022 -0.939692 -0
    outer loop
      vertex 2.99685 7.41747 420
      vertex 2.47214 7.60845 400
      vertex 2.99685 7.41747 400
    endloop
  endfacet
  facet normal -0.829046 0.55918 0
    outer loop
      vertex 6.47214 -4.70228 400
      vertex 6.78438 -4.23935 420
      vertex 6.78438 -4.23935 400
    endloop
  endfacet
  facet normal -0.829046 0.55918 0
    outer loop
      vertex 6.78438 -4.23935 420
      vertex 6.47214 -4.70228 400
      vertex 6.47214 -4.70228 420
    endloop
  endfacet
  facet normal 0.970295 -0.241925 0
    outer loop
      vertex -7.82518 1.66329 420
      vertex -7.69009 2.2051 400
      vertex -7.69009 2.2051 420
    endloop
  endfacet
  facet normal 0.970295 -0.241925 0
    outer loop
      vertex -7.69009 2.2051 400
      vertex -7.82518 1.66329 420
      vertex -7.82518 1.66329 400
    endloop
  endfacet
  facet normal -0.469473 -0.882947 0
    outer loop
      vertex 3.50697 7.19035 400
      vertex 4 6.9282 420
      vertex 3.50697 7.19035 420
    endloop
  endfacet
  facet normal -0.469473 -0.882947 -0
    outer loop
      vertex 4 6.9282 420
      vertex 3.50697 7.19035 400
      vertex 4 6.9282 400
    endloop
  endfacet
  facet normal -0.984809 0.173641 0
    outer loop
      vertex 7.82518 -1.66329 400
      vertex 7.92214 -1.11338 420
      vertex 7.92214 -1.11338 400
    endloop
  endfacet
  facet normal -0.984809 0.173641 0
    outer loop
      vertex 7.92214 -1.11338 420
      vertex 7.82518 -1.66329 400
      vertex 7.82518 -1.66329 420
    endloop
  endfacet
  facet normal -0.0697718 -0.997563 0
    outer loop
      vertex 0.279196 7.99513 400
      vertex 0.836227 7.95617 420
      vertex 0.279196 7.99513 420
    endloop
  endfacet
  facet normal -0.0697718 -0.997563 -0
    outer loop
      vertex 0.836227 7.95617 420
      vertex 0.279196 7.99513 400
      vertex 0.836227 7.95617 400
    endloop
  endfacet
  facet normal -0.788012 0.61566 0
    outer loop
      vertex 6.12836 -5.1423 400
      vertex 6.47214 -4.70228 420
      vertex 6.47214 -4.70228 400
    endloop
  endfacet
  facet normal -0.788012 0.61566 0
    outer loop
      vertex 6.47214 -4.70228 420
      vertex 6.12836 -5.1423 400
      vertex 6.12836 -5.1423 420
    endloop
  endfacet
  facet normal 0.469473 -0.882947 0
    outer loop
      vertex -4 6.9282 400
      vertex -3.50697 7.19035 420
      vertex -4 6.9282 420
    endloop
  endfacet
  facet normal 0.469473 -0.882947 0
    outer loop
      vertex -3.50697 7.19035 420
      vertex -4 6.9282 400
      vertex -3.50697 7.19035 400
    endloop
  endfacet
  facet normal 0.587779 -0.809022 0
    outer loop
      vertex -4.92529 6.30409 400
      vertex -4.47354 6.6323 420
      vertex -4.92529 6.30409 420
    endloop
  endfacet
  facet normal 0.587779 -0.809022 0
    outer loop
      vertex -4.47354 6.6323 420
      vertex -4.92529 6.30409 400
      vertex -4.47354 6.6323 400
    endloop
  endfacet
  facet normal 0.829046 -0.55918 0
    outer loop
      vertex -6.78438 4.23935 420
      vertex -6.47214 4.70228 400
      vertex -6.47214 4.70228 420
    endloop
  endfacet
  facet normal 0.829046 -0.55918 0
    outer loop
      vertex -6.47214 4.70228 400
      vertex -6.78438 4.23935 420
      vertex -6.78438 4.23935 400
    endloop
  endfacet
  facet normal -0.743145 0.66913 0
    outer loop
      vertex 5.75472 -5.55727 400
      vertex 6.12836 -5.1423 420
      vertex 6.12836 -5.1423 400
    endloop
  endfacet
  facet normal -0.743145 0.66913 0
    outer loop
      vertex 6.12836 -5.1423 420
      vertex 5.75472 -5.55727 400
      vertex 5.75472 -5.55727 420
    endloop
  endfacet
  facet normal -0.0697718 0.997563 0
    outer loop
      vertex 0.836227 -7.95617 400
      vertex 0.279196 -7.99513 420
      vertex 0.836227 -7.95617 420
    endloop
  endfacet
  facet normal -0.0697718 0.997563 0
    outer loop
      vertex 0.279196 -7.99513 420
      vertex 0.836227 -7.95617 400
      vertex 0.279196 -7.99513 400
    endloop
  endfacet
  facet normal -0.587779 -0.809022 0
    outer loop
      vertex 4.47354 6.6323 400
      vertex 4.92529 6.30409 420
      vertex 4.47354 6.6323 420
    endloop
  endfacet
  facet normal -0.587779 -0.809022 -0
    outer loop
      vertex 4.92529 6.30409 420
      vertex 4.47354 6.6323 400
      vertex 4.92529 6.30409 400
    endloop
  endfacet
  facet normal -0.529918 -0.848049 0
    outer loop
      vertex 4 6.9282 400
      vertex 4.47354 6.6323 420
      vertex 4 6.9282 420
    endloop
  endfacet
  facet normal -0.529918 -0.848049 -0
    outer loop
      vertex 4.47354 6.6323 420
      vertex 4 6.9282 400
      vertex 4.47354 6.6323 400
    endloop
  endfacet
  facet normal -0.139169 0.990269 0
    outer loop
      vertex 1.38918 -7.87846 400
      vertex 0.836227 -7.95617 420
      vertex 1.38918 -7.87846 420
    endloop
  endfacet
  facet normal -0.139169 0.990269 0
    outer loop
      vertex 0.836227 -7.95617 420
      vertex 1.38918 -7.87846 400
      vertex 0.836227 -7.95617 400
    endloop
  endfacet
  facet normal -0.951057 0.309014 0
    outer loop
      vertex 7.51754 -2.73616 400
      vertex 7.69009 -2.2051 420
      vertex 7.69009 -2.2051 400
    endloop
  endfacet
  facet normal -0.951057 0.309014 0
    outer loop
      vertex 7.69009 -2.2051 420
      vertex 7.51754 -2.73616 400
      vertex 7.51754 -2.73616 420
    endloop
  endfacet
  facet normal -0.866022 0.500007 0
    outer loop
      vertex 6.78438 -4.23935 400
      vertex 7.06358 -3.75577 420
      vertex 7.06358 -3.75577 400
    endloop
  endfacet
  facet normal -0.866022 0.500007 0
    outer loop
      vertex 7.06358 -3.75577 420
      vertex 6.78438 -4.23935 400
      vertex 6.78438 -4.23935 420
    endloop
  endfacet
  facet normal -0.970295 -0.241925 0
    outer loop
      vertex 7.82518 1.66329 400
      vertex 7.69009 2.2051 420
      vertex 7.69009 2.2051 400
    endloop
  endfacet
  facet normal -0.970295 -0.241925 0
    outer loop
      vertex 7.69009 2.2051 420
      vertex 7.82518 1.66329 400
      vertex 7.82518 1.66329 420
    endloop
  endfacet
  facet normal -0.788012 -0.61566 0
    outer loop
      vertex 6.47214 4.70228 400
      vertex 6.12836 5.1423 420
      vertex 6.12836 5.1423 400
    endloop
  endfacet
  facet normal -0.788012 -0.61566 0
    outer loop
      vertex 6.12836 5.1423 420
      vertex 6.47214 4.70228 400
      vertex 6.47214 4.70228 420
    endloop
  endfacet
  facet normal -0.694651 -0.719347 0
    outer loop
      vertex 5.35304 5.94516 400
      vertex 5.75472 5.55727 420
      vertex 5.35304 5.94516 420
    endloop
  endfacet
  facet normal -0.694651 -0.719347 -0
    outer loop
      vertex 5.75472 5.55727 420
      vertex 5.35304 5.94516 400
      vertex 5.75472 5.55727 400
    endloop
  endfacet
  facet normal -0.529918 0.848049 0
    outer loop
      vertex 4.47354 -6.6323 400
      vertex 4 -6.9282 420
      vertex 4.47354 -6.6323 420
    endloop
  endfacet
  facet normal -0.529918 0.848049 0
    outer loop
      vertex 4 -6.9282 420
      vertex 4.47354 -6.6323 400
      vertex 4 -6.9282 400
    endloop
  endfacet
  facet normal -0.587779 0.809022 0
    outer loop
      vertex 4.92529 -6.30409 400
      vertex 4.47354 -6.6323 420
      vertex 4.92529 -6.30409 420
    endloop
  endfacet
  facet normal -0.587779 0.809022 0
    outer loop
      vertex 4.47354 -6.6323 420
      vertex 4.92529 -6.30409 400
      vertex 4.47354 -6.6323 400
    endloop
  endfacet
  facet normal 0.743145 -0.66913 0
    outer loop
      vertex -6.12836 5.1423 420
      vertex -5.75472 5.55727 400
      vertex -5.75472 5.55727 420
    endloop
  endfacet
  facet normal 0.743145 -0.66913 0
    outer loop
      vertex -5.75472 5.55727 400
      vertex -6.12836 5.1423 420
      vertex -6.12836 5.1423 400
    endloop
  endfacet
  facet normal -0.994521 0.104533 0
    outer loop
      vertex 7.92214 -1.11338 400
      vertex 7.98051 -0.558051 420
      vertex 7.98051 -0.558051 400
    endloop
  endfacet
  facet normal -0.994521 0.104533 0
    outer loop
      vertex 7.98051 -0.558051 420
      vertex 7.92214 -1.11338 400
      vertex 7.92214 -1.11338 420
    endloop
  endfacet
  facet normal -0.970295 0.241925 0
    outer loop
      vertex 7.69009 -2.2051 400
      vertex 7.82518 -1.66329 420
      vertex 7.82518 -1.66329 400
    endloop
  endfacet
  facet normal -0.970295 0.241925 0
    outer loop
      vertex 7.82518 -1.66329 420
      vertex 7.69009 -2.2051 400
      vertex 7.69009 -2.2051 420
    endloop
  endfacet
  facet normal -0.829046 -0.55918 0
    outer loop
      vertex 6.78438 4.23935 400
      vertex 6.47214 4.70228 420
      vertex 6.47214 4.70228 400
    endloop
  endfacet
  facet normal -0.829046 -0.55918 0
    outer loop
      vertex 6.47214 4.70228 420
      vertex 6.78438 4.23935 400
      vertex 6.78438 4.23935 420
    endloop
  endfacet
  facet normal 0.788012 0.61566 0
    outer loop
      vertex -6.12836 -5.1423 420
      vertex -6.47214 -4.70228 400
      vertex -6.47214 -4.70228 420
    endloop
  endfacet
  facet normal 0.788012 0.61566 0
    outer loop
      vertex -6.47214 -4.70228 400
      vertex -6.12836 -5.1423 420
      vertex -6.12836 -5.1423 400
    endloop
  endfacet
  facet normal -0.951057 -0.309014 0
    outer loop
      vertex 7.69009 2.2051 400
      vertex 7.51754 2.73616 420
      vertex 7.51754 2.73616 400
    endloop
  endfacet
  facet normal -0.951057 -0.309014 0
    outer loop
      vertex 7.51754 2.73616 420
      vertex 7.69009 2.2051 400
      vertex 7.69009 2.2051 420
    endloop
  endfacet
  facet normal -0.866022 -0.500007 0
    outer loop
      vertex 7.06358 3.75577 400
      vertex 6.78438 4.23935 420
      vertex 6.78438 4.23935 400
    endloop
  endfacet
  facet normal -0.866022 -0.500007 0
    outer loop
      vertex 6.78438 4.23935 420
      vertex 7.06358 3.75577 400
      vertex 7.06358 3.75577 420
    endloop
  endfacet
  facet normal 0.866022 -0.500007 0
    outer loop
      vertex -7.06358 3.75577 420
      vertex -6.78438 4.23935 400
      vertex -6.78438 4.23935 420
    endloop
  endfacet
  facet normal 0.866022 -0.500007 0
    outer loop
      vertex -6.78438 4.23935 400
      vertex -7.06358 3.75577 420
      vertex -7.06358 3.75577 400
    endloop
  endfacet
  facet normal -0.898796 -0.438366 0
    outer loop
      vertex 7.30836 3.25389 400
      vertex 7.06358 3.75577 420
      vertex 7.06358 3.75577 400
    endloop
  endfacet
  facet normal -0.898796 -0.438366 0
    outer loop
      vertex 7.06358 3.75577 420
      vertex 7.30836 3.25389 400
      vertex 7.30836 3.25389 420
    endloop
  endfacet
  facet normal 0.139169 -0.990269 0
    outer loop
      vertex -1.38918 7.87846 400
      vertex -0.836227 7.95617 420
      vertex -1.38918 7.87846 420
    endloop
  endfacet
  facet normal 0.139169 -0.990269 0
    outer loop
      vertex -0.836227 7.95617 420
      vertex -1.38918 7.87846 400
      vertex -0.836227 7.95617 400
    endloop
  endfacet
  facet normal 0.694651 -0.719347 0
    outer loop
      vertex -5.75472 5.55727 400
      vertex -5.35304 5.94516 420
      vertex -5.75472 5.55727 420
    endloop
  endfacet
  facet normal 0.694651 -0.719347 0
    outer loop
      vertex -5.35304 5.94516 420
      vertex -5.75472 5.55727 400
      vertex -5.35304 5.94516 400
    endloop
  endfacet
  facet normal 0.342022 -0.939692 0
    outer loop
      vertex -2.99685 7.41747 400
      vertex -2.47214 7.60845 420
      vertex -2.99685 7.41747 420
    endloop
  endfacet
  facet normal 0.342022 -0.939692 0
    outer loop
      vertex -2.47214 7.60845 420
      vertex -2.99685 7.41747 400
      vertex -2.47214 7.60845 400
    endloop
  endfacet
  facet normal -0.999391 0.0349038 0
    outer loop
      vertex 7.98051 -0.558051 400
      vertex 8 0 420
      vertex 8 0 400
    endloop
  endfacet
  facet normal -0.999391 0.0349038 0
    outer loop
      vertex 8 0 420
      vertex 7.98051 -0.558051 400
      vertex 7.98051 -0.558051 420
    endloop
  endfacet
  facet normal 0.951057 -0.309014 0
    outer loop
      vertex -7.69009 2.2051 420
      vertex -7.51754 2.73616 400
      vertex -7.51754 2.73616 420
    endloop
  endfacet
  facet normal 0.951057 -0.309014 0
    outer loop
      vertex -7.51754 2.73616 400
      vertex -7.69009 2.2051 420
      vertex -7.69009 2.2051 400
    endloop
  endfacet
  facet normal 0.275643 -0.96126 0
    outer loop
      vertex -2.47214 7.60845 400
      vertex -1.93537 7.76237 420
      vertex -2.47214 7.60845 420
    endloop
  endfacet
  facet normal 0.275643 -0.96126 0
    outer loop
      vertex -1.93537 7.76237 420
      vertex -2.47214 7.60845 400
      vertex -1.93537 7.76237 400
    endloop
  endfacet
  facet normal 0.529918 -0.848049 0
    outer loop
      vertex -4.47354 6.6323 400
      vertex -4 6.9282 420
      vertex -4.47354 6.6323 420
    endloop
  endfacet
  facet normal 0.529918 -0.848049 0
    outer loop
      vertex -4 6.9282 420
      vertex -4.47354 6.6323 400
      vertex -4 6.9282 400
    endloop
  endfacet
  facet normal 0.694651 0.719347 -0
    outer loop
      vertex -5.35304 -5.94516 400
      vertex -5.75472 -5.55727 420
      vertex -5.35304 -5.94516 420
    endloop
  endfacet
  facet normal 0.694651 0.719347 0
    outer loop
      vertex -5.75472 -5.55727 420
      vertex -5.35304 -5.94516 400
      vertex -5.75472 -5.55727 400
    endloop
  endfacet
  facet normal 0.999391 0.0349038 0
    outer loop
      vertex -7.98051 -0.558051 420
      vertex -8 0 400
      vertex -8 0 420
    endloop
  endfacet
  facet normal 0.999391 0.0349038 0
    outer loop
      vertex -8 0 400
      vertex -7.98051 -0.558051 420
      vertex -7.98051 -0.558051 400
    endloop
  endfacet
  facet normal -0.694651 0.719347 0
    outer loop
      vertex 5.75472 -5.55727 400
      vertex 5.35304 -5.94516 420
      vertex 5.75472 -5.55727 420
    endloop
  endfacet
  facet normal -0.694651 0.719347 0
    outer loop
      vertex 5.35304 -5.94516 420
      vertex 5.75472 -5.55727 400
      vertex 5.35304 -5.94516 400
    endloop
  endfacet
  facet normal 0.984809 -0.173641 0
    outer loop
      vertex -7.92214 1.11338 420
      vertex -7.82518 1.66329 400
      vertex -7.82518 1.66329 420
    endloop
  endfacet
  facet normal 0.984809 -0.173641 0
    outer loop
      vertex -7.82518 1.66329 400
      vertex -7.92214 1.11338 420
      vertex -7.92214 1.11338 400
    endloop
  endfacet
  facet normal -0.898796 0.438366 0
    outer loop
      vertex 7.06358 -3.75577 400
      vertex 7.30836 -3.25389 420
      vertex 7.30836 -3.25389 400
    endloop
  endfacet
  facet normal -0.898796 0.438366 0
    outer loop
      vertex 7.30836 -3.25389 420
      vertex 7.06358 -3.75577 400
      vertex 7.06358 -3.75577 420
    endloop
  endfacet
  facet normal -0.927182 -0.374612 0
    outer loop
      vertex 7.51754 2.73616 400
      vertex 7.30836 3.25389 420
      vertex 7.30836 3.25389 400
    endloop
  endfacet
  facet normal -0.927182 -0.374612 0
    outer loop
      vertex 7.30836 3.25389 420
      vertex 7.51754 2.73616 400
      vertex 7.51754 2.73616 420
    endloop
  endfacet
  facet normal 0.139169 0.990269 -0
    outer loop
      vertex -0.836227 -7.95617 400
      vertex -1.38918 -7.87846 420
      vertex -0.836227 -7.95617 420
    endloop
  endfacet
  facet normal 0.139169 0.990269 0
    outer loop
      vertex -1.38918 -7.87846 420
      vertex -0.836227 -7.95617 400
      vertex -1.38918 -7.87846 400
    endloop
  endfacet
  facet normal 0.994521 0.104533 0
    outer loop
      vertex -7.92214 -1.11338 420
      vertex -7.98051 -0.558051 400
      vertex -7.98051 -0.558051 420
    endloop
  endfacet
  facet normal 0.994521 0.104533 0
    outer loop
      vertex -7.98051 -0.558051 400
      vertex -7.92214 -1.11338 420
      vertex -7.92214 -1.11338 400
    endloop
  endfacet
  facet normal -0.469473 0.882947 0
    outer loop
      vertex 4 -6.9282 400
      vertex 3.50697 -7.19035 420
      vertex 4 -6.9282 420
    endloop
  endfacet
  facet normal -0.469473 0.882947 0
    outer loop
      vertex 3.50697 -7.19035 420
      vertex 4 -6.9282 400
      vertex 3.50697 -7.19035 400
    endloop
  endfacet
  facet normal -0.342022 0.939692 0
    outer loop
      vertex 2.99685 -7.41747 400
      vertex 2.47214 -7.60845 420
      vertex 2.99685 -7.41747 420
    endloop
  endfacet
  facet normal -0.342022 0.939692 0
    outer loop
      vertex 2.47214 -7.60845 420
      vertex 2.99685 -7.41747 400
      vertex 2.47214 -7.60845 400
    endloop
  endfacet
  facet normal 0 -1 0
    outer loop
      vertex -0.279196 7.99513 400
      vertex 0.279196 7.99513 420
      vertex -0.279196 7.99513 420
    endloop
  endfacet
  facet normal 0 -1 -0
    outer loop
      vertex 0.279196 7.99513 420
      vertex -0.279196 7.99513 400
      vertex 0.279196 7.99513 400
    endloop
  endfacet
  facet normal 0.927182 0.374612 0
    outer loop
      vertex -7.30836 -3.25389 420
      vertex -7.51754 -2.73616 400
      vertex -7.51754 -2.73616 420
    endloop
  endfacet
  facet normal 0.927182 0.374612 0
    outer loop
      vertex -7.51754 -2.73616 400
      vertex -7.30836 -3.25389 420
      vertex -7.30836 -3.25389 400
    endloop
  endfacet
  facet normal -0.642793 -0.76604 0
    outer loop
      vertex 4.92529 6.30409 400
      vertex 5.35304 5.94516 420
      vertex 4.92529 6.30409 420
    endloop
  endfacet
  facet normal -0.642793 -0.76604 -0
    outer loop
      vertex 5.35304 5.94516 420
      vertex 4.92529 6.30409 400
      vertex 5.35304 5.94516 400
    endloop
  endfacet
  facet normal 0.898796 -0.438366 0
    outer loop
      vertex -7.30836 3.25389 420
      vertex -7.06358 3.75577 400
      vertex -7.06358 3.75577 420
    endloop
  endfacet
  facet normal 0.898796 -0.438366 0
    outer loop
      vertex -7.06358 3.75577 400
      vertex -7.30836 3.25389 420
      vertex -7.30836 3.25389 400
    endloop
  endfacet
  facet normal 0.207901 0.97815 -0
    outer loop
      vertex -1.38918 -7.87846 400
      vertex -1.93537 -7.76237 420
      vertex -1.38918 -7.87846 420
    endloop
  endfacet
  facet normal 0.207901 0.97815 0
    outer loop
      vertex -1.93537 -7.76237 420
      vertex -1.38918 -7.87846 400
      vertex -1.93537 -7.76237 400
    endloop
  endfacet
  facet normal -0.275643 0.96126 0
    outer loop
      vertex 2.47214 -7.60845 400
      vertex 1.93537 -7.76237 420
      vertex 2.47214 -7.60845 420
    endloop
  endfacet
  facet normal -0.275643 0.96126 0
    outer loop
      vertex 1.93537 -7.76237 420
      vertex 2.47214 -7.60845 400
      vertex 1.93537 -7.76237 400
    endloop
  endfacet
  facet normal 0.642793 -0.76604 0
    outer loop
      vertex -5.35304 5.94516 400
      vertex -4.92529 6.30409 420
      vertex -5.35304 5.94516 420
    endloop
  endfacet
  facet normal 0.642793 -0.76604 0
    outer loop
      vertex -4.92529 6.30409 420
      vertex -5.35304 5.94516 400
      vertex -4.92529 6.30409 400
    endloop
  endfacet
  facet normal 0.0697718 0.997563 -0
    outer loop
      vertex -0.279196 -7.99513 400
      vertex -0.836227 -7.95617 420
      vertex -0.279196 -7.99513 420
    endloop
  endfacet
  facet normal 0.0697718 0.997563 0
    outer loop
      vertex -0.836227 -7.95617 420
      vertex -0.279196 -7.99513 400
      vertex -0.836227 -7.95617 400
    endloop
  endfacet
  facet normal -0.984809 -0.173641 0
    outer loop
      vertex 7.92214 1.11338 400
      vertex 7.82518 1.66329 420
      vertex 7.82518 1.66329 400
    endloop
  endfacet
  facet normal -0.984809 -0.173641 0
    outer loop
      vertex 7.82518 1.66329 420
      vertex 7.92214 1.11338 400
      vertex 7.92214 1.11338 420
    endloop
  endfacet
  facet normal 0.898796 0.438366 0
    outer loop
      vertex -7.06358 -3.75577 420
      vertex -7.30836 -3.25389 400
      vertex -7.30836 -3.25389 420
    endloop
  endfacet
  facet normal 0.898796 0.438366 0
    outer loop
      vertex -7.30836 -3.25389 400
      vertex -7.06358 -3.75577 420
      vertex -7.06358 -3.75577 400
    endloop
  endfacet
  facet normal 0 1 -0
    outer loop
      vertex 0.279196 -7.99513 400
      vertex -0.279196 -7.99513 420
      vertex 0.279196 -7.99513 420
    endloop
  endfacet
  facet normal 0 1 0
    outer loop
      vertex -0.279196 -7.99513 420
      vertex 0.279196 -7.99513 400
      vertex -0.279196 -7.99513 400
    endloop
  endfacet
  facet normal -0.642793 0.76604 0
    outer loop
      vertex 5.35304 -5.94516 400
      vertex 4.92529 -6.30409 420
      vertex 5.35304 -5.94516 420
    endloop
  endfacet
  facet normal -0.642793 0.76604 0
    outer loop
      vertex 4.92529 -6.30409 420
      vertex 5.35304 -5.94516 400
      vertex 4.92529 -6.30409 400
    endloop
  endfacet
  facet normal 0.994521 -0.104533 0
    outer loop
      vertex -7.98051 0.558051 420
      vertex -7.92214 1.11338 400
      vertex -7.92214 1.11338 420
    endloop
  endfacet
  facet normal 0.994521 -0.104533 0
    outer loop
      vertex -7.92214 1.11338 400
      vertex -7.98051 0.558051 420
      vertex -7.98051 0.558051 400
    endloop
  endfacet
  facet normal 0.999391 -0.0349038 0
    outer loop
      vertex -8 0 420
      vertex -7.98051 0.558051 400
      vertex -7.98051 0.558051 420
    endloop
  endfacet
  facet normal 0.999391 -0.0349038 0
    outer loop
      vertex -7.98051 0.558051 400
      vertex -8 0 420
      vertex -8 0 400
    endloop
  endfacet
  facet normal 0.642793 0.76604 -0
    outer loop
      vertex -4.92529 -6.30409 400
      vertex -5.35304 -5.94516 420
      vertex -4.92529 -6.30409 420
    endloop
  endfacet
  facet normal 0.642793 0.76604 0
    outer loop
      vertex -5.35304 -5.94516 420
      vertex -4.92529 -6.30409 400
      vertex -5.35304 -5.94516 400
    endloop
  endfacet
  facet normal -0.207901 -0.97815 0
    outer loop
      vertex 1.38918 7.87846 400
      vertex 1.93537 7.76237 420
      vertex 1.38918 7.87846 420
    endloop
  endfacet
  facet normal -0.207901 -0.97815 -0
    outer loop
      vertex 1.93537 7.76237 420
      vertex 1.38918 7.87846 400
      vertex 1.93537 7.76237 400
    endloop
  endfacet
  facet normal 0.829046 0.55918 0
    outer loop
      vertex -6.47214 -4.70228 420
      vertex -6.78438 -4.23935 400
      vertex -6.78438 -4.23935 420
    endloop
  endfacet
  facet normal 0.829046 0.55918 0
    outer loop
      vertex -6.78438 -4.23935 400
      vertex -6.47214 -4.70228 420
      vertex -6.47214 -4.70228 400
    endloop
  endfacet
  facet normal 0.788012 -0.61566 0
    outer loop
      vertex -6.47214 4.70228 420
      vertex -6.12836 5.1423 400
      vertex -6.12836 5.1423 420
    endloop
  endfacet
  facet normal 0.788012 -0.61566 0
    outer loop
      vertex -6.12836 5.1423 400
      vertex -6.47214 4.70228 420
      vertex -6.47214 4.70228 400
    endloop
  endfacet
  facet normal 0.743145 0.66913 0
    outer loop
      vertex -5.75472 -5.55727 420
      vertex -6.12836 -5.1423 400
      vertex -6.12836 -5.1423 420
    endloop
  endfacet
  facet normal 0.743145 0.66913 0
    outer loop
      vertex -6.12836 -5.1423 400
      vertex -5.75472 -5.55727 420
      vertex -5.75472 -5.55727 400
    endloop
  endfacet
  facet normal -0.207901 0.97815 0
    outer loop
      vertex 1.93537 -7.76237 400
      vertex 1.38918 -7.87846 420
      vertex 1.93537 -7.76237 420
    endloop
  endfacet
  facet normal -0.207901 0.97815 0
    outer loop
      vertex 1.38918 -7.87846 420
      vertex 1.93537 -7.76237 400
      vertex 1.38918 -7.87846 400
    endloop
  endfacet
  facet normal 0.587779 0.809022 -0
    outer loop
      vertex -4.47354 -6.6323 400
      vertex -4.92529 -6.30409 420
      vertex -4.47354 -6.6323 420
    endloop
  endfacet
  facet normal 0.587779 0.809022 0
    outer loop
      vertex -4.92529 -6.30409 420
      vertex -4.47354 -6.6323 400
      vertex -4.92529 -6.30409 400
    endloop
  endfacet
  facet normal -0.743145 -0.66913 0
    outer loop
      vertex 6.12836 5.1423 400
      vertex 5.75472 5.55727 420
      vertex 5.75472 5.55727 400
    endloop
  endfacet
  facet normal -0.743145 -0.66913 0
    outer loop
      vertex 5.75472 5.55727 420
      vertex 6.12836 5.1423 400
      vertex 6.12836 5.1423 420
    endloop
  endfacet
  facet normal 0.469473 0.882947 -0
    outer loop
      vertex -3.50697 -7.19035 400
      vertex -4 -6.9282 420
      vertex -3.50697 -7.19035 420
    endloop
  endfacet
  facet normal 0.469473 0.882947 0
    outer loop
      vertex -4 -6.9282 420
      vertex -3.50697 -7.19035 400
      vertex -4 -6.9282 400
    endloop
  endfacet
  facet normal 0.529918 0.848049 -0
    outer loop
      vertex -4 -6.9282 400
      vertex -4.47354 -6.6323 420
      vertex -4 -6.9282 420
    endloop
  endfacet
  facet normal 0.529918 0.848049 0
    outer loop
      vertex -4.47354 -6.6323 420
      vertex -4 -6.9282 400
      vertex -4.47354 -6.6323 400
    endloop
  endfacet
  facet normal 0.866022 0.500007 0
    outer loop
      vertex -6.78438 -4.23935 420
      vertex -7.06358 -3.75577 400
      vertex -7.06358 -3.75577 420
    endloop
  endfacet
  facet normal 0.866022 0.500007 0
    outer loop
      vertex -7.06358 -3.75577 400
      vertex -6.78438 -4.23935 420
      vertex -6.78438 -4.23935 400
    endloop
  endfacet
  facet normal 0.970295 0.241925 0
    outer loop
      vertex -7.69009 -2.2051 420
      vertex -7.82518 -1.66329 400
      vertex -7.82518 -1.66329 420
    endloop
  endfacet
  facet normal 0.970295 0.241925 0
    outer loop
      vertex -7.82518 -1.66329 400
      vertex -7.69009 -2.2051 420
      vertex -7.69009 -2.2051 400
    endloop
  endfacet
  facet normal 0.984809 0.173641 0
    outer loop
      vertex -7.82518 -1.66329 420
      vertex -7.92214 -1.11338 400
      vertex -7.92214 -1.11338 420
    endloop
  endfacet
  facet normal 0.984809 0.173641 0
    outer loop
      vertex -7.92214 -1.11338 400
      vertex -7.82518 -1.66329 420
      vertex -7.82518 -1.66329 400
    endloop
  endfacet
  facet normal 0.406737 0.913545 -0
    outer loop
      vertex -2.99685 -7.41747 400
      vertex -3.50697 -7.19035 420
      vertex -2.99685 -7.41747 420
    endloop
  endfacet
  facet normal 0.406737 0.913545 0
    outer loop
      vertex -3.50697 -7.19035 420
      vertex -2.99685 -7.41747 400
      vertex -3.50697 -7.19035 400
    endloop
  endfacet
  facet normal 1 -0 0
    outer loop
      vertex 30 -7.5 200
      vertex 30 7.5 10
      vertex 30 7.5 200
    endloop
  endfacet
  facet normal 1 0 0
    outer loop
      vertex 30 7.5 10
      vertex 30 -7.5 200
      vertex 30 -7.5 10
    endloop
  endfacet
  facet normal 1 -0 0
    outer loop
      vertex 30 -7.5 -20
      vertex 30 7.5 -160
      vertex 30 7.5 -20
    endloop
  endfacet
  facet normal 1 0 0
    outer loop
      vertex 30 7.5 -160
      vertex 30 -7.5 -20
      vertex 30 -7.5 -160
    endloop
  endfacet
  facet normal -0 0 1
    outer loop
      vertex -30 7.5 200
      vertex 30 -7.5 200
      vertex 30 7.5 200
    endloop
  endfacet
  facet normal 0 0 1
    outer loop
      vertex 30 -7.5 200
      vertex -30 7.5 200
      vertex -30 -7.5 200
    endloop
  endfacet
  facet normal 0 0 -1
    outer loop
      vertex -30 -7.5 -160
      vertex 30 7.5 -160
      vertex 30 -7.5 -160
    endloop
  endfacet
  facet normal -0 0 -1
    outer loop
      vertex 30 7.5 -160
      vertex -30 -7.5 -160
      vertex -30 7.5 -160
    endloop
  endfacet
  facet normal -1 0 0
    outer loop
      vertex -30 -7.5 10
      vertex -30 7.5 200
      vertex -30 7.5 10
    endloop
  endfacet
  facet normal -1 -0 0
    outer loop
      vertex -30 7.5 200
      vertex -30 -7.5 10
      vertex -30 -7.5 200
    endloop
  endfacet
  facet normal -1 0 0
    outer loop
      vertex -30 -7.5 -160
      vertex -30 7.5 -20
      vertex -30 7.5 -160
    endloop
  endfacet
  facet normal -1 -0 0
    outer loop
      vertex -30 7.5 -20
      vertex -30 -7.5 -160
      vertex -30 -7.5 -20
    endloop
  endfacet
  facet normal 0 1 -0
    outer loop
      vertex 30 7.5 10
      vertex -30 7.5 200
      vertex 30 7.5 200
    endloop
  endfacet
  facet normal 0 1 0
    outer loop
      vertex -30 7.5 200
      vertex 30 7.5 10
      vertex -30 7.5 10
    endloop
  endfacet
  facet normal 0 1 -0
    outer loop
      vertex 30 7.5 -160
      vertex -30 7.5 -20
      vertex 30 7.5 -20
    endloop
  endfacet
  facet normal 0 1 0
    outer loop
      vertex -30 7.5 -20
      vertex 30 7.5 -160
      vertex -30 7.5 -160
    endloop
  endfacet
  facet normal 0 -1 0
    outer loop
      vertex -30 -7.5 10
      vertex 30 -7.5 200
      vertex -30 -7.5 200
    endloop
  endfacet
  facet normal 0 -1 -0
    outer loop
      vertex 30 -7.5 200
      vertex -30 -7.5 10
      vertex 30 -7.5 10
    endloop
  endfacet
  facet normal 0 -1 0
    outer loop
      vertex -30 -7.5 -160
      vertex 30 -7.5 -20
      vertex -30 -7.5 -20
    endloop
  endfacet
  facet normal 0 -1 -0
    outer loop
      vertex 30 -7.5 -20
      vertex -30 -7.5 -160
      vertex 30 -7.5 -160
    endloop
  endfacet
endsolid OpenSCAD_Model
