solid OpenSCAD_Model
  facet normal 0.995562 0.0941089 0
    outer loop
      vertex 57.8856 3.64185 60
      vertex 57.5427 7.26933 -60
      vertex 57.5427 7.26933 60
    endloop
  endfacet
  facet normal 0.995562 0.0941089 0
    outer loop
      vertex 57.5427 7.26933 -60
      vertex 57.8856 3.64185 60
      vertex 57.8856 3.64185 -60
    endloop
  endfacet
  facet normal 0.999507 0.0313971 0
    outer loop
      vertex 58 0 60
      vertex 57.8856 3.64185 -60
      vertex 57.8856 3.64185 60
    endloop
  endfacet
  facet normal 0.999507 0.0313971 0
    outer loop
      vertex 57.8856 3.64185 -60
      vertex 58 0 60
      vertex 58 0 -60
    endloop
  endfacet
  facet normal 0.453996 -0.891004 0
    outer loop
      vertex 24.6952 -52.48 -60
      vertex 27.9417 -50.8258 60
      vertex 24.6952 -52.48 60
    endloop
  endfacet
  facet normal 0.453996 -0.891004 0
    outer loop
      vertex 27.9417 -50.8258 60
      vertex 24.6952 -52.48 -60
      vertex 27.9417 -50.8258 -60
    endloop
  endfacet
  facet normal 0.562089 -0.827077 0
    outer loop
      vertex 31.078 -48.971 -60
      vertex 34.0915 -46.923 60
      vertex 31.078 -48.971 60
    endloop
  endfacet
  facet normal 0.562089 -0.827077 0
    outer loop
      vertex 34.0915 -46.923 60
      vertex 31.078 -48.971 -60
      vertex 34.0915 -46.923 -60
    endloop
  endfacet
  facet normal 0.940874 -0.338755 0
    outer loop
      vertex 53.927 -21.3512 60
      vertex 55.1613 -17.923 -60
      vertex 55.1613 -17.923 60
    endloop
  endfacet
  facet normal 0.940874 -0.338755 0
    outer loop
      vertex 55.1613 -17.923 -60
      vertex 53.927 -21.3512 60
      vertex 53.927 -21.3512 -60
    endloop
  endfacet
  facet normal 0.750105 -0.661319 0
    outer loop
      vertex 42.2802 -39.7037 60
      vertex 44.6898 -36.9706 -60
      vertex 44.6898 -36.9706 60
    endloop
  endfacet
  facet normal 0.750105 -0.661319 0
    outer loop
      vertex 44.6898 -36.9706 -60
      vertex 42.2802 -39.7037 60
      vertex 42.2802 -39.7037 -60
    endloop
  endfacet
  facet normal -0.960298 0.278978 0
    outer loop
      vertex -56.1778 14.424 -60
      vertex -55.1613 17.923 60
      vertex -55.1613 17.923 -60
    endloop
  endfacet
  facet normal -0.960298 0.278978 0
    outer loop
      vertex -55.1613 17.923 60
      vertex -56.1778 14.424 -60
      vertex -56.1778 14.424 60
    endloop
  endfacet
  facet normal -0.156437 -0.987688 0
    outer loop
      vertex -10.8681 -56.9727 -60
      vertex -7.26933 -57.5427 60
      vertex -10.8681 -56.9727 60
    endloop
  endfacet
  facet normal -0.156437 -0.987688 -0
    outer loop
      vertex -7.26933 -57.5427 60
      vertex -10.8681 -56.9727 -60
      vertex -7.26933 -57.5427 -60
    endloop
  endfacet
  facet normal -0.750105 0.661319 0
    outer loop
      vertex -44.6898 36.9706 -60
      vertex -42.2802 39.7037 60
      vertex -42.2802 39.7037 -60
    endloop
  endfacet
  facet normal -0.750105 0.661319 0
    outer loop
      vertex -42.2802 39.7037 60
      vertex -44.6898 36.9706 -60
      vertex -44.6898 36.9706 60
    endloop
  endfacet
  facet normal 0.975913 0.218159 0
    outer loop
      vertex 56.9727 10.8681 60
      vertex 56.1778 14.424 -60
      vertex 56.1778 14.424 60
    endloop
  endfacet
  facet normal 0.975913 0.218159 0
    outer loop
      vertex 56.1778 14.424 -60
      vertex 56.9727 10.8681 60
      vertex 56.9727 10.8681 -60
    endloop
  endfacet
  facet normal -0.562089 0.827077 0
    outer loop
      vertex -31.078 48.971 -60
      vertex -34.0915 46.923 60
      vertex -31.078 48.971 60
    endloop
  endfacet
  facet normal -0.562089 0.827077 0
    outer loop
      vertex -34.0915 46.923 60
      vertex -31.078 48.971 -60
      vertex -34.0915 46.923 -60
    endloop
  endfacet
  facet normal 0.995562 -0.0941089 0
    outer loop
      vertex 57.5427 -7.26933 60
      vertex 57.8856 -3.64185 -60
      vertex 57.8856 -3.64185 60
    endloop
  endfacet
  facet normal 0.995562 -0.0941089 0
    outer loop
      vertex 57.8856 -3.64185 -60
      vertex 57.5427 -7.26933 60
      vertex 57.5427 -7.26933 -60
    endloop
  endfacet
  facet normal -0.338755 0.940874 0
    outer loop
      vertex -17.923 55.1613 -60
      vertex -21.3512 53.927 60
      vertex -17.923 55.1613 60
    endloop
  endfacet
  facet normal -0.338755 0.940874 0
    outer loop
      vertex -21.3512 53.927 60
      vertex -17.923 55.1613 -60
      vertex -21.3512 53.927 -60
    endloop
  endfacet
  facet normal 0.562089 0.827077 -0
    outer loop
      vertex 34.0915 46.923 -60
      vertex 31.078 48.971 60
      vertex 34.0915 46.923 60
    endloop
  endfacet
  facet normal 0.562089 0.827077 0
    outer loop
      vertex 31.078 48.971 60
      vertex 34.0915 46.923 -60
      vertex 31.078 48.971 -60
    endloop
  endfacet
  facet normal 0.940874 0.338755 0
    outer loop
      vertex 55.1613 17.923 60
      vertex 53.927 21.3512 -60
      vertex 53.927 21.3512 60
    endloop
  endfacet
  facet normal 0.940874 0.338755 0
    outer loop
      vertex 53.927 21.3512 -60
      vertex 55.1613 17.923 60
      vertex 55.1613 17.923 -60
    endloop
  endfacet
  facet normal -0.940874 -0.338755 0
    outer loop
      vertex -53.927 -21.3512 -60
      vertex -55.1613 -17.923 60
      vertex -55.1613 -17.923 -60
    endloop
  endfacet
  facet normal -0.940874 -0.338755 0
    outer loop
      vertex -55.1613 -17.923 60
      vertex -53.927 -21.3512 -60
      vertex -53.927 -21.3512 60
    endloop
  endfacet
  facet normal -0.987688 0.156437 0
    outer loop
      vertex -57.5427 7.26933 -60
      vertex -56.9727 10.8681 60
      vertex -56.9727 10.8681 -60
    endloop
  endfacet
  facet normal -0.987688 0.156437 0
    outer loop
      vertex -56.9727 10.8681 60
      vertex -57.5427 7.26933 -60
      vertex -57.5427 7.26933 60
    endloop
  endfacet
  facet normal 0.790163 -0.612897 0
    outer loop
      vertex 44.6898 -36.9706 60
      vertex 46.923 -34.0915 -60
      vertex 46.923 -34.0915 60
    endloop
  endfacet
  facet normal 0.790163 -0.612897 0
    outer loop
      vertex 46.923 -34.0915 -60
      vertex 44.6898 -36.9706 60
      vertex 44.6898 -36.9706 -60
    endloop
  endfacet
  facet normal 0.750105 0.661319 0
    outer loop
      vertex 44.6898 36.9706 60
      vertex 42.2802 39.7037 -60
      vertex 42.2802 39.7037 60
    endloop
  endfacet
  facet normal 0.750105 0.661319 0
    outer loop
      vertex 42.2802 39.7037 -60
      vertex 44.6898 36.9706 60
      vertex 44.6898 36.9706 -60
    endloop
  endfacet
  facet normal -0.790163 -0.612897 0
    outer loop
      vertex -44.6898 -36.9706 -60
      vertex -46.923 -34.0915 60
      vertex -46.923 -34.0915 -60
    endloop
  endfacet
  facet normal -0.790163 -0.612897 0
    outer loop
      vertex -46.923 -34.0915 60
      vertex -44.6898 -36.9706 -60
      vertex -44.6898 -36.9706 60
    endloop
  endfacet
  facet normal 0.39713 0.917762 -0
    outer loop
      vertex 24.6952 52.48 -60
      vertex 21.3512 53.927 60
      vertex 24.6952 52.48 60
    endloop
  endfacet
  facet normal 0.39713 0.917762 0
    outer loop
      vertex 21.3512 53.927 60
      vertex 24.6952 52.48 -60
      vertex 21.3512 53.927 -60
    endloop
  endfacet
  facet normal -0.0941089 0.995562 0
    outer loop
      vertex -3.64185 57.8856 -60
      vertex -7.26933 57.5427 60
      vertex -3.64185 57.8856 60
    endloop
  endfacet
  facet normal -0.0941089 0.995562 0
    outer loop
      vertex -7.26933 57.5427 60
      vertex -3.64185 57.8856 -60
      vertex -7.26933 57.5427 -60
    endloop
  endfacet
  facet normal -0.218159 -0.975913 0
    outer loop
      vertex -14.424 -56.1778 -60
      vertex -10.8681 -56.9727 60
      vertex -14.424 -56.1778 60
    endloop
  endfacet
  facet normal -0.218159 -0.975913 -0
    outer loop
      vertex -10.8681 -56.9727 60
      vertex -14.424 -56.1778 -60
      vertex -10.8681 -56.9727 -60
    endloop
  endfacet
  facet normal 0.278978 0.960298 -0
    outer loop
      vertex 17.923 55.1613 -60
      vertex 14.424 56.1778 60
      vertex 17.923 55.1613 60
    endloop
  endfacet
  facet normal 0.278978 0.960298 0
    outer loop
      vertex 14.424 56.1778 60
      vertex 17.923 55.1613 -60
      vertex 14.424 56.1778 -60
    endloop
  endfacet
  facet normal 0.960298 -0.278978 0
    outer loop
      vertex 55.1613 -17.923 60
      vertex 56.1778 -14.424 -60
      vertex 56.1778 -14.424 60
    endloop
  endfacet
  facet normal 0.960298 -0.278978 0
    outer loop
      vertex 56.1778 -14.424 -60
      vertex 55.1613 -17.923 60
      vertex 55.1613 -17.923 -60
    endloop
  endfacet
  facet normal 0.278978 -0.960298 0
    outer loop
      vertex 14.424 -56.1778 -60
      vertex 17.923 -55.1613 60
      vertex 14.424 -56.1778 60
    endloop
  endfacet
  facet normal 0.278978 -0.960298 0
    outer loop
      vertex 17.923 -55.1613 60
      vertex 14.424 -56.1778 -60
      vertex 17.923 -55.1613 -60
    endloop
  endfacet
  facet normal 0.338755 0.940874 -0
    outer loop
      vertex 21.3512 53.927 -60
      vertex 17.923 55.1613 60
      vertex 21.3512 53.927 60
    endloop
  endfacet
  facet normal 0.338755 0.940874 0
    outer loop
      vertex 17.923 55.1613 60
      vertex 21.3512 53.927 -60
      vertex 17.923 55.1613 -60
    endloop
  endfacet
  facet normal 0.0313971 -0.999507 0
    outer loop
      vertex 0 -58 -60
      vertex 3.64185 -57.8856 60
      vertex 0 -58 60
    endloop
  endfacet
  facet normal 0.0313971 -0.999507 0
    outer loop
      vertex 3.64185 -57.8856 60
      vertex 0 -58 -60
      vertex 3.64185 -57.8856 -60
    endloop
  endfacet
  facet normal -0.750105 -0.661319 0
    outer loop
      vertex -42.2802 -39.7037 -60
      vertex -44.6898 -36.9706 60
      vertex -44.6898 -36.9706 -60
    endloop
  endfacet
  facet normal -0.750105 -0.661319 0
    outer loop
      vertex -44.6898 -36.9706 60
      vertex -42.2802 -39.7037 -60
      vertex -42.2802 -39.7037 60
    endloop
  endfacet
  facet normal -0.0313971 -0.999507 0
    outer loop
      vertex -3.64185 -57.8856 -60
      vertex 0 -58 60
      vertex -3.64185 -57.8856 60
    endloop
  endfacet
  facet normal -0.0313971 -0.999507 -0
    outer loop
      vertex 0 -58 60
      vertex -3.64185 -57.8856 -60
      vertex 0 -58 -60
    endloop
  endfacet
  facet normal 0.827077 0.562089 0
    outer loop
      vertex 48.971 31.078 60
      vertex 46.923 34.0915 -60
      vertex 46.923 34.0915 60
    endloop
  endfacet
  facet normal 0.827077 0.562089 0
    outer loop
      vertex 46.923 34.0915 -60
      vertex 48.971 31.078 60
      vertex 48.971 31.078 -60
    endloop
  endfacet
  facet normal 0.860742 0.509041 0
    outer loop
      vertex 50.8258 27.9417 60
      vertex 48.971 31.078 -60
      vertex 48.971 31.078 60
    endloop
  endfacet
  facet normal 0.860742 0.509041 0
    outer loop
      vertex 48.971 31.078 -60
      vertex 50.8258 27.9417 60
      vertex 50.8258 27.9417 -60
    endloop
  endfacet
  facet normal -0.960298 -0.278978 0
    outer loop
      vertex -55.1613 -17.923 -60
      vertex -56.1778 -14.424 60
      vertex -56.1778 -14.424 -60
    endloop
  endfacet
  facet normal -0.960298 -0.278978 0
    outer loop
      vertex -56.1778 -14.424 60
      vertex -55.1613 -17.923 -60
      vertex -55.1613 -17.923 60
    endloop
  endfacet
  facet normal -0.999507 0.0313971 0
    outer loop
      vertex -58 0 -60
      vertex -57.8856 3.64185 60
      vertex -57.8856 3.64185 -60
    endloop
  endfacet
  facet normal -0.999507 0.0313971 0
    outer loop
      vertex -57.8856 3.64185 60
      vertex -58 0 -60
      vertex -58 0 60
    endloop
  endfacet
  facet normal -0.156437 0.987688 0
    outer loop
      vertex -7.26933 57.5427 -60
      vertex -10.8681 56.9727 60
      vertex -7.26933 57.5427 60
    endloop
  endfacet
  facet normal -0.156437 0.987688 0
    outer loop
      vertex -10.8681 56.9727 60
      vertex -7.26933 57.5427 -60
      vertex -10.8681 56.9727 -60
    endloop
  endfacet
  facet normal 0.790163 0.612897 0
    outer loop
      vertex 46.923 34.0915 60
      vertex 44.6898 36.9706 -60
      vertex 44.6898 36.9706 60
    endloop
  endfacet
  facet normal 0.790163 0.612897 0
    outer loop
      vertex 44.6898 36.9706 -60
      vertex 46.923 34.0915 60
      vertex 46.923 34.0915 -60
    endloop
  endfacet
  facet normal 0.917762 -0.39713 0
    outer loop
      vertex 52.48 -24.6952 60
      vertex 53.927 -21.3512 -60
      vertex 53.927 -21.3512 60
    endloop
  endfacet
  facet normal 0.917762 -0.39713 0
    outer loop
      vertex 53.927 -21.3512 -60
      vertex 52.48 -24.6952 60
      vertex 52.48 -24.6952 -60
    endloop
  endfacet
  facet normal 0.156437 0.987688 -0
    outer loop
      vertex 10.8681 56.9727 -60
      vertex 7.26933 57.5427 60
      vertex 10.8681 56.9727 60
    endloop
  endfacet
  facet normal 0.156437 0.987688 0
    outer loop
      vertex 7.26933 57.5427 60
      vertex 10.8681 56.9727 -60
      vertex 7.26933 57.5427 -60
    endloop
  endfacet
  facet normal 0.218159 -0.975913 0
    outer loop
      vertex 10.8681 -56.9727 -60
      vertex 14.424 -56.1778 60
      vertex 10.8681 -56.9727 60
    endloop
  endfacet
  facet normal 0.218159 -0.975913 0
    outer loop
      vertex 14.424 -56.1778 60
      vertex 10.8681 -56.9727 -60
      vertex 14.424 -56.1778 -60
    endloop
  endfacet
  facet normal 0.891004 -0.453996 0
    outer loop
      vertex 50.8258 -27.9417 60
      vertex 52.48 -24.6952 -60
      vertex 52.48 -24.6952 60
    endloop
  endfacet
  facet normal 0.891004 -0.453996 0
    outer loop
      vertex 52.48 -24.6952 -60
      vertex 50.8258 -27.9417 60
      vertex 50.8258 -27.9417 -60
    endloop
  endfacet
  facet normal 0.891004 0.453996 0
    outer loop
      vertex 52.48 24.6952 60
      vertex 50.8258 27.9417 -60
      vertex 50.8258 27.9417 60
    endloop
  endfacet
  facet normal 0.891004 0.453996 0
    outer loop
      vertex 50.8258 27.9417 -60
      vertex 52.48 24.6952 60
      vertex 52.48 24.6952 -60
    endloop
  endfacet
  facet normal 0.960298 0.278978 0
    outer loop
      vertex 56.1778 14.424 60
      vertex 55.1613 17.923 -60
      vertex 55.1613 17.923 60
    endloop
  endfacet
  facet normal 0.960298 0.278978 0
    outer loop
      vertex 55.1613 17.923 -60
      vertex 56.1778 14.424 60
      vertex 56.1778 14.424 -60
    endloop
  endfacet
  facet normal -0.453996 0.891004 0
    outer loop
      vertex -24.6952 52.48 -60
      vertex -27.9417 50.8258 60
      vertex -24.6952 52.48 60
    endloop
  endfacet
  facet normal -0.453996 0.891004 0
    outer loop
      vertex -27.9417 50.8258 60
      vertex -24.6952 52.48 -60
      vertex -27.9417 50.8258 -60
    endloop
  endfacet
  facet normal -0.509041 -0.860742 0
    outer loop
      vertex -31.078 -48.971 -60
      vertex -27.9417 -50.8258 60
      vertex -31.078 -48.971 60
    endloop
  endfacet
  facet normal -0.509041 -0.860742 -0
    outer loop
      vertex -27.9417 -50.8258 60
      vertex -31.078 -48.971 -60
      vertex -27.9417 -50.8258 -60
    endloop
  endfacet
  facet normal -0.278978 0.960298 0
    outer loop
      vertex -14.424 56.1778 -60
      vertex -17.923 55.1613 60
      vertex -14.424 56.1778 60
    endloop
  endfacet
  facet normal -0.278978 0.960298 0
    outer loop
      vertex -17.923 55.1613 60
      vertex -14.424 56.1778 -60
      vertex -17.923 55.1613 -60
    endloop
  endfacet
  facet normal 0.707107 0.707107 0
    outer loop
      vertex 42.2802 39.7037 60
      vertex 39.7037 42.2802 -60
      vertex 39.7037 42.2802 60
    endloop
  endfacet
  facet normal 0.707107 0.707107 0
    outer loop
      vertex 39.7037 42.2802 -60
      vertex 42.2802 39.7037 60
      vertex 42.2802 39.7037 -60
    endloop
  endfacet
  facet normal -0.891004 -0.453996 0
    outer loop
      vertex -50.8258 -27.9417 -60
      vertex -52.48 -24.6952 60
      vertex -52.48 -24.6952 -60
    endloop
  endfacet
  facet normal -0.891004 -0.453996 0
    outer loop
      vertex -52.48 -24.6952 60
      vertex -50.8258 -27.9417 -60
      vertex -50.8258 -27.9417 60
    endloop
  endfacet
  facet normal -0.509041 0.860742 0
    outer loop
      vertex -27.9417 50.8258 -60
      vertex -31.078 48.971 60
      vertex -27.9417 50.8258 60
    endloop
  endfacet
  facet normal -0.509041 0.860742 0
    outer loop
      vertex -31.078 48.971 60
      vertex -27.9417 50.8258 -60
      vertex -31.078 48.971 -60
    endloop
  endfacet
  facet normal -0.790163 0.612897 0
    outer loop
      vertex -46.923 34.0915 -60
      vertex -44.6898 36.9706 60
      vertex -44.6898 36.9706 -60
    endloop
  endfacet
  facet normal -0.790163 0.612897 0
    outer loop
      vertex -44.6898 36.9706 60
      vertex -46.923 34.0915 -60
      vertex -46.923 34.0915 60
    endloop
  endfacet
  facet normal -0.987688 -0.156437 0
    outer loop
      vertex -56.9727 -10.8681 -60
      vertex -57.5427 -7.26933 60
      vertex -57.5427 -7.26933 -60
    endloop
  endfacet
  facet normal -0.987688 -0.156437 0
    outer loop
      vertex -57.5427 -7.26933 60
      vertex -56.9727 -10.8681 -60
      vertex -56.9727 -10.8681 60
    endloop
  endfacet
  facet normal -0.278978 -0.960298 0
    outer loop
      vertex -17.923 -55.1613 -60
      vertex -14.424 -56.1778 60
      vertex -17.923 -55.1613 60
    endloop
  endfacet
  facet normal -0.278978 -0.960298 -0
    outer loop
      vertex -14.424 -56.1778 60
      vertex -17.923 -55.1613 -60
      vertex -14.424 -56.1778 -60
    endloop
  endfacet
  facet normal -0.612897 -0.790163 0
    outer loop
      vertex -36.9706 -44.6898 -60
      vertex -34.0915 -46.923 60
      vertex -36.9706 -44.6898 60
    endloop
  endfacet
  facet normal -0.612897 -0.790163 -0
    outer loop
      vertex -34.0915 -46.923 60
      vertex -36.9706 -44.6898 -60
      vertex -34.0915 -46.923 -60
    endloop
  endfacet
  facet normal -0.975913 0.218159 0
    outer loop
      vertex -56.9727 10.8681 -60
      vertex -56.1778 14.424 60
      vertex -56.1778 14.424 -60
    endloop
  endfacet
  facet normal -0.975913 0.218159 0
    outer loop
      vertex -56.1778 14.424 60
      vertex -56.9727 10.8681 -60
      vertex -56.9727 10.8681 60
    endloop
  endfacet
  facet normal 0.0941089 0.995562 -0
    outer loop
      vertex 7.26933 57.5427 -60
      vertex 3.64185 57.8856 60
      vertex 7.26933 57.5427 60
    endloop
  endfacet
  facet normal 0.0941089 0.995562 0
    outer loop
      vertex 3.64185 57.8856 60
      vertex 7.26933 57.5427 -60
      vertex 3.64185 57.8856 -60
    endloop
  endfacet
  facet normal -0.707107 -0.707107 0
    outer loop
      vertex -39.7037 -42.2802 -60
      vertex -42.2802 -39.7037 60
      vertex -42.2802 -39.7037 -60
    endloop
  endfacet
  facet normal -0.707107 -0.707107 0
    outer loop
      vertex -42.2802 -39.7037 60
      vertex -39.7037 -42.2802 -60
      vertex -39.7037 -42.2802 60
    endloop
  endfacet
  facet normal 0.453996 0.891004 -0
    outer loop
      vertex 27.9417 50.8258 -60
      vertex 24.6952 52.48 60
      vertex 27.9417 50.8258 60
    endloop
  endfacet
  facet normal 0.453996 0.891004 0
    outer loop
      vertex 24.6952 52.48 60
      vertex 27.9417 50.8258 -60
      vertex 24.6952 52.48 -60
    endloop
  endfacet
  facet normal -0.995562 -0.0941089 0
    outer loop
      vertex -57.5427 -7.26933 -60
      vertex -57.8856 -3.64185 60
      vertex -57.8856 -3.64185 -60
    endloop
  endfacet
  facet normal -0.995562 -0.0941089 0
    outer loop
      vertex -57.8856 -3.64185 60
      vertex -57.5427 -7.26933 -60
      vertex -57.5427 -7.26933 60
    endloop
  endfacet
  facet normal -0.612897 0.790163 0
    outer loop
      vertex -34.0915 46.923 -60
      vertex -36.9706 44.6898 60
      vertex -34.0915 46.923 60
    endloop
  endfacet
  facet normal -0.612897 0.790163 0
    outer loop
      vertex -36.9706 44.6898 60
      vertex -34.0915 46.923 -60
      vertex -36.9706 44.6898 -60
    endloop
  endfacet
  facet normal -0.218159 0.975913 0
    outer loop
      vertex -10.8681 56.9727 -60
      vertex -14.424 56.1778 60
      vertex -10.8681 56.9727 60
    endloop
  endfacet
  facet normal -0.218159 0.975913 0
    outer loop
      vertex -14.424 56.1778 60
      vertex -10.8681 56.9727 -60
      vertex -14.424 56.1778 -60
    endloop
  endfacet
  facet normal -0.39713 0.917762 0
    outer loop
      vertex -21.3512 53.927 -60
      vertex -24.6952 52.48 60
      vertex -21.3512 53.927 60
    endloop
  endfacet
  facet normal -0.39713 0.917762 0
    outer loop
      vertex -24.6952 52.48 60
      vertex -21.3512 53.927 -60
      vertex -24.6952 52.48 -60
    endloop
  endfacet
  facet normal 0.661319 0.750105 -0
    outer loop
      vertex 39.7037 42.2802 -60
      vertex 36.9706 44.6898 60
      vertex 39.7037 42.2802 60
    endloop
  endfacet
  facet normal 0.661319 0.750105 0
    outer loop
      vertex 36.9706 44.6898 60
      vertex 39.7037 42.2802 -60
      vertex 36.9706 44.6898 -60
    endloop
  endfacet
  facet normal -0.827077 -0.562089 0
    outer loop
      vertex -46.923 -34.0915 -60
      vertex -48.971 -31.078 60
      vertex -48.971 -31.078 -60
    endloop
  endfacet
  facet normal -0.827077 -0.562089 0
    outer loop
      vertex -48.971 -31.078 60
      vertex -46.923 -34.0915 -60
      vertex -46.923 -34.0915 60
    endloop
  endfacet
  facet normal 0.0941089 -0.995562 0
    outer loop
      vertex 3.64185 -57.8856 -60
      vertex 7.26933 -57.5427 60
      vertex 3.64185 -57.8856 60
    endloop
  endfacet
  facet normal 0.0941089 -0.995562 0
    outer loop
      vertex 7.26933 -57.5427 60
      vertex 3.64185 -57.8856 -60
      vertex 7.26933 -57.5427 -60
    endloop
  endfacet
  facet normal 0.917762 0.39713 0
    outer loop
      vertex 53.927 21.3512 60
      vertex 52.48 24.6952 -60
      vertex 52.48 24.6952 60
    endloop
  endfacet
  facet normal 0.917762 0.39713 0
    outer loop
      vertex 52.48 24.6952 -60
      vertex 53.927 21.3512 60
      vertex 53.927 21.3512 -60
    endloop
  endfacet
  facet normal -0.917762 0.39713 0
    outer loop
      vertex -53.927 21.3512 -60
      vertex -52.48 24.6952 60
      vertex -52.48 24.6952 -60
    endloop
  endfacet
  facet normal -0.917762 0.39713 0
    outer loop
      vertex -52.48 24.6952 60
      vertex -53.927 21.3512 -60
      vertex -53.927 21.3512 60
    endloop
  endfacet
  facet normal 0.156437 -0.987688 0
    outer loop
      vertex 7.26933 -57.5427 -60
      vertex 10.8681 -56.9727 60
      vertex 7.26933 -57.5427 60
    endloop
  endfacet
  facet normal 0.156437 -0.987688 0
    outer loop
      vertex 10.8681 -56.9727 60
      vertex 7.26933 -57.5427 -60
      vertex 10.8681 -56.9727 -60
    endloop
  endfacet
  facet normal 0.827077 -0.562089 0
    outer loop
      vertex 46.923 -34.0915 60
      vertex 48.971 -31.078 -60
      vertex 48.971 -31.078 60
    endloop
  endfacet
  facet normal 0.827077 -0.562089 0
    outer loop
      vertex 48.971 -31.078 -60
      vertex 46.923 -34.0915 60
      vertex 46.923 -34.0915 -60
    endloop
  endfacet
  facet normal 0.975913 -0.218159 0
    outer loop
      vertex 56.1778 -14.424 60
      vertex 56.9727 -10.8681 -60
      vertex 56.9727 -10.8681 60
    endloop
  endfacet
  facet normal 0.975913 -0.218159 0
    outer loop
      vertex 56.9727 -10.8681 -60
      vertex 56.1778 -14.424 60
      vertex 56.1778 -14.424 -60
    endloop
  endfacet
  facet normal 0.999507 -0.0313971 0
    outer loop
      vertex 57.8856 -3.64185 60
      vertex 58 0 -60
      vertex 58 0 60
    endloop
  endfacet
  facet normal 0.999507 -0.0313971 0
    outer loop
      vertex 58 0 -60
      vertex 57.8856 -3.64185 60
      vertex 57.8856 -3.64185 -60
    endloop
  endfacet
  facet normal -0.661319 0.750105 0
    outer loop
      vertex -36.9706 44.6898 -60
      vertex -39.7037 42.2802 60
      vertex -36.9706 44.6898 60
    endloop
  endfacet
  facet normal -0.661319 0.750105 0
    outer loop
      vertex -39.7037 42.2802 60
      vertex -36.9706 44.6898 -60
      vertex -39.7037 42.2802 -60
    endloop
  endfacet
  facet normal 0.612897 0.790163 -0
    outer loop
      vertex 36.9706 44.6898 -60
      vertex 34.0915 46.923 60
      vertex 36.9706 44.6898 60
    endloop
  endfacet
  facet normal 0.612897 0.790163 0
    outer loop
      vertex 34.0915 46.923 60
      vertex 36.9706 44.6898 -60
      vertex 34.0915 46.923 -60
    endloop
  endfacet
  facet normal -0.940874 0.338755 0
    outer loop
      vertex -55.1613 17.923 -60
      vertex -53.927 21.3512 60
      vertex -53.927 21.3512 -60
    endloop
  endfacet
  facet normal -0.940874 0.338755 0
    outer loop
      vertex -53.927 21.3512 60
      vertex -55.1613 17.923 -60
      vertex -55.1613 17.923 60
    endloop
  endfacet
  facet normal -0.0941089 -0.995562 0
    outer loop
      vertex -7.26933 -57.5427 -60
      vertex -3.64185 -57.8856 60
      vertex -7.26933 -57.5427 60
    endloop
  endfacet
  facet normal -0.0941089 -0.995562 -0
    outer loop
      vertex -3.64185 -57.8856 60
      vertex -7.26933 -57.5427 -60
      vertex -3.64185 -57.8856 -60
    endloop
  endfacet
  facet normal 0.987688 0.156437 0
    outer loop
      vertex 57.5427 7.26933 60
      vertex 56.9727 10.8681 -60
      vertex 56.9727 10.8681 60
    endloop
  endfacet
  facet normal 0.987688 0.156437 0
    outer loop
      vertex 56.9727 10.8681 -60
      vertex 57.5427 7.26933 60
      vertex 57.5427 7.26933 -60
    endloop
  endfacet
  facet normal 0.987688 -0.156437 0
    outer loop
      vertex 56.9727 -10.8681 60
      vertex 57.5427 -7.26933 -60
      vertex 57.5427 -7.26933 60
    endloop
  endfacet
  facet normal 0.987688 -0.156437 0
    outer loop
      vertex 57.5427 -7.26933 -60
      vertex 56.9727 -10.8681 60
      vertex 56.9727 -10.8681 -60
    endloop
  endfacet
  facet normal -0.917762 -0.39713 0
    outer loop
      vertex -52.48 -24.6952 -60
      vertex -53.927 -21.3512 60
      vertex -53.927 -21.3512 -60
    endloop
  endfacet
  facet normal -0.917762 -0.39713 0
    outer loop
      vertex -53.927 -21.3512 60
      vertex -52.48 -24.6952 -60
      vertex -52.48 -24.6952 60
    endloop
  endfacet
  facet normal -0.860742 0.509041 0
    outer loop
      vertex -50.8258 27.9417 -60
      vertex -48.971 31.078 60
      vertex -48.971 31.078 -60
    endloop
  endfacet
  facet normal -0.860742 0.509041 0
    outer loop
      vertex -48.971 31.078 60
      vertex -50.8258 27.9417 -60
      vertex -50.8258 27.9417 60
    endloop
  endfacet
  facet normal 0.39713 -0.917762 0
    outer loop
      vertex 21.3512 -53.927 -60
      vertex 24.6952 -52.48 60
      vertex 21.3512 -53.927 60
    endloop
  endfacet
  facet normal 0.39713 -0.917762 0
    outer loop
      vertex 24.6952 -52.48 60
      vertex 21.3512 -53.927 -60
      vertex 24.6952 -52.48 -60
    endloop
  endfacet
  facet normal -0.827077 0.562089 0
    outer loop
      vertex -48.971 31.078 -60
      vertex -46.923 34.0915 60
      vertex -46.923 34.0915 -60
    endloop
  endfacet
  facet normal -0.827077 0.562089 0
    outer loop
      vertex -46.923 34.0915 60
      vertex -48.971 31.078 -60
      vertex -48.971 31.078 60
    endloop
  endfacet
  facet normal 0.509041 0.860742 -0
    outer loop
      vertex 31.078 48.971 -60
      vertex 27.9417 50.8258 60
      vertex 31.078 48.971 60
    endloop
  endfacet
  facet normal 0.509041 0.860742 0
    outer loop
      vertex 27.9417 50.8258 60
      vertex 31.078 48.971 -60
      vertex 27.9417 50.8258 -60
    endloop
  endfacet
  facet normal -0.975913 -0.218159 0
    outer loop
      vertex -56.1778 -14.424 -60
      vertex -56.9727 -10.8681 60
      vertex -56.9727 -10.8681 -60
    endloop
  endfacet
  facet normal -0.975913 -0.218159 0
    outer loop
      vertex -56.9727 -10.8681 60
      vertex -56.1778 -14.424 -60
      vertex -56.1778 -14.424 60
    endloop
  endfacet
  facet normal 0.860742 -0.509041 0
    outer loop
      vertex 48.971 -31.078 60
      vertex 50.8258 -27.9417 -60
      vertex 50.8258 -27.9417 60
    endloop
  endfacet
  facet normal 0.860742 -0.509041 0
    outer loop
      vertex 50.8258 -27.9417 -60
      vertex 48.971 -31.078 60
      vertex 48.971 -31.078 -60
    endloop
  endfacet
  facet normal 0.509041 -0.860742 0
    outer loop
      vertex 27.9417 -50.8258 -60
      vertex 31.078 -48.971 60
      vertex 27.9417 -50.8258 60
    endloop
  endfacet
  facet normal 0.509041 -0.860742 0
    outer loop
      vertex 31.078 -48.971 60
      vertex 27.9417 -50.8258 -60
      vertex 31.078 -48.971 -60
    endloop
  endfacet
  facet normal -0.0313971 0.999507 0
    outer loop
      vertex 0 58 -60
      vertex -3.64185 57.8856 60
      vertex 0 58 60
    endloop
  endfacet
  facet normal -0.0313971 0.999507 0
    outer loop
      vertex -3.64185 57.8856 60
      vertex 0 58 -60
      vertex -3.64185 57.8856 -60
    endloop
  endfacet
  facet normal -0.562089 -0.827077 0
    outer loop
      vertex -34.0915 -46.923 -60
      vertex -31.078 -48.971 60
      vertex -34.0915 -46.923 60
    endloop
  endfacet
  facet normal -0.562089 -0.827077 -0
    outer loop
      vertex -31.078 -48.971 60
      vertex -34.0915 -46.923 -60
      vertex -31.078 -48.971 -60
    endloop
  endfacet
  facet normal 0.612897 -0.790163 0
    outer loop
      vertex 34.0915 -46.923 -60
      vertex 36.9706 -44.6898 60
      vertex 34.0915 -46.923 60
    endloop
  endfacet
  facet normal 0.612897 -0.790163 0
    outer loop
      vertex 36.9706 -44.6898 60
      vertex 34.0915 -46.923 -60
      vertex 36.9706 -44.6898 -60
    endloop
  endfacet
  facet normal -0.999507 -0.0313971 0
    outer loop
      vertex -57.8856 -3.64185 -60
      vertex -58 0 60
      vertex -58 0 -60
    endloop
  endfacet
  facet normal -0.999507 -0.0313971 0
    outer loop
      vertex -58 0 60
      vertex -57.8856 -3.64185 -60
      vertex -57.8856 -3.64185 60
    endloop
  endfacet
  facet normal 0.0313971 0.999507 -0
    outer loop
      vertex 3.64185 57.8856 -60
      vertex 0 58 60
      vertex 3.64185 57.8856 60
    endloop
  endfacet
  facet normal 0.0313971 0.999507 0
    outer loop
      vertex 0 58 60
      vertex 3.64185 57.8856 -60
      vertex 0 58 -60
    endloop
  endfacet
  facet normal 0 0 -1
    outer loop
      vertex 48.0319 -0.0267632 -60
      vertex 58 0 -60
      vertex 57.8856 -3.64185 -60
    endloop
  endfacet
  facet normal 0 0 -1
    outer loop
      vertex 47.938 -3.016 -60
      vertex 57.8856 -3.64185 -60
      vertex 57.5427 -7.26933 -60
    endloop
  endfacet
  facet normal -0 0 -1
    outer loop
      vertex 58 0 -60
      vertex 48.0319 -0.0267632 -60
      vertex 48.0328 0 -60
    endloop
  endfacet
  facet normal 0 0 -1
    outer loop
      vertex 47.654 -6.0201 -60
      vertex 57.5427 -7.26933 -60
      vertex 56.9727 -10.8681 -60
    endloop
  endfacet
  facet normal 0 0 -1
    outer loop
      vertex 48.0319 0.0267632 -60
      vertex 58 0 -60
      vertex 48.0328 0 -60
    endloop
  endfacet
  facet normal 0 0 -1
    outer loop
      vertex 47.1762 -9.02658 -60
      vertex 56.9727 -10.8681 -60
      vertex 56.1778 -14.424 -60
    endloop
  endfacet
  facet normal 0 0 -1
    outer loop
      vertex 58 0 -60
      vertex 48.0319 0.0267632 -60
      vertex 57.8856 3.64185 -60
    endloop
  endfacet
  facet normal 0 0 -1
    outer loop
      vertex 46.5163 -11.971 -60
      vertex 56.1778 -14.424 -60
      vertex 55.1613 -17.923 -60
    endloop
  endfacet
  facet normal 0 0 -1
    outer loop
      vertex 47.938 3.016 -60
      vertex 57.8856 3.64185 -60
      vertex 48.0319 0.0267632 -60
    endloop
  endfacet
  facet normal 0 0 -1
    outer loop
      vertex 45.6728 -14.8681 -60
      vertex 55.1613 -17.923 -60
      vertex 53.927 -21.3512 -60
    endloop
  endfacet
  facet normal -0 0 -1
    outer loop
      vertex 57.8856 3.64185 -60
      vertex 47.938 3.016 -60
      vertex 57.5427 7.26933 -60
    endloop
  endfacet
  facet normal 0 0 -1
    outer loop
      vertex 44.6598 -17.682 -60
      vertex 53.927 -21.3512 -60
      vertex 52.48 -24.6952 -60
    endloop
  endfacet
  facet normal 0 0 -1
    outer loop
      vertex 47.6566 5.99345 -60
      vertex 57.5427 7.26933 -60
      vertex 47.938 3.016 -60
    endloop
  endfacet
  facet normal 0 0 -1
    outer loop
      vertex 43.4614 -20.4514 -60
      vertex 52.48 -24.6952 -60
      vertex 50.8258 -27.9417 -60
    endloop
  endfacet
  facet normal 0 0 -1
    outer loop
      vertex 47.654 6.0201 -60
      vertex 57.5427 7.26933 -60
      vertex 47.6566 5.99345 -60
    endloop
  endfacet
  facet normal 0 0 -1
    outer loop
      vertex 42.0778 -23.163 -60
      vertex 50.8258 -27.9417 -60
      vertex 48.971 -31.078 -60
    endloop
  endfacet
  facet normal 0 0 -1
    outer loop
      vertex 47.1862 8.974 -60
      vertex 56.9727 10.8681 -60
      vertex 47.654 6.0201 -60
    endloop
  endfacet
  facet normal 0 0 -1
    outer loop
      vertex 47.182 9.00045 -60
      vertex 56.9727 10.8681 -60
      vertex 47.1862 8.974 -60
    endloop
  endfacet
  facet normal -0 0 -1
    outer loop
      vertex 57.5427 7.26933 -60
      vertex 47.654 6.0201 -60
      vertex 56.9727 10.8681 -60
    endloop
  endfacet
  facet normal 0 0 -1
    outer loop
      vertex 57.8856 -3.64185 -60
      vertex 47.938 -3.016 -60
      vertex 48.0319 -0.0267632 -60
    endloop
  endfacet
  facet normal 0 0 -1
    outer loop
      vertex 57.5427 -7.26933 -60
      vertex 47.6566 -5.99345 -60
      vertex 47.938 -3.016 -60
    endloop
  endfacet
  facet normal 0 0 -1
    outer loop
      vertex 57.5427 -7.26933 -60
      vertex 47.654 -6.0201 -60
      vertex 47.6566 -5.99345 -60
    endloop
  endfacet
  facet normal 0 0 -1
    outer loop
      vertex 56.9727 -10.8681 -60
      vertex 47.1862 -8.974 -60
      vertex 47.654 -6.0201 -60
    endloop
  endfacet
  facet normal 0 0 -1
    outer loop
      vertex 56.9727 -10.8681 -60
      vertex 47.182 -9.00045 -60
      vertex 47.1862 -8.974 -60
    endloop
  endfacet
  facet normal 0 0 -1
    outer loop
      vertex 56.9727 -10.8681 -60
      vertex 47.1762 -9.02658 -60
      vertex 47.182 -9.00045 -60
    endloop
  endfacet
  facet normal 0 0 -1
    outer loop
      vertex 40.5554 -25.7373 -60
      vertex 48.971 -31.078 -60
      vertex 46.923 -34.0915 -60
    endloop
  endfacet
  facet normal 0 0 -1
    outer loop
      vertex 56.1778 -14.424 -60
      vertex 46.5237 -11.9453 -60
      vertex 47.1762 -9.02658 -60
    endloop
  endfacet
  facet normal 0 0 -1
    outer loop
      vertex 56.1778 -14.424 -60
      vertex 46.5163 -11.971 -60
      vertex 46.5237 -11.9453 -60
    endloop
  endfacet
  facet normal 0 0 -1
    outer loop
      vertex 55.1613 -17.923 -60
      vertex 45.6819 -14.8429 -60
      vertex 46.5163 -11.971 -60
    endloop
  endfacet
  facet normal 0 0 -1
    outer loop
      vertex 55.1613 -17.923 -60
      vertex 45.6728 -14.8681 -60
      vertex 45.6819 -14.8429 -60
    endloop
  endfacet
  facet normal 0 0 -1
    outer loop
      vertex 38.8429 -28.2541 -60
      vertex 46.923 -34.0915 -60
      vertex 44.6898 -36.9706 -60
    endloop
  endfacet
  facet normal 0 0 -1
    outer loop
      vertex 53.927 -21.3512 -60
      vertex 44.6598 -17.682 -60
      vertex 45.6728 -14.8681 -60
    endloop
  endfacet
  facet normal 0 0 -1
    outer loop
      vertex 52.48 -24.6952 -60
      vertex 43.472 -20.4268 -60
      vertex 44.6598 -17.682 -60
    endloop
  endfacet
  facet normal 0 0 -1
    outer loop
      vertex 52.48 -24.6952 -60
      vertex 43.4614 -20.4514 -60
      vertex 43.472 -20.4268 -60
    endloop
  endfacet
  facet normal 0 0 -1
    outer loop
      vertex 36.9922 -30.6373 -60
      vertex 44.6898 -36.9706 -60
      vertex 42.2802 -39.7037 -60
    endloop
  endfacet
  facet normal 0 0 -1
    outer loop
      vertex 50.8258 -27.9417 -60
      vertex 42.1036 -23.1161 -60
      vertex 43.4614 -20.4514 -60
    endloop
  endfacet
  facet normal 0 0 -1
    outer loop
      vertex 50.8258 -27.9417 -60
      vertex 42.0915 -23.14 -60
      vertex 42.1036 -23.1161 -60
    endloop
  endfacet
  facet normal 0 0 -1
    outer loop
      vertex 50.8258 -27.9417 -60
      vertex 42.0778 -23.163 -60
      vertex 42.0915 -23.14 -60
    endloop
  endfacet
  facet normal 0 0 -1
    outer loop
      vertex 48.971 -31.078 -60
      vertex 40.5554 -25.7373 -60
      vertex 42.0778 -23.163 -60
    endloop
  endfacet
  facet normal 0 0 -1
    outer loop
      vertex 35.0144 -32.8807 -60
      vertex 42.2802 -39.7037 -60
      vertex 39.7037 -42.2802 -60
    endloop
  endfacet
  facet normal 0 0 -1
    outer loop
      vertex 46.923 -34.0915 -60
      vertex 38.8744 -28.2108 -60
      vertex 40.5554 -25.7373 -60
    endloop
  endfacet
  facet normal 0 0 -1
    outer loop
      vertex 46.923 -34.0915 -60
      vertex 38.8593 -28.233 -60
      vertex 38.8744 -28.2108 -60
    endloop
  endfacet
  facet normal 0 0 -1
    outer loop
      vertex 46.923 -34.0915 -60
      vertex 38.8429 -28.2541 -60
      vertex 38.8593 -28.233 -60
    endloop
  endfacet
  facet normal 0 0 -1
    outer loop
      vertex 44.6898 -36.9706 -60
      vertex 37.0099 -30.6173 -60
      vertex 38.8429 -28.2541 -60
    endloop
  endfacet
  facet normal 0 0 -1
    outer loop
      vertex 44.6898 -36.9706 -60
      vertex 36.9922 -30.6373 -60
      vertex 37.0099 -30.6173 -60
    endloop
  endfacet
  facet normal 0 0 -1
    outer loop
      vertex 32.8807 -35.0144 -60
      vertex 39.7037 -42.2802 -60
      vertex 36.9706 -44.6898 -60
    endloop
  endfacet
  facet normal 0 0 -1
    outer loop
      vertex 42.2802 -39.7037 -60
      vertex 35.0144 -32.8807 -60
      vertex 36.9922 -30.6373 -60
    endloop
  endfacet
  facet normal 0 0 -1
    outer loop
      vertex 30.6173 -37.0099 -60
      vertex 36.9706 -44.6898 -60
      vertex 34.0915 -46.923 -60
    endloop
  endfacet
  facet normal 0 0 -1
    outer loop
      vertex 39.7037 -42.2802 -60
      vertex 32.8807 -35.0144 -60
      vertex 35.0144 -32.8807 -60
    endloop
  endfacet
  facet normal 0 0 -1
    outer loop
      vertex 28.2108 -38.8744 -60
      vertex 34.0915 -46.923 -60
      vertex 31.078 -48.971 -60
    endloop
  endfacet
  facet normal 0 0 -1
    outer loop
      vertex 36.9706 -44.6898 -60
      vertex 30.6373 -36.9922 -60
      vertex 32.8807 -35.0144 -60
    endloop
  endfacet
  facet normal 0 0 -1
    outer loop
      vertex 36.9706 -44.6898 -60
      vertex 30.6173 -37.0099 -60
      vertex 30.6373 -36.9922 -60
    endloop
  endfacet
  facet normal 0 0 -1
    outer loop
      vertex 34.0915 -46.923 -60
      vertex 28.2541 -38.8429 -60
      vertex 30.6173 -37.0099 -60
    endloop
  endfacet
  facet normal 0 0 -1
    outer loop
      vertex 34.0915 -46.923 -60
      vertex 28.233 -38.8593 -60
      vertex 28.2541 -38.8429 -60
    endloop
  endfacet
  facet normal 0 0 -1
    outer loop
      vertex 34.0915 -46.923 -60
      vertex 28.2108 -38.8744 -60
      vertex 28.233 -38.8593 -60
    endloop
  endfacet
  facet normal 0 0 -1
    outer loop
      vertex 25.7373 -40.5554 -60
      vertex 31.078 -48.971 -60
      vertex 27.9417 -50.8258 -60
    endloop
  endfacet
  facet normal 0 0 -1
    outer loop
      vertex 31.078 -48.971 -60
      vertex 25.7373 -40.5554 -60
      vertex 28.2108 -38.8744 -60
    endloop
  endfacet
  facet normal 0 0 -1
    outer loop
      vertex 23.1161 -42.1036 -60
      vertex 27.9417 -50.8258 -60
      vertex 24.6952 -52.48 -60
    endloop
  endfacet
  facet normal 0 0 -1
    outer loop
      vertex 27.9417 -50.8258 -60
      vertex 23.163 -42.0778 -60
      vertex 25.7373 -40.5554 -60
    endloop
  endfacet
  facet normal 0 0 -1
    outer loop
      vertex 27.9417 -50.8258 -60
      vertex 23.14 -42.0915 -60
      vertex 23.163 -42.0778 -60
    endloop
  endfacet
  facet normal 0 0 -1
    outer loop
      vertex 27.9417 -50.8258 -60
      vertex 23.1161 -42.1036 -60
      vertex 23.14 -42.0915 -60
    endloop
  endfacet
  facet normal 0 0 -1
    outer loop
      vertex 20.4268 -43.472 -60
      vertex 24.6952 -52.48 -60
      vertex 21.3512 -53.927 -60
    endloop
  endfacet
  facet normal 0 0 -1
    outer loop
      vertex 24.6952 -52.48 -60
      vertex 20.4514 -43.4614 -60
      vertex 23.1161 -42.1036 -60
    endloop
  endfacet
  facet normal 0 0 -1
    outer loop
      vertex 24.6952 -52.48 -60
      vertex 20.4268 -43.472 -60
      vertex 20.4514 -43.4614 -60
    endloop
  endfacet
  facet normal 0 0 -1
    outer loop
      vertex 17.682 -44.6598 -60
      vertex 21.3512 -53.927 -60
      vertex 17.923 -55.1613 -60
    endloop
  endfacet
  facet normal 0 0 -1
    outer loop
      vertex 21.3512 -53.927 -60
      vertex 17.682 -44.6598 -60
      vertex 20.4268 -43.472 -60
    endloop
  endfacet
  facet normal 0 0 -1
    outer loop
      vertex 17.923 -55.1613 -60
      vertex 14.8681 -45.6728 -60
      vertex 17.682 -44.6598 -60
    endloop
  endfacet
  facet normal 0 0 -1
    outer loop
      vertex 17.923 -55.1613 -60
      vertex 14.8429 -45.6819 -60
      vertex 14.8681 -45.6728 -60
    endloop
  endfacet
  facet normal 0 0 -1
    outer loop
      vertex 14.424 -56.1778 -60
      vertex 14.8429 -45.6819 -60
      vertex 17.923 -55.1613 -60
    endloop
  endfacet
  facet normal 0 0 -1
    outer loop
      vertex 14.424 -56.1778 -60
      vertex 11.971 -46.5163 -60
      vertex 14.8429 -45.6819 -60
    endloop
  endfacet
  facet normal 0 0 -1
    outer loop
      vertex 14.424 -56.1778 -60
      vertex 11.9453 -46.5237 -60
      vertex 11.971 -46.5163 -60
    endloop
  endfacet
  facet normal 0 0 -1
    outer loop
      vertex 10.8681 -56.9727 -60
      vertex 11.9453 -46.5237 -60
      vertex 14.424 -56.1778 -60
    endloop
  endfacet
  facet normal 0 0 -1
    outer loop
      vertex 10.8681 -56.9727 -60
      vertex 9.02658 -47.1762 -60
      vertex 11.9453 -46.5237 -60
    endloop
  endfacet
  facet normal 0 0 -1
    outer loop
      vertex 10.8681 -56.9727 -60
      vertex 9.00045 -47.182 -60
      vertex 9.02658 -47.1762 -60
    endloop
  endfacet
  facet normal 0 0 -1
    outer loop
      vertex 10.8681 -56.9727 -60
      vertex 8.974 -47.1862 -60
      vertex 9.00045 -47.182 -60
    endloop
  endfacet
  facet normal 0 0 -1
    outer loop
      vertex 7.26933 -57.5427 -60
      vertex 8.974 -47.1862 -60
      vertex 10.8681 -56.9727 -60
    endloop
  endfacet
  facet normal 0 0 -1
    outer loop
      vertex 7.26933 -57.5427 -60
      vertex 6.0201 -47.654 -60
      vertex 8.974 -47.1862 -60
    endloop
  endfacet
  facet normal 0 0 -1
    outer loop
      vertex 7.26933 -57.5427 -60
      vertex 5.99345 -47.6566 -60
      vertex 6.0201 -47.654 -60
    endloop
  endfacet
  facet normal 0 0 -1
    outer loop
      vertex 3.64185 -57.8856 -60
      vertex 5.99345 -47.6566 -60
      vertex 7.26933 -57.5427 -60
    endloop
  endfacet
  facet normal 0 0 -1
    outer loop
      vertex 3.64185 -57.8856 -60
      vertex 3.016 -47.938 -60
      vertex 5.99345 -47.6566 -60
    endloop
  endfacet
  facet normal 0 0 -1
    outer loop
      vertex 3.64185 -57.8856 -60
      vertex 0.0267632 -48.0319 -60
      vertex 3.016 -47.938 -60
    endloop
  endfacet
  facet normal 0 0 -1
    outer loop
      vertex 0 -58 -60
      vertex 0.0267632 -48.0319 -60
      vertex 3.64185 -57.8856 -60
    endloop
  endfacet
  facet normal 0 0 -1
    outer loop
      vertex 0 -58 -60
      vertex 0 -48.0328 -60
      vertex 0.0267632 -48.0319 -60
    endloop
  endfacet
  facet normal 0 0 -1
    outer loop
      vertex 0 -58 -60
      vertex -0.0267632 -48.0319 -60
      vertex 0 -48.0328 -60
    endloop
  endfacet
  facet normal 0 0 -1
    outer loop
      vertex 0 -58 -60
      vertex -3.016 -47.938 -60
      vertex -0.0267632 -48.0319 -60
    endloop
  endfacet
  facet normal 0 0 -1
    outer loop
      vertex -3.64185 -57.8856 -60
      vertex -3.016 -47.938 -60
      vertex 0 -58 -60
    endloop
  endfacet
  facet normal 0 0 -1
    outer loop
      vertex -3.64185 -57.8856 -60
      vertex -5.99345 -47.6566 -60
      vertex -3.016 -47.938 -60
    endloop
  endfacet
  facet normal 0 0 -1
    outer loop
      vertex -7.26933 -57.5427 -60
      vertex -5.99345 -47.6566 -60
      vertex -3.64185 -57.8856 -60
    endloop
  endfacet
  facet normal -0 0 -1
    outer loop
      vertex -5.99345 -47.6566 -60
      vertex -7.26933 -57.5427 -60
      vertex -6.0201 -47.654 -60
    endloop
  endfacet
  facet normal 0 0 -1
    outer loop
      vertex -7.26933 -57.5427 -60
      vertex -8.974 -47.1862 -60
      vertex -6.0201 -47.654 -60
    endloop
  endfacet
  facet normal 0 0 -1
    outer loop
      vertex -10.8681 -56.9727 -60
      vertex -8.974 -47.1862 -60
      vertex -7.26933 -57.5427 -60
    endloop
  endfacet
  facet normal -0 0 -1
    outer loop
      vertex -8.974 -47.1862 -60
      vertex -10.8681 -56.9727 -60
      vertex -9.00045 -47.182 -60
    endloop
  endfacet
  facet normal -0 0 -1
    outer loop
      vertex -9.00045 -47.182 -60
      vertex -10.8681 -56.9727 -60
      vertex -9.02658 -47.1762 -60
    endloop
  endfacet
  facet normal 0 0 -1
    outer loop
      vertex -10.8681 -56.9727 -60
      vertex -11.9453 -46.5237 -60
      vertex -9.02658 -47.1762 -60
    endloop
  endfacet
  facet normal 0 0 -1
    outer loop
      vertex -14.424 -56.1778 -60
      vertex -11.9453 -46.5237 -60
      vertex -10.8681 -56.9727 -60
    endloop
  endfacet
  facet normal -0 0 -1
    outer loop
      vertex -11.9453 -46.5237 -60
      vertex -14.424 -56.1778 -60
      vertex -11.971 -46.5163 -60
    endloop
  endfacet
  facet normal 0 0 -1
    outer loop
      vertex -14.424 -56.1778 -60
      vertex -14.8429 -45.6819 -60
      vertex -11.971 -46.5163 -60
    endloop
  endfacet
  facet normal 0 0 -1
    outer loop
      vertex -17.923 -55.1613 -60
      vertex -14.8429 -45.6819 -60
      vertex -14.424 -56.1778 -60
    endloop
  endfacet
  facet normal -0 0 -1
    outer loop
      vertex -14.8429 -45.6819 -60
      vertex -17.923 -55.1613 -60
      vertex -14.8681 -45.6728 -60
    endloop
  endfacet
  facet normal -0 0 -1
    outer loop
      vertex -14.8681 -45.6728 -60
      vertex -17.923 -55.1613 -60
      vertex -17.682 -44.6598 -60
    endloop
  endfacet
  facet normal 0 0 -1
    outer loop
      vertex -21.3512 -53.927 -60
      vertex -17.682 -44.6598 -60
      vertex -17.923 -55.1613 -60
    endloop
  endfacet
  facet normal -0 0 -1
    outer loop
      vertex -17.682 -44.6598 -60
      vertex -21.3512 -53.927 -60
      vertex -20.4268 -43.472 -60
    endloop
  endfacet
  facet normal 0 0 -1
    outer loop
      vertex -24.6952 -52.48 -60
      vertex -20.4268 -43.472 -60
      vertex -21.3512 -53.927 -60
    endloop
  endfacet
  facet normal -0 0 -1
    outer loop
      vertex -20.4268 -43.472 -60
      vertex -24.6952 -52.48 -60
      vertex -20.4514 -43.4614 -60
    endloop
  endfacet
  facet normal -0 0 -1
    outer loop
      vertex -20.4514 -43.4614 -60
      vertex -24.6952 -52.48 -60
      vertex -23.1161 -42.1036 -60
    endloop
  endfacet
  facet normal 0 0 -1
    outer loop
      vertex -27.9417 -50.8258 -60
      vertex -23.1161 -42.1036 -60
      vertex -24.6952 -52.48 -60
    endloop
  endfacet
  facet normal -0 0 -1
    outer loop
      vertex -23.1161 -42.1036 -60
      vertex -27.9417 -50.8258 -60
      vertex -23.14 -42.0915 -60
    endloop
  endfacet
  facet normal -0 0 -1
    outer loop
      vertex -23.14 -42.0915 -60
      vertex -27.9417 -50.8258 -60
      vertex -23.163 -42.0778 -60
    endloop
  endfacet
  facet normal -0 0 -1
    outer loop
      vertex -23.163 -42.0778 -60
      vertex -27.9417 -50.8258 -60
      vertex -25.7373 -40.5554 -60
    endloop
  endfacet
  facet normal 0 0 -1
    outer loop
      vertex -31.078 -48.971 -60
      vertex -25.7373 -40.5554 -60
      vertex -27.9417 -50.8258 -60
    endloop
  endfacet
  facet normal -0 0 -1
    outer loop
      vertex -25.7373 -40.5554 -60
      vertex -31.078 -48.971 -60
      vertex -28.2108 -38.8744 -60
    endloop
  endfacet
  facet normal 0 0 -1
    outer loop
      vertex -34.0915 -46.923 -60
      vertex -28.2108 -38.8744 -60
      vertex -31.078 -48.971 -60
    endloop
  endfacet
  facet normal -0 0 -1
    outer loop
      vertex -28.2108 -38.8744 -60
      vertex -34.0915 -46.923 -60
      vertex -28.233 -38.8593 -60
    endloop
  endfacet
  facet normal -0 0 -1
    outer loop
      vertex -28.233 -38.8593 -60
      vertex -34.0915 -46.923 -60
      vertex -28.2541 -38.8429 -60
    endloop
  endfacet
  facet normal -0 0 -1
    outer loop
      vertex -28.2541 -38.8429 -60
      vertex -34.0915 -46.923 -60
      vertex -30.6173 -37.0099 -60
    endloop
  endfacet
  facet normal 0 0 -1
    outer loop
      vertex -36.9706 -44.6898 -60
      vertex -30.6173 -37.0099 -60
      vertex -34.0915 -46.923 -60
    endloop
  endfacet
  facet normal -0 0 -1
    outer loop
      vertex -30.6173 -37.0099 -60
      vertex -36.9706 -44.6898 -60
      vertex -30.6373 -36.9922 -60
    endloop
  endfacet
  facet normal -0 0 -1
    outer loop
      vertex -30.6373 -36.9922 -60
      vertex -36.9706 -44.6898 -60
      vertex -32.8807 -35.0144 -60
    endloop
  endfacet
  facet normal 0 0 -1
    outer loop
      vertex -39.7037 -42.2802 -60
      vertex -32.8807 -35.0144 -60
      vertex -36.9706 -44.6898 -60
    endloop
  endfacet
  facet normal -0 0 -1
    outer loop
      vertex -32.8807 -35.0144 -60
      vertex -39.7037 -42.2802 -60
      vertex -35.0144 -32.8807 -60
    endloop
  endfacet
  facet normal 0 0 -1
    outer loop
      vertex -42.2802 -39.7037 -60
      vertex -35.0144 -32.8807 -60
      vertex -39.7037 -42.2802 -60
    endloop
  endfacet
  facet normal -0 0 -1
    outer loop
      vertex -35.0144 -32.8807 -60
      vertex -42.2802 -39.7037 -60
      vertex -36.9922 -30.6373 -60
    endloop
  endfacet
  facet normal 0 0 -1
    outer loop
      vertex -44.6898 -36.9706 -60
      vertex -36.9922 -30.6373 -60
      vertex -42.2802 -39.7037 -60
    endloop
  endfacet
  facet normal -0 0 -1
    outer loop
      vertex -36.9922 -30.6373 -60
      vertex -44.6898 -36.9706 -60
      vertex -37.0099 -30.6173 -60
    endloop
  endfacet
  facet normal -0 0 -1
    outer loop
      vertex -37.0099 -30.6173 -60
      vertex -44.6898 -36.9706 -60
      vertex -38.8429 -28.2541 -60
    endloop
  endfacet
  facet normal 0 0 -1
    outer loop
      vertex -46.923 -34.0915 -60
      vertex -38.8429 -28.2541 -60
      vertex -44.6898 -36.9706 -60
    endloop
  endfacet
  facet normal -0 0 -1
    outer loop
      vertex -38.8429 -28.2541 -60
      vertex -46.923 -34.0915 -60
      vertex -38.8593 -28.233 -60
    endloop
  endfacet
  facet normal -0 0 -1
    outer loop
      vertex -38.8593 -28.233 -60
      vertex -46.923 -34.0915 -60
      vertex -38.8744 -28.2108 -60
    endloop
  endfacet
  facet normal -0 0 -1
    outer loop
      vertex -38.8744 -28.2108 -60
      vertex -46.923 -34.0915 -60
      vertex -40.5554 -25.7373 -60
    endloop
  endfacet
  facet normal 0 0 -1
    outer loop
      vertex -48.971 -31.078 -60
      vertex -40.5554 -25.7373 -60
      vertex -46.923 -34.0915 -60
    endloop
  endfacet
  facet normal -0 0 -1
    outer loop
      vertex -40.5554 -25.7373 -60
      vertex -48.971 -31.078 -60
      vertex -42.0778 -23.163 -60
    endloop
  endfacet
  facet normal 0 0 -1
    outer loop
      vertex -50.8258 -27.9417 -60
      vertex -42.0778 -23.163 -60
      vertex -48.971 -31.078 -60
    endloop
  endfacet
  facet normal -0 0 -1
    outer loop
      vertex -42.0778 -23.163 -60
      vertex -50.8258 -27.9417 -60
      vertex -42.0915 -23.14 -60
    endloop
  endfacet
  facet normal -0 0 -1
    outer loop
      vertex -42.0915 -23.14 -60
      vertex -50.8258 -27.9417 -60
      vertex -42.1036 -23.1161 -60
    endloop
  endfacet
  facet normal -0 0 -1
    outer loop
      vertex -42.1036 -23.1161 -60
      vertex -50.8258 -27.9417 -60
      vertex -43.4614 -20.4514 -60
    endloop
  endfacet
  facet normal 0 0 -1
    outer loop
      vertex -52.48 -24.6952 -60
      vertex -43.4614 -20.4514 -60
      vertex -50.8258 -27.9417 -60
    endloop
  endfacet
  facet normal -0 0 -1
    outer loop
      vertex -43.4614 -20.4514 -60
      vertex -52.48 -24.6952 -60
      vertex -43.472 -20.4268 -60
    endloop
  endfacet
  facet normal -0 0 -1
    outer loop
      vertex -43.472 -20.4268 -60
      vertex -52.48 -24.6952 -60
      vertex -44.6598 -17.682 -60
    endloop
  endfacet
  facet normal 0 0 -1
    outer loop
      vertex -53.927 -21.3512 -60
      vertex -44.6598 -17.682 -60
      vertex -52.48 -24.6952 -60
    endloop
  endfacet
  facet normal -0 0 -1
    outer loop
      vertex -44.6598 -17.682 -60
      vertex -53.927 -21.3512 -60
      vertex -45.6728 -14.8681 -60
    endloop
  endfacet
  facet normal 0 0 -1
    outer loop
      vertex -55.1613 -17.923 -60
      vertex -45.6728 -14.8681 -60
      vertex -53.927 -21.3512 -60
    endloop
  endfacet
  facet normal -0 0 -1
    outer loop
      vertex -45.6728 -14.8681 -60
      vertex -55.1613 -17.923 -60
      vertex -45.6819 -14.8429 -60
    endloop
  endfacet
  facet normal -0 0 -1
    outer loop
      vertex -45.6819 -14.8429 -60
      vertex -55.1613 -17.923 -60
      vertex -46.5163 -11.971 -60
    endloop
  endfacet
  facet normal 0 0 -1
    outer loop
      vertex -56.1778 -14.424 -60
      vertex -46.5163 -11.971 -60
      vertex -55.1613 -17.923 -60
    endloop
  endfacet
  facet normal -0 0 -1
    outer loop
      vertex -46.5163 -11.971 -60
      vertex -56.1778 -14.424 -60
      vertex -46.5237 -11.9453 -60
    endloop
  endfacet
  facet normal 0 0 -1
    outer loop
      vertex -57.8856 -3.64185 -60
      vertex -48.0319 -0.0267632 -60
      vertex -47.938 -3.016 -60
    endloop
  endfacet
  facet normal 0 0 -1
    outer loop
      vertex -56.9727 -10.8681 -60
      vertex -47.1762 -9.02658 -60
      vertex -56.1778 -14.424 -60
    endloop
  endfacet
  facet normal -0 0 -1
    outer loop
      vertex -46.5237 -11.9453 -60
      vertex -56.1778 -14.424 -60
      vertex -47.1762 -9.02658 -60
    endloop
  endfacet
  facet normal 0 0 -1
    outer loop
      vertex 47.1762 9.02658 -60
      vertex 56.9727 10.8681 -60
      vertex 47.182 9.00045 -60
    endloop
  endfacet
  facet normal -0 0 -1
    outer loop
      vertex 56.9727 10.8681 -60
      vertex 47.1762 9.02658 -60
      vertex 56.1778 14.424 -60
    endloop
  endfacet
  facet normal 0 0 -1
    outer loop
      vertex 46.5237 11.9453 -60
      vertex 56.1778 14.424 -60
      vertex 47.1762 9.02658 -60
    endloop
  endfacet
  facet normal 0 0 -1
    outer loop
      vertex 46.5163 11.971 -60
      vertex 56.1778 14.424 -60
      vertex 46.5237 11.9453 -60
    endloop
  endfacet
  facet normal -0 0 -1
    outer loop
      vertex 56.1778 14.424 -60
      vertex 46.5163 11.971 -60
      vertex 55.1613 17.923 -60
    endloop
  endfacet
  facet normal 0 0 -1
    outer loop
      vertex 45.6819 14.8429 -60
      vertex 55.1613 17.923 -60
      vertex 46.5163 11.971 -60
    endloop
  endfacet
  facet normal 0 0 -1
    outer loop
      vertex 45.6728 14.8681 -60
      vertex 55.1613 17.923 -60
      vertex 45.6819 14.8429 -60
    endloop
  endfacet
  facet normal -0 0 -1
    outer loop
      vertex 55.1613 17.923 -60
      vertex 45.6728 14.8681 -60
      vertex 53.927 21.3512 -60
    endloop
  endfacet
  facet normal 0 0 -1
    outer loop
      vertex 44.6598 17.682 -60
      vertex 53.927 21.3512 -60
      vertex 45.6728 14.8681 -60
    endloop
  endfacet
  facet normal -0 0 -1
    outer loop
      vertex 53.927 21.3512 -60
      vertex 44.6598 17.682 -60
      vertex 52.48 24.6952 -60
    endloop
  endfacet
  facet normal 0 0 -1
    outer loop
      vertex 43.472 20.4268 -60
      vertex 52.48 24.6952 -60
      vertex 44.6598 17.682 -60
    endloop
  endfacet
  facet normal 0 0 -1
    outer loop
      vertex 43.4614 20.4514 -60
      vertex 52.48 24.6952 -60
      vertex 43.472 20.4268 -60
    endloop
  endfacet
  facet normal -0 0 -1
    outer loop
      vertex 52.48 24.6952 -60
      vertex 43.4614 20.4514 -60
      vertex 50.8258 27.9417 -60
    endloop
  endfacet
  facet normal 0 0 -1
    outer loop
      vertex 42.1036 23.1161 -60
      vertex 50.8258 27.9417 -60
      vertex 43.4614 20.4514 -60
    endloop
  endfacet
  facet normal 0 0 -1
    outer loop
      vertex 42.0915 23.14 -60
      vertex 50.8258 27.9417 -60
      vertex 42.1036 23.1161 -60
    endloop
  endfacet
  facet normal 0 0 -1
    outer loop
      vertex 42.0778 23.163 -60
      vertex 50.8258 27.9417 -60
      vertex 42.0915 23.14 -60
    endloop
  endfacet
  facet normal -0 0 -1
    outer loop
      vertex 50.8258 27.9417 -60
      vertex 42.0778 23.163 -60
      vertex 48.971 31.078 -60
    endloop
  endfacet
  facet normal 0 0 -1
    outer loop
      vertex 40.5554 25.7373 -60
      vertex 48.971 31.078 -60
      vertex 42.0778 23.163 -60
    endloop
  endfacet
  facet normal -0 0 -1
    outer loop
      vertex 48.971 31.078 -60
      vertex 40.5554 25.7373 -60
      vertex 46.923 34.0915 -60
    endloop
  endfacet
  facet normal 0 0 -1
    outer loop
      vertex 38.8744 28.2108 -60
      vertex 46.923 34.0915 -60
      vertex 40.5554 25.7373 -60
    endloop
  endfacet
  facet normal 0 0 -1
    outer loop
      vertex 38.8593 28.233 -60
      vertex 46.923 34.0915 -60
      vertex 38.8744 28.2108 -60
    endloop
  endfacet
  facet normal 0 0 -1
    outer loop
      vertex 38.8429 28.2541 -60
      vertex 46.923 34.0915 -60
      vertex 38.8593 28.233 -60
    endloop
  endfacet
  facet normal -0 0 -1
    outer loop
      vertex 46.923 34.0915 -60
      vertex 38.8429 28.2541 -60
      vertex 44.6898 36.9706 -60
    endloop
  endfacet
  facet normal 0 0 -1
    outer loop
      vertex 37.0099 30.6173 -60
      vertex 44.6898 36.9706 -60
      vertex 38.8429 28.2541 -60
    endloop
  endfacet
  facet normal 0 0 -1
    outer loop
      vertex 36.9922 30.6373 -60
      vertex 44.6898 36.9706 -60
      vertex 37.0099 30.6173 -60
    endloop
  endfacet
  facet normal -0 0 -1
    outer loop
      vertex 44.6898 36.9706 -60
      vertex 36.9922 30.6373 -60
      vertex 42.2802 39.7037 -60
    endloop
  endfacet
  facet normal 0 0 -1
    outer loop
      vertex 35.0144 32.8807 -60
      vertex 42.2802 39.7037 -60
      vertex 36.9922 30.6373 -60
    endloop
  endfacet
  facet normal -0 0 -1
    outer loop
      vertex 42.2802 39.7037 -60
      vertex 35.0144 32.8807 -60
      vertex 39.7037 42.2802 -60
    endloop
  endfacet
  facet normal 0 0 -1
    outer loop
      vertex 32.8807 35.0144 -60
      vertex 39.7037 42.2802 -60
      vertex 35.0144 32.8807 -60
    endloop
  endfacet
  facet normal -0 0 -1
    outer loop
      vertex 39.7037 42.2802 -60
      vertex 32.8807 35.0144 -60
      vertex 36.9706 44.6898 -60
    endloop
  endfacet
  facet normal 0 0 -1
    outer loop
      vertex 30.6373 36.9922 -60
      vertex 36.9706 44.6898 -60
      vertex 32.8807 35.0144 -60
    endloop
  endfacet
  facet normal 0 0 -1
    outer loop
      vertex 30.6173 37.0099 -60
      vertex 36.9706 44.6898 -60
      vertex 30.6373 36.9922 -60
    endloop
  endfacet
  facet normal -0 0 -1
    outer loop
      vertex 36.9706 44.6898 -60
      vertex 30.6173 37.0099 -60
      vertex 34.0915 46.923 -60
    endloop
  endfacet
  facet normal 0 0 -1
    outer loop
      vertex 28.2541 38.8429 -60
      vertex 34.0915 46.923 -60
      vertex 30.6173 37.0099 -60
    endloop
  endfacet
  facet normal 0 0 -1
    outer loop
      vertex 28.233 38.8593 -60
      vertex 34.0915 46.923 -60
      vertex 28.2541 38.8429 -60
    endloop
  endfacet
  facet normal 0 0 -1
    outer loop
      vertex 28.2108 38.8744 -60
      vertex 34.0915 46.923 -60
      vertex 28.233 38.8593 -60
    endloop
  endfacet
  facet normal -0 0 -1
    outer loop
      vertex 34.0915 46.923 -60
      vertex 28.2108 38.8744 -60
      vertex 31.078 48.971 -60
    endloop
  endfacet
  facet normal 0 0 -1
    outer loop
      vertex 25.7373 40.5554 -60
      vertex 31.078 48.971 -60
      vertex 28.2108 38.8744 -60
    endloop
  endfacet
  facet normal -0 0 -1
    outer loop
      vertex 31.078 48.971 -60
      vertex 25.7373 40.5554 -60
      vertex 27.9417 50.8258 -60
    endloop
  endfacet
  facet normal 0 0 -1
    outer loop
      vertex 23.163 42.0778 -60
      vertex 27.9417 50.8258 -60
      vertex 25.7373 40.5554 -60
    endloop
  endfacet
  facet normal 0 0 -1
    outer loop
      vertex 23.14 42.0915 -60
      vertex 27.9417 50.8258 -60
      vertex 23.163 42.0778 -60
    endloop
  endfacet
  facet normal 0 0 -1
    outer loop
      vertex 23.1161 42.1036 -60
      vertex 27.9417 50.8258 -60
      vertex 23.14 42.0915 -60
    endloop
  endfacet
  facet normal -0 0 -1
    outer loop
      vertex 27.9417 50.8258 -60
      vertex 23.1161 42.1036 -60
      vertex 24.6952 52.48 -60
    endloop
  endfacet
  facet normal 0 0 -1
    outer loop
      vertex 20.4514 43.4614 -60
      vertex 24.6952 52.48 -60
      vertex 23.1161 42.1036 -60
    endloop
  endfacet
  facet normal 0 0 -1
    outer loop
      vertex 20.4268 43.472 -60
      vertex 24.6952 52.48 -60
      vertex 20.4514 43.4614 -60
    endloop
  endfacet
  facet normal -0 0 -1
    outer loop
      vertex 24.6952 52.48 -60
      vertex 20.4268 43.472 -60
      vertex 21.3512 53.927 -60
    endloop
  endfacet
  facet normal 0 0 -1
    outer loop
      vertex 17.682 44.6598 -60
      vertex 21.3512 53.927 -60
      vertex 20.4268 43.472 -60
    endloop
  endfacet
  facet normal -0 0 -1
    outer loop
      vertex 21.3512 53.927 -60
      vertex 17.682 44.6598 -60
      vertex 17.923 55.1613 -60
    endloop
  endfacet
  facet normal 0 0 -1
    outer loop
      vertex 14.8681 45.6728 -60
      vertex 17.923 55.1613 -60
      vertex 17.682 44.6598 -60
    endloop
  endfacet
  facet normal 0 0 -1
    outer loop
      vertex 14.8429 45.6819 -60
      vertex 17.923 55.1613 -60
      vertex 14.8681 45.6728 -60
    endloop
  endfacet
  facet normal 0 0 -1
    outer loop
      vertex 14.8429 45.6819 -60
      vertex 14.424 56.1778 -60
      vertex 17.923 55.1613 -60
    endloop
  endfacet
  facet normal 0 0 -1
    outer loop
      vertex 11.971 46.5163 -60
      vertex 14.424 56.1778 -60
      vertex 14.8429 45.6819 -60
    endloop
  endfacet
  facet normal 0 0 -1
    outer loop
      vertex 11.9453 46.5237 -60
      vertex 14.424 56.1778 -60
      vertex 11.971 46.5163 -60
    endloop
  endfacet
  facet normal 0 0 -1
    outer loop
      vertex 11.9453 46.5237 -60
      vertex 10.8681 56.9727 -60
      vertex 14.424 56.1778 -60
    endloop
  endfacet
  facet normal 0 0 -1
    outer loop
      vertex 9.02658 47.1762 -60
      vertex 10.8681 56.9727 -60
      vertex 11.9453 46.5237 -60
    endloop
  endfacet
  facet normal 0 0 -1
    outer loop
      vertex 9.00045 47.182 -60
      vertex 10.8681 56.9727 -60
      vertex 9.02658 47.1762 -60
    endloop
  endfacet
  facet normal 0 0 -1
    outer loop
      vertex 8.974 47.1862 -60
      vertex 10.8681 56.9727 -60
      vertex 9.00045 47.182 -60
    endloop
  endfacet
  facet normal 0 0 -1
    outer loop
      vertex 8.974 47.1862 -60
      vertex 7.26933 57.5427 -60
      vertex 10.8681 56.9727 -60
    endloop
  endfacet
  facet normal 0 0 -1
    outer loop
      vertex 6.0201 47.654 -60
      vertex 7.26933 57.5427 -60
      vertex 8.974 47.1862 -60
    endloop
  endfacet
  facet normal 0 0 -1
    outer loop
      vertex 5.99345 47.6566 -60
      vertex 7.26933 57.5427 -60
      vertex 6.0201 47.654 -60
    endloop
  endfacet
  facet normal 0 0 -1
    outer loop
      vertex 5.99345 47.6566 -60
      vertex 3.64185 57.8856 -60
      vertex 7.26933 57.5427 -60
    endloop
  endfacet
  facet normal 0 0 -1
    outer loop
      vertex 3.016 47.938 -60
      vertex 3.64185 57.8856 -60
      vertex 5.99345 47.6566 -60
    endloop
  endfacet
  facet normal 0 0 -1
    outer loop
      vertex 0.0267632 48.0319 -60
      vertex 3.64185 57.8856 -60
      vertex 3.016 47.938 -60
    endloop
  endfacet
  facet normal 0 0 -1
    outer loop
      vertex 0 58 -60
      vertex 0.0267632 48.0319 -60
      vertex 0 48.0328 -60
    endloop
  endfacet
  facet normal 0 0 -1
    outer loop
      vertex 0.0267632 48.0319 -60
      vertex 0 58 -60
      vertex 3.64185 57.8856 -60
    endloop
  endfacet
  facet normal 0 0 -1
    outer loop
      vertex -0.0267632 48.0319 -60
      vertex 0 58 -60
      vertex 0 48.0328 -60
    endloop
  endfacet
  facet normal 0 0 -1
    outer loop
      vertex -3.016 47.938 -60
      vertex 0 58 -60
      vertex -0.0267632 48.0319 -60
    endloop
  endfacet
  facet normal 0 0 -1
    outer loop
      vertex -3.016 47.938 -60
      vertex -3.64185 57.8856 -60
      vertex 0 58 -60
    endloop
  endfacet
  facet normal 0 0 -1
    outer loop
      vertex -5.99345 47.6566 -60
      vertex -3.64185 57.8856 -60
      vertex -3.016 47.938 -60
    endloop
  endfacet
  facet normal 0 0 -1
    outer loop
      vertex -7.26933 57.5427 -60
      vertex -5.99345 47.6566 -60
      vertex -6.0201 47.654 -60
    endloop
  endfacet
  facet normal 0 0 -1
    outer loop
      vertex -5.99345 47.6566 -60
      vertex -7.26933 57.5427 -60
      vertex -3.64185 57.8856 -60
    endloop
  endfacet
  facet normal 0 0 -1
    outer loop
      vertex -8.974 47.1862 -60
      vertex -7.26933 57.5427 -60
      vertex -6.0201 47.654 -60
    endloop
  endfacet
  facet normal 0 0 -1
    outer loop
      vertex -10.8681 56.9727 -60
      vertex -8.974 47.1862 -60
      vertex -9.00045 47.182 -60
    endloop
  endfacet
  facet normal 0 0 -1
    outer loop
      vertex -10.8681 56.9727 -60
      vertex -9.00045 47.182 -60
      vertex -9.02658 47.1762 -60
    endloop
  endfacet
  facet normal 0 0 -1
    outer loop
      vertex -8.974 47.1862 -60
      vertex -10.8681 56.9727 -60
      vertex -7.26933 57.5427 -60
    endloop
  endfacet
  facet normal 0 0 -1
    outer loop
      vertex -11.9453 46.5237 -60
      vertex -10.8681 56.9727 -60
      vertex -9.02658 47.1762 -60
    endloop
  endfacet
  facet normal 0 0 -1
    outer loop
      vertex -14.424 56.1778 -60
      vertex -11.9453 46.5237 -60
      vertex -11.971 46.5163 -60
    endloop
  endfacet
  facet normal 0 0 -1
    outer loop
      vertex -11.9453 46.5237 -60
      vertex -14.424 56.1778 -60
      vertex -10.8681 56.9727 -60
    endloop
  endfacet
  facet normal 0 0 -1
    outer loop
      vertex -14.8429 45.6819 -60
      vertex -14.424 56.1778 -60
      vertex -11.971 46.5163 -60
    endloop
  endfacet
  facet normal 0 0 -1
    outer loop
      vertex -17.923 55.1613 -60
      vertex -14.8429 45.6819 -60
      vertex -14.8681 45.6728 -60
    endloop
  endfacet
  facet normal 0 0 -1
    outer loop
      vertex -17.923 55.1613 -60
      vertex -14.8681 45.6728 -60
      vertex -17.682 44.6598 -60
    endloop
  endfacet
  facet normal 0 0 -1
    outer loop
      vertex -14.8429 45.6819 -60
      vertex -17.923 55.1613 -60
      vertex -14.424 56.1778 -60
    endloop
  endfacet
  facet normal 0 0 -1
    outer loop
      vertex -21.3512 53.927 -60
      vertex -17.682 44.6598 -60
      vertex -20.4268 43.472 -60
    endloop
  endfacet
  facet normal 0 0 -1
    outer loop
      vertex -24.6952 52.48 -60
      vertex -20.4268 43.472 -60
      vertex -20.4514 43.4614 -60
    endloop
  endfacet
  facet normal 0 0 -1
    outer loop
      vertex -17.682 44.6598 -60
      vertex -21.3512 53.927 -60
      vertex -17.923 55.1613 -60
    endloop
  endfacet
  facet normal 0 0 -1
    outer loop
      vertex -24.6952 52.48 -60
      vertex -20.4514 43.4614 -60
      vertex -23.1161 42.1036 -60
    endloop
  endfacet
  facet normal 0 0 -1
    outer loop
      vertex -27.9417 50.8258 -60
      vertex -23.1161 42.1036 -60
      vertex -23.14 42.0915 -60
    endloop
  endfacet
  facet normal 0 0 -1
    outer loop
      vertex -27.9417 50.8258 -60
      vertex -23.14 42.0915 -60
      vertex -23.163 42.0778 -60
    endloop
  endfacet
  facet normal 0 0 -1
    outer loop
      vertex -20.4268 43.472 -60
      vertex -24.6952 52.48 -60
      vertex -21.3512 53.927 -60
    endloop
  endfacet
  facet normal 0 0 -1
    outer loop
      vertex -27.9417 50.8258 -60
      vertex -23.163 42.0778 -60
      vertex -25.7373 40.5554 -60
    endloop
  endfacet
  facet normal 0 0 -1
    outer loop
      vertex -23.1161 42.1036 -60
      vertex -27.9417 50.8258 -60
      vertex -24.6952 52.48 -60
    endloop
  endfacet
  facet normal 0 0 -1
    outer loop
      vertex -31.078 48.971 -60
      vertex -25.7373 40.5554 -60
      vertex -28.2108 38.8744 -60
    endloop
  endfacet
  facet normal 0 0 -1
    outer loop
      vertex -34.0915 46.923 -60
      vertex -28.2108 38.8744 -60
      vertex -28.233 38.8593 -60
    endloop
  endfacet
  facet normal 0 0 -1
    outer loop
      vertex -34.0915 46.923 -60
      vertex -28.233 38.8593 -60
      vertex -28.2541 38.8429 -60
    endloop
  endfacet
  facet normal 0 0 -1
    outer loop
      vertex -34.0915 46.923 -60
      vertex -28.2541 38.8429 -60
      vertex -30.6173 37.0099 -60
    endloop
  endfacet
  facet normal 0 0 -1
    outer loop
      vertex -36.9706 44.6898 -60
      vertex -30.6173 37.0099 -60
      vertex -30.6373 36.9922 -60
    endloop
  endfacet
  facet normal 0 0 -1
    outer loop
      vertex -25.7373 40.5554 -60
      vertex -31.078 48.971 -60
      vertex -27.9417 50.8258 -60
    endloop
  endfacet
  facet normal 0 0 -1
    outer loop
      vertex -36.9706 44.6898 -60
      vertex -30.6373 36.9922 -60
      vertex -32.8807 35.0144 -60
    endloop
  endfacet
  facet normal 0 0 -1
    outer loop
      vertex -28.2108 38.8744 -60
      vertex -34.0915 46.923 -60
      vertex -31.078 48.971 -60
    endloop
  endfacet
  facet normal 0 0 -1
    outer loop
      vertex -39.7037 42.2802 -60
      vertex -32.8807 35.0144 -60
      vertex -35.0144 32.8807 -60
    endloop
  endfacet
  facet normal 0 0 -1
    outer loop
      vertex -30.6173 37.0099 -60
      vertex -36.9706 44.6898 -60
      vertex -34.0915 46.923 -60
    endloop
  endfacet
  facet normal 0 0 -1
    outer loop
      vertex -42.2802 39.7037 -60
      vertex -35.0144 32.8807 -60
      vertex -36.9922 30.6373 -60
    endloop
  endfacet
  facet normal 0 0 -1
    outer loop
      vertex -44.6898 36.9706 -60
      vertex -36.9922 30.6373 -60
      vertex -37.0099 30.6173 -60
    endloop
  endfacet
  facet normal 0 0 -1
    outer loop
      vertex -44.6898 36.9706 -60
      vertex -37.0099 30.6173 -60
      vertex -38.8429 28.2541 -60
    endloop
  endfacet
  facet normal 0 0 -1
    outer loop
      vertex -46.923 34.0915 -60
      vertex -38.8429 28.2541 -60
      vertex -38.8593 28.233 -60
    endloop
  endfacet
  facet normal 0 0 -1
    outer loop
      vertex -46.923 34.0915 -60
      vertex -38.8593 28.233 -60
      vertex -38.8744 28.2108 -60
    endloop
  endfacet
  facet normal 0 0 -1
    outer loop
      vertex -32.8807 35.0144 -60
      vertex -39.7037 42.2802 -60
      vertex -36.9706 44.6898 -60
    endloop
  endfacet
  facet normal 0 0 -1
    outer loop
      vertex -46.923 34.0915 -60
      vertex -38.8744 28.2108 -60
      vertex -40.5554 25.7373 -60
    endloop
  endfacet
  facet normal 0 0 -1
    outer loop
      vertex -48.971 31.078 -60
      vertex -40.5554 25.7373 -60
      vertex -42.0778 23.163 -60
    endloop
  endfacet
  facet normal 0 0 -1
    outer loop
      vertex -50.8258 27.9417 -60
      vertex -42.0778 23.163 -60
      vertex -42.0915 23.14 -60
    endloop
  endfacet
  facet normal 0 0 -1
    outer loop
      vertex -50.8258 27.9417 -60
      vertex -42.0915 23.14 -60
      vertex -42.1036 23.1161 -60
    endloop
  endfacet
  facet normal 0 0 -1
    outer loop
      vertex -35.0144 32.8807 -60
      vertex -42.2802 39.7037 -60
      vertex -39.7037 42.2802 -60
    endloop
  endfacet
  facet normal 0 0 -1
    outer loop
      vertex -50.8258 27.9417 -60
      vertex -42.1036 23.1161 -60
      vertex -43.4614 20.4514 -60
    endloop
  endfacet
  facet normal 0 0 -1
    outer loop
      vertex -52.48 24.6952 -60
      vertex -43.4614 20.4514 -60
      vertex -43.472 20.4268 -60
    endloop
  endfacet
  facet normal 0 0 -1
    outer loop
      vertex -52.48 24.6952 -60
      vertex -43.472 20.4268 -60
      vertex -44.6598 17.682 -60
    endloop
  endfacet
  facet normal 0 0 -1
    outer loop
      vertex -36.9922 30.6373 -60
      vertex -44.6898 36.9706 -60
      vertex -42.2802 39.7037 -60
    endloop
  endfacet
  facet normal 0 0 -1
    outer loop
      vertex -53.927 21.3512 -60
      vertex -44.6598 17.682 -60
      vertex -45.6728 14.8681 -60
    endloop
  endfacet
  facet normal 0 0 -1
    outer loop
      vertex -55.1613 17.923 -60
      vertex -45.6728 14.8681 -60
      vertex -45.6819 14.8429 -60
    endloop
  endfacet
  facet normal 0 0 -1
    outer loop
      vertex -55.1613 17.923 -60
      vertex -45.6819 14.8429 -60
      vertex -46.5163 11.971 -60
    endloop
  endfacet
  facet normal 0 0 -1
    outer loop
      vertex -56.1778 14.424 -60
      vertex -46.5163 11.971 -60
      vertex -46.5237 11.9453 -60
    endloop
  endfacet
  facet normal 0 0 -1
    outer loop
      vertex -38.8429 28.2541 -60
      vertex -46.923 34.0915 -60
      vertex -44.6898 36.9706 -60
    endloop
  endfacet
  facet normal 0 0 -1
    outer loop
      vertex -56.1778 14.424 -60
      vertex -46.5237 11.9453 -60
      vertex -47.1762 9.02658 -60
    endloop
  endfacet
  facet normal 0 0 -1
    outer loop
      vertex -56.9727 10.8681 -60
      vertex -47.1762 9.02658 -60
      vertex -47.182 9.00045 -60
    endloop
  endfacet
  facet normal 0 0 -1
    outer loop
      vertex -56.9727 10.8681 -60
      vertex -47.182 9.00045 -60
      vertex -47.1862 8.974 -60
    endloop
  endfacet
  facet normal 0 0 -1
    outer loop
      vertex -56.9727 10.8681 -60
      vertex -47.1862 8.974 -60
      vertex -47.654 6.0201 -60
    endloop
  endfacet
  facet normal 0 0 -1
    outer loop
      vertex -57.5427 7.26933 -60
      vertex -47.654 6.0201 -60
      vertex -47.6566 5.99345 -60
    endloop
  endfacet
  facet normal 0 0 -1
    outer loop
      vertex -57.5427 7.26933 -60
      vertex -47.6566 5.99345 -60
      vertex -47.938 3.016 -60
    endloop
  endfacet
  facet normal 0 0 -1
    outer loop
      vertex -58 0 -60
      vertex -48.0319 0.0267632 -60
      vertex -48.0328 0 -60
    endloop
  endfacet
  facet normal 0 0 -1
    outer loop
      vertex -40.5554 25.7373 -60
      vertex -48.971 31.078 -60
      vertex -46.923 34.0915 -60
    endloop
  endfacet
  facet normal 0 0 -1
    outer loop
      vertex -48.0319 0.0267632 -60
      vertex -57.8856 3.64185 -60
      vertex -47.938 3.016 -60
    endloop
  endfacet
  facet normal -0 0 -1
    outer loop
      vertex -47.1762 -9.02658 -60
      vertex -56.9727 -10.8681 -60
      vertex -47.182 -9.00045 -60
    endloop
  endfacet
  facet normal -0 0 -1
    outer loop
      vertex -47.182 -9.00045 -60
      vertex -56.9727 -10.8681 -60
      vertex -47.1862 -8.974 -60
    endloop
  endfacet
  facet normal 0 0 -1
    outer loop
      vertex -42.0778 23.163 -60
      vertex -50.8258 27.9417 -60
      vertex -48.971 31.078 -60
    endloop
  endfacet
  facet normal -0 0 -1
    outer loop
      vertex -47.1862 -8.974 -60
      vertex -56.9727 -10.8681 -60
      vertex -47.654 -6.0201 -60
    endloop
  endfacet
  facet normal 0 0 -1
    outer loop
      vertex -43.4614 20.4514 -60
      vertex -52.48 24.6952 -60
      vertex -50.8258 27.9417 -60
    endloop
  endfacet
  facet normal 0 0 -1
    outer loop
      vertex -57.5427 -7.26933 -60
      vertex -47.654 -6.0201 -60
      vertex -56.9727 -10.8681 -60
    endloop
  endfacet
  facet normal 0 0 -1
    outer loop
      vertex -44.6598 17.682 -60
      vertex -53.927 21.3512 -60
      vertex -52.48 24.6952 -60
    endloop
  endfacet
  facet normal -0 0 -1
    outer loop
      vertex -47.654 -6.0201 -60
      vertex -57.5427 -7.26933 -60
      vertex -47.6566 -5.99345 -60
    endloop
  endfacet
  facet normal 0 0 -1
    outer loop
      vertex -45.6728 14.8681 -60
      vertex -55.1613 17.923 -60
      vertex -53.927 21.3512 -60
    endloop
  endfacet
  facet normal -0 0 -1
    outer loop
      vertex -47.6566 -5.99345 -60
      vertex -57.5427 -7.26933 -60
      vertex -47.938 -3.016 -60
    endloop
  endfacet
  facet normal 0 0 -1
    outer loop
      vertex -46.5163 11.971 -60
      vertex -56.1778 14.424 -60
      vertex -55.1613 17.923 -60
    endloop
  endfacet
  facet normal 0 0 -1
    outer loop
      vertex -57.8856 -3.64185 -60
      vertex -47.938 -3.016 -60
      vertex -57.5427 -7.26933 -60
    endloop
  endfacet
  facet normal 0 0 -1
    outer loop
      vertex -47.1762 9.02658 -60
      vertex -56.9727 10.8681 -60
      vertex -56.1778 14.424 -60
    endloop
  endfacet
  facet normal 0 0 -1
    outer loop
      vertex -58 0 -60
      vertex -48.0319 -0.0267632 -60
      vertex -57.8856 -3.64185 -60
    endloop
  endfacet
  facet normal 0 0 -1
    outer loop
      vertex -47.654 6.0201 -60
      vertex -57.5427 7.26933 -60
      vertex -56.9727 10.8681 -60
    endloop
  endfacet
  facet normal 0 0 -1
    outer loop
      vertex -48.0319 -0.0267632 -60
      vertex -58 0 -60
      vertex -48.0328 0 -60
    endloop
  endfacet
  facet normal 0 0 -1
    outer loop
      vertex -47.938 3.016 -60
      vertex -57.8856 3.64185 -60
      vertex -57.5427 7.26933 -60
    endloop
  endfacet
  facet normal -0 0 -1
    outer loop
      vertex -48.0319 0.0267632 -60
      vertex -58 0 -60
      vertex -57.8856 3.64185 -60
    endloop
  endfacet
  facet normal -0.707107 0.707107 0
    outer loop
      vertex -42.2802 39.7037 -60
      vertex -39.7037 42.2802 60
      vertex -39.7037 42.2802 -60
    endloop
  endfacet
  facet normal -0.707107 0.707107 0
    outer loop
      vertex -39.7037 42.2802 60
      vertex -42.2802 39.7037 -60
      vertex -42.2802 39.7037 60
    endloop
  endfacet
  facet normal -0.661319 -0.750105 0
    outer loop
      vertex -39.7037 -42.2802 -60
      vertex -36.9706 -44.6898 60
      vertex -39.7037 -42.2802 60
    endloop
  endfacet
  facet normal -0.661319 -0.750105 -0
    outer loop
      vertex -36.9706 -44.6898 60
      vertex -39.7037 -42.2802 -60
      vertex -36.9706 -44.6898 -60
    endloop
  endfacet
  facet normal -0.860742 -0.509041 0
    outer loop
      vertex -48.971 -31.078 -60
      vertex -50.8258 -27.9417 60
      vertex -50.8258 -27.9417 -60
    endloop
  endfacet
  facet normal -0.860742 -0.509041 0
    outer loop
      vertex -50.8258 -27.9417 60
      vertex -48.971 -31.078 -60
      vertex -48.971 -31.078 60
    endloop
  endfacet
  facet normal -0.891004 0.453996 0
    outer loop
      vertex -52.48 24.6952 -60
      vertex -50.8258 27.9417 60
      vertex -50.8258 27.9417 -60
    endloop
  endfacet
  facet normal -0.891004 0.453996 0
    outer loop
      vertex -50.8258 27.9417 60
      vertex -52.48 24.6952 -60
      vertex -52.48 24.6952 60
    endloop
  endfacet
  facet normal 0 0 1
    outer loop
      vertex 51.9672 0 60
      vertex 58 0 60
      vertex 57.8856 3.64185 60
    endloop
  endfacet
  facet normal 0 0 1
    outer loop
      vertex 51.8623 3.28765 60
      vertex 57.8856 3.64185 60
      vertex 57.5427 7.26933 60
    endloop
  endfacet
  facet normal 0 0 1
    outer loop
      vertex 58 0 60
      vertex 51.9672 0 60
      vertex 57.8856 -3.64185 60
    endloop
  endfacet
  facet normal 0 0 1
    outer loop
      vertex 51.5536 6.53763 60
      vertex 57.5427 7.26933 60
      vertex 56.9727 10.8681 60
    endloop
  endfacet
  facet normal -0 0 1
    outer loop
      vertex 51.8654 -3.23834 60
      vertex 57.8856 -3.64185 60
      vertex 51.9672 0 60
    endloop
  endfacet
  facet normal 0 0 1
    outer loop
      vertex 51.0467 9.73768 60
      vertex 56.9727 10.8681 60
      vertex 56.1778 14.424 60
    endloop
  endfacet
  facet normal -0 0 1
    outer loop
      vertex 51.8647 -3.26305 60
      vertex 57.8856 -3.64185 60
      vertex 51.8654 -3.23834 60
    endloop
  endfacet
  facet normal 0 0 1
    outer loop
      vertex 50.3346 12.9237 60
      vertex 56.1778 14.424 60
      vertex 55.1613 17.923 60
    endloop
  endfacet
  facet normal -0 0 1
    outer loop
      vertex 51.8623 -3.28765 60
      vertex 57.8856 -3.64185 60
      vertex 51.8647 -3.26305 60
    endloop
  endfacet
  facet normal 0 0 1
    outer loop
      vertex 49.4238 16.0588 60
      vertex 55.1613 17.923 60
      vertex 53.927 21.3512 60
    endloop
  endfacet
  facet normal 0 0 1
    outer loop
      vertex 57.8856 -3.64185 60
      vertex 51.8623 -3.28765 60
      vertex 57.5427 -7.26933 60
    endloop
  endfacet
  facet normal 0 0 1
    outer loop
      vertex 48.3081 19.1531 60
      vertex 53.927 21.3512 60
      vertex 52.48 24.6952 60
    endloop
  endfacet
  facet normal -0 0 1
    outer loop
      vertex 51.5574 -6.51322 60
      vertex 57.5427 -7.26933 60
      vertex 51.8623 -3.28765 60
    endloop
  endfacet
  facet normal -0 0 1
    outer loop
      vertex 51.5536 -6.53763 60
      vertex 57.5427 -7.26933 60
      vertex 51.5574 -6.51322 60
    endloop
  endfacet
  facet normal 0 0 1
    outer loop
      vertex 57.8856 3.64185 60
      vertex 51.8654 3.23834 60
      vertex 51.9672 0 60
    endloop
  endfacet
  facet normal 0 0 1
    outer loop
      vertex 57.8856 3.64185 60
      vertex 51.8647 3.26305 60
      vertex 51.8654 3.23834 60
    endloop
  endfacet
  facet normal 0 0 1
    outer loop
      vertex 57.8856 3.64185 60
      vertex 51.8623 3.28765 60
      vertex 51.8647 3.26305 60
    endloop
  endfacet
  facet normal 0 0 1
    outer loop
      vertex 57.5427 7.26933 60
      vertex 51.5574 6.51322 60
      vertex 51.8623 3.28765 60
    endloop
  endfacet
  facet normal 0 0 1
    outer loop
      vertex 57.5427 7.26933 60
      vertex 51.5536 6.53763 60
      vertex 51.5574 6.51322 60
    endloop
  endfacet
  facet normal 0 0 1
    outer loop
      vertex 56.9727 10.8681 60
      vertex 51.0467 9.73768 60
      vertex 51.5536 6.53763 60
    endloop
  endfacet
  facet normal 0 0 1
    outer loop
      vertex 47.0101 22.1486 60
      vertex 52.48 24.6952 60
      vertex 50.8258 27.9417 60
    endloop
  endfacet
  facet normal 0 0 1
    outer loop
      vertex 56.1778 14.424 60
      vertex 50.34 12.8996 60
      vertex 51.0467 9.73768 60
    endloop
  endfacet
  facet normal 0 0 1
    outer loop
      vertex 56.1778 14.424 60
      vertex 50.3346 12.9237 60
      vertex 50.34 12.8996 60
    endloop
  endfacet
  facet normal 0 0 1
    outer loop
      vertex 55.1613 17.923 60
      vertex 49.4307 16.035 60
      vertex 50.3346 12.9237 60
    endloop
  endfacet
  facet normal 0 0 1
    outer loop
      vertex 55.1613 17.923 60
      vertex 49.4238 16.0588 60
      vertex 49.4307 16.035 60
    endloop
  endfacet
  facet normal 0 0 1
    outer loop
      vertex 45.5392 25.0354 60
      vertex 50.8258 27.9417 60
      vertex 48.971 31.078 60
    endloop
  endfacet
  facet normal 0 0 1
    outer loop
      vertex 53.927 21.3512 60
      vertex 48.3263 19.1072 60
      vertex 49.4238 16.0588 60
    endloop
  endfacet
  facet normal 0 0 1
    outer loop
      vertex 53.927 21.3512 60
      vertex 48.3179 19.1304 60
      vertex 48.3263 19.1072 60
    endloop
  endfacet
  facet normal 0 0 1
    outer loop
      vertex 53.927 21.3512 60
      vertex 48.3081 19.1531 60
      vertex 48.3179 19.1304 60
    endloop
  endfacet
  facet normal 0 0 1
    outer loop
      vertex 52.48 24.6952 60
      vertex 47.0213 22.1266 60
      vertex 48.3081 19.1531 60
    endloop
  endfacet
  facet normal 0 0 1
    outer loop
      vertex 52.48 24.6952 60
      vertex 47.0101 22.1486 60
      vertex 47.0213 22.1266 60
    endloop
  endfacet
  facet normal 0 0 1
    outer loop
      vertex 43.8635 27.8659 60
      vertex 48.971 31.078 60
      vertex 46.923 34.0915 60
    endloop
  endfacet
  facet normal 0 0 1
    outer loop
      vertex 50.8258 27.9417 60
      vertex 45.5392 25.0354 60
      vertex 47.0101 22.1486 60
    endloop
  endfacet
  facet normal 0 0 1
    outer loop
      vertex 42.0424 30.5456 60
      vertex 46.923 34.0915 60
      vertex 44.6898 36.9706 60
    endloop
  endfacet
  facet normal 0 0 1
    outer loop
      vertex 48.971 31.078 60
      vertex 43.8899 27.8242 60
      vertex 45.5392 25.0354 60
    endloop
  endfacet
  facet normal 0 0 1
    outer loop
      vertex 48.971 31.078 60
      vertex 43.8774 27.8454 60
      vertex 43.8899 27.8242 60
    endloop
  endfacet
  facet normal 0 0 1
    outer loop
      vertex 48.971 31.078 60
      vertex 43.8635 27.8659 60
      vertex 43.8774 27.8454 60
    endloop
  endfacet
  facet normal 0 0 1
    outer loop
      vertex 40.0414 33.1251 60
      vertex 44.6898 36.9706 60
      vertex 42.2802 39.7037 60
    endloop
  endfacet
  facet normal 0 0 1
    outer loop
      vertex 46.923 34.0915 60
      vertex 42.0424 30.5456 60
      vertex 43.8635 27.8659 60
    endloop
  endfacet
  facet normal 0 0 1
    outer loop
      vertex 44.6898 36.9706 60
      vertex 40.0566 33.1056 60
      vertex 42.0424 30.5456 60
    endloop
  endfacet
  facet normal 0 0 1
    outer loop
      vertex 44.6898 36.9706 60
      vertex 40.0414 33.1251 60
      vertex 40.0566 33.1056 60
    endloop
  endfacet
  facet normal 0 0 1
    outer loop
      vertex 37.8825 35.574 60
      vertex 42.2802 39.7037 60
      vertex 39.7037 42.2802 60
    endloop
  endfacet
  facet normal 0 0 1
    outer loop
      vertex 42.2802 39.7037 60
      vertex 37.8988 35.5555 60
      vertex 40.0414 33.1251 60
    endloop
  endfacet
  facet normal 0 0 1
    outer loop
      vertex 42.2802 39.7037 60
      vertex 37.8825 35.574 60
      vertex 37.8988 35.5555 60
    endloop
  endfacet
  facet normal 0 0 1
    outer loop
      vertex 35.5555 37.8988 60
      vertex 39.7037 42.2802 60
      vertex 36.9706 44.6898 60
    endloop
  endfacet
  facet normal 0 0 1
    outer loop
      vertex 39.7037 42.2802 60
      vertex 35.574 37.8825 60
      vertex 37.8825 35.574 60
    endloop
  endfacet
  facet normal 0 0 1
    outer loop
      vertex 39.7037 42.2802 60
      vertex 35.5555 37.8988 60
      vertex 35.574 37.8825 60
    endloop
  endfacet
  facet normal 0 0 1
    outer loop
      vertex 33.1056 40.0566 60
      vertex 36.9706 44.6898 60
      vertex 34.0915 46.923 60
    endloop
  endfacet
  facet normal 0 0 1
    outer loop
      vertex 36.9706 44.6898 60
      vertex 33.1251 40.0414 60
      vertex 35.5555 37.8988 60
    endloop
  endfacet
  facet normal 0 0 1
    outer loop
      vertex 36.9706 44.6898 60
      vertex 33.1056 40.0566 60
      vertex 33.1251 40.0414 60
    endloop
  endfacet
  facet normal 0 0 1
    outer loop
      vertex 30.5456 42.0424 60
      vertex 34.0915 46.923 60
      vertex 31.078 48.971 60
    endloop
  endfacet
  facet normal 0 0 1
    outer loop
      vertex 34.0915 46.923 60
      vertex 30.5456 42.0424 60
      vertex 33.1056 40.0566 60
    endloop
  endfacet
  facet normal 0 0 1
    outer loop
      vertex 27.8242 43.8899 60
      vertex 31.078 48.971 60
      vertex 27.9417 50.8258 60
    endloop
  endfacet
  facet normal 0 0 1
    outer loop
      vertex 31.078 48.971 60
      vertex 27.8659 43.8635 60
      vertex 30.5456 42.0424 60
    endloop
  endfacet
  facet normal 0 0 1
    outer loop
      vertex 31.078 48.971 60
      vertex 27.8454 43.8774 60
      vertex 27.8659 43.8635 60
    endloop
  endfacet
  facet normal 0 0 1
    outer loop
      vertex 31.078 48.971 60
      vertex 27.8242 43.8899 60
      vertex 27.8454 43.8774 60
    endloop
  endfacet
  facet normal 0 0 1
    outer loop
      vertex 27.9417 50.8258 60
      vertex 25.0354 45.5392 60
      vertex 27.8242 43.8899 60
    endloop
  endfacet
  facet normal 0 0 1
    outer loop
      vertex 24.6952 52.48 60
      vertex 25.0354 45.5392 60
      vertex 27.9417 50.8258 60
    endloop
  endfacet
  facet normal 0 0 1
    outer loop
      vertex 24.6952 52.48 60
      vertex 22.1486 47.0101 60
      vertex 25.0354 45.5392 60
    endloop
  endfacet
  facet normal 0 0 1
    outer loop
      vertex 24.6952 52.48 60
      vertex 22.1266 47.0213 60
      vertex 22.1486 47.0101 60
    endloop
  endfacet
  facet normal 0 0 1
    outer loop
      vertex 21.3512 53.927 60
      vertex 22.1266 47.0213 60
      vertex 24.6952 52.48 60
    endloop
  endfacet
  facet normal 0 0 1
    outer loop
      vertex 21.3512 53.927 60
      vertex 19.1531 48.3081 60
      vertex 22.1266 47.0213 60
    endloop
  endfacet
  facet normal 0 0 1
    outer loop
      vertex 21.3512 53.927 60
      vertex 19.1304 48.3179 60
      vertex 19.1531 48.3081 60
    endloop
  endfacet
  facet normal 0 0 1
    outer loop
      vertex 21.3512 53.927 60
      vertex 19.1072 48.3263 60
      vertex 19.1304 48.3179 60
    endloop
  endfacet
  facet normal 0 0 1
    outer loop
      vertex 17.923 55.1613 60
      vertex 19.1072 48.3263 60
      vertex 21.3512 53.927 60
    endloop
  endfacet
  facet normal 0 0 1
    outer loop
      vertex 17.923 55.1613 60
      vertex 16.0588 49.4238 60
      vertex 19.1072 48.3263 60
    endloop
  endfacet
  facet normal 0 0 1
    outer loop
      vertex 17.923 55.1613 60
      vertex 16.035 49.4307 60
      vertex 16.0588 49.4238 60
    endloop
  endfacet
  facet normal 0 0 1
    outer loop
      vertex 14.424 56.1778 60
      vertex 16.035 49.4307 60
      vertex 17.923 55.1613 60
    endloop
  endfacet
  facet normal 0 0 1
    outer loop
      vertex 14.424 56.1778 60
      vertex 12.9237 50.3346 60
      vertex 16.035 49.4307 60
    endloop
  endfacet
  facet normal 0 0 1
    outer loop
      vertex 14.424 56.1778 60
      vertex 12.8996 50.34 60
      vertex 12.9237 50.3346 60
    endloop
  endfacet
  facet normal 0 0 1
    outer loop
      vertex 10.8681 56.9727 60
      vertex 12.8996 50.34 60
      vertex 14.424 56.1778 60
    endloop
  endfacet
  facet normal 0 0 1
    outer loop
      vertex 10.8681 56.9727 60
      vertex 9.73768 51.0467 60
      vertex 12.8996 50.34 60
    endloop
  endfacet
  facet normal 0 0 1
    outer loop
      vertex 7.26933 57.5427 60
      vertex 9.73768 51.0467 60
      vertex 10.8681 56.9727 60
    endloop
  endfacet
  facet normal 0 0 1
    outer loop
      vertex 7.26933 57.5427 60
      vertex 6.53763 51.5536 60
      vertex 9.73768 51.0467 60
    endloop
  endfacet
  facet normal 0 0 1
    outer loop
      vertex 7.26933 57.5427 60
      vertex 6.51322 51.5574 60
      vertex 6.53763 51.5536 60
    endloop
  endfacet
  facet normal 0 0 1
    outer loop
      vertex 3.64185 57.8856 60
      vertex 6.51322 51.5574 60
      vertex 7.26933 57.5427 60
    endloop
  endfacet
  facet normal 0 0 1
    outer loop
      vertex 3.64185 57.8856 60
      vertex 3.28765 51.8623 60
      vertex 6.51322 51.5574 60
    endloop
  endfacet
  facet normal 0 0 1
    outer loop
      vertex 3.64185 57.8856 60
      vertex 3.26305 51.8647 60
      vertex 3.28765 51.8623 60
    endloop
  endfacet
  facet normal 0 0 1
    outer loop
      vertex 3.64185 57.8856 60
      vertex 3.23834 51.8654 60
      vertex 3.26305 51.8647 60
    endloop
  endfacet
  facet normal 0 0 1
    outer loop
      vertex 0 58 60
      vertex 3.23834 51.8654 60
      vertex 3.64185 57.8856 60
    endloop
  endfacet
  facet normal 0 0 1
    outer loop
      vertex 0 58 60
      vertex 0 51.9672 60
      vertex 3.23834 51.8654 60
    endloop
  endfacet
  facet normal 0 0 1
    outer loop
      vertex 0 58 60
      vertex -3.23834 51.8654 60
      vertex 0 51.9672 60
    endloop
  endfacet
  facet normal -0 0 1
    outer loop
      vertex -3.64185 57.8856 60
      vertex -3.23834 51.8654 60
      vertex 0 58 60
    endloop
  endfacet
  facet normal 0 0 1
    outer loop
      vertex -3.23834 51.8654 60
      vertex -3.64185 57.8856 60
      vertex -3.26305 51.8647 60
    endloop
  endfacet
  facet normal 0 0 1
    outer loop
      vertex -3.26305 51.8647 60
      vertex -3.64185 57.8856 60
      vertex -3.28765 51.8623 60
    endloop
  endfacet
  facet normal 0 0 1
    outer loop
      vertex -3.64185 57.8856 60
      vertex -6.51322 51.5574 60
      vertex -3.28765 51.8623 60
    endloop
  endfacet
  facet normal -0 0 1
    outer loop
      vertex -7.26933 57.5427 60
      vertex -6.51322 51.5574 60
      vertex -3.64185 57.8856 60
    endloop
  endfacet
  facet normal 0 0 1
    outer loop
      vertex -6.51322 51.5574 60
      vertex -7.26933 57.5427 60
      vertex -6.53763 51.5536 60
    endloop
  endfacet
  facet normal 0 0 1
    outer loop
      vertex -7.26933 57.5427 60
      vertex -9.73768 51.0467 60
      vertex -6.53763 51.5536 60
    endloop
  endfacet
  facet normal -0 0 1
    outer loop
      vertex -10.8681 56.9727 60
      vertex -9.73768 51.0467 60
      vertex -7.26933 57.5427 60
    endloop
  endfacet
  facet normal 0 0 1
    outer loop
      vertex -10.8681 56.9727 60
      vertex -12.8996 50.34 60
      vertex -9.73768 51.0467 60
    endloop
  endfacet
  facet normal -0 0 1
    outer loop
      vertex -14.424 56.1778 60
      vertex -12.8996 50.34 60
      vertex -10.8681 56.9727 60
    endloop
  endfacet
  facet normal 0 0 1
    outer loop
      vertex -12.8996 50.34 60
      vertex -14.424 56.1778 60
      vertex -12.9237 50.3346 60
    endloop
  endfacet
  facet normal 0 0 1
    outer loop
      vertex -14.424 56.1778 60
      vertex -16.035 49.4307 60
      vertex -12.9237 50.3346 60
    endloop
  endfacet
  facet normal -0 0 1
    outer loop
      vertex -17.923 55.1613 60
      vertex -16.035 49.4307 60
      vertex -14.424 56.1778 60
    endloop
  endfacet
  facet normal 0 0 1
    outer loop
      vertex -16.035 49.4307 60
      vertex -17.923 55.1613 60
      vertex -16.0588 49.4238 60
    endloop
  endfacet
  facet normal 0 0 1
    outer loop
      vertex -17.923 55.1613 60
      vertex -19.1072 48.3263 60
      vertex -16.0588 49.4238 60
    endloop
  endfacet
  facet normal -0 0 1
    outer loop
      vertex -21.3512 53.927 60
      vertex -19.1072 48.3263 60
      vertex -17.923 55.1613 60
    endloop
  endfacet
  facet normal 0 0 1
    outer loop
      vertex -19.1072 48.3263 60
      vertex -21.3512 53.927 60
      vertex -19.1304 48.3179 60
    endloop
  endfacet
  facet normal 0 0 1
    outer loop
      vertex -19.1304 48.3179 60
      vertex -21.3512 53.927 60
      vertex -19.1531 48.3081 60
    endloop
  endfacet
  facet normal 0 0 1
    outer loop
      vertex -21.3512 53.927 60
      vertex -22.1266 47.0213 60
      vertex -19.1531 48.3081 60
    endloop
  endfacet
  facet normal -0 0 1
    outer loop
      vertex -24.6952 52.48 60
      vertex -22.1266 47.0213 60
      vertex -21.3512 53.927 60
    endloop
  endfacet
  facet normal 0 0 1
    outer loop
      vertex -22.1266 47.0213 60
      vertex -24.6952 52.48 60
      vertex -22.1486 47.0101 60
    endloop
  endfacet
  facet normal 0 0 1
    outer loop
      vertex -24.6952 52.48 60
      vertex -25.0354 45.5392 60
      vertex -22.1486 47.0101 60
    endloop
  endfacet
  facet normal -0 0 1
    outer loop
      vertex -27.9417 50.8258 60
      vertex -25.0354 45.5392 60
      vertex -24.6952 52.48 60
    endloop
  endfacet
  facet normal 0 0 1
    outer loop
      vertex -25.0354 45.5392 60
      vertex -27.9417 50.8258 60
      vertex -27.8242 43.8899 60
    endloop
  endfacet
  facet normal -0 0 1
    outer loop
      vertex -31.078 48.971 60
      vertex -27.8242 43.8899 60
      vertex -27.9417 50.8258 60
    endloop
  endfacet
  facet normal 0 0 1
    outer loop
      vertex -27.8242 43.8899 60
      vertex -31.078 48.971 60
      vertex -27.8454 43.8774 60
    endloop
  endfacet
  facet normal 0 0 1
    outer loop
      vertex -27.8454 43.8774 60
      vertex -31.078 48.971 60
      vertex -27.8659 43.8635 60
    endloop
  endfacet
  facet normal 0 0 1
    outer loop
      vertex -27.8659 43.8635 60
      vertex -31.078 48.971 60
      vertex -30.5456 42.0424 60
    endloop
  endfacet
  facet normal -0 0 1
    outer loop
      vertex -34.0915 46.923 60
      vertex -30.5456 42.0424 60
      vertex -31.078 48.971 60
    endloop
  endfacet
  facet normal 0 0 1
    outer loop
      vertex -30.5456 42.0424 60
      vertex -34.0915 46.923 60
      vertex -33.1056 40.0566 60
    endloop
  endfacet
  facet normal -0 0 1
    outer loop
      vertex -36.9706 44.6898 60
      vertex -33.1056 40.0566 60
      vertex -34.0915 46.923 60
    endloop
  endfacet
  facet normal 0 0 1
    outer loop
      vertex -33.1056 40.0566 60
      vertex -36.9706 44.6898 60
      vertex -33.1251 40.0414 60
    endloop
  endfacet
  facet normal 0 0 1
    outer loop
      vertex -33.1251 40.0414 60
      vertex -36.9706 44.6898 60
      vertex -35.5555 37.8988 60
    endloop
  endfacet
  facet normal -0 0 1
    outer loop
      vertex -39.7037 42.2802 60
      vertex -35.5555 37.8988 60
      vertex -36.9706 44.6898 60
    endloop
  endfacet
  facet normal 0 0 1
    outer loop
      vertex -35.5555 37.8988 60
      vertex -39.7037 42.2802 60
      vertex -35.574 37.8825 60
    endloop
  endfacet
  facet normal 0 0 1
    outer loop
      vertex -35.574 37.8825 60
      vertex -39.7037 42.2802 60
      vertex -37.8825 35.574 60
    endloop
  endfacet
  facet normal -0 0 1
    outer loop
      vertex -42.2802 39.7037 60
      vertex -37.8825 35.574 60
      vertex -39.7037 42.2802 60
    endloop
  endfacet
  facet normal 0 0 1
    outer loop
      vertex -37.8825 35.574 60
      vertex -42.2802 39.7037 60
      vertex -37.8988 35.5555 60
    endloop
  endfacet
  facet normal 0 0 1
    outer loop
      vertex -37.8988 35.5555 60
      vertex -42.2802 39.7037 60
      vertex -40.0414 33.1251 60
    endloop
  endfacet
  facet normal -0 0 1
    outer loop
      vertex -44.6898 36.9706 60
      vertex -40.0414 33.1251 60
      vertex -42.2802 39.7037 60
    endloop
  endfacet
  facet normal 0 0 1
    outer loop
      vertex -40.0414 33.1251 60
      vertex -44.6898 36.9706 60
      vertex -40.0566 33.1056 60
    endloop
  endfacet
  facet normal 0 0 1
    outer loop
      vertex -40.0566 33.1056 60
      vertex -44.6898 36.9706 60
      vertex -42.0424 30.5456 60
    endloop
  endfacet
  facet normal -0 0 1
    outer loop
      vertex -46.923 34.0915 60
      vertex -42.0424 30.5456 60
      vertex -44.6898 36.9706 60
    endloop
  endfacet
  facet normal 0 0 1
    outer loop
      vertex -42.0424 30.5456 60
      vertex -46.923 34.0915 60
      vertex -43.8635 27.8659 60
    endloop
  endfacet
  facet normal -0 0 1
    outer loop
      vertex -48.971 31.078 60
      vertex -43.8635 27.8659 60
      vertex -46.923 34.0915 60
    endloop
  endfacet
  facet normal 0 0 1
    outer loop
      vertex -43.8635 27.8659 60
      vertex -48.971 31.078 60
      vertex -43.8774 27.8454 60
    endloop
  endfacet
  facet normal 0 0 1
    outer loop
      vertex -43.8774 27.8454 60
      vertex -48.971 31.078 60
      vertex -43.8899 27.8242 60
    endloop
  endfacet
  facet normal 0 0 1
    outer loop
      vertex -43.8899 27.8242 60
      vertex -48.971 31.078 60
      vertex -45.5392 25.0354 60
    endloop
  endfacet
  facet normal -0 0 1
    outer loop
      vertex -50.8258 27.9417 60
      vertex -45.5392 25.0354 60
      vertex -48.971 31.078 60
    endloop
  endfacet
  facet normal 0 0 1
    outer loop
      vertex -45.5392 25.0354 60
      vertex -50.8258 27.9417 60
      vertex -47.0101 22.1486 60
    endloop
  endfacet
  facet normal -0 0 1
    outer loop
      vertex -52.48 24.6952 60
      vertex -47.0101 22.1486 60
      vertex -50.8258 27.9417 60
    endloop
  endfacet
  facet normal 0 0 1
    outer loop
      vertex -47.0101 22.1486 60
      vertex -52.48 24.6952 60
      vertex -47.0213 22.1266 60
    endloop
  endfacet
  facet normal 0 0 1
    outer loop
      vertex -47.0213 22.1266 60
      vertex -52.48 24.6952 60
      vertex -48.3081 19.1531 60
    endloop
  endfacet
  facet normal -0 0 1
    outer loop
      vertex -53.927 21.3512 60
      vertex -48.3081 19.1531 60
      vertex -52.48 24.6952 60
    endloop
  endfacet
  facet normal 0 0 1
    outer loop
      vertex -48.3081 19.1531 60
      vertex -53.927 21.3512 60
      vertex -48.3179 19.1304 60
    endloop
  endfacet
  facet normal 0 0 1
    outer loop
      vertex -48.3179 19.1304 60
      vertex -53.927 21.3512 60
      vertex -48.3263 19.1072 60
    endloop
  endfacet
  facet normal 0 0 1
    outer loop
      vertex -48.3263 19.1072 60
      vertex -53.927 21.3512 60
      vertex -49.4238 16.0588 60
    endloop
  endfacet
  facet normal -0 0 1
    outer loop
      vertex -55.1613 17.923 60
      vertex -49.4238 16.0588 60
      vertex -53.927 21.3512 60
    endloop
  endfacet
  facet normal 0 0 1
    outer loop
      vertex -49.4238 16.0588 60
      vertex -55.1613 17.923 60
      vertex -49.4307 16.035 60
    endloop
  endfacet
  facet normal 0 0 1
    outer loop
      vertex -49.4307 16.035 60
      vertex -55.1613 17.923 60
      vertex -50.3346 12.9237 60
    endloop
  endfacet
  facet normal -0 0 1
    outer loop
      vertex -56.1778 14.424 60
      vertex -50.3346 12.9237 60
      vertex -55.1613 17.923 60
    endloop
  endfacet
  facet normal 0 0 1
    outer loop
      vertex -50.3346 12.9237 60
      vertex -56.1778 14.424 60
      vertex -50.34 12.8996 60
    endloop
  endfacet
  facet normal 0 0 1
    outer loop
      vertex -50.34 12.8996 60
      vertex -56.1778 14.424 60
      vertex -51.0467 9.73768 60
    endloop
  endfacet
  facet normal -0 0 1
    outer loop
      vertex -57.5427 7.26933 60
      vertex -51.5536 6.53763 60
      vertex -56.9727 10.8681 60
    endloop
  endfacet
  facet normal 0 0 1
    outer loop
      vertex -51.0467 9.73768 60
      vertex -56.9727 10.8681 60
      vertex -51.5536 6.53763 60
    endloop
  endfacet
  facet normal -0 0 1
    outer loop
      vertex -56.9727 10.8681 60
      vertex -51.0467 9.73768 60
      vertex -56.1778 14.424 60
    endloop
  endfacet
  facet normal 0 0 1
    outer loop
      vertex 57.5427 -7.26933 60
      vertex 51.5536 -6.53763 60
      vertex 56.9727 -10.8681 60
    endloop
  endfacet
  facet normal -0 0 1
    outer loop
      vertex 51.0467 -9.73768 60
      vertex 56.9727 -10.8681 60
      vertex 51.5536 -6.53763 60
    endloop
  endfacet
  facet normal 0 0 1
    outer loop
      vertex 56.9727 -10.8681 60
      vertex 51.0467 -9.73768 60
      vertex 56.1778 -14.424 60
    endloop
  endfacet
  facet normal -0 0 1
    outer loop
      vertex 50.34 -12.8996 60
      vertex 56.1778 -14.424 60
      vertex 51.0467 -9.73768 60
    endloop
  endfacet
  facet normal -0 0 1
    outer loop
      vertex 50.3346 -12.9237 60
      vertex 56.1778 -14.424 60
      vertex 50.34 -12.8996 60
    endloop
  endfacet
  facet normal 0 0 1
    outer loop
      vertex 56.1778 -14.424 60
      vertex 50.3346 -12.9237 60
      vertex 55.1613 -17.923 60
    endloop
  endfacet
  facet normal -0 0 1
    outer loop
      vertex 49.4307 -16.035 60
      vertex 55.1613 -17.923 60
      vertex 50.3346 -12.9237 60
    endloop
  endfacet
  facet normal -0 0 1
    outer loop
      vertex 49.4238 -16.0588 60
      vertex 55.1613 -17.923 60
      vertex 49.4307 -16.035 60
    endloop
  endfacet
  facet normal 0 0 1
    outer loop
      vertex 55.1613 -17.923 60
      vertex 49.4238 -16.0588 60
      vertex 53.927 -21.3512 60
    endloop
  endfacet
  facet normal -0 0 1
    outer loop
      vertex 48.3263 -19.1072 60
      vertex 53.927 -21.3512 60
      vertex 49.4238 -16.0588 60
    endloop
  endfacet
  facet normal -0 0 1
    outer loop
      vertex 48.3179 -19.1304 60
      vertex 53.927 -21.3512 60
      vertex 48.3263 -19.1072 60
    endloop
  endfacet
  facet normal -0 0 1
    outer loop
      vertex 48.3081 -19.1531 60
      vertex 53.927 -21.3512 60
      vertex 48.3179 -19.1304 60
    endloop
  endfacet
  facet normal 0 0 1
    outer loop
      vertex 53.927 -21.3512 60
      vertex 48.3081 -19.1531 60
      vertex 52.48 -24.6952 60
    endloop
  endfacet
  facet normal -0 0 1
    outer loop
      vertex 47.0213 -22.1266 60
      vertex 52.48 -24.6952 60
      vertex 48.3081 -19.1531 60
    endloop
  endfacet
  facet normal -0 0 1
    outer loop
      vertex 47.0101 -22.1486 60
      vertex 52.48 -24.6952 60
      vertex 47.0213 -22.1266 60
    endloop
  endfacet
  facet normal 0 0 1
    outer loop
      vertex 52.48 -24.6952 60
      vertex 47.0101 -22.1486 60
      vertex 50.8258 -27.9417 60
    endloop
  endfacet
  facet normal -0 0 1
    outer loop
      vertex 45.5392 -25.0354 60
      vertex 50.8258 -27.9417 60
      vertex 47.0101 -22.1486 60
    endloop
  endfacet
  facet normal 0 0 1
    outer loop
      vertex 50.8258 -27.9417 60
      vertex 45.5392 -25.0354 60
      vertex 48.971 -31.078 60
    endloop
  endfacet
  facet normal -0 0 1
    outer loop
      vertex 43.8899 -27.8242 60
      vertex 48.971 -31.078 60
      vertex 45.5392 -25.0354 60
    endloop
  endfacet
  facet normal -0 0 1
    outer loop
      vertex 43.8774 -27.8454 60
      vertex 48.971 -31.078 60
      vertex 43.8899 -27.8242 60
    endloop
  endfacet
  facet normal -0 0 1
    outer loop
      vertex 43.8635 -27.8659 60
      vertex 48.971 -31.078 60
      vertex 43.8774 -27.8454 60
    endloop
  endfacet
  facet normal 0 0 1
    outer loop
      vertex 48.971 -31.078 60
      vertex 43.8635 -27.8659 60
      vertex 46.923 -34.0915 60
    endloop
  endfacet
  facet normal -0 0 1
    outer loop
      vertex 42.0424 -30.5456 60
      vertex 46.923 -34.0915 60
      vertex 43.8635 -27.8659 60
    endloop
  endfacet
  facet normal 0 0 1
    outer loop
      vertex 46.923 -34.0915 60
      vertex 42.0424 -30.5456 60
      vertex 44.6898 -36.9706 60
    endloop
  endfacet
  facet normal -0 0 1
    outer loop
      vertex 40.0566 -33.1056 60
      vertex 44.6898 -36.9706 60
      vertex 42.0424 -30.5456 60
    endloop
  endfacet
  facet normal -0 0 1
    outer loop
      vertex 40.0414 -33.1251 60
      vertex 44.6898 -36.9706 60
      vertex 40.0566 -33.1056 60
    endloop
  endfacet
  facet normal 0 0 1
    outer loop
      vertex 44.6898 -36.9706 60
      vertex 40.0414 -33.1251 60
      vertex 42.2802 -39.7037 60
    endloop
  endfacet
  facet normal -0 0 1
    outer loop
      vertex 37.8988 -35.5555 60
      vertex 42.2802 -39.7037 60
      vertex 40.0414 -33.1251 60
    endloop
  endfacet
  facet normal -0 0 1
    outer loop
      vertex 37.8825 -35.574 60
      vertex 42.2802 -39.7037 60
      vertex 37.8988 -35.5555 60
    endloop
  endfacet
  facet normal 0 0 1
    outer loop
      vertex 42.2802 -39.7037 60
      vertex 37.8825 -35.574 60
      vertex 39.7037 -42.2802 60
    endloop
  endfacet
  facet normal -0 0 1
    outer loop
      vertex 35.574 -37.8825 60
      vertex 39.7037 -42.2802 60
      vertex 37.8825 -35.574 60
    endloop
  endfacet
  facet normal -0 0 1
    outer loop
      vertex 35.5555 -37.8988 60
      vertex 39.7037 -42.2802 60
      vertex 35.574 -37.8825 60
    endloop
  endfacet
  facet normal 0 0 1
    outer loop
      vertex 39.7037 -42.2802 60
      vertex 35.5555 -37.8988 60
      vertex 36.9706 -44.6898 60
    endloop
  endfacet
  facet normal -0 0 1
    outer loop
      vertex 33.1251 -40.0414 60
      vertex 36.9706 -44.6898 60
      vertex 35.5555 -37.8988 60
    endloop
  endfacet
  facet normal -0 0 1
    outer loop
      vertex 33.1056 -40.0566 60
      vertex 36.9706 -44.6898 60
      vertex 33.1251 -40.0414 60
    endloop
  endfacet
  facet normal 0 0 1
    outer loop
      vertex 36.9706 -44.6898 60
      vertex 33.1056 -40.0566 60
      vertex 34.0915 -46.923 60
    endloop
  endfacet
  facet normal -0 0 1
    outer loop
      vertex 30.5456 -42.0424 60
      vertex 34.0915 -46.923 60
      vertex 33.1056 -40.0566 60
    endloop
  endfacet
  facet normal 0 0 1
    outer loop
      vertex 34.0915 -46.923 60
      vertex 30.5456 -42.0424 60
      vertex 31.078 -48.971 60
    endloop
  endfacet
  facet normal -0 0 1
    outer loop
      vertex 27.8659 -43.8635 60
      vertex 31.078 -48.971 60
      vertex 30.5456 -42.0424 60
    endloop
  endfacet
  facet normal -0 0 1
    outer loop
      vertex 27.8454 -43.8774 60
      vertex 31.078 -48.971 60
      vertex 27.8659 -43.8635 60
    endloop
  endfacet
  facet normal -0 0 1
    outer loop
      vertex 27.8242 -43.8899 60
      vertex 31.078 -48.971 60
      vertex 27.8454 -43.8774 60
    endloop
  endfacet
  facet normal 0 0 1
    outer loop
      vertex 31.078 -48.971 60
      vertex 27.8242 -43.8899 60
      vertex 27.9417 -50.8258 60
    endloop
  endfacet
  facet normal -0 0 1
    outer loop
      vertex 25.0354 -45.5392 60
      vertex 27.9417 -50.8258 60
      vertex 27.8242 -43.8899 60
    endloop
  endfacet
  facet normal 0 0 1
    outer loop
      vertex 25.0354 -45.5392 60
      vertex 24.6952 -52.48 60
      vertex 27.9417 -50.8258 60
    endloop
  endfacet
  facet normal -0 0 1
    outer loop
      vertex 22.1486 -47.0101 60
      vertex 24.6952 -52.48 60
      vertex 25.0354 -45.5392 60
    endloop
  endfacet
  facet normal -0 0 1
    outer loop
      vertex 22.1266 -47.0213 60
      vertex 24.6952 -52.48 60
      vertex 22.1486 -47.0101 60
    endloop
  endfacet
  facet normal 0 0 1
    outer loop
      vertex 22.1266 -47.0213 60
      vertex 21.3512 -53.927 60
      vertex 24.6952 -52.48 60
    endloop
  endfacet
  facet normal -0 0 1
    outer loop
      vertex 19.1531 -48.3081 60
      vertex 21.3512 -53.927 60
      vertex 22.1266 -47.0213 60
    endloop
  endfacet
  facet normal -0 0 1
    outer loop
      vertex 19.1304 -48.3179 60
      vertex 21.3512 -53.927 60
      vertex 19.1531 -48.3081 60
    endloop
  endfacet
  facet normal -0 0 1
    outer loop
      vertex 19.1072 -48.3263 60
      vertex 21.3512 -53.927 60
      vertex 19.1304 -48.3179 60
    endloop
  endfacet
  facet normal 0 0 1
    outer loop
      vertex 19.1072 -48.3263 60
      vertex 17.923 -55.1613 60
      vertex 21.3512 -53.927 60
    endloop
  endfacet
  facet normal -0 0 1
    outer loop
      vertex 16.0588 -49.4238 60
      vertex 17.923 -55.1613 60
      vertex 19.1072 -48.3263 60
    endloop
  endfacet
  facet normal -0 0 1
    outer loop
      vertex 16.035 -49.4307 60
      vertex 17.923 -55.1613 60
      vertex 16.0588 -49.4238 60
    endloop
  endfacet
  facet normal 0 0 1
    outer loop
      vertex 16.035 -49.4307 60
      vertex 14.424 -56.1778 60
      vertex 17.923 -55.1613 60
    endloop
  endfacet
  facet normal -0 0 1
    outer loop
      vertex 12.9237 -50.3346 60
      vertex 14.424 -56.1778 60
      vertex 16.035 -49.4307 60
    endloop
  endfacet
  facet normal -0 0 1
    outer loop
      vertex 12.8996 -50.34 60
      vertex 14.424 -56.1778 60
      vertex 12.9237 -50.3346 60
    endloop
  endfacet
  facet normal 0 0 1
    outer loop
      vertex 12.8996 -50.34 60
      vertex 10.8681 -56.9727 60
      vertex 14.424 -56.1778 60
    endloop
  endfacet
  facet normal -0 0 1
    outer loop
      vertex 9.73768 -51.0467 60
      vertex 10.8681 -56.9727 60
      vertex 12.8996 -50.34 60
    endloop
  endfacet
  facet normal 0 0 1
    outer loop
      vertex 9.73768 -51.0467 60
      vertex 7.26933 -57.5427 60
      vertex 10.8681 -56.9727 60
    endloop
  endfacet
  facet normal -0 0 1
    outer loop
      vertex 6.53763 -51.5536 60
      vertex 7.26933 -57.5427 60
      vertex 9.73768 -51.0467 60
    endloop
  endfacet
  facet normal -0 0 1
    outer loop
      vertex 6.51322 -51.5574 60
      vertex 7.26933 -57.5427 60
      vertex 6.53763 -51.5536 60
    endloop
  endfacet
  facet normal 0 0 1
    outer loop
      vertex 6.51322 -51.5574 60
      vertex 3.64185 -57.8856 60
      vertex 7.26933 -57.5427 60
    endloop
  endfacet
  facet normal -0 0 1
    outer loop
      vertex 3.28765 -51.8623 60
      vertex 3.64185 -57.8856 60
      vertex 6.51322 -51.5574 60
    endloop
  endfacet
  facet normal -0 0 1
    outer loop
      vertex 3.26305 -51.8647 60
      vertex 3.64185 -57.8856 60
      vertex 3.28765 -51.8623 60
    endloop
  endfacet
  facet normal -0 0 1
    outer loop
      vertex 3.23834 -51.8654 60
      vertex 3.64185 -57.8856 60
      vertex 3.26305 -51.8647 60
    endloop
  endfacet
  facet normal -0 0 1
    outer loop
      vertex 0 -51.9672 60
      vertex 3.64185 -57.8856 60
      vertex 3.23834 -51.8654 60
    endloop
  endfacet
  facet normal 0 0 1
    outer loop
      vertex 0 -51.9672 60
      vertex 0 -58 60
      vertex 3.64185 -57.8856 60
    endloop
  endfacet
  facet normal 0 0 1
    outer loop
      vertex -3.23834 -51.8654 60
      vertex 0 -58 60
      vertex 0 -51.9672 60
    endloop
  endfacet
  facet normal 0 0 1
    outer loop
      vertex -3.64185 -57.8856 60
      vertex -3.23834 -51.8654 60
      vertex -3.26305 -51.8647 60
    endloop
  endfacet
  facet normal 0 0 1
    outer loop
      vertex -3.64185 -57.8856 60
      vertex -3.26305 -51.8647 60
      vertex -3.28765 -51.8623 60
    endloop
  endfacet
  facet normal 0 0 1
    outer loop
      vertex -3.23834 -51.8654 60
      vertex -3.64185 -57.8856 60
      vertex 0 -58 60
    endloop
  endfacet
  facet normal 0 0 1
    outer loop
      vertex -6.51322 -51.5574 60
      vertex -3.64185 -57.8856 60
      vertex -3.28765 -51.8623 60
    endloop
  endfacet
  facet normal 0 0 1
    outer loop
      vertex -7.26933 -57.5427 60
      vertex -6.51322 -51.5574 60
      vertex -6.53763 -51.5536 60
    endloop
  endfacet
  facet normal 0 0 1
    outer loop
      vertex -6.51322 -51.5574 60
      vertex -7.26933 -57.5427 60
      vertex -3.64185 -57.8856 60
    endloop
  endfacet
  facet normal 0 0 1
    outer loop
      vertex -9.73768 -51.0467 60
      vertex -7.26933 -57.5427 60
      vertex -6.53763 -51.5536 60
    endloop
  endfacet
  facet normal 0 0 1
    outer loop
      vertex -9.73768 -51.0467 60
      vertex -10.8681 -56.9727 60
      vertex -7.26933 -57.5427 60
    endloop
  endfacet
  facet normal 0 0 1
    outer loop
      vertex -12.8996 -50.34 60
      vertex -10.8681 -56.9727 60
      vertex -9.73768 -51.0467 60
    endloop
  endfacet
  facet normal 0 0 1
    outer loop
      vertex -14.424 -56.1778 60
      vertex -12.8996 -50.34 60
      vertex -12.9237 -50.3346 60
    endloop
  endfacet
  facet normal 0 0 1
    outer loop
      vertex -12.8996 -50.34 60
      vertex -14.424 -56.1778 60
      vertex -10.8681 -56.9727 60
    endloop
  endfacet
  facet normal 0 0 1
    outer loop
      vertex -16.035 -49.4307 60
      vertex -14.424 -56.1778 60
      vertex -12.9237 -50.3346 60
    endloop
  endfacet
  facet normal 0 0 1
    outer loop
      vertex -17.923 -55.1613 60
      vertex -16.035 -49.4307 60
      vertex -16.0588 -49.4238 60
    endloop
  endfacet
  facet normal 0 0 1
    outer loop
      vertex -16.035 -49.4307 60
      vertex -17.923 -55.1613 60
      vertex -14.424 -56.1778 60
    endloop
  endfacet
  facet normal 0 0 1
    outer loop
      vertex -19.1072 -48.3263 60
      vertex -17.923 -55.1613 60
      vertex -16.0588 -49.4238 60
    endloop
  endfacet
  facet normal 0 0 1
    outer loop
      vertex -21.3512 -53.927 60
      vertex -19.1072 -48.3263 60
      vertex -19.1304 -48.3179 60
    endloop
  endfacet
  facet normal 0 0 1
    outer loop
      vertex -21.3512 -53.927 60
      vertex -19.1304 -48.3179 60
      vertex -19.1531 -48.3081 60
    endloop
  endfacet
  facet normal 0 0 1
    outer loop
      vertex -19.1072 -48.3263 60
      vertex -21.3512 -53.927 60
      vertex -17.923 -55.1613 60
    endloop
  endfacet
  facet normal 0 0 1
    outer loop
      vertex -22.1266 -47.0213 60
      vertex -21.3512 -53.927 60
      vertex -19.1531 -48.3081 60
    endloop
  endfacet
  facet normal 0 0 1
    outer loop
      vertex -24.6952 -52.48 60
      vertex -22.1266 -47.0213 60
      vertex -22.1486 -47.0101 60
    endloop
  endfacet
  facet normal 0 0 1
    outer loop
      vertex -22.1266 -47.0213 60
      vertex -24.6952 -52.48 60
      vertex -21.3512 -53.927 60
    endloop
  endfacet
  facet normal 0 0 1
    outer loop
      vertex -25.0354 -45.5392 60
      vertex -24.6952 -52.48 60
      vertex -22.1486 -47.0101 60
    endloop
  endfacet
  facet normal 0 0 1
    outer loop
      vertex -27.9417 -50.8258 60
      vertex -25.0354 -45.5392 60
      vertex -27.8242 -43.8899 60
    endloop
  endfacet
  facet normal 0 0 1
    outer loop
      vertex -31.078 -48.971 60
      vertex -27.8242 -43.8899 60
      vertex -27.8454 -43.8774 60
    endloop
  endfacet
  facet normal 0 0 1
    outer loop
      vertex -31.078 -48.971 60
      vertex -27.8454 -43.8774 60
      vertex -27.8659 -43.8635 60
    endloop
  endfacet
  facet normal 0 0 1
    outer loop
      vertex -25.0354 -45.5392 60
      vertex -27.9417 -50.8258 60
      vertex -24.6952 -52.48 60
    endloop
  endfacet
  facet normal 0 0 1
    outer loop
      vertex -31.078 -48.971 60
      vertex -27.8659 -43.8635 60
      vertex -30.5456 -42.0424 60
    endloop
  endfacet
  facet normal 0 0 1
    outer loop
      vertex -27.8242 -43.8899 60
      vertex -31.078 -48.971 60
      vertex -27.9417 -50.8258 60
    endloop
  endfacet
  facet normal 0 0 1
    outer loop
      vertex -34.0915 -46.923 60
      vertex -30.5456 -42.0424 60
      vertex -33.1056 -40.0566 60
    endloop
  endfacet
  facet normal 0 0 1
    outer loop
      vertex -36.9706 -44.6898 60
      vertex -33.1056 -40.0566 60
      vertex -33.1251 -40.0414 60
    endloop
  endfacet
  facet normal 0 0 1
    outer loop
      vertex -30.5456 -42.0424 60
      vertex -34.0915 -46.923 60
      vertex -31.078 -48.971 60
    endloop
  endfacet
  facet normal 0 0 1
    outer loop
      vertex -36.9706 -44.6898 60
      vertex -33.1251 -40.0414 60
      vertex -35.5555 -37.8988 60
    endloop
  endfacet
  facet normal 0 0 1
    outer loop
      vertex -39.7037 -42.2802 60
      vertex -35.5555 -37.8988 60
      vertex -35.574 -37.8825 60
    endloop
  endfacet
  facet normal 0 0 1
    outer loop
      vertex -33.1056 -40.0566 60
      vertex -36.9706 -44.6898 60
      vertex -34.0915 -46.923 60
    endloop
  endfacet
  facet normal 0 0 1
    outer loop
      vertex -39.7037 -42.2802 60
      vertex -35.574 -37.8825 60
      vertex -37.8825 -35.574 60
    endloop
  endfacet
  facet normal 0 0 1
    outer loop
      vertex -42.2802 -39.7037 60
      vertex -37.8825 -35.574 60
      vertex -37.8988 -35.5555 60
    endloop
  endfacet
  facet normal 0 0 1
    outer loop
      vertex -35.5555 -37.8988 60
      vertex -39.7037 -42.2802 60
      vertex -36.9706 -44.6898 60
    endloop
  endfacet
  facet normal 0 0 1
    outer loop
      vertex -42.2802 -39.7037 60
      vertex -37.8988 -35.5555 60
      vertex -40.0414 -33.1251 60
    endloop
  endfacet
  facet normal 0 0 1
    outer loop
      vertex -44.6898 -36.9706 60
      vertex -40.0414 -33.1251 60
      vertex -40.0566 -33.1056 60
    endloop
  endfacet
  facet normal 0 0 1
    outer loop
      vertex -44.6898 -36.9706 60
      vertex -40.0566 -33.1056 60
      vertex -42.0424 -30.5456 60
    endloop
  endfacet
  facet normal 0 0 1
    outer loop
      vertex -37.8825 -35.574 60
      vertex -42.2802 -39.7037 60
      vertex -39.7037 -42.2802 60
    endloop
  endfacet
  facet normal 0 0 1
    outer loop
      vertex -46.923 -34.0915 60
      vertex -42.0424 -30.5456 60
      vertex -43.8635 -27.8659 60
    endloop
  endfacet
  facet normal 0 0 1
    outer loop
      vertex -48.971 -31.078 60
      vertex -43.8635 -27.8659 60
      vertex -43.8774 -27.8454 60
    endloop
  endfacet
  facet normal 0 0 1
    outer loop
      vertex -48.971 -31.078 60
      vertex -43.8774 -27.8454 60
      vertex -43.8899 -27.8242 60
    endloop
  endfacet
  facet normal 0 0 1
    outer loop
      vertex -40.0414 -33.1251 60
      vertex -44.6898 -36.9706 60
      vertex -42.2802 -39.7037 60
    endloop
  endfacet
  facet normal 0 0 1
    outer loop
      vertex -48.971 -31.078 60
      vertex -43.8899 -27.8242 60
      vertex -45.5392 -25.0354 60
    endloop
  endfacet
  facet normal 0 0 1
    outer loop
      vertex -42.0424 -30.5456 60
      vertex -46.923 -34.0915 60
      vertex -44.6898 -36.9706 60
    endloop
  endfacet
  facet normal 0 0 1
    outer loop
      vertex -50.8258 -27.9417 60
      vertex -45.5392 -25.0354 60
      vertex -47.0101 -22.1486 60
    endloop
  endfacet
  facet normal 0 0 1
    outer loop
      vertex -52.48 -24.6952 60
      vertex -47.0101 -22.1486 60
      vertex -47.0213 -22.1266 60
    endloop
  endfacet
  facet normal 0 0 1
    outer loop
      vertex -52.48 -24.6952 60
      vertex -47.0213 -22.1266 60
      vertex -48.3081 -19.1531 60
    endloop
  endfacet
  facet normal 0 0 1
    outer loop
      vertex -53.927 -21.3512 60
      vertex -48.3081 -19.1531 60
      vertex -48.3179 -19.1304 60
    endloop
  endfacet
  facet normal 0 0 1
    outer loop
      vertex -53.927 -21.3512 60
      vertex -48.3179 -19.1304 60
      vertex -48.3263 -19.1072 60
    endloop
  endfacet
  facet normal 0 0 1
    outer loop
      vertex -43.8635 -27.8659 60
      vertex -48.971 -31.078 60
      vertex -46.923 -34.0915 60
    endloop
  endfacet
  facet normal 0 0 1
    outer loop
      vertex -53.927 -21.3512 60
      vertex -48.3263 -19.1072 60
      vertex -49.4238 -16.0588 60
    endloop
  endfacet
  facet normal 0 0 1
    outer loop
      vertex -55.1613 -17.923 60
      vertex -49.4238 -16.0588 60
      vertex -49.4307 -16.035 60
    endloop
  endfacet
  facet normal 0 0 1
    outer loop
      vertex -55.1613 -17.923 60
      vertex -49.4307 -16.035 60
      vertex -50.3346 -12.9237 60
    endloop
  endfacet
  facet normal 0 0 1
    outer loop
      vertex -56.1778 -14.424 60
      vertex -50.3346 -12.9237 60
      vertex -50.34 -12.8996 60
    endloop
  endfacet
  facet normal 0 0 1
    outer loop
      vertex -45.5392 -25.0354 60
      vertex -50.8258 -27.9417 60
      vertex -48.971 -31.078 60
    endloop
  endfacet
  facet normal 0 0 1
    outer loop
      vertex -56.1778 -14.424 60
      vertex -50.34 -12.8996 60
      vertex -51.0467 -9.73768 60
    endloop
  endfacet
  facet normal 0 0 1
    outer loop
      vertex -56.9727 -10.8681 60
      vertex -51.0467 -9.73768 60
      vertex -51.5536 -6.53763 60
    endloop
  endfacet
  facet normal 0 0 1
    outer loop
      vertex -57.5427 -7.26933 60
      vertex -51.5536 -6.53763 60
      vertex -51.5574 -6.51322 60
    endloop
  endfacet
  facet normal 0 0 1
    outer loop
      vertex -57.5427 -7.26933 60
      vertex -51.5574 -6.51322 60
      vertex -51.8623 -3.28765 60
    endloop
  endfacet
  facet normal 0 0 1
    outer loop
      vertex -57.8856 -3.64185 60
      vertex -51.8623 -3.28765 60
      vertex -51.8647 -3.26305 60
    endloop
  endfacet
  facet normal 0 0 1
    outer loop
      vertex -47.0101 -22.1486 60
      vertex -52.48 -24.6952 60
      vertex -50.8258 -27.9417 60
    endloop
  endfacet
  facet normal 0 0 1
    outer loop
      vertex -57.8856 -3.64185 60
      vertex -51.8647 -3.26305 60
      vertex -51.8654 -3.23834 60
    endloop
  endfacet
  facet normal 0 0 1
    outer loop
      vertex -57.8856 -3.64185 60
      vertex -51.8654 -3.23834 60
      vertex -51.9672 0 60
    endloop
  endfacet
  facet normal 0 0 1
    outer loop
      vertex -51.5536 6.53763 60
      vertex -57.5427 7.26933 60
      vertex -51.5574 6.51322 60
    endloop
  endfacet
  facet normal 0 0 1
    outer loop
      vertex -51.5574 6.51322 60
      vertex -57.5427 7.26933 60
      vertex -51.8623 3.28765 60
    endloop
  endfacet
  facet normal 0 0 1
    outer loop
      vertex -48.3081 -19.1531 60
      vertex -53.927 -21.3512 60
      vertex -52.48 -24.6952 60
    endloop
  endfacet
  facet normal -0 0 1
    outer loop
      vertex -57.8856 3.64185 60
      vertex -51.8623 3.28765 60
      vertex -57.5427 7.26933 60
    endloop
  endfacet
  facet normal 0 0 1
    outer loop
      vertex -49.4238 -16.0588 60
      vertex -55.1613 -17.923 60
      vertex -53.927 -21.3512 60
    endloop
  endfacet
  facet normal 0 0 1
    outer loop
      vertex -51.8623 3.28765 60
      vertex -57.8856 3.64185 60
      vertex -51.8647 3.26305 60
    endloop
  endfacet
  facet normal 0 0 1
    outer loop
      vertex -50.3346 -12.9237 60
      vertex -56.1778 -14.424 60
      vertex -55.1613 -17.923 60
    endloop
  endfacet
  facet normal 0 0 1
    outer loop
      vertex -51.8647 3.26305 60
      vertex -57.8856 3.64185 60
      vertex -51.8654 3.23834 60
    endloop
  endfacet
  facet normal 0 0 1
    outer loop
      vertex -51.0467 -9.73768 60
      vertex -56.9727 -10.8681 60
      vertex -56.1778 -14.424 60
    endloop
  endfacet
  facet normal 0 0 1
    outer loop
      vertex -51.8654 3.23834 60
      vertex -57.8856 3.64185 60
      vertex -51.9672 0 60
    endloop
  endfacet
  facet normal 0 0 1
    outer loop
      vertex -51.5536 -6.53763 60
      vertex -57.5427 -7.26933 60
      vertex -56.9727 -10.8681 60
    endloop
  endfacet
  facet normal 0 0 1
    outer loop
      vertex -58 0 60
      vertex -51.9672 0 60
      vertex -57.8856 3.64185 60
    endloop
  endfacet
  facet normal 0 0 1
    outer loop
      vertex -51.8623 -3.28765 60
      vertex -57.8856 -3.64185 60
      vertex -57.5427 -7.26933 60
    endloop
  endfacet
  facet normal 0 0 1
    outer loop
      vertex -51.9672 0 60
      vertex -58 0 60
      vertex -57.8856 -3.64185 60
    endloop
  endfacet
  facet normal 0.661319 -0.750105 0
    outer loop
      vertex 36.9706 -44.6898 -60
      vertex 39.7037 -42.2802 60
      vertex 36.9706 -44.6898 60
    endloop
  endfacet
  facet normal 0.661319 -0.750105 0
    outer loop
      vertex 39.7037 -42.2802 60
      vertex 36.9706 -44.6898 -60
      vertex 39.7037 -42.2802 -60
    endloop
  endfacet
  facet normal 0.707107 -0.707107 0
    outer loop
      vertex 39.7037 -42.2802 60
      vertex 42.2802 -39.7037 -60
      vertex 42.2802 -39.7037 60
    endloop
  endfacet
  facet normal 0.707107 -0.707107 0
    outer loop
      vertex 42.2802 -39.7037 -60
      vertex 39.7037 -42.2802 60
      vertex 39.7037 -42.2802 -60
    endloop
  endfacet
  facet normal -0.995562 0.0941089 0
    outer loop
      vertex -57.8856 3.64185 -60
      vertex -57.5427 7.26933 60
      vertex -57.5427 7.26933 -60
    endloop
  endfacet
  facet normal -0.995562 0.0941089 0
    outer loop
      vertex -57.5427 7.26933 60
      vertex -57.8856 3.64185 -60
      vertex -57.8856 3.64185 60
    endloop
  endfacet
  facet normal -0.39713 -0.917762 0
    outer loop
      vertex -24.6952 -52.48 -60
      vertex -21.3512 -53.927 60
      vertex -24.6952 -52.48 60
    endloop
  endfacet
  facet normal -0.39713 -0.917762 -0
    outer loop
      vertex -21.3512 -53.927 60
      vertex -24.6952 -52.48 -60
      vertex -21.3512 -53.927 -60
    endloop
  endfacet
  facet normal -0.338755 -0.940874 0
    outer loop
      vertex -21.3512 -53.927 -60
      vertex -17.923 -55.1613 60
      vertex -21.3512 -53.927 60
    endloop
  endfacet
  facet normal -0.338755 -0.940874 -0
    outer loop
      vertex -17.923 -55.1613 60
      vertex -21.3512 -53.927 -60
      vertex -17.923 -55.1613 -60
    endloop
  endfacet
  facet normal 0.338755 -0.940874 0
    outer loop
      vertex 17.923 -55.1613 -60
      vertex 21.3512 -53.927 60
      vertex 17.923 -55.1613 60
    endloop
  endfacet
  facet normal 0.338755 -0.940874 0
    outer loop
      vertex 21.3512 -53.927 60
      vertex 17.923 -55.1613 -60
      vertex 21.3512 -53.927 -60
    endloop
  endfacet
  facet normal -0.453996 -0.891004 0
    outer loop
      vertex -27.9417 -50.8258 -60
      vertex -24.6952 -52.48 60
      vertex -27.9417 -50.8258 60
    endloop
  endfacet
  facet normal -0.453996 -0.891004 -0
    outer loop
      vertex -24.6952 -52.48 60
      vertex -27.9417 -50.8258 -60
      vertex -24.6952 -52.48 -60
    endloop
  endfacet
  facet normal 0.218159 0.975913 -0
    outer loop
      vertex 14.424 56.1778 -60
      vertex 10.8681 56.9727 60
      vertex 14.424 56.1778 60
    endloop
  endfacet
  facet normal 0.218159 0.975913 0
    outer loop
      vertex 10.8681 56.9727 60
      vertex 14.424 56.1778 -60
      vertex 10.8681 56.9727 -60
    endloop
  endfacet
  facet normal 0.891698 -0.451445 0.0327498
    outer loop
      vertex -45.5392 25.0354 60
      vertex -42.1036 23.1161 -60
      vertex -42.0915 23.14 -60
    endloop
  endfacet
  facet normal 0.890528 -0.453747 0.0327531
    outer loop
      vertex -42.1036 23.1161 -60
      vertex -45.5392 25.0354 60
      vertex -47.0101 22.1486 60
    endloop
  endfacet
  facet normal -0.61445 0.788275 0.0327548
    outer loop
      vertex 30.6173 -37.0099 -60
      vertex 33.1056 -40.0566 60
      vertex 33.1251 -40.0414 60
    endloop
  endfacet
  facet normal -0.61256 0.789745 0.0327529
    outer loop
      vertex 33.1056 -40.0566 60
      vertex 30.6173 -37.0099 -60
      vertex 28.2541 -38.8429 -60
    endloop
  endfacet
  facet normal -0.987096 0.156741 0.0327532
    outer loop
      vertex 51.0467 -9.73768 60
      vertex 47.1862 -8.974 -60
      vertex 47.182 -9.00045 -60
    endloop
  endfacet
  facet normal -0.987155 0.156369 0.0327527
    outer loop
      vertex 47.1862 -8.974 -60
      vertex 51.0467 -9.73768 60
      vertex 51.5536 -6.53763 60
    endloop
  endfacet
  facet normal -0.998899 -0.0335912 0.0327506
    outer loop
      vertex 51.9672 0 60
      vertex 48.0319 0.0267632 -60
      vertex 48.0328 0 -60
    endloop
  endfacet
  facet normal -0.99897 -0.0314035 0.0327534
    outer loop
      vertex 48.0319 0.0267632 -60
      vertex 51.9672 0 60
      vertex 51.8654 3.23834 60
    endloop
  endfacet
  facet normal -0.999063 -0.0283021 0.0327501
    outer loop
      vertex 47.938 3.016 -60
      vertex 51.8654 3.23834 60
      vertex 51.8647 3.26305 60
    endloop
  endfacet
  facet normal -0.998971 -0.0313804 0.0327528
    outer loop
      vertex 51.8654 3.23834 60
      vertex 47.938 3.016 -60
      vertex 48.0319 0.0267632 -60
    endloop
  endfacet
  facet normal -0.940375 -0.338558 0.0327539
    outer loop
      vertex 45.6728 14.8681 -60
      vertex 49.4238 16.0588 60
      vertex 48.3263 19.1072 60
    endloop
  endfacet
  facet normal -0.940049 -0.339462 0.0327527
    outer loop
      vertex 49.4238 16.0588 60
      vertex 45.6728 14.8681 -60
      vertex 45.6819 14.8429 -60
    endloop
  endfacet
  facet normal 0.396146 0.917603 0.0327538
    outer loop
      vertex -17.682 -44.6598 -60
      vertex -19.1531 -48.3081 60
      vertex -19.1304 -48.3179 60
    endloop
  endfacet
  facet normal 0.39694 0.91726 0.0327531
    outer loop
      vertex -19.1531 -48.3081 60
      vertex -17.682 -44.6598 -60
      vertex -20.4268 -43.472 -60
    endloop
  endfacet
  facet normal -0.156334 0.987161 0.0327537
    outer loop
      vertex 6.0201 -47.654 -60
      vertex 6.53763 -51.5536 60
      vertex 8.974 -47.1862 -60
    endloop
  endfacet
  facet normal -0.153739 0.987568 0.0327557
    outer loop
      vertex 6.53763 -51.5536 60
      vertex 6.0201 -47.654 -60
      vertex 6.51322 -51.5574 60
    endloop
  endfacet
  facet normal -0.45344 -0.890685 0.0327529
    outer loop
      vertex 20.4514 43.4614 -60
      vertex 22.1486 47.0101 60
      vertex 22.1266 47.0213 60
    endloop
  endfacet
  facet normal -0.453765 -0.890519 0.0327526
    outer loop
      vertex 22.1486 47.0101 60
      vertex 20.4514 43.4614 -60
      vertex 23.1161 42.1036 -60
    endloop
  endfacet
  facet normal -0.78913 0.613352 0.0327527
    outer loop
      vertex 38.8429 -28.2541 -60
      vertex 42.0424 -30.5456 60
      vertex 38.8593 -28.233 -60
    endloop
  endfacet
  facet normal -0.789722 0.61259 0.0327539
    outer loop
      vertex 42.0424 -30.5456 60
      vertex 38.8429 -28.2541 -60
      vertex 40.0566 -33.1056 60
    endloop
  endfacet
  facet normal -0.940049 0.339462 0.0327527
    outer loop
      vertex 45.6728 -14.8681 -60
      vertex 49.4238 -16.0588 60
      vertex 45.6819 -14.8429 -60
    endloop
  endfacet
  facet normal -0.940375 0.338558 0.0327539
    outer loop
      vertex 49.4238 -16.0588 60
      vertex 45.6728 -14.8681 -60
      vertex 48.3263 -19.1072 60
    endloop
  endfacet
  facet normal -0.453747 -0.890528 0.0327531
    outer loop
      vertex 23.1161 42.1036 -60
      vertex 25.0354 45.5392 60
      vertex 22.1486 47.0101 60
    endloop
  endfacet
  facet normal -0.451445 -0.891698 0.0327498
    outer loop
      vertex 25.0354 45.5392 60
      vertex 23.1161 42.1036 -60
      vertex 23.14 42.0915 -60
    endloop
  endfacet
  facet normal -0.218005 0.975398 0.0327525
    outer loop
      vertex 9.02658 -47.1762 -60
      vertex 9.73768 -51.0467 60
      vertex 12.8996 -50.34 60
    endloop
  endfacet
  facet normal -0.216577 0.975716 0.0327543
    outer loop
      vertex 9.73768 -51.0467 60
      vertex 9.02658 -47.1762 -60
      vertex 9.00045 -47.182 -60
    endloop
  endfacet
  facet normal -0.660942 0.749722 0.0327529
    outer loop
      vertex 30.6373 -36.9922 -60
      vertex 33.1251 -40.0414 60
      vertex 35.5555 -37.8988 60
    endloop
  endfacet
  facet normal -0.66238 0.748452 0.0327504
    outer loop
      vertex 33.1251 -40.0414 60
      vertex 30.6373 -36.9922 -60
      vertex 30.6173 -37.0099 -60
    endloop
  endfacet
  facet normal 0.706727 -0.706727 0.0327533
    outer loop
      vertex -37.8825 35.574 60
      vertex -32.8807 35.0144 -60
      vertex -35.574 37.8825 60
    endloop
  endfacet
  facet normal 0.706727 -0.706727 0.0327533
    outer loop
      vertex -32.8807 35.0144 -60
      vertex -37.8825 35.574 60
      vertex -35.0144 32.8807 -60
    endloop
  endfacet
  facet normal 0.561777 -0.82664 0.0327537
    outer loop
      vertex -28.233 38.8593 -60
      vertex -27.8659 43.8635 60
      vertex -30.5456 42.0424 60
    endloop
  endfacet
  facet normal 0.56211 -0.826414 0.0327432
    outer loop
      vertex -27.8659 43.8635 60
      vertex -28.233 38.8593 -60
      vertex -28.2108 38.8744 -60
    endloop
  endfacet
  facet normal -0.338558 0.940375 0.0327539
    outer loop
      vertex 14.8681 -45.6728 -60
      vertex 16.0588 -49.4238 60
      vertex 19.1072 -48.3263 60
    endloop
  endfacet
  facet normal -0.339462 0.940049 0.0327527
    outer loop
      vertex 16.0588 -49.4238 60
      vertex 14.8681 -45.6728 -60
      vertex 14.8429 -45.6819 -60
    endloop
  endfacet
  facet normal -0.975716 0.216577 0.0327543
    outer loop
      vertex 47.1762 -9.02658 -60
      vertex 51.0467 -9.73768 60
      vertex 47.182 -9.00045 -60
    endloop
  endfacet
  facet normal -0.975398 0.218005 0.0327525
    outer loop
      vertex 51.0467 -9.73768 60
      vertex 47.1762 -9.02658 -60
      vertex 50.34 -12.8996 60
    endloop
  endfacet
  facet normal 0.0314035 -0.99897 0.0327534
    outer loop
      vertex -0.0267632 48.0319 -60
      vertex 0 51.9672 60
      vertex -3.23834 51.8654 60
    endloop
  endfacet
  facet normal 0.0335912 -0.998899 0.0327506
    outer loop
      vertex 0 51.9672 60
      vertex -0.0267632 48.0319 -60
      vertex 0 48.0328 -60
    endloop
  endfacet
  facet normal -0.396948 0.917256 0.0327526
    outer loop
      vertex 20.4514 -43.4614 -60
      vertex 19.1531 -48.3081 60
      vertex 22.1266 -47.0213 60
    endloop
  endfacet
  facet normal -0.395508 0.917877 0.0327932
    outer loop
      vertex 19.1531 -48.3081 60
      vertex 20.4514 -43.4614 -60
      vertex 20.4268 -43.472 -60
    endloop
  endfacet
  facet normal -0.917877 0.395508 0.0327932
    outer loop
      vertex 43.4614 -20.4514 -60
      vertex 48.3081 -19.1531 60
      vertex 43.472 -20.4268 -60
    endloop
  endfacet
  facet normal -0.917256 0.396948 0.0327526
    outer loop
      vertex 48.3081 -19.1531 60
      vertex 43.4614 -20.4514 -60
      vertex 47.0213 -22.1266 60
    endloop
  endfacet
  facet normal -0.396146 0.917603 0.0327754
    outer loop
      vertex 20.4268 -43.472 -60
      vertex 19.1304 -48.3179 60
      vertex 19.1531 -48.3081 60
    endloop
  endfacet
  facet normal -0.39694 0.91726 0.032753
    outer loop
      vertex 19.1304 -48.3179 60
      vertex 20.4268 -43.472 -60
      vertex 17.682 -44.6598 -60
    endloop
  endfacet
  facet normal -0.453439 0.890685 0.032762
    outer loop
      vertex 23.1161 -42.1036 -60
      vertex 22.1266 -47.0213 60
      vertex 22.1486 -47.0101 60
    endloop
  endfacet
  facet normal -0.453765 0.890519 0.0327526
    outer loop
      vertex 22.1266 -47.0213 60
      vertex 23.1161 -42.1036 -60
      vertex 20.4514 -43.4614 -60
    endloop
  endfacet
  facet normal -0.858676 0.511472 0.0327492
    outer loop
      vertex 42.0778 -23.163 -60
      vertex 45.5392 -25.0354 60
      vertex 42.0915 -23.14 -60
    endloop
  endfacet
  facet normal -0.860279 0.50877 0.0327533
    outer loop
      vertex 45.5392 -25.0354 60
      vertex 42.0778 -23.163 -60
      vertex 43.8899 -27.8242 60
    endloop
  endfacet
  facet normal 0.156369 0.987155 0.0327527
    outer loop
      vertex -8.974 -47.1862 -60
      vertex -9.73768 -51.0467 60
      vertex -6.53763 -51.5536 60
    endloop
  endfacet
  facet normal 0.156741 0.987096 0.0327532
    outer loop
      vertex -9.73768 -51.0467 60
      vertex -8.974 -47.1862 -60
      vertex -9.00045 -47.182 -60
    endloop
  endfacet
  facet normal -0.276547 -0.960442 0.032756
    outer loop
      vertex 11.971 46.5163 -60
      vertex 12.9237 50.3346 60
      vertex 11.9453 46.5237 -60
    endloop
  endfacet
  facet normal -0.278837 -0.95978 0.0327531
    outer loop
      vertex 12.9237 50.3346 60
      vertex 11.971 46.5163 -60
      vertex 16.035 49.4307 60
    endloop
  endfacet
  facet normal 0.940049 0.339462 0.0327527
    outer loop
      vertex -49.4238 -16.0588 60
      vertex -45.6728 -14.8681 -60
      vertex -45.6819 -14.8429 -60
    endloop
  endfacet
  facet normal 0.940375 0.338558 0.0327539
    outer loop
      vertex -45.6728 -14.8681 -60
      vertex -49.4238 -16.0588 60
      vertex -48.3263 -19.1072 60
    endloop
  endfacet
  facet normal 0.860279 -0.50877 0.0327533
    outer loop
      vertex -45.5392 25.0354 60
      vertex -42.0778 23.163 -60
      vertex -43.8899 27.8242 60
    endloop
  endfacet
  facet normal 0.858676 -0.511472 0.0327492
    outer loop
      vertex -42.0778 23.163 -60
      vertex -45.5392 25.0354 60
      vertex -42.0915 23.14 -60
    endloop
  endfacet
  facet normal 0.99897 -0.0314035 0.0327534
    outer loop
      vertex -51.9672 0 60
      vertex -48.0319 0.0267632 -60
      vertex -51.8654 3.23834 60
    endloop
  endfacet
  facet normal 0.998899 -0.0335912 0.0327506
    outer loop
      vertex -48.0319 0.0267632 -60
      vertex -51.9672 0 60
      vertex -48.0328 0 -60
    endloop
  endfacet
  facet normal 0.917603 0.396146 0.0327538
    outer loop
      vertex -48.3081 -19.1531 60
      vertex -44.6598 -17.682 -60
      vertex -48.3179 -19.1304 60
    endloop
  endfacet
  facet normal 0.91726 0.39694 0.0327531
    outer loop
      vertex -44.6598 -17.682 -60
      vertex -48.3081 -19.1531 60
      vertex -43.472 -20.4268 -60
    endloop
  endfacet
  facet normal -0.339462 -0.940049 0.0327527
    outer loop
      vertex 14.8681 45.6728 -60
      vertex 16.0588 49.4238 60
      vertex 14.8429 45.6819 -60
    endloop
  endfacet
  facet normal -0.338558 -0.940375 0.0327539
    outer loop
      vertex 16.0588 49.4238 60
      vertex 14.8681 45.6728 -60
      vertex 19.1072 48.3263 60
    endloop
  endfacet
  facet normal 0.218054 0.975387 0.0327538
    outer loop
      vertex -11.9453 -46.5237 -60
      vertex -12.8996 -50.34 60
      vertex -9.02658 -47.1762 -60
    endloop
  endfacet
  facet normal 0.218528 0.975281 0.0327542
    outer loop
      vertex -12.8996 -50.34 60
      vertex -11.9453 -46.5237 -60
      vertex -12.9237 -50.3346 60
    endloop
  endfacet
  facet normal 0.453747 0.890528 0.0327531
    outer loop
      vertex -23.1161 -42.1036 -60
      vertex -25.0354 -45.5392 60
      vertex -22.1486 -47.0101 60
    endloop
  endfacet
  facet normal 0.451445 0.891698 0.0327498
    outer loop
      vertex -25.0354 -45.5392 60
      vertex -23.1161 -42.1036 -60
      vertex -23.14 -42.0915 -60
    endloop
  endfacet
  facet normal 0.917878 -0.395508 0.0327509
    outer loop
      vertex -47.0213 22.1266 60
      vertex -43.472 20.4268 -60
      vertex -43.4614 20.4514 -60
    endloop
  endfacet
  facet normal 0.917256 -0.396948 0.0327529
    outer loop
      vertex -43.472 20.4268 -60
      vertex -47.0213 22.1266 60
      vertex -48.3081 19.1531 60
    endloop
  endfacet
  facet normal -0.998899 0.0335912 0.0327506
    outer loop
      vertex 48.0319 -0.0267632 -60
      vertex 51.9672 0 60
      vertex 48.0328 0 -60
    endloop
  endfacet
  facet normal -0.99897 0.0314035 0.0327534
    outer loop
      vertex 51.9672 0 60
      vertex 48.0319 -0.0267632 -60
      vertex 51.8654 -3.23834 60
    endloop
  endfacet
  facet normal -0.940383 0.338537 0.0327533
    outer loop
      vertex 44.6598 -17.682 -60
      vertex 48.3263 -19.1072 60
      vertex 45.6728 -14.8681 -60
    endloop
  endfacet
  facet normal -0.939761 0.340258 0.0327548
    outer loop
      vertex 48.3263 -19.1072 60
      vertex 44.6598 -17.682 -60
      vertex 48.3179 -19.1304 60
    endloop
  endfacet
  facet normal -0.939761 -0.340258 0.0327548
    outer loop
      vertex 44.6598 17.682 -60
      vertex 48.3263 19.1072 60
      vertex 48.3179 19.1304 60
    endloop
  endfacet
  facet normal -0.940383 -0.338537 0.0327533
    outer loop
      vertex 48.3263 19.1072 60
      vertex 44.6598 17.682 -60
      vertex 45.6728 14.8681 -60
    endloop
  endfacet
  facet normal 0.153739 0.987568 0.0327557
    outer loop
      vertex -6.0201 -47.654 -60
      vertex -6.53763 -51.5536 60
      vertex -6.51322 -51.5574 60
    endloop
  endfacet
  facet normal 0.156334 0.987161 0.0327537
    outer loop
      vertex -6.53763 -51.5536 60
      vertex -6.0201 -47.654 -60
      vertex -8.974 -47.1862 -60
    endloop
  endfacet
  facet normal -0.66073 0.749909 0.032753
    outer loop
      vertex 32.8807 -35.0144 -60
      vertex 35.5555 -37.8988 60
      vertex 35.574 -37.8825 60
    endloop
  endfacet
  facet normal -0.660953 0.749712 0.0327532
    outer loop
      vertex 35.5555 -37.8988 60
      vertex 32.8807 -35.0144 -60
      vertex 30.6373 -36.9922 -60
    endloop
  endfacet
  facet normal 0.998971 0.0313804 0.0327528
    outer loop
      vertex -51.8654 -3.23834 60
      vertex -47.938 -3.016 -60
      vertex -48.0319 -0.0267632 -60
    endloop
  endfacet
  facet normal 0.999063 0.0283021 0.0327501
    outer loop
      vertex -47.938 -3.016 -60
      vertex -51.8654 -3.23834 60
      vertex -51.8647 -3.26305 60
    endloop
  endfacet
  facet normal -0.218528 0.975281 0.0327542
    outer loop
      vertex 11.9453 -46.5237 -60
      vertex 12.8996 -50.34 60
      vertex 12.9237 -50.3346 60
    endloop
  endfacet
  facet normal -0.218054 0.975387 0.0327538
    outer loop
      vertex 12.8996 -50.34 60
      vertex 11.9453 -46.5237 -60
      vertex 9.02658 -47.1762 -60
    endloop
  endfacet
  facet normal 0.156741 -0.987096 0.0327532
    outer loop
      vertex -8.974 47.1862 -60
      vertex -9.73768 51.0467 60
      vertex -9.00045 47.182 -60
    endloop
  endfacet
  facet normal 0.156369 -0.987155 0.0327527
    outer loop
      vertex -9.73768 51.0467 60
      vertex -8.974 47.1862 -60
      vertex -6.53763 51.5536 60
    endloop
  endfacet
  facet normal -0.860286 0.508759 0.0327529
    outer loop
      vertex 40.5554 -25.7373 -60
      vertex 43.8899 -27.8242 60
      vertex 42.0778 -23.163 -60
    endloop
  endfacet
  facet normal -0.860949 0.507635 0.0327518
    outer loop
      vertex 43.8899 -27.8242 60
      vertex 40.5554 -25.7373 -60
      vertex 43.8774 -27.8454 60
    endloop
  endfacet
  facet normal -0.860279 -0.50877 0.0327533
    outer loop
      vertex 42.0778 23.163 -60
      vertex 45.5392 25.0354 60
      vertex 43.8899 27.8242 60
    endloop
  endfacet
  facet normal -0.858676 -0.511472 0.0327492
    outer loop
      vertex 45.5392 25.0354 60
      vertex 42.0778 23.163 -60
      vertex 42.0915 23.14 -60
    endloop
  endfacet
  facet normal 0.339462 0.940049 0.0327527
    outer loop
      vertex -14.8681 -45.6728 -60
      vertex -16.0588 -49.4238 60
      vertex -14.8429 -45.6819 -60
    endloop
  endfacet
  facet normal 0.338558 0.940375 0.0327539
    outer loop
      vertex -16.0588 -49.4238 60
      vertex -14.8681 -45.6728 -60
      vertex -19.1072 -48.3263 60
    endloop
  endfacet
  facet normal 0.511472 0.858676 0.0327492
    outer loop
      vertex -23.163 -42.0778 -60
      vertex -25.0354 -45.5392 60
      vertex -23.14 -42.0915 -60
    endloop
  endfacet
  facet normal 0.50877 0.860279 0.0327533
    outer loop
      vertex -25.0354 -45.5392 60
      vertex -23.163 -42.0778 -60
      vertex -27.8242 -43.8899 60
    endloop
  endfacet
  facet normal -0.156741 0.987096 0.0327532
    outer loop
      vertex 8.974 -47.1862 -60
      vertex 9.73768 -51.0467 60
      vertex 9.00045 -47.182 -60
    endloop
  endfacet
  facet normal -0.156369 0.987155 0.0327527
    outer loop
      vertex 9.73768 -51.0467 60
      vertex 8.974 -47.1862 -60
      vertex 6.53763 -51.5536 60
    endloop
  endfacet
  facet normal -0.975387 0.218054 0.0327538
    outer loop
      vertex 46.5237 -11.9453 -60
      vertex 50.34 -12.8996 60
      vertex 47.1762 -9.02658 -60
    endloop
  endfacet
  facet normal -0.975281 0.218528 0.0327542
    outer loop
      vertex 50.34 -12.8996 60
      vertex 46.5237 -11.9453 -60
      vertex 50.3346 -12.9237 60
    endloop
  endfacet
  facet normal -0.218054 -0.975387 0.0327538
    outer loop
      vertex 11.9453 46.5237 -60
      vertex 12.8996 50.34 60
      vertex 9.02658 47.1762 -60
    endloop
  endfacet
  facet normal -0.218528 -0.975281 0.0327542
    outer loop
      vertex 12.8996 50.34 60
      vertex 11.9453 46.5237 -60
      vertex 12.9237 50.3346 60
    endloop
  endfacet
  facet normal 0.156334 -0.987161 0.0327537
    outer loop
      vertex -6.0201 47.654 -60
      vertex -6.53763 51.5536 60
      vertex -8.974 47.1862 -60
    endloop
  endfacet
  facet normal 0.153739 -0.987568 0.0327557
    outer loop
      vertex -6.53763 51.5536 60
      vertex -6.0201 47.654 -60
      vertex -6.51322 51.5574 60
    endloop
  endfacet
  facet normal 0.827232 -0.560904 0.0327807
    outer loop
      vertex -43.8774 27.8454 60
      vertex -38.8744 28.2108 -60
      vertex -43.8635 27.8659 60
    endloop
  endfacet
  facet normal 0.826635 -0.561784 0.0327532
    outer loop
      vertex -38.8744 28.2108 -60
      vertex -43.8774 27.8454 60
      vertex -40.5554 25.7373 -60
    endloop
  endfacet
  facet normal -0.917603 0.396146 0.0327538
    outer loop
      vertex 44.6598 -17.682 -60
      vertex 48.3081 -19.1531 60
      vertex 48.3179 -19.1304 60
    endloop
  endfacet
  facet normal -0.91726 0.39694 0.0327531
    outer loop
      vertex 48.3081 -19.1531 60
      vertex 44.6598 -17.682 -60
      vertex 43.472 -20.4268 -60
    endloop
  endfacet
  facet normal -0.95978 -0.278837 0.0327531
    outer loop
      vertex 46.5163 11.971 -60
      vertex 50.3346 12.9237 60
      vertex 49.4307 16.035 60
    endloop
  endfacet
  facet normal -0.960442 -0.276547 0.032756
    outer loop
      vertex 50.3346 12.9237 60
      vertex 46.5163 11.971 -60
      vertex 46.5237 11.9453 -60
    endloop
  endfacet
  facet normal 0.561784 0.826635 0.0327532
    outer loop
      vertex -28.2108 -38.8744 -60
      vertex -27.8454 -43.8774 60
      vertex -25.7373 -40.5554 -60
    endloop
  endfacet
  facet normal 0.560904 0.827232 0.0327807
    outer loop
      vertex -27.8454 -43.8774 60
      vertex -28.2108 -38.8744 -60
      vertex -27.8659 -43.8635 60
    endloop
  endfacet
  facet normal 0.276547 0.960442 0.032756
    outer loop
      vertex -11.971 -46.5163 -60
      vertex -12.9237 -50.3346 60
      vertex -11.9453 -46.5237 -60
    endloop
  endfacet
  facet normal 0.278837 0.95978 0.0327531
    outer loop
      vertex -12.9237 -50.3346 60
      vertex -11.971 -46.5163 -60
      vertex -16.035 -49.4307 60
    endloop
  endfacet
  facet normal -0.0970479 0.994741 0.0327561
    outer loop
      vertex 5.99345 -47.6566 -60
      vertex 6.51322 -51.5574 60
      vertex 6.0201 -47.654 -60
    endloop
  endfacet
  facet normal -0.0940559 0.995028 0.0327524
    outer loop
      vertex 6.51322 -51.5574 60
      vertex 5.99345 -47.6566 -60
      vertex 3.28765 -51.8623 60
    endloop
  endfacet
  facet normal -0.789745 0.61256 0.0327529
    outer loop
      vertex 37.0099 -30.6173 -60
      vertex 40.0566 -33.1056 60
      vertex 38.8429 -28.2541 -60
    endloop
  endfacet
  facet normal -0.788275 0.61445 0.0327548
    outer loop
      vertex 40.0566 -33.1056 60
      vertex 37.0099 -30.6173 -60
      vertex 40.0414 -33.1251 60
    endloop
  endfacet
  facet normal -0.507635 0.860949 0.0327518
    outer loop
      vertex 25.7373 -40.5554 -60
      vertex 27.8242 -43.8899 60
      vertex 27.8454 -43.8774 60
    endloop
  endfacet
  facet normal -0.508759 0.860286 0.0327529
    outer loop
      vertex 27.8242 -43.8899 60
      vertex 25.7373 -40.5554 -60
      vertex 23.163 -42.0778 -60
    endloop
  endfacet
  facet normal 0.0940559 0.995028 0.0327524
    outer loop
      vertex -5.99345 -47.6566 -60
      vertex -6.51322 -51.5574 60
      vertex -3.28765 -51.8623 60
    endloop
  endfacet
  facet normal 0.0970479 0.994741 0.0327561
    outer loop
      vertex -6.51322 -51.5574 60
      vertex -5.99345 -47.6566 -60
      vertex -6.0201 -47.654 -60
    endloop
  endfacet
  facet normal 0.66238 0.748452 0.0327504
    outer loop
      vertex -30.6373 -36.9922 -60
      vertex -33.1251 -40.0414 60
      vertex -30.6173 -37.0099 -60
    endloop
  endfacet
  facet normal 0.660942 0.749722 0.0327529
    outer loop
      vertex -33.1251 -40.0414 60
      vertex -30.6373 -36.9922 -60
      vertex -35.5555 -37.8988 60
    endloop
  endfacet
  facet normal 0.994741 -0.0970479 0.0327561
    outer loop
      vertex -51.5574 6.51322 60
      vertex -47.6566 5.99345 -60
      vertex -47.654 6.0201 -60
    endloop
  endfacet
  facet normal 0.995028 -0.0940559 0.0327524
    outer loop
      vertex -47.6566 5.99345 -60
      vertex -51.5574 6.51322 60
      vertex -51.8623 3.28765 60
    endloop
  endfacet
  facet normal -0.960442 0.276547 0.032756
    outer loop
      vertex 46.5163 -11.971 -60
      vertex 50.3346 -12.9237 60
      vertex 46.5237 -11.9453 -60
    endloop
  endfacet
  facet normal -0.95978 0.278837 0.0327531
    outer loop
      vertex 50.3346 -12.9237 60
      vertex 46.5163 -11.971 -60
      vertex 49.4307 -16.035 60
    endloop
  endfacet
  facet normal -0.278837 0.95978 0.0327531
    outer loop
      vertex 11.971 -46.5163 -60
      vertex 12.9237 -50.3346 60
      vertex 16.035 -49.4307 60
    endloop
  endfacet
  facet normal -0.276547 0.960442 0.032756
    outer loop
      vertex 12.9237 -50.3346 60
      vertex 11.971 -46.5163 -60
      vertex 11.9453 -46.5237 -60
    endloop
  endfacet
  facet normal 0.748452 0.66238 0.0327504
    outer loop
      vertex -40.0414 -33.1251 60
      vertex -36.9922 -30.6373 -60
      vertex -37.0099 -30.6173 -60
    endloop
  endfacet
  facet normal 0.749722 0.660942 0.0327529
    outer loop
      vertex -36.9922 -30.6373 -60
      vertex -40.0414 -33.1251 60
      vertex -37.8988 -35.5555 60
    endloop
  endfacet
  facet normal -0.0314035 0.99897 0.0327534
    outer loop
      vertex 0.0267632 -48.0319 -60
      vertex 0 -51.9672 60
      vertex 3.23834 -51.8654 60
    endloop
  endfacet
  facet normal -0.0335912 0.998899 0.0327506
    outer loop
      vertex 0 -51.9672 60
      vertex 0.0267632 -48.0319 -60
      vertex 0 -48.0328 -60
    endloop
  endfacet
  facet normal -0.61259 0.789722 0.0327539
    outer loop
      vertex 28.2541 -38.8429 -60
      vertex 30.5456 -42.0424 60
      vertex 33.1056 -40.0566 60
    endloop
  endfacet
  facet normal -0.613352 0.78913 0.0327527
    outer loop
      vertex 30.5456 -42.0424 60
      vertex 28.2541 -38.8429 -60
      vertex 28.233 -38.8593 -60
    endloop
  endfacet
  facet normal 0.61259 -0.789722 0.0327539
    outer loop
      vertex -28.2541 38.8429 -60
      vertex -30.5456 42.0424 60
      vertex -33.1056 40.0566 60
    endloop
  endfacet
  facet normal 0.613352 -0.78913 0.0327527
    outer loop
      vertex -30.5456 42.0424 60
      vertex -28.2541 38.8429 -60
      vertex -28.233 38.8593 -60
    endloop
  endfacet
  facet normal -0.891696 0.451444 0.0328194
    outer loop
      vertex 42.0915 -23.14 -60
      vertex 47.0101 -22.1486 60
      vertex 42.1036 -23.1161 -60
    endloop
  endfacet
  facet normal -0.890528 0.453747 0.0327526
    outer loop
      vertex 47.0101 -22.1486 60
      vertex 42.0915 -23.14 -60
      vertex 45.5392 -25.0354 60
    endloop
  endfacet
  facet normal 0.890685 -0.453439 0.032762
    outer loop
      vertex -47.0213 22.1266 60
      vertex -42.1036 23.1161 -60
      vertex -47.0101 22.1486 60
    endloop
  endfacet
  facet normal 0.890519 -0.453765 0.0327526
    outer loop
      vertex -42.1036 23.1161 -60
      vertex -47.0213 22.1266 60
      vertex -43.4614 20.4514 -60
    endloop
  endfacet
  facet normal 0.396948 0.917256 0.0327529
    outer loop
      vertex -20.4268 -43.472 -60
      vertex -22.1266 -47.0213 60
      vertex -19.1531 -48.3081 60
    endloop
  endfacet
  facet normal 0.395508 0.917878 0.0327509
    outer loop
      vertex -22.1266 -47.0213 60
      vertex -20.4268 -43.472 -60
      vertex -20.4514 -43.4614 -60
    endloop
  endfacet
  facet normal -0.50877 0.860279 0.0327533
    outer loop
      vertex 23.163 -42.0778 -60
      vertex 25.0354 -45.5392 60
      vertex 27.8242 -43.8899 60
    endloop
  endfacet
  facet normal -0.511472 0.858676 0.0327492
    outer loop
      vertex 25.0354 -45.5392 60
      vertex 23.163 -42.0778 -60
      vertex 23.14 -42.0915 -60
    endloop
  endfacet
  facet normal 0.960442 0.276547 0.032756
    outer loop
      vertex -50.3346 -12.9237 60
      vertex -46.5163 -11.971 -60
      vertex -46.5237 -11.9453 -60
    endloop
  endfacet
  facet normal 0.95978 0.278837 0.0327531
    outer loop
      vertex -46.5163 -11.971 -60
      vertex -50.3346 -12.9237 60
      vertex -49.4307 -16.035 60
    endloop
  endfacet
  facet normal -0.0970479 -0.994741 0.0327502
    outer loop
      vertex 3.016 47.938 -60
      vertex 3.28765 51.8623 60
      vertex 3.26305 51.8647 60
    endloop
  endfacet
  facet normal -0.0940406 -0.995029 0.0327528
    outer loop
      vertex 3.28765 51.8623 60
      vertex 3.016 47.938 -60
      vertex 5.99345 47.6566 -60
    endloop
  endfacet
  facet normal -0.987568 0.153739 0.0327557
    outer loop
      vertex 47.654 -6.0201 -60
      vertex 51.5536 -6.53763 60
      vertex 51.5574 -6.51322 60
    endloop
  endfacet
  facet normal -0.987161 0.156334 0.0327537
    outer loop
      vertex 51.5536 -6.53763 60
      vertex 47.654 -6.0201 -60
      vertex 47.1862 -8.974 -60
    endloop
  endfacet
  facet normal -0.278852 -0.959775 0.0327535
    outer loop
      vertex 14.8429 45.6819 -60
      vertex 16.035 49.4307 60
      vertex 11.971 46.5163 -60
    endloop
  endfacet
  facet normal -0.278301 -0.959935 0.0327531
    outer loop
      vertex 16.035 49.4307 60
      vertex 14.8429 45.6819 -60
      vertex 16.0588 49.4238 60
    endloop
  endfacet
  facet normal -0.156369 -0.987155 0.0327527
    outer loop
      vertex 8.974 47.1862 -60
      vertex 9.73768 51.0467 60
      vertex 6.53763 51.5536 60
    endloop
  endfacet
  facet normal -0.156741 -0.987096 0.0327532
    outer loop
      vertex 9.73768 51.0467 60
      vertex 8.974 47.1862 -60
      vertex 9.00045 47.182 -60
    endloop
  endfacet
  facet normal -0.561777 0.82664 0.0327537
    outer loop
      vertex 28.233 -38.8593 -60
      vertex 27.8659 -43.8635 60
      vertex 30.5456 -42.0424 60
    endloop
  endfacet
  facet normal -0.56211 0.826414 0.0327432
    outer loop
      vertex 27.8659 -43.8635 60
      vertex 28.233 -38.8593 -60
      vertex 28.2108 -38.8744 -60
    endloop
  endfacet
  facet normal 0.998899 0.0335912 0.0327506
    outer loop
      vertex -51.9672 0 60
      vertex -48.0319 -0.0267632 -60
      vertex -48.0328 0 -60
    endloop
  endfacet
  facet normal 0.99897 0.0314035 0.0327534
    outer loop
      vertex -48.0319 -0.0267632 -60
      vertex -51.9672 0 60
      vertex -51.8654 -3.23834 60
    endloop
  endfacet
  facet normal -0.826414 0.56211 0.0327432
    outer loop
      vertex 38.8593 -28.233 -60
      vertex 43.8635 -27.8659 60
      vertex 38.8744 -28.2108 -60
    endloop
  endfacet
  facet normal -0.82664 0.561777 0.0327537
    outer loop
      vertex 43.8635 -27.8659 60
      vertex 38.8593 -28.233 -60
      vertex 42.0424 -30.5456 60
    endloop
  endfacet
  facet normal 0.917603 -0.396146 0.0327754
    outer loop
      vertex -48.3179 19.1304 60
      vertex -43.472 20.4268 -60
      vertex -48.3081 19.1531 60
    endloop
  endfacet
  facet normal 0.91726 -0.39694 0.032753
    outer loop
      vertex -43.472 20.4268 -60
      vertex -48.3179 19.1304 60
      vertex -44.6598 17.682 -60
    endloop
  endfacet
  facet normal 0.890685 0.45344 0.0327529
    outer loop
      vertex -47.0101 -22.1486 60
      vertex -43.4614 -20.4514 -60
      vertex -47.0213 -22.1266 60
    endloop
  endfacet
  facet normal 0.890519 0.453765 0.0327526
    outer loop
      vertex -43.4614 -20.4514 -60
      vertex -47.0101 -22.1486 60
      vertex -42.1036 -23.1161 -60
    endloop
  endfacet
  facet normal 0.61445 -0.788275 0.0327548
    outer loop
      vertex -30.6173 37.0099 -60
      vertex -33.1056 40.0566 60
      vertex -33.1251 40.0414 60
    endloop
  endfacet
  facet normal 0.61256 -0.789745 0.0327529
    outer loop
      vertex -33.1056 40.0566 60
      vertex -30.6173 37.0099 -60
      vertex -28.2541 38.8429 -60
    endloop
  endfacet
  facet normal 0.940375 -0.338558 0.0327539
    outer loop
      vertex -49.4238 16.0588 60
      vertex -45.6728 14.8681 -60
      vertex -48.3263 19.1072 60
    endloop
  endfacet
  facet normal 0.940049 -0.339462 0.0327527
    outer loop
      vertex -45.6728 14.8681 -60
      vertex -49.4238 16.0588 60
      vertex -45.6819 14.8429 -60
    endloop
  endfacet
  facet normal -0.987096 -0.156741 0.0327532
    outer loop
      vertex 47.1862 8.974 -60
      vertex 51.0467 9.73768 60
      vertex 47.182 9.00045 -60
    endloop
  endfacet
  facet normal -0.987155 -0.156369 0.0327527
    outer loop
      vertex 51.0467 9.73768 60
      vertex 47.1862 8.974 -60
      vertex 51.5536 6.53763 60
    endloop
  endfacet
  facet normal 0.939761 -0.340258 0.0327548
    outer loop
      vertex -48.3263 19.1072 60
      vertex -44.6598 17.682 -60
      vertex -48.3179 19.1304 60
    endloop
  endfacet
  facet normal 0.940383 -0.338537 0.0327533
    outer loop
      vertex -44.6598 17.682 -60
      vertex -48.3263 19.1072 60
      vertex -45.6728 14.8681 -60
    endloop
  endfacet
  facet normal 0.278852 0.959775 0.0327535
    outer loop
      vertex -14.8429 -45.6819 -60
      vertex -16.035 -49.4307 60
      vertex -11.971 -46.5163 -60
    endloop
  endfacet
  facet normal 0.278301 0.959935 0.0327531
    outer loop
      vertex -16.035 -49.4307 60
      vertex -14.8429 -45.6819 -60
      vertex -16.0588 -49.4238 60
    endloop
  endfacet
  facet normal -0.994741 0.0970479 0.0327502
    outer loop
      vertex 47.938 -3.016 -60
      vertex 51.8623 -3.28765 60
      vertex 51.8647 -3.26305 60
    endloop
  endfacet
  facet normal -0.995029 0.0940406 0.0327528
    outer loop
      vertex 51.8623 -3.28765 60
      vertex 47.938 -3.016 -60
      vertex 47.6566 -5.99345 -60
    endloop
  endfacet
  facet normal -0.994741 0.0970479 0.0327561
    outer loop
      vertex 51.5574 -6.51322 60
      vertex 47.6566 -5.99345 -60
      vertex 47.654 -6.0201 -60
    endloop
  endfacet
  facet normal -0.995028 0.0940559 0.0327524
    outer loop
      vertex 47.6566 -5.99345 -60
      vertex 51.5574 -6.51322 60
      vertex 51.8623 -3.28765 60
    endloop
  endfacet
  facet normal -0.396146 -0.917603 0.0327538
    outer loop
      vertex 17.682 44.6598 -60
      vertex 19.1531 48.3081 60
      vertex 19.1304 48.3179 60
    endloop
  endfacet
  facet normal -0.39694 -0.91726 0.0327531
    outer loop
      vertex 19.1531 48.3081 60
      vertex 17.682 44.6598 -60
      vertex 20.4268 43.472 -60
    endloop
  endfacet
  facet normal -0.749722 -0.660942 0.0327529
    outer loop
      vertex 36.9922 30.6373 -60
      vertex 40.0414 33.1251 60
      vertex 37.8988 35.5555 60
    endloop
  endfacet
  facet normal -0.748452 -0.66238 0.0327504
    outer loop
      vertex 40.0414 33.1251 60
      vertex 36.9922 30.6373 -60
      vertex 37.0099 30.6173 -60
    endloop
  endfacet
  facet normal 0.994741 0.0970479 0.0327502
    outer loop
      vertex -51.8623 -3.28765 60
      vertex -47.938 -3.016 -60
      vertex -51.8647 -3.26305 60
    endloop
  endfacet
  facet normal 0.995029 0.0940406 0.0327528
    outer loop
      vertex -47.938 -3.016 -60
      vertex -51.8623 -3.28765 60
      vertex -47.6566 -5.99345 -60
    endloop
  endfacet
  facet normal -0.66238 -0.748452 0.0327504
    outer loop
      vertex 30.6373 36.9922 -60
      vertex 33.1251 40.0414 60
      vertex 30.6173 37.0099 -60
    endloop
  endfacet
  facet normal -0.660942 -0.749722 0.0327529
    outer loop
      vertex 33.1251 40.0414 60
      vertex 30.6373 36.9922 -60
      vertex 35.5555 37.8988 60
    endloop
  endfacet
  facet normal 0.216577 0.975716 0.0327543
    outer loop
      vertex -9.02658 -47.1762 -60
      vertex -9.73768 -51.0467 60
      vertex -9.00045 -47.182 -60
    endloop
  endfacet
  facet normal 0.218005 0.975398 0.0327525
    outer loop
      vertex -9.73768 -51.0467 60
      vertex -9.02658 -47.1762 -60
      vertex -12.8996 -50.34 60
    endloop
  endfacet
  facet normal 0.826414 0.56211 0.0327432
    outer loop
      vertex -43.8635 -27.8659 60
      vertex -38.8593 -28.233 -60
      vertex -38.8744 -28.2108 -60
    endloop
  endfacet
  facet normal 0.82664 0.561777 0.0327537
    outer loop
      vertex -38.8593 -28.233 -60
      vertex -43.8635 -27.8659 60
      vertex -42.0424 -30.5456 60
    endloop
  endfacet
  facet normal 0.940383 0.338537 0.0327533
    outer loop
      vertex -48.3263 -19.1072 60
      vertex -44.6598 -17.682 -60
      vertex -45.6728 -14.8681 -60
    endloop
  endfacet
  facet normal 0.939761 0.340258 0.0327548
    outer loop
      vertex -44.6598 -17.682 -60
      vertex -48.3263 -19.1072 60
      vertex -48.3179 -19.1304 60
    endloop
  endfacet
  facet normal 0.975387 0.218054 0.0327538
    outer loop
      vertex -50.34 -12.8996 60
      vertex -46.5237 -11.9453 -60
      vertex -47.1762 -9.02658 -60
    endloop
  endfacet
  facet normal 0.975281 0.218528 0.0327542
    outer loop
      vertex -46.5237 -11.9453 -60
      vertex -50.34 -12.8996 60
      vertex -50.3346 -12.9237 60
    endloop
  endfacet
  facet normal -0.748452 0.66238 0.0327504
    outer loop
      vertex 36.9922 -30.6373 -60
      vertex 40.0414 -33.1251 60
      vertex 37.0099 -30.6173 -60
    endloop
  endfacet
  facet normal -0.749722 0.660942 0.0327529
    outer loop
      vertex 40.0414 -33.1251 60
      vertex 36.9922 -30.6373 -60
      vertex 37.8988 -35.5555 60
    endloop
  endfacet
  facet normal 0.789745 0.61256 0.0327529
    outer loop
      vertex -40.0566 -33.1056 60
      vertex -37.0099 -30.6173 -60
      vertex -38.8429 -28.2541 -60
    endloop
  endfacet
  facet normal 0.788275 0.61445 0.0327548
    outer loop
      vertex -37.0099 -30.6173 -60
      vertex -40.0566 -33.1056 60
      vertex -40.0414 -33.1251 60
    endloop
  endfacet
  facet normal 0.789722 -0.61259 0.0327539
    outer loop
      vertex -42.0424 30.5456 60
      vertex -38.8429 28.2541 -60
      vertex -40.0566 33.1056 60
    endloop
  endfacet
  facet normal 0.78913 -0.613352 0.0327527
    outer loop
      vertex -38.8429 28.2541 -60
      vertex -42.0424 30.5456 60
      vertex -38.8593 28.233 -60
    endloop
  endfacet
  facet normal 0.218005 -0.975398 0.0327525
    outer loop
      vertex -9.02658 47.1762 -60
      vertex -9.73768 51.0467 60
      vertex -12.8996 50.34 60
    endloop
  endfacet
  facet normal 0.216577 -0.975716 0.0327543
    outer loop
      vertex -9.73768 51.0467 60
      vertex -9.02658 47.1762 -60
      vertex -9.00045 47.182 -60
    endloop
  endfacet
  facet normal 0.987096 -0.156741 0.0327532
    outer loop
      vertex -51.0467 9.73768 60
      vertex -47.1862 8.974 -60
      vertex -47.182 9.00045 -60
    endloop
  endfacet
  facet normal 0.987155 -0.156369 0.0327527
    outer loop
      vertex -47.1862 8.974 -60
      vertex -51.0467 9.73768 60
      vertex -51.5536 6.53763 60
    endloop
  endfacet
  facet normal 0.987568 0.153739 0.0327557
    outer loop
      vertex -51.5536 -6.53763 60
      vertex -47.654 -6.0201 -60
      vertex -51.5574 -6.51322 60
    endloop
  endfacet
  facet normal 0.987161 0.156334 0.0327537
    outer loop
      vertex -47.654 -6.0201 -60
      vertex -51.5536 -6.53763 60
      vertex -47.1862 -8.974 -60
    endloop
  endfacet
  facet normal 0.975716 0.216577 0.0327543
    outer loop
      vertex -51.0467 -9.73768 60
      vertex -47.1762 -9.02658 -60
      vertex -47.182 -9.00045 -60
    endloop
  endfacet
  facet normal 0.975398 0.218005 0.0327525
    outer loop
      vertex -47.1762 -9.02658 -60
      vertex -51.0467 -9.73768 60
      vertex -50.34 -12.8996 60
    endloop
  endfacet
  facet normal 0.917877 0.395508 0.0327932
    outer loop
      vertex -48.3081 -19.1531 60
      vertex -43.4614 -20.4514 -60
      vertex -43.472 -20.4268 -60
    endloop
  endfacet
  facet normal 0.917256 0.396948 0.0327526
    outer loop
      vertex -43.4614 -20.4514 -60
      vertex -48.3081 -19.1531 60
      vertex -47.0213 -22.1266 60
    endloop
  endfacet
  facet normal 0.975281 -0.218528 0.0327542
    outer loop
      vertex -50.34 12.8996 60
      vertex -46.5237 11.9453 -60
      vertex -50.3346 12.9237 60
    endloop
  endfacet
  facet normal 0.975387 -0.218054 0.0327538
    outer loop
      vertex -46.5237 11.9453 -60
      vertex -50.34 12.8996 60
      vertex -47.1762 9.02658 -60
    endloop
  endfacet
  facet normal 0.0335912 0.998899 0.0327506
    outer loop
      vertex -0.0267632 -48.0319 -60
      vertex 0 -51.9672 60
      vertex 0 -48.0328 -60
    endloop
  endfacet
  facet normal 0.0314035 0.99897 0.0327534
    outer loop
      vertex 0 -51.9672 60
      vertex -0.0267632 -48.0319 -60
      vertex -3.23834 -51.8654 60
    endloop
  endfacet
  facet normal -0.890685 0.45344 0.0327529
    outer loop
      vertex 43.4614 -20.4514 -60
      vertex 47.0101 -22.1486 60
      vertex 47.0213 -22.1266 60
    endloop
  endfacet
  facet normal -0.890519 0.453765 0.0327526
    outer loop
      vertex 47.0101 -22.1486 60
      vertex 43.4614 -20.4514 -60
      vertex 42.1036 -23.1161 -60
    endloop
  endfacet
  facet normal -0.560904 0.827232 0.0327807
    outer loop
      vertex 28.2108 -38.8744 -60
      vertex 27.8454 -43.8774 60
      vertex 27.8659 -43.8635 60
    endloop
  endfacet
  facet normal -0.561784 0.826635 0.0327532
    outer loop
      vertex 27.8454 -43.8774 60
      vertex 28.2108 -38.8744 -60
      vertex 25.7373 -40.5554 -60
    endloop
  endfacet
  facet normal -0.61256 -0.789745 0.0327529
    outer loop
      vertex 30.6173 37.0099 -60
      vertex 33.1056 40.0566 60
      vertex 28.2541 38.8429 -60
    endloop
  endfacet
  facet normal -0.61445 -0.788275 0.0327548
    outer loop
      vertex 33.1056 40.0566 60
      vertex 30.6173 37.0099 -60
      vertex 33.1251 40.0414 60
    endloop
  endfacet
  facet normal 0.396146 -0.917603 0.0327754
    outer loop
      vertex -20.4268 43.472 -60
      vertex -19.1304 48.3179 60
      vertex -19.1531 48.3081 60
    endloop
  endfacet
  facet normal 0.39694 -0.91726 0.032753
    outer loop
      vertex -19.1304 48.3179 60
      vertex -20.4268 43.472 -60
      vertex -17.682 44.6598 -60
    endloop
  endfacet
  facet normal -0.0335912 -0.998899 0.0327506
    outer loop
      vertex 0.0267632 48.0319 -60
      vertex 0 51.9672 60
      vertex 0 48.0328 -60
    endloop
  endfacet
  facet normal -0.0314035 -0.99897 0.0327534
    outer loop
      vertex 0 51.9672 60
      vertex 0.0267632 48.0319 -60
      vertex 3.23834 51.8654 60
    endloop
  endfacet
  facet normal -0.789722 -0.61259 0.0327539
    outer loop
      vertex 38.8429 28.2541 -60
      vertex 42.0424 30.5456 60
      vertex 40.0566 33.1056 60
    endloop
  endfacet
  facet normal -0.78913 -0.613352 0.0327527
    outer loop
      vertex 42.0424 30.5456 60
      vertex 38.8429 28.2541 -60
      vertex 38.8593 28.233 -60
    endloop
  endfacet
  facet normal -0.511472 -0.858676 0.0327492
    outer loop
      vertex 23.163 42.0778 -60
      vertex 25.0354 45.5392 60
      vertex 23.14 42.0915 -60
    endloop
  endfacet
  facet normal -0.50877 -0.860279 0.0327533
    outer loop
      vertex 25.0354 45.5392 60
      vertex 23.163 42.0778 -60
      vertex 27.8242 43.8899 60
    endloop
  endfacet
  facet normal 0.613352 0.78913 0.0327527
    outer loop
      vertex -28.2541 -38.8429 -60
      vertex -30.5456 -42.0424 60
      vertex -28.233 -38.8593 -60
    endloop
  endfacet
  facet normal 0.61259 0.789722 0.0327539
    outer loop
      vertex -30.5456 -42.0424 60
      vertex -28.2541 -38.8429 -60
      vertex -33.1056 -40.0566 60
    endloop
  endfacet
  facet normal -0.613352 -0.78913 0.0327527
    outer loop
      vertex 28.2541 38.8429 -60
      vertex 30.5456 42.0424 60
      vertex 28.233 38.8593 -60
    endloop
  endfacet
  facet normal -0.61259 -0.789722 0.0327539
    outer loop
      vertex 30.5456 42.0424 60
      vertex 28.2541 38.8429 -60
      vertex 33.1056 40.0566 60
    endloop
  endfacet
  facet normal -0.56211 -0.826414 0.0327432
    outer loop
      vertex 28.233 38.8593 -60
      vertex 27.8659 43.8635 60
      vertex 28.2108 38.8744 -60
    endloop
  endfacet
  facet normal -0.561777 -0.82664 0.0327537
    outer loop
      vertex 27.8659 43.8635 60
      vertex 28.233 38.8593 -60
      vertex 30.5456 42.0424 60
    endloop
  endfacet
  facet normal 0.82664 -0.561777 0.0327537
    outer loop
      vertex -43.8635 27.8659 60
      vertex -38.8593 28.233 -60
      vertex -42.0424 30.5456 60
    endloop
  endfacet
  facet normal 0.826414 -0.56211 0.0327432
    outer loop
      vertex -38.8593 28.233 -60
      vertex -43.8635 27.8659 60
      vertex -38.8744 28.2108 -60
    endloop
  endfacet
  facet normal -0.998971 0.0313804 0.0327528
    outer loop
      vertex 47.938 -3.016 -60
      vertex 51.8654 -3.23834 60
      vertex 48.0319 -0.0267632 -60
    endloop
  endfacet
  facet normal -0.999063 0.0283021 0.0327501
    outer loop
      vertex 51.8654 -3.23834 60
      vertex 47.938 -3.016 -60
      vertex 51.8647 -3.26305 60
    endloop
  endfacet
  facet normal 0.340258 -0.939761 0.0327548
    outer loop
      vertex -17.682 44.6598 -60
      vertex -19.1072 48.3263 60
      vertex -19.1304 48.3179 60
    endloop
  endfacet
  facet normal 0.338537 -0.940383 0.0327533
    outer loop
      vertex -19.1072 48.3263 60
      vertex -17.682 44.6598 -60
      vertex -14.8681 45.6728 -60
    endloop
  endfacet
  facet normal 0.0970479 0.994741 0.0327502
    outer loop
      vertex -3.016 -47.938 -60
      vertex -3.28765 -51.8623 60
      vertex -3.26305 -51.8647 60
    endloop
  endfacet
  facet normal 0.0940406 0.995029 0.0327528
    outer loop
      vertex -3.28765 -51.8623 60
      vertex -3.016 -47.938 -60
      vertex -5.99345 -47.6566 -60
    endloop
  endfacet
  facet normal -0.891698 -0.451445 0.0327498
    outer loop
      vertex 42.1036 23.1161 -60
      vertex 45.5392 25.0354 60
      vertex 42.0915 23.14 -60
    endloop
  endfacet
  facet normal -0.890528 -0.453747 0.0327531
    outer loop
      vertex 45.5392 25.0354 60
      vertex 42.1036 23.1161 -60
      vertex 47.0101 22.1486 60
    endloop
  endfacet
  facet normal 0.78913 0.613352 0.0327527
    outer loop
      vertex -42.0424 -30.5456 60
      vertex -38.8429 -28.2541 -60
      vertex -38.8593 -28.233 -60
    endloop
  endfacet
  facet normal 0.789722 0.61259 0.0327539
    outer loop
      vertex -38.8429 -28.2541 -60
      vertex -42.0424 -30.5456 60
      vertex -40.0566 -33.1056 60
    endloop
  endfacet
  facet normal -0.453747 0.890528 0.0327526
    outer loop
      vertex 23.14 -42.0915 -60
      vertex 22.1486 -47.0101 60
      vertex 25.0354 -45.5392 60
    endloop
  endfacet
  facet normal -0.451444 0.891696 0.0328194
    outer loop
      vertex 22.1486 -47.0101 60
      vertex 23.14 -42.0915 -60
      vertex 23.1161 -42.1036 -60
    endloop
  endfacet
  facet normal -0.959775 0.278852 0.0327535
    outer loop
      vertex 45.6819 -14.8429 -60
      vertex 49.4307 -16.035 60
      vertex 46.5163 -11.971 -60
    endloop
  endfacet
  facet normal -0.959935 0.278301 0.0327531
    outer loop
      vertex 49.4307 -16.035 60
      vertex 45.6819 -14.8429 -60
      vertex 49.4238 -16.0588 60
    endloop
  endfacet
  facet normal -0.153739 -0.987568 0.0327557
    outer loop
      vertex 6.0201 47.654 -60
      vertex 6.53763 51.5536 60
      vertex 6.51322 51.5574 60
    endloop
  endfacet
  facet normal -0.156334 -0.987161 0.0327537
    outer loop
      vertex 6.53763 51.5536 60
      vertex 6.0201 47.654 -60
      vertex 8.974 47.1862 -60
    endloop
  endfacet
  facet normal -0.788275 -0.61445 0.0327548
    outer loop
      vertex 37.0099 30.6173 -60
      vertex 40.0566 33.1056 60
      vertex 40.0414 33.1251 60
    endloop
  endfacet
  facet normal -0.789745 -0.61256 0.0327529
    outer loop
      vertex 40.0566 33.1056 60
      vertex 37.0099 30.6173 -60
      vertex 38.8429 28.2541 -60
    endloop
  endfacet
  facet normal 0.338558 -0.940375 0.0327539
    outer loop
      vertex -14.8681 45.6728 -60
      vertex -16.0588 49.4238 60
      vertex -19.1072 48.3263 60
    endloop
  endfacet
  facet normal 0.339462 -0.940049 0.0327527
    outer loop
      vertex -16.0588 49.4238 60
      vertex -14.8681 45.6728 -60
      vertex -14.8429 45.6819 -60
    endloop
  endfacet
  facet normal -0.278301 0.959935 0.0327531
    outer loop
      vertex 14.8429 -45.6819 -60
      vertex 16.035 -49.4307 60
      vertex 16.0588 -49.4238 60
    endloop
  endfacet
  facet normal -0.278852 0.959775 0.0327535
    outer loop
      vertex 16.035 -49.4307 60
      vertex 14.8429 -45.6819 -60
      vertex 11.971 -46.5163 -60
    endloop
  endfacet
  facet normal -0.340258 0.939761 0.0327548
    outer loop
      vertex 17.682 -44.6598 -60
      vertex 19.1072 -48.3263 60
      vertex 19.1304 -48.3179 60
    endloop
  endfacet
  facet normal -0.338537 0.940383 0.0327533
    outer loop
      vertex 19.1072 -48.3263 60
      vertex 17.682 -44.6598 -60
      vertex 14.8681 -45.6728 -60
    endloop
  endfacet
  facet normal -0.0940406 0.995029 0.0327528
    outer loop
      vertex 3.016 -47.938 -60
      vertex 3.28765 -51.8623 60
      vertex 5.99345 -47.6566 -60
    endloop
  endfacet
  facet normal -0.0970479 0.994741 0.0327502
    outer loop
      vertex 3.28765 -51.8623 60
      vertex 3.016 -47.938 -60
      vertex 3.26305 -51.8647 60
    endloop
  endfacet
  facet normal -0.0283021 0.999063 0.0327501
    outer loop
      vertex 3.016 -47.938 -60
      vertex 3.23834 -51.8654 60
      vertex 3.26305 -51.8647 60
    endloop
  endfacet
  facet normal -0.0313804 0.998971 0.0327528
    outer loop
      vertex 3.23834 -51.8654 60
      vertex 3.016 -47.938 -60
      vertex 0.0267632 -48.0319 -60
    endloop
  endfacet
  facet normal -0.706727 -0.706727 0.0327533
    outer loop
      vertex 32.8807 35.0144 -60
      vertex 37.8825 35.574 60
      vertex 35.574 37.8825 60
    endloop
  endfacet
  facet normal -0.706727 -0.706727 0.0327533
    outer loop
      vertex 37.8825 35.574 60
      vertex 32.8807 35.0144 -60
      vertex 35.0144 32.8807 -60
    endloop
  endfacet
  facet normal 0.507635 -0.860949 0.0327518
    outer loop
      vertex -25.7373 40.5554 -60
      vertex -27.8242 43.8899 60
      vertex -27.8454 43.8774 60
    endloop
  endfacet
  facet normal 0.508759 -0.860286 0.0327529
    outer loop
      vertex -27.8242 43.8899 60
      vertex -25.7373 40.5554 -60
      vertex -23.163 42.0778 -60
    endloop
  endfacet
  facet normal 0.56211 0.826414 0.0327432
    outer loop
      vertex -28.233 -38.8593 -60
      vertex -27.8659 -43.8635 60
      vertex -28.2108 -38.8744 -60
    endloop
  endfacet
  facet normal 0.561777 0.82664 0.0327537
    outer loop
      vertex -27.8659 -43.8635 60
      vertex -28.233 -38.8593 -60
      vertex -30.5456 -42.0424 60
    endloop
  endfacet
  facet normal 0.338537 0.940383 0.0327533
    outer loop
      vertex -17.682 -44.6598 -60
      vertex -19.1072 -48.3263 60
      vertex -14.8681 -45.6728 -60
    endloop
  endfacet
  facet normal 0.340258 0.939761 0.0327548
    outer loop
      vertex -19.1072 -48.3263 60
      vertex -17.682 -44.6598 -60
      vertex -19.1304 -48.3179 60
    endloop
  endfacet
  facet normal -0.826635 0.561784 0.0327532
    outer loop
      vertex 38.8744 -28.2108 -60
      vertex 43.8774 -27.8454 60
      vertex 40.5554 -25.7373 -60
    endloop
  endfacet
  facet normal -0.827232 0.560904 0.0327807
    outer loop
      vertex 43.8774 -27.8454 60
      vertex 38.8744 -28.2108 -60
      vertex 43.8635 -27.8659 60
    endloop
  endfacet
  facet normal 0.999063 -0.0283021 0.0327501
    outer loop
      vertex -51.8654 3.23834 60
      vertex -47.938 3.016 -60
      vertex -51.8647 3.26305 60
    endloop
  endfacet
  facet normal 0.998971 -0.0313804 0.0327528
    outer loop
      vertex -47.938 3.016 -60
      vertex -51.8654 3.23834 60
      vertex -48.0319 0.0267632 -60
    endloop
  endfacet
  facet normal -0.508759 -0.860286 0.0327529
    outer loop
      vertex 25.7373 40.5554 -60
      vertex 27.8242 43.8899 60
      vertex 23.163 42.0778 -60
    endloop
  endfacet
  facet normal -0.507635 -0.860949 0.0327518
    outer loop
      vertex 27.8242 43.8899 60
      vertex 25.7373 40.5554 -60
      vertex 27.8454 43.8774 60
    endloop
  endfacet
  facet normal 0.453439 -0.890685 0.032762
    outer loop
      vertex -23.1161 42.1036 -60
      vertex -22.1266 47.0213 60
      vertex -22.1486 47.0101 60
    endloop
  endfacet
  facet normal 0.453765 -0.890519 0.0327526
    outer loop
      vertex -22.1266 47.0213 60
      vertex -23.1161 42.1036 -60
      vertex -20.4514 43.4614 -60
    endloop
  endfacet
  facet normal 0.959775 0.278852 0.0327535
    outer loop
      vertex -49.4307 -16.035 60
      vertex -45.6819 -14.8429 -60
      vertex -46.5163 -11.971 -60
    endloop
  endfacet
  facet normal 0.959935 0.278301 0.0327531
    outer loop
      vertex -45.6819 -14.8429 -60
      vertex -49.4307 -16.035 60
      vertex -49.4238 -16.0588 60
    endloop
  endfacet
  facet normal 0.995028 0.0940559 0.0327524
    outer loop
      vertex -51.5574 -6.51322 60
      vertex -47.6566 -5.99345 -60
      vertex -51.8623 -3.28765 60
    endloop
  endfacet
  facet normal 0.994741 0.0970479 0.0327561
    outer loop
      vertex -47.6566 -5.99345 -60
      vertex -51.5574 -6.51322 60
      vertex -47.654 -6.0201 -60
    endloop
  endfacet
  facet normal 0.987155 0.156369 0.0327527
    outer loop
      vertex -51.0467 -9.73768 60
      vertex -47.1862 -8.974 -60
      vertex -51.5536 -6.53763 60
    endloop
  endfacet
  facet normal 0.987096 0.156741 0.0327532
    outer loop
      vertex -47.1862 -8.974 -60
      vertex -51.0467 -9.73768 60
      vertex -47.182 -9.00045 -60
    endloop
  endfacet
  facet normal 0.50877 -0.860279 0.0327533
    outer loop
      vertex -23.163 42.0778 -60
      vertex -25.0354 45.5392 60
      vertex -27.8242 43.8899 60
    endloop
  endfacet
  facet normal 0.511472 -0.858676 0.0327492
    outer loop
      vertex -25.0354 45.5392 60
      vertex -23.163 42.0778 -60
      vertex -23.14 42.0915 -60
    endloop
  endfacet
  facet normal 0.45344 0.890685 0.0327529
    outer loop
      vertex -20.4514 -43.4614 -60
      vertex -22.1486 -47.0101 60
      vertex -22.1266 -47.0213 60
    endloop
  endfacet
  facet normal 0.453765 0.890519 0.0327526
    outer loop
      vertex -22.1486 -47.0101 60
      vertex -20.4514 -43.4614 -60
      vertex -23.1161 -42.1036 -60
    endloop
  endfacet
  facet normal 0.560904 -0.827232 0.0327807
    outer loop
      vertex -28.2108 38.8744 -60
      vertex -27.8454 43.8774 60
      vertex -27.8659 43.8635 60
    endloop
  endfacet
  facet normal 0.561784 -0.826635 0.0327532
    outer loop
      vertex -27.8454 43.8774 60
      vertex -28.2108 38.8744 -60
      vertex -25.7373 40.5554 -60
    endloop
  endfacet
  facet normal -0.216577 -0.975716 0.0327543
    outer loop
      vertex 9.02658 47.1762 -60
      vertex 9.73768 51.0467 60
      vertex 9.00045 47.182 -60
    endloop
  endfacet
  facet normal -0.218005 -0.975398 0.0327525
    outer loop
      vertex 9.73768 51.0467 60
      vertex 9.02658 47.1762 -60
      vertex 12.8996 50.34 60
    endloop
  endfacet
  facet normal -0.959935 -0.278301 0.0327531
    outer loop
      vertex 45.6819 14.8429 -60
      vertex 49.4307 16.035 60
      vertex 49.4238 16.0588 60
    endloop
  endfacet
  facet normal -0.959775 -0.278852 0.0327535
    outer loop
      vertex 49.4307 16.035 60
      vertex 45.6819 14.8429 -60
      vertex 46.5163 11.971 -60
    endloop
  endfacet
  facet normal -0.860949 -0.507635 0.0327518
    outer loop
      vertex 40.5554 25.7373 -60
      vertex 43.8899 27.8242 60
      vertex 43.8774 27.8454 60
    endloop
  endfacet
  facet normal -0.860286 -0.508759 0.0327529
    outer loop
      vertex 43.8899 27.8242 60
      vertex 40.5554 25.7373 -60
      vertex 42.0778 23.163 -60
    endloop
  endfacet
  facet normal -0.0313804 -0.998971 0.0327528
    outer loop
      vertex 3.016 47.938 -60
      vertex 3.23834 51.8654 60
      vertex 0.0267632 48.0319 -60
    endloop
  endfacet
  facet normal -0.0283021 -0.999063 0.0327501
    outer loop
      vertex 3.23834 51.8654 60
      vertex 3.016 47.938 -60
      vertex 3.26305 51.8647 60
    endloop
  endfacet
  facet normal -0.0940559 -0.995028 0.0327524
    outer loop
      vertex 5.99345 47.6566 -60
      vertex 6.51322 51.5574 60
      vertex 3.28765 51.8623 60
    endloop
  endfacet
  facet normal -0.0970479 -0.994741 0.0327561
    outer loop
      vertex 6.51322 51.5574 60
      vertex 5.99345 47.6566 -60
      vertex 6.0201 47.654 -60
    endloop
  endfacet
  facet normal 0.891696 0.451444 0.0328194
    outer loop
      vertex -47.0101 -22.1486 60
      vertex -42.0915 -23.14 -60
      vertex -42.1036 -23.1161 -60
    endloop
  endfacet
  facet normal 0.890528 0.453747 0.0327526
    outer loop
      vertex -42.0915 -23.14 -60
      vertex -47.0101 -22.1486 60
      vertex -45.5392 -25.0354 60
    endloop
  endfacet
  facet normal 0.508759 0.860286 0.0327529
    outer loop
      vertex -25.7373 -40.5554 -60
      vertex -27.8242 -43.8899 60
      vertex -23.163 -42.0778 -60
    endloop
  endfacet
  facet normal 0.507635 0.860949 0.0327518
    outer loop
      vertex -27.8242 -43.8899 60
      vertex -25.7373 -40.5554 -60
      vertex -27.8454 -43.8774 60
    endloop
  endfacet
  facet normal -0.561784 -0.826635 0.0327532
    outer loop
      vertex 28.2108 38.8744 -60
      vertex 27.8454 43.8774 60
      vertex 25.7373 40.5554 -60
    endloop
  endfacet
  facet normal -0.560904 -0.827232 0.0327807
    outer loop
      vertex 27.8454 43.8774 60
      vertex 28.2108 38.8744 -60
      vertex 27.8659 43.8635 60
    endloop
  endfacet
  facet normal -0.917878 -0.395508 0.0327509
    outer loop
      vertex 43.472 20.4268 -60
      vertex 47.0213 22.1266 60
      vertex 43.4614 20.4514 -60
    endloop
  endfacet
  facet normal -0.917256 -0.396948 0.0327529
    outer loop
      vertex 47.0213 22.1266 60
      vertex 43.472 20.4268 -60
      vertex 48.3081 19.1531 60
    endloop
  endfacet
  facet normal -0.749909 -0.66073 0.032753
    outer loop
      vertex 35.0144 32.8807 -60
      vertex 37.8988 35.5555 60
      vertex 37.8825 35.574 60
    endloop
  endfacet
  facet normal -0.749712 -0.660953 0.0327532
    outer loop
      vertex 37.8988 35.5555 60
      vertex 35.0144 32.8807 -60
      vertex 36.9922 30.6373 -60
    endloop
  endfacet
  facet normal 0.749712 0.660953 0.0327532
    outer loop
      vertex -37.8988 -35.5555 60
      vertex -35.0144 -32.8807 -60
      vertex -36.9922 -30.6373 -60
    endloop
  endfacet
  facet normal 0.749909 0.66073 0.032753
    outer loop
      vertex -35.0144 -32.8807 -60
      vertex -37.8988 -35.5555 60
      vertex -37.8825 -35.574 60
    endloop
  endfacet
  facet normal 0.660942 -0.749722 0.0327529
    outer loop
      vertex -30.6373 36.9922 -60
      vertex -33.1251 40.0414 60
      vertex -35.5555 37.8988 60
    endloop
  endfacet
  facet normal 0.66238 -0.748452 0.0327504
    outer loop
      vertex -33.1251 40.0414 60
      vertex -30.6373 36.9922 -60
      vertex -30.6173 37.0099 -60
    endloop
  endfacet
  facet normal 0.959935 -0.278301 0.0327531
    outer loop
      vertex -49.4307 16.035 60
      vertex -45.6819 14.8429 -60
      vertex -49.4238 16.0588 60
    endloop
  endfacet
  facet normal 0.959775 -0.278852 0.0327535
    outer loop
      vertex -45.6819 14.8429 -60
      vertex -49.4307 16.035 60
      vertex -46.5163 11.971 -60
    endloop
  endfacet
  facet normal 0.975398 -0.218005 0.0327525
    outer loop
      vertex -51.0467 9.73768 60
      vertex -47.1762 9.02658 -60
      vertex -50.34 12.8996 60
    endloop
  endfacet
  facet normal 0.975716 -0.216577 0.0327543
    outer loop
      vertex -47.1762 9.02658 -60
      vertex -51.0467 9.73768 60
      vertex -47.182 9.00045 -60
    endloop
  endfacet
  facet normal 0.987568 -0.153739 0.0327557
    outer loop
      vertex -47.654 6.0201 -60
      vertex -51.5536 6.53763 60
      vertex -51.5574 6.51322 60
    endloop
  endfacet
  facet normal 0.987161 -0.156334 0.0327537
    outer loop
      vertex -51.5536 6.53763 60
      vertex -47.654 6.0201 -60
      vertex -47.1862 8.974 -60
    endloop
  endfacet
  facet normal 0.994741 -0.0970479 0.0327502
    outer loop
      vertex -47.938 3.016 -60
      vertex -51.8623 3.28765 60
      vertex -51.8647 3.26305 60
    endloop
  endfacet
  facet normal 0.995029 -0.0940406 0.0327528
    outer loop
      vertex -51.8623 3.28765 60
      vertex -47.938 3.016 -60
      vertex -47.6566 5.99345 -60
    endloop
  endfacet
  facet normal 0.278301 -0.959935 0.0327531
    outer loop
      vertex -14.8429 45.6819 -60
      vertex -16.035 49.4307 60
      vertex -16.0588 49.4238 60
    endloop
  endfacet
  facet normal 0.278852 -0.959775 0.0327535
    outer loop
      vertex -16.035 49.4307 60
      vertex -14.8429 45.6819 -60
      vertex -11.971 46.5163 -60
    endloop
  endfacet
  facet normal 0.278837 -0.95978 0.0327531
    outer loop
      vertex -11.971 46.5163 -60
      vertex -12.9237 50.3346 60
      vertex -16.035 49.4307 60
    endloop
  endfacet
  facet normal 0.276547 -0.960442 0.032756
    outer loop
      vertex -12.9237 50.3346 60
      vertex -11.971 46.5163 -60
      vertex -11.9453 46.5237 -60
    endloop
  endfacet
  facet normal 0.95978 -0.278837 0.0327531
    outer loop
      vertex -50.3346 12.9237 60
      vertex -46.5163 11.971 -60
      vertex -49.4307 16.035 60
    endloop
  endfacet
  facet normal 0.960442 -0.276547 0.032756
    outer loop
      vertex -46.5163 11.971 -60
      vertex -50.3346 12.9237 60
      vertex -46.5237 11.9453 -60
    endloop
  endfacet
  facet normal 0.788275 -0.61445 0.0327548
    outer loop
      vertex -40.0566 33.1056 60
      vertex -37.0099 30.6173 -60
      vertex -40.0414 33.1251 60
    endloop
  endfacet
  facet normal 0.789745 -0.61256 0.0327529
    outer loop
      vertex -37.0099 30.6173 -60
      vertex -40.0566 33.1056 60
      vertex -38.8429 28.2541 -60
    endloop
  endfacet
  facet normal 0.749722 -0.660942 0.0327529
    outer loop
      vertex -40.0414 33.1251 60
      vertex -36.9922 30.6373 -60
      vertex -37.8988 35.5555 60
    endloop
  endfacet
  facet normal 0.748452 -0.66238 0.0327504
    outer loop
      vertex -36.9922 30.6373 -60
      vertex -40.0414 33.1251 60
      vertex -37.0099 30.6173 -60
    endloop
  endfacet
  facet normal 0.0313804 0.998971 0.0327528
    outer loop
      vertex -3.016 -47.938 -60
      vertex -3.23834 -51.8654 60
      vertex -0.0267632 -48.0319 -60
    endloop
  endfacet
  facet normal 0.0283021 0.999063 0.0327501
    outer loop
      vertex -3.23834 -51.8654 60
      vertex -3.016 -47.938 -60
      vertex -3.26305 -51.8647 60
    endloop
  endfacet
  facet normal -0.994741 -0.0970479 0.0327561
    outer loop
      vertex 47.6566 5.99345 -60
      vertex 51.5574 6.51322 60
      vertex 47.654 6.0201 -60
    endloop
  endfacet
  facet normal -0.995028 -0.0940559 0.0327524
    outer loop
      vertex 51.5574 6.51322 60
      vertex 47.6566 5.99345 -60
      vertex 51.8623 3.28765 60
    endloop
  endfacet
  facet normal -0.706727 0.706727 0.0327533
    outer loop
      vertex 32.8807 -35.0144 -60
      vertex 37.8825 -35.574 60
      vertex 35.0144 -32.8807 -60
    endloop
  endfacet
  facet normal -0.706727 0.706727 0.0327533
    outer loop
      vertex 37.8825 -35.574 60
      vertex 32.8807 -35.0144 -60
      vertex 35.574 -37.8825 60
    endloop
  endfacet
  facet normal -0.749712 0.660953 0.0327532
    outer loop
      vertex 35.0144 -32.8807 -60
      vertex 37.8988 -35.5555 60
      vertex 36.9922 -30.6373 -60
    endloop
  endfacet
  facet normal -0.749909 0.66073 0.032753
    outer loop
      vertex 37.8988 -35.5555 60
      vertex 35.0144 -32.8807 -60
      vertex 37.8825 -35.574 60
    endloop
  endfacet
  facet normal -0.890685 -0.453439 0.032762
    outer loop
      vertex 42.1036 23.1161 -60
      vertex 47.0213 22.1266 60
      vertex 47.0101 22.1486 60
    endloop
  endfacet
  facet normal -0.890519 -0.453765 0.0327526
    outer loop
      vertex 47.0213 22.1266 60
      vertex 42.1036 23.1161 -60
      vertex 43.4614 20.4514 -60
    endloop
  endfacet
  facet normal 0.858676 0.511472 0.0327492
    outer loop
      vertex -45.5392 -25.0354 60
      vertex -42.0778 -23.163 -60
      vertex -42.0915 -23.14 -60
    endloop
  endfacet
  facet normal 0.860279 0.50877 0.0327533
    outer loop
      vertex -42.0778 -23.163 -60
      vertex -45.5392 -25.0354 60
      vertex -43.8899 -27.8242 60
    endloop
  endfacet
  facet normal -0.396948 -0.917256 0.0327529
    outer loop
      vertex 20.4268 43.472 -60
      vertex 22.1266 47.0213 60
      vertex 19.1531 48.3081 60
    endloop
  endfacet
  facet normal -0.395508 -0.917878 0.0327509
    outer loop
      vertex 22.1266 47.0213 60
      vertex 20.4268 43.472 -60
      vertex 20.4514 43.4614 -60
    endloop
  endfacet
  facet normal -0.917603 -0.396146 0.0327754
    outer loop
      vertex 43.472 20.4268 -60
      vertex 48.3179 19.1304 60
      vertex 48.3081 19.1531 60
    endloop
  endfacet
  facet normal -0.91726 -0.39694 0.032753
    outer loop
      vertex 48.3179 19.1304 60
      vertex 43.472 20.4268 -60
      vertex 44.6598 17.682 -60
    endloop
  endfacet
  facet normal 0.61256 0.789745 0.0327529
    outer loop
      vertex -30.6173 -37.0099 -60
      vertex -33.1056 -40.0566 60
      vertex -28.2541 -38.8429 -60
    endloop
  endfacet
  facet normal 0.61445 0.788275 0.0327548
    outer loop
      vertex -33.1056 -40.0566 60
      vertex -30.6173 -37.0099 -60
      vertex -33.1251 -40.0414 60
    endloop
  endfacet
  facet normal -0.338537 -0.940383 0.0327533
    outer loop
      vertex 17.682 44.6598 -60
      vertex 19.1072 48.3263 60
      vertex 14.8681 45.6728 -60
    endloop
  endfacet
  facet normal -0.340258 -0.939761 0.0327548
    outer loop
      vertex 19.1072 48.3263 60
      vertex 17.682 44.6598 -60
      vertex 19.1304 48.3179 60
    endloop
  endfacet
  facet normal -0.995029 -0.0940406 0.0327528
    outer loop
      vertex 47.938 3.016 -60
      vertex 51.8623 3.28765 60
      vertex 47.6566 5.99345 -60
    endloop
  endfacet
  facet normal -0.994741 -0.0970479 0.0327502
    outer loop
      vertex 51.8623 3.28765 60
      vertex 47.938 3.016 -60
      vertex 51.8647 3.26305 60
    endloop
  endfacet
  facet normal 0.860949 -0.507635 0.0327518
    outer loop
      vertex -43.8899 27.8242 60
      vertex -40.5554 25.7373 -60
      vertex -43.8774 27.8454 60
    endloop
  endfacet
  facet normal 0.860286 -0.508759 0.0327529
    outer loop
      vertex -40.5554 25.7373 -60
      vertex -43.8899 27.8242 60
      vertex -42.0778 23.163 -60
    endloop
  endfacet
  facet normal -0.975398 -0.218005 0.0327525
    outer loop
      vertex 47.1762 9.02658 -60
      vertex 51.0467 9.73768 60
      vertex 50.34 12.8996 60
    endloop
  endfacet
  facet normal -0.975716 -0.216577 0.0327543
    outer loop
      vertex 51.0467 9.73768 60
      vertex 47.1762 9.02658 -60
      vertex 47.182 9.00045 -60
    endloop
  endfacet
  facet normal 0.396948 -0.917256 0.0327526
    outer loop
      vertex -20.4514 43.4614 -60
      vertex -19.1531 48.3081 60
      vertex -22.1266 47.0213 60
    endloop
  endfacet
  facet normal 0.395508 -0.917877 0.0327932
    outer loop
      vertex -19.1531 48.3081 60
      vertex -20.4514 43.4614 -60
      vertex -20.4268 43.472 -60
    endloop
  endfacet
  facet normal 0.66073 -0.749909 0.032753
    outer loop
      vertex -32.8807 35.0144 -60
      vertex -35.5555 37.8988 60
      vertex -35.574 37.8825 60
    endloop
  endfacet
  facet normal 0.660953 -0.749712 0.0327532
    outer loop
      vertex -35.5555 37.8988 60
      vertex -32.8807 35.0144 -60
      vertex -30.6373 36.9922 -60
    endloop
  endfacet
  facet normal 0.827232 0.560904 0.0327807
    outer loop
      vertex -38.8744 -28.2108 -60
      vertex -43.8774 -27.8454 60
      vertex -43.8635 -27.8659 60
    endloop
  endfacet
  facet normal 0.826635 0.561784 0.0327532
    outer loop
      vertex -43.8774 -27.8454 60
      vertex -38.8744 -28.2108 -60
      vertex -40.5554 -25.7373 -60
    endloop
  endfacet
  facet normal 0.453747 -0.890528 0.0327526
    outer loop
      vertex -23.14 42.0915 -60
      vertex -22.1486 47.0101 60
      vertex -25.0354 45.5392 60
    endloop
  endfacet
  facet normal 0.451444 -0.891696 0.0328194
    outer loop
      vertex -22.1486 47.0101 60
      vertex -23.14 42.0915 -60
      vertex -23.1161 42.1036 -60
    endloop
  endfacet
  facet normal 0.749909 -0.66073 0.032753
    outer loop
      vertex -37.8988 35.5555 60
      vertex -35.0144 32.8807 -60
      vertex -37.8825 35.574 60
    endloop
  endfacet
  facet normal 0.749712 -0.660953 0.0327532
    outer loop
      vertex -35.0144 32.8807 -60
      vertex -37.8988 35.5555 60
      vertex -36.9922 30.6373 -60
    endloop
  endfacet
  facet normal 0.218528 -0.975281 0.0327542
    outer loop
      vertex -11.9453 46.5237 -60
      vertex -12.8996 50.34 60
      vertex -12.9237 50.3346 60
    endloop
  endfacet
  facet normal 0.218054 -0.975387 0.0327538
    outer loop
      vertex -12.8996 50.34 60
      vertex -11.9453 46.5237 -60
      vertex -9.02658 47.1762 -60
    endloop
  endfacet
  facet normal -0.975281 -0.218528 0.0327542
    outer loop
      vertex 46.5237 11.9453 -60
      vertex 50.34 12.8996 60
      vertex 50.3346 12.9237 60
    endloop
  endfacet
  facet normal -0.975387 -0.218054 0.0327538
    outer loop
      vertex 50.34 12.8996 60
      vertex 46.5237 11.9453 -60
      vertex 47.1762 9.02658 -60
    endloop
  endfacet
  facet normal -0.827232 -0.560904 0.0327807
    outer loop
      vertex 38.8744 28.2108 -60
      vertex 43.8774 27.8454 60
      vertex 43.8635 27.8659 60
    endloop
  endfacet
  facet normal -0.826635 -0.561784 0.0327532
    outer loop
      vertex 43.8774 27.8454 60
      vertex 38.8744 28.2108 -60
      vertex 40.5554 25.7373 -60
    endloop
  endfacet
  facet normal 0.706727 0.706727 0.0327533
    outer loop
      vertex -37.8825 -35.574 60
      vertex -32.8807 -35.0144 -60
      vertex -35.0144 -32.8807 -60
    endloop
  endfacet
  facet normal 0.706727 0.706727 0.0327533
    outer loop
      vertex -32.8807 -35.0144 -60
      vertex -37.8825 -35.574 60
      vertex -35.574 -37.8825 60
    endloop
  endfacet
  facet normal -0.826414 -0.56211 0.0327432
    outer loop
      vertex 43.8635 27.8659 60
      vertex 38.8593 28.233 -60
      vertex 38.8744 28.2108 -60
    endloop
  endfacet
  facet normal -0.82664 -0.561777 0.0327537
    outer loop
      vertex 38.8593 28.233 -60
      vertex 43.8635 27.8659 60
      vertex 42.0424 30.5456 60
    endloop
  endfacet
  facet normal 0.0970479 -0.994741 0.0327561
    outer loop
      vertex -5.99345 47.6566 -60
      vertex -6.51322 51.5574 60
      vertex -6.0201 47.654 -60
    endloop
  endfacet
  facet normal 0.0940559 -0.995028 0.0327524
    outer loop
      vertex -6.51322 51.5574 60
      vertex -5.99345 47.6566 -60
      vertex -3.28765 51.8623 60
    endloop
  endfacet
  facet normal 0.660953 0.749712 0.0327532
    outer loop
      vertex -32.8807 -35.0144 -60
      vertex -35.5555 -37.8988 60
      vertex -30.6373 -36.9922 -60
    endloop
  endfacet
  facet normal 0.66073 0.749909 0.032753
    outer loop
      vertex -35.5555 -37.8988 60
      vertex -32.8807 -35.0144 -60
      vertex -35.574 -37.8825 60
    endloop
  endfacet
  facet normal -0.987161 -0.156334 0.0327537
    outer loop
      vertex 47.654 6.0201 -60
      vertex 51.5536 6.53763 60
      vertex 47.1862 8.974 -60
    endloop
  endfacet
  facet normal -0.987568 -0.153739 0.0327557
    outer loop
      vertex 51.5536 6.53763 60
      vertex 47.654 6.0201 -60
      vertex 51.5574 6.51322 60
    endloop
  endfacet
  facet normal -0.660953 -0.749712 0.0327532
    outer loop
      vertex 32.8807 35.0144 -60
      vertex 35.5555 37.8988 60
      vertex 30.6373 36.9922 -60
    endloop
  endfacet
  facet normal -0.66073 -0.749909 0.032753
    outer loop
      vertex 35.5555 37.8988 60
      vertex 32.8807 35.0144 -60
      vertex 35.574 37.8825 60
    endloop
  endfacet
  facet normal 0.0940406 -0.995029 0.0327528
    outer loop
      vertex -3.016 47.938 -60
      vertex -3.28765 51.8623 60
      vertex -5.99345 47.6566 -60
    endloop
  endfacet
  facet normal 0.0970479 -0.994741 0.0327502
    outer loop
      vertex -3.28765 51.8623 60
      vertex -3.016 47.938 -60
      vertex -3.26305 51.8647 60
    endloop
  endfacet
  facet normal 0.0283021 -0.999063 0.0327501
    outer loop
      vertex -3.016 47.938 -60
      vertex -3.23834 51.8654 60
      vertex -3.26305 51.8647 60
    endloop
  endfacet
  facet normal 0.0313804 -0.998971 0.0327528
    outer loop
      vertex -3.23834 51.8654 60
      vertex -3.016 47.938 -60
      vertex -0.0267632 48.0319 -60
    endloop
  endfacet
  facet normal 0.860286 0.508759 0.0327529
    outer loop
      vertex -43.8899 -27.8242 60
      vertex -40.5554 -25.7373 -60
      vertex -42.0778 -23.163 -60
    endloop
  endfacet
  facet normal 0.860949 0.507635 0.0327518
    outer loop
      vertex -40.5554 -25.7373 -60
      vertex -43.8899 -27.8242 60
      vertex -43.8774 -27.8454 60
    endloop
  endfacet
  facet normal 1 -0 0
    outer loop
      vertex 48 -4 40
      vertex 48 4 -40
      vertex 48 4 40
    endloop
  endfacet
  facet normal 1 0 0
    outer loop
      vertex 48 4 -40
      vertex 48 -4 40
      vertex 48 -4 -40
    endloop
  endfacet
  facet normal 0 0 1
    outer loop
      vertex 38.1104 4 40
      vertex 24.9848 0.483006 40
      vertex 25 0 40
    endloop
  endfacet
  facet normal -0 0 1
    outer loop
      vertex 38.1104 4 40
      vertex 48 -4 40
      vertex 48 4 40
    endloop
  endfacet
  facet normal 0 0 1
    outer loop
      vertex 24.9507 -1.56976 40
      vertex 38.1104 4 40
      vertex 25 0 40
    endloop
  endfacet
  facet normal 0 0 1
    outer loop
      vertex 24.8029 -3.13333 40
      vertex 38.1104 4 40
      vertex 24.9507 -1.56976 40
    endloop
  endfacet
  facet normal 0 0 1
    outer loop
      vertex 24.6656 -4 40
      vertex 38.1104 4 40
      vertex 24.8029 -3.13333 40
    endloop
  endfacet
  facet normal 0 0 1
    outer loop
      vertex 38.1104 4 40
      vertex 24.6656 -4 40
      vertex 48 -4 40
    endloop
  endfacet
  facet normal 0 0 -1
    outer loop
      vertex 48 -4 -40
      vertex 25 0 -40
      vertex 48 4 -40
    endloop
  endfacet
  facet normal 0 0 -1
    outer loop
      vertex 48 -4 -40
      vertex 24.9507 -1.56976 -40
      vertex 25 0 -40
    endloop
  endfacet
  facet normal 0 0 -1
    outer loop
      vertex 48 -4 -40
      vertex 24.8029 -3.13333 -40
      vertex 24.9507 -1.56976 -40
    endloop
  endfacet
  facet normal 0 -0 -1
    outer loop
      vertex 24.8029 -3.13333 -40
      vertex 48 -4 -40
      vertex 24.6656 -4 -40
    endloop
  endfacet
  facet normal 0 0 -1
    outer loop
      vertex 24.9507 1.56976 -40
      vertex 48 4 -40
      vertex 25 0 -40
    endloop
  endfacet
  facet normal 0 0 -1
    outer loop
      vertex 24.8029 3.13333 -40
      vertex 48 4 -40
      vertex 24.9507 1.56976 -40
    endloop
  endfacet
  facet normal -0 0 -1
    outer loop
      vertex 48 4 -40
      vertex 24.8029 3.13333 -40
      vertex 24.6656 4 -40
    endloop
  endfacet
  facet normal 0 1 0
    outer loop
      vertex 48 4 40
      vertex 38.1104 4 29
      vertex 38.1104 4 40
    endloop
  endfacet
  facet normal 0 1 -0
    outer loop
      vertex 48 4 -40
      vertex 38.1104 4 29
      vertex 48 4 40
    endloop
  endfacet
  facet normal 0 1 0
    outer loop
      vertex 24.6656 4 -40
      vertex 38.1104 4 29
      vertex 48 4 -40
    endloop
  endfacet
  facet normal 0 1 0
    outer loop
      vertex 38.1104 4 29
      vertex 24.6656 4 -40
      vertex 24.6656 4 29
    endloop
  endfacet
  facet normal 0 -1 0
    outer loop
      vertex 24.6656 -4 -40
      vertex 48 -4 40
      vertex 24.6656 -4 40
    endloop
  endfacet
  facet normal 0 -1 -0
    outer loop
      vertex 48 -4 40
      vertex 24.6656 -4 -40
      vertex 48 -4 -40
    endloop
  endfacet
  facet normal 0 0 1
    outer loop
      vertex -15.5911 35.0046 40
      vertex -13.3957 21.1082 40
      vertex -12.0766 21.8883 40
    endloop
  endfacet
  facet normal 0 0 1
    outer loop
      vertex -15.5911 35.0046 40
      vertex -14.6946 20.2254 40
      vertex -13.3957 21.1082 40
    endloop
  endfacet
  facet normal 0 0 1
    outer loop
      vertex -15.5911 35.0046 40
      vertex -15.8006 19.3675 40
      vertex -14.6946 20.2254 40
    endloop
  endfacet
  facet normal -0 0 1
    outer loop
      vertex -27.4641 39.5692 40
      vertex -15.5911 35.0046 40
      vertex -20.5359 43.5692 40
    endloop
  endfacet
  facet normal 0 0 1
    outer loop
      vertex -15.5911 35.0046 40
      vertex -27.4641 39.5692 40
      vertex -15.8006 19.3675 40
    endloop
  endfacet
  facet normal -0.866025 -0.500001 0
    outer loop
      vertex -15.8006 19.3675 -40
      vertex -27.4641 39.5692 40
      vertex -27.4641 39.5692 -40
    endloop
  endfacet
  facet normal -0.866025 -0.500001 0
    outer loop
      vertex -27.4641 39.5692 40
      vertex -15.8006 19.3675 -40
      vertex -15.8006 19.3675 40
    endloop
  endfacet
  facet normal 0 0 -1
    outer loop
      vertex -9.20311 23.2444 -40
      vertex -20.5359 43.5692 -40
      vertex -8.8705 23.3642 -40
    endloop
  endfacet
  facet normal 0 0 -1
    outer loop
      vertex -10.6445 22.6207 -40
      vertex -20.5359 43.5692 -40
      vertex -9.20311 23.2444 -40
    endloop
  endfacet
  facet normal 0 0 -1
    outer loop
      vertex -12.0438 21.9077 -40
      vertex -20.5359 43.5692 -40
      vertex -10.6445 22.6207 -40
    endloop
  endfacet
  facet normal 0 0 -1
    outer loop
      vertex -27.4641 39.5692 -40
      vertex -12.0438 21.9077 -40
      vertex -13.3957 21.1082 -40
    endloop
  endfacet
  facet normal 0 0 -1
    outer loop
      vertex -27.4641 39.5692 -40
      vertex -13.3957 21.1082 -40
      vertex -14.6946 20.2254 -40
    endloop
  endfacet
  facet normal 0 0 -1
    outer loop
      vertex -27.4641 39.5692 -40
      vertex -14.6946 20.2254 -40
      vertex -15.8006 19.3675 -40
    endloop
  endfacet
  facet normal 0 0 -1
    outer loop
      vertex -12.0438 21.9077 -40
      vertex -27.4641 39.5692 -40
      vertex -20.5359 43.5692 -40
    endloop
  endfacet
  facet normal 0.866024 0.500002 -0
    outer loop
      vertex -15.5911 35.0046 29
      vertex -20.5359 43.5692 40
      vertex -15.5911 35.0046 40
    endloop
  endfacet
  facet normal 0.866024 0.500002 0
    outer loop
      vertex -20.5359 43.5692 40
      vertex -15.5911 35.0046 29
      vertex -20.5359 43.5692 -40
    endloop
  endfacet
  facet normal 0.866025 0.500001 -0
    outer loop
      vertex -8.8705 23.3642 -40
      vertex -15.5911 35.0046 29
      vertex -8.8705 23.3642 29
    endloop
  endfacet
  facet normal 0.866025 0.500001 -1.23716e-07
    outer loop
      vertex -15.5911 35.0046 29
      vertex -8.8705 23.3642 -40
      vertex -20.5359 43.5692 -40
    endloop
  endfacet
  facet normal -0.5 0.866025 0
    outer loop
      vertex -20.5359 43.5692 -40
      vertex -27.4641 39.5692 40
      vertex -20.5359 43.5692 40
    endloop
  endfacet
  facet normal -0.5 0.866025 0
    outer loop
      vertex -27.4641 39.5692 40
      vertex -20.5359 43.5692 -40
      vertex -27.4641 39.5692 -40
    endloop
  endfacet
  facet normal -0.5 -0.866025 0
    outer loop
      vertex -27.4641 -39.5692 -40
      vertex -20.5359 -43.5692 40
      vertex -27.4641 -39.5692 40
    endloop
  endfacet
  facet normal -0.5 -0.866025 -0
    outer loop
      vertex -20.5359 -43.5692 40
      vertex -27.4641 -39.5692 -40
      vertex -20.5359 -43.5692 -40
    endloop
  endfacet
  facet normal 0 0 1
    outer loop
      vertex -9.20311 -23.2444 40
      vertex -20.5359 -43.5692 40
      vertex -8.8705 -23.3642 40
    endloop
  endfacet
  facet normal 0 0 1
    outer loop
      vertex -10.6445 -22.6207 40
      vertex -20.5359 -43.5692 40
      vertex -9.20311 -23.2444 40
    endloop
  endfacet
  facet normal 0 0 1
    outer loop
      vertex -12.0438 -21.9077 40
      vertex -20.5359 -43.5692 40
      vertex -10.6445 -22.6207 40
    endloop
  endfacet
  facet normal 0 0 1
    outer loop
      vertex -27.4641 -39.5692 40
      vertex -12.0438 -21.9077 40
      vertex -13.3957 -21.1082 40
    endloop
  endfacet
  facet normal 0 0 1
    outer loop
      vertex -27.4641 -39.5692 40
      vertex -13.3957 -21.1082 40
      vertex -14.6946 -20.2254 40
    endloop
  endfacet
  facet normal 0 0 1
    outer loop
      vertex -27.4641 -39.5692 40
      vertex -14.6946 -20.2254 40
      vertex -15.8006 -19.3675 40
    endloop
  endfacet
  facet normal 0 0 1
    outer loop
      vertex -12.0438 -21.9077 40
      vertex -27.4641 -39.5692 40
      vertex -20.5359 -43.5692 40
    endloop
  endfacet
  facet normal 0 0 -1
    outer loop
      vertex -20.5359 -43.5692 -40
      vertex -9.20311 -23.2444 -40
      vertex -8.8705 -23.3642 -40
    endloop
  endfacet
  facet normal 0 0 -1
    outer loop
      vertex -20.5359 -43.5692 -40
      vertex -10.6445 -22.6207 -40
      vertex -9.20311 -23.2444 -40
    endloop
  endfacet
  facet normal 0 0 -1
    outer loop
      vertex -20.5359 -43.5692 -40
      vertex -12.0438 -21.9077 -40
      vertex -10.6445 -22.6207 -40
    endloop
  endfacet
  facet normal 0 0 -1
    outer loop
      vertex -27.4641 -39.5692 -40
      vertex -12.0438 -21.9077 -40
      vertex -20.5359 -43.5692 -40
    endloop
  endfacet
  facet normal -0 0 -1
    outer loop
      vertex -12.0438 -21.9077 -40
      vertex -27.4641 -39.5692 -40
      vertex -13.3957 -21.1082 -40
    endloop
  endfacet
  facet normal -0 0 -1
    outer loop
      vertex -13.3957 -21.1082 -40
      vertex -27.4641 -39.5692 -40
      vertex -14.6946 -20.2254 -40
    endloop
  endfacet
  facet normal -0 0 -1
    outer loop
      vertex -14.6946 -20.2254 -40
      vertex -27.4641 -39.5692 -40
      vertex -15.8006 -19.3675 -40
    endloop
  endfacet
  facet normal 0.866025 -0.500001 0
    outer loop
      vertex -20.5359 -43.5692 40
      vertex -8.8705 -23.3642 -40
      vertex -8.8705 -23.3642 40
    endloop
  endfacet
  facet normal 0.866025 -0.500001 0
    outer loop
      vertex -8.8705 -23.3642 -40
      vertex -20.5359 -43.5692 40
      vertex -20.5359 -43.5692 -40
    endloop
  endfacet
  facet normal -0.866025 0.500001 0
    outer loop
      vertex -27.4641 -39.5692 -40
      vertex -15.8006 -19.3675 40
      vertex -15.8006 -19.3675 -40
    endloop
  endfacet
  facet normal -0.866025 0.500001 0
    outer loop
      vertex -15.8006 -19.3675 40
      vertex -27.4641 -39.5692 -40
      vertex -27.4641 -39.5692 40
    endloop
  endfacet
  facet normal -0 0 1
    outer loop
      vertex 12.0438 -21.9077 41
      vertex 16.7954 -39.4989 41
      vertex 12.0766 -21.8883 41
    endloop
  endfacet
  facet normal -0 0 1
    outer loop
      vertex 10.6445 -22.6207 41
      vertex 16.7954 -39.4989 41
      vertex 12.0438 -21.9077 41
    endloop
  endfacet
  facet normal -0 0 1
    outer loop
      vertex 9.20311 -23.2444 41
      vertex 16.7954 -39.4989 41
      vertex 10.6445 -22.6207 41
    endloop
  endfacet
  facet normal -0 0 1
    outer loop
      vertex 7.72542 -23.7764 41
      vertex 16.7954 -39.4989 41
      vertex 9.20311 -23.2444 41
    endloop
  endfacet
  facet normal -0 0 1
    outer loop
      vertex 6.21725 -24.2146 41
      vertex 16.7954 -39.4989 41
      vertex 7.72542 -23.7764 41
    endloop
  endfacet
  facet normal 0 0 1
    outer loop
      vertex 6.21725 -24.2146 41
      vertex 5.20425 -42.6048 41
      vertex 16.7954 -39.4989 41
    endloop
  endfacet
  facet normal -0 0 1
    outer loop
      vertex 4.68453 -24.5572 41
      vertex 5.20425 -42.6048 41
      vertex 6.21725 -24.2146 41
    endloop
  endfacet
  facet normal -0 0 1
    outer loop
      vertex 3.13333 -24.8029 41
      vertex 5.20425 -42.6048 41
      vertex 4.68453 -24.5572 41
    endloop
  endfacet
  facet normal -0 0 1
    outer loop
      vertex 1.56976 -24.9507 41
      vertex 5.20425 -42.6048 41
      vertex 3.13333 -24.8029 41
    endloop
  endfacet
  facet normal 0 0 1
    outer loop
      vertex 5.20425 -42.6048 41
      vertex 1.56976 -24.9507 41
      vertex 0.483006 -24.9848 41
    endloop
  endfacet
  facet normal 0 0 1
    outer loop
      vertex -5.20425 42.6048 41
      vertex -1.56976 24.9507 41
      vertex -0.483006 24.9848 41
    endloop
  endfacet
  facet normal 0 0 1
    outer loop
      vertex -5.20425 42.6048 41
      vertex -3.13333 24.8029 41
      vertex -1.56976 24.9507 41
    endloop
  endfacet
  facet normal 0 0 1
    outer loop
      vertex -5.20425 42.6048 41
      vertex -4.68453 24.5572 41
      vertex -3.13333 24.8029 41
    endloop
  endfacet
  facet normal 0 0 1
    outer loop
      vertex -5.20425 42.6048 41
      vertex -6.21725 24.2146 41
      vertex -4.68453 24.5572 41
    endloop
  endfacet
  facet normal -0 0 1
    outer loop
      vertex -16.7954 39.4989 41
      vertex -6.21725 24.2146 41
      vertex -5.20425 42.6048 41
    endloop
  endfacet
  facet normal 0 0 1
    outer loop
      vertex -6.21725 24.2146 41
      vertex -16.7954 39.4989 41
      vertex -7.72542 23.7764 41
    endloop
  endfacet
  facet normal 0 0 1
    outer loop
      vertex -7.72542 23.7764 41
      vertex -16.7954 39.4989 41
      vertex -9.20311 23.2444 41
    endloop
  endfacet
  facet normal 0 0 1
    outer loop
      vertex -9.20311 23.2444 41
      vertex -16.7954 39.4989 41
      vertex -10.6445 22.6207 41
    endloop
  endfacet
  facet normal 0 0 1
    outer loop
      vertex -10.6445 22.6207 41
      vertex -16.7954 39.4989 41
      vertex -12.0438 21.9077 41
    endloop
  endfacet
  facet normal 0 0 1
    outer loop
      vertex -12.0438 21.9077 41
      vertex -16.7954 39.4989 41
      vertex -12.0766 21.8883 41
    endloop
  endfacet
  facet normal 0 0 1
    outer loop
      vertex -21.9077 -12.0438 41
      vertex -39.4989 -16.7954 41
      vertex -21.8883 -12.0766 41
    endloop
  endfacet
  facet normal 0 0 1
    outer loop
      vertex -22.6207 -10.6445 41
      vertex -39.4989 -16.7954 41
      vertex -21.9077 -12.0438 41
    endloop
  endfacet
  facet normal 0 0 1
    outer loop
      vertex -23.2444 -9.20311 41
      vertex -39.4989 -16.7954 41
      vertex -22.6207 -10.6445 41
    endloop
  endfacet
  facet normal 0 0 1
    outer loop
      vertex -23.7764 -7.72542 41
      vertex -39.4989 -16.7954 41
      vertex -23.2444 -9.20311 41
    endloop
  endfacet
  facet normal 0 0 1
    outer loop
      vertex -24.2146 -6.21725 41
      vertex -39.4989 -16.7954 41
      vertex -23.7764 -7.72542 41
    endloop
  endfacet
  facet normal -0 0 1
    outer loop
      vertex -42.6048 -5.20425 41
      vertex -24.2146 -6.21725 41
      vertex -24.5572 -4.68453 41
    endloop
  endfacet
  facet normal 0 0 1
    outer loop
      vertex -42.6048 -5.20425 41
      vertex -24.5572 -4.68453 41
      vertex -24.8029 -3.13333 41
    endloop
  endfacet
  facet normal 0 0 1
    outer loop
      vertex -42.6048 -5.20425 41
      vertex -24.8029 -3.13333 41
      vertex -24.9507 -1.56976 41
    endloop
  endfacet
  facet normal 0 0 1
    outer loop
      vertex -42.6048 -5.20425 41
      vertex -24.9507 -1.56976 41
      vertex -24.9848 -0.483006 41
    endloop
  endfacet
  facet normal 0 0 1
    outer loop
      vertex -24.2146 -6.21725 41
      vertex -42.6048 -5.20425 41
      vertex -39.4989 -16.7954 41
    endloop
  endfacet
  facet normal -0 0 1
    outer loop
      vertex 24.2146 6.21725 41
      vertex 42.6048 5.20425 41
      vertex 39.4989 16.7954 41
    endloop
  endfacet
  facet normal 0 0 1
    outer loop
      vertex 42.6048 5.20425 41
      vertex 24.9507 1.56976 41
      vertex 24.9848 0.483006 41
    endloop
  endfacet
  facet normal 0 0 1
    outer loop
      vertex 42.6048 5.20425 41
      vertex 24.8029 3.13333 41
      vertex 24.9507 1.56976 41
    endloop
  endfacet
  facet normal 0 0 1
    outer loop
      vertex 42.6048 5.20425 41
      vertex 24.5572 4.68453 41
      vertex 24.8029 3.13333 41
    endloop
  endfacet
  facet normal 0 0 1
    outer loop
      vertex 42.6048 5.20425 41
      vertex 24.2146 6.21725 41
      vertex 24.5572 4.68453 41
    endloop
  endfacet
  facet normal 0 0 1
    outer loop
      vertex 39.4989 16.7954 41
      vertex 23.7764 7.72542 41
      vertex 24.2146 6.21725 41
    endloop
  endfacet
  facet normal 0 0 1
    outer loop
      vertex 39.4989 16.7954 41
      vertex 23.2444 9.20311 41
      vertex 23.7764 7.72542 41
    endloop
  endfacet
  facet normal 0 0 1
    outer loop
      vertex 39.4989 16.7954 41
      vertex 22.6207 10.6445 41
      vertex 23.2444 9.20311 41
    endloop
  endfacet
  facet normal 0 0 1
    outer loop
      vertex 39.4989 16.7954 41
      vertex 21.9077 12.0438 41
      vertex 22.6207 10.6445 41
    endloop
  endfacet
  facet normal 0 -0 1
    outer loop
      vertex 21.9077 12.0438 41
      vertex 39.4989 16.7954 41
      vertex 21.8883 12.0766 41
    endloop
  endfacet
  facet normal -0.965925 -0.258824 0
    outer loop
      vertex -39.4989 -16.7954 29
      vertex -42.6048 -5.20425 41
      vertex -42.6048 -5.20425 29
    endloop
  endfacet
  facet normal -0.965925 -0.258824 0
    outer loop
      vertex -42.6048 -5.20425 41
      vertex -39.4989 -16.7954 29
      vertex -39.4989 -16.7954 41
    endloop
  endfacet
  facet normal -0.258818 0.965926 0
    outer loop
      vertex -24.9848 -0.483006 29
      vertex -42.6048 -5.20425 41
      vertex -24.9848 -0.483006 41
    endloop
  endfacet
  facet normal -0.258818 0.965926 0
    outer loop
      vertex -42.6048 -5.20425 41
      vertex -24.9848 -0.483006 29
      vertex -42.6048 -5.20425 29
    endloop
  endfacet
  facet normal -0.258822 0.965925 0
    outer loop
      vertex 39.4989 16.7954 29
      vertex 21.8883 12.0766 41
      vertex 39.4989 16.7954 41
    endloop
  endfacet
  facet normal -0.258822 0.965925 0
    outer loop
      vertex 21.8883 12.0766 41
      vertex 39.4989 16.7954 29
      vertex 21.8883 12.0766 29
    endloop
  endfacet
  facet normal 0 0 -1
    outer loop
      vertex -1.56976 24.9507 29
      vertex -5.20425 42.6048 29
      vertex -0.483006 24.9848 29
    endloop
  endfacet
  facet normal 0 0 -1
    outer loop
      vertex -3.13333 24.8029 29
      vertex -5.20425 42.6048 29
      vertex -1.56976 24.9507 29
    endloop
  endfacet
  facet normal 0 0 -1
    outer loop
      vertex -4.68453 24.5572 29
      vertex -5.20425 42.6048 29
      vertex -3.13333 24.8029 29
    endloop
  endfacet
  facet normal 0 0 -1
    outer loop
      vertex -15.5911 35.0046 29
      vertex -4.68453 24.5572 29
      vertex -6.21725 24.2146 29
    endloop
  endfacet
  facet normal 0 0 -1
    outer loop
      vertex -15.5911 35.0046 29
      vertex -6.21725 24.2146 29
      vertex -7.72542 23.7764 29
    endloop
  endfacet
  facet normal 0 0 -1
    outer loop
      vertex -15.5911 35.0046 29
      vertex -7.72542 23.7764 29
      vertex -8.8705 23.3642 29
    endloop
  endfacet
  facet normal 0 0 -1
    outer loop
      vertex -4.68453 24.5572 29
      vertex -15.5911 35.0046 29
      vertex -5.20425 42.6048 29
    endloop
  endfacet
  facet normal 0 0 -1
    outer loop
      vertex -5.20425 42.6048 29
      vertex -15.5911 35.0046 29
      vertex -16.7954 39.4989 29
    endloop
  endfacet
  facet normal 0 0 -1
    outer loop
      vertex 16.7954 -39.4989 29
      vertex 12.0438 -21.9077 29
      vertex 12.0766 -21.8883 29
    endloop
  endfacet
  facet normal 0 0 -1
    outer loop
      vertex 16.7954 -39.4989 29
      vertex 10.6445 -22.6207 29
      vertex 12.0438 -21.9077 29
    endloop
  endfacet
  facet normal 0 0 -1
    outer loop
      vertex 16.7954 -39.4989 29
      vertex 9.20311 -23.2444 29
      vertex 10.6445 -22.6207 29
    endloop
  endfacet
  facet normal 0 0 -1
    outer loop
      vertex 16.7954 -39.4989 29
      vertex 7.72542 -23.7764 29
      vertex 9.20311 -23.2444 29
    endloop
  endfacet
  facet normal 0 0 -1
    outer loop
      vertex 16.7954 -39.4989 29
      vertex 6.21725 -24.2146 29
      vertex 7.72542 -23.7764 29
    endloop
  endfacet
  facet normal 0 0 -1
    outer loop
      vertex 5.20425 -42.6048 29
      vertex 6.21725 -24.2146 29
      vertex 16.7954 -39.4989 29
    endloop
  endfacet
  facet normal 0 0 -1
    outer loop
      vertex 5.20425 -42.6048 29
      vertex 4.68453 -24.5572 29
      vertex 6.21725 -24.2146 29
    endloop
  endfacet
  facet normal 0 0 -1
    outer loop
      vertex 5.20425 -42.6048 29
      vertex 3.13333 -24.8029 29
      vertex 4.68453 -24.5572 29
    endloop
  endfacet
  facet normal 0 0 -1
    outer loop
      vertex 5.20425 -42.6048 29
      vertex 1.56976 -24.9507 29
      vertex 3.13333 -24.8029 29
    endloop
  endfacet
  facet normal 0 -0 -1
    outer loop
      vertex 1.56976 -24.9507 29
      vertex 5.20425 -42.6048 29
      vertex 0.483006 -24.9848 29
    endloop
  endfacet
  facet normal 0 0 -1
    outer loop
      vertex 38.1104 4 29
      vertex 39.4989 16.7954 29
      vertex 42.6048 5.20425 29
    endloop
  endfacet
  facet normal 0 0 -1
    outer loop
      vertex 24.5572 4.68453 29
      vertex 38.1104 4 29
      vertex 24.6656 4 29
    endloop
  endfacet
  facet normal 0 0 -1
    outer loop
      vertex 24.2146 6.21725 29
      vertex 38.1104 4 29
      vertex 24.5572 4.68453 29
    endloop
  endfacet
  facet normal 0 0 -1
    outer loop
      vertex 23.7764 7.72542 29
      vertex 38.1104 4 29
      vertex 24.2146 6.21725 29
    endloop
  endfacet
  facet normal 0 0 -1
    outer loop
      vertex 38.1104 4 29
      vertex 23.7764 7.72542 29
      vertex 39.4989 16.7954 29
    endloop
  endfacet
  facet normal 0 0 -1
    outer loop
      vertex 23.2444 9.20311 29
      vertex 39.4989 16.7954 29
      vertex 23.7764 7.72542 29
    endloop
  endfacet
  facet normal 0 0 -1
    outer loop
      vertex 22.6207 10.6445 29
      vertex 39.4989 16.7954 29
      vertex 23.2444 9.20311 29
    endloop
  endfacet
  facet normal 0 0 -1
    outer loop
      vertex 21.9077 12.0438 29
      vertex 39.4989 16.7954 29
      vertex 22.6207 10.6445 29
    endloop
  endfacet
  facet normal 0 0 -1
    outer loop
      vertex 39.4989 16.7954 29
      vertex 21.9077 12.0438 29
      vertex 21.8883 12.0766 29
    endloop
  endfacet
  facet normal 0 0 -1
    outer loop
      vertex -39.4989 -16.7954 29
      vertex -21.9077 -12.0438 29
      vertex -21.8883 -12.0766 29
    endloop
  endfacet
  facet normal 0 0 -1
    outer loop
      vertex -39.4989 -16.7954 29
      vertex -22.6207 -10.6445 29
      vertex -21.9077 -12.0438 29
    endloop
  endfacet
  facet normal 0 0 -1
    outer loop
      vertex -39.4989 -16.7954 29
      vertex -23.2444 -9.20311 29
      vertex -22.6207 -10.6445 29
    endloop
  endfacet
  facet normal 0 0 -1
    outer loop
      vertex -39.4989 -16.7954 29
      vertex -23.7764 -7.72542 29
      vertex -23.2444 -9.20311 29
    endloop
  endfacet
  facet normal 0 0 -1
    outer loop
      vertex -39.4989 -16.7954 29
      vertex -24.2146 -6.21725 29
      vertex -23.7764 -7.72542 29
    endloop
  endfacet
  facet normal 0 0 -1
    outer loop
      vertex -42.6048 -5.20425 29
      vertex -24.2146 -6.21725 29
      vertex -39.4989 -16.7954 29
    endloop
  endfacet
  facet normal 0 0 -1
    outer loop
      vertex -24.2146 -6.21725 29
      vertex -42.6048 -5.20425 29
      vertex -24.5572 -4.68453 29
    endloop
  endfacet
  facet normal -0 0 -1
    outer loop
      vertex -24.5572 -4.68453 29
      vertex -42.6048 -5.20425 29
      vertex -24.8029 -3.13333 29
    endloop
  endfacet
  facet normal -0 0 -1
    outer loop
      vertex -24.8029 -3.13333 29
      vertex -42.6048 -5.20425 29
      vertex -24.9507 -1.56976 29
    endloop
  endfacet
  facet normal -0 0 -1
    outer loop
      vertex -24.9507 -1.56976 29
      vertex -42.6048 -5.20425 29
      vertex -24.9848 -0.483006 29
    endloop
  endfacet
  facet normal 0.258822 -0.965925 0
    outer loop
      vertex -39.4989 -16.7954 29
      vertex -21.8883 -12.0766 41
      vertex -39.4989 -16.7954 41
    endloop
  endfacet
  facet normal 0.258822 -0.965925 0
    outer loop
      vertex -21.8883 -12.0766 41
      vertex -39.4989 -16.7954 29
      vertex -21.8883 -12.0766 29
    endloop
  endfacet
  facet normal 0.258819 -0.965926 0
    outer loop
      vertex 38.1104 4 40
      vertex 24.9848 0.483006 41
      vertex 24.9848 0.483006 40
    endloop
  endfacet
  facet normal 0.258818 -0.965926 -1.50225e-05
    outer loop
      vertex 24.9848 0.483006 41
      vertex 38.1104 4 40
      vertex 42.6048 5.20425 41
    endloop
  endfacet
  facet normal 0.258815 -0.965927 0
    outer loop
      vertex 42.6048 5.20425 29
      vertex 38.1104 4 40
      vertex 38.1104 4 29
    endloop
  endfacet
  facet normal 0.258815 -0.965927 0
    outer loop
      vertex 38.1104 4 40
      vertex 42.6048 5.20425 29
      vertex 42.6048 5.20425 41
    endloop
  endfacet
  facet normal 0.965925 0.258824 0
    outer loop
      vertex 42.6048 5.20425 41
      vertex 39.4989 16.7954 29
      vertex 39.4989 16.7954 41
    endloop
  endfacet
  facet normal 0.965925 0.258824 0
    outer loop
      vertex 39.4989 16.7954 29
      vertex 42.6048 5.20425 41
      vertex 42.6048 5.20425 29
    endloop
  endfacet
  facet normal -0.258824 0.965925 0
    outer loop
      vertex -5.20425 42.6048 29
      vertex -16.7954 39.4989 41
      vertex -5.20425 42.6048 41
    endloop
  endfacet
  facet normal -0.258824 0.965925 0
    outer loop
      vertex -16.7954 39.4989 41
      vertex -5.20425 42.6048 29
      vertex -16.7954 39.4989 29
    endloop
  endfacet
  facet normal 0.258824 -0.965925 0
    outer loop
      vertex 5.20425 -42.6048 29
      vertex 16.7954 -39.4989 41
      vertex 5.20425 -42.6048 41
    endloop
  endfacet
  facet normal 0.258824 -0.965925 0
    outer loop
      vertex 16.7954 -39.4989 41
      vertex 5.20425 -42.6048 29
      vertex 16.7954 -39.4989 29
    endloop
  endfacet
  facet normal -0.965926 -0.258818 0
    outer loop
      vertex 5.20425 -42.6048 29
      vertex 0.483006 -24.9848 41
      vertex 0.483006 -24.9848 29
    endloop
  endfacet
  facet normal -0.965926 -0.258818 0
    outer loop
      vertex 0.483006 -24.9848 41
      vertex 5.20425 -42.6048 29
      vertex 5.20425 -42.6048 41
    endloop
  endfacet
  facet normal -0.965923 -0.25883 -0
    outer loop
      vertex -15.5911 35.0046 40
      vertex -16.7954 39.4989 29
      vertex -15.5911 35.0046 29
    endloop
  endfacet
  facet normal -0.965923 -0.25883 0
    outer loop
      vertex -16.7954 39.4989 29
      vertex -15.5911 35.0046 40
      vertex -16.7954 39.4989 41
    endloop
  endfacet
  facet normal -0.965926 -0.258819 -0
    outer loop
      vertex -12.0766 21.8883 41
      vertex -15.5911 35.0046 40
      vertex -12.0766 21.8883 40
    endloop
  endfacet
  facet normal -0.965925 -0.258822 -4.07386e-05
    outer loop
      vertex -15.5911 35.0046 40
      vertex -12.0766 21.8883 41
      vertex -16.7954 39.4989 41
    endloop
  endfacet
  facet normal 0.965925 0.258822 0
    outer loop
      vertex 16.7954 -39.4989 41
      vertex 12.0766 -21.8883 29
      vertex 12.0766 -21.8883 41
    endloop
  endfacet
  facet normal 0.965925 0.258822 0
    outer loop
      vertex 12.0766 -21.8883 29
      vertex 16.7954 -39.4989 41
      vertex 16.7954 -39.4989 29
    endloop
  endfacet
  facet normal 0.965926 0.258818 0
    outer loop
      vertex -0.483006 24.9848 41
      vertex -5.20425 42.6048 29
      vertex -5.20425 42.6048 41
    endloop
  endfacet
  facet normal 0.965926 0.258818 0
    outer loop
      vertex -5.20425 42.6048 29
      vertex -0.483006 24.9848 41
      vertex -0.483006 24.9848 29
    endloop
  endfacet
  facet normal 0.995562 0.0941078 0
    outer loop
      vertex 24.9507 1.56976 -40
      vertex 24.8029 3.13333 -45
      vertex 24.8029 3.13333 -40
    endloop
  endfacet
  facet normal 0.995562 0.0941078 0
    outer loop
      vertex 24.8029 3.13333 -45
      vertex 24.9507 1.56976 -40
      vertex 24.9507 1.56976 -45
    endloop
  endfacet
  facet normal 0.995562 0.0941078 0
    outer loop
      vertex 24.9507 1.56976 45
      vertex 24.8029 3.13333 41
      vertex 24.8029 3.13333 45
    endloop
  endfacet
  facet normal 0.995562 0.0941078 0
    outer loop
      vertex 24.8029 3.13333 41
      vertex 24.9507 1.56976 45
      vertex 24.9507 1.56976 41
    endloop
  endfacet
  facet normal 0.999507 0.0313906 0
    outer loop
      vertex 25 0 -40
      vertex 24.9507 1.56976 -45
      vertex 24.9507 1.56976 -40
    endloop
  endfacet
  facet normal 0.999507 0.0313906 0
    outer loop
      vertex 24.9507 1.56976 -45
      vertex 25 0 -40
      vertex 25 0 -45
    endloop
  endfacet
  facet normal 0.999508 0.0313624 0
    outer loop
      vertex 24.9507 1.56976 45
      vertex 24.9848 0.483006 41
      vertex 24.9507 1.56976 41
    endloop
  endfacet
  facet normal 0.999507 0.0313906 -7.66558e-06
    outer loop
      vertex 25 0 45
      vertex 24.9848 0.483006 41
      vertex 24.9507 1.56976 45
    endloop
  endfacet
  facet normal 0.999505 0.031454 -0
    outer loop
      vertex 25 0 40
      vertex 24.9848 0.483006 41
      vertex 25 0 45
    endloop
  endfacet
  facet normal 0.999505 0.031454 0
    outer loop
      vertex 24.9848 0.483006 41
      vertex 25 0 40
      vertex 24.9848 0.483006 40
    endloop
  endfacet
  facet normal 0.0313906 -0.999507 -7.66558e-06
    outer loop
      vertex 0 -25 45
      vertex 0.483006 -24.9848 41
      vertex 1.56976 -24.9507 45
    endloop
  endfacet
  facet normal 0.031454 -0.999505 0
    outer loop
      vertex 0 -25 45
      vertex 0.483006 -24.9848 29
      vertex 0.483006 -24.9848 41
    endloop
  endfacet
  facet normal 0.031454 -0.999505 0
    outer loop
      vertex 0 -25 -45
      vertex 0.483006 -24.9848 29
      vertex 0 -25 45
    endloop
  endfacet
  facet normal 0.0313624 -0.999508 5.98516e-07
    outer loop
      vertex 0 -25 -45
      vertex 1.56976 -24.9507 29
      vertex 0.483006 -24.9848 29
    endloop
  endfacet
  facet normal 0.0313906 -0.999507 0
    outer loop
      vertex 1.56976 -24.9507 29
      vertex 0 -25 -45
      vertex 1.56976 -24.9507 -45
    endloop
  endfacet
  facet normal 0.0313624 -0.999508 0
    outer loop
      vertex 1.56976 -24.9507 45
      vertex 0.483006 -24.9848 41
      vertex 1.56976 -24.9507 41
    endloop
  endfacet
  facet normal 0.790161 0.6129 0
    outer loop
      vertex 20.2254 14.6946 45
      vertex 19.2628 15.9356 -45
      vertex 19.2628 15.9356 45
    endloop
  endfacet
  facet normal 0.790161 0.6129 0
    outer loop
      vertex 19.2628 15.9356 -45
      vertex 20.2254 14.6946 45
      vertex 20.2254 14.6946 -45
    endloop
  endfacet
  facet normal 0.562113 0.82706 -0
    outer loop
      vertex 14.6946 20.2254 -45
      vertex 13.3957 21.1082 45
      vertex 14.6946 20.2254 45
    endloop
  endfacet
  facet normal 0.562113 0.82706 0
    outer loop
      vertex 13.3957 21.1082 45
      vertex 14.6946 20.2254 -45
      vertex 13.3957 21.1082 -45
    endloop
  endfacet
  facet normal -0.891001 -0.454001 0
    outer loop
      vertex -21.9077 -12.0438 41
      vertex -22.6207 -10.6445 45
      vertex -22.6207 -10.6445 41
    endloop
  endfacet
  facet normal -0.891001 -0.454001 0
    outer loop
      vertex -22.6207 -10.6445 45
      vertex -21.9077 -12.0438 41
      vertex -21.9077 -12.0438 45
    endloop
  endfacet
  facet normal -0.891001 -0.454001 0
    outer loop
      vertex -21.9077 -12.0438 -45
      vertex -22.6207 -10.6445 29
      vertex -22.6207 -10.6445 -45
    endloop
  endfacet
  facet normal -0.891001 -0.454001 0
    outer loop
      vertex -22.6207 -10.6445 29
      vertex -21.9077 -12.0438 -45
      vertex -21.9077 -12.0438 29
    endloop
  endfacet
  facet normal -0.82706 -0.562113 0
    outer loop
      vertex -20.2254 -14.6946 -45
      vertex -21.1082 -13.3957 45
      vertex -21.1082 -13.3957 -45
    endloop
  endfacet
  facet normal -0.82706 -0.562113 0
    outer loop
      vertex -21.1082 -13.3957 45
      vertex -20.2254 -14.6946 -45
      vertex -20.2254 -14.6946 45
    endloop
  endfacet
  facet normal -0.218141 0.975917 0
    outer loop
      vertex -4.68453 24.5572 -45
      vertex -6.21725 24.2146 29
      vertex -4.68453 24.5572 29
    endloop
  endfacet
  facet normal -0.218141 0.975917 0
    outer loop
      vertex -6.21725 24.2146 29
      vertex -4.68453 24.5572 -45
      vertex -6.21725 24.2146 -45
    endloop
  endfacet
  facet normal -0.218141 0.975917 0
    outer loop
      vertex -4.68453 24.5572 41
      vertex -6.21725 24.2146 45
      vertex -4.68453 24.5572 45
    endloop
  endfacet
  facet normal -0.218141 0.975917 0
    outer loop
      vertex -6.21725 24.2146 45
      vertex -4.68453 24.5572 41
      vertex -6.21725 24.2146 41
    endloop
  endfacet
  facet normal 0.960288 0.279012 0
    outer loop
      vertex 24.2146 6.21725 45
      vertex 23.7764 7.72542 41
      vertex 23.7764 7.72542 45
    endloop
  endfacet
  facet normal 0.960288 0.279012 0
    outer loop
      vertex 23.7764 7.72542 41
      vertex 24.2146 6.21725 45
      vertex 24.2146 6.21725 41
    endloop
  endfacet
  facet normal 0.960288 0.279012 0
    outer loop
      vertex 24.2146 6.21725 29
      vertex 23.7764 7.72542 -45
      vertex 23.7764 7.72542 29
    endloop
  endfacet
  facet normal 0.960288 0.279012 0
    outer loop
      vertex 23.7764 7.72542 -45
      vertex 24.2146 6.21725 29
      vertex 24.2146 6.21725 -45
    endloop
  endfacet
  facet normal -0.940881 -0.338737 0
    outer loop
      vertex -23.2444 -9.20311 41
      vertex -23.7764 -7.72542 45
      vertex -23.7764 -7.72542 41
    endloop
  endfacet
  facet normal -0.940881 -0.338737 0
    outer loop
      vertex -23.7764 -7.72542 45
      vertex -23.2444 -9.20311 41
      vertex -23.2444 -9.20311 45
    endloop
  endfacet
  facet normal -0.940881 -0.338737 0
    outer loop
      vertex -23.2444 -9.20311 -45
      vertex -23.7764 -7.72542 29
      vertex -23.7764 -7.72542 -45
    endloop
  endfacet
  facet normal -0.940881 -0.338737 0
    outer loop
      vertex -23.7764 -7.72542 29
      vertex -23.2444 -9.20311 -45
      vertex -23.2444 -9.20311 29
    endloop
  endfacet
  facet normal 0.338737 0.940881 -0
    outer loop
      vertex 9.20311 23.2444 -45
      vertex 7.72542 23.7764 45
      vertex 9.20311 23.2444 45
    endloop
  endfacet
  facet normal 0.338737 0.940881 0
    outer loop
      vertex 7.72542 23.7764 45
      vertex 9.20311 23.2444 -45
      vertex 7.72542 23.7764 -45
    endloop
  endfacet
  facet normal -0.917765 0.397124 0
    outer loop
      vertex -23.2444 9.20311 -45
      vertex -22.6207 10.6445 45
      vertex -22.6207 10.6445 -45
    endloop
  endfacet
  facet normal -0.917765 0.397124 0
    outer loop
      vertex -22.6207 10.6445 45
      vertex -23.2444 9.20311 -45
      vertex -23.2444 9.20311 45
    endloop
  endfacet
  facet normal -0.509036 -0.860745 0
    outer loop
      vertex -13.3957 -21.1082 -45
      vertex -12.0438 -21.9077 -40
      vertex -13.3957 -21.1082 -40
    endloop
  endfacet
  facet normal -0.509036 -0.860745 -0
    outer loop
      vertex -12.0438 -21.9077 -40
      vertex -13.3957 -21.1082 -45
      vertex -12.0438 -21.9077 -45
    endloop
  endfacet
  facet normal -0.509036 -0.860745 0
    outer loop
      vertex -13.3957 -21.1082 40
      vertex -12.0438 -21.9077 45
      vertex -13.3957 -21.1082 45
    endloop
  endfacet
  facet normal -0.509036 -0.860745 -0
    outer loop
      vertex -12.0438 -21.9077 45
      vertex -13.3957 -21.1082 40
      vertex -12.0438 -21.9077 40
    endloop
  endfacet
  facet normal 0 0 1
    outer loop
      vertex 24.9507 1.56976 45
      vertex 24.9507 -1.56976 45
      vertex 25 0 45
    endloop
  endfacet
  facet normal 0 0 1
    outer loop
      vertex 24.8029 3.13333 45
      vertex 24.9507 -1.56976 45
      vertex 24.9507 1.56976 45
    endloop
  endfacet
  facet normal 0 0 1
    outer loop
      vertex 24.8029 3.13333 45
      vertex 24.8029 -3.13333 45
      vertex 24.9507 -1.56976 45
    endloop
  endfacet
  facet normal 0 0 1
    outer loop
      vertex 24.5572 4.68453 45
      vertex 24.8029 -3.13333 45
      vertex 24.8029 3.13333 45
    endloop
  endfacet
  facet normal 0 0 1
    outer loop
      vertex 24.5572 4.68453 45
      vertex 24.5572 -4.68453 45
      vertex 24.8029 -3.13333 45
    endloop
  endfacet
  facet normal 0 0 1
    outer loop
      vertex 24.2146 6.21725 45
      vertex 24.5572 -4.68453 45
      vertex 24.5572 4.68453 45
    endloop
  endfacet
  facet normal 0 0 1
    outer loop
      vertex 24.2146 6.21725 45
      vertex 24.2146 -6.21725 45
      vertex 24.5572 -4.68453 45
    endloop
  endfacet
  facet normal 0 0 1
    outer loop
      vertex 23.7764 7.72542 45
      vertex 24.2146 -6.21725 45
      vertex 24.2146 6.21725 45
    endloop
  endfacet
  facet normal 0 0 1
    outer loop
      vertex 23.7764 7.72542 45
      vertex 23.7764 -7.72542 45
      vertex 24.2146 -6.21725 45
    endloop
  endfacet
  facet normal 0 0 1
    outer loop
      vertex 23.2444 9.20311 45
      vertex 23.7764 -7.72542 45
      vertex 23.7764 7.72542 45
    endloop
  endfacet
  facet normal 0 0 1
    outer loop
      vertex 23.2444 9.20311 45
      vertex 23.2444 -9.20311 45
      vertex 23.7764 -7.72542 45
    endloop
  endfacet
  facet normal 0 0 1
    outer loop
      vertex 22.6207 10.6445 45
      vertex 23.2444 -9.20311 45
      vertex 23.2444 9.20311 45
    endloop
  endfacet
  facet normal 0 0 1
    outer loop
      vertex 22.6207 10.6445 45
      vertex 22.6207 -10.6445 45
      vertex 23.2444 -9.20311 45
    endloop
  endfacet
  facet normal 0 0 1
    outer loop
      vertex 21.9077 12.0438 45
      vertex 22.6207 -10.6445 45
      vertex 22.6207 10.6445 45
    endloop
  endfacet
  facet normal 0 0 1
    outer loop
      vertex 21.9077 12.0438 45
      vertex 21.9077 -12.0438 45
      vertex 22.6207 -10.6445 45
    endloop
  endfacet
  facet normal 0 0 1
    outer loop
      vertex 21.1082 13.3957 45
      vertex 21.9077 -12.0438 45
      vertex 21.9077 12.0438 45
    endloop
  endfacet
  facet normal 0 0 1
    outer loop
      vertex 21.1082 13.3957 45
      vertex 21.1082 -13.3957 45
      vertex 21.9077 -12.0438 45
    endloop
  endfacet
  facet normal 0 0 1
    outer loop
      vertex 20.2254 14.6946 45
      vertex 21.1082 -13.3957 45
      vertex 21.1082 13.3957 45
    endloop
  endfacet
  facet normal 0 0 1
    outer loop
      vertex 20.2254 14.6946 45
      vertex 20.2254 -14.6946 45
      vertex 21.1082 -13.3957 45
    endloop
  endfacet
  facet normal 0 0 1
    outer loop
      vertex 19.2628 15.9356 45
      vertex 20.2254 -14.6946 45
      vertex 20.2254 14.6946 45
    endloop
  endfacet
  facet normal 0 0 1
    outer loop
      vertex 19.2628 15.9356 45
      vertex 19.2628 -15.9356 45
      vertex 20.2254 -14.6946 45
    endloop
  endfacet
  facet normal 0 0 1
    outer loop
      vertex 18.2242 17.1137 45
      vertex 19.2628 -15.9356 45
      vertex 19.2628 15.9356 45
    endloop
  endfacet
  facet normal 0 0 1
    outer loop
      vertex 18.2242 17.1137 45
      vertex 18.2242 -17.1137 45
      vertex 19.2628 -15.9356 45
    endloop
  endfacet
  facet normal 0 0 1
    outer loop
      vertex 17.1137 18.2242 45
      vertex 18.2242 -17.1137 45
      vertex 18.2242 17.1137 45
    endloop
  endfacet
  facet normal 0 0 1
    outer loop
      vertex 17.1137 18.2242 45
      vertex 17.1137 -18.2242 45
      vertex 18.2242 -17.1137 45
    endloop
  endfacet
  facet normal 0 0 1
    outer loop
      vertex 15.9356 19.2628 45
      vertex 17.1137 -18.2242 45
      vertex 17.1137 18.2242 45
    endloop
  endfacet
  facet normal 0 0 1
    outer loop
      vertex 15.9356 19.2628 45
      vertex 15.9356 -19.2628 45
      vertex 17.1137 -18.2242 45
    endloop
  endfacet
  facet normal 0 0 1
    outer loop
      vertex 14.6946 20.2254 45
      vertex 15.9356 -19.2628 45
      vertex 15.9356 19.2628 45
    endloop
  endfacet
  facet normal 0 0 1
    outer loop
      vertex 14.6946 20.2254 45
      vertex 14.6946 -20.2254 45
      vertex 15.9356 -19.2628 45
    endloop
  endfacet
  facet normal 0 0 1
    outer loop
      vertex 13.3957 21.1082 45
      vertex 14.6946 -20.2254 45
      vertex 14.6946 20.2254 45
    endloop
  endfacet
  facet normal 0 0 1
    outer loop
      vertex 13.3957 21.1082 45
      vertex 13.3957 -21.1082 45
      vertex 14.6946 -20.2254 45
    endloop
  endfacet
  facet normal 0 0 1
    outer loop
      vertex 12.0438 21.9077 45
      vertex 13.3957 -21.1082 45
      vertex 13.3957 21.1082 45
    endloop
  endfacet
  facet normal 0 0 1
    outer loop
      vertex 12.0438 21.9077 45
      vertex 12.0438 -21.9077 45
      vertex 13.3957 -21.1082 45
    endloop
  endfacet
  facet normal 0 0 1
    outer loop
      vertex 10.6445 22.6207 45
      vertex 12.0438 -21.9077 45
      vertex 12.0438 21.9077 45
    endloop
  endfacet
  facet normal 0 0 1
    outer loop
      vertex 10.6445 22.6207 45
      vertex 10.6445 -22.6207 45
      vertex 12.0438 -21.9077 45
    endloop
  endfacet
  facet normal 0 0 1
    outer loop
      vertex 9.20311 23.2444 45
      vertex 10.6445 -22.6207 45
      vertex 10.6445 22.6207 45
    endloop
  endfacet
  facet normal 0 0 1
    outer loop
      vertex 9.20311 23.2444 45
      vertex 9.20311 -23.2444 45
      vertex 10.6445 -22.6207 45
    endloop
  endfacet
  facet normal 0 0 1
    outer loop
      vertex 7.72542 23.7764 45
      vertex 9.20311 -23.2444 45
      vertex 9.20311 23.2444 45
    endloop
  endfacet
  facet normal 0 0 1
    outer loop
      vertex 7.72542 23.7764 45
      vertex 7.72542 -23.7764 45
      vertex 9.20311 -23.2444 45
    endloop
  endfacet
  facet normal 0 0 1
    outer loop
      vertex 6.21725 24.2146 45
      vertex 7.72542 -23.7764 45
      vertex 7.72542 23.7764 45
    endloop
  endfacet
  facet normal 0 0 1
    outer loop
      vertex 6.21725 24.2146 45
      vertex 6.21725 -24.2146 45
      vertex 7.72542 -23.7764 45
    endloop
  endfacet
  facet normal 0 0 1
    outer loop
      vertex 4.68453 24.5572 45
      vertex 6.21725 -24.2146 45
      vertex 6.21725 24.2146 45
    endloop
  endfacet
  facet normal 0 0 1
    outer loop
      vertex 4.68453 24.5572 45
      vertex 4.68453 -24.5572 45
      vertex 6.21725 -24.2146 45
    endloop
  endfacet
  facet normal 0 0 1
    outer loop
      vertex 3.13333 24.8029 45
      vertex 4.68453 -24.5572 45
      vertex 4.68453 24.5572 45
    endloop
  endfacet
  facet normal 0 0 1
    outer loop
      vertex 3.13333 24.8029 45
      vertex 3.13333 -24.8029 45
      vertex 4.68453 -24.5572 45
    endloop
  endfacet
  facet normal 0 0 1
    outer loop
      vertex 1.56976 24.9507 45
      vertex 3.13333 -24.8029 45
      vertex 3.13333 24.8029 45
    endloop
  endfacet
  facet normal 0 0 1
    outer loop
      vertex 1.56976 24.9507 45
      vertex 1.56976 -24.9507 45
      vertex 3.13333 -24.8029 45
    endloop
  endfacet
  facet normal 0 0 1
    outer loop
      vertex 0 25 45
      vertex 1.56976 -24.9507 45
      vertex 1.56976 24.9507 45
    endloop
  endfacet
  facet normal 0 0 1
    outer loop
      vertex 0 25 45
      vertex 0 -25 45
      vertex 1.56976 -24.9507 45
    endloop
  endfacet
  facet normal -0 0 1
    outer loop
      vertex -1.56976 24.9507 45
      vertex 0 -25 45
      vertex 0 25 45
    endloop
  endfacet
  facet normal 0 0 1
    outer loop
      vertex -1.56976 24.9507 45
      vertex -1.56976 -24.9507 45
      vertex 0 -25 45
    endloop
  endfacet
  facet normal -0 0 1
    outer loop
      vertex -3.13333 24.8029 45
      vertex -1.56976 -24.9507 45
      vertex -1.56976 24.9507 45
    endloop
  endfacet
  facet normal 0 0 1
    outer loop
      vertex -3.13333 24.8029 45
      vertex -3.13333 -24.8029 45
      vertex -1.56976 -24.9507 45
    endloop
  endfacet
  facet normal -0 0 1
    outer loop
      vertex -4.68453 24.5572 45
      vertex -3.13333 -24.8029 45
      vertex -3.13333 24.8029 45
    endloop
  endfacet
  facet normal 0 0 1
    outer loop
      vertex -4.68453 24.5572 45
      vertex -4.68453 -24.5572 45
      vertex -3.13333 -24.8029 45
    endloop
  endfacet
  facet normal -0 0 1
    outer loop
      vertex -6.21725 24.2146 45
      vertex -4.68453 -24.5572 45
      vertex -4.68453 24.5572 45
    endloop
  endfacet
  facet normal 0 0 1
    outer loop
      vertex -6.21725 24.2146 45
      vertex -6.21725 -24.2146 45
      vertex -4.68453 -24.5572 45
    endloop
  endfacet
  facet normal -0 0 1
    outer loop
      vertex -7.72542 23.7764 45
      vertex -6.21725 -24.2146 45
      vertex -6.21725 24.2146 45
    endloop
  endfacet
  facet normal 0 0 1
    outer loop
      vertex -7.72542 23.7764 45
      vertex -7.72542 -23.7764 45
      vertex -6.21725 -24.2146 45
    endloop
  endfacet
  facet normal -0 0 1
    outer loop
      vertex -9.20311 23.2444 45
      vertex -7.72542 -23.7764 45
      vertex -7.72542 23.7764 45
    endloop
  endfacet
  facet normal 0 0 1
    outer loop
      vertex -9.20311 23.2444 45
      vertex -9.20311 -23.2444 45
      vertex -7.72542 -23.7764 45
    endloop
  endfacet
  facet normal -0 0 1
    outer loop
      vertex -10.6445 22.6207 45
      vertex -9.20311 -23.2444 45
      vertex -9.20311 23.2444 45
    endloop
  endfacet
  facet normal 0 0 1
    outer loop
      vertex -10.6445 22.6207 45
      vertex -10.6445 -22.6207 45
      vertex -9.20311 -23.2444 45
    endloop
  endfacet
  facet normal -0 0 1
    outer loop
      vertex -12.0438 21.9077 45
      vertex -10.6445 -22.6207 45
      vertex -10.6445 22.6207 45
    endloop
  endfacet
  facet normal 0 0 1
    outer loop
      vertex -12.0438 21.9077 45
      vertex -12.0438 -21.9077 45
      vertex -10.6445 -22.6207 45
    endloop
  endfacet
  facet normal -0 0 1
    outer loop
      vertex -13.3957 21.1082 45
      vertex -12.0438 -21.9077 45
      vertex -12.0438 21.9077 45
    endloop
  endfacet
  facet normal 0 0 1
    outer loop
      vertex -13.3957 21.1082 45
      vertex -13.3957 -21.1082 45
      vertex -12.0438 -21.9077 45
    endloop
  endfacet
  facet normal -0 0 1
    outer loop
      vertex -14.6946 20.2254 45
      vertex -13.3957 -21.1082 45
      vertex -13.3957 21.1082 45
    endloop
  endfacet
  facet normal 0 0 1
    outer loop
      vertex -14.6946 20.2254 45
      vertex -14.6946 -20.2254 45
      vertex -13.3957 -21.1082 45
    endloop
  endfacet
  facet normal -0 0 1
    outer loop
      vertex -15.9356 19.2628 45
      vertex -14.6946 -20.2254 45
      vertex -14.6946 20.2254 45
    endloop
  endfacet
  facet normal 0 0 1
    outer loop
      vertex -15.9356 19.2628 45
      vertex -15.9356 -19.2628 45
      vertex -14.6946 -20.2254 45
    endloop
  endfacet
  facet normal -0 0 1
    outer loop
      vertex -17.1137 18.2242 45
      vertex -15.9356 -19.2628 45
      vertex -15.9356 19.2628 45
    endloop
  endfacet
  facet normal 0 0 1
    outer loop
      vertex -17.1137 18.2242 45
      vertex -17.1137 -18.2242 45
      vertex -15.9356 -19.2628 45
    endloop
  endfacet
  facet normal -0 0 1
    outer loop
      vertex -18.2242 17.1137 45
      vertex -17.1137 -18.2242 45
      vertex -17.1137 18.2242 45
    endloop
  endfacet
  facet normal 0 0 1
    outer loop
      vertex -18.2242 17.1137 45
      vertex -18.2242 -17.1137 45
      vertex -17.1137 -18.2242 45
    endloop
  endfacet
  facet normal -0 0 1
    outer loop
      vertex -19.2628 15.9356 45
      vertex -18.2242 -17.1137 45
      vertex -18.2242 17.1137 45
    endloop
  endfacet
  facet normal 0 0 1
    outer loop
      vertex -19.2628 15.9356 45
      vertex -19.2628 -15.9356 45
      vertex -18.2242 -17.1137 45
    endloop
  endfacet
  facet normal -0 0 1
    outer loop
      vertex -20.2254 14.6946 45
      vertex -19.2628 -15.9356 45
      vertex -19.2628 15.9356 45
    endloop
  endfacet
  facet normal 0 0 1
    outer loop
      vertex -20.2254 14.6946 45
      vertex -20.2254 -14.6946 45
      vertex -19.2628 -15.9356 45
    endloop
  endfacet
  facet normal -0 0 1
    outer loop
      vertex -21.1082 13.3957 45
      vertex -20.2254 -14.6946 45
      vertex -20.2254 14.6946 45
    endloop
  endfacet
  facet normal 0 0 1
    outer loop
      vertex -21.1082 13.3957 45
      vertex -21.1082 -13.3957 45
      vertex -20.2254 -14.6946 45
    endloop
  endfacet
  facet normal -0 0 1
    outer loop
      vertex -21.9077 12.0438 45
      vertex -21.1082 -13.3957 45
      vertex -21.1082 13.3957 45
    endloop
  endfacet
  facet normal 0 0 1
    outer loop
      vertex -21.9077 12.0438 45
      vertex -21.9077 -12.0438 45
      vertex -21.1082 -13.3957 45
    endloop
  endfacet
  facet normal -0 0 1
    outer loop
      vertex -22.6207 10.6445 45
      vertex -21.9077 -12.0438 45
      vertex -21.9077 12.0438 45
    endloop
  endfacet
  facet normal 0 0 1
    outer loop
      vertex -22.6207 10.6445 45
      vertex -22.6207 -10.6445 45
      vertex -21.9077 -12.0438 45
    endloop
  endfacet
  facet normal -0 0 1
    outer loop
      vertex -23.2444 9.20311 45
      vertex -22.6207 -10.6445 45
      vertex -22.6207 10.6445 45
    endloop
  endfacet
  facet normal 0 0 1
    outer loop
      vertex -23.2444 9.20311 45
      vertex -23.2444 -9.20311 45
      vertex -22.6207 -10.6445 45
    endloop
  endfacet
  facet normal -0 0 1
    outer loop
      vertex -23.7764 7.72542 45
      vertex -23.2444 -9.20311 45
      vertex -23.2444 9.20311 45
    endloop
  endfacet
  facet normal 0 0 1
    outer loop
      vertex -23.7764 7.72542 45
      vertex -23.7764 -7.72542 45
      vertex -23.2444 -9.20311 45
    endloop
  endfacet
  facet normal -0 0 1
    outer loop
      vertex -24.2146 6.21725 45
      vertex -23.7764 -7.72542 45
      vertex -23.7764 7.72542 45
    endloop
  endfacet
  facet normal 0 0 1
    outer loop
      vertex -24.2146 6.21725 45
      vertex -24.2146 -6.21725 45
      vertex -23.7764 -7.72542 45
    endloop
  endfacet
  facet normal -0 0 1
    outer loop
      vertex -24.5572 4.68453 45
      vertex -24.2146 -6.21725 45
      vertex -24.2146 6.21725 45
    endloop
  endfacet
  facet normal 0 0 1
    outer loop
      vertex -24.5572 4.68453 45
      vertex -24.5572 -4.68453 45
      vertex -24.2146 -6.21725 45
    endloop
  endfacet
  facet normal -0 0 1
    outer loop
      vertex -24.8029 3.13333 45
      vertex -24.5572 -4.68453 45
      vertex -24.5572 4.68453 45
    endloop
  endfacet
  facet normal 0 0 1
    outer loop
      vertex -24.8029 3.13333 45
      vertex -24.8029 -3.13333 45
      vertex -24.5572 -4.68453 45
    endloop
  endfacet
  facet normal -0 0 1
    outer loop
      vertex -24.9507 1.56976 45
      vertex -24.8029 -3.13333 45
      vertex -24.8029 3.13333 45
    endloop
  endfacet
  facet normal 0 0 1
    outer loop
      vertex -24.9507 1.56976 45
      vertex -24.9507 -1.56976 45
      vertex -24.8029 -3.13333 45
    endloop
  endfacet
  facet normal 0 -0 1
    outer loop
      vertex -24.9507 -1.56976 45
      vertex -24.9507 1.56976 45
      vertex -25 0 45
    endloop
  endfacet
  facet normal 0.156443 0.987687 -0
    outer loop
      vertex 4.68453 24.5572 -45
      vertex 3.13333 24.8029 45
      vertex 4.68453 24.5572 45
    endloop
  endfacet
  facet normal 0.156443 0.987687 0
    outer loop
      vertex 3.13333 24.8029 45
      vertex 4.68453 24.5572 -45
      vertex 3.13333 24.8029 -45
    endloop
  endfacet
  facet normal -0.661299 0.750122 0
    outer loop
      vertex -15.9356 19.2628 -45
      vertex -17.1137 18.2242 45
      vertex -15.9356 19.2628 45
    endloop
  endfacet
  facet normal -0.661299 0.750122 0
    outer loop
      vertex -17.1137 18.2242 45
      vertex -15.9356 19.2628 -45
      vertex -17.1137 18.2242 -45
    endloop
  endfacet
  facet normal 0.940881 -0.338737 0
    outer loop
      vertex 23.2444 -9.20311 45
      vertex 23.7764 -7.72542 -45
      vertex 23.7764 -7.72542 45
    endloop
  endfacet
  facet normal 0.940881 -0.338737 0
    outer loop
      vertex 23.7764 -7.72542 -45
      vertex 23.2444 -9.20311 45
      vertex 23.2444 -9.20311 -45
    endloop
  endfacet
  facet normal 0.860746 0.509035 -0
    outer loop
      vertex 21.8883 12.0766 29
      vertex 21.1082 13.3957 45
      vertex 21.8883 12.0766 41
    endloop
  endfacet
  facet normal 0.860745 0.509036 -5.18905e-07
    outer loop
      vertex 21.9077 12.0438 45
      vertex 21.8883 12.0766 41
      vertex 21.1082 13.3957 45
    endloop
  endfacet
  facet normal 0.860717 0.509083 0
    outer loop
      vertex 21.8883 12.0766 41
      vertex 21.9077 12.0438 45
      vertex 21.9077 12.0438 41
    endloop
  endfacet
  facet normal 0.860746 0.509035 0
    outer loop
      vertex 21.1082 13.3957 45
      vertex 21.8883 12.0766 29
      vertex 21.1082 13.3957 -45
    endloop
  endfacet
  facet normal 0.860717 0.509083 -0
    outer loop
      vertex 21.9077 12.0438 -45
      vertex 21.8883 12.0766 29
      vertex 21.9077 12.0438 29
    endloop
  endfacet
  facet normal 0.860745 0.509036 2.80489e-08
    outer loop
      vertex 21.8883 12.0766 29
      vertex 21.9077 12.0438 -45
      vertex 21.1082 13.3957 -45
    endloop
  endfacet
  facet normal -0.707107 -0.707107 0
    outer loop
      vertex -17.1137 -18.2242 -45
      vertex -18.2242 -17.1137 45
      vertex -18.2242 -17.1137 -45
    endloop
  endfacet
  facet normal -0.707107 -0.707107 0
    outer loop
      vertex -18.2242 -17.1137 45
      vertex -17.1137 -18.2242 -45
      vertex -17.1137 -18.2242 45
    endloop
  endfacet
  facet normal -0.612906 0.790156 0
    outer loop
      vertex -14.6946 20.2254 -40
      vertex -14.6946 20.2254 -45
      vertex -15.8006 19.3675 -40
    endloop
  endfacet
  facet normal -0.612906 0.790156 0
    outer loop
      vertex -15.8006 19.3675 40
      vertex -14.6946 20.2254 45
      vertex -14.6946 20.2254 40
    endloop
  endfacet
  facet normal -0.6129 0.790161 -2.33037e-06
    outer loop
      vertex -14.6946 20.2254 45
      vertex -15.8006 19.3675 40
      vertex -15.9356 19.2628 45
    endloop
  endfacet
  facet normal -0.612846 0.790202 0
    outer loop
      vertex -15.8006 19.3675 -40
      vertex -15.9356 19.2628 45
      vertex -15.8006 19.3675 40
    endloop
  endfacet
  facet normal -0.612846 0.790202 0
    outer loop
      vertex -15.8006 19.3675 -40
      vertex -15.9356 19.2628 -45
      vertex -15.9356 19.2628 45
    endloop
  endfacet
  facet normal -0.6129 0.790161 2.33037e-06
    outer loop
      vertex -15.9356 19.2628 -45
      vertex -15.8006 19.3675 -40
      vertex -14.6946 20.2254 -45
    endloop
  endfacet
  facet normal -0.0941078 -0.995562 0
    outer loop
      vertex -3.13333 -24.8029 -45
      vertex -1.56976 -24.9507 45
      vertex -3.13333 -24.8029 45
    endloop
  endfacet
  facet normal -0.0941078 -0.995562 -0
    outer loop
      vertex -1.56976 -24.9507 45
      vertex -3.13333 -24.8029 -45
      vertex -1.56976 -24.9507 -45
    endloop
  endfacet
  facet normal -0.279012 0.960288 0
    outer loop
      vertex -6.21725 24.2146 -45
      vertex -7.72542 23.7764 29
      vertex -6.21725 24.2146 29
    endloop
  endfacet
  facet normal -0.279012 0.960288 0
    outer loop
      vertex -7.72542 23.7764 29
      vertex -6.21725 24.2146 -45
      vertex -7.72542 23.7764 -45
    endloop
  endfacet
  facet normal -0.279012 0.960288 0
    outer loop
      vertex -6.21725 24.2146 41
      vertex -7.72542 23.7764 45
      vertex -6.21725 24.2146 45
    endloop
  endfacet
  facet normal -0.279012 0.960288 0
    outer loop
      vertex -7.72542 23.7764 45
      vertex -6.21725 24.2146 41
      vertex -7.72542 23.7764 41
    endloop
  endfacet
  facet normal 0.707107 0.707107 0
    outer loop
      vertex 18.2242 17.1137 45
      vertex 17.1137 18.2242 -45
      vertex 17.1137 18.2242 45
    endloop
  endfacet
  facet normal 0.707107 0.707107 0
    outer loop
      vertex 17.1137 18.2242 -45
      vertex 18.2242 17.1137 45
      vertex 18.2242 17.1137 -45
    endloop
  endfacet
  facet normal -0.509083 0.860717 0
    outer loop
      vertex -12.0766 21.8883 41
      vertex -12.0438 21.9077 45
      vertex -12.0438 21.9077 41
    endloop
  endfacet
  facet normal -0.509036 0.860745 -5.18905e-07
    outer loop
      vertex -12.0438 21.9077 45
      vertex -12.0766 21.8883 41
      vertex -13.3957 21.1082 45
    endloop
  endfacet
  facet normal -0.509035 0.860746 0
    outer loop
      vertex -13.3957 21.1082 40
      vertex -12.0766 21.8883 41
      vertex -12.0766 21.8883 40
    endloop
  endfacet
  facet normal -0.509035 0.860746 0
    outer loop
      vertex -12.0766 21.8883 41
      vertex -13.3957 21.1082 40
      vertex -13.3957 21.1082 45
    endloop
  endfacet
  facet normal -0.509036 0.860745 0
    outer loop
      vertex -12.0438 21.9077 -45
      vertex -13.3957 21.1082 -40
      vertex -12.0438 21.9077 -40
    endloop
  endfacet
  facet normal -0.509036 0.860745 0
    outer loop
      vertex -13.3957 21.1082 -40
      vertex -12.0438 21.9077 -45
      vertex -13.3957 21.1082 -45
    endloop
  endfacet
  facet normal -0.995562 -0.0941078 0
    outer loop
      vertex -24.8029 -3.13333 41
      vertex -24.9507 -1.56976 45
      vertex -24.9507 -1.56976 41
    endloop
  endfacet
  facet normal -0.995562 -0.0941078 0
    outer loop
      vertex -24.9507 -1.56976 45
      vertex -24.8029 -3.13333 41
      vertex -24.8029 -3.13333 45
    endloop
  endfacet
  facet normal -0.995562 -0.0941078 0
    outer loop
      vertex -24.8029 -3.13333 -45
      vertex -24.9507 -1.56976 29
      vertex -24.9507 -1.56976 -45
    endloop
  endfacet
  facet normal -0.995562 -0.0941078 0
    outer loop
      vertex -24.9507 -1.56976 29
      vertex -24.8029 -3.13333 -45
      vertex -24.8029 -3.13333 29
    endloop
  endfacet
  facet normal -0.999505 -0.031454 0
    outer loop
      vertex -25 0 -45
      vertex -24.9848 -0.483006 29
      vertex -25 0 45
    endloop
  endfacet
  facet normal -0.999507 -0.0313906 4.14356e-07
    outer loop
      vertex -24.9507 -1.56976 -45
      vertex -24.9848 -0.483006 29
      vertex -25 0 -45
    endloop
  endfacet
  facet normal -0.999508 -0.0313624 0
    outer loop
      vertex -24.9848 -0.483006 29
      vertex -24.9507 -1.56976 -45
      vertex -24.9507 -1.56976 29
    endloop
  endfacet
  facet normal -0.999505 -0.031454 -0
    outer loop
      vertex -24.9848 -0.483006 41
      vertex -25 0 45
      vertex -24.9848 -0.483006 29
    endloop
  endfacet
  facet normal -0.999508 -0.0313624 -0
    outer loop
      vertex -24.9507 -1.56976 45
      vertex -24.9848 -0.483006 41
      vertex -24.9507 -1.56976 41
    endloop
  endfacet
  facet normal -0.999507 -0.0313906 -7.66558e-06
    outer loop
      vertex -24.9848 -0.483006 41
      vertex -24.9507 -1.56976 45
      vertex -25 0 45
    endloop
  endfacet
  facet normal 0.156443 -0.987687 0
    outer loop
      vertex 3.13333 -24.8029 -45
      vertex 4.68453 -24.5572 29
      vertex 3.13333 -24.8029 29
    endloop
  endfacet
  facet normal 0.156443 -0.987687 0
    outer loop
      vertex 4.68453 -24.5572 29
      vertex 3.13333 -24.8029 -45
      vertex 4.68453 -24.5572 -45
    endloop
  endfacet
  facet normal 0.156443 -0.987687 0
    outer loop
      vertex 3.13333 -24.8029 41
      vertex 4.68453 -24.5572 45
      vertex 3.13333 -24.8029 45
    endloop
  endfacet
  facet normal 0.156443 -0.987687 0
    outer loop
      vertex 4.68453 -24.5572 45
      vertex 3.13333 -24.8029 41
      vertex 4.68453 -24.5572 41
    endloop
  endfacet
  facet normal -0.338871 -0.940833 -0
    outer loop
      vertex -9.20311 -23.2444 -40
      vertex -9.20311 -23.2444 -45
      vertex -8.8705 -23.3642 -40
    endloop
  endfacet
  facet normal -0.338871 -0.940833 0
    outer loop
      vertex -8.8705 -23.3642 40
      vertex -9.20311 -23.2444 45
      vertex -9.20311 -23.2444 40
    endloop
  endfacet
  facet normal -0.338737 -0.940881 1.00274e-05
    outer loop
      vertex -9.20311 -23.2444 45
      vertex -8.8705 -23.3642 40
      vertex -7.72542 -23.7764 45
    endloop
  endfacet
  facet normal -0.338699 -0.940895 0
    outer loop
      vertex -8.8705 -23.3642 -40
      vertex -7.72542 -23.7764 45
      vertex -8.8705 -23.3642 40
    endloop
  endfacet
  facet normal -0.338699 -0.940895 0
    outer loop
      vertex -8.8705 -23.3642 -40
      vertex -7.72542 -23.7764 -45
      vertex -7.72542 -23.7764 45
    endloop
  endfacet
  facet normal -0.338737 -0.940881 -1.00274e-05
    outer loop
      vertex -7.72542 -23.7764 -45
      vertex -8.8705 -23.3642 -40
      vertex -9.20311 -23.2444 -45
    endloop
  endfacet
  facet normal 0.82706 0.562113 0
    outer loop
      vertex 21.1082 13.3957 45
      vertex 20.2254 14.6946 -45
      vertex 20.2254 14.6946 45
    endloop
  endfacet
  facet normal 0.82706 0.562113 0
    outer loop
      vertex 20.2254 14.6946 -45
      vertex 21.1082 13.3957 45
      vertex 21.1082 13.3957 -45
    endloop
  endfacet
  facet normal 0.891001 -0.454001 0
    outer loop
      vertex 21.9077 -12.0438 45
      vertex 22.6207 -10.6445 -45
      vertex 22.6207 -10.6445 45
    endloop
  endfacet
  facet normal 0.891001 -0.454001 0
    outer loop
      vertex 22.6207 -10.6445 -45
      vertex 21.9077 -12.0438 45
      vertex 21.9077 -12.0438 -45
    endloop
  endfacet
  facet normal -0.975917 -0.218141 0
    outer loop
      vertex -24.2146 -6.21725 -45
      vertex -24.5572 -4.68453 29
      vertex -24.5572 -4.68453 -45
    endloop
  endfacet
  facet normal -0.975917 -0.218141 0
    outer loop
      vertex -24.5572 -4.68453 29
      vertex -24.2146 -6.21725 -45
      vertex -24.2146 -6.21725 29
    endloop
  endfacet
  facet normal -0.975917 -0.218141 0
    outer loop
      vertex -24.2146 -6.21725 41
      vertex -24.5572 -4.68453 45
      vertex -24.5572 -4.68453 41
    endloop
  endfacet
  facet normal -0.975917 -0.218141 0
    outer loop
      vertex -24.5572 -4.68453 45
      vertex -24.2146 -6.21725 41
      vertex -24.2146 -6.21725 45
    endloop
  endfacet
  facet normal 0.397124 0.917765 -0
    outer loop
      vertex 10.6445 22.6207 -45
      vertex 9.20311 23.2444 45
      vertex 10.6445 22.6207 45
    endloop
  endfacet
  facet normal 0.397124 0.917765 0
    outer loop
      vertex 9.20311 23.2444 45
      vertex 10.6445 22.6207 -45
      vertex 9.20311 23.2444 -45
    endloop
  endfacet
  facet normal -0.790161 0.6129 0
    outer loop
      vertex -20.2254 14.6946 -45
      vertex -19.2628 15.9356 45
      vertex -19.2628 15.9356 -45
    endloop
  endfacet
  facet normal -0.790161 0.6129 0
    outer loop
      vertex -19.2628 15.9356 45
      vertex -20.2254 14.6946 -45
      vertex -20.2254 14.6946 45
    endloop
  endfacet
  facet normal 0.397124 -0.917765 0
    outer loop
      vertex 9.20311 -23.2444 -45
      vertex 10.6445 -22.6207 29
      vertex 9.20311 -23.2444 29
    endloop
  endfacet
  facet normal 0.397124 -0.917765 0
    outer loop
      vertex 10.6445 -22.6207 29
      vertex 9.20311 -23.2444 -45
      vertex 10.6445 -22.6207 -45
    endloop
  endfacet
  facet normal 0.397124 -0.917765 0
    outer loop
      vertex 9.20311 -23.2444 41
      vertex 10.6445 -22.6207 45
      vertex 9.20311 -23.2444 45
    endloop
  endfacet
  facet normal 0.397124 -0.917765 0
    outer loop
      vertex 10.6445 -22.6207 45
      vertex 9.20311 -23.2444 41
      vertex 10.6445 -22.6207 41
    endloop
  endfacet
  facet normal 0.750122 -0.661299 0
    outer loop
      vertex 18.2242 -17.1137 45
      vertex 19.2628 -15.9356 -45
      vertex 19.2628 -15.9356 45
    endloop
  endfacet
  facet normal 0.750122 -0.661299 0
    outer loop
      vertex 19.2628 -15.9356 -45
      vertex 18.2242 -17.1137 45
      vertex 18.2242 -17.1137 -45
    endloop
  endfacet
  facet normal -0.454001 -0.891001 0
    outer loop
      vertex -12.0438 -21.9077 -45
      vertex -10.6445 -22.6207 -40
      vertex -12.0438 -21.9077 -40
    endloop
  endfacet
  facet normal -0.454001 -0.891001 -0
    outer loop
      vertex -10.6445 -22.6207 -40
      vertex -12.0438 -21.9077 -45
      vertex -10.6445 -22.6207 -45
    endloop
  endfacet
  facet normal -0.454001 -0.891001 0
    outer loop
      vertex -12.0438 -21.9077 40
      vertex -10.6445 -22.6207 45
      vertex -12.0438 -21.9077 45
    endloop
  endfacet
  facet normal -0.454001 -0.891001 -0
    outer loop
      vertex -10.6445 -22.6207 45
      vertex -12.0438 -21.9077 40
      vertex -10.6445 -22.6207 40
    endloop
  endfacet
  facet normal 0.987693 0.156408 -0
    outer loop
      vertex 24.6656 4 -40
      vertex 24.5572 4.68453 29
      vertex 24.6656 4 29
    endloop
  endfacet
  facet normal 0.987693 0.156408 0
    outer loop
      vertex 24.5572 4.68453 29
      vertex 24.6656 4 -40
      vertex 24.5572 4.68453 -45
    endloop
  endfacet
  facet normal 0.987683 0.156471 -0
    outer loop
      vertex 24.8029 3.13333 -45
      vertex 24.6656 4 -40
      vertex 24.8029 3.13333 -40
    endloop
  endfacet
  facet normal 0.987687 0.156443 4.95894e-06
    outer loop
      vertex 24.6656 4 -40
      vertex 24.8029 3.13333 -45
      vertex 24.5572 4.68453 -45
    endloop
  endfacet
  facet normal 0.987687 0.156443 0
    outer loop
      vertex 24.8029 3.13333 45
      vertex 24.5572 4.68453 41
      vertex 24.5572 4.68453 45
    endloop
  endfacet
  facet normal 0.987687 0.156443 0
    outer loop
      vertex 24.5572 4.68453 41
      vertex 24.8029 3.13333 45
      vertex 24.8029 3.13333 41
    endloop
  endfacet
  facet normal 0.917765 -0.397124 0
    outer loop
      vertex 22.6207 -10.6445 45
      vertex 23.2444 -9.20311 -45
      vertex 23.2444 -9.20311 45
    endloop
  endfacet
  facet normal 0.917765 -0.397124 0
    outer loop
      vertex 23.2444 -9.20311 -45
      vertex 22.6207 -10.6445 45
      vertex 22.6207 -10.6445 -45
    endloop
  endfacet
  facet normal 0.661299 0.750122 -0
    outer loop
      vertex 17.1137 18.2242 -45
      vertex 15.9356 19.2628 45
      vertex 17.1137 18.2242 45
    endloop
  endfacet
  facet normal 0.661299 0.750122 0
    outer loop
      vertex 15.9356 19.2628 45
      vertex 17.1137 18.2242 -45
      vertex 15.9356 19.2628 -45
    endloop
  endfacet
  facet normal 0.82706 -0.562113 0
    outer loop
      vertex 20.2254 -14.6946 45
      vertex 21.1082 -13.3957 -45
      vertex 21.1082 -13.3957 45
    endloop
  endfacet
  facet normal 0.82706 -0.562113 0
    outer loop
      vertex 21.1082 -13.3957 -45
      vertex 20.2254 -14.6946 45
      vertex 20.2254 -14.6946 -45
    endloop
  endfacet
  facet normal -0.960288 -0.279012 0
    outer loop
      vertex -23.7764 -7.72542 41
      vertex -24.2146 -6.21725 45
      vertex -24.2146 -6.21725 41
    endloop
  endfacet
  facet normal -0.960288 -0.279012 0
    outer loop
      vertex -24.2146 -6.21725 45
      vertex -23.7764 -7.72542 41
      vertex -23.7764 -7.72542 45
    endloop
  endfacet
  facet normal -0.960288 -0.279012 0
    outer loop
      vertex -23.7764 -7.72542 -45
      vertex -24.2146 -6.21725 29
      vertex -24.2146 -6.21725 -45
    endloop
  endfacet
  facet normal -0.960288 -0.279012 0
    outer loop
      vertex -24.2146 -6.21725 29
      vertex -23.7764 -7.72542 -45
      vertex -23.7764 -7.72542 29
    endloop
  endfacet
  facet normal -0.562113 0.82706 0
    outer loop
      vertex -13.3957 21.1082 40
      vertex -14.6946 20.2254 45
      vertex -13.3957 21.1082 45
    endloop
  endfacet
  facet normal -0.562113 0.82706 0
    outer loop
      vertex -14.6946 20.2254 45
      vertex -13.3957 21.1082 40
      vertex -14.6946 20.2254 40
    endloop
  endfacet
  facet normal -0.562113 0.82706 0
    outer loop
      vertex -13.3957 21.1082 -45
      vertex -14.6946 20.2254 -40
      vertex -13.3957 21.1082 -40
    endloop
  endfacet
  facet normal -0.562113 0.82706 0
    outer loop
      vertex -14.6946 20.2254 -40
      vertex -13.3957 21.1082 -45
      vertex -14.6946 20.2254 -45
    endloop
  endfacet
  facet normal 0.790161 -0.6129 0
    outer loop
      vertex 19.2628 -15.9356 45
      vertex 20.2254 -14.6946 -45
      vertex 20.2254 -14.6946 45
    endloop
  endfacet
  facet normal 0.790161 -0.6129 0
    outer loop
      vertex 20.2254 -14.6946 -45
      vertex 19.2628 -15.9356 45
      vertex 19.2628 -15.9356 -45
    endloop
  endfacet
  facet normal 0.917765 0.397124 0
    outer loop
      vertex 23.2444 9.20311 29
      vertex 22.6207 10.6445 -45
      vertex 22.6207 10.6445 29
    endloop
  endfacet
  facet normal 0.917765 0.397124 0
    outer loop
      vertex 22.6207 10.6445 -45
      vertex 23.2444 9.20311 29
      vertex 23.2444 9.20311 -45
    endloop
  endfacet
  facet normal 0.917765 0.397124 0
    outer loop
      vertex 23.2444 9.20311 45
      vertex 22.6207 10.6445 41
      vertex 22.6207 10.6445 45
    endloop
  endfacet
  facet normal 0.917765 0.397124 0
    outer loop
      vertex 22.6207 10.6445 41
      vertex 23.2444 9.20311 45
      vertex 23.2444 9.20311 41
    endloop
  endfacet
  facet normal 0.279012 0.960288 -0
    outer loop
      vertex 7.72542 23.7764 -45
      vertex 6.21725 24.2146 45
      vertex 7.72542 23.7764 45
    endloop
  endfacet
  facet normal 0.279012 0.960288 0
    outer loop
      vertex 6.21725 24.2146 45
      vertex 7.72542 23.7764 -45
      vertex 6.21725 24.2146 -45
    endloop
  endfacet
  facet normal 0.891001 0.454001 0
    outer loop
      vertex 22.6207 10.6445 29
      vertex 21.9077 12.0438 -45
      vertex 21.9077 12.0438 29
    endloop
  endfacet
  facet normal 0.891001 0.454001 0
    outer loop
      vertex 21.9077 12.0438 -45
      vertex 22.6207 10.6445 29
      vertex 22.6207 10.6445 -45
    endloop
  endfacet
  facet normal 0.891001 0.454001 0
    outer loop
      vertex 22.6207 10.6445 45
      vertex 21.9077 12.0438 41
      vertex 21.9077 12.0438 45
    endloop
  endfacet
  facet normal 0.891001 0.454001 0
    outer loop
      vertex 21.9077 12.0438 41
      vertex 22.6207 10.6445 45
      vertex 22.6207 10.6445 41
    endloop
  endfacet
  facet normal -0.0313906 -0.999507 0
    outer loop
      vertex -1.56976 -24.9507 -45
      vertex 0 -25 45
      vertex -1.56976 -24.9507 45
    endloop
  endfacet
  facet normal -0.0313906 -0.999507 -0
    outer loop
      vertex 0 -25 45
      vertex -1.56976 -24.9507 -45
      vertex 0 -25 -45
    endloop
  endfacet
  facet normal 0.0941078 -0.995562 0
    outer loop
      vertex 1.56976 -24.9507 41
      vertex 3.13333 -24.8029 45
      vertex 1.56976 -24.9507 45
    endloop
  endfacet
  facet normal 0.0941078 -0.995562 0
    outer loop
      vertex 3.13333 -24.8029 45
      vertex 1.56976 -24.9507 41
      vertex 3.13333 -24.8029 41
    endloop
  endfacet
  facet normal 0.0941078 -0.995562 0
    outer loop
      vertex 1.56976 -24.9507 -45
      vertex 3.13333 -24.8029 29
      vertex 1.56976 -24.9507 29
    endloop
  endfacet
  facet normal 0.0941078 -0.995562 0
    outer loop
      vertex 3.13333 -24.8029 29
      vertex 1.56976 -24.9507 -45
      vertex 3.13333 -24.8029 -45
    endloop
  endfacet
  facet normal -0.397124 0.917765 0
    outer loop
      vertex -9.20311 23.2444 41
      vertex -10.6445 22.6207 45
      vertex -9.20311 23.2444 45
    endloop
  endfacet
  facet normal -0.397124 0.917765 0
    outer loop
      vertex -10.6445 22.6207 45
      vertex -9.20311 23.2444 41
      vertex -10.6445 22.6207 41
    endloop
  endfacet
  facet normal -0.397124 0.917765 0
    outer loop
      vertex -9.20311 23.2444 -45
      vertex -10.6445 22.6207 -40
      vertex -9.20311 23.2444 -40
    endloop
  endfacet
  facet normal -0.397124 0.917765 0
    outer loop
      vertex -10.6445 22.6207 -40
      vertex -9.20311 23.2444 -45
      vertex -10.6445 22.6207 -45
    endloop
  endfacet
  facet normal -0.0941078 0.995562 0
    outer loop
      vertex -1.56976 24.9507 41
      vertex -3.13333 24.8029 45
      vertex -1.56976 24.9507 45
    endloop
  endfacet
  facet normal -0.0941078 0.995562 0
    outer loop
      vertex -3.13333 24.8029 45
      vertex -1.56976 24.9507 41
      vertex -3.13333 24.8029 41
    endloop
  endfacet
  facet normal -0.0941078 0.995562 0
    outer loop
      vertex -1.56976 24.9507 -45
      vertex -3.13333 24.8029 29
      vertex -1.56976 24.9507 29
    endloop
  endfacet
  facet normal -0.0941078 0.995562 0
    outer loop
      vertex -3.13333 24.8029 29
      vertex -1.56976 24.9507 -45
      vertex -3.13333 24.8029 -45
    endloop
  endfacet
  facet normal -0.156443 0.987687 0
    outer loop
      vertex -3.13333 24.8029 -45
      vertex -4.68453 24.5572 29
      vertex -3.13333 24.8029 29
    endloop
  endfacet
  facet normal -0.156443 0.987687 0
    outer loop
      vertex -4.68453 24.5572 29
      vertex -3.13333 24.8029 -45
      vertex -4.68453 24.5572 -45
    endloop
  endfacet
  facet normal -0.156443 0.987687 0
    outer loop
      vertex -3.13333 24.8029 41
      vertex -4.68453 24.5572 45
      vertex -3.13333 24.8029 45
    endloop
  endfacet
  facet normal -0.156443 0.987687 0
    outer loop
      vertex -4.68453 24.5572 45
      vertex -3.13333 24.8029 41
      vertex -4.68453 24.5572 41
    endloop
  endfacet
  facet normal 0.995562 -0.0941078 0
    outer loop
      vertex 24.8029 -3.13333 -40
      vertex 24.9507 -1.56976 -45
      vertex 24.9507 -1.56976 -40
    endloop
  endfacet
  facet normal 0.995562 -0.0941078 0
    outer loop
      vertex 24.9507 -1.56976 -45
      vertex 24.8029 -3.13333 -40
      vertex 24.8029 -3.13333 -45
    endloop
  endfacet
  facet normal 0.995562 -0.0941078 0
    outer loop
      vertex 24.8029 -3.13333 45
      vertex 24.9507 -1.56976 40
      vertex 24.9507 -1.56976 45
    endloop
  endfacet
  facet normal 0.995562 -0.0941078 0
    outer loop
      vertex 24.9507 -1.56976 40
      vertex 24.8029 -3.13333 45
      vertex 24.8029 -3.13333 40
    endloop
  endfacet
  facet normal 0.987683 -0.156471 0
    outer loop
      vertex 24.8029 -3.13333 45
      vertex 24.6656 -4 40
      vertex 24.8029 -3.13333 40
    endloop
  endfacet
  facet normal 0.987693 -0.156408 0
    outer loop
      vertex 24.6656 -4 40
      vertex 24.5572 -4.68453 45
      vertex 24.6656 -4 -40
    endloop
  endfacet
  facet normal 0.987687 -0.156443 -4.95894e-06
    outer loop
      vertex 24.5572 -4.68453 45
      vertex 24.6656 -4 40
      vertex 24.8029 -3.13333 45
    endloop
  endfacet
  facet normal 0.987683 -0.156471 0
    outer loop
      vertex 24.6656 -4 -40
      vertex 24.8029 -3.13333 -45
      vertex 24.8029 -3.13333 -40
    endloop
  endfacet
  facet normal 0.987687 -0.156443 4.95894e-06
    outer loop
      vertex 24.6656 -4 -40
      vertex 24.5572 -4.68453 -45
      vertex 24.8029 -3.13333 -45
    endloop
  endfacet
  facet normal 0.987693 -0.156408 0
    outer loop
      vertex 24.5572 -4.68453 -45
      vertex 24.6656 -4 -40
      vertex 24.5572 -4.68453 45
    endloop
  endfacet
  facet normal -0.987687 -0.156443 0
    outer loop
      vertex -24.5572 -4.68453 -45
      vertex -24.8029 -3.13333 29
      vertex -24.8029 -3.13333 -45
    endloop
  endfacet
  facet normal -0.987687 -0.156443 0
    outer loop
      vertex -24.8029 -3.13333 29
      vertex -24.5572 -4.68453 -45
      vertex -24.5572 -4.68453 29
    endloop
  endfacet
  facet normal -0.987687 -0.156443 0
    outer loop
      vertex -24.5572 -4.68453 41
      vertex -24.8029 -3.13333 45
      vertex -24.8029 -3.13333 41
    endloop
  endfacet
  facet normal -0.987687 -0.156443 0
    outer loop
      vertex -24.8029 -3.13333 45
      vertex -24.5572 -4.68453 41
      vertex -24.5572 -4.68453 45
    endloop
  endfacet
  facet normal 0.509036 0.860745 -0
    outer loop
      vertex 13.3957 21.1082 -45
      vertex 12.0438 21.9077 45
      vertex 13.3957 21.1082 45
    endloop
  endfacet
  facet normal 0.509036 0.860745 0
    outer loop
      vertex 12.0438 21.9077 45
      vertex 13.3957 21.1082 -45
      vertex 12.0438 21.9077 -45
    endloop
  endfacet
  facet normal 0.0313906 0.999507 -0
    outer loop
      vertex 1.56976 24.9507 -45
      vertex 0 25 45
      vertex 1.56976 24.9507 45
    endloop
  endfacet
  facet normal 0.0313906 0.999507 0
    outer loop
      vertex 0 25 45
      vertex 1.56976 24.9507 -45
      vertex 0 25 -45
    endloop
  endfacet
  facet normal 0.279012 -0.960288 0
    outer loop
      vertex 6.21725 -24.2146 41
      vertex 7.72542 -23.7764 45
      vertex 6.21725 -24.2146 45
    endloop
  endfacet
  facet normal 0.279012 -0.960288 0
    outer loop
      vertex 7.72542 -23.7764 45
      vertex 6.21725 -24.2146 41
      vertex 7.72542 -23.7764 41
    endloop
  endfacet
  facet normal 0.279012 -0.960288 0
    outer loop
      vertex 6.21725 -24.2146 -45
      vertex 7.72542 -23.7764 29
      vertex 6.21725 -24.2146 29
    endloop
  endfacet
  facet normal 0.279012 -0.960288 0
    outer loop
      vertex 7.72542 -23.7764 29
      vertex 6.21725 -24.2146 -45
      vertex 7.72542 -23.7764 -45
    endloop
  endfacet
  facet normal 0.6129 0.790161 -0
    outer loop
      vertex 15.9356 19.2628 -45
      vertex 14.6946 20.2254 45
      vertex 15.9356 19.2628 45
    endloop
  endfacet
  facet normal 0.6129 0.790161 0
    outer loop
      vertex 14.6946 20.2254 45
      vertex 15.9356 19.2628 -45
      vertex 14.6946 20.2254 -45
    endloop
  endfacet
  facet normal 0.6129 -0.790161 0
    outer loop
      vertex 14.6946 -20.2254 -45
      vertex 15.9356 -19.2628 45
      vertex 14.6946 -20.2254 45
    endloop
  endfacet
  facet normal 0.6129 -0.790161 0
    outer loop
      vertex 15.9356 -19.2628 45
      vertex 14.6946 -20.2254 -45
      vertex 15.9356 -19.2628 -45
    endloop
  endfacet
  facet normal -0.82706 0.562113 0
    outer loop
      vertex -21.1082 13.3957 -45
      vertex -20.2254 14.6946 45
      vertex -20.2254 14.6946 -45
    endloop
  endfacet
  facet normal -0.82706 0.562113 0
    outer loop
      vertex -20.2254 14.6946 45
      vertex -21.1082 13.3957 -45
      vertex -21.1082 13.3957 45
    endloop
  endfacet
  facet normal 0.661299 -0.750122 0
    outer loop
      vertex 15.9356 -19.2628 -45
      vertex 17.1137 -18.2242 45
      vertex 15.9356 -19.2628 45
    endloop
  endfacet
  facet normal 0.661299 -0.750122 0
    outer loop
      vertex 17.1137 -18.2242 45
      vertex 15.9356 -19.2628 -45
      vertex 17.1137 -18.2242 -45
    endloop
  endfacet
  facet normal 0.960288 -0.279012 0
    outer loop
      vertex 23.7764 -7.72542 45
      vertex 24.2146 -6.21725 -45
      vertex 24.2146 -6.21725 45
    endloop
  endfacet
  facet normal 0.960288 -0.279012 0
    outer loop
      vertex 24.2146 -6.21725 -45
      vertex 23.7764 -7.72542 45
      vertex 23.7764 -7.72542 -45
    endloop
  endfacet
  facet normal 0.509083 -0.860717 0
    outer loop
      vertex 12.0438 -21.9077 29
      vertex 12.0438 -21.9077 -45
      vertex 12.0766 -21.8883 29
    endloop
  endfacet
  facet normal 0.509083 -0.860717 0
    outer loop
      vertex 12.0766 -21.8883 41
      vertex 12.0438 -21.9077 45
      vertex 12.0438 -21.9077 41
    endloop
  endfacet
  facet normal 0.509036 -0.860745 -5.18905e-07
    outer loop
      vertex 12.0438 -21.9077 45
      vertex 12.0766 -21.8883 41
      vertex 13.3957 -21.1082 45
    endloop
  endfacet
  facet normal 0.509035 -0.860746 0
    outer loop
      vertex 12.0766 -21.8883 29
      vertex 13.3957 -21.1082 45
      vertex 12.0766 -21.8883 41
    endloop
  endfacet
  facet normal 0.509036 -0.860745 2.80489e-08
    outer loop
      vertex 13.3957 -21.1082 -45
      vertex 12.0766 -21.8883 29
      vertex 12.0438 -21.9077 -45
    endloop
  endfacet
  facet normal 0.509035 -0.860746 0
    outer loop
      vertex 12.0766 -21.8883 29
      vertex 13.3957 -21.1082 -45
      vertex 13.3957 -21.1082 45
    endloop
  endfacet
  facet normal -0.790161 -0.6129 0
    outer loop
      vertex -19.2628 -15.9356 -45
      vertex -20.2254 -14.6946 45
      vertex -20.2254 -14.6946 -45
    endloop
  endfacet
  facet normal -0.790161 -0.6129 0
    outer loop
      vertex -20.2254 -14.6946 45
      vertex -19.2628 -15.9356 -45
      vertex -19.2628 -15.9356 45
    endloop
  endfacet
  facet normal 0.454001 -0.891001 0
    outer loop
      vertex 10.6445 -22.6207 -45
      vertex 12.0438 -21.9077 29
      vertex 10.6445 -22.6207 29
    endloop
  endfacet
  facet normal 0.454001 -0.891001 0
    outer loop
      vertex 12.0438 -21.9077 29
      vertex 10.6445 -22.6207 -45
      vertex 12.0438 -21.9077 -45
    endloop
  endfacet
  facet normal 0.454001 -0.891001 0
    outer loop
      vertex 10.6445 -22.6207 41
      vertex 12.0438 -21.9077 45
      vertex 10.6445 -22.6207 45
    endloop
  endfacet
  facet normal 0.454001 -0.891001 0
    outer loop
      vertex 12.0438 -21.9077 45
      vertex 10.6445 -22.6207 41
      vertex 12.0438 -21.9077 41
    endloop
  endfacet
  facet normal -0.750122 0.661299 0
    outer loop
      vertex -19.2628 15.9356 -45
      vertex -18.2242 17.1137 45
      vertex -18.2242 17.1137 -45
    endloop
  endfacet
  facet normal -0.750122 0.661299 0
    outer loop
      vertex -18.2242 17.1137 45
      vertex -19.2628 15.9356 -45
      vertex -19.2628 15.9356 45
    endloop
  endfacet
  facet normal -0.940881 0.338737 0
    outer loop
      vertex -23.7764 7.72542 -45
      vertex -23.2444 9.20311 45
      vertex -23.2444 9.20311 -45
    endloop
  endfacet
  facet normal -0.940881 0.338737 0
    outer loop
      vertex -23.2444 9.20311 45
      vertex -23.7764 7.72542 -45
      vertex -23.7764 7.72542 45
    endloop
  endfacet
  facet normal -0.562113 -0.82706 0
    outer loop
      vertex -14.6946 -20.2254 40
      vertex -13.3957 -21.1082 45
      vertex -14.6946 -20.2254 45
    endloop
  endfacet
  facet normal -0.562113 -0.82706 -0
    outer loop
      vertex -13.3957 -21.1082 45
      vertex -14.6946 -20.2254 40
      vertex -13.3957 -21.1082 40
    endloop
  endfacet
  facet normal -0.562113 -0.82706 0
    outer loop
      vertex -14.6946 -20.2254 -45
      vertex -13.3957 -21.1082 -40
      vertex -14.6946 -20.2254 -40
    endloop
  endfacet
  facet normal -0.562113 -0.82706 -0
    outer loop
      vertex -13.3957 -21.1082 -40
      vertex -14.6946 -20.2254 -45
      vertex -13.3957 -21.1082 -45
    endloop
  endfacet
  facet normal -0.454001 0.891001 0
    outer loop
      vertex -10.6445 22.6207 41
      vertex -12.0438 21.9077 45
      vertex -10.6445 22.6207 45
    endloop
  endfacet
  facet normal -0.454001 0.891001 0
    outer loop
      vertex -12.0438 21.9077 45
      vertex -10.6445 22.6207 41
      vertex -12.0438 21.9077 41
    endloop
  endfacet
  facet normal -0.454001 0.891001 0
    outer loop
      vertex -10.6445 22.6207 -45
      vertex -12.0438 21.9077 -40
      vertex -10.6445 22.6207 -40
    endloop
  endfacet
  facet normal -0.454001 0.891001 0
    outer loop
      vertex -12.0438 21.9077 -40
      vertex -10.6445 22.6207 -45
      vertex -12.0438 21.9077 -45
    endloop
  endfacet
  facet normal -0.917765 -0.397124 0
    outer loop
      vertex -22.6207 -10.6445 41
      vertex -23.2444 -9.20311 45
      vertex -23.2444 -9.20311 41
    endloop
  endfacet
  facet normal -0.917765 -0.397124 0
    outer loop
      vertex -23.2444 -9.20311 45
      vertex -22.6207 -10.6445 41
      vertex -22.6207 -10.6445 45
    endloop
  endfacet
  facet normal -0.917765 -0.397124 0
    outer loop
      vertex -22.6207 -10.6445 -45
      vertex -23.2444 -9.20311 29
      vertex -23.2444 -9.20311 -45
    endloop
  endfacet
  facet normal -0.917765 -0.397124 0
    outer loop
      vertex -23.2444 -9.20311 29
      vertex -22.6207 -10.6445 -45
      vertex -22.6207 -10.6445 29
    endloop
  endfacet
  facet normal -0.218141 -0.975917 0
    outer loop
      vertex -6.21725 -24.2146 -45
      vertex -4.68453 -24.5572 45
      vertex -6.21725 -24.2146 45
    endloop
  endfacet
  facet normal -0.218141 -0.975917 -0
    outer loop
      vertex -4.68453 -24.5572 45
      vertex -6.21725 -24.2146 -45
      vertex -4.68453 -24.5572 -45
    endloop
  endfacet
  facet normal 0.975917 -0.218141 0
    outer loop
      vertex 24.2146 -6.21725 45
      vertex 24.5572 -4.68453 -45
      vertex 24.5572 -4.68453 45
    endloop
  endfacet
  facet normal 0.975917 -0.218141 0
    outer loop
      vertex 24.5572 -4.68453 -45
      vertex 24.2146 -6.21725 45
      vertex 24.2146 -6.21725 -45
    endloop
  endfacet
  facet normal -0.975917 0.218141 0
    outer loop
      vertex -24.5572 4.68453 -45
      vertex -24.2146 6.21725 45
      vertex -24.2146 6.21725 -45
    endloop
  endfacet
  facet normal -0.975917 0.218141 0
    outer loop
      vertex -24.2146 6.21725 45
      vertex -24.5572 4.68453 -45
      vertex -24.5572 4.68453 45
    endloop
  endfacet
  facet normal -0.338737 0.940881 0
    outer loop
      vertex -7.72542 23.7764 41
      vertex -9.20311 23.2444 45
      vertex -7.72542 23.7764 45
    endloop
  endfacet
  facet normal -0.338737 0.940881 0
    outer loop
      vertex -9.20311 23.2444 45
      vertex -7.72542 23.7764 41
      vertex -9.20311 23.2444 41
    endloop
  endfacet
  facet normal -0.338699 0.940895 0
    outer loop
      vertex -7.72542 23.7764 29
      vertex -8.8705 23.3642 -40
      vertex -8.8705 23.3642 29
    endloop
  endfacet
  facet normal -0.338699 0.940895 0
    outer loop
      vertex -7.72542 23.7764 -45
      vertex -8.8705 23.3642 -40
      vertex -7.72542 23.7764 29
    endloop
  endfacet
  facet normal -0.338737 0.940881 -1.00274e-05
    outer loop
      vertex -9.20311 23.2444 -45
      vertex -8.8705 23.3642 -40
      vertex -7.72542 23.7764 -45
    endloop
  endfacet
  facet normal -0.338871 0.940833 0
    outer loop
      vertex -8.8705 23.3642 -40
      vertex -9.20311 23.2444 -45
      vertex -9.20311 23.2444 -40
    endloop
  endfacet
  facet normal -0.999507 0.0313906 0
    outer loop
      vertex -25 0 -45
      vertex -24.9507 1.56976 45
      vertex -24.9507 1.56976 -45
    endloop
  endfacet
  facet normal -0.999507 0.0313906 0
    outer loop
      vertex -24.9507 1.56976 45
      vertex -25 0 -45
      vertex -25 0 45
    endloop
  endfacet
  facet normal -0.960288 0.279012 0
    outer loop
      vertex -24.2146 6.21725 -45
      vertex -23.7764 7.72542 45
      vertex -23.7764 7.72542 -45
    endloop
  endfacet
  facet normal -0.960288 0.279012 0
    outer loop
      vertex -23.7764 7.72542 45
      vertex -24.2146 6.21725 -45
      vertex -24.2146 6.21725 45
    endloop
  endfacet
  facet normal 0.975917 0.218141 0
    outer loop
      vertex 24.5572 4.68453 45
      vertex 24.2146 6.21725 41
      vertex 24.2146 6.21725 45
    endloop
  endfacet
  facet normal 0.975917 0.218141 0
    outer loop
      vertex 24.2146 6.21725 41
      vertex 24.5572 4.68453 45
      vertex 24.5572 4.68453 41
    endloop
  endfacet
  facet normal 0.975917 0.218141 0
    outer loop
      vertex 24.5572 4.68453 29
      vertex 24.2146 6.21725 -45
      vertex 24.2146 6.21725 29
    endloop
  endfacet
  facet normal 0.975917 0.218141 0
    outer loop
      vertex 24.2146 6.21725 -45
      vertex 24.5572 4.68453 29
      vertex 24.5572 4.68453 -45
    endloop
  endfacet
  facet normal 0.940881 0.338737 0
    outer loop
      vertex 23.7764 7.72542 45
      vertex 23.2444 9.20311 41
      vertex 23.2444 9.20311 45
    endloop
  endfacet
  facet normal 0.940881 0.338737 0
    outer loop
      vertex 23.2444 9.20311 41
      vertex 23.7764 7.72542 45
      vertex 23.7764 7.72542 41
    endloop
  endfacet
  facet normal 0.940881 0.338737 0
    outer loop
      vertex 23.7764 7.72542 29
      vertex 23.2444 9.20311 -45
      vertex 23.2444 9.20311 29
    endloop
  endfacet
  facet normal 0.940881 0.338737 0
    outer loop
      vertex 23.2444 9.20311 -45
      vertex 23.7764 7.72542 29
      vertex 23.7764 7.72542 -45
    endloop
  endfacet
  facet normal 0.454001 0.891001 -0
    outer loop
      vertex 12.0438 21.9077 -45
      vertex 10.6445 22.6207 45
      vertex 12.0438 21.9077 45
    endloop
  endfacet
  facet normal 0.454001 0.891001 0
    outer loop
      vertex 10.6445 22.6207 45
      vertex 12.0438 21.9077 -45
      vertex 10.6445 22.6207 -45
    endloop
  endfacet
  facet normal 0.218141 0.975917 -0
    outer loop
      vertex 6.21725 24.2146 -45
      vertex 4.68453 24.5572 45
      vertex 6.21725 24.2146 45
    endloop
  endfacet
  facet normal 0.218141 0.975917 0
    outer loop
      vertex 4.68453 24.5572 45
      vertex 6.21725 24.2146 -45
      vertex 4.68453 24.5572 -45
    endloop
  endfacet
  facet normal 0.999507 -0.0313906 0
    outer loop
      vertex 24.9507 -1.56976 45
      vertex 25 0 40
      vertex 25 0 45
    endloop
  endfacet
  facet normal 0.999507 -0.0313906 0
    outer loop
      vertex 25 0 40
      vertex 24.9507 -1.56976 45
      vertex 24.9507 -1.56976 40
    endloop
  endfacet
  facet normal 0.999507 -0.0313906 0
    outer loop
      vertex 24.9507 -1.56976 -40
      vertex 25 0 -45
      vertex 25 0 -40
    endloop
  endfacet
  facet normal 0.999507 -0.0313906 0
    outer loop
      vertex 25 0 -45
      vertex 24.9507 -1.56976 -40
      vertex 24.9507 -1.56976 -45
    endloop
  endfacet
  facet normal 0.860745 -0.509036 0
    outer loop
      vertex 21.1082 -13.3957 45
      vertex 21.9077 -12.0438 -45
      vertex 21.9077 -12.0438 45
    endloop
  endfacet
  facet normal 0.860745 -0.509036 0
    outer loop
      vertex 21.9077 -12.0438 -45
      vertex 21.1082 -13.3957 45
      vertex 21.1082 -13.3957 -45
    endloop
  endfacet
  facet normal 0.338737 -0.940881 0
    outer loop
      vertex 7.72542 -23.7764 41
      vertex 9.20311 -23.2444 45
      vertex 7.72542 -23.7764 45
    endloop
  endfacet
  facet normal 0.338737 -0.940881 0
    outer loop
      vertex 9.20311 -23.2444 45
      vertex 7.72542 -23.7764 41
      vertex 9.20311 -23.2444 41
    endloop
  endfacet
  facet normal 0.338737 -0.940881 0
    outer loop
      vertex 7.72542 -23.7764 -45
      vertex 9.20311 -23.2444 29
      vertex 7.72542 -23.7764 29
    endloop
  endfacet
  facet normal 0.338737 -0.940881 0
    outer loop
      vertex 9.20311 -23.2444 29
      vertex 7.72542 -23.7764 -45
      vertex 9.20311 -23.2444 -45
    endloop
  endfacet
  facet normal -0.156443 -0.987687 0
    outer loop
      vertex -4.68453 -24.5572 -45
      vertex -3.13333 -24.8029 45
      vertex -4.68453 -24.5572 45
    endloop
  endfacet
  facet normal -0.156443 -0.987687 -0
    outer loop
      vertex -3.13333 -24.8029 45
      vertex -4.68453 -24.5572 -45
      vertex -3.13333 -24.8029 -45
    endloop
  endfacet
  facet normal -0.397124 -0.917765 0
    outer loop
      vertex -10.6445 -22.6207 40
      vertex -9.20311 -23.2444 45
      vertex -10.6445 -22.6207 45
    endloop
  endfacet
  facet normal -0.397124 -0.917765 -0
    outer loop
      vertex -9.20311 -23.2444 45
      vertex -10.6445 -22.6207 40
      vertex -9.20311 -23.2444 40
    endloop
  endfacet
  facet normal -0.397124 -0.917765 0
    outer loop
      vertex -10.6445 -22.6207 -45
      vertex -9.20311 -23.2444 -40
      vertex -10.6445 -22.6207 -40
    endloop
  endfacet
  facet normal -0.397124 -0.917765 -0
    outer loop
      vertex -9.20311 -23.2444 -40
      vertex -10.6445 -22.6207 -45
      vertex -9.20311 -23.2444 -45
    endloop
  endfacet
  facet normal 0 0 -1
    outer loop
      vertex 24.9507 -1.56976 -45
      vertex 24.9507 1.56976 -45
      vertex 25 0 -45
    endloop
  endfacet
  facet normal 0 0 -1
    outer loop
      vertex 24.8029 -3.13333 -45
      vertex 24.9507 1.56976 -45
      vertex 24.9507 -1.56976 -45
    endloop
  endfacet
  facet normal 0 0 -1
    outer loop
      vertex 24.8029 -3.13333 -45
      vertex 24.8029 3.13333 -45
      vertex 24.9507 1.56976 -45
    endloop
  endfacet
  facet normal 0 0 -1
    outer loop
      vertex 24.5572 -4.68453 -45
      vertex 24.8029 3.13333 -45
      vertex 24.8029 -3.13333 -45
    endloop
  endfacet
  facet normal 0 0 -1
    outer loop
      vertex 24.5572 -4.68453 -45
      vertex 24.5572 4.68453 -45
      vertex 24.8029 3.13333 -45
    endloop
  endfacet
  facet normal 0 0 -1
    outer loop
      vertex 24.2146 -6.21725 -45
      vertex 24.5572 4.68453 -45
      vertex 24.5572 -4.68453 -45
    endloop
  endfacet
  facet normal 0 0 -1
    outer loop
      vertex 24.2146 -6.21725 -45
      vertex 24.2146 6.21725 -45
      vertex 24.5572 4.68453 -45
    endloop
  endfacet
  facet normal 0 0 -1
    outer loop
      vertex 23.7764 -7.72542 -45
      vertex 24.2146 6.21725 -45
      vertex 24.2146 -6.21725 -45
    endloop
  endfacet
  facet normal 0 0 -1
    outer loop
      vertex 23.7764 -7.72542 -45
      vertex 23.7764 7.72542 -45
      vertex 24.2146 6.21725 -45
    endloop
  endfacet
  facet normal 0 0 -1
    outer loop
      vertex 23.2444 -9.20311 -45
      vertex 23.7764 7.72542 -45
      vertex 23.7764 -7.72542 -45
    endloop
  endfacet
  facet normal 0 0 -1
    outer loop
      vertex 23.2444 -9.20311 -45
      vertex 23.2444 9.20311 -45
      vertex 23.7764 7.72542 -45
    endloop
  endfacet
  facet normal 0 0 -1
    outer loop
      vertex 22.6207 -10.6445 -45
      vertex 23.2444 9.20311 -45
      vertex 23.2444 -9.20311 -45
    endloop
  endfacet
  facet normal 0 0 -1
    outer loop
      vertex 22.6207 -10.6445 -45
      vertex 22.6207 10.6445 -45
      vertex 23.2444 9.20311 -45
    endloop
  endfacet
  facet normal 0 0 -1
    outer loop
      vertex 21.9077 -12.0438 -45
      vertex 22.6207 10.6445 -45
      vertex 22.6207 -10.6445 -45
    endloop
  endfacet
  facet normal 0 0 -1
    outer loop
      vertex 21.9077 -12.0438 -45
      vertex 21.9077 12.0438 -45
      vertex 22.6207 10.6445 -45
    endloop
  endfacet
  facet normal 0 0 -1
    outer loop
      vertex 21.1082 -13.3957 -45
      vertex 21.9077 12.0438 -45
      vertex 21.9077 -12.0438 -45
    endloop
  endfacet
  facet normal 0 0 -1
    outer loop
      vertex 21.1082 -13.3957 -45
      vertex 21.1082 13.3957 -45
      vertex 21.9077 12.0438 -45
    endloop
  endfacet
  facet normal 0 0 -1
    outer loop
      vertex 20.2254 -14.6946 -45
      vertex 21.1082 13.3957 -45
      vertex 21.1082 -13.3957 -45
    endloop
  endfacet
  facet normal 0 0 -1
    outer loop
      vertex 20.2254 -14.6946 -45
      vertex 20.2254 14.6946 -45
      vertex 21.1082 13.3957 -45
    endloop
  endfacet
  facet normal 0 0 -1
    outer loop
      vertex 19.2628 -15.9356 -45
      vertex 20.2254 14.6946 -45
      vertex 20.2254 -14.6946 -45
    endloop
  endfacet
  facet normal 0 0 -1
    outer loop
      vertex 19.2628 -15.9356 -45
      vertex 19.2628 15.9356 -45
      vertex 20.2254 14.6946 -45
    endloop
  endfacet
  facet normal 0 0 -1
    outer loop
      vertex 18.2242 -17.1137 -45
      vertex 19.2628 15.9356 -45
      vertex 19.2628 -15.9356 -45
    endloop
  endfacet
  facet normal 0 0 -1
    outer loop
      vertex 18.2242 -17.1137 -45
      vertex 18.2242 17.1137 -45
      vertex 19.2628 15.9356 -45
    endloop
  endfacet
  facet normal 0 0 -1
    outer loop
      vertex 17.1137 -18.2242 -45
      vertex 18.2242 17.1137 -45
      vertex 18.2242 -17.1137 -45
    endloop
  endfacet
  facet normal 0 0 -1
    outer loop
      vertex 17.1137 -18.2242 -45
      vertex 17.1137 18.2242 -45
      vertex 18.2242 17.1137 -45
    endloop
  endfacet
  facet normal 0 0 -1
    outer loop
      vertex 15.9356 -19.2628 -45
      vertex 17.1137 18.2242 -45
      vertex 17.1137 -18.2242 -45
    endloop
  endfacet
  facet normal 0 0 -1
    outer loop
      vertex 15.9356 -19.2628 -45
      vertex 15.9356 19.2628 -45
      vertex 17.1137 18.2242 -45
    endloop
  endfacet
  facet normal 0 0 -1
    outer loop
      vertex 14.6946 -20.2254 -45
      vertex 15.9356 19.2628 -45
      vertex 15.9356 -19.2628 -45
    endloop
  endfacet
  facet normal 0 0 -1
    outer loop
      vertex 14.6946 -20.2254 -45
      vertex 14.6946 20.2254 -45
      vertex 15.9356 19.2628 -45
    endloop
  endfacet
  facet normal 0 0 -1
    outer loop
      vertex 13.3957 -21.1082 -45
      vertex 14.6946 20.2254 -45
      vertex 14.6946 -20.2254 -45
    endloop
  endfacet
  facet normal 0 0 -1
    outer loop
      vertex 13.3957 -21.1082 -45
      vertex 13.3957 21.1082 -45
      vertex 14.6946 20.2254 -45
    endloop
  endfacet
  facet normal 0 0 -1
    outer loop
      vertex 12.0438 -21.9077 -45
      vertex 13.3957 21.1082 -45
      vertex 13.3957 -21.1082 -45
    endloop
  endfacet
  facet normal 0 0 -1
    outer loop
      vertex 12.0438 -21.9077 -45
      vertex 12.0438 21.9077 -45
      vertex 13.3957 21.1082 -45
    endloop
  endfacet
  facet normal 0 0 -1
    outer loop
      vertex 10.6445 -22.6207 -45
      vertex 12.0438 21.9077 -45
      vertex 12.0438 -21.9077 -45
    endloop
  endfacet
  facet normal 0 0 -1
    outer loop
      vertex 10.6445 -22.6207 -45
      vertex 10.6445 22.6207 -45
      vertex 12.0438 21.9077 -45
    endloop
  endfacet
  facet normal 0 0 -1
    outer loop
      vertex 9.20311 -23.2444 -45
      vertex 10.6445 22.6207 -45
      vertex 10.6445 -22.6207 -45
    endloop
  endfacet
  facet normal 0 0 -1
    outer loop
      vertex 9.20311 -23.2444 -45
      vertex 9.20311 23.2444 -45
      vertex 10.6445 22.6207 -45
    endloop
  endfacet
  facet normal 0 0 -1
    outer loop
      vertex 7.72542 -23.7764 -45
      vertex 9.20311 23.2444 -45
      vertex 9.20311 -23.2444 -45
    endloop
  endfacet
  facet normal 0 0 -1
    outer loop
      vertex 7.72542 -23.7764 -45
      vertex 7.72542 23.7764 -45
      vertex 9.20311 23.2444 -45
    endloop
  endfacet
  facet normal 0 0 -1
    outer loop
      vertex 6.21725 -24.2146 -45
      vertex 7.72542 23.7764 -45
      vertex 7.72542 -23.7764 -45
    endloop
  endfacet
  facet normal 0 0 -1
    outer loop
      vertex 6.21725 -24.2146 -45
      vertex 6.21725 24.2146 -45
      vertex 7.72542 23.7764 -45
    endloop
  endfacet
  facet normal 0 0 -1
    outer loop
      vertex 4.68453 -24.5572 -45
      vertex 6.21725 24.2146 -45
      vertex 6.21725 -24.2146 -45
    endloop
  endfacet
  facet normal 0 0 -1
    outer loop
      vertex 4.68453 -24.5572 -45
      vertex 4.68453 24.5572 -45
      vertex 6.21725 24.2146 -45
    endloop
  endfacet
  facet normal 0 0 -1
    outer loop
      vertex 3.13333 -24.8029 -45
      vertex 4.68453 24.5572 -45
      vertex 4.68453 -24.5572 -45
    endloop
  endfacet
  facet normal 0 0 -1
    outer loop
      vertex 3.13333 -24.8029 -45
      vertex 3.13333 24.8029 -45
      vertex 4.68453 24.5572 -45
    endloop
  endfacet
  facet normal 0 0 -1
    outer loop
      vertex 1.56976 -24.9507 -45
      vertex 3.13333 24.8029 -45
      vertex 3.13333 -24.8029 -45
    endloop
  endfacet
  facet normal 0 0 -1
    outer loop
      vertex 1.56976 -24.9507 -45
      vertex 1.56976 24.9507 -45
      vertex 3.13333 24.8029 -45
    endloop
  endfacet
  facet normal 0 0 -1
    outer loop
      vertex 0 -25 -45
      vertex 1.56976 24.9507 -45
      vertex 1.56976 -24.9507 -45
    endloop
  endfacet
  facet normal 0 0 -1
    outer loop
      vertex 0 -25 -45
      vertex 0 25 -45
      vertex 1.56976 24.9507 -45
    endloop
  endfacet
  facet normal 0 0 -1
    outer loop
      vertex -1.56976 -24.9507 -45
      vertex 0 25 -45
      vertex 0 -25 -45
    endloop
  endfacet
  facet normal 0 0 -1
    outer loop
      vertex -1.56976 -24.9507 -45
      vertex -1.56976 24.9507 -45
      vertex 0 25 -45
    endloop
  endfacet
  facet normal 0 0 -1
    outer loop
      vertex -3.13333 -24.8029 -45
      vertex -1.56976 24.9507 -45
      vertex -1.56976 -24.9507 -45
    endloop
  endfacet
  facet normal 0 0 -1
    outer loop
      vertex -3.13333 -24.8029 -45
      vertex -3.13333 24.8029 -45
      vertex -1.56976 24.9507 -45
    endloop
  endfacet
  facet normal 0 0 -1
    outer loop
      vertex -4.68453 -24.5572 -45
      vertex -3.13333 24.8029 -45
      vertex -3.13333 -24.8029 -45
    endloop
  endfacet
  facet normal 0 0 -1
    outer loop
      vertex -4.68453 -24.5572 -45
      vertex -4.68453 24.5572 -45
      vertex -3.13333 24.8029 -45
    endloop
  endfacet
  facet normal 0 0 -1
    outer loop
      vertex -6.21725 -24.2146 -45
      vertex -4.68453 24.5572 -45
      vertex -4.68453 -24.5572 -45
    endloop
  endfacet
  facet normal 0 0 -1
    outer loop
      vertex -6.21725 -24.2146 -45
      vertex -6.21725 24.2146 -45
      vertex -4.68453 24.5572 -45
    endloop
  endfacet
  facet normal 0 0 -1
    outer loop
      vertex -7.72542 -23.7764 -45
      vertex -6.21725 24.2146 -45
      vertex -6.21725 -24.2146 -45
    endloop
  endfacet
  facet normal 0 0 -1
    outer loop
      vertex -7.72542 -23.7764 -45
      vertex -7.72542 23.7764 -45
      vertex -6.21725 24.2146 -45
    endloop
  endfacet
  facet normal 0 0 -1
    outer loop
      vertex -9.20311 -23.2444 -45
      vertex -7.72542 23.7764 -45
      vertex -7.72542 -23.7764 -45
    endloop
  endfacet
  facet normal 0 0 -1
    outer loop
      vertex -9.20311 -23.2444 -45
      vertex -9.20311 23.2444 -45
      vertex -7.72542 23.7764 -45
    endloop
  endfacet
  facet normal 0 0 -1
    outer loop
      vertex -10.6445 -22.6207 -45
      vertex -9.20311 23.2444 -45
      vertex -9.20311 -23.2444 -45
    endloop
  endfacet
  facet normal 0 0 -1
    outer loop
      vertex -10.6445 -22.6207 -45
      vertex -10.6445 22.6207 -45
      vertex -9.20311 23.2444 -45
    endloop
  endfacet
  facet normal 0 0 -1
    outer loop
      vertex -12.0438 -21.9077 -45
      vertex -10.6445 22.6207 -45
      vertex -10.6445 -22.6207 -45
    endloop
  endfacet
  facet normal 0 0 -1
    outer loop
      vertex -12.0438 -21.9077 -45
      vertex -12.0438 21.9077 -45
      vertex -10.6445 22.6207 -45
    endloop
  endfacet
  facet normal 0 0 -1
    outer loop
      vertex -13.3957 -21.1082 -45
      vertex -12.0438 21.9077 -45
      vertex -12.0438 -21.9077 -45
    endloop
  endfacet
  facet normal 0 0 -1
    outer loop
      vertex -13.3957 -21.1082 -45
      vertex -13.3957 21.1082 -45
      vertex -12.0438 21.9077 -45
    endloop
  endfacet
  facet normal 0 0 -1
    outer loop
      vertex -14.6946 -20.2254 -45
      vertex -13.3957 21.1082 -45
      vertex -13.3957 -21.1082 -45
    endloop
  endfacet
  facet normal 0 0 -1
    outer loop
      vertex -14.6946 -20.2254 -45
      vertex -14.6946 20.2254 -45
      vertex -13.3957 21.1082 -45
    endloop
  endfacet
  facet normal 0 0 -1
    outer loop
      vertex -15.9356 -19.2628 -45
      vertex -14.6946 20.2254 -45
      vertex -14.6946 -20.2254 -45
    endloop
  endfacet
  facet normal 0 0 -1
    outer loop
      vertex -15.9356 -19.2628 -45
      vertex -15.9356 19.2628 -45
      vertex -14.6946 20.2254 -45
    endloop
  endfacet
  facet normal 0 0 -1
    outer loop
      vertex -17.1137 -18.2242 -45
      vertex -15.9356 19.2628 -45
      vertex -15.9356 -19.2628 -45
    endloop
  endfacet
  facet normal 0 0 -1
    outer loop
      vertex -17.1137 -18.2242 -45
      vertex -17.1137 18.2242 -45
      vertex -15.9356 19.2628 -45
    endloop
  endfacet
  facet normal 0 0 -1
    outer loop
      vertex -18.2242 -17.1137 -45
      vertex -17.1137 18.2242 -45
      vertex -17.1137 -18.2242 -45
    endloop
  endfacet
  facet normal 0 0 -1
    outer loop
      vertex -18.2242 -17.1137 -45
      vertex -18.2242 17.1137 -45
      vertex -17.1137 18.2242 -45
    endloop
  endfacet
  facet normal 0 0 -1
    outer loop
      vertex -19.2628 -15.9356 -45
      vertex -18.2242 17.1137 -45
      vertex -18.2242 -17.1137 -45
    endloop
  endfacet
  facet normal 0 0 -1
    outer loop
      vertex -19.2628 -15.9356 -45
      vertex -19.2628 15.9356 -45
      vertex -18.2242 17.1137 -45
    endloop
  endfacet
  facet normal 0 0 -1
    outer loop
      vertex -20.2254 -14.6946 -45
      vertex -19.2628 15.9356 -45
      vertex -19.2628 -15.9356 -45
    endloop
  endfacet
  facet normal 0 0 -1
    outer loop
      vertex -20.2254 -14.6946 -45
      vertex -20.2254 14.6946 -45
      vertex -19.2628 15.9356 -45
    endloop
  endfacet
  facet normal 0 0 -1
    outer loop
      vertex -21.1082 -13.3957 -45
      vertex -20.2254 14.6946 -45
      vertex -20.2254 -14.6946 -45
    endloop
  endfacet
  facet normal 0 0 -1
    outer loop
      vertex -21.1082 -13.3957 -45
      vertex -21.1082 13.3957 -45
      vertex -20.2254 14.6946 -45
    endloop
  endfacet
  facet normal 0 0 -1
    outer loop
      vertex -21.9077 -12.0438 -45
      vertex -21.1082 13.3957 -45
      vertex -21.1082 -13.3957 -45
    endloop
  endfacet
  facet normal 0 0 -1
    outer loop
      vertex -21.9077 -12.0438 -45
      vertex -21.9077 12.0438 -45
      vertex -21.1082 13.3957 -45
    endloop
  endfacet
  facet normal 0 0 -1
    outer loop
      vertex -22.6207 -10.6445 -45
      vertex -21.9077 12.0438 -45
      vertex -21.9077 -12.0438 -45
    endloop
  endfacet
  facet normal 0 0 -1
    outer loop
      vertex -22.6207 -10.6445 -45
      vertex -22.6207 10.6445 -45
      vertex -21.9077 12.0438 -45
    endloop
  endfacet
  facet normal 0 0 -1
    outer loop
      vertex -23.2444 -9.20311 -45
      vertex -22.6207 10.6445 -45
      vertex -22.6207 -10.6445 -45
    endloop
  endfacet
  facet normal 0 0 -1
    outer loop
      vertex -23.2444 -9.20311 -45
      vertex -23.2444 9.20311 -45
      vertex -22.6207 10.6445 -45
    endloop
  endfacet
  facet normal 0 0 -1
    outer loop
      vertex -23.7764 -7.72542 -45
      vertex -23.2444 9.20311 -45
      vertex -23.2444 -9.20311 -45
    endloop
  endfacet
  facet normal 0 0 -1
    outer loop
      vertex -23.7764 -7.72542 -45
      vertex -23.7764 7.72542 -45
      vertex -23.2444 9.20311 -45
    endloop
  endfacet
  facet normal 0 0 -1
    outer loop
      vertex -24.2146 -6.21725 -45
      vertex -23.7764 7.72542 -45
      vertex -23.7764 -7.72542 -45
    endloop
  endfacet
  facet normal 0 0 -1
    outer loop
      vertex -24.2146 -6.21725 -45
      vertex -24.2146 6.21725 -45
      vertex -23.7764 7.72542 -45
    endloop
  endfacet
  facet normal 0 0 -1
    outer loop
      vertex -24.5572 -4.68453 -45
      vertex -24.2146 6.21725 -45
      vertex -24.2146 -6.21725 -45
    endloop
  endfacet
  facet normal 0 0 -1
    outer loop
      vertex -24.5572 -4.68453 -45
      vertex -24.5572 4.68453 -45
      vertex -24.2146 6.21725 -45
    endloop
  endfacet
  facet normal 0 0 -1
    outer loop
      vertex -24.8029 -3.13333 -45
      vertex -24.5572 4.68453 -45
      vertex -24.5572 -4.68453 -45
    endloop
  endfacet
  facet normal 0 0 -1
    outer loop
      vertex -24.8029 -3.13333 -45
      vertex -24.8029 3.13333 -45
      vertex -24.5572 4.68453 -45
    endloop
  endfacet
  facet normal 0 0 -1
    outer loop
      vertex -24.9507 -1.56976 -45
      vertex -24.8029 3.13333 -45
      vertex -24.8029 -3.13333 -45
    endloop
  endfacet
  facet normal 0 0 -1
    outer loop
      vertex -24.9507 -1.56976 -45
      vertex -24.9507 1.56976 -45
      vertex -24.8029 3.13333 -45
    endloop
  endfacet
  facet normal 0 -0 -1
    outer loop
      vertex -24.9507 1.56976 -45
      vertex -24.9507 -1.56976 -45
      vertex -25 0 -45
    endloop
  endfacet
  facet normal -0.0313906 0.999507 -7.66558e-06
    outer loop
      vertex 0 25 45
      vertex -0.483006 24.9848 41
      vertex -1.56976 24.9507 45
    endloop
  endfacet
  facet normal -0.031454 0.999505 0
    outer loop
      vertex 0 25 45
      vertex -0.483006 24.9848 29
      vertex -0.483006 24.9848 41
    endloop
  endfacet
  facet normal -0.031454 0.999505 0
    outer loop
      vertex 0 25 -45
      vertex -0.483006 24.9848 29
      vertex 0 25 45
    endloop
  endfacet
  facet normal -0.0313624 0.999508 5.98516e-07
    outer loop
      vertex 0 25 -45
      vertex -1.56976 24.9507 29
      vertex -0.483006 24.9848 29
    endloop
  endfacet
  facet normal -0.0313906 0.999507 0
    outer loop
      vertex -1.56976 24.9507 29
      vertex 0 25 -45
      vertex -1.56976 24.9507 -45
    endloop
  endfacet
  facet normal -0.0313624 0.999508 0
    outer loop
      vertex -1.56976 24.9507 45
      vertex -0.483006 24.9848 41
      vertex -1.56976 24.9507 41
    endloop
  endfacet
  facet normal 0.707107 -0.707107 0
    outer loop
      vertex 17.1137 -18.2242 45
      vertex 18.2242 -17.1137 -45
      vertex 18.2242 -17.1137 45
    endloop
  endfacet
  facet normal 0.707107 -0.707107 0
    outer loop
      vertex 18.2242 -17.1137 -45
      vertex 17.1137 -18.2242 45
      vertex 17.1137 -18.2242 -45
    endloop
  endfacet
  facet normal -0.750122 -0.661299 0
    outer loop
      vertex -18.2242 -17.1137 -45
      vertex -19.2628 -15.9356 45
      vertex -19.2628 -15.9356 -45
    endloop
  endfacet
  facet normal -0.750122 -0.661299 0
    outer loop
      vertex -19.2628 -15.9356 45
      vertex -18.2242 -17.1137 -45
      vertex -18.2242 -17.1137 45
    endloop
  endfacet
  facet normal 0.218141 -0.975917 0
    outer loop
      vertex 4.68453 -24.5572 -45
      vertex 6.21725 -24.2146 29
      vertex 4.68453 -24.5572 29
    endloop
  endfacet
  facet normal 0.218141 -0.975917 0
    outer loop
      vertex 6.21725 -24.2146 29
      vertex 4.68453 -24.5572 -45
      vertex 6.21725 -24.2146 -45
    endloop
  endfacet
  facet normal 0.218141 -0.975917 0
    outer loop
      vertex 4.68453 -24.5572 41
      vertex 6.21725 -24.2146 45
      vertex 4.68453 -24.5572 45
    endloop
  endfacet
  facet normal 0.218141 -0.975917 0
    outer loop
      vertex 6.21725 -24.2146 45
      vertex 4.68453 -24.5572 41
      vertex 6.21725 -24.2146 41
    endloop
  endfacet
  facet normal -0.661299 -0.750122 0
    outer loop
      vertex -17.1137 -18.2242 -45
      vertex -15.9356 -19.2628 45
      vertex -17.1137 -18.2242 45
    endloop
  endfacet
  facet normal -0.661299 -0.750122 -0
    outer loop
      vertex -15.9356 -19.2628 45
      vertex -17.1137 -18.2242 -45
      vertex -15.9356 -19.2628 -45
    endloop
  endfacet
  facet normal -0.707107 0.707107 0
    outer loop
      vertex -18.2242 17.1137 -45
      vertex -17.1137 18.2242 45
      vertex -17.1137 18.2242 -45
    endloop
  endfacet
  facet normal -0.707107 0.707107 0
    outer loop
      vertex -17.1137 18.2242 45
      vertex -18.2242 17.1137 -45
      vertex -18.2242 17.1137 45
    endloop
  endfacet
  facet normal 0.0941078 0.995562 -0
    outer loop
      vertex 3.13333 24.8029 -45
      vertex 1.56976 24.9507 45
      vertex 3.13333 24.8029 45
    endloop
  endfacet
  facet normal 0.0941078 0.995562 0
    outer loop
      vertex 1.56976 24.9507 45
      vertex 3.13333 24.8029 -45
      vertex 1.56976 24.9507 -45
    endloop
  endfacet
  facet normal 0.562113 -0.82706 0
    outer loop
      vertex 13.3957 -21.1082 -45
      vertex 14.6946 -20.2254 45
      vertex 13.3957 -21.1082 45
    endloop
  endfacet
  facet normal 0.562113 -0.82706 0
    outer loop
      vertex 14.6946 -20.2254 45
      vertex 13.3957 -21.1082 -45
      vertex 14.6946 -20.2254 -45
    endloop
  endfacet
  facet normal -0.279012 -0.960288 0
    outer loop
      vertex -7.72542 -23.7764 -45
      vertex -6.21725 -24.2146 45
      vertex -7.72542 -23.7764 45
    endloop
  endfacet
  facet normal -0.279012 -0.960288 -0
    outer loop
      vertex -6.21725 -24.2146 45
      vertex -7.72542 -23.7764 -45
      vertex -6.21725 -24.2146 -45
    endloop
  endfacet
  facet normal -0.6129 -0.790161 -2.33037e-06
    outer loop
      vertex -15.9356 -19.2628 45
      vertex -15.8006 -19.3675 40
      vertex -14.6946 -20.2254 45
    endloop
  endfacet
  facet normal -0.612846 -0.790202 0
    outer loop
      vertex -15.9356 -19.2628 45
      vertex -15.8006 -19.3675 -40
      vertex -15.8006 -19.3675 40
    endloop
  endfacet
  facet normal -0.612846 -0.790202 0
    outer loop
      vertex -15.9356 -19.2628 -45
      vertex -15.8006 -19.3675 -40
      vertex -15.9356 -19.2628 45
    endloop
  endfacet
  facet normal -0.6129 -0.790161 2.33037e-06
    outer loop
      vertex -14.6946 -20.2254 -45
      vertex -15.8006 -19.3675 -40
      vertex -15.9356 -19.2628 -45
    endloop
  endfacet
  facet normal -0.612906 -0.790156 0
    outer loop
      vertex -15.8006 -19.3675 -40
      vertex -14.6946 -20.2254 -45
      vertex -14.6946 -20.2254 -40
    endloop
  endfacet
  facet normal -0.612906 -0.790156 -0
    outer loop
      vertex -14.6946 -20.2254 45
      vertex -15.8006 -19.3675 40
      vertex -14.6946 -20.2254 40
    endloop
  endfacet
  facet normal 0.750122 0.661299 0
    outer loop
      vertex 19.2628 15.9356 45
      vertex 18.2242 17.1137 -45
      vertex 18.2242 17.1137 45
    endloop
  endfacet
  facet normal 0.750122 0.661299 0
    outer loop
      vertex 18.2242 17.1137 -45
      vertex 19.2628 15.9356 45
      vertex 19.2628 15.9356 -45
    endloop
  endfacet
  facet normal -0.891001 0.454001 0
    outer loop
      vertex -22.6207 10.6445 -45
      vertex -21.9077 12.0438 45
      vertex -21.9077 12.0438 -45
    endloop
  endfacet
  facet normal -0.891001 0.454001 0
    outer loop
      vertex -21.9077 12.0438 45
      vertex -22.6207 10.6445 -45
      vertex -22.6207 10.6445 45
    endloop
  endfacet
  facet normal -0.987687 0.156443 0
    outer loop
      vertex -24.8029 3.13333 -45
      vertex -24.5572 4.68453 45
      vertex -24.5572 4.68453 -45
    endloop
  endfacet
  facet normal -0.987687 0.156443 0
    outer loop
      vertex -24.5572 4.68453 45
      vertex -24.8029 3.13333 -45
      vertex -24.8029 3.13333 45
    endloop
  endfacet
  facet normal -0.860717 -0.509083 0
    outer loop
      vertex -21.9077 -12.0438 -45
      vertex -21.8883 -12.0766 29
      vertex -21.9077 -12.0438 29
    endloop
  endfacet
  facet normal -0.860746 -0.509035 -0
    outer loop
      vertex -21.1082 -13.3957 45
      vertex -21.8883 -12.0766 29
      vertex -21.1082 -13.3957 -45
    endloop
  endfacet
  facet normal -0.860745 -0.509036 2.80489e-08
    outer loop
      vertex -21.1082 -13.3957 -45
      vertex -21.8883 -12.0766 29
      vertex -21.9077 -12.0438 -45
    endloop
  endfacet
  facet normal -0.860717 -0.509083 0
    outer loop
      vertex -21.8883 -12.0766 41
      vertex -21.9077 -12.0438 45
      vertex -21.9077 -12.0438 41
    endloop
  endfacet
  facet normal -0.860746 -0.509035 0
    outer loop
      vertex -21.8883 -12.0766 29
      vertex -21.1082 -13.3957 45
      vertex -21.8883 -12.0766 41
    endloop
  endfacet
  facet normal -0.860745 -0.509036 -5.18905e-07
    outer loop
      vertex -21.8883 -12.0766 41
      vertex -21.1082 -13.3957 45
      vertex -21.9077 -12.0438 45
    endloop
  endfacet
  facet normal -0.995562 0.0941078 0
    outer loop
      vertex -24.9507 1.56976 -45
      vertex -24.8029 3.13333 45
      vertex -24.8029 3.13333 -45
    endloop
  endfacet
  facet normal -0.995562 0.0941078 0
    outer loop
      vertex -24.8029 3.13333 45
      vertex -24.9507 1.56976 -45
      vertex -24.9507 1.56976 45
    endloop
  endfacet
  facet normal -0.860745 0.509036 0
    outer loop
      vertex -21.9077 12.0438 -45
      vertex -21.1082 13.3957 45
      vertex -21.1082 13.3957 -45
    endloop
  endfacet
  facet normal -0.860745 0.509036 0
    outer loop
      vertex -21.1082 13.3957 45
      vertex -21.9077 12.0438 -45
      vertex -21.9077 12.0438 45
    endloop
  endfacet
endsolid OpenSCAD_Model
