solid OpenSCAD_Model
  facet normal 0.994522 0.104531 0
    outer loop
      vertex 51.8733 3.62734 10
      vertex 51.4939 7.237 -50
      vertex 51.4939 7.237 10
    endloop
  endfacet
  facet normal 0.994522 0.104531 0
    outer loop
      vertex 51.4939 7.237 -50
      vertex 51.8733 3.62734 10
      vertex 51.8733 3.62734 -50
    endloop
  endfacet
  facet normal 0.999391 0.0349079 0
    outer loop
      vertex 52 0 10
      vertex 51.8733 3.62734 -50
      vertex 51.8733 3.62734 10
    endloop
  endfacet
  facet normal 0.999391 0.0349079 0
    outer loop
      vertex 51.8733 3.62734 -50
      vertex 52 0 10
      vertex 52 0 -50
    endloop
  endfacet
  facet normal 0.866024 -0.500003 0
    outer loop
      vertex 44.0985 -27.5558 10
      vertex 45.9133 -24.4125 -50
      vertex 45.9133 -24.4125 10
    endloop
  endfacet
  facet normal 0.866024 -0.500003 0
    outer loop
      vertex 45.9133 -24.4125 -50
      vertex 44.0985 -27.5558 10
      vertex 44.0985 -27.5558 -50
    endloop
  endfacet
  facet normal -0.829037 -0.559194 0
    outer loop
      vertex -42.0689 -30.5648 -50
      vertex -44.0985 -27.5558 10
      vertex -44.0985 -27.5558 -50
    endloop
  endfacet
  facet normal -0.829037 -0.559194 0
    outer loop
      vertex -44.0985 -27.5558 10
      vertex -42.0689 -30.5648 -50
      vertex -42.0689 -30.5648 10
    endloop
  endfacet
  facet normal 0.984811 -0.173631 0
    outer loop
      vertex 50.8637 -10.8114 10
      vertex 51.4939 -7.237 -50
      vertex 51.4939 -7.237 10
    endloop
  endfacet
  facet normal 0.984811 -0.173631 0
    outer loop
      vertex 51.4939 -7.237 -50
      vertex 50.8637 -10.8114 10
      vertex 50.8637 -10.8114 -50
    endloop
  endfacet
  facet normal -0.999391 -0.0349079 0
    outer loop
      vertex -51.8733 -3.62734 -50
      vertex -52 0 10
      vertex -52 0 -50
    endloop
  endfacet
  facet normal -0.999391 -0.0349079 0
    outer loop
      vertex -52 0 10
      vertex -51.8733 -3.62734 -50
      vertex -51.8733 -3.62734 10
    endloop
  endfacet
  facet normal 0.275649 0.961258 -0
    outer loop
      vertex 16.0689 49.4549 -50
      vertex 12.5799 50.4554 10
      vertex 16.0689 49.4549 10
    endloop
  endfacet
  facet normal 0.275649 0.961258 0
    outer loop
      vertex 12.5799 50.4554 10
      vertex 16.0689 49.4549 -50
      vertex 12.5799 50.4554 -50
    endloop
  endfacet
  facet normal 0.999391 -0.0349079 0
    outer loop
      vertex 51.8733 -3.62734 10
      vertex 52 0 -50
      vertex 52 0 10
    endloop
  endfacet
  facet normal 0.999391 -0.0349079 0
    outer loop
      vertex 52 0 -50
      vertex 51.8733 -3.62734 10
      vertex 51.8733 -3.62734 -50
    endloop
  endfacet
  facet normal -0.207907 -0.978149 0
    outer loop
      vertex -12.5799 -50.4554 -50
      vertex -9.02971 -51.21 10
      vertex -12.5799 -50.4554 10
    endloop
  endfacet
  facet normal -0.207907 -0.978149 -0
    outer loop
      vertex -9.02971 -51.21 10
      vertex -12.5799 -50.4554 -50
      vertex -9.02971 -51.21 -50
    endloop
  endfacet
  facet normal 0.694656 -0.719342 0
    outer loop
      vertex 34.7948 -38.6435 -50
      vertex 37.4057 -36.1222 10
      vertex 34.7948 -38.6435 10
    endloop
  endfacet
  facet normal 0.694656 -0.719342 0
    outer loop
      vertex 37.4057 -36.1222 10
      vertex 34.7948 -38.6435 -50
      vertex 37.4057 -36.1222 -50
    endloop
  endfacet
  facet normal -0.984811 0.173631 0
    outer loop
      vertex -51.4939 7.237 -50
      vertex -50.8637 10.8114 10
      vertex -50.8637 10.8114 -50
    endloop
  endfacet
  facet normal -0.984811 0.173631 0
    outer loop
      vertex -50.8637 10.8114 10
      vertex -51.4939 7.237 -50
      vertex -51.4939 7.237 10
    endloop
  endfacet
  facet normal 0.951056 0.309019 0
    outer loop
      vertex 49.9856 14.3331 10
      vertex 48.864 17.785 -50
      vertex 48.864 17.785 10
    endloop
  endfacet
  facet normal 0.951056 0.309019 0
    outer loop
      vertex 48.864 17.785 -50
      vertex 49.9856 14.3331 10
      vertex 49.9856 14.3331 -50
    endloop
  endfacet
  facet normal -0.587782 0.80902 0
    outer loop
      vertex -29.078 43.11 -50
      vertex -32.0144 40.9766 10
      vertex -29.078 43.11 10
    endloop
  endfacet
  facet normal -0.587782 0.80902 0
    outer loop
      vertex -32.0144 40.9766 10
      vertex -29.078 43.11 -50
      vertex -32.0144 40.9766 -50
    endloop
  endfacet
  facet normal 0.139163 -0.990269 0
    outer loop
      vertex 5.43548 -51.7151 -50
      vertex 9.02971 -51.21 10
      vertex 5.43548 -51.7151 10
    endloop
  endfacet
  facet normal 0.139163 -0.990269 0
    outer loop
      vertex 9.02971 -51.21 10
      vertex 5.43548 -51.7151 -50
      vertex 9.02971 -51.21 -50
    endloop
  endfacet
  facet normal 0.994522 -0.104531 0
    outer loop
      vertex 51.4939 -7.237 10
      vertex 51.8733 -3.62734 -50
      vertex 51.8733 -3.62734 10
    endloop
  endfacet
  facet normal 0.994522 -0.104531 0
    outer loop
      vertex 51.8733 -3.62734 -50
      vertex 51.4939 -7.237 10
      vertex 51.4939 -7.237 -50
    endloop
  endfacet
  facet normal 0.970293 0.241933 0
    outer loop
      vertex 50.8637 10.8114 10
      vertex 49.9856 14.3331 -50
      vertex 49.9856 14.3331 10
    endloop
  endfacet
  facet normal 0.970293 0.241933 0
    outer loop
      vertex 49.9856 14.3331 -50
      vertex 50.8637 10.8114 10
      vertex 50.8637 10.8114 -50
    endloop
  endfacet
  facet normal 0.406739 0.913544 -0
    outer loop
      vertex 22.7953 46.7373 -50
      vertex 19.4795 48.2136 10
      vertex 22.7953 46.7373 10
    endloop
  endfacet
  facet normal 0.406739 0.913544 0
    outer loop
      vertex 19.4795 48.2136 10
      vertex 22.7953 46.7373 -50
      vertex 19.4795 48.2136 -50
    endloop
  endfacet
  facet normal 0.52991 0.848054 -0
    outer loop
      vertex 29.078 43.11 -50
      vertex 26 45.0333 10
      vertex 29.078 43.11 10
    endloop
  endfacet
  facet normal 0.52991 0.848054 0
    outer loop
      vertex 26 45.0333 10
      vertex 29.078 43.11 -50
      vertex 26 45.0333 -50
    endloop
  endfacet
  facet normal -0.642799 0.766035 0
    outer loop
      vertex -32.0144 40.9766 -50
      vertex -34.7948 38.6435 10
      vertex -32.0144 40.9766 10
    endloop
  endfacet
  facet normal -0.642799 0.766035 0
    outer loop
      vertex -34.7948 38.6435 10
      vertex -32.0144 40.9766 -50
      vertex -34.7948 38.6435 -50
    endloop
  endfacet
  facet normal -0.694656 0.719342 0
    outer loop
      vertex -34.7948 38.6435 -50
      vertex -37.4057 36.1222 10
      vertex -34.7948 38.6435 10
    endloop
  endfacet
  facet normal -0.694656 0.719342 0
    outer loop
      vertex -37.4057 36.1222 10
      vertex -34.7948 38.6435 -50
      vertex -37.4057 36.1222 -50
    endloop
  endfacet
  facet normal 0.0697607 -0.997564 0
    outer loop
      vertex 1.81477 -51.9683 -50
      vertex 5.43548 -51.7151 10
      vertex 1.81477 -51.9683 10
    endloop
  endfacet
  facet normal 0.0697607 -0.997564 0
    outer loop
      vertex 5.43548 -51.7151 10
      vertex 1.81477 -51.9683 -50
      vertex 5.43548 -51.7151 -50
    endloop
  endfacet
  facet normal -0.743141 -0.669135 0
    outer loop
      vertex -37.4057 -36.1222 -50
      vertex -39.8343 -33.425 10
      vertex -39.8343 -33.425 -50
    endloop
  endfacet
  facet normal -0.743141 -0.669135 0
    outer loop
      vertex -39.8343 -33.425 10
      vertex -37.4057 -36.1222 -50
      vertex -37.4057 -36.1222 10
    endloop
  endfacet
  facet normal 0.829037 -0.559194 0
    outer loop
      vertex 42.0689 -30.5648 10
      vertex 44.0985 -27.5558 -50
      vertex 44.0985 -27.5558 10
    endloop
  endfacet
  facet normal 0.829037 -0.559194 0
    outer loop
      vertex 44.0985 -27.5558 -50
      vertex 42.0689 -30.5648 10
      vertex 42.0689 -30.5648 -50
    endloop
  endfacet
  facet normal -0.207907 0.978149 0
    outer loop
      vertex -9.02971 51.21 -50
      vertex -12.5799 50.4554 10
      vertex -9.02971 51.21 10
    endloop
  endfacet
  facet normal -0.207907 0.978149 0
    outer loop
      vertex -12.5799 50.4554 10
      vertex -9.02971 51.21 -50
      vertex -12.5799 50.4554 -50
    endloop
  endfacet
  facet normal 0.275649 -0.961258 0
    outer loop
      vertex 12.5799 -50.4554 -50
      vertex 16.0689 -49.4549 10
      vertex 12.5799 -50.4554 10
    endloop
  endfacet
  facet normal 0.275649 -0.961258 0
    outer loop
      vertex 16.0689 -49.4549 10
      vertex 12.5799 -50.4554 -50
      vertex 16.0689 -49.4549 -50
    endloop
  endfacet
  facet normal -0.984811 -0.173631 0
    outer loop
      vertex -50.8637 -10.8114 -50
      vertex -51.4939 -7.237 10
      vertex -51.4939 -7.237 -50
    endloop
  endfacet
  facet normal -0.984811 -0.173631 0
    outer loop
      vertex -51.4939 -7.237 10
      vertex -50.8637 -10.8114 -50
      vertex -50.8637 -10.8114 10
    endloop
  endfacet
  facet normal 0.469478 0.882944 -0
    outer loop
      vertex 26 45.0333 -50
      vertex 22.7953 46.7373 10
      vertex 26 45.0333 10
    endloop
  endfacet
  facet normal 0.469478 0.882944 0
    outer loop
      vertex 22.7953 46.7373 10
      vertex 26 45.0333 -50
      vertex 22.7953 46.7373 -50
    endloop
  endfacet
  facet normal 0.587782 0.80902 -0
    outer loop
      vertex 32.0144 40.9766 -50
      vertex 29.078 43.11 10
      vertex 32.0144 40.9766 10
    endloop
  endfacet
  facet normal 0.587782 0.80902 0
    outer loop
      vertex 29.078 43.11 10
      vertex 32.0144 40.9766 -50
      vertex 29.078 43.11 -50
    endloop
  endfacet
  facet normal -0.275649 0.961258 0
    outer loop
      vertex -12.5799 50.4554 -50
      vertex -16.0689 49.4549 10
      vertex -12.5799 50.4554 10
    endloop
  endfacet
  facet normal -0.275649 0.961258 0
    outer loop
      vertex -16.0689 49.4549 10
      vertex -12.5799 50.4554 -50
      vertex -16.0689 49.4549 -50
    endloop
  endfacet
  facet normal 0.642799 -0.766035 0
    outer loop
      vertex 32.0144 -40.9766 -50
      vertex 34.7948 -38.6435 10
      vertex 32.0144 -40.9766 10
    endloop
  endfacet
  facet normal 0.642799 -0.766035 0
    outer loop
      vertex 34.7948 -38.6435 10
      vertex 32.0144 -40.9766 -50
      vertex 34.7948 -38.6435 -50
    endloop
  endfacet
  facet normal -0.951056 0.309019 0
    outer loop
      vertex -49.9856 14.3331 -50
      vertex -48.864 17.785 10
      vertex -48.864 17.785 -50
    endloop
  endfacet
  facet normal -0.951056 0.309019 0
    outer loop
      vertex -48.864 17.785 10
      vertex -49.9856 14.3331 -50
      vertex -49.9856 14.3331 10
    endloop
  endfacet
  facet normal -0.951056 -0.309019 0
    outer loop
      vertex -48.864 -17.785 -50
      vertex -49.9856 -14.3331 10
      vertex -49.9856 -14.3331 -50
    endloop
  endfacet
  facet normal -0.951056 -0.309019 0
    outer loop
      vertex -49.9856 -14.3331 10
      vertex -48.864 -17.785 -50
      vertex -48.864 -17.785 10
    endloop
  endfacet
  facet normal 0.139163 0.990269 -0
    outer loop
      vertex 9.02971 51.21 -50
      vertex 5.43548 51.7151 10
      vertex 9.02971 51.21 10
    endloop
  endfacet
  facet normal 0.139163 0.990269 0
    outer loop
      vertex 5.43548 51.7151 10
      vertex 9.02971 51.21 -50
      vertex 5.43548 51.7151 -50
    endloop
  endfacet
  facet normal 0.898792 -0.438375 0
    outer loop
      vertex 45.9133 -24.4125 10
      vertex 47.5044 -21.1503 -50
      vertex 47.5044 -21.1503 10
    endloop
  endfacet
  facet normal 0.898792 -0.438375 0
    outer loop
      vertex 47.5044 -21.1503 -50
      vertex 45.9133 -24.4125 10
      vertex 45.9133 -24.4125 -50
    endloop
  endfacet
  facet normal -0.970293 0.241933 0
    outer loop
      vertex -50.8637 10.8114 -50
      vertex -49.9856 14.3331 10
      vertex -49.9856 14.3331 -50
    endloop
  endfacet
  facet normal -0.970293 0.241933 0
    outer loop
      vertex -49.9856 14.3331 10
      vertex -50.8637 10.8114 -50
      vertex -50.8637 10.8114 10
    endloop
  endfacet
  facet normal -0.469478 0.882944 0
    outer loop
      vertex -22.7953 46.7373 -50
      vertex -26 45.0333 10
      vertex -22.7953 46.7373 10
    endloop
  endfacet
  facet normal -0.469478 0.882944 0
    outer loop
      vertex -26 45.0333 10
      vertex -22.7953 46.7373 -50
      vertex -26 45.0333 -50
    endloop
  endfacet
  facet normal 0.866024 0.500003 0
    outer loop
      vertex 45.9133 24.4125 10
      vertex 44.0985 27.5558 -50
      vertex 44.0985 27.5558 10
    endloop
  endfacet
  facet normal 0.866024 0.500003 0
    outer loop
      vertex 44.0985 27.5558 -50
      vertex 45.9133 24.4125 10
      vertex 45.9133 24.4125 -50
    endloop
  endfacet
  facet normal 0 0 -1
    outer loop
      vertex 46 0 -50
      vertex 52 0 -50
      vertex 51.8733 -3.62734 -50
    endloop
  endfacet
  facet normal 0 0 -1
    outer loop
      vertex 45.8879 -3.2088 -50
      vertex 51.8733 -3.62734 -50
      vertex 51.4939 -7.237 -50
    endloop
  endfacet
  facet normal 0 0 -1
    outer loop
      vertex 52 0 -50
      vertex 46 0 -50
      vertex 51.8733 3.62734 -50
    endloop
  endfacet
  facet normal 0 0 -1
    outer loop
      vertex 45.5523 -6.40196 -50
      vertex 51.4939 -7.237 -50
      vertex 50.8637 -10.8114 -50
    endloop
  endfacet
  facet normal 0 0 -1
    outer loop
      vertex 45.8879 3.2088 -50
      vertex 51.8733 3.62734 -50
      vertex 46 0 -50
    endloop
  endfacet
  facet normal 0 0 -1
    outer loop
      vertex 44.9948 -9.56394 -50
      vertex 50.8637 -10.8114 -50
      vertex 49.9856 -14.3331 -50
    endloop
  endfacet
  facet normal -0 0 -1
    outer loop
      vertex 51.8733 3.62734 -50
      vertex 45.8879 3.2088 -50
      vertex 51.4939 7.237 -50
    endloop
  endfacet
  facet normal 0 0 -1
    outer loop
      vertex 44.218 -12.6793 -50
      vertex 49.9856 -14.3331 -50
      vertex 48.864 -17.785 -50
    endloop
  endfacet
  facet normal 0 0 -1
    outer loop
      vertex 45.5523 6.40196 -50
      vertex 51.4939 7.237 -50
      vertex 45.8879 3.2088 -50
    endloop
  endfacet
  facet normal 0 0 -1
    outer loop
      vertex 43.2259 -15.7329 -50
      vertex 48.864 -17.785 -50
      vertex 47.5044 -21.1503 -50
    endloop
  endfacet
  facet normal -0 0 -1
    outer loop
      vertex 51.4939 7.237 -50
      vertex 45.5523 6.40196 -50
      vertex 50.8637 10.8114 -50
    endloop
  endfacet
  facet normal 0 0 -1
    outer loop
      vertex 44.9948 9.56394 -50
      vertex 50.8637 10.8114 -50
      vertex 45.5523 6.40196 -50
    endloop
  endfacet
  facet normal 0 0 -1
    outer loop
      vertex 42.0231 -18.7099 -50
      vertex 47.5044 -21.1503 -50
      vertex 45.9133 -24.4125 -50
    endloop
  endfacet
  facet normal 0 0 -1
    outer loop
      vertex 51.8733 -3.62734 -50
      vertex 45.8879 -3.2088 -50
      vertex 46 0 -50
    endloop
  endfacet
  facet normal 0 0 -1
    outer loop
      vertex 51.4939 -7.237 -50
      vertex 45.5523 -6.40196 -50
      vertex 45.8879 -3.2088 -50
    endloop
  endfacet
  facet normal 0 0 -1
    outer loop
      vertex 50.8637 -10.8114 -50
      vertex 44.9948 -9.56394 -50
      vertex 45.5523 -6.40196 -50
    endloop
  endfacet
  facet normal 0 0 -1
    outer loop
      vertex 49.9856 -14.3331 -50
      vertex 44.218 -12.6793 -50
      vertex 44.9948 -9.56394 -50
    endloop
  endfacet
  facet normal 0 0 -1
    outer loop
      vertex 40.6156 -21.5957 -50
      vertex 45.9133 -24.4125 -50
      vertex 44.0985 -27.5558 -50
    endloop
  endfacet
  facet normal 0 0 -1
    outer loop
      vertex 48.864 -17.785 -50
      vertex 43.2259 -15.7329 -50
      vertex 44.218 -12.6793 -50
    endloop
  endfacet
  facet normal 0 0 -1
    outer loop
      vertex 39.0102 -24.3763 -50
      vertex 44.0985 -27.5558 -50
      vertex 42.0689 -30.5648 -50
    endloop
  endfacet
  facet normal 0 0 -1
    outer loop
      vertex 47.5044 -21.1503 -50
      vertex 42.0231 -18.7099 -50
      vertex 43.2259 -15.7329 -50
    endloop
  endfacet
  facet normal 0 0 -1
    outer loop
      vertex 45.9133 -24.4125 -50
      vertex 40.6156 -21.5957 -50
      vertex 42.0231 -18.7099 -50
    endloop
  endfacet
  facet normal 0 0 -1
    outer loop
      vertex 37.2148 -27.0381 -50
      vertex 42.0689 -30.5648 -50
      vertex 39.8343 -33.425 -50
    endloop
  endfacet
  facet normal 0 0 -1
    outer loop
      vertex 44.0985 -27.5558 -50
      vertex 39.0102 -24.3763 -50
      vertex 40.6156 -21.5957 -50
    endloop
  endfacet
  facet normal 0 0 -1
    outer loop
      vertex 35.238 -29.5682 -50
      vertex 39.8343 -33.425 -50
      vertex 37.4057 -36.1222 -50
    endloop
  endfacet
  facet normal 0 0 -1
    outer loop
      vertex 42.0689 -30.5648 -50
      vertex 37.2148 -27.0381 -50
      vertex 39.0102 -24.3763 -50
    endloop
  endfacet
  facet normal 0 0 -1
    outer loop
      vertex 39.8343 -33.425 -50
      vertex 35.238 -29.5682 -50
      vertex 37.2148 -27.0381 -50
    endloop
  endfacet
  facet normal 0 0 -1
    outer loop
      vertex 33.0896 -31.9543 -50
      vertex 37.4057 -36.1222 -50
      vertex 34.7948 -38.6435 -50
    endloop
  endfacet
  facet normal 0 0 -1
    outer loop
      vertex 37.4057 -36.1222 -50
      vertex 33.0896 -31.9543 -50
      vertex 35.238 -29.5682 -50
    endloop
  endfacet
  facet normal 0 0 -1
    outer loop
      vertex 30.78 -34.1847 -50
      vertex 34.7948 -38.6435 -50
      vertex 32.0144 -40.9766 -50
    endloop
  endfacet
  facet normal 0 0 -1
    outer loop
      vertex 34.7948 -38.6435 -50
      vertex 30.78 -34.1847 -50
      vertex 33.0896 -31.9543 -50
    endloop
  endfacet
  facet normal 0 0 -1
    outer loop
      vertex 28.3204 -36.2485 -50
      vertex 32.0144 -40.9766 -50
      vertex 29.078 -43.11 -50
    endloop
  endfacet
  facet normal 0 0 -1
    outer loop
      vertex 32.0144 -40.9766 -50
      vertex 28.3204 -36.2485 -50
      vertex 30.78 -34.1847 -50
    endloop
  endfacet
  facet normal 0 0 -1
    outer loop
      vertex 25.7229 -38.1357 -50
      vertex 29.078 -43.11 -50
      vertex 26 -45.0333 -50
    endloop
  endfacet
  facet normal 0 0 -1
    outer loop
      vertex 29.078 -43.11 -50
      vertex 25.7229 -38.1357 -50
      vertex 28.3204 -36.2485 -50
    endloop
  endfacet
  facet normal 0 0 -1
    outer loop
      vertex 26 -45.0333 -50
      vertex 23 -39.8372 -50
      vertex 25.7229 -38.1357 -50
    endloop
  endfacet
  facet normal 0 0 -1
    outer loop
      vertex 22.7953 -46.7373 -50
      vertex 23 -39.8372 -50
      vertex 26 -45.0333 -50
    endloop
  endfacet
  facet normal 0 0 -1
    outer loop
      vertex 22.7953 -46.7373 -50
      vertex 20.1651 -41.3445 -50
      vertex 23 -39.8372 -50
    endloop
  endfacet
  facet normal 0 0 -1
    outer loop
      vertex 19.4795 -48.2136 -50
      vertex 20.1651 -41.3445 -50
      vertex 22.7953 -46.7373 -50
    endloop
  endfacet
  facet normal 0 0 -1
    outer loop
      vertex 19.4795 -48.2136 -50
      vertex 17.2319 -42.6505 -50
      vertex 20.1651 -41.3445 -50
    endloop
  endfacet
  facet normal 0 0 -1
    outer loop
      vertex 16.0689 -49.4549 -50
      vertex 17.2319 -42.6505 -50
      vertex 19.4795 -48.2136 -50
    endloop
  endfacet
  facet normal 0 0 -1
    outer loop
      vertex 16.0689 -49.4549 -50
      vertex 14.2148 -43.7486 -50
      vertex 17.2319 -42.6505 -50
    endloop
  endfacet
  facet normal 0 0 -1
    outer loop
      vertex 12.5799 -50.4554 -50
      vertex 14.2148 -43.7486 -50
      vertex 16.0689 -49.4549 -50
    endloop
  endfacet
  facet normal 0 0 -1
    outer loop
      vertex 12.5799 -50.4554 -50
      vertex 11.1284 -44.6336 -50
      vertex 14.2148 -43.7486 -50
    endloop
  endfacet
  facet normal 0 0 -1
    outer loop
      vertex 9.02971 -51.21 -50
      vertex 11.1284 -44.6336 -50
      vertex 12.5799 -50.4554 -50
    endloop
  endfacet
  facet normal 0 0 -1
    outer loop
      vertex 9.02971 -51.21 -50
      vertex 7.98782 -45.3012 -50
      vertex 11.1284 -44.6336 -50
    endloop
  endfacet
  facet normal 0 0 -1
    outer loop
      vertex 5.43548 -51.7151 -50
      vertex 7.98782 -45.3012 -50
      vertex 9.02971 -51.21 -50
    endloop
  endfacet
  facet normal 0 0 -1
    outer loop
      vertex 5.43548 -51.7151 -50
      vertex 4.80831 -45.748 -50
      vertex 7.98782 -45.3012 -50
    endloop
  endfacet
  facet normal 0 0 -1
    outer loop
      vertex 1.81477 -51.9683 -50
      vertex 4.80831 -45.748 -50
      vertex 5.43548 -51.7151 -50
    endloop
  endfacet
  facet normal 0 0 -1
    outer loop
      vertex 1.81477 -51.9683 -50
      vertex 1.60538 -45.972 -50
      vertex 4.80831 -45.748 -50
    endloop
  endfacet
  facet normal 0 0 -1
    outer loop
      vertex 1.81477 -51.9683 -50
      vertex -1.60538 -45.972 -50
      vertex 1.60538 -45.972 -50
    endloop
  endfacet
  facet normal 0 0 -1
    outer loop
      vertex -1.81477 -51.9683 -50
      vertex -1.60538 -45.972 -50
      vertex 1.81477 -51.9683 -50
    endloop
  endfacet
  facet normal 0 0 -1
    outer loop
      vertex -1.81477 -51.9683 -50
      vertex -4.80831 -45.748 -50
      vertex -1.60538 -45.972 -50
    endloop
  endfacet
  facet normal 0 0 -1
    outer loop
      vertex -5.43548 -51.7151 -50
      vertex -4.80831 -45.748 -50
      vertex -1.81477 -51.9683 -50
    endloop
  endfacet
  facet normal 0 0 -1
    outer loop
      vertex -5.43548 -51.7151 -50
      vertex -7.98782 -45.3012 -50
      vertex -4.80831 -45.748 -50
    endloop
  endfacet
  facet normal 0 0 -1
    outer loop
      vertex -9.02971 -51.21 -50
      vertex -7.98782 -45.3012 -50
      vertex -5.43548 -51.7151 -50
    endloop
  endfacet
  facet normal 0 0 -1
    outer loop
      vertex -9.02971 -51.21 -50
      vertex -11.1284 -44.6336 -50
      vertex -7.98782 -45.3012 -50
    endloop
  endfacet
  facet normal 0 0 -1
    outer loop
      vertex -12.5799 -50.4554 -50
      vertex -11.1284 -44.6336 -50
      vertex -9.02971 -51.21 -50
    endloop
  endfacet
  facet normal 0 0 -1
    outer loop
      vertex -12.5799 -50.4554 -50
      vertex -14.2148 -43.7486 -50
      vertex -11.1284 -44.6336 -50
    endloop
  endfacet
  facet normal 0 0 -1
    outer loop
      vertex -16.0689 -49.4549 -50
      vertex -14.2148 -43.7486 -50
      vertex -12.5799 -50.4554 -50
    endloop
  endfacet
  facet normal 0 0 -1
    outer loop
      vertex -16.0689 -49.4549 -50
      vertex -17.2319 -42.6505 -50
      vertex -14.2148 -43.7486 -50
    endloop
  endfacet
  facet normal 0 0 -1
    outer loop
      vertex -19.4795 -48.2136 -50
      vertex -17.2319 -42.6505 -50
      vertex -16.0689 -49.4549 -50
    endloop
  endfacet
  facet normal 0 0 -1
    outer loop
      vertex -19.4795 -48.2136 -50
      vertex -20.1651 -41.3445 -50
      vertex -17.2319 -42.6505 -50
    endloop
  endfacet
  facet normal 0 0 -1
    outer loop
      vertex -22.7953 -46.7373 -50
      vertex -20.1651 -41.3445 -50
      vertex -19.4795 -48.2136 -50
    endloop
  endfacet
  facet normal 0 0 -1
    outer loop
      vertex -22.7953 -46.7373 -50
      vertex -23 -39.8372 -50
      vertex -20.1651 -41.3445 -50
    endloop
  endfacet
  facet normal 0 0 -1
    outer loop
      vertex -26 -45.0333 -50
      vertex -23 -39.8372 -50
      vertex -22.7953 -46.7373 -50
    endloop
  endfacet
  facet normal -0 0 -1
    outer loop
      vertex -23 -39.8372 -50
      vertex -26 -45.0333 -50
      vertex -25.7229 -38.1357 -50
    endloop
  endfacet
  facet normal 0 0 -1
    outer loop
      vertex -29.078 -43.11 -50
      vertex -25.7229 -38.1357 -50
      vertex -26 -45.0333 -50
    endloop
  endfacet
  facet normal -0 0 -1
    outer loop
      vertex -25.7229 -38.1357 -50
      vertex -29.078 -43.11 -50
      vertex -28.3204 -36.2485 -50
    endloop
  endfacet
  facet normal 0 0 -1
    outer loop
      vertex -32.0144 -40.9766 -50
      vertex -28.3204 -36.2485 -50
      vertex -29.078 -43.11 -50
    endloop
  endfacet
  facet normal -0 0 -1
    outer loop
      vertex -28.3204 -36.2485 -50
      vertex -32.0144 -40.9766 -50
      vertex -30.78 -34.1847 -50
    endloop
  endfacet
  facet normal 0 0 -1
    outer loop
      vertex -34.7948 -38.6435 -50
      vertex -30.78 -34.1847 -50
      vertex -32.0144 -40.9766 -50
    endloop
  endfacet
  facet normal -0 0 -1
    outer loop
      vertex -30.78 -34.1847 -50
      vertex -34.7948 -38.6435 -50
      vertex -33.0896 -31.9543 -50
    endloop
  endfacet
  facet normal 0 0 -1
    outer loop
      vertex -37.4057 -36.1222 -50
      vertex -33.0896 -31.9543 -50
      vertex -34.7948 -38.6435 -50
    endloop
  endfacet
  facet normal -0 0 -1
    outer loop
      vertex -33.0896 -31.9543 -50
      vertex -37.4057 -36.1222 -50
      vertex -35.238 -29.5682 -50
    endloop
  endfacet
  facet normal 0 0 -1
    outer loop
      vertex -39.8343 -33.425 -50
      vertex -35.238 -29.5682 -50
      vertex -37.4057 -36.1222 -50
    endloop
  endfacet
  facet normal -0 0 -1
    outer loop
      vertex -35.238 -29.5682 -50
      vertex -39.8343 -33.425 -50
      vertex -37.2148 -27.0381 -50
    endloop
  endfacet
  facet normal 0 0 -1
    outer loop
      vertex -42.0689 -30.5648 -50
      vertex -37.2148 -27.0381 -50
      vertex -39.8343 -33.425 -50
    endloop
  endfacet
  facet normal -0 0 -1
    outer loop
      vertex -37.2148 -27.0381 -50
      vertex -42.0689 -30.5648 -50
      vertex -39.0102 -24.3763 -50
    endloop
  endfacet
  facet normal 0 0 -1
    outer loop
      vertex -44.0985 -27.5558 -50
      vertex -39.0102 -24.3763 -50
      vertex -42.0689 -30.5648 -50
    endloop
  endfacet
  facet normal -0 0 -1
    outer loop
      vertex -39.0102 -24.3763 -50
      vertex -44.0985 -27.5558 -50
      vertex -40.6156 -21.5957 -50
    endloop
  endfacet
  facet normal 0 0 -1
    outer loop
      vertex -45.9133 -24.4125 -50
      vertex -40.6156 -21.5957 -50
      vertex -44.0985 -27.5558 -50
    endloop
  endfacet
  facet normal -0 0 -1
    outer loop
      vertex -40.6156 -21.5957 -50
      vertex -45.9133 -24.4125 -50
      vertex -42.0231 -18.7099 -50
    endloop
  endfacet
  facet normal 0 0 -1
    outer loop
      vertex -47.5044 -21.1503 -50
      vertex -42.0231 -18.7099 -50
      vertex -45.9133 -24.4125 -50
    endloop
  endfacet
  facet normal -0 0 -1
    outer loop
      vertex -42.0231 -18.7099 -50
      vertex -47.5044 -21.1503 -50
      vertex -43.2259 -15.7329 -50
    endloop
  endfacet
  facet normal 0 0 -1
    outer loop
      vertex -48.864 -17.785 -50
      vertex -43.2259 -15.7329 -50
      vertex -47.5044 -21.1503 -50
    endloop
  endfacet
  facet normal -0 0 -1
    outer loop
      vertex -43.2259 -15.7329 -50
      vertex -48.864 -17.785 -50
      vertex -44.218 -12.6793 -50
    endloop
  endfacet
  facet normal 0 0 -1
    outer loop
      vertex -49.9856 -14.3331 -50
      vertex -44.218 -12.6793 -50
      vertex -48.864 -17.785 -50
    endloop
  endfacet
  facet normal -0 0 -1
    outer loop
      vertex -44.218 -12.6793 -50
      vertex -49.9856 -14.3331 -50
      vertex -44.9948 -9.56394 -50
    endloop
  endfacet
  facet normal 0 0 -1
    outer loop
      vertex -50.8637 -10.8114 -50
      vertex -44.9948 -9.56394 -50
      vertex -49.9856 -14.3331 -50
    endloop
  endfacet
  facet normal -0 0 -1
    outer loop
      vertex 50.8637 10.8114 -50
      vertex 44.9948 9.56394 -50
      vertex 49.9856 14.3331 -50
    endloop
  endfacet
  facet normal 0 0 -1
    outer loop
      vertex 44.218 12.6793 -50
      vertex 49.9856 14.3331 -50
      vertex 44.9948 9.56394 -50
    endloop
  endfacet
  facet normal -0 0 -1
    outer loop
      vertex 49.9856 14.3331 -50
      vertex 44.218 12.6793 -50
      vertex 48.864 17.785 -50
    endloop
  endfacet
  facet normal 0 0 -1
    outer loop
      vertex 43.2259 15.7329 -50
      vertex 48.864 17.785 -50
      vertex 44.218 12.6793 -50
    endloop
  endfacet
  facet normal -0 0 -1
    outer loop
      vertex 48.864 17.785 -50
      vertex 43.2259 15.7329 -50
      vertex 47.5044 21.1503 -50
    endloop
  endfacet
  facet normal 0 0 -1
    outer loop
      vertex 42.0231 18.7099 -50
      vertex 47.5044 21.1503 -50
      vertex 43.2259 15.7329 -50
    endloop
  endfacet
  facet normal -0 0 -1
    outer loop
      vertex 47.5044 21.1503 -50
      vertex 42.0231 18.7099 -50
      vertex 45.9133 24.4125 -50
    endloop
  endfacet
  facet normal 0 0 -1
    outer loop
      vertex 40.6156 21.5957 -50
      vertex 45.9133 24.4125 -50
      vertex 42.0231 18.7099 -50
    endloop
  endfacet
  facet normal -0 0 -1
    outer loop
      vertex 45.9133 24.4125 -50
      vertex 40.6156 21.5957 -50
      vertex 44.0985 27.5558 -50
    endloop
  endfacet
  facet normal 0 0 -1
    outer loop
      vertex 39.0102 24.3763 -50
      vertex 44.0985 27.5558 -50
      vertex 40.6156 21.5957 -50
    endloop
  endfacet
  facet normal -0 0 -1
    outer loop
      vertex 44.0985 27.5558 -50
      vertex 39.0102 24.3763 -50
      vertex 42.0689 30.5648 -50
    endloop
  endfacet
  facet normal 0 0 -1
    outer loop
      vertex 37.2148 27.0381 -50
      vertex 42.0689 30.5648 -50
      vertex 39.0102 24.3763 -50
    endloop
  endfacet
  facet normal -0 0 -1
    outer loop
      vertex 42.0689 30.5648 -50
      vertex 37.2148 27.0381 -50
      vertex 39.8343 33.425 -50
    endloop
  endfacet
  facet normal 0 0 -1
    outer loop
      vertex 35.238 29.5682 -50
      vertex 39.8343 33.425 -50
      vertex 37.2148 27.0381 -50
    endloop
  endfacet
  facet normal -0 0 -1
    outer loop
      vertex 39.8343 33.425 -50
      vertex 35.238 29.5682 -50
      vertex 37.4057 36.1222 -50
    endloop
  endfacet
  facet normal 0 0 -1
    outer loop
      vertex 33.0896 31.9543 -50
      vertex 37.4057 36.1222 -50
      vertex 35.238 29.5682 -50
    endloop
  endfacet
  facet normal -0 0 -1
    outer loop
      vertex 37.4057 36.1222 -50
      vertex 33.0896 31.9543 -50
      vertex 34.7948 38.6435 -50
    endloop
  endfacet
  facet normal 0 0 -1
    outer loop
      vertex 30.78 34.1847 -50
      vertex 34.7948 38.6435 -50
      vertex 33.0896 31.9543 -50
    endloop
  endfacet
  facet normal -0 0 -1
    outer loop
      vertex 34.7948 38.6435 -50
      vertex 30.78 34.1847 -50
      vertex 32.0144 40.9766 -50
    endloop
  endfacet
  facet normal 0 0 -1
    outer loop
      vertex 28.3204 36.2485 -50
      vertex 32.0144 40.9766 -50
      vertex 30.78 34.1847 -50
    endloop
  endfacet
  facet normal -0 0 -1
    outer loop
      vertex 32.0144 40.9766 -50
      vertex 28.3204 36.2485 -50
      vertex 29.078 43.11 -50
    endloop
  endfacet
  facet normal 0 0 -1
    outer loop
      vertex 25.7229 38.1357 -50
      vertex 29.078 43.11 -50
      vertex 28.3204 36.2485 -50
    endloop
  endfacet
  facet normal -0 0 -1
    outer loop
      vertex 29.078 43.11 -50
      vertex 25.7229 38.1357 -50
      vertex 26 45.0333 -50
    endloop
  endfacet
  facet normal 0 0 -1
    outer loop
      vertex 23 39.8372 -50
      vertex 26 45.0333 -50
      vertex 25.7229 38.1357 -50
    endloop
  endfacet
  facet normal 0 0 -1
    outer loop
      vertex 23 39.8372 -50
      vertex 22.7953 46.7373 -50
      vertex 26 45.0333 -50
    endloop
  endfacet
  facet normal 0 0 -1
    outer loop
      vertex 20.1651 41.3445 -50
      vertex 22.7953 46.7373 -50
      vertex 23 39.8372 -50
    endloop
  endfacet
  facet normal 0 0 -1
    outer loop
      vertex 20.1651 41.3445 -50
      vertex 19.4795 48.2136 -50
      vertex 22.7953 46.7373 -50
    endloop
  endfacet
  facet normal 0 0 -1
    outer loop
      vertex 17.2319 42.6505 -50
      vertex 19.4795 48.2136 -50
      vertex 20.1651 41.3445 -50
    endloop
  endfacet
  facet normal 0 0 -1
    outer loop
      vertex 17.2319 42.6505 -50
      vertex 16.0689 49.4549 -50
      vertex 19.4795 48.2136 -50
    endloop
  endfacet
  facet normal 0 0 -1
    outer loop
      vertex 14.2148 43.7486 -50
      vertex 16.0689 49.4549 -50
      vertex 17.2319 42.6505 -50
    endloop
  endfacet
  facet normal 0 0 -1
    outer loop
      vertex 14.2148 43.7486 -50
      vertex 12.5799 50.4554 -50
      vertex 16.0689 49.4549 -50
    endloop
  endfacet
  facet normal 0 0 -1
    outer loop
      vertex 11.1284 44.6336 -50
      vertex 12.5799 50.4554 -50
      vertex 14.2148 43.7486 -50
    endloop
  endfacet
  facet normal 0 0 -1
    outer loop
      vertex 11.1284 44.6336 -50
      vertex 9.02971 51.21 -50
      vertex 12.5799 50.4554 -50
    endloop
  endfacet
  facet normal 0 0 -1
    outer loop
      vertex 7.98782 45.3012 -50
      vertex 9.02971 51.21 -50
      vertex 11.1284 44.6336 -50
    endloop
  endfacet
  facet normal 0 0 -1
    outer loop
      vertex 7.98782 45.3012 -50
      vertex 5.43548 51.7151 -50
      vertex 9.02971 51.21 -50
    endloop
  endfacet
  facet normal 0 0 -1
    outer loop
      vertex 4.80831 45.748 -50
      vertex 5.43548 51.7151 -50
      vertex 7.98782 45.3012 -50
    endloop
  endfacet
  facet normal 0 0 -1
    outer loop
      vertex 4.80831 45.748 -50
      vertex 1.81477 51.9683 -50
      vertex 5.43548 51.7151 -50
    endloop
  endfacet
  facet normal 0 0 -1
    outer loop
      vertex 1.60538 45.972 -50
      vertex 1.81477 51.9683 -50
      vertex 4.80831 45.748 -50
    endloop
  endfacet
  facet normal 0 0 -1
    outer loop
      vertex -1.60538 45.972 -50
      vertex 1.81477 51.9683 -50
      vertex 1.60538 45.972 -50
    endloop
  endfacet
  facet normal 0 0 -1
    outer loop
      vertex -1.60538 45.972 -50
      vertex -1.81477 51.9683 -50
      vertex 1.81477 51.9683 -50
    endloop
  endfacet
  facet normal 0 0 -1
    outer loop
      vertex -4.80831 45.748 -50
      vertex -1.81477 51.9683 -50
      vertex -1.60538 45.972 -50
    endloop
  endfacet
  facet normal 0 0 -1
    outer loop
      vertex -4.80831 45.748 -50
      vertex -5.43548 51.7151 -50
      vertex -1.81477 51.9683 -50
    endloop
  endfacet
  facet normal 0 0 -1
    outer loop
      vertex -7.98782 45.3012 -50
      vertex -5.43548 51.7151 -50
      vertex -4.80831 45.748 -50
    endloop
  endfacet
  facet normal 0 0 -1
    outer loop
      vertex -7.98782 45.3012 -50
      vertex -9.02971 51.21 -50
      vertex -5.43548 51.7151 -50
    endloop
  endfacet
  facet normal 0 0 -1
    outer loop
      vertex -11.1284 44.6336 -50
      vertex -9.02971 51.21 -50
      vertex -7.98782 45.3012 -50
    endloop
  endfacet
  facet normal 0 0 -1
    outer loop
      vertex -11.1284 44.6336 -50
      vertex -12.5799 50.4554 -50
      vertex -9.02971 51.21 -50
    endloop
  endfacet
  facet normal 0 0 -1
    outer loop
      vertex -14.2148 43.7486 -50
      vertex -12.5799 50.4554 -50
      vertex -11.1284 44.6336 -50
    endloop
  endfacet
  facet normal 0 0 -1
    outer loop
      vertex -14.2148 43.7486 -50
      vertex -16.0689 49.4549 -50
      vertex -12.5799 50.4554 -50
    endloop
  endfacet
  facet normal 0 0 -1
    outer loop
      vertex -17.2319 42.6505 -50
      vertex -16.0689 49.4549 -50
      vertex -14.2148 43.7486 -50
    endloop
  endfacet
  facet normal 0 0 -1
    outer loop
      vertex -17.2319 42.6505 -50
      vertex -19.4795 48.2136 -50
      vertex -16.0689 49.4549 -50
    endloop
  endfacet
  facet normal 0 0 -1
    outer loop
      vertex -20.1651 41.3445 -50
      vertex -19.4795 48.2136 -50
      vertex -17.2319 42.6505 -50
    endloop
  endfacet
  facet normal 0 0 -1
    outer loop
      vertex -20.1651 41.3445 -50
      vertex -22.7953 46.7373 -50
      vertex -19.4795 48.2136 -50
    endloop
  endfacet
  facet normal 0 0 -1
    outer loop
      vertex -23 39.8372 -50
      vertex -22.7953 46.7373 -50
      vertex -20.1651 41.3445 -50
    endloop
  endfacet
  facet normal 0 0 -1
    outer loop
      vertex -26 45.0333 -50
      vertex -23 39.8372 -50
      vertex -25.7229 38.1357 -50
    endloop
  endfacet
  facet normal 0 0 -1
    outer loop
      vertex -23 39.8372 -50
      vertex -26 45.0333 -50
      vertex -22.7953 46.7373 -50
    endloop
  endfacet
  facet normal 0 0 -1
    outer loop
      vertex -29.078 43.11 -50
      vertex -25.7229 38.1357 -50
      vertex -28.3204 36.2485 -50
    endloop
  endfacet
  facet normal 0 0 -1
    outer loop
      vertex -25.7229 38.1357 -50
      vertex -29.078 43.11 -50
      vertex -26 45.0333 -50
    endloop
  endfacet
  facet normal 0 0 -1
    outer loop
      vertex -32.0144 40.9766 -50
      vertex -28.3204 36.2485 -50
      vertex -30.78 34.1847 -50
    endloop
  endfacet
  facet normal 0 0 -1
    outer loop
      vertex -28.3204 36.2485 -50
      vertex -32.0144 40.9766 -50
      vertex -29.078 43.11 -50
    endloop
  endfacet
  facet normal 0 0 -1
    outer loop
      vertex -34.7948 38.6435 -50
      vertex -30.78 34.1847 -50
      vertex -33.0896 31.9543 -50
    endloop
  endfacet
  facet normal 0 0 -1
    outer loop
      vertex -30.78 34.1847 -50
      vertex -34.7948 38.6435 -50
      vertex -32.0144 40.9766 -50
    endloop
  endfacet
  facet normal 0 0 -1
    outer loop
      vertex -37.4057 36.1222 -50
      vertex -33.0896 31.9543 -50
      vertex -35.238 29.5682 -50
    endloop
  endfacet
  facet normal 0 0 -1
    outer loop
      vertex -39.8343 33.425 -50
      vertex -35.238 29.5682 -50
      vertex -37.2148 27.0381 -50
    endloop
  endfacet
  facet normal 0 0 -1
    outer loop
      vertex -33.0896 31.9543 -50
      vertex -37.4057 36.1222 -50
      vertex -34.7948 38.6435 -50
    endloop
  endfacet
  facet normal 0 0 -1
    outer loop
      vertex -42.0689 30.5648 -50
      vertex -37.2148 27.0381 -50
      vertex -39.0102 24.3763 -50
    endloop
  endfacet
  facet normal 0 0 -1
    outer loop
      vertex -35.238 29.5682 -50
      vertex -39.8343 33.425 -50
      vertex -37.4057 36.1222 -50
    endloop
  endfacet
  facet normal 0 0 -1
    outer loop
      vertex -44.0985 27.5558 -50
      vertex -39.0102 24.3763 -50
      vertex -40.6156 21.5957 -50
    endloop
  endfacet
  facet normal 0 0 -1
    outer loop
      vertex -45.9133 24.4125 -50
      vertex -40.6156 21.5957 -50
      vertex -42.0231 18.7099 -50
    endloop
  endfacet
  facet normal 0 0 -1
    outer loop
      vertex -37.2148 27.0381 -50
      vertex -42.0689 30.5648 -50
      vertex -39.8343 33.425 -50
    endloop
  endfacet
  facet normal 0 0 -1
    outer loop
      vertex -47.5044 21.1503 -50
      vertex -42.0231 18.7099 -50
      vertex -43.2259 15.7329 -50
    endloop
  endfacet
  facet normal 0 0 -1
    outer loop
      vertex -39.0102 24.3763 -50
      vertex -44.0985 27.5558 -50
      vertex -42.0689 30.5648 -50
    endloop
  endfacet
  facet normal 0 0 -1
    outer loop
      vertex -48.864 17.785 -50
      vertex -43.2259 15.7329 -50
      vertex -44.218 12.6793 -50
    endloop
  endfacet
  facet normal 0 0 -1
    outer loop
      vertex -49.9856 14.3331 -50
      vertex -44.218 12.6793 -50
      vertex -44.9948 9.56394 -50
    endloop
  endfacet
  facet normal 0 0 -1
    outer loop
      vertex -50.8637 10.8114 -50
      vertex -44.9948 9.56394 -50
      vertex -45.5523 6.40196 -50
    endloop
  endfacet
  facet normal 0 0 -1
    outer loop
      vertex -51.4939 7.237 -50
      vertex -45.5523 6.40196 -50
      vertex -45.8879 3.2088 -50
    endloop
  endfacet
  facet normal 0 0 -1
    outer loop
      vertex -40.6156 21.5957 -50
      vertex -45.9133 24.4125 -50
      vertex -44.0985 27.5558 -50
    endloop
  endfacet
  facet normal 0 0 -1
    outer loop
      vertex -51.8733 3.62734 -50
      vertex -45.8879 3.2088 -50
      vertex -46 0 -50
    endloop
  endfacet
  facet normal -0 0 -1
    outer loop
      vertex -44.9948 -9.56394 -50
      vertex -50.8637 -10.8114 -50
      vertex -45.5523 -6.40196 -50
    endloop
  endfacet
  facet normal 0 0 -1
    outer loop
      vertex -42.0231 18.7099 -50
      vertex -47.5044 21.1503 -50
      vertex -45.9133 24.4125 -50
    endloop
  endfacet
  facet normal 0 0 -1
    outer loop
      vertex -51.4939 -7.237 -50
      vertex -45.5523 -6.40196 -50
      vertex -50.8637 -10.8114 -50
    endloop
  endfacet
  facet normal 0 0 -1
    outer loop
      vertex -43.2259 15.7329 -50
      vertex -48.864 17.785 -50
      vertex -47.5044 21.1503 -50
    endloop
  endfacet
  facet normal -0 0 -1
    outer loop
      vertex -45.5523 -6.40196 -50
      vertex -51.4939 -7.237 -50
      vertex -45.8879 -3.2088 -50
    endloop
  endfacet
  facet normal 0 0 -1
    outer loop
      vertex -44.218 12.6793 -50
      vertex -49.9856 14.3331 -50
      vertex -48.864 17.785 -50
    endloop
  endfacet
  facet normal 0 0 -1
    outer loop
      vertex -51.8733 -3.62734 -50
      vertex -45.8879 -3.2088 -50
      vertex -51.4939 -7.237 -50
    endloop
  endfacet
  facet normal 0 0 -1
    outer loop
      vertex -44.9948 9.56394 -50
      vertex -50.8637 10.8114 -50
      vertex -49.9856 14.3331 -50
    endloop
  endfacet
  facet normal -0 0 -1
    outer loop
      vertex -45.8879 -3.2088 -50
      vertex -51.8733 -3.62734 -50
      vertex -46 0 -50
    endloop
  endfacet
  facet normal 0 0 -1
    outer loop
      vertex -45.5523 6.40196 -50
      vertex -51.4939 7.237 -50
      vertex -50.8637 10.8114 -50
    endloop
  endfacet
  facet normal 0 0 -1
    outer loop
      vertex -52 0 -50
      vertex -46 0 -50
      vertex -51.8733 -3.62734 -50
    endloop
  endfacet
  facet normal 0 0 -1
    outer loop
      vertex -45.8879 3.2088 -50
      vertex -51.8733 3.62734 -50
      vertex -51.4939 7.237 -50
    endloop
  endfacet
  facet normal 0 0 -1
    outer loop
      vertex -46 0 -50
      vertex -52 0 -50
      vertex -51.8733 3.62734 -50
    endloop
  endfacet
  facet normal 0.743141 -0.669135 0
    outer loop
      vertex 37.4057 -36.1222 10
      vertex 39.8343 -33.425 -50
      vertex 39.8343 -33.425 10
    endloop
  endfacet
  facet normal 0.743141 -0.669135 0
    outer loop
      vertex 39.8343 -33.425 -50
      vertex 37.4057 -36.1222 10
      vertex 37.4057 -36.1222 -50
    endloop
  endfacet
  facet normal 0.406739 -0.913544 0
    outer loop
      vertex 19.4795 -48.2136 -50
      vertex 22.7953 -46.7373 10
      vertex 19.4795 -48.2136 10
    endloop
  endfacet
  facet normal 0.406739 -0.913544 0
    outer loop
      vertex 22.7953 -46.7373 10
      vertex 19.4795 -48.2136 -50
      vertex 22.7953 -46.7373 -50
    endloop
  endfacet
  facet normal 0.642799 0.766035 -0
    outer loop
      vertex 34.7948 38.6435 -50
      vertex 32.0144 40.9766 10
      vertex 34.7948 38.6435 10
    endloop
  endfacet
  facet normal 0.642799 0.766035 0
    outer loop
      vertex 32.0144 40.9766 10
      vertex 34.7948 38.6435 -50
      vertex 32.0144 40.9766 -50
    endloop
  endfacet
  facet normal 0.898792 0.438375 0
    outer loop
      vertex 47.5044 21.1503 10
      vertex 45.9133 24.4125 -50
      vertex 45.9133 24.4125 10
    endloop
  endfacet
  facet normal 0.898792 0.438375 0
    outer loop
      vertex 45.9133 24.4125 -50
      vertex 47.5044 21.1503 10
      vertex 47.5044 21.1503 -50
    endloop
  endfacet
  facet normal 0.951056 -0.309019 0
    outer loop
      vertex 48.864 -17.785 10
      vertex 49.9856 -14.3331 -50
      vertex 49.9856 -14.3331 10
    endloop
  endfacet
  facet normal 0.951056 -0.309019 0
    outer loop
      vertex 49.9856 -14.3331 -50
      vertex 48.864 -17.785 10
      vertex 48.864 -17.785 -50
    endloop
  endfacet
  facet normal -0.406739 0.913544 0
    outer loop
      vertex -19.4795 48.2136 -50
      vertex -22.7953 46.7373 10
      vertex -19.4795 48.2136 10
    endloop
  endfacet
  facet normal -0.406739 0.913544 0
    outer loop
      vertex -22.7953 46.7373 10
      vertex -19.4795 48.2136 -50
      vertex -22.7953 46.7373 -50
    endloop
  endfacet
  facet normal 0.342006 -0.939698 0
    outer loop
      vertex 16.0689 -49.4549 -50
      vertex 19.4795 -48.2136 10
      vertex 16.0689 -49.4549 10
    endloop
  endfacet
  facet normal 0.342006 -0.939698 0
    outer loop
      vertex 19.4795 -48.2136 10
      vertex 16.0689 -49.4549 -50
      vertex 19.4795 -48.2136 -50
    endloop
  endfacet
  facet normal 0.829037 0.559194 0
    outer loop
      vertex 44.0985 27.5558 10
      vertex 42.0689 30.5648 -50
      vertex 42.0689 30.5648 10
    endloop
  endfacet
  facet normal 0.829037 0.559194 0
    outer loop
      vertex 42.0689 30.5648 -50
      vertex 44.0985 27.5558 10
      vertex 44.0985 27.5558 -50
    endloop
  endfacet
  facet normal -0.927191 -0.37459 0
    outer loop
      vertex -47.5044 -21.1503 -50
      vertex -48.864 -17.785 10
      vertex -48.864 -17.785 -50
    endloop
  endfacet
  facet normal -0.927191 -0.37459 0
    outer loop
      vertex -48.864 -17.785 10
      vertex -47.5044 -21.1503 -50
      vertex -47.5044 -21.1503 10
    endloop
  endfacet
  facet normal -0.927191 0.37459 0
    outer loop
      vertex -48.864 17.785 -50
      vertex -47.5044 21.1503 10
      vertex -47.5044 21.1503 -50
    endloop
  endfacet
  facet normal -0.927191 0.37459 0
    outer loop
      vertex -47.5044 21.1503 10
      vertex -48.864 17.785 -50
      vertex -48.864 17.785 10
    endloop
  endfacet
  facet normal 0.587782 -0.80902 0
    outer loop
      vertex 29.078 -43.11 -50
      vertex 32.0144 -40.9766 10
      vertex 29.078 -43.11 10
    endloop
  endfacet
  facet normal 0.587782 -0.80902 0
    outer loop
      vertex 32.0144 -40.9766 10
      vertex 29.078 -43.11 -50
      vertex 32.0144 -40.9766 -50
    endloop
  endfacet
  facet normal 0.970293 -0.241933 0
    outer loop
      vertex 49.9856 -14.3331 10
      vertex 50.8637 -10.8114 -50
      vertex 50.8637 -10.8114 10
    endloop
  endfacet
  facet normal 0.970293 -0.241933 0
    outer loop
      vertex 50.8637 -10.8114 -50
      vertex 49.9856 -14.3331 10
      vertex 49.9856 -14.3331 -50
    endloop
  endfacet
  facet normal -0.743141 0.669135 0
    outer loop
      vertex -39.8343 33.425 -50
      vertex -37.4057 36.1222 10
      vertex -37.4057 36.1222 -50
    endloop
  endfacet
  facet normal -0.743141 0.669135 0
    outer loop
      vertex -37.4057 36.1222 10
      vertex -39.8343 33.425 -50
      vertex -39.8343 33.425 10
    endloop
  endfacet
  facet normal 0 -1 0
    outer loop
      vertex -1.81477 -51.9683 -50
      vertex 1.81477 -51.9683 10
      vertex -1.81477 -51.9683 10
    endloop
  endfacet
  facet normal 0 -1 -0
    outer loop
      vertex 1.81477 -51.9683 10
      vertex -1.81477 -51.9683 -50
      vertex 1.81477 -51.9683 -50
    endloop
  endfacet
  facet normal -0.0697607 -0.997564 0
    outer loop
      vertex -5.43548 -51.7151 -50
      vertex -1.81477 -51.9683 10
      vertex -5.43548 -51.7151 10
    endloop
  endfacet
  facet normal -0.0697607 -0.997564 -0
    outer loop
      vertex -1.81477 -51.9683 10
      vertex -5.43548 -51.7151 -50
      vertex -1.81477 -51.9683 -50
    endloop
  endfacet
  facet normal -0.0697607 0.997564 0
    outer loop
      vertex -1.81477 51.9683 -50
      vertex -5.43548 51.7151 10
      vertex -1.81477 51.9683 10
    endloop
  endfacet
  facet normal -0.0697607 0.997564 0
    outer loop
      vertex -5.43548 51.7151 10
      vertex -1.81477 51.9683 -50
      vertex -5.43548 51.7151 -50
    endloop
  endfacet
  facet normal -0.866024 -0.500003 0
    outer loop
      vertex -44.0985 -27.5558 -50
      vertex -45.9133 -24.4125 10
      vertex -45.9133 -24.4125 -50
    endloop
  endfacet
  facet normal -0.866024 -0.500003 0
    outer loop
      vertex -45.9133 -24.4125 10
      vertex -44.0985 -27.5558 -50
      vertex -44.0985 -27.5558 10
    endloop
  endfacet
  facet normal 0.469478 -0.882944 0
    outer loop
      vertex 22.7953 -46.7373 -50
      vertex 26 -45.0333 10
      vertex 22.7953 -46.7373 10
    endloop
  endfacet
  facet normal 0.469478 -0.882944 0
    outer loop
      vertex 26 -45.0333 10
      vertex 22.7953 -46.7373 -50
      vertex 26 -45.0333 -50
    endloop
  endfacet
  facet normal -0.587782 -0.80902 0
    outer loop
      vertex -32.0144 -40.9766 -50
      vertex -29.078 -43.11 10
      vertex -32.0144 -40.9766 10
    endloop
  endfacet
  facet normal -0.587782 -0.80902 -0
    outer loop
      vertex -29.078 -43.11 10
      vertex -32.0144 -40.9766 -50
      vertex -29.078 -43.11 -50
    endloop
  endfacet
  facet normal -0.788015 0.615656 0
    outer loop
      vertex -42.0689 30.5648 -50
      vertex -39.8343 33.425 10
      vertex -39.8343 33.425 -50
    endloop
  endfacet
  facet normal -0.788015 0.615656 0
    outer loop
      vertex -39.8343 33.425 10
      vertex -42.0689 30.5648 -50
      vertex -42.0689 30.5648 10
    endloop
  endfacet
  facet normal 0.207907 0.978149 -0
    outer loop
      vertex 12.5799 50.4554 -50
      vertex 9.02971 51.21 10
      vertex 12.5799 50.4554 10
    endloop
  endfacet
  facet normal 0.207907 0.978149 0
    outer loop
      vertex 9.02971 51.21 10
      vertex 12.5799 50.4554 -50
      vertex 9.02971 51.21 -50
    endloop
  endfacet
  facet normal -0.642799 -0.766035 0
    outer loop
      vertex -34.7948 -38.6435 -50
      vertex -32.0144 -40.9766 10
      vertex -34.7948 -38.6435 10
    endloop
  endfacet
  facet normal -0.642799 -0.766035 -0
    outer loop
      vertex -32.0144 -40.9766 10
      vertex -34.7948 -38.6435 -50
      vertex -32.0144 -40.9766 -50
    endloop
  endfacet
  facet normal 0.743141 0.669135 0
    outer loop
      vertex 39.8343 33.425 10
      vertex 37.4057 36.1222 -50
      vertex 37.4057 36.1222 10
    endloop
  endfacet
  facet normal 0.743141 0.669135 0
    outer loop
      vertex 37.4057 36.1222 -50
      vertex 39.8343 33.425 10
      vertex 39.8343 33.425 -50
    endloop
  endfacet
  facet normal -0.970293 -0.241933 0
    outer loop
      vertex -49.9856 -14.3331 -50
      vertex -50.8637 -10.8114 10
      vertex -50.8637 -10.8114 -50
    endloop
  endfacet
  facet normal -0.970293 -0.241933 0
    outer loop
      vertex -50.8637 -10.8114 10
      vertex -49.9856 -14.3331 -50
      vertex -49.9856 -14.3331 10
    endloop
  endfacet
  facet normal -0.788015 -0.615656 0
    outer loop
      vertex -39.8343 -33.425 -50
      vertex -42.0689 -30.5648 10
      vertex -42.0689 -30.5648 -50
    endloop
  endfacet
  facet normal -0.788015 -0.615656 0
    outer loop
      vertex -42.0689 -30.5648 10
      vertex -39.8343 -33.425 -50
      vertex -39.8343 -33.425 10
    endloop
  endfacet
  facet normal 0.694656 0.719342 -0
    outer loop
      vertex 37.4057 36.1222 -50
      vertex 34.7948 38.6435 10
      vertex 37.4057 36.1222 10
    endloop
  endfacet
  facet normal 0.694656 0.719342 0
    outer loop
      vertex 34.7948 38.6435 10
      vertex 37.4057 36.1222 -50
      vertex 34.7948 38.6435 -50
    endloop
  endfacet
  facet normal 0.788015 0.615656 0
    outer loop
      vertex 42.0689 30.5648 10
      vertex 39.8343 33.425 -50
      vertex 39.8343 33.425 10
    endloop
  endfacet
  facet normal 0.788015 0.615656 0
    outer loop
      vertex 39.8343 33.425 -50
      vertex 42.0689 30.5648 10
      vertex 42.0689 30.5648 -50
    endloop
  endfacet
  facet normal -0.994522 0.104531 0
    outer loop
      vertex -51.8733 3.62734 -50
      vertex -51.4939 7.237 10
      vertex -51.4939 7.237 -50
    endloop
  endfacet
  facet normal -0.994522 0.104531 0
    outer loop
      vertex -51.4939 7.237 10
      vertex -51.8733 3.62734 -50
      vertex -51.8733 3.62734 10
    endloop
  endfacet
  facet normal -0.342006 0.939698 0
    outer loop
      vertex -16.0689 49.4549 -50
      vertex -19.4795 48.2136 10
      vertex -16.0689 49.4549 10
    endloop
  endfacet
  facet normal -0.342006 0.939698 0
    outer loop
      vertex -19.4795 48.2136 10
      vertex -16.0689 49.4549 -50
      vertex -19.4795 48.2136 -50
    endloop
  endfacet
  facet normal -0.406739 -0.913544 0
    outer loop
      vertex -22.7953 -46.7373 -50
      vertex -19.4795 -48.2136 10
      vertex -22.7953 -46.7373 10
    endloop
  endfacet
  facet normal -0.406739 -0.913544 -0
    outer loop
      vertex -19.4795 -48.2136 10
      vertex -22.7953 -46.7373 -50
      vertex -19.4795 -48.2136 -50
    endloop
  endfacet
  facet normal -0.999391 0.0349079 0
    outer loop
      vertex -52 0 -50
      vertex -51.8733 3.62734 10
      vertex -51.8733 3.62734 -50
    endloop
  endfacet
  facet normal -0.999391 0.0349079 0
    outer loop
      vertex -51.8733 3.62734 10
      vertex -52 0 -50
      vertex -52 0 10
    endloop
  endfacet
  facet normal -0.866024 0.500003 0
    outer loop
      vertex -45.9133 24.4125 -50
      vertex -44.0985 27.5558 10
      vertex -44.0985 27.5558 -50
    endloop
  endfacet
  facet normal -0.866024 0.500003 0
    outer loop
      vertex -44.0985 27.5558 10
      vertex -45.9133 24.4125 -50
      vertex -45.9133 24.4125 10
    endloop
  endfacet
  facet normal 0.927191 0.37459 0
    outer loop
      vertex 48.864 17.785 10
      vertex 47.5044 21.1503 -50
      vertex 47.5044 21.1503 10
    endloop
  endfacet
  facet normal 0.927191 0.37459 0
    outer loop
      vertex 47.5044 21.1503 -50
      vertex 48.864 17.785 10
      vertex 48.864 17.785 -50
    endloop
  endfacet
  facet normal -0.694656 -0.719342 0
    outer loop
      vertex -37.4057 -36.1222 -50
      vertex -34.7948 -38.6435 10
      vertex -37.4057 -36.1222 10
    endloop
  endfacet
  facet normal -0.694656 -0.719342 -0
    outer loop
      vertex -34.7948 -38.6435 10
      vertex -37.4057 -36.1222 -50
      vertex -34.7948 -38.6435 -50
    endloop
  endfacet
  facet normal 0.984811 0.173631 0
    outer loop
      vertex 51.4939 7.237 10
      vertex 50.8637 10.8114 -50
      vertex 50.8637 10.8114 10
    endloop
  endfacet
  facet normal 0.984811 0.173631 0
    outer loop
      vertex 50.8637 10.8114 -50
      vertex 51.4939 7.237 10
      vertex 51.4939 7.237 -50
    endloop
  endfacet
  facet normal -0.139163 0.990269 0
    outer loop
      vertex -5.43548 51.7151 -50
      vertex -9.02971 51.21 10
      vertex -5.43548 51.7151 10
    endloop
  endfacet
  facet normal -0.139163 0.990269 0
    outer loop
      vertex -9.02971 51.21 10
      vertex -5.43548 51.7151 -50
      vertex -9.02971 51.21 -50
    endloop
  endfacet
  facet normal -0.829037 0.559194 0
    outer loop
      vertex -44.0985 27.5558 -50
      vertex -42.0689 30.5648 10
      vertex -42.0689 30.5648 -50
    endloop
  endfacet
  facet normal -0.829037 0.559194 0
    outer loop
      vertex -42.0689 30.5648 10
      vertex -44.0985 27.5558 -50
      vertex -44.0985 27.5558 10
    endloop
  endfacet
  facet normal 0.52991 -0.848054 0
    outer loop
      vertex 26 -45.0333 -50
      vertex 29.078 -43.11 10
      vertex 26 -45.0333 10
    endloop
  endfacet
  facet normal 0.52991 -0.848054 0
    outer loop
      vertex 29.078 -43.11 10
      vertex 26 -45.0333 -50
      vertex 29.078 -43.11 -50
    endloop
  endfacet
  facet normal 0 0 1
    outer loop
      vertex 46 0 10
      vertex 52 0 10
      vertex 51.8733 3.62734 10
    endloop
  endfacet
  facet normal 0 0 1
    outer loop
      vertex 45.8879 3.2088 10
      vertex 51.8733 3.62734 10
      vertex 51.4939 7.237 10
    endloop
  endfacet
  facet normal 0 0 1
    outer loop
      vertex 52 0 10
      vertex 46 0 10
      vertex 51.8733 -3.62734 10
    endloop
  endfacet
  facet normal 0 0 1
    outer loop
      vertex 45.5523 6.40196 10
      vertex 51.4939 7.237 10
      vertex 50.8637 10.8114 10
    endloop
  endfacet
  facet normal -0 0 1
    outer loop
      vertex 45.8879 -3.2088 10
      vertex 51.8733 -3.62734 10
      vertex 46 0 10
    endloop
  endfacet
  facet normal 0 0 1
    outer loop
      vertex 44.9948 9.56394 10
      vertex 50.8637 10.8114 10
      vertex 49.9856 14.3331 10
    endloop
  endfacet
  facet normal 0 0 1
    outer loop
      vertex 51.8733 -3.62734 10
      vertex 45.8879 -3.2088 10
      vertex 51.4939 -7.237 10
    endloop
  endfacet
  facet normal 0 0 1
    outer loop
      vertex 44.218 12.6793 10
      vertex 49.9856 14.3331 10
      vertex 48.864 17.785 10
    endloop
  endfacet
  facet normal -0 0 1
    outer loop
      vertex 45.5523 -6.40196 10
      vertex 51.4939 -7.237 10
      vertex 45.8879 -3.2088 10
    endloop
  endfacet
  facet normal 0 0 1
    outer loop
      vertex 43.2259 15.7329 10
      vertex 48.864 17.785 10
      vertex 47.5044 21.1503 10
    endloop
  endfacet
  facet normal 0 0 1
    outer loop
      vertex 51.4939 -7.237 10
      vertex 45.5523 -6.40196 10
      vertex 50.8637 -10.8114 10
    endloop
  endfacet
  facet normal -0 0 1
    outer loop
      vertex 44.9948 -9.56394 10
      vertex 50.8637 -10.8114 10
      vertex 45.5523 -6.40196 10
    endloop
  endfacet
  facet normal 0 0 1
    outer loop
      vertex 42.0231 18.7099 10
      vertex 47.5044 21.1503 10
      vertex 45.9133 24.4125 10
    endloop
  endfacet
  facet normal 0 0 1
    outer loop
      vertex 51.8733 3.62734 10
      vertex 45.8879 3.2088 10
      vertex 46 0 10
    endloop
  endfacet
  facet normal 0 0 1
    outer loop
      vertex 51.4939 7.237 10
      vertex 45.5523 6.40196 10
      vertex 45.8879 3.2088 10
    endloop
  endfacet
  facet normal 0 0 1
    outer loop
      vertex 50.8637 10.8114 10
      vertex 44.9948 9.56394 10
      vertex 45.5523 6.40196 10
    endloop
  endfacet
  facet normal 0 0 1
    outer loop
      vertex 49.9856 14.3331 10
      vertex 44.218 12.6793 10
      vertex 44.9948 9.56394 10
    endloop
  endfacet
  facet normal 0 0 1
    outer loop
      vertex 40.6156 21.5957 10
      vertex 45.9133 24.4125 10
      vertex 44.0985 27.5558 10
    endloop
  endfacet
  facet normal 0 0 1
    outer loop
      vertex 48.864 17.785 10
      vertex 43.2259 15.7329 10
      vertex 44.218 12.6793 10
    endloop
  endfacet
  facet normal 0 0 1
    outer loop
      vertex 39.0102 24.3763 10
      vertex 44.0985 27.5558 10
      vertex 42.0689 30.5648 10
    endloop
  endfacet
  facet normal 0 0 1
    outer loop
      vertex 47.5044 21.1503 10
      vertex 42.0231 18.7099 10
      vertex 43.2259 15.7329 10
    endloop
  endfacet
  facet normal 0 0 1
    outer loop
      vertex 45.9133 24.4125 10
      vertex 40.6156 21.5957 10
      vertex 42.0231 18.7099 10
    endloop
  endfacet
  facet normal 0 0 1
    outer loop
      vertex 37.2148 27.0381 10
      vertex 42.0689 30.5648 10
      vertex 39.8343 33.425 10
    endloop
  endfacet
  facet normal 0 0 1
    outer loop
      vertex 44.0985 27.5558 10
      vertex 39.0102 24.3763 10
      vertex 40.6156 21.5957 10
    endloop
  endfacet
  facet normal 0 0 1
    outer loop
      vertex 35.238 29.5682 10
      vertex 39.8343 33.425 10
      vertex 37.4057 36.1222 10
    endloop
  endfacet
  facet normal 0 0 1
    outer loop
      vertex 42.0689 30.5648 10
      vertex 37.2148 27.0381 10
      vertex 39.0102 24.3763 10
    endloop
  endfacet
  facet normal 0 0 1
    outer loop
      vertex 39.8343 33.425 10
      vertex 35.238 29.5682 10
      vertex 37.2148 27.0381 10
    endloop
  endfacet
  facet normal 0 0 1
    outer loop
      vertex 33.0896 31.9543 10
      vertex 37.4057 36.1222 10
      vertex 34.7948 38.6435 10
    endloop
  endfacet
  facet normal 0 0 1
    outer loop
      vertex 37.4057 36.1222 10
      vertex 33.0896 31.9543 10
      vertex 35.238 29.5682 10
    endloop
  endfacet
  facet normal 0 0 1
    outer loop
      vertex 30.78 34.1847 10
      vertex 34.7948 38.6435 10
      vertex 32.0144 40.9766 10
    endloop
  endfacet
  facet normal 0 0 1
    outer loop
      vertex 34.7948 38.6435 10
      vertex 30.78 34.1847 10
      vertex 33.0896 31.9543 10
    endloop
  endfacet
  facet normal 0 0 1
    outer loop
      vertex 28.3204 36.2485 10
      vertex 32.0144 40.9766 10
      vertex 29.078 43.11 10
    endloop
  endfacet
  facet normal 0 0 1
    outer loop
      vertex 32.0144 40.9766 10
      vertex 28.3204 36.2485 10
      vertex 30.78 34.1847 10
    endloop
  endfacet
  facet normal 0 0 1
    outer loop
      vertex 25.7229 38.1357 10
      vertex 29.078 43.11 10
      vertex 26 45.0333 10
    endloop
  endfacet
  facet normal 0 0 1
    outer loop
      vertex 29.078 43.11 10
      vertex 25.7229 38.1357 10
      vertex 28.3204 36.2485 10
    endloop
  endfacet
  facet normal 0 0 1
    outer loop
      vertex 26 45.0333 10
      vertex 23 39.8372 10
      vertex 25.7229 38.1357 10
    endloop
  endfacet
  facet normal 0 0 1
    outer loop
      vertex 22.7953 46.7373 10
      vertex 23 39.8372 10
      vertex 26 45.0333 10
    endloop
  endfacet
  facet normal 0 0 1
    outer loop
      vertex 22.7953 46.7373 10
      vertex 20.1651 41.3445 10
      vertex 23 39.8372 10
    endloop
  endfacet
  facet normal 0 0 1
    outer loop
      vertex 19.4795 48.2136 10
      vertex 20.1651 41.3445 10
      vertex 22.7953 46.7373 10
    endloop
  endfacet
  facet normal 0 0 1
    outer loop
      vertex 19.4795 48.2136 10
      vertex 17.2319 42.6505 10
      vertex 20.1651 41.3445 10
    endloop
  endfacet
  facet normal 0 0 1
    outer loop
      vertex 16.0689 49.4549 10
      vertex 17.2319 42.6505 10
      vertex 19.4795 48.2136 10
    endloop
  endfacet
  facet normal 0 0 1
    outer loop
      vertex 16.0689 49.4549 10
      vertex 14.2148 43.7486 10
      vertex 17.2319 42.6505 10
    endloop
  endfacet
  facet normal 0 0 1
    outer loop
      vertex 12.5799 50.4554 10
      vertex 14.2148 43.7486 10
      vertex 16.0689 49.4549 10
    endloop
  endfacet
  facet normal 0 0 1
    outer loop
      vertex 12.5799 50.4554 10
      vertex 11.1284 44.6336 10
      vertex 14.2148 43.7486 10
    endloop
  endfacet
  facet normal 0 0 1
    outer loop
      vertex 9.02971 51.21 10
      vertex 11.1284 44.6336 10
      vertex 12.5799 50.4554 10
    endloop
  endfacet
  facet normal 0 0 1
    outer loop
      vertex 9.02971 51.21 10
      vertex 7.98782 45.3012 10
      vertex 11.1284 44.6336 10
    endloop
  endfacet
  facet normal 0 0 1
    outer loop
      vertex 5.43548 51.7151 10
      vertex 7.98782 45.3012 10
      vertex 9.02971 51.21 10
    endloop
  endfacet
  facet normal 0 0 1
    outer loop
      vertex 5.43548 51.7151 10
      vertex 4.80831 45.748 10
      vertex 7.98782 45.3012 10
    endloop
  endfacet
  facet normal 0 0 1
    outer loop
      vertex 1.81477 51.9683 10
      vertex 4.80831 45.748 10
      vertex 5.43548 51.7151 10
    endloop
  endfacet
  facet normal 0 0 1
    outer loop
      vertex 1.81477 51.9683 10
      vertex 1.60538 45.972 10
      vertex 4.80831 45.748 10
    endloop
  endfacet
  facet normal 0 0 1
    outer loop
      vertex 1.81477 51.9683 10
      vertex -1.60538 45.972 10
      vertex 1.60538 45.972 10
    endloop
  endfacet
  facet normal -0 0 1
    outer loop
      vertex -1.81477 51.9683 10
      vertex -1.60538 45.972 10
      vertex 1.81477 51.9683 10
    endloop
  endfacet
  facet normal 0 0 1
    outer loop
      vertex -1.81477 51.9683 10
      vertex -4.80831 45.748 10
      vertex -1.60538 45.972 10
    endloop
  endfacet
  facet normal -0 0 1
    outer loop
      vertex -5.43548 51.7151 10
      vertex -4.80831 45.748 10
      vertex -1.81477 51.9683 10
    endloop
  endfacet
  facet normal 0 0 1
    outer loop
      vertex -5.43548 51.7151 10
      vertex -7.98782 45.3012 10
      vertex -4.80831 45.748 10
    endloop
  endfacet
  facet normal -0 0 1
    outer loop
      vertex -9.02971 51.21 10
      vertex -7.98782 45.3012 10
      vertex -5.43548 51.7151 10
    endloop
  endfacet
  facet normal 0 0 1
    outer loop
      vertex -9.02971 51.21 10
      vertex -11.1284 44.6336 10
      vertex -7.98782 45.3012 10
    endloop
  endfacet
  facet normal -0 0 1
    outer loop
      vertex -12.5799 50.4554 10
      vertex -11.1284 44.6336 10
      vertex -9.02971 51.21 10
    endloop
  endfacet
  facet normal 0 0 1
    outer loop
      vertex -12.5799 50.4554 10
      vertex -14.2148 43.7486 10
      vertex -11.1284 44.6336 10
    endloop
  endfacet
  facet normal -0 0 1
    outer loop
      vertex -16.0689 49.4549 10
      vertex -14.2148 43.7486 10
      vertex -12.5799 50.4554 10
    endloop
  endfacet
  facet normal 0 0 1
    outer loop
      vertex -16.0689 49.4549 10
      vertex -17.2319 42.6505 10
      vertex -14.2148 43.7486 10
    endloop
  endfacet
  facet normal -0 0 1
    outer loop
      vertex -19.4795 48.2136 10
      vertex -17.2319 42.6505 10
      vertex -16.0689 49.4549 10
    endloop
  endfacet
  facet normal 0 0 1
    outer loop
      vertex -19.4795 48.2136 10
      vertex -20.1651 41.3445 10
      vertex -17.2319 42.6505 10
    endloop
  endfacet
  facet normal -0 0 1
    outer loop
      vertex -22.7953 46.7373 10
      vertex -20.1651 41.3445 10
      vertex -19.4795 48.2136 10
    endloop
  endfacet
  facet normal 0 0 1
    outer loop
      vertex -22.7953 46.7373 10
      vertex -23 39.8372 10
      vertex -20.1651 41.3445 10
    endloop
  endfacet
  facet normal -0 0 1
    outer loop
      vertex -26 45.0333 10
      vertex -23 39.8372 10
      vertex -22.7953 46.7373 10
    endloop
  endfacet
  facet normal 0 0 1
    outer loop
      vertex -23 39.8372 10
      vertex -26 45.0333 10
      vertex -25.7229 38.1357 10
    endloop
  endfacet
  facet normal -0 0 1
    outer loop
      vertex -29.078 43.11 10
      vertex -25.7229 38.1357 10
      vertex -26 45.0333 10
    endloop
  endfacet
  facet normal 0 0 1
    outer loop
      vertex -25.7229 38.1357 10
      vertex -29.078 43.11 10
      vertex -28.3204 36.2485 10
    endloop
  endfacet
  facet normal -0 0 1
    outer loop
      vertex -32.0144 40.9766 10
      vertex -28.3204 36.2485 10
      vertex -29.078 43.11 10
    endloop
  endfacet
  facet normal 0 0 1
    outer loop
      vertex -28.3204 36.2485 10
      vertex -32.0144 40.9766 10
      vertex -30.78 34.1847 10
    endloop
  endfacet
  facet normal -0 0 1
    outer loop
      vertex -34.7948 38.6435 10
      vertex -30.78 34.1847 10
      vertex -32.0144 40.9766 10
    endloop
  endfacet
  facet normal 0 0 1
    outer loop
      vertex -30.78 34.1847 10
      vertex -34.7948 38.6435 10
      vertex -33.0896 31.9543 10
    endloop
  endfacet
  facet normal -0 0 1
    outer loop
      vertex -37.4057 36.1222 10
      vertex -33.0896 31.9543 10
      vertex -34.7948 38.6435 10
    endloop
  endfacet
  facet normal 0 0 1
    outer loop
      vertex -33.0896 31.9543 10
      vertex -37.4057 36.1222 10
      vertex -35.238 29.5682 10
    endloop
  endfacet
  facet normal -0 0 1
    outer loop
      vertex -39.8343 33.425 10
      vertex -35.238 29.5682 10
      vertex -37.4057 36.1222 10
    endloop
  endfacet
  facet normal 0 0 1
    outer loop
      vertex -35.238 29.5682 10
      vertex -39.8343 33.425 10
      vertex -37.2148 27.0381 10
    endloop
  endfacet
  facet normal -0 0 1
    outer loop
      vertex -42.0689 30.5648 10
      vertex -37.2148 27.0381 10
      vertex -39.8343 33.425 10
    endloop
  endfacet
  facet normal 0 0 1
    outer loop
      vertex -37.2148 27.0381 10
      vertex -42.0689 30.5648 10
      vertex -39.0102 24.3763 10
    endloop
  endfacet
  facet normal -0 0 1
    outer loop
      vertex -44.0985 27.5558 10
      vertex -39.0102 24.3763 10
      vertex -42.0689 30.5648 10
    endloop
  endfacet
  facet normal 0 0 1
    outer loop
      vertex -39.0102 24.3763 10
      vertex -44.0985 27.5558 10
      vertex -40.6156 21.5957 10
    endloop
  endfacet
  facet normal -0 0 1
    outer loop
      vertex -45.9133 24.4125 10
      vertex -40.6156 21.5957 10
      vertex -44.0985 27.5558 10
    endloop
  endfacet
  facet normal 0 0 1
    outer loop
      vertex -40.6156 21.5957 10
      vertex -45.9133 24.4125 10
      vertex -42.0231 18.7099 10
    endloop
  endfacet
  facet normal -0 0 1
    outer loop
      vertex -47.5044 21.1503 10
      vertex -42.0231 18.7099 10
      vertex -45.9133 24.4125 10
    endloop
  endfacet
  facet normal 0 0 1
    outer loop
      vertex -42.0231 18.7099 10
      vertex -47.5044 21.1503 10
      vertex -43.2259 15.7329 10
    endloop
  endfacet
  facet normal -0 0 1
    outer loop
      vertex -48.864 17.785 10
      vertex -43.2259 15.7329 10
      vertex -47.5044 21.1503 10
    endloop
  endfacet
  facet normal 0 0 1
    outer loop
      vertex -43.2259 15.7329 10
      vertex -48.864 17.785 10
      vertex -44.218 12.6793 10
    endloop
  endfacet
  facet normal -0 0 1
    outer loop
      vertex -49.9856 14.3331 10
      vertex -44.218 12.6793 10
      vertex -48.864 17.785 10
    endloop
  endfacet
  facet normal 0 0 1
    outer loop
      vertex -44.218 12.6793 10
      vertex -49.9856 14.3331 10
      vertex -44.9948 9.56394 10
    endloop
  endfacet
  facet normal -0 0 1
    outer loop
      vertex -50.8637 10.8114 10
      vertex -44.9948 9.56394 10
      vertex -49.9856 14.3331 10
    endloop
  endfacet
  facet normal 0 0 1
    outer loop
      vertex 50.8637 -10.8114 10
      vertex 44.9948 -9.56394 10
      vertex 49.9856 -14.3331 10
    endloop
  endfacet
  facet normal -0 0 1
    outer loop
      vertex 44.218 -12.6793 10
      vertex 49.9856 -14.3331 10
      vertex 44.9948 -9.56394 10
    endloop
  endfacet
  facet normal 0 0 1
    outer loop
      vertex 49.9856 -14.3331 10
      vertex 44.218 -12.6793 10
      vertex 48.864 -17.785 10
    endloop
  endfacet
  facet normal -0 0 1
    outer loop
      vertex 43.2259 -15.7329 10
      vertex 48.864 -17.785 10
      vertex 44.218 -12.6793 10
    endloop
  endfacet
  facet normal 0 0 1
    outer loop
      vertex 48.864 -17.785 10
      vertex 43.2259 -15.7329 10
      vertex 47.5044 -21.1503 10
    endloop
  endfacet
  facet normal -0 0 1
    outer loop
      vertex 42.0231 -18.7099 10
      vertex 47.5044 -21.1503 10
      vertex 43.2259 -15.7329 10
    endloop
  endfacet
  facet normal 0 0 1
    outer loop
      vertex 47.5044 -21.1503 10
      vertex 42.0231 -18.7099 10
      vertex 45.9133 -24.4125 10
    endloop
  endfacet
  facet normal -0 0 1
    outer loop
      vertex 40.6156 -21.5957 10
      vertex 45.9133 -24.4125 10
      vertex 42.0231 -18.7099 10
    endloop
  endfacet
  facet normal 0 0 1
    outer loop
      vertex 45.9133 -24.4125 10
      vertex 40.6156 -21.5957 10
      vertex 44.0985 -27.5558 10
    endloop
  endfacet
  facet normal -0 0 1
    outer loop
      vertex 39.0102 -24.3763 10
      vertex 44.0985 -27.5558 10
      vertex 40.6156 -21.5957 10
    endloop
  endfacet
  facet normal 0 0 1
    outer loop
      vertex 44.0985 -27.5558 10
      vertex 39.0102 -24.3763 10
      vertex 42.0689 -30.5648 10
    endloop
  endfacet
  facet normal -0 0 1
    outer loop
      vertex 37.2148 -27.0381 10
      vertex 42.0689 -30.5648 10
      vertex 39.0102 -24.3763 10
    endloop
  endfacet
  facet normal 0 0 1
    outer loop
      vertex 42.0689 -30.5648 10
      vertex 37.2148 -27.0381 10
      vertex 39.8343 -33.425 10
    endloop
  endfacet
  facet normal -0 0 1
    outer loop
      vertex 35.238 -29.5682 10
      vertex 39.8343 -33.425 10
      vertex 37.2148 -27.0381 10
    endloop
  endfacet
  facet normal 0 0 1
    outer loop
      vertex 39.8343 -33.425 10
      vertex 35.238 -29.5682 10
      vertex 37.4057 -36.1222 10
    endloop
  endfacet
  facet normal -0 0 1
    outer loop
      vertex 33.0896 -31.9543 10
      vertex 37.4057 -36.1222 10
      vertex 35.238 -29.5682 10
    endloop
  endfacet
  facet normal 0 0 1
    outer loop
      vertex 37.4057 -36.1222 10
      vertex 33.0896 -31.9543 10
      vertex 34.7948 -38.6435 10
    endloop
  endfacet
  facet normal -0 0 1
    outer loop
      vertex 30.78 -34.1847 10
      vertex 34.7948 -38.6435 10
      vertex 33.0896 -31.9543 10
    endloop
  endfacet
  facet normal 0 0 1
    outer loop
      vertex 34.7948 -38.6435 10
      vertex 30.78 -34.1847 10
      vertex 32.0144 -40.9766 10
    endloop
  endfacet
  facet normal -0 0 1
    outer loop
      vertex 28.3204 -36.2485 10
      vertex 32.0144 -40.9766 10
      vertex 30.78 -34.1847 10
    endloop
  endfacet
  facet normal 0 0 1
    outer loop
      vertex 32.0144 -40.9766 10
      vertex 28.3204 -36.2485 10
      vertex 29.078 -43.11 10
    endloop
  endfacet
  facet normal -0 0 1
    outer loop
      vertex 25.7229 -38.1357 10
      vertex 29.078 -43.11 10
      vertex 28.3204 -36.2485 10
    endloop
  endfacet
  facet normal 0 0 1
    outer loop
      vertex 29.078 -43.11 10
      vertex 25.7229 -38.1357 10
      vertex 26 -45.0333 10
    endloop
  endfacet
  facet normal -0 0 1
    outer loop
      vertex 23 -39.8372 10
      vertex 26 -45.0333 10
      vertex 25.7229 -38.1357 10
    endloop
  endfacet
  facet normal 0 0 1
    outer loop
      vertex 23 -39.8372 10
      vertex 22.7953 -46.7373 10
      vertex 26 -45.0333 10
    endloop
  endfacet
  facet normal -0 0 1
    outer loop
      vertex 20.1651 -41.3445 10
      vertex 22.7953 -46.7373 10
      vertex 23 -39.8372 10
    endloop
  endfacet
  facet normal 0 0 1
    outer loop
      vertex 20.1651 -41.3445 10
      vertex 19.4795 -48.2136 10
      vertex 22.7953 -46.7373 10
    endloop
  endfacet
  facet normal -0 0 1
    outer loop
      vertex 17.2319 -42.6505 10
      vertex 19.4795 -48.2136 10
      vertex 20.1651 -41.3445 10
    endloop
  endfacet
  facet normal 0 0 1
    outer loop
      vertex 17.2319 -42.6505 10
      vertex 16.0689 -49.4549 10
      vertex 19.4795 -48.2136 10
    endloop
  endfacet
  facet normal -0 0 1
    outer loop
      vertex 14.2148 -43.7486 10
      vertex 16.0689 -49.4549 10
      vertex 17.2319 -42.6505 10
    endloop
  endfacet
  facet normal 0 0 1
    outer loop
      vertex 14.2148 -43.7486 10
      vertex 12.5799 -50.4554 10
      vertex 16.0689 -49.4549 10
    endloop
  endfacet
  facet normal -0 0 1
    outer loop
      vertex 11.1284 -44.6336 10
      vertex 12.5799 -50.4554 10
      vertex 14.2148 -43.7486 10
    endloop
  endfacet
  facet normal 0 0 1
    outer loop
      vertex 11.1284 -44.6336 10
      vertex 9.02971 -51.21 10
      vertex 12.5799 -50.4554 10
    endloop
  endfacet
  facet normal -0 0 1
    outer loop
      vertex 7.98782 -45.3012 10
      vertex 9.02971 -51.21 10
      vertex 11.1284 -44.6336 10
    endloop
  endfacet
  facet normal 0 0 1
    outer loop
      vertex 7.98782 -45.3012 10
      vertex 5.43548 -51.7151 10
      vertex 9.02971 -51.21 10
    endloop
  endfacet
  facet normal -0 0 1
    outer loop
      vertex 4.80831 -45.748 10
      vertex 5.43548 -51.7151 10
      vertex 7.98782 -45.3012 10
    endloop
  endfacet
  facet normal 0 0 1
    outer loop
      vertex 4.80831 -45.748 10
      vertex 1.81477 -51.9683 10
      vertex 5.43548 -51.7151 10
    endloop
  endfacet
  facet normal -0 0 1
    outer loop
      vertex 1.60538 -45.972 10
      vertex 1.81477 -51.9683 10
      vertex 4.80831 -45.748 10
    endloop
  endfacet
  facet normal -0 0 1
    outer loop
      vertex -1.60538 -45.972 10
      vertex 1.81477 -51.9683 10
      vertex 1.60538 -45.972 10
    endloop
  endfacet
  facet normal 0 0 1
    outer loop
      vertex -1.60538 -45.972 10
      vertex -1.81477 -51.9683 10
      vertex 1.81477 -51.9683 10
    endloop
  endfacet
  facet normal 0 0 1
    outer loop
      vertex -4.80831 -45.748 10
      vertex -1.81477 -51.9683 10
      vertex -1.60538 -45.972 10
    endloop
  endfacet
  facet normal 0 0 1
    outer loop
      vertex -4.80831 -45.748 10
      vertex -5.43548 -51.7151 10
      vertex -1.81477 -51.9683 10
    endloop
  endfacet
  facet normal 0 0 1
    outer loop
      vertex -7.98782 -45.3012 10
      vertex -5.43548 -51.7151 10
      vertex -4.80831 -45.748 10
    endloop
  endfacet
  facet normal 0 0 1
    outer loop
      vertex -7.98782 -45.3012 10
      vertex -9.02971 -51.21 10
      vertex -5.43548 -51.7151 10
    endloop
  endfacet
  facet normal 0 0 1
    outer loop
      vertex -11.1284 -44.6336 10
      vertex -9.02971 -51.21 10
      vertex -7.98782 -45.3012 10
    endloop
  endfacet
  facet normal 0 0 1
    outer loop
      vertex -11.1284 -44.6336 10
      vertex -12.5799 -50.4554 10
      vertex -9.02971 -51.21 10
    endloop
  endfacet
  facet normal 0 0 1
    outer loop
      vertex -14.2148 -43.7486 10
      vertex -12.5799 -50.4554 10
      vertex -11.1284 -44.6336 10
    endloop
  endfacet
  facet normal 0 0 1
    outer loop
      vertex -14.2148 -43.7486 10
      vertex -16.0689 -49.4549 10
      vertex -12.5799 -50.4554 10
    endloop
  endfacet
  facet normal 0 0 1
    outer loop
      vertex -17.2319 -42.6505 10
      vertex -16.0689 -49.4549 10
      vertex -14.2148 -43.7486 10
    endloop
  endfacet
  facet normal 0 0 1
    outer loop
      vertex -17.2319 -42.6505 10
      vertex -19.4795 -48.2136 10
      vertex -16.0689 -49.4549 10
    endloop
  endfacet
  facet normal 0 0 1
    outer loop
      vertex -20.1651 -41.3445 10
      vertex -19.4795 -48.2136 10
      vertex -17.2319 -42.6505 10
    endloop
  endfacet
  facet normal 0 0 1
    outer loop
      vertex -20.1651 -41.3445 10
      vertex -22.7953 -46.7373 10
      vertex -19.4795 -48.2136 10
    endloop
  endfacet
  facet normal 0 0 1
    outer loop
      vertex -23 -39.8372 10
      vertex -22.7953 -46.7373 10
      vertex -20.1651 -41.3445 10
    endloop
  endfacet
  facet normal 0 0 1
    outer loop
      vertex -26 -45.0333 10
      vertex -23 -39.8372 10
      vertex -25.7229 -38.1357 10
    endloop
  endfacet
  facet normal 0 0 1
    outer loop
      vertex -23 -39.8372 10
      vertex -26 -45.0333 10
      vertex -22.7953 -46.7373 10
    endloop
  endfacet
  facet normal 0 0 1
    outer loop
      vertex -29.078 -43.11 10
      vertex -25.7229 -38.1357 10
      vertex -28.3204 -36.2485 10
    endloop
  endfacet
  facet normal 0 0 1
    outer loop
      vertex -25.7229 -38.1357 10
      vertex -29.078 -43.11 10
      vertex -26 -45.0333 10
    endloop
  endfacet
  facet normal 0 0 1
    outer loop
      vertex -32.0144 -40.9766 10
      vertex -28.3204 -36.2485 10
      vertex -30.78 -34.1847 10
    endloop
  endfacet
  facet normal 0 0 1
    outer loop
      vertex -28.3204 -36.2485 10
      vertex -32.0144 -40.9766 10
      vertex -29.078 -43.11 10
    endloop
  endfacet
  facet normal 0 0 1
    outer loop
      vertex -34.7948 -38.6435 10
      vertex -30.78 -34.1847 10
      vertex -33.0896 -31.9543 10
    endloop
  endfacet
  facet normal 0 0 1
    outer loop
      vertex -30.78 -34.1847 10
      vertex -34.7948 -38.6435 10
      vertex -32.0144 -40.9766 10
    endloop
  endfacet
  facet normal 0 0 1
    outer loop
      vertex -37.4057 -36.1222 10
      vertex -33.0896 -31.9543 10
      vertex -35.238 -29.5682 10
    endloop
  endfacet
  facet normal 0 0 1
    outer loop
      vertex -39.8343 -33.425 10
      vertex -35.238 -29.5682 10
      vertex -37.2148 -27.0381 10
    endloop
  endfacet
  facet normal 0 0 1
    outer loop
      vertex -33.0896 -31.9543 10
      vertex -37.4057 -36.1222 10
      vertex -34.7948 -38.6435 10
    endloop
  endfacet
  facet normal 0 0 1
    outer loop
      vertex -42.0689 -30.5648 10
      vertex -37.2148 -27.0381 10
      vertex -39.0102 -24.3763 10
    endloop
  endfacet
  facet normal 0 0 1
    outer loop
      vertex -35.238 -29.5682 10
      vertex -39.8343 -33.425 10
      vertex -37.4057 -36.1222 10
    endloop
  endfacet
  facet normal 0 0 1
    outer loop
      vertex -44.0985 -27.5558 10
      vertex -39.0102 -24.3763 10
      vertex -40.6156 -21.5957 10
    endloop
  endfacet
  facet normal 0 0 1
    outer loop
      vertex -45.9133 -24.4125 10
      vertex -40.6156 -21.5957 10
      vertex -42.0231 -18.7099 10
    endloop
  endfacet
  facet normal 0 0 1
    outer loop
      vertex -37.2148 -27.0381 10
      vertex -42.0689 -30.5648 10
      vertex -39.8343 -33.425 10
    endloop
  endfacet
  facet normal 0 0 1
    outer loop
      vertex -47.5044 -21.1503 10
      vertex -42.0231 -18.7099 10
      vertex -43.2259 -15.7329 10
    endloop
  endfacet
  facet normal 0 0 1
    outer loop
      vertex -39.0102 -24.3763 10
      vertex -44.0985 -27.5558 10
      vertex -42.0689 -30.5648 10
    endloop
  endfacet
  facet normal 0 0 1
    outer loop
      vertex -48.864 -17.785 10
      vertex -43.2259 -15.7329 10
      vertex -44.218 -12.6793 10
    endloop
  endfacet
  facet normal 0 0 1
    outer loop
      vertex -49.9856 -14.3331 10
      vertex -44.218 -12.6793 10
      vertex -44.9948 -9.56394 10
    endloop
  endfacet
  facet normal 0 0 1
    outer loop
      vertex -50.8637 -10.8114 10
      vertex -44.9948 -9.56394 10
      vertex -45.5523 -6.40196 10
    endloop
  endfacet
  facet normal 0 0 1
    outer loop
      vertex -51.4939 -7.237 10
      vertex -45.5523 -6.40196 10
      vertex -45.8879 -3.2088 10
    endloop
  endfacet
  facet normal 0 0 1
    outer loop
      vertex -40.6156 -21.5957 10
      vertex -45.9133 -24.4125 10
      vertex -44.0985 -27.5558 10
    endloop
  endfacet
  facet normal 0 0 1
    outer loop
      vertex -51.8733 -3.62734 10
      vertex -45.8879 -3.2088 10
      vertex -46 0 10
    endloop
  endfacet
  facet normal 0 0 1
    outer loop
      vertex -44.9948 9.56394 10
      vertex -50.8637 10.8114 10
      vertex -45.5523 6.40196 10
    endloop
  endfacet
  facet normal 0 0 1
    outer loop
      vertex -42.0231 -18.7099 10
      vertex -47.5044 -21.1503 10
      vertex -45.9133 -24.4125 10
    endloop
  endfacet
  facet normal -0 0 1
    outer loop
      vertex -51.4939 7.237 10
      vertex -45.5523 6.40196 10
      vertex -50.8637 10.8114 10
    endloop
  endfacet
  facet normal 0 0 1
    outer loop
      vertex -43.2259 -15.7329 10
      vertex -48.864 -17.785 10
      vertex -47.5044 -21.1503 10
    endloop
  endfacet
  facet normal 0 0 1
    outer loop
      vertex -45.5523 6.40196 10
      vertex -51.4939 7.237 10
      vertex -45.8879 3.2088 10
    endloop
  endfacet
  facet normal 0 0 1
    outer loop
      vertex -44.218 -12.6793 10
      vertex -49.9856 -14.3331 10
      vertex -48.864 -17.785 10
    endloop
  endfacet
  facet normal -0 0 1
    outer loop
      vertex -51.8733 3.62734 10
      vertex -45.8879 3.2088 10
      vertex -51.4939 7.237 10
    endloop
  endfacet
  facet normal 0 0 1
    outer loop
      vertex -44.9948 -9.56394 10
      vertex -50.8637 -10.8114 10
      vertex -49.9856 -14.3331 10
    endloop
  endfacet
  facet normal 0 0 1
    outer loop
      vertex -45.8879 3.2088 10
      vertex -51.8733 3.62734 10
      vertex -46 0 10
    endloop
  endfacet
  facet normal 0 0 1
    outer loop
      vertex -45.5523 -6.40196 10
      vertex -51.4939 -7.237 10
      vertex -50.8637 -10.8114 10
    endloop
  endfacet
  facet normal 0 0 1
    outer loop
      vertex -52 0 10
      vertex -46 0 10
      vertex -51.8733 3.62734 10
    endloop
  endfacet
  facet normal 0 0 1
    outer loop
      vertex -45.8879 -3.2088 10
      vertex -51.8733 -3.62734 10
      vertex -51.4939 -7.237 10
    endloop
  endfacet
  facet normal 0 0 1
    outer loop
      vertex -46 0 10
      vertex -52 0 10
      vertex -51.8733 -3.62734 10
    endloop
  endfacet
  facet normal -0.139163 -0.990269 0
    outer loop
      vertex -9.02971 -51.21 -50
      vertex -5.43548 -51.7151 10
      vertex -9.02971 -51.21 10
    endloop
  endfacet
  facet normal -0.139163 -0.990269 -0
    outer loop
      vertex -5.43548 -51.7151 10
      vertex -9.02971 -51.21 -50
      vertex -5.43548 -51.7151 -50
    endloop
  endfacet
  facet normal -0.469478 -0.882944 0
    outer loop
      vertex -26 -45.0333 -50
      vertex -22.7953 -46.7373 10
      vertex -26 -45.0333 10
    endloop
  endfacet
  facet normal -0.469478 -0.882944 -0
    outer loop
      vertex -22.7953 -46.7373 10
      vertex -26 -45.0333 -50
      vertex -22.7953 -46.7373 -50
    endloop
  endfacet
  facet normal 0.207907 -0.978149 0
    outer loop
      vertex 9.02971 -51.21 -50
      vertex 12.5799 -50.4554 10
      vertex 9.02971 -51.21 10
    endloop
  endfacet
  facet normal 0.207907 -0.978149 0
    outer loop
      vertex 12.5799 -50.4554 10
      vertex 9.02971 -51.21 -50
      vertex 12.5799 -50.4554 -50
    endloop
  endfacet
  facet normal -0.898792 -0.438375 0
    outer loop
      vertex -45.9133 -24.4125 -50
      vertex -47.5044 -21.1503 10
      vertex -47.5044 -21.1503 -50
    endloop
  endfacet
  facet normal -0.898792 -0.438375 0
    outer loop
      vertex -47.5044 -21.1503 10
      vertex -45.9133 -24.4125 -50
      vertex -45.9133 -24.4125 10
    endloop
  endfacet
  facet normal -0.898792 0.438375 0
    outer loop
      vertex -47.5044 21.1503 -50
      vertex -45.9133 24.4125 10
      vertex -45.9133 24.4125 -50
    endloop
  endfacet
  facet normal -0.898792 0.438375 0
    outer loop
      vertex -45.9133 24.4125 10
      vertex -47.5044 21.1503 -50
      vertex -47.5044 21.1503 10
    endloop
  endfacet
  facet normal 0.788015 -0.615656 0
    outer loop
      vertex 39.8343 -33.425 10
      vertex 42.0689 -30.5648 -50
      vertex 42.0689 -30.5648 10
    endloop
  endfacet
  facet normal 0.788015 -0.615656 0
    outer loop
      vertex 42.0689 -30.5648 -50
      vertex 39.8343 -33.425 10
      vertex 39.8343 -33.425 -50
    endloop
  endfacet
  facet normal 0.342006 0.939698 -0
    outer loop
      vertex 19.4795 48.2136 -50
      vertex 16.0689 49.4549 10
      vertex 19.4795 48.2136 10
    endloop
  endfacet
  facet normal 0.342006 0.939698 0
    outer loop
      vertex 16.0689 49.4549 10
      vertex 19.4795 48.2136 -50
      vertex 16.0689 49.4549 -50
    endloop
  endfacet
  facet normal 0.0697607 0.997564 -0
    outer loop
      vertex 5.43548 51.7151 -50
      vertex 1.81477 51.9683 10
      vertex 5.43548 51.7151 10
    endloop
  endfacet
  facet normal 0.0697607 0.997564 0
    outer loop
      vertex 1.81477 51.9683 10
      vertex 5.43548 51.7151 -50
      vertex 1.81477 51.9683 -50
    endloop
  endfacet
  facet normal -0.342006 -0.939698 0
    outer loop
      vertex -19.4795 -48.2136 -50
      vertex -16.0689 -49.4549 10
      vertex -19.4795 -48.2136 10
    endloop
  endfacet
  facet normal -0.342006 -0.939698 -0
    outer loop
      vertex -16.0689 -49.4549 10
      vertex -19.4795 -48.2136 -50
      vertex -16.0689 -49.4549 -50
    endloop
  endfacet
  facet normal -0.275649 -0.961258 0
    outer loop
      vertex -16.0689 -49.4549 -50
      vertex -12.5799 -50.4554 10
      vertex -16.0689 -49.4549 10
    endloop
  endfacet
  facet normal -0.275649 -0.961258 -0
    outer loop
      vertex -12.5799 -50.4554 10
      vertex -16.0689 -49.4549 -50
      vertex -12.5799 -50.4554 -50
    endloop
  endfacet
  facet normal 0 1 -0
    outer loop
      vertex 1.81477 51.9683 -50
      vertex -1.81477 51.9683 10
      vertex 1.81477 51.9683 10
    endloop
  endfacet
  facet normal 0 1 0
    outer loop
      vertex -1.81477 51.9683 10
      vertex 1.81477 51.9683 -50
      vertex -1.81477 51.9683 -50
    endloop
  endfacet
  facet normal -0.52991 -0.848054 0
    outer loop
      vertex -29.078 -43.11 -50
      vertex -26 -45.0333 10
      vertex -29.078 -43.11 10
    endloop
  endfacet
  facet normal -0.52991 -0.848054 -0
    outer loop
      vertex -26 -45.0333 10
      vertex -29.078 -43.11 -50
      vertex -26 -45.0333 -50
    endloop
  endfacet
  facet normal -0.994522 -0.104531 0
    outer loop
      vertex -51.4939 -7.237 -50
      vertex -51.8733 -3.62734 10
      vertex -51.8733 -3.62734 -50
    endloop
  endfacet
  facet normal -0.994522 -0.104531 0
    outer loop
      vertex -51.8733 -3.62734 10
      vertex -51.4939 -7.237 -50
      vertex -51.4939 -7.237 10
    endloop
  endfacet
  facet normal -0.52991 0.848054 0
    outer loop
      vertex -26 45.0333 -50
      vertex -29.078 43.11 10
      vertex -26 45.0333 10
    endloop
  endfacet
  facet normal -0.52991 0.848054 0
    outer loop
      vertex -29.078 43.11 10
      vertex -26 45.0333 -50
      vertex -29.078 43.11 -50
    endloop
  endfacet
  facet normal 0.927191 -0.37459 0
    outer loop
      vertex 47.5044 -21.1503 10
      vertex 48.864 -17.785 -50
      vertex 48.864 -17.785 10
    endloop
  endfacet
  facet normal 0.927191 -0.37459 0
    outer loop
      vertex 48.864 -17.785 -50
      vertex 47.5044 -21.1503 10
      vertex 47.5044 -21.1503 -50
    endloop
  endfacet
  facet normal 0 -1 0
    outer loop
      vertex -1.60538 45.972 -50
      vertex 1.60538 45.972 10
      vertex -1.60538 45.972 10
    endloop
  endfacet
  facet normal 0 -1 -0
    outer loop
      vertex 1.60538 45.972 10
      vertex -1.60538 45.972 -50
      vertex 1.60538 45.972 -50
    endloop
  endfacet
  facet normal 0.927182 -0.37461 0
    outer loop
      vertex -43.2259 15.7329 10
      vertex -42.0231 18.7099 -50
      vertex -42.0231 18.7099 10
    endloop
  endfacet
  facet normal 0.927182 -0.37461 0
    outer loop
      vertex -42.0231 18.7099 -50
      vertex -43.2259 15.7329 10
      vertex -43.2259 15.7329 -50
    endloop
  endfacet
  facet normal -0.994522 -0.104524 0
    outer loop
      vertex 45.8879 3.2088 -50
      vertex 45.5523 6.40196 10
      vertex 45.5523 6.40196 -50
    endloop
  endfacet
  facet normal -0.994522 -0.104524 0
    outer loop
      vertex 45.5523 6.40196 10
      vertex 45.8879 3.2088 -50
      vertex 45.8879 3.2088 10
    endloop
  endfacet
  facet normal -0.99939 -0.0349139 0
    outer loop
      vertex 46 0 -50
      vertex 45.8879 3.2088 10
      vertex 45.8879 3.2088 -50
    endloop
  endfacet
  facet normal -0.99939 -0.0349139 0
    outer loop
      vertex 45.8879 3.2088 10
      vertex 46 0 -50
      vertex 46 0 10
    endloop
  endfacet
  facet normal -0.99939 0.0349139 0
    outer loop
      vertex 45.8879 -3.2088 -50
      vertex 46 0 10
      vertex 46 0 -50
    endloop
  endfacet
  facet normal -0.99939 0.0349139 0
    outer loop
      vertex 46 0 10
      vertex 45.8879 -3.2088 -50
      vertex 45.8879 -3.2088 10
    endloop
  endfacet
  facet normal -0.642779 0.766052 0
    outer loop
      vertex 30.78 -34.1847 -50
      vertex 28.3204 -36.2485 10
      vertex 30.78 -34.1847 10
    endloop
  endfacet
  facet normal -0.642779 0.766052 0
    outer loop
      vertex 28.3204 -36.2485 10
      vertex 30.78 -34.1847 -50
      vertex 28.3204 -36.2485 -50
    endloop
  endfacet
  facet normal -0.587786 -0.809016 0
    outer loop
      vertex 25.7229 38.1357 -50
      vertex 28.3204 36.2485 10
      vertex 25.7229 38.1357 10
    endloop
  endfacet
  facet normal -0.587786 -0.809016 -0
    outer loop
      vertex 28.3204 36.2485 10
      vertex 25.7229 38.1357 -50
      vertex 28.3204 36.2485 -50
    endloop
  endfacet
  facet normal -0.642779 -0.766052 0
    outer loop
      vertex 28.3204 36.2485 -50
      vertex 30.78 34.1847 10
      vertex 28.3204 36.2485 10
    endloop
  endfacet
  facet normal -0.642779 -0.766052 -0
    outer loop
      vertex 30.78 34.1847 10
      vertex 28.3204 36.2485 -50
      vertex 30.78 34.1847 -50
    endloop
  endfacet
  facet normal 0.866023 0.500005 0
    outer loop
      vertex -39.0102 -24.3763 10
      vertex -40.6156 -21.5957 -50
      vertex -40.6156 -21.5957 10
    endloop
  endfacet
  facet normal 0.866023 0.500005 0
    outer loop
      vertex -40.6156 -21.5957 -50
      vertex -39.0102 -24.3763 10
      vertex -39.0102 -24.3763 -50
    endloop
  endfacet
  facet normal -0.694666 0.719333 0
    outer loop
      vertex 33.0896 -31.9543 -50
      vertex 30.78 -34.1847 10
      vertex 33.0896 -31.9543 10
    endloop
  endfacet
  facet normal -0.694666 0.719333 0
    outer loop
      vertex 30.78 -34.1847 10
      vertex 33.0896 -31.9543 -50
      vertex 30.78 -34.1847 -50
    endloop
  endfacet
  facet normal -0.951063 -0.308996 0
    outer loop
      vertex 44.218 12.6793 -50
      vertex 43.2259 15.7329 10
      vertex 43.2259 15.7329 -50
    endloop
  endfacet
  facet normal -0.951063 -0.308996 0
    outer loop
      vertex 43.2259 15.7329 10
      vertex 44.218 12.6793 -50
      vertex 44.218 12.6793 10
    endloop
  endfacet
  facet normal -0.275634 -0.961263 0
    outer loop
      vertex 11.1284 44.6336 -50
      vertex 14.2148 43.7486 10
      vertex 11.1284 44.6336 10
    endloop
  endfacet
  facet normal -0.275634 -0.961263 -0
    outer loop
      vertex 14.2148 43.7486 10
      vertex 11.1284 44.6336 -50
      vertex 14.2148 43.7486 -50
    endloop
  endfacet
  facet normal -0.275634 0.961263 0
    outer loop
      vertex 14.2148 -43.7486 -50
      vertex 11.1284 -44.6336 10
      vertex 14.2148 -43.7486 10
    endloop
  endfacet
  facet normal -0.275634 0.961263 0
    outer loop
      vertex 11.1284 -44.6336 10
      vertex 14.2148 -43.7486 -50
      vertex 11.1284 -44.6336 -50
    endloop
  endfacet
  facet normal 0.970292 -0.241938 0
    outer loop
      vertex -44.9948 9.56394 10
      vertex -44.218 12.6793 -50
      vertex -44.218 12.6793 10
    endloop
  endfacet
  facet normal 0.970292 -0.241938 0
    outer loop
      vertex -44.218 12.6793 -50
      vertex -44.9948 9.56394 10
      vertex -44.9948 9.56394 -50
    endloop
  endfacet
  facet normal -0.970292 0.241938 0
    outer loop
      vertex 44.218 -12.6793 -50
      vertex 44.9948 -9.56394 10
      vertex 44.9948 -9.56394 -50
    endloop
  endfacet
  facet normal -0.970292 0.241938 0
    outer loop
      vertex 44.9948 -9.56394 10
      vertex 44.218 -12.6793 -50
      vertex 44.218 -12.6793 10
    endloop
  endfacet
  facet normal 0.587786 0.809016 -0
    outer loop
      vertex -25.7229 -38.1357 -50
      vertex -28.3204 -36.2485 10
      vertex -25.7229 -38.1357 10
    endloop
  endfacet
  facet normal 0.587786 0.809016 0
    outer loop
      vertex -28.3204 -36.2485 10
      vertex -25.7229 -38.1357 -50
      vertex -28.3204 -36.2485 -50
    endloop
  endfacet
  facet normal 0.788 0.615675 0
    outer loop
      vertex -35.238 -29.5682 10
      vertex -37.2148 -27.0381 -50
      vertex -37.2148 -27.0381 10
    endloop
  endfacet
  facet normal 0.788 0.615675 0
    outer loop
      vertex -37.2148 -27.0381 -50
      vertex -35.238 -29.5682 10
      vertex -35.238 -29.5682 -50
    endloop
  endfacet
  facet normal -0.898794 0.438371 0
    outer loop
      vertex 40.6156 -21.5957 -50
      vertex 42.0231 -18.7099 10
      vertex 42.0231 -18.7099 -50
    endloop
  endfacet
  facet normal -0.898794 0.438371 0
    outer loop
      vertex 42.0231 -18.7099 10
      vertex 40.6156 -21.5957 -50
      vertex 40.6156 -21.5957 10
    endloop
  endfacet
  facet normal 0.139158 -0.99027 0
    outer loop
      vertex -7.98782 45.3012 -50
      vertex -4.80831 45.748 10
      vertex -7.98782 45.3012 10
    endloop
  endfacet
  facet normal 0.139158 -0.99027 0
    outer loop
      vertex -4.80831 45.748 10
      vertex -7.98782 45.3012 -50
      vertex -4.80831 45.748 -50
    endloop
  endfacet
  facet normal 0.98481 -0.173635 0
    outer loop
      vertex -45.5523 6.40196 10
      vertex -44.9948 9.56394 -50
      vertex -44.9948 9.56394 10
    endloop
  endfacet
  facet normal 0.98481 -0.173635 0
    outer loop
      vertex -44.9948 9.56394 -50
      vertex -45.5523 6.40196 10
      vertex -45.5523 6.40196 -50
    endloop
  endfacet
  facet normal 0.469461 -0.882953 0
    outer loop
      vertex -23 39.8372 -50
      vertex -20.1651 41.3445 10
      vertex -23 39.8372 10
    endloop
  endfacet
  facet normal 0.469461 -0.882953 0
    outer loop
      vertex -20.1651 41.3445 10
      vertex -23 39.8372 -50
      vertex -20.1651 41.3445 -50
    endloop
  endfacet
  facet normal 0.406751 0.913539 -0
    outer loop
      vertex -17.2319 -42.6505 -50
      vertex -20.1651 -41.3445 10
      vertex -17.2319 -42.6505 10
    endloop
  endfacet
  facet normal 0.406751 0.913539 0
    outer loop
      vertex -20.1651 -41.3445 10
      vertex -17.2319 -42.6505 -50
      vertex -20.1651 -41.3445 -50
    endloop
  endfacet
  facet normal 0.0697656 0.997563 -0
    outer loop
      vertex -1.60538 -45.972 -50
      vertex -4.80831 -45.748 10
      vertex -1.60538 -45.972 10
    endloop
  endfacet
  facet normal 0.0697656 0.997563 0
    outer loop
      vertex -4.80831 -45.748 10
      vertex -1.60538 -45.972 -50
      vertex -4.80831 -45.748 -50
    endloop
  endfacet
  facet normal -0.342011 0.939696 0
    outer loop
      vertex 17.2319 -42.6505 -50
      vertex 14.2148 -43.7486 10
      vertex 17.2319 -42.6505 10
    endloop
  endfacet
  facet normal -0.342011 0.939696 0
    outer loop
      vertex 14.2148 -43.7486 10
      vertex 17.2319 -42.6505 -50
      vertex 14.2148 -43.7486 -50
    endloop
  endfacet
  facet normal -0.406751 -0.913539 0
    outer loop
      vertex 17.2319 42.6505 -50
      vertex 20.1651 41.3445 10
      vertex 17.2319 42.6505 10
    endloop
  endfacet
  facet normal -0.406751 -0.913539 -0
    outer loop
      vertex 20.1651 41.3445 10
      vertex 17.2319 42.6505 -50
      vertex 20.1651 41.3445 -50
    endloop
  endfacet
  facet normal -0.406751 0.913539 0
    outer loop
      vertex 20.1651 -41.3445 -50
      vertex 17.2319 -42.6505 10
      vertex 20.1651 -41.3445 10
    endloop
  endfacet
  facet normal -0.406751 0.913539 0
    outer loop
      vertex 17.2319 -42.6505 10
      vertex 20.1651 -41.3445 -50
      vertex 17.2319 -42.6505 -50
    endloop
  endfacet
  facet normal -0.469461 -0.882953 0
    outer loop
      vertex 20.1651 41.3445 -50
      vertex 23 39.8372 10
      vertex 20.1651 41.3445 10
    endloop
  endfacet
  facet normal -0.469461 -0.882953 -0
    outer loop
      vertex 23 39.8372 10
      vertex 20.1651 41.3445 -50
      vertex 23 39.8372 -50
    endloop
  endfacet
  facet normal -0.743153 0.669121 0
    outer loop
      vertex 33.0896 -31.9543 -50
      vertex 35.238 -29.5682 10
      vertex 35.238 -29.5682 -50
    endloop
  endfacet
  facet normal -0.743153 0.669121 0
    outer loop
      vertex 35.238 -29.5682 10
      vertex 33.0896 -31.9543 -50
      vertex 33.0896 -31.9543 10
    endloop
  endfacet
  facet normal 0.866023 -0.500005 0
    outer loop
      vertex -40.6156 21.5957 10
      vertex -39.0102 24.3763 -50
      vertex -39.0102 24.3763 10
    endloop
  endfacet
  facet normal 0.866023 -0.500005 0
    outer loop
      vertex -39.0102 24.3763 -50
      vertex -40.6156 21.5957 10
      vertex -40.6156 21.5957 -50
    endloop
  endfacet
  facet normal 0.951063 -0.308996 0
    outer loop
      vertex -44.218 12.6793 10
      vertex -43.2259 15.7329 -50
      vertex -43.2259 15.7329 10
    endloop
  endfacet
  facet normal 0.951063 -0.308996 0
    outer loop
      vertex -43.2259 15.7329 -50
      vertex -44.218 12.6793 10
      vertex -44.218 12.6793 -50
    endloop
  endfacet
  facet normal 0.275634 -0.961263 0
    outer loop
      vertex -14.2148 43.7486 -50
      vertex -11.1284 44.6336 10
      vertex -14.2148 43.7486 10
    endloop
  endfacet
  facet normal 0.275634 -0.961263 0
    outer loop
      vertex -11.1284 44.6336 10
      vertex -14.2148 43.7486 -50
      vertex -11.1284 44.6336 -50
    endloop
  endfacet
  facet normal 0.99939 -0.0349139 0
    outer loop
      vertex -46 0 10
      vertex -45.8879 3.2088 -50
      vertex -45.8879 3.2088 10
    endloop
  endfacet
  facet normal 0.99939 -0.0349139 0
    outer loop
      vertex -45.8879 3.2088 -50
      vertex -46 0 10
      vertex -46 0 -50
    endloop
  endfacet
  facet normal -0.139158 0.99027 0
    outer loop
      vertex 7.98782 -45.3012 -50
      vertex 4.80831 -45.748 10
      vertex 7.98782 -45.3012 10
    endloop
  endfacet
  facet normal -0.139158 0.99027 0
    outer loop
      vertex 4.80831 -45.748 10
      vertex 7.98782 -45.3012 -50
      vertex 4.80831 -45.748 -50
    endloop
  endfacet
  facet normal -0.829039 -0.559191 0
    outer loop
      vertex 39.0102 24.3763 -50
      vertex 37.2148 27.0381 10
      vertex 37.2148 27.0381 -50
    endloop
  endfacet
  facet normal -0.829039 -0.559191 0
    outer loop
      vertex 37.2148 27.0381 10
      vertex 39.0102 24.3763 -50
      vertex 39.0102 24.3763 10
    endloop
  endfacet
  facet normal -0.587786 0.809016 0
    outer loop
      vertex 28.3204 -36.2485 -50
      vertex 25.7229 -38.1357 10
      vertex 28.3204 -36.2485 10
    endloop
  endfacet
  facet normal -0.587786 0.809016 0
    outer loop
      vertex 25.7229 -38.1357 10
      vertex 28.3204 -36.2485 -50
      vertex 25.7229 -38.1357 -50
    endloop
  endfacet
  facet normal -0.529929 -0.848042 0
    outer loop
      vertex 23 39.8372 -50
      vertex 25.7229 38.1357 10
      vertex 23 39.8372 10
    endloop
  endfacet
  facet normal -0.529929 -0.848042 -0
    outer loop
      vertex 25.7229 38.1357 10
      vertex 23 39.8372 -50
      vertex 25.7229 38.1357 -50
    endloop
  endfacet
  facet normal 0.898794 0.438371 0
    outer loop
      vertex -40.6156 -21.5957 10
      vertex -42.0231 -18.7099 -50
      vertex -42.0231 -18.7099 10
    endloop
  endfacet
  facet normal 0.898794 0.438371 0
    outer loop
      vertex -42.0231 -18.7099 -50
      vertex -40.6156 -21.5957 10
      vertex -40.6156 -21.5957 -50
    endloop
  endfacet
  facet normal 0.0697656 -0.997563 0
    outer loop
      vertex -4.80831 45.748 -50
      vertex -1.60538 45.972 10
      vertex -4.80831 45.748 10
    endloop
  endfacet
  facet normal 0.0697656 -0.997563 0
    outer loop
      vertex -1.60538 45.972 10
      vertex -4.80831 45.748 -50
      vertex -1.60538 45.972 -50
    endloop
  endfacet
  facet normal -0.866023 0.500005 0
    outer loop
      vertex 39.0102 -24.3763 -50
      vertex 40.6156 -21.5957 10
      vertex 40.6156 -21.5957 -50
    endloop
  endfacet
  facet normal -0.866023 0.500005 0
    outer loop
      vertex 40.6156 -21.5957 10
      vertex 39.0102 -24.3763 -50
      vertex 39.0102 -24.3763 10
    endloop
  endfacet
  facet normal 0.406751 -0.913539 0
    outer loop
      vertex -20.1651 41.3445 -50
      vertex -17.2319 42.6505 10
      vertex -20.1651 41.3445 10
    endloop
  endfacet
  facet normal 0.406751 -0.913539 0
    outer loop
      vertex -17.2319 42.6505 10
      vertex -20.1651 41.3445 -50
      vertex -17.2319 42.6505 -50
    endloop
  endfacet
  facet normal 0.642779 -0.766052 0
    outer loop
      vertex -30.78 34.1847 -50
      vertex -28.3204 36.2485 10
      vertex -30.78 34.1847 10
    endloop
  endfacet
  facet normal 0.642779 -0.766052 0
    outer loop
      vertex -28.3204 36.2485 10
      vertex -30.78 34.1847 -50
      vertex -28.3204 36.2485 -50
    endloop
  endfacet
  facet normal -0.866023 -0.500005 0
    outer loop
      vertex 40.6156 21.5957 -50
      vertex 39.0102 24.3763 10
      vertex 39.0102 24.3763 -50
    endloop
  endfacet
  facet normal -0.866023 -0.500005 0
    outer loop
      vertex 39.0102 24.3763 10
      vertex 40.6156 21.5957 -50
      vertex 40.6156 21.5957 10
    endloop
  endfacet
  facet normal -0.98481 0.173635 0
    outer loop
      vertex 44.9948 -9.56394 -50
      vertex 45.5523 -6.40196 10
      vertex 45.5523 -6.40196 -50
    endloop
  endfacet
  facet normal -0.98481 0.173635 0
    outer loop
      vertex 45.5523 -6.40196 10
      vertex 44.9948 -9.56394 -50
      vertex 44.9948 -9.56394 10
    endloop
  endfacet
  facet normal 0.342011 -0.939696 0
    outer loop
      vertex -17.2319 42.6505 -50
      vertex -14.2148 43.7486 10
      vertex -17.2319 42.6505 10
    endloop
  endfacet
  facet normal 0.342011 -0.939696 0
    outer loop
      vertex -14.2148 43.7486 10
      vertex -17.2319 42.6505 -50
      vertex -14.2148 43.7486 -50
    endloop
  endfacet
  facet normal 0.970292 0.241938 0
    outer loop
      vertex -44.218 -12.6793 10
      vertex -44.9948 -9.56394 -50
      vertex -44.9948 -9.56394 10
    endloop
  endfacet
  facet normal 0.970292 0.241938 0
    outer loop
      vertex -44.9948 -9.56394 -50
      vertex -44.218 -12.6793 10
      vertex -44.218 -12.6793 -50
    endloop
  endfacet
  facet normal -0.951063 0.308996 0
    outer loop
      vertex 43.2259 -15.7329 -50
      vertex 44.218 -12.6793 10
      vertex 44.218 -12.6793 -50
    endloop
  endfacet
  facet normal -0.951063 0.308996 0
    outer loop
      vertex 44.218 -12.6793 10
      vertex 43.2259 -15.7329 -50
      vertex 43.2259 -15.7329 10
    endloop
  endfacet
  facet normal -0.994522 0.104524 0
    outer loop
      vertex 45.5523 -6.40196 -50
      vertex 45.8879 -3.2088 10
      vertex 45.8879 -3.2088 -50
    endloop
  endfacet
  facet normal -0.994522 0.104524 0
    outer loop
      vertex 45.8879 -3.2088 10
      vertex 45.5523 -6.40196 -50
      vertex 45.5523 -6.40196 10
    endloop
  endfacet
  facet normal -0.469461 0.882953 0
    outer loop
      vertex 23 -39.8372 -50
      vertex 20.1651 -41.3445 10
      vertex 23 -39.8372 10
    endloop
  endfacet
  facet normal -0.469461 0.882953 0
    outer loop
      vertex 20.1651 -41.3445 10
      vertex 23 -39.8372 -50
      vertex 20.1651 -41.3445 -50
    endloop
  endfacet
  facet normal 0.98481 0.173635 0
    outer loop
      vertex -44.9948 -9.56394 10
      vertex -45.5523 -6.40196 -50
      vertex -45.5523 -6.40196 10
    endloop
  endfacet
  facet normal 0.98481 0.173635 0
    outer loop
      vertex -45.5523 -6.40196 -50
      vertex -44.9948 -9.56394 10
      vertex -44.9948 -9.56394 -50
    endloop
  endfacet
  facet normal -0.970292 -0.241938 0
    outer loop
      vertex 44.9948 9.56394 -50
      vertex 44.218 12.6793 10
      vertex 44.218 12.6793 -50
    endloop
  endfacet
  facet normal -0.970292 -0.241938 0
    outer loop
      vertex 44.218 12.6793 10
      vertex 44.9948 9.56394 -50
      vertex 44.9948 9.56394 10
    endloop
  endfacet
  facet normal -0.694666 -0.719333 0
    outer loop
      vertex 30.78 34.1847 -50
      vertex 33.0896 31.9543 10
      vertex 30.78 34.1847 10
    endloop
  endfacet
  facet normal -0.694666 -0.719333 -0
    outer loop
      vertex 33.0896 31.9543 10
      vertex 30.78 34.1847 -50
      vertex 33.0896 31.9543 -50
    endloop
  endfacet
  facet normal 0.788 -0.615675 0
    outer loop
      vertex -37.2148 27.0381 10
      vertex -35.238 29.5682 -50
      vertex -35.238 29.5682 10
    endloop
  endfacet
  facet normal 0.788 -0.615675 0
    outer loop
      vertex -35.238 29.5682 -50
      vertex -37.2148 27.0381 10
      vertex -37.2148 27.0381 -50
    endloop
  endfacet
  facet normal 0.694666 -0.719333 0
    outer loop
      vertex -33.0896 31.9543 -50
      vertex -30.78 34.1847 10
      vertex -33.0896 31.9543 10
    endloop
  endfacet
  facet normal 0.694666 -0.719333 0
    outer loop
      vertex -30.78 34.1847 10
      vertex -33.0896 31.9543 -50
      vertex -30.78 34.1847 -50
    endloop
  endfacet
  facet normal -0.788 -0.615675 0
    outer loop
      vertex 37.2148 27.0381 -50
      vertex 35.238 29.5682 10
      vertex 35.238 29.5682 -50
    endloop
  endfacet
  facet normal -0.788 -0.615675 0
    outer loop
      vertex 35.238 29.5682 10
      vertex 37.2148 27.0381 -50
      vertex 37.2148 27.0381 10
    endloop
  endfacet
  facet normal 0.342011 0.939696 -0
    outer loop
      vertex -14.2148 -43.7486 -50
      vertex -17.2319 -42.6505 10
      vertex -14.2148 -43.7486 10
    endloop
  endfacet
  facet normal 0.342011 0.939696 0
    outer loop
      vertex -17.2319 -42.6505 10
      vertex -14.2148 -43.7486 -50
      vertex -17.2319 -42.6505 -50
    endloop
  endfacet
  facet normal -0.743153 -0.669121 0
    outer loop
      vertex 35.238 29.5682 -50
      vertex 33.0896 31.9543 10
      vertex 33.0896 31.9543 -50
    endloop
  endfacet
  facet normal -0.743153 -0.669121 0
    outer loop
      vertex 33.0896 31.9543 10
      vertex 35.238 29.5682 -50
      vertex 35.238 29.5682 10
    endloop
  endfacet
  facet normal 0.529929 0.848042 -0
    outer loop
      vertex -23 -39.8372 -50
      vertex -25.7229 -38.1357 10
      vertex -23 -39.8372 10
    endloop
  endfacet
  facet normal 0.529929 0.848042 0
    outer loop
      vertex -25.7229 -38.1357 10
      vertex -23 -39.8372 -50
      vertex -25.7229 -38.1357 -50
    endloop
  endfacet
  facet normal -0.207926 0.978144 0
    outer loop
      vertex 11.1284 -44.6336 -50
      vertex 7.98782 -45.3012 10
      vertex 11.1284 -44.6336 10
    endloop
  endfacet
  facet normal -0.207926 0.978144 0
    outer loop
      vertex 7.98782 -45.3012 10
      vertex 11.1284 -44.6336 -50
      vertex 7.98782 -45.3012 -50
    endloop
  endfacet
  facet normal -0.139158 -0.99027 0
    outer loop
      vertex 4.80831 45.748 -50
      vertex 7.98782 45.3012 10
      vertex 4.80831 45.748 10
    endloop
  endfacet
  facet normal -0.139158 -0.99027 -0
    outer loop
      vertex 7.98782 45.3012 10
      vertex 4.80831 45.748 -50
      vertex 7.98782 45.3012 -50
    endloop
  endfacet
  facet normal -0.0697656 0.997563 0
    outer loop
      vertex 4.80831 -45.748 -50
      vertex 1.60538 -45.972 10
      vertex 4.80831 -45.748 10
    endloop
  endfacet
  facet normal -0.0697656 0.997563 0
    outer loop
      vertex 1.60538 -45.972 10
      vertex 4.80831 -45.748 -50
      vertex 1.60538 -45.972 -50
    endloop
  endfacet
  facet normal 0.898794 -0.438371 0
    outer loop
      vertex -42.0231 18.7099 10
      vertex -40.6156 21.5957 -50
      vertex -40.6156 21.5957 10
    endloop
  endfacet
  facet normal 0.898794 -0.438371 0
    outer loop
      vertex -40.6156 21.5957 -50
      vertex -42.0231 18.7099 10
      vertex -42.0231 18.7099 -50
    endloop
  endfacet
  facet normal 0.694666 0.719333 -0
    outer loop
      vertex -30.78 -34.1847 -50
      vertex -33.0896 -31.9543 10
      vertex -30.78 -34.1847 10
    endloop
  endfacet
  facet normal 0.694666 0.719333 0
    outer loop
      vertex -33.0896 -31.9543 10
      vertex -30.78 -34.1847 -50
      vertex -33.0896 -31.9543 -50
    endloop
  endfacet
  facet normal -0.927182 -0.37461 0
    outer loop
      vertex 43.2259 15.7329 -50
      vertex 42.0231 18.7099 10
      vertex 42.0231 18.7099 -50
    endloop
  endfacet
  facet normal -0.927182 -0.37461 0
    outer loop
      vertex 42.0231 18.7099 10
      vertex 43.2259 15.7329 -50
      vertex 43.2259 15.7329 10
    endloop
  endfacet
  facet normal 0.743153 -0.669121 0
    outer loop
      vertex -35.238 29.5682 10
      vertex -33.0896 31.9543 -50
      vertex -33.0896 31.9543 10
    endloop
  endfacet
  facet normal 0.743153 -0.669121 0
    outer loop
      vertex -33.0896 31.9543 -50
      vertex -35.238 29.5682 10
      vertex -35.238 29.5682 -50
    endloop
  endfacet
  facet normal 0.275634 0.961263 -0
    outer loop
      vertex -11.1284 -44.6336 -50
      vertex -14.2148 -43.7486 10
      vertex -11.1284 -44.6336 10
    endloop
  endfacet
  facet normal 0.275634 0.961263 0
    outer loop
      vertex -14.2148 -43.7486 10
      vertex -11.1284 -44.6336 -50
      vertex -14.2148 -43.7486 -50
    endloop
  endfacet
  facet normal -0.98481 -0.173635 0
    outer loop
      vertex 45.5523 6.40196 -50
      vertex 44.9948 9.56394 10
      vertex 44.9948 9.56394 -50
    endloop
  endfacet
  facet normal -0.98481 -0.173635 0
    outer loop
      vertex 44.9948 9.56394 10
      vertex 45.5523 6.40196 -50
      vertex 45.5523 6.40196 10
    endloop
  endfacet
  facet normal -0.927182 0.37461 0
    outer loop
      vertex 42.0231 -18.7099 -50
      vertex 43.2259 -15.7329 10
      vertex 43.2259 -15.7329 -50
    endloop
  endfacet
  facet normal -0.927182 0.37461 0
    outer loop
      vertex 43.2259 -15.7329 10
      vertex 42.0231 -18.7099 -50
      vertex 42.0231 -18.7099 10
    endloop
  endfacet
  facet normal -0.898794 -0.438371 0
    outer loop
      vertex 42.0231 18.7099 -50
      vertex 40.6156 21.5957 10
      vertex 40.6156 21.5957 -50
    endloop
  endfacet
  facet normal -0.898794 -0.438371 0
    outer loop
      vertex 40.6156 21.5957 10
      vertex 42.0231 18.7099 -50
      vertex 42.0231 18.7099 10
    endloop
  endfacet
  facet normal 0.207926 -0.978144 0
    outer loop
      vertex -11.1284 44.6336 -50
      vertex -7.98782 45.3012 10
      vertex -11.1284 44.6336 10
    endloop
  endfacet
  facet normal 0.207926 -0.978144 0
    outer loop
      vertex -7.98782 45.3012 10
      vertex -11.1284 44.6336 -50
      vertex -7.98782 45.3012 -50
    endloop
  endfacet
  facet normal 0.829039 0.559191 0
    outer loop
      vertex -37.2148 -27.0381 10
      vertex -39.0102 -24.3763 -50
      vertex -39.0102 -24.3763 10
    endloop
  endfacet
  facet normal 0.829039 0.559191 0
    outer loop
      vertex -39.0102 -24.3763 -50
      vertex -37.2148 -27.0381 10
      vertex -37.2148 -27.0381 -50
    endloop
  endfacet
  facet normal -0.529929 0.848042 0
    outer loop
      vertex 25.7229 -38.1357 -50
      vertex 23 -39.8372 10
      vertex 25.7229 -38.1357 10
    endloop
  endfacet
  facet normal -0.529929 0.848042 0
    outer loop
      vertex 23 -39.8372 10
      vertex 25.7229 -38.1357 -50
      vertex 23 -39.8372 -50
    endloop
  endfacet
  facet normal 0.529929 -0.848042 0
    outer loop
      vertex -25.7229 38.1357 -50
      vertex -23 39.8372 10
      vertex -25.7229 38.1357 10
    endloop
  endfacet
  facet normal 0.529929 -0.848042 0
    outer loop
      vertex -23 39.8372 10
      vertex -25.7229 38.1357 -50
      vertex -23 39.8372 -50
    endloop
  endfacet
  facet normal 0.951063 0.308996 0
    outer loop
      vertex -43.2259 -15.7329 10
      vertex -44.218 -12.6793 -50
      vertex -44.218 -12.6793 10
    endloop
  endfacet
  facet normal 0.951063 0.308996 0
    outer loop
      vertex -44.218 -12.6793 -50
      vertex -43.2259 -15.7329 10
      vertex -43.2259 -15.7329 -50
    endloop
  endfacet
  facet normal 0 1 -0
    outer loop
      vertex 1.60538 -45.972 -50
      vertex -1.60538 -45.972 10
      vertex 1.60538 -45.972 10
    endloop
  endfacet
  facet normal 0 1 0
    outer loop
      vertex -1.60538 -45.972 10
      vertex 1.60538 -45.972 -50
      vertex -1.60538 -45.972 -50
    endloop
  endfacet
  facet normal 0.743153 0.669121 0
    outer loop
      vertex -33.0896 -31.9543 10
      vertex -35.238 -29.5682 -50
      vertex -35.238 -29.5682 10
    endloop
  endfacet
  facet normal 0.743153 0.669121 0
    outer loop
      vertex -35.238 -29.5682 -50
      vertex -33.0896 -31.9543 10
      vertex -33.0896 -31.9543 -50
    endloop
  endfacet
  facet normal -0.0697656 -0.997563 0
    outer loop
      vertex 1.60538 45.972 -50
      vertex 4.80831 45.748 10
      vertex 1.60538 45.972 10
    endloop
  endfacet
  facet normal -0.0697656 -0.997563 -0
    outer loop
      vertex 4.80831 45.748 10
      vertex 1.60538 45.972 -50
      vertex 4.80831 45.748 -50
    endloop
  endfacet
  facet normal 0.99939 0.0349139 0
    outer loop
      vertex -45.8879 -3.2088 10
      vertex -46 0 -50
      vertex -46 0 10
    endloop
  endfacet
  facet normal 0.99939 0.0349139 0
    outer loop
      vertex -46 0 -50
      vertex -45.8879 -3.2088 10
      vertex -45.8879 -3.2088 -50
    endloop
  endfacet
  facet normal 0.207926 0.978144 -0
    outer loop
      vertex -7.98782 -45.3012 -50
      vertex -11.1284 -44.6336 10
      vertex -7.98782 -45.3012 10
    endloop
  endfacet
  facet normal 0.207926 0.978144 0
    outer loop
      vertex -11.1284 -44.6336 10
      vertex -7.98782 -45.3012 -50
      vertex -11.1284 -44.6336 -50
    endloop
  endfacet
  facet normal -0.207926 -0.978144 0
    outer loop
      vertex 7.98782 45.3012 -50
      vertex 11.1284 44.6336 10
      vertex 7.98782 45.3012 10
    endloop
  endfacet
  facet normal -0.207926 -0.978144 -0
    outer loop
      vertex 11.1284 44.6336 10
      vertex 7.98782 45.3012 -50
      vertex 11.1284 44.6336 -50
    endloop
  endfacet
  facet normal 0.642779 0.766052 -0
    outer loop
      vertex -28.3204 -36.2485 -50
      vertex -30.78 -34.1847 10
      vertex -28.3204 -36.2485 10
    endloop
  endfacet
  facet normal 0.642779 0.766052 0
    outer loop
      vertex -30.78 -34.1847 10
      vertex -28.3204 -36.2485 -50
      vertex -30.78 -34.1847 -50
    endloop
  endfacet
  facet normal 0.469461 0.882953 -0
    outer loop
      vertex -20.1651 -41.3445 -50
      vertex -23 -39.8372 10
      vertex -20.1651 -41.3445 10
    endloop
  endfacet
  facet normal 0.469461 0.882953 0
    outer loop
      vertex -23 -39.8372 10
      vertex -20.1651 -41.3445 -50
      vertex -23 -39.8372 -50
    endloop
  endfacet
  facet normal 0.829039 -0.559191 0
    outer loop
      vertex -39.0102 24.3763 10
      vertex -37.2148 27.0381 -50
      vertex -37.2148 27.0381 10
    endloop
  endfacet
  facet normal 0.829039 -0.559191 0
    outer loop
      vertex -37.2148 27.0381 -50
      vertex -39.0102 24.3763 10
      vertex -39.0102 24.3763 -50
    endloop
  endfacet
  facet normal 0.994522 -0.104524 0
    outer loop
      vertex -45.8879 3.2088 10
      vertex -45.5523 6.40196 -50
      vertex -45.5523 6.40196 10
    endloop
  endfacet
  facet normal 0.994522 -0.104524 0
    outer loop
      vertex -45.5523 6.40196 -50
      vertex -45.8879 3.2088 10
      vertex -45.8879 3.2088 -50
    endloop
  endfacet
  facet normal 0.139158 0.99027 -0
    outer loop
      vertex -4.80831 -45.748 -50
      vertex -7.98782 -45.3012 10
      vertex -4.80831 -45.748 10
    endloop
  endfacet
  facet normal 0.139158 0.99027 0
    outer loop
      vertex -7.98782 -45.3012 10
      vertex -4.80831 -45.748 -50
      vertex -7.98782 -45.3012 -50
    endloop
  endfacet
  facet normal 0.994522 0.104524 0
    outer loop
      vertex -45.5523 -6.40196 10
      vertex -45.8879 -3.2088 -50
      vertex -45.8879 -3.2088 10
    endloop
  endfacet
  facet normal 0.994522 0.104524 0
    outer loop
      vertex -45.8879 -3.2088 -50
      vertex -45.5523 -6.40196 10
      vertex -45.5523 -6.40196 -50
    endloop
  endfacet
  facet normal 0.927182 0.37461 0
    outer loop
      vertex -42.0231 -18.7099 10
      vertex -43.2259 -15.7329 -50
      vertex -43.2259 -15.7329 10
    endloop
  endfacet
  facet normal 0.927182 0.37461 0
    outer loop
      vertex -43.2259 -15.7329 -50
      vertex -42.0231 -18.7099 10
      vertex -42.0231 -18.7099 -50
    endloop
  endfacet
  facet normal -0.342011 -0.939696 0
    outer loop
      vertex 14.2148 43.7486 -50
      vertex 17.2319 42.6505 10
      vertex 14.2148 43.7486 10
    endloop
  endfacet
  facet normal -0.342011 -0.939696 -0
    outer loop
      vertex 17.2319 42.6505 10
      vertex 14.2148 43.7486 -50
      vertex 17.2319 42.6505 -50
    endloop
  endfacet
  facet normal 0.587786 -0.809016 0
    outer loop
      vertex -28.3204 36.2485 -50
      vertex -25.7229 38.1357 10
      vertex -28.3204 36.2485 10
    endloop
  endfacet
  facet normal 0.587786 -0.809016 0
    outer loop
      vertex -25.7229 38.1357 10
      vertex -28.3204 36.2485 -50
      vertex -25.7229 38.1357 -50
    endloop
  endfacet
  facet normal -0.788 0.615675 0
    outer loop
      vertex 35.238 -29.5682 -50
      vertex 37.2148 -27.0381 10
      vertex 37.2148 -27.0381 -50
    endloop
  endfacet
  facet normal -0.788 0.615675 0
    outer loop
      vertex 37.2148 -27.0381 10
      vertex 35.238 -29.5682 -50
      vertex 35.238 -29.5682 10
    endloop
  endfacet
  facet normal -0.829039 0.559191 0
    outer loop
      vertex 37.2148 -27.0381 -50
      vertex 39.0102 -24.3763 10
      vertex 39.0102 -24.3763 -50
    endloop
  endfacet
  facet normal -0.829039 0.559191 0
    outer loop
      vertex 39.0102 -24.3763 10
      vertex 37.2148 -27.0381 -50
      vertex 37.2148 -27.0381 10
    endloop
  endfacet
  facet normal 1 -0 0
    outer loop
      vertex 40 -5 -20
      vertex 40 5 -30
      vertex 40 5 -20
    endloop
  endfacet
  facet normal 1 0 0
    outer loop
      vertex 40 5 -30
      vertex 40 -5 -20
      vertex 40 -5 -30
    endloop
  endfacet
  facet normal 0 0 1
    outer loop
      vertex 12.5 21.6506 -20
      vertex 24.3301 32.141 -20
      vertex 15.6699 37.141 -20
    endloop
  endfacet
  facet normal 0 0 1
    outer loop
      vertex 24.3301 32.141 -20
      vertex 15.3915 19.7003 -20
      vertex 16.5744 18.7077 -20
    endloop
  endfacet
  facet normal 0 0 1
    outer loop
      vertex 24.3301 32.141 -20
      vertex 13.9798 20.7259 -20
      vertex 15.3915 19.7003 -20
    endloop
  endfacet
  facet normal 0 0 1
    outer loop
      vertex 24.3301 32.141 -20
      vertex 12.5 21.6506 -20
      vertex 13.9798 20.7259 -20
    endloop
  endfacet
  facet normal 0 0 1
    outer loop
      vertex 15.6699 37.141 -20
      vertex 10.9593 22.4699 -20
      vertex 12.5 21.6506 -20
    endloop
  endfacet
  facet normal 0 0 1
    outer loop
      vertex 15.6699 37.141 -20
      vertex 9.36516 23.1796 -20
      vertex 10.9593 22.4699 -20
    endloop
  endfacet
  facet normal 0 -0 1
    outer loop
      vertex 9.36516 23.1796 -20
      vertex 15.6699 37.141 -20
      vertex 7.91416 23.7077 -20
    endloop
  endfacet
  facet normal 0 0 1
    outer loop
      vertex -9.36516 -23.1796 -20
      vertex -15.6699 -37.141 -20
      vertex -7.91416 -23.7077 -20
    endloop
  endfacet
  facet normal 0 0 1
    outer loop
      vertex -10.9593 -22.4699 -20
      vertex -15.6699 -37.141 -20
      vertex -9.36516 -23.1796 -20
    endloop
  endfacet
  facet normal 0 0 1
    outer loop
      vertex -12.5 -21.6506 -20
      vertex -15.6699 -37.141 -20
      vertex -10.9593 -22.4699 -20
    endloop
  endfacet
  facet normal 0 0 1
    outer loop
      vertex -24.3301 -32.141 -20
      vertex -12.5 -21.6506 -20
      vertex -13.9798 -20.7259 -20
    endloop
  endfacet
  facet normal 0 0 1
    outer loop
      vertex -24.3301 -32.141 -20
      vertex -13.9798 -20.7259 -20
      vertex -15.3915 -19.7003 -20
    endloop
  endfacet
  facet normal 0 0 1
    outer loop
      vertex -24.3301 -32.141 -20
      vertex -15.3915 -19.7003 -20
      vertex -16.5744 -18.7077 -20
    endloop
  endfacet
  facet normal 0 0 1
    outer loop
      vertex -12.5 -21.6506 -20
      vertex -24.3301 -32.141 -20
      vertex -15.6699 -37.141 -20
    endloop
  endfacet
  facet normal 0 0 1
    outer loop
      vertex -24.9391 1.74391 -20
      vertex -40 5 -20
      vertex -25 0 -20
    endloop
  endfacet
  facet normal 0 0 1
    outer loop
      vertex -24.7567 3.47933 -20
      vertex -40 5 -20
      vertex -24.9391 1.74391 -20
    endloop
  endfacet
  facet normal -0 0 1
    outer loop
      vertex -40 5 -20
      vertex -24.7567 3.47933 -20
      vertex -24.4886 5 -20
    endloop
  endfacet
  facet normal 0 0 1
    outer loop
      vertex -40 -5 -20
      vertex -25 0 -20
      vertex -40 5 -20
    endloop
  endfacet
  facet normal 0 0 1
    outer loop
      vertex -25 0 -20
      vertex -40 -5 -20
      vertex -24.9391 -1.74391 -20
    endloop
  endfacet
  facet normal 0 0 1
    outer loop
      vertex -24.9391 -1.74391 -20
      vertex -40 -5 -20
      vertex -24.7567 -3.47933 -20
    endloop
  endfacet
  facet normal 0 0 1
    outer loop
      vertex -24.7567 -3.47933 -20
      vertex -40 -5 -20
      vertex -24.4886 -5 -20
    endloop
  endfacet
  facet normal 0 0 1
    outer loop
      vertex 40 5 -20
      vertex 25 0 -20
      vertex 40 -5 -20
    endloop
  endfacet
  facet normal 0 0 1
    outer loop
      vertex 40 5 -20
      vertex 24.9391 1.74391 -20
      vertex 25 0 -20
    endloop
  endfacet
  facet normal 0 0 1
    outer loop
      vertex 40 5 -20
      vertex 24.7567 3.47933 -20
      vertex 24.9391 1.74391 -20
    endloop
  endfacet
  facet normal 0 -0 1
    outer loop
      vertex 24.7567 3.47933 -20
      vertex 40 5 -20
      vertex 24.4886 5 -20
    endloop
  endfacet
  facet normal -0 0 1
    outer loop
      vertex 24.9391 -1.74391 -20
      vertex 40 -5 -20
      vertex 25 0 -20
    endloop
  endfacet
  facet normal -0 0 1
    outer loop
      vertex 24.7567 -3.47933 -20
      vertex 40 -5 -20
      vertex 24.9391 -1.74391 -20
    endloop
  endfacet
  facet normal 0 0 1
    outer loop
      vertex 40 -5 -20
      vertex 24.7567 -3.47933 -20
      vertex 24.4886 -5 -20
    endloop
  endfacet
  facet normal -0 0 1
    outer loop
      vertex 15.3915 -19.7003 -20
      vertex 24.3301 -32.141 -20
      vertex 16.5744 -18.7077 -20
    endloop
  endfacet
  facet normal -0 0 1
    outer loop
      vertex 13.9798 -20.7259 -20
      vertex 24.3301 -32.141 -20
      vertex 15.3915 -19.7003 -20
    endloop
  endfacet
  facet normal -0 0 1
    outer loop
      vertex 12.5 -21.6506 -20
      vertex 24.3301 -32.141 -20
      vertex 13.9798 -20.7259 -20
    endloop
  endfacet
  facet normal 0 0 1
    outer loop
      vertex 24.3301 -32.141 -20
      vertex 12.5 -21.6506 -20
      vertex 15.6699 -37.141 -20
    endloop
  endfacet
  facet normal -0 0 1
    outer loop
      vertex 10.9593 -22.4699 -20
      vertex 15.6699 -37.141 -20
      vertex 12.5 -21.6506 -20
    endloop
  endfacet
  facet normal -0 0 1
    outer loop
      vertex 9.36516 -23.1796 -20
      vertex 15.6699 -37.141 -20
      vertex 10.9593 -22.4699 -20
    endloop
  endfacet
  facet normal 0 0 1
    outer loop
      vertex 15.6699 -37.141 -20
      vertex 9.36516 -23.1796 -20
      vertex 7.91416 -23.7077 -20
    endloop
  endfacet
  facet normal 0 0 1
    outer loop
      vertex -15.6699 37.141 -20
      vertex -9.36516 23.1796 -20
      vertex -7.91416 23.7077 -20
    endloop
  endfacet
  facet normal 0 0 1
    outer loop
      vertex -15.6699 37.141 -20
      vertex -10.9593 22.4699 -20
      vertex -9.36516 23.1796 -20
    endloop
  endfacet
  facet normal 0 0 1
    outer loop
      vertex -15.6699 37.141 -20
      vertex -12.5 21.6506 -20
      vertex -10.9593 22.4699 -20
    endloop
  endfacet
  facet normal -0 0 1
    outer loop
      vertex -24.3301 32.141 -20
      vertex -12.5 21.6506 -20
      vertex -15.6699 37.141 -20
    endloop
  endfacet
  facet normal 0 0 1
    outer loop
      vertex -12.5 21.6506 -20
      vertex -24.3301 32.141 -20
      vertex -13.9798 20.7259 -20
    endloop
  endfacet
  facet normal 0 0 1
    outer loop
      vertex -13.9798 20.7259 -20
      vertex -24.3301 32.141 -20
      vertex -15.3915 19.7003 -20
    endloop
  endfacet
  facet normal 0 0 1
    outer loop
      vertex -15.3915 19.7003 -20
      vertex -24.3301 32.141 -20
      vertex -16.5744 18.7077 -20
    endloop
  endfacet
  facet normal 0 0 -1
    outer loop
      vertex -15.6699 -37.141 -30
      vertex -9.36516 -23.1796 -30
      vertex -7.91416 -23.7077 -30
    endloop
  endfacet
  facet normal 0 0 -1
    outer loop
      vertex -15.6699 -37.141 -30
      vertex -10.9593 -22.4699 -30
      vertex -9.36516 -23.1796 -30
    endloop
  endfacet
  facet normal 0 0 -1
    outer loop
      vertex -15.6699 -37.141 -30
      vertex -12.5 -21.6506 -30
      vertex -10.9593 -22.4699 -30
    endloop
  endfacet
  facet normal 0 0 -1
    outer loop
      vertex -24.3301 -32.141 -30
      vertex -12.5 -21.6506 -30
      vertex -15.6699 -37.141 -30
    endloop
  endfacet
  facet normal -0 0 -1
    outer loop
      vertex -12.5 -21.6506 -30
      vertex -24.3301 -32.141 -30
      vertex -13.9798 -20.7259 -30
    endloop
  endfacet
  facet normal -0 0 -1
    outer loop
      vertex -13.9798 -20.7259 -30
      vertex -24.3301 -32.141 -30
      vertex -15.3915 -19.7003 -30
    endloop
  endfacet
  facet normal -0 0 -1
    outer loop
      vertex -15.3915 -19.7003 -30
      vertex -24.3301 -32.141 -30
      vertex -16.5744 -18.7077 -30
    endloop
  endfacet
  facet normal 0 0 -1
    outer loop
      vertex 15.3915 19.7003 -30
      vertex 24.3301 32.141 -30
      vertex 16.5744 18.7077 -30
    endloop
  endfacet
  facet normal 0 0 -1
    outer loop
      vertex 13.9798 20.7259 -30
      vertex 24.3301 32.141 -30
      vertex 15.3915 19.7003 -30
    endloop
  endfacet
  facet normal 0 0 -1
    outer loop
      vertex 12.5 21.6506 -30
      vertex 24.3301 32.141 -30
      vertex 13.9798 20.7259 -30
    endloop
  endfacet
  facet normal -0 0 -1
    outer loop
      vertex 24.3301 32.141 -30
      vertex 12.5 21.6506 -30
      vertex 15.6699 37.141 -30
    endloop
  endfacet
  facet normal 0 0 -1
    outer loop
      vertex 10.9593 22.4699 -30
      vertex 15.6699 37.141 -30
      vertex 12.5 21.6506 -30
    endloop
  endfacet
  facet normal 0 0 -1
    outer loop
      vertex 9.36516 23.1796 -30
      vertex 15.6699 37.141 -30
      vertex 10.9593 22.4699 -30
    endloop
  endfacet
  facet normal 0 0 -1
    outer loop
      vertex 15.6699 37.141 -30
      vertex 9.36516 23.1796 -30
      vertex 7.91416 23.7077 -30
    endloop
  endfacet
  facet normal 0 0 -1
    outer loop
      vertex 40 -5 -30
      vertex 25 0 -30
      vertex 40 5 -30
    endloop
  endfacet
  facet normal 0 0 -1
    outer loop
      vertex 40 -5 -30
      vertex 24.9391 -1.74391 -30
      vertex 25 0 -30
    endloop
  endfacet
  facet normal 0 0 -1
    outer loop
      vertex 40 -5 -30
      vertex 24.7567 -3.47933 -30
      vertex 24.9391 -1.74391 -30
    endloop
  endfacet
  facet normal 0 -0 -1
    outer loop
      vertex 24.7567 -3.47933 -30
      vertex 40 -5 -30
      vertex 24.4886 -5 -30
    endloop
  endfacet
  facet normal 0 0 -1
    outer loop
      vertex 24.9391 1.74391 -30
      vertex 40 5 -30
      vertex 25 0 -30
    endloop
  endfacet
  facet normal 0 0 -1
    outer loop
      vertex 24.7567 3.47933 -30
      vertex 40 5 -30
      vertex 24.9391 1.74391 -30
    endloop
  endfacet
  facet normal -0 0 -1
    outer loop
      vertex 40 5 -30
      vertex 24.7567 3.47933 -30
      vertex 24.4886 5 -30
    endloop
  endfacet
  facet normal -0 0 -1
    outer loop
      vertex -24.9391 -1.74391 -30
      vertex -40 -5 -30
      vertex -25 0 -30
    endloop
  endfacet
  facet normal -0 0 -1
    outer loop
      vertex -24.7567 -3.47933 -30
      vertex -40 -5 -30
      vertex -24.9391 -1.74391 -30
    endloop
  endfacet
  facet normal 0 0 -1
    outer loop
      vertex -40 -5 -30
      vertex -24.7567 -3.47933 -30
      vertex -24.4886 -5 -30
    endloop
  endfacet
  facet normal 0 0 -1
    outer loop
      vertex -40 5 -30
      vertex -25 0 -30
      vertex -40 -5 -30
    endloop
  endfacet
  facet normal 0 0 -1
    outer loop
      vertex -25 0 -30
      vertex -40 5 -30
      vertex -24.9391 1.74391 -30
    endloop
  endfacet
  facet normal 0 0 -1
    outer loop
      vertex -24.9391 1.74391 -30
      vertex -40 5 -30
      vertex -24.7567 3.47933 -30
    endloop
  endfacet
  facet normal 0 0 -1
    outer loop
      vertex -24.7567 3.47933 -30
      vertex -40 5 -30
      vertex -24.4886 5 -30
    endloop
  endfacet
  facet normal 0 0 -1
    outer loop
      vertex -9.36516 23.1796 -30
      vertex -15.6699 37.141 -30
      vertex -7.91416 23.7077 -30
    endloop
  endfacet
  facet normal 0 0 -1
    outer loop
      vertex -10.9593 22.4699 -30
      vertex -15.6699 37.141 -30
      vertex -9.36516 23.1796 -30
    endloop
  endfacet
  facet normal 0 0 -1
    outer loop
      vertex -12.5 21.6506 -30
      vertex -15.6699 37.141 -30
      vertex -10.9593 22.4699 -30
    endloop
  endfacet
  facet normal 0 0 -1
    outer loop
      vertex -24.3301 32.141 -30
      vertex -12.5 21.6506 -30
      vertex -13.9798 20.7259 -30
    endloop
  endfacet
  facet normal 0 0 -1
    outer loop
      vertex -24.3301 32.141 -30
      vertex -13.9798 20.7259 -30
      vertex -15.3915 19.7003 -30
    endloop
  endfacet
  facet normal 0 0 -1
    outer loop
      vertex -24.3301 32.141 -30
      vertex -15.3915 19.7003 -30
      vertex -16.5744 18.7077 -30
    endloop
  endfacet
  facet normal 0 0 -1
    outer loop
      vertex -12.5 21.6506 -30
      vertex -24.3301 32.141 -30
      vertex -15.6699 37.141 -30
    endloop
  endfacet
  facet normal 0 0 -1
    outer loop
      vertex 12.5 -21.6506 -30
      vertex 24.3301 -32.141 -30
      vertex 15.6699 -37.141 -30
    endloop
  endfacet
  facet normal 0 0 -1
    outer loop
      vertex 24.3301 -32.141 -30
      vertex 15.3915 -19.7003 -30
      vertex 16.5744 -18.7077 -30
    endloop
  endfacet
  facet normal 0 0 -1
    outer loop
      vertex 24.3301 -32.141 -30
      vertex 13.9798 -20.7259 -30
      vertex 15.3915 -19.7003 -30
    endloop
  endfacet
  facet normal 0 0 -1
    outer loop
      vertex 24.3301 -32.141 -30
      vertex 12.5 -21.6506 -30
      vertex 13.9798 -20.7259 -30
    endloop
  endfacet
  facet normal 0 0 -1
    outer loop
      vertex 15.6699 -37.141 -30
      vertex 10.9593 -22.4699 -30
      vertex 12.5 -21.6506 -30
    endloop
  endfacet
  facet normal 0 0 -1
    outer loop
      vertex 15.6699 -37.141 -30
      vertex 9.36516 -23.1796 -30
      vertex 10.9593 -22.4699 -30
    endloop
  endfacet
  facet normal 0 -0 -1
    outer loop
      vertex 9.36516 -23.1796 -30
      vertex 15.6699 -37.141 -30
      vertex 7.91416 -23.7077 -30
    endloop
  endfacet
  facet normal -1 0 0
    outer loop
      vertex -40 -5 -30
      vertex -40 5 -20
      vertex -40 5 -30
    endloop
  endfacet
  facet normal -1 -0 0
    outer loop
      vertex -40 5 -20
      vertex -40 -5 -30
      vertex -40 -5 -20
    endloop
  endfacet
  facet normal 0 1 -0
    outer loop
      vertex -24.4886 5 -30
      vertex -40 5 -20
      vertex -24.4886 5 -20
    endloop
  endfacet
  facet normal 0 1 0
    outer loop
      vertex -40 5 -20
      vertex -24.4886 5 -30
      vertex -40 5 -30
    endloop
  endfacet
  facet normal 0 1 -0
    outer loop
      vertex 40 5 -30
      vertex 24.4886 5 -20
      vertex 40 5 -20
    endloop
  endfacet
  facet normal 0 1 0
    outer loop
      vertex 24.4886 5 -20
      vertex 40 5 -30
      vertex 24.4886 5 -30
    endloop
  endfacet
  facet normal 0 -1 0
    outer loop
      vertex -40 -5 -30
      vertex -24.4886 -5 -20
      vertex -40 -5 -20
    endloop
  endfacet
  facet normal 0 -1 -0
    outer loop
      vertex -24.4886 -5 -20
      vertex -40 -5 -30
      vertex -24.4886 -5 -30
    endloop
  endfacet
  facet normal 0 -1 0
    outer loop
      vertex 24.4886 -5 -30
      vertex 40 -5 -20
      vertex 24.4886 -5 -20
    endloop
  endfacet
  facet normal 0 -1 -0
    outer loop
      vertex 40 -5 -20
      vertex 24.4886 -5 -30
      vertex 40 -5 -30
    endloop
  endfacet
  facet normal 0.500002 -0.866024 0
    outer loop
      vertex 15.6699 -37.141 -30
      vertex 24.3301 -32.141 -20
      vertex 15.6699 -37.141 -20
    endloop
  endfacet
  facet normal 0.500002 -0.866024 0
    outer loop
      vertex 24.3301 -32.141 -20
      vertex 15.6699 -37.141 -30
      vertex 24.3301 -32.141 -30
    endloop
  endfacet
  facet normal 0.866026 0.499999 0
    outer loop
      vertex 24.3301 -32.141 -20
      vertex 16.5744 -18.7077 -30
      vertex 16.5744 -18.7077 -20
    endloop
  endfacet
  facet normal 0.866026 0.499999 0
    outer loop
      vertex 16.5744 -18.7077 -30
      vertex 24.3301 -32.141 -20
      vertex 24.3301 -32.141 -30
    endloop
  endfacet
  facet normal 0.866025 0.500001 0
    outer loop
      vertex -7.91416 23.7077 -20
      vertex -15.6699 37.141 -30
      vertex -15.6699 37.141 -20
    endloop
  endfacet
  facet normal 0.866025 0.500001 0
    outer loop
      vertex -15.6699 37.141 -30
      vertex -7.91416 23.7077 -20
      vertex -7.91416 23.7077 -30
    endloop
  endfacet
  facet normal -0.866025 -0.500001 0
    outer loop
      vertex 15.6699 -37.141 -30
      vertex 7.91416 -23.7077 -20
      vertex 7.91416 -23.7077 -30
    endloop
  endfacet
  facet normal -0.866025 -0.500001 0
    outer loop
      vertex 7.91416 -23.7077 -20
      vertex 15.6699 -37.141 -30
      vertex 15.6699 -37.141 -20
    endloop
  endfacet
  facet normal -0.866026 -0.499999 0
    outer loop
      vertex -16.5744 18.7077 -30
      vertex -24.3301 32.141 -20
      vertex -24.3301 32.141 -30
    endloop
  endfacet
  facet normal -0.866026 -0.499999 0
    outer loop
      vertex -24.3301 32.141 -20
      vertex -16.5744 18.7077 -30
      vertex -16.5744 18.7077 -20
    endloop
  endfacet
  facet normal -0.500002 0.866024 0
    outer loop
      vertex -15.6699 37.141 -30
      vertex -24.3301 32.141 -20
      vertex -15.6699 37.141 -20
    endloop
  endfacet
  facet normal -0.500002 0.866024 0
    outer loop
      vertex -24.3301 32.141 -20
      vertex -15.6699 37.141 -30
      vertex -24.3301 32.141 -30
    endloop
  endfacet
  facet normal -0.500002 -0.866024 0
    outer loop
      vertex -24.3301 -32.141 -30
      vertex -15.6699 -37.141 -20
      vertex -24.3301 -32.141 -20
    endloop
  endfacet
  facet normal -0.500002 -0.866024 -0
    outer loop
      vertex -15.6699 -37.141 -20
      vertex -24.3301 -32.141 -30
      vertex -15.6699 -37.141 -30
    endloop
  endfacet
  facet normal 0.500002 0.866024 -0
    outer loop
      vertex 24.3301 32.141 -30
      vertex 15.6699 37.141 -20
      vertex 24.3301 32.141 -20
    endloop
  endfacet
  facet normal 0.500002 0.866024 0
    outer loop
      vertex 15.6699 37.141 -20
      vertex 24.3301 32.141 -30
      vertex 15.6699 37.141 -30
    endloop
  endfacet
  facet normal 0.866026 -0.499999 0
    outer loop
      vertex 16.5744 18.7077 -20
      vertex 24.3301 32.141 -30
      vertex 24.3301 32.141 -20
    endloop
  endfacet
  facet normal 0.866026 -0.499999 0
    outer loop
      vertex 24.3301 32.141 -30
      vertex 16.5744 18.7077 -20
      vertex 16.5744 18.7077 -30
    endloop
  endfacet
  facet normal 0.866025 -0.500001 0
    outer loop
      vertex -15.6699 -37.141 -20
      vertex -7.91416 -23.7077 -30
      vertex -7.91416 -23.7077 -20
    endloop
  endfacet
  facet normal 0.866025 -0.500001 0
    outer loop
      vertex -7.91416 -23.7077 -30
      vertex -15.6699 -37.141 -20
      vertex -15.6699 -37.141 -30
    endloop
  endfacet
  facet normal -0.866025 0.500001 0
    outer loop
      vertex 7.91416 23.7077 -30
      vertex 15.6699 37.141 -20
      vertex 15.6699 37.141 -30
    endloop
  endfacet
  facet normal -0.866025 0.500001 0
    outer loop
      vertex 15.6699 37.141 -20
      vertex 7.91416 23.7077 -30
      vertex 7.91416 23.7077 -20
    endloop
  endfacet
  facet normal -0.866026 0.499999 0
    outer loop
      vertex -24.3301 -32.141 -30
      vertex -16.5744 -18.7077 -20
      vertex -16.5744 -18.7077 -30
    endloop
  endfacet
  facet normal -0.866026 0.499999 0
    outer loop
      vertex -16.5744 -18.7077 -20
      vertex -24.3301 -32.141 -30
      vertex -24.3301 -32.141 -20
    endloop
  endfacet
  facet normal 1 -0 0
    outer loop
      vertex 45 -45 50
      vertex 45 45 40
      vertex 45 45 50
    endloop
  endfacet
  facet normal 1 0 0
    outer loop
      vertex 45 45 40
      vertex 45 -45 50
      vertex 45 -45 40
    endloop
  endfacet
  facet normal -0 0 1
    outer loop
      vertex -45 45 50
      vertex 45 -45 50
      vertex 45 45 50
    endloop
  endfacet
  facet normal 0 0 1
    outer loop
      vertex 45 -45 50
      vertex -45 45 50
      vertex -45 -45 50
    endloop
  endfacet
  facet normal 0 0 -1
    outer loop
      vertex 45 -45 40
      vertex 25 0 40
      vertex 45 45 40
    endloop
  endfacet
  facet normal 0 0 -1
    outer loop
      vertex 45 -45 40
      vertex 24.9391 -1.74391 40
      vertex 25 0 40
    endloop
  endfacet
  facet normal 0 0 -1
    outer loop
      vertex 45 -45 40
      vertex 24.7567 -3.47933 40
      vertex 24.9391 -1.74391 40
    endloop
  endfacet
  facet normal 0 0 -1
    outer loop
      vertex 45 -45 40
      vertex 24.4537 -5.19779 40
      vertex 24.7567 -3.47933 40
    endloop
  endfacet
  facet normal 0 0 -1
    outer loop
      vertex 45 -45 40
      vertex 24.0315 -6.89093 40
      vertex 24.4537 -5.19779 40
    endloop
  endfacet
  facet normal 0 0 -1
    outer loop
      vertex 45 -45 40
      vertex 23.4923 -8.5505 40
      vertex 24.0315 -6.89093 40
    endloop
  endfacet
  facet normal 0 0 -1
    outer loop
      vertex 45 -45 40
      vertex 22.8386 -10.1684 40
      vertex 23.4923 -8.5505 40
    endloop
  endfacet
  facet normal 0 0 -1
    outer loop
      vertex 45 -45 40
      vertex 22.0737 -11.7368 40
      vertex 22.8386 -10.1684 40
    endloop
  endfacet
  facet normal 0 0 -1
    outer loop
      vertex 45 -45 40
      vertex 21.2012 -13.248 40
      vertex 22.0737 -11.7368 40
    endloop
  endfacet
  facet normal 0 0 -1
    outer loop
      vertex 45 -45 40
      vertex 20.2254 -14.6946 40
      vertex 21.2012 -13.248 40
    endloop
  endfacet
  facet normal 0 0 -1
    outer loop
      vertex 45 -45 40
      vertex 19.1511 -16.0697 40
      vertex 20.2254 -14.6946 40
    endloop
  endfacet
  facet normal 0 0 -1
    outer loop
      vertex 45 -45 40
      vertex 17.9835 -17.3665 40
      vertex 19.1511 -16.0697 40
    endloop
  endfacet
  facet normal 0 0 -1
    outer loop
      vertex 45 -45 40
      vertex 16.7283 -18.5786 40
      vertex 17.9835 -17.3665 40
    endloop
  endfacet
  facet normal 0 0 -1
    outer loop
      vertex 45 -45 40
      vertex 15.3915 -19.7003 40
      vertex 16.7283 -18.5786 40
    endloop
  endfacet
  facet normal 0 0 -1
    outer loop
      vertex 45 -45 40
      vertex 13.9798 -20.7259 40
      vertex 15.3915 -19.7003 40
    endloop
  endfacet
  facet normal 0 0 -1
    outer loop
      vertex 45 -45 40
      vertex 12.5 -21.6506 40
      vertex 13.9798 -20.7259 40
    endloop
  endfacet
  facet normal 0 0 -1
    outer loop
      vertex 45 -45 40
      vertex 10.9593 -22.4699 40
      vertex 12.5 -21.6506 40
    endloop
  endfacet
  facet normal 0 0 -1
    outer loop
      vertex 45 -45 40
      vertex 9.36516 -23.1796 40
      vertex 10.9593 -22.4699 40
    endloop
  endfacet
  facet normal 0 0 -1
    outer loop
      vertex 45 -45 40
      vertex 7.72542 -23.7764 40
      vertex 9.36516 -23.1796 40
    endloop
  endfacet
  facet normal 0 0 -1
    outer loop
      vertex 45 -45 40
      vertex 6.04805 -24.2574 40
      vertex 7.72542 -23.7764 40
    endloop
  endfacet
  facet normal 0 0 -1
    outer loop
      vertex 45 -45 40
      vertex 4.3412 -24.6202 40
      vertex 6.04805 -24.2574 40
    endloop
  endfacet
  facet normal 0 0 -1
    outer loop
      vertex 45 -45 40
      vertex 2.61321 -24.863 40
      vertex 4.3412 -24.6202 40
    endloop
  endfacet
  facet normal 0 0 -1
    outer loop
      vertex 45 -45 40
      vertex 0.872487 -24.9848 40
      vertex 2.61321 -24.863 40
    endloop
  endfacet
  facet normal 0 0 -1
    outer loop
      vertex 45 -45 40
      vertex -0.872487 -24.9848 40
      vertex 0.872487 -24.9848 40
    endloop
  endfacet
  facet normal 0 0 -1
    outer loop
      vertex -45 -45 40
      vertex -0.872487 -24.9848 40
      vertex 45 -45 40
    endloop
  endfacet
  facet normal -0 0 -1
    outer loop
      vertex -0.872487 -24.9848 40
      vertex -45 -45 40
      vertex -2.61321 -24.863 40
    endloop
  endfacet
  facet normal -0 0 -1
    outer loop
      vertex -2.61321 -24.863 40
      vertex -45 -45 40
      vertex -4.3412 -24.6202 40
    endloop
  endfacet
  facet normal -0 0 -1
    outer loop
      vertex -4.3412 -24.6202 40
      vertex -45 -45 40
      vertex -6.04805 -24.2574 40
    endloop
  endfacet
  facet normal -0 0 -1
    outer loop
      vertex -6.04805 -24.2574 40
      vertex -45 -45 40
      vertex -7.72542 -23.7764 40
    endloop
  endfacet
  facet normal -0 0 -1
    outer loop
      vertex -24.9391 -1.74391 40
      vertex -45 -45 40
      vertex -25 0 40
    endloop
  endfacet
  facet normal -0 0 -1
    outer loop
      vertex -24.7567 -3.47933 40
      vertex -45 -45 40
      vertex -24.9391 -1.74391 40
    endloop
  endfacet
  facet normal -0 0 -1
    outer loop
      vertex -24.4537 -5.19779 40
      vertex -45 -45 40
      vertex -24.7567 -3.47933 40
    endloop
  endfacet
  facet normal -0 0 -1
    outer loop
      vertex -24.0315 -6.89093 40
      vertex -45 -45 40
      vertex -24.4537 -5.19779 40
    endloop
  endfacet
  facet normal -0 0 -1
    outer loop
      vertex -23.4923 -8.5505 40
      vertex -45 -45 40
      vertex -24.0315 -6.89093 40
    endloop
  endfacet
  facet normal -0 0 -1
    outer loop
      vertex -22.8386 -10.1684 40
      vertex -45 -45 40
      vertex -23.4923 -8.5505 40
    endloop
  endfacet
  facet normal -0 0 -1
    outer loop
      vertex -22.0737 -11.7368 40
      vertex -45 -45 40
      vertex -22.8386 -10.1684 40
    endloop
  endfacet
  facet normal -0 0 -1
    outer loop
      vertex -21.2012 -13.248 40
      vertex -45 -45 40
      vertex -22.0737 -11.7368 40
    endloop
  endfacet
  facet normal -0 0 -1
    outer loop
      vertex -20.2254 -14.6946 40
      vertex -45 -45 40
      vertex -21.2012 -13.248 40
    endloop
  endfacet
  facet normal -0 0 -1
    outer loop
      vertex -19.1511 -16.0697 40
      vertex -45 -45 40
      vertex -20.2254 -14.6946 40
    endloop
  endfacet
  facet normal -0 0 -1
    outer loop
      vertex -17.9835 -17.3665 40
      vertex -45 -45 40
      vertex -19.1511 -16.0697 40
    endloop
  endfacet
  facet normal -0 0 -1
    outer loop
      vertex -16.7283 -18.5786 40
      vertex -45 -45 40
      vertex -17.9835 -17.3665 40
    endloop
  endfacet
  facet normal -0 0 -1
    outer loop
      vertex -15.3915 -19.7003 40
      vertex -45 -45 40
      vertex -16.7283 -18.5786 40
    endloop
  endfacet
  facet normal -0 0 -1
    outer loop
      vertex -13.9798 -20.7259 40
      vertex -45 -45 40
      vertex -15.3915 -19.7003 40
    endloop
  endfacet
  facet normal -0 0 -1
    outer loop
      vertex -12.5 -21.6506 40
      vertex -45 -45 40
      vertex -13.9798 -20.7259 40
    endloop
  endfacet
  facet normal -0 0 -1
    outer loop
      vertex -10.9593 -22.4699 40
      vertex -45 -45 40
      vertex -12.5 -21.6506 40
    endloop
  endfacet
  facet normal -0 0 -1
    outer loop
      vertex -9.36516 -23.1796 40
      vertex -45 -45 40
      vertex -10.9593 -22.4699 40
    endloop
  endfacet
  facet normal -0 0 -1
    outer loop
      vertex -7.72542 -23.7764 40
      vertex -45 -45 40
      vertex -9.36516 -23.1796 40
    endloop
  endfacet
  facet normal 0 0 -1
    outer loop
      vertex 24.9391 1.74391 40
      vertex 45 45 40
      vertex 25 0 40
    endloop
  endfacet
  facet normal 0 0 -1
    outer loop
      vertex 24.7567 3.47933 40
      vertex 45 45 40
      vertex 24.9391 1.74391 40
    endloop
  endfacet
  facet normal 0 0 -1
    outer loop
      vertex 24.4537 5.19779 40
      vertex 45 45 40
      vertex 24.7567 3.47933 40
    endloop
  endfacet
  facet normal 0 0 -1
    outer loop
      vertex 24.0315 6.89093 40
      vertex 45 45 40
      vertex 24.4537 5.19779 40
    endloop
  endfacet
  facet normal 0 0 -1
    outer loop
      vertex 23.4923 8.5505 40
      vertex 45 45 40
      vertex 24.0315 6.89093 40
    endloop
  endfacet
  facet normal 0 0 -1
    outer loop
      vertex 22.8386 10.1684 40
      vertex 45 45 40
      vertex 23.4923 8.5505 40
    endloop
  endfacet
  facet normal 0 0 -1
    outer loop
      vertex 22.0737 11.7368 40
      vertex 45 45 40
      vertex 22.8386 10.1684 40
    endloop
  endfacet
  facet normal 0 0 -1
    outer loop
      vertex 21.2012 13.248 40
      vertex 45 45 40
      vertex 22.0737 11.7368 40
    endloop
  endfacet
  facet normal 0 0 -1
    outer loop
      vertex 20.2254 14.6946 40
      vertex 45 45 40
      vertex 21.2012 13.248 40
    endloop
  endfacet
  facet normal 0 0 -1
    outer loop
      vertex 19.1511 16.0697 40
      vertex 45 45 40
      vertex 20.2254 14.6946 40
    endloop
  endfacet
  facet normal 0 0 -1
    outer loop
      vertex 17.9835 17.3665 40
      vertex 45 45 40
      vertex 19.1511 16.0697 40
    endloop
  endfacet
  facet normal 0 0 -1
    outer loop
      vertex 16.7283 18.5786 40
      vertex 45 45 40
      vertex 17.9835 17.3665 40
    endloop
  endfacet
  facet normal 0 0 -1
    outer loop
      vertex 15.3915 19.7003 40
      vertex 45 45 40
      vertex 16.7283 18.5786 40
    endloop
  endfacet
  facet normal 0 0 -1
    outer loop
      vertex 13.9798 20.7259 40
      vertex 45 45 40
      vertex 15.3915 19.7003 40
    endloop
  endfacet
  facet normal 0 0 -1
    outer loop
      vertex 12.5 21.6506 40
      vertex 45 45 40
      vertex 13.9798 20.7259 40
    endloop
  endfacet
  facet normal 0 0 -1
    outer loop
      vertex 10.9593 22.4699 40
      vertex 45 45 40
      vertex 12.5 21.6506 40
    endloop
  endfacet
  facet normal 0 0 -1
    outer loop
      vertex 9.36516 23.1796 40
      vertex 45 45 40
      vertex 10.9593 22.4699 40
    endloop
  endfacet
  facet normal 0 0 -1
    outer loop
      vertex 7.72542 23.7764 40
      vertex 45 45 40
      vertex 9.36516 23.1796 40
    endloop
  endfacet
  facet normal 0 0 -1
    outer loop
      vertex 6.04805 24.2574 40
      vertex 45 45 40
      vertex 7.72542 23.7764 40
    endloop
  endfacet
  facet normal 0 0 -1
    outer loop
      vertex 4.3412 24.6202 40
      vertex 45 45 40
      vertex 6.04805 24.2574 40
    endloop
  endfacet
  facet normal 0 0 -1
    outer loop
      vertex 2.61321 24.863 40
      vertex 45 45 40
      vertex 4.3412 24.6202 40
    endloop
  endfacet
  facet normal 0 0 -1
    outer loop
      vertex 0.872487 24.9848 40
      vertex 45 45 40
      vertex 2.61321 24.863 40
    endloop
  endfacet
  facet normal 0 0 -1
    outer loop
      vertex -0.872487 24.9848 40
      vertex 45 45 40
      vertex 0.872487 24.9848 40
    endloop
  endfacet
  facet normal 0 0 -1
    outer loop
      vertex -45 45 40
      vertex -0.872487 24.9848 40
      vertex -2.61321 24.863 40
    endloop
  endfacet
  facet normal 0 0 -1
    outer loop
      vertex -45 45 40
      vertex -2.61321 24.863 40
      vertex -4.3412 24.6202 40
    endloop
  endfacet
  facet normal 0 0 -1
    outer loop
      vertex -45 45 40
      vertex -4.3412 24.6202 40
      vertex -6.04805 24.2574 40
    endloop
  endfacet
  facet normal 0 0 -1
    outer loop
      vertex -45 45 40
      vertex -6.04805 24.2574 40
      vertex -7.72542 23.7764 40
    endloop
  endfacet
  facet normal 0 0 -1
    outer loop
      vertex -45 45 40
      vertex -7.72542 23.7764 40
      vertex -9.36516 23.1796 40
    endloop
  endfacet
  facet normal 0 0 -1
    outer loop
      vertex -45 45 40
      vertex -25 0 40
      vertex -45 -45 40
    endloop
  endfacet
  facet normal 0 0 -1
    outer loop
      vertex -25 0 40
      vertex -45 45 40
      vertex -24.9391 1.74391 40
    endloop
  endfacet
  facet normal 0 0 -1
    outer loop
      vertex -24.9391 1.74391 40
      vertex -45 45 40
      vertex -24.7567 3.47933 40
    endloop
  endfacet
  facet normal 0 0 -1
    outer loop
      vertex -24.7567 3.47933 40
      vertex -45 45 40
      vertex -24.4537 5.19779 40
    endloop
  endfacet
  facet normal 0 0 -1
    outer loop
      vertex -24.4537 5.19779 40
      vertex -45 45 40
      vertex -24.0315 6.89093 40
    endloop
  endfacet
  facet normal 0 0 -1
    outer loop
      vertex -0.872487 24.9848 40
      vertex -45 45 40
      vertex 45 45 40
    endloop
  endfacet
  facet normal 0 0 -1
    outer loop
      vertex -10.9593 22.4699 40
      vertex -45 45 40
      vertex -9.36516 23.1796 40
    endloop
  endfacet
  facet normal 0 0 -1
    outer loop
      vertex -12.5 21.6506 40
      vertex -45 45 40
      vertex -10.9593 22.4699 40
    endloop
  endfacet
  facet normal 0 0 -1
    outer loop
      vertex -13.9798 20.7259 40
      vertex -45 45 40
      vertex -12.5 21.6506 40
    endloop
  endfacet
  facet normal 0 0 -1
    outer loop
      vertex -15.3915 19.7003 40
      vertex -45 45 40
      vertex -13.9798 20.7259 40
    endloop
  endfacet
  facet normal 0 0 -1
    outer loop
      vertex -16.7283 18.5786 40
      vertex -45 45 40
      vertex -15.3915 19.7003 40
    endloop
  endfacet
  facet normal 0 0 -1
    outer loop
      vertex -17.9835 17.3665 40
      vertex -45 45 40
      vertex -16.7283 18.5786 40
    endloop
  endfacet
  facet normal 0 0 -1
    outer loop
      vertex -19.1511 16.0697 40
      vertex -45 45 40
      vertex -17.9835 17.3665 40
    endloop
  endfacet
  facet normal 0 0 -1
    outer loop
      vertex -20.2254 14.6946 40
      vertex -45 45 40
      vertex -19.1511 16.0697 40
    endloop
  endfacet
  facet normal 0 0 -1
    outer loop
      vertex -21.2012 13.248 40
      vertex -45 45 40
      vertex -20.2254 14.6946 40
    endloop
  endfacet
  facet normal 0 0 -1
    outer loop
      vertex -22.0737 11.7368 40
      vertex -45 45 40
      vertex -21.2012 13.248 40
    endloop
  endfacet
  facet normal 0 0 -1
    outer loop
      vertex -22.8386 10.1684 40
      vertex -45 45 40
      vertex -22.0737 11.7368 40
    endloop
  endfacet
  facet normal 0 0 -1
    outer loop
      vertex -23.4923 8.5505 40
      vertex -45 45 40
      vertex -22.8386 10.1684 40
    endloop
  endfacet
  facet normal 0 0 -1
    outer loop
      vertex -24.0315 6.89093 40
      vertex -45 45 40
      vertex -23.4923 8.5505 40
    endloop
  endfacet
  facet normal -1 0 0
    outer loop
      vertex -45 -45 40
      vertex -45 45 50
      vertex -45 45 40
    endloop
  endfacet
  facet normal -1 -0 0
    outer loop
      vertex -45 45 50
      vertex -45 -45 40
      vertex -45 -45 50
    endloop
  endfacet
  facet normal 0 1 -0
    outer loop
      vertex 45 45 40
      vertex -45 45 50
      vertex 45 45 50
    endloop
  endfacet
  facet normal 0 1 0
    outer loop
      vertex -45 45 50
      vertex 45 45 40
      vertex -45 45 40
    endloop
  endfacet
  facet normal 0 -1 0
    outer loop
      vertex -45 -45 40
      vertex 45 -45 50
      vertex -45 -45 50
    endloop
  endfacet
  facet normal 0 -1 -0
    outer loop
      vertex 45 -45 50
      vertex -45 -45 40
      vertex 45 -45 40
    endloop
  endfacet
  facet normal 0.994522 0.104528 0
    outer loop
      vertex 24.9391 1.74391 40
      vertex 24.7567 3.47933 -20
      vertex 24.7567 3.47933 40
    endloop
  endfacet
  facet normal 0.994522 0.104528 0
    outer loop
      vertex 24.7567 3.47933 -20
      vertex 24.9391 1.74391 40
      vertex 24.9391 1.74391 -20
    endloop
  endfacet
  facet normal 0.994522 0.104528 0
    outer loop
      vertex 24.9391 1.74391 -30
      vertex 24.7567 3.47933 -40
      vertex 24.7567 3.47933 -30
    endloop
  endfacet
  facet normal 0.994522 0.104528 0
    outer loop
      vertex 24.7567 3.47933 -40
      vertex 24.9391 1.74391 -30
      vertex 24.9391 1.74391 -40
    endloop
  endfacet
  facet normal 0.999391 0.0349003 0
    outer loop
      vertex 25 0 40
      vertex 24.9391 1.74391 -20
      vertex 24.9391 1.74391 40
    endloop
  endfacet
  facet normal 0.999391 0.0349003 0
    outer loop
      vertex 24.9391 1.74391 -20
      vertex 25 0 40
      vertex 25 0 -20
    endloop
  endfacet
  facet normal 0.999391 0.0349003 0
    outer loop
      vertex 25 0 -30
      vertex 24.9391 1.74391 -40
      vertex 24.9391 1.74391 -30
    endloop
  endfacet
  facet normal 0.999391 0.0349003 0
    outer loop
      vertex 24.9391 1.74391 -40
      vertex 25 0 -30
      vertex 25 0 -40
    endloop
  endfacet
  facet normal 0.984787 0.173765 0
    outer loop
      vertex 24.4537 5.19779 40
      vertex 24.4886 5 -20
      vertex 24.4537 5.19779 -40
    endloop
  endfacet
  facet normal 0.984809 0.173642 4.19148e-07
    outer loop
      vertex 24.7567 3.47933 40
      vertex 24.4886 5 -20
      vertex 24.4537 5.19779 40
    endloop
  endfacet
  facet normal 0.984812 0.173626 0
    outer loop
      vertex 24.4886 5 -20
      vertex 24.7567 3.47933 40
      vertex 24.7567 3.47933 -20
    endloop
  endfacet
  facet normal 0.984787 0.173765 -0
    outer loop
      vertex 24.4886 5 -30
      vertex 24.4537 5.19779 -40
      vertex 24.4886 5 -20
    endloop
  endfacet
  facet normal 0.984812 0.173626 -0
    outer loop
      vertex 24.7567 3.47933 -40
      vertex 24.4886 5 -30
      vertex 24.7567 3.47933 -30
    endloop
  endfacet
  facet normal 0.984809 0.173642 -2.51489e-06
    outer loop
      vertex 24.4886 5 -30
      vertex 24.7567 3.47933 -40
      vertex 24.4537 5.19779 -40
    endloop
  endfacet
  facet normal -0.927179 0.374619 0
    outer loop
      vertex -23.4923 8.5505 -40
      vertex -22.8386 10.1684 40
      vertex -22.8386 10.1684 -40
    endloop
  endfacet
  facet normal -0.927179 0.374619 0
    outer loop
      vertex -22.8386 10.1684 40
      vertex -23.4923 8.5505 -40
      vertex -23.4923 8.5505 40
    endloop
  endfacet
  facet normal -0.984812 -0.173626 0
    outer loop
      vertex -24.7567 -3.47933 -40
      vertex -24.4886 -5 -30
      vertex -24.7567 -3.47933 -30
    endloop
  endfacet
  facet normal -0.984787 -0.173765 0
    outer loop
      vertex -24.4886 -5 -30
      vertex -24.4537 -5.19779 -40
      vertex -24.4886 -5 -20
    endloop
  endfacet
  facet normal -0.984809 -0.173642 -2.51489e-06
    outer loop
      vertex -24.4537 -5.19779 -40
      vertex -24.4886 -5 -30
      vertex -24.7567 -3.47933 -40
    endloop
  endfacet
  facet normal -0.984812 -0.173626 0
    outer loop
      vertex -24.4886 -5 -20
      vertex -24.7567 -3.47933 40
      vertex -24.7567 -3.47933 -20
    endloop
  endfacet
  facet normal -0.984809 -0.173642 4.19148e-07
    outer loop
      vertex -24.4886 -5 -20
      vertex -24.4537 -5.19779 40
      vertex -24.7567 -3.47933 40
    endloop
  endfacet
  facet normal -0.984787 -0.173765 -0
    outer loop
      vertex -24.4537 -5.19779 40
      vertex -24.4886 -5 -20
      vertex -24.4537 -5.19779 -40
    endloop
  endfacet
  facet normal 0.866023 -0.500004 0
    outer loop
      vertex 21.2012 -13.248 40
      vertex 22.0737 -11.7368 -40
      vertex 22.0737 -11.7368 40
    endloop
  endfacet
  facet normal 0.866023 -0.500004 0
    outer loop
      vertex 22.0737 -11.7368 -40
      vertex 21.2012 -13.248 40
      vertex 21.2012 -13.248 -40
    endloop
  endfacet
  facet normal -0.829023 0.559215 0
    outer loop
      vertex -21.2012 13.248 -40
      vertex -20.2254 14.6946 40
      vertex -20.2254 14.6946 -40
    endloop
  endfacet
  facet normal -0.829023 0.559215 0
    outer loop
      vertex -20.2254 14.6946 40
      vertex -21.2012 13.248 -40
      vertex -21.2012 13.248 40
    endloop
  endfacet
  facet normal 0.406709 0.913558 -0
    outer loop
      vertex 10.9593 22.4699 -40
      vertex 9.36516 23.1796 -30
      vertex 10.9593 22.4699 -30
    endloop
  endfacet
  facet normal 0.406709 0.913558 0
    outer loop
      vertex 9.36516 23.1796 -30
      vertex 10.9593 22.4699 -40
      vertex 9.36516 23.1796 -40
    endloop
  endfacet
  facet normal 0.406709 0.913558 -0
    outer loop
      vertex 10.9593 22.4699 -20
      vertex 9.36516 23.1796 40
      vertex 10.9593 22.4699 40
    endloop
  endfacet
  facet normal 0.406709 0.913558 0
    outer loop
      vertex 9.36516 23.1796 40
      vertex 10.9593 22.4699 -20
      vertex 9.36516 23.1796 -20
    endloop
  endfacet
  facet normal 0.951061 0.309003 0
    outer loop
      vertex 24.0315 6.89093 40
      vertex 23.4923 8.5505 -40
      vertex 23.4923 8.5505 40
    endloop
  endfacet
  facet normal 0.951061 0.309003 0
    outer loop
      vertex 23.4923 8.5505 -40
      vertex 24.0315 6.89093 40
      vertex 24.0315 6.89093 -40
    endloop
  endfacet
  facet normal -0.587763 -0.809033 0
    outer loop
      vertex -15.3915 -19.7003 -20
      vertex -13.9798 -20.7259 40
      vertex -15.3915 -19.7003 40
    endloop
  endfacet
  facet normal -0.587763 -0.809033 -0
    outer loop
      vertex -13.9798 -20.7259 40
      vertex -15.3915 -19.7003 -20
      vertex -13.9798 -20.7259 -20
    endloop
  endfacet
  facet normal -0.587763 -0.809033 0
    outer loop
      vertex -15.3915 -19.7003 -40
      vertex -13.9798 -20.7259 -30
      vertex -15.3915 -19.7003 -30
    endloop
  endfacet
  facet normal -0.587763 -0.809033 -0
    outer loop
      vertex -13.9798 -20.7259 -30
      vertex -15.3915 -19.7003 -40
      vertex -13.9798 -20.7259 -40
    endloop
  endfacet
  facet normal 0.275649 -0.961258 0
    outer loop
      vertex 6.04805 -24.2574 -40
      vertex 7.72542 -23.7764 40
      vertex 6.04805 -24.2574 40
    endloop
  endfacet
  facet normal 0.275649 -0.961258 0
    outer loop
      vertex 7.72542 -23.7764 40
      vertex 6.04805 -24.2574 -40
      vertex 7.72542 -23.7764 -40
    endloop
  endfacet
  facet normal -0.927179 -0.374619 0
    outer loop
      vertex -22.8386 -10.1684 -40
      vertex -23.4923 -8.5505 40
      vertex -23.4923 -8.5505 -40
    endloop
  endfacet
  facet normal -0.927179 -0.374619 0
    outer loop
      vertex -23.4923 -8.5505 40
      vertex -22.8386 -10.1684 -40
      vertex -22.8386 -10.1684 40
    endloop
  endfacet
  facet normal -0.642799 0.766035 0
    outer loop
      vertex -15.3915 19.7003 -30
      vertex -15.3915 19.7003 -40
      vertex -16.5744 18.7077 -30
    endloop
  endfacet
  facet normal -0.642785 0.766047 0
    outer loop
      vertex -15.3915 19.7003 -20
      vertex -16.7283 18.5786 40
      vertex -15.3915 19.7003 40
    endloop
  endfacet
  facet normal -0.642799 0.766035 -5.26168e-07
    outer loop
      vertex -16.5744 18.7077 -20
      vertex -16.7283 18.5786 40
      vertex -15.3915 19.7003 -20
    endloop
  endfacet
  facet normal -0.642678 0.766136 0
    outer loop
      vertex -16.7283 18.5786 -40
      vertex -16.5744 18.7077 -20
      vertex -16.5744 18.7077 -30
    endloop
  endfacet
  facet normal -0.642678 0.766136 0
    outer loop
      vertex -16.5744 18.7077 -20
      vertex -16.7283 18.5786 -40
      vertex -16.7283 18.5786 40
    endloop
  endfacet
  facet normal -0.642785 0.766047 2.7936e-06
    outer loop
      vertex -16.7283 18.5786 -40
      vertex -16.5744 18.7077 -30
      vertex -15.3915 19.7003 -40
    endloop
  endfacet
  facet normal -0.529927 0.848043 0
    outer loop
      vertex -12.5 21.6506 -40
      vertex -13.9798 20.7259 -30
      vertex -12.5 21.6506 -30
    endloop
  endfacet
  facet normal -0.529927 0.848043 0
    outer loop
      vertex -13.9798 20.7259 -30
      vertex -12.5 21.6506 -40
      vertex -13.9798 20.7259 -40
    endloop
  endfacet
  facet normal -0.529927 0.848043 0
    outer loop
      vertex -12.5 21.6506 -20
      vertex -13.9798 20.7259 40
      vertex -12.5 21.6506 40
    endloop
  endfacet
  facet normal -0.529927 0.848043 0
    outer loop
      vertex -13.9798 20.7259 40
      vertex -12.5 21.6506 -20
      vertex -13.9798 20.7259 -20
    endloop
  endfacet
  facet normal 0.898808 0.438343 0
    outer loop
      vertex 22.8386 10.1684 40
      vertex 22.0737 11.7368 -40
      vertex 22.0737 11.7368 40
    endloop
  endfacet
  facet normal 0.898808 0.438343 0
    outer loop
      vertex 22.0737 11.7368 -40
      vertex 22.8386 10.1684 40
      vertex 22.8386 10.1684 -40
    endloop
  endfacet
  facet normal -0.898808 0.438343 0
    outer loop
      vertex -22.8386 10.1684 -40
      vertex -22.0737 11.7368 40
      vertex -22.0737 11.7368 -40
    endloop
  endfacet
  facet normal -0.898808 0.438343 0
    outer loop
      vertex -22.0737 11.7368 40
      vertex -22.8386 10.1684 -40
      vertex -22.8386 10.1684 40
    endloop
  endfacet
  facet normal -0.866023 -0.500004 0
    outer loop
      vertex -21.2012 -13.248 -40
      vertex -22.0737 -11.7368 40
      vertex -22.0737 -11.7368 -40
    endloop
  endfacet
  facet normal -0.866023 -0.500004 0
    outer loop
      vertex -22.0737 -11.7368 40
      vertex -21.2012 -13.248 -40
      vertex -21.2012 -13.248 40
    endloop
  endfacet
  facet normal 0 1 -0
    outer loop
      vertex 0.872487 24.9848 -40
      vertex -0.872487 24.9848 40
      vertex 0.872487 24.9848 40
    endloop
  endfacet
  facet normal 0 1 0
    outer loop
      vertex -0.872487 24.9848 40
      vertex 0.872487 24.9848 -40
      vertex -0.872487 24.9848 -40
    endloop
  endfacet
  facet normal -0.0698003 -0.997561 0
    outer loop
      vertex -2.61321 -24.863 -40
      vertex -0.872487 -24.9848 40
      vertex -2.61321 -24.863 40
    endloop
  endfacet
  facet normal -0.0698003 -0.997561 -0
    outer loop
      vertex -0.872487 -24.9848 40
      vertex -2.61321 -24.863 -40
      vertex -0.872487 -24.9848 -40
    endloop
  endfacet
  facet normal 0.587763 -0.809033 0
    outer loop
      vertex 13.9798 -20.7259 -20
      vertex 15.3915 -19.7003 40
      vertex 13.9798 -20.7259 40
    endloop
  endfacet
  facet normal 0.587763 -0.809033 0
    outer loop
      vertex 15.3915 -19.7003 40
      vertex 13.9798 -20.7259 -20
      vertex 15.3915 -19.7003 -20
    endloop
  endfacet
  facet normal 0.587763 -0.809033 0
    outer loop
      vertex 13.9798 -20.7259 -40
      vertex 15.3915 -19.7003 -30
      vertex 13.9798 -20.7259 -30
    endloop
  endfacet
  facet normal 0.587763 -0.809033 0
    outer loop
      vertex 15.3915 -19.7003 -30
      vertex 13.9798 -20.7259 -40
      vertex 15.3915 -19.7003 -40
    endloop
  endfacet
  facet normal 0.829023 0.559215 0
    outer loop
      vertex 21.2012 13.248 40
      vertex 20.2254 14.6946 -40
      vertex 20.2254 14.6946 40
    endloop
  endfacet
  facet normal 0.829023 0.559215 0
    outer loop
      vertex 20.2254 14.6946 -40
      vertex 21.2012 13.248 40
      vertex 21.2012 13.248 -40
    endloop
  endfacet
  facet normal 0.529927 -0.848043 0
    outer loop
      vertex 12.5 -21.6506 -20
      vertex 13.9798 -20.7259 40
      vertex 12.5 -21.6506 40
    endloop
  endfacet
  facet normal 0.529927 -0.848043 0
    outer loop
      vertex 13.9798 -20.7259 40
      vertex 12.5 -21.6506 -20
      vertex 13.9798 -20.7259 -20
    endloop
  endfacet
  facet normal 0.529927 -0.848043 0
    outer loop
      vertex 12.5 -21.6506 -40
      vertex 13.9798 -20.7259 -30
      vertex 12.5 -21.6506 -30
    endloop
  endfacet
  facet normal 0.529927 -0.848043 0
    outer loop
      vertex 13.9798 -20.7259 -30
      vertex 12.5 -21.6506 -40
      vertex 13.9798 -20.7259 -40
    endloop
  endfacet
  facet normal 0.829023 -0.559215 0
    outer loop
      vertex 20.2254 -14.6946 40
      vertex 21.2012 -13.248 -40
      vertex 21.2012 -13.248 40
    endloop
  endfacet
  facet normal 0.829023 -0.559215 0
    outer loop
      vertex 21.2012 -13.248 -40
      vertex 20.2254 -14.6946 40
      vertex 20.2254 -14.6946 -40
    endloop
  endfacet
  facet normal 0.587763 0.809033 -0
    outer loop
      vertex 15.3915 19.7003 -20
      vertex 13.9798 20.7259 40
      vertex 15.3915 19.7003 40
    endloop
  endfacet
  facet normal 0.587763 0.809033 0
    outer loop
      vertex 13.9798 20.7259 40
      vertex 15.3915 19.7003 -20
      vertex 13.9798 20.7259 -20
    endloop
  endfacet
  facet normal 0.587763 0.809033 -0
    outer loop
      vertex 15.3915 19.7003 -40
      vertex 13.9798 20.7259 -30
      vertex 15.3915 19.7003 -30
    endloop
  endfacet
  facet normal 0.587763 0.809033 0
    outer loop
      vertex 13.9798 20.7259 -30
      vertex 15.3915 19.7003 -40
      vertex 13.9798 20.7259 -40
    endloop
  endfacet
  facet normal -0.743157 0.669117 0
    outer loop
      vertex -19.1511 16.0697 -40
      vertex -17.9835 17.3665 40
      vertex -17.9835 17.3665 -40
    endloop
  endfacet
  facet normal -0.743157 0.669117 0
    outer loop
      vertex -17.9835 17.3665 40
      vertex -19.1511 16.0697 -40
      vertex -19.1511 16.0697 40
    endloop
  endfacet
  facet normal -0.275649 0.961258 0
    outer loop
      vertex -6.04805 24.2574 -40
      vertex -7.72542 23.7764 40
      vertex -6.04805 24.2574 40
    endloop
  endfacet
  facet normal -0.275649 0.961258 0
    outer loop
      vertex -7.72542 23.7764 40
      vertex -6.04805 24.2574 -40
      vertex -7.72542 23.7764 -40
    endloop
  endfacet
  facet normal 0.642785 0.766047 -4.65599e-07
    outer loop
      vertex 16.7283 18.5786 40
      vertex 16.5744 18.7077 -20
      vertex 15.3915 19.7003 40
    endloop
  endfacet
  facet normal 0.642678 0.766136 -0
    outer loop
      vertex 16.7283 18.5786 -40
      vertex 16.5744 18.7077 -20
      vertex 16.7283 18.5786 40
    endloop
  endfacet
  facet normal 0.642678 0.766136 0
    outer loop
      vertex 16.5744 18.7077 -20
      vertex 16.7283 18.5786 -40
      vertex 16.5744 18.7077 -30
    endloop
  endfacet
  facet normal 0.642785 0.766047 2.7936e-06
    outer loop
      vertex 15.3915 19.7003 -40
      vertex 16.5744 18.7077 -30
      vertex 16.7283 18.5786 -40
    endloop
  endfacet
  facet normal 0.642799 0.766035 0
    outer loop
      vertex 16.5744 18.7077 -30
      vertex 15.3915 19.7003 -40
      vertex 15.3915 19.7003 -30
    endloop
  endfacet
  facet normal 0.642799 0.766035 0
    outer loop
      vertex 15.3915 19.7003 40
      vertex 16.5744 18.7077 -20
      vertex 15.3915 19.7003 -20
    endloop
  endfacet
  facet normal -0.743157 -0.669117 0
    outer loop
      vertex -17.9835 -17.3665 -40
      vertex -19.1511 -16.0697 40
      vertex -19.1511 -16.0697 -40
    endloop
  endfacet
  facet normal -0.743157 -0.669117 0
    outer loop
      vertex -19.1511 -16.0697 40
      vertex -17.9835 -17.3665 -40
      vertex -17.9835 -17.3665 40
    endloop
  endfacet
  facet normal 0 -1 0
    outer loop
      vertex -0.872487 -24.9848 -40
      vertex 0.872487 -24.9848 40
      vertex -0.872487 -24.9848 40
    endloop
  endfacet
  facet normal 0 -1 -0
    outer loop
      vertex 0.872487 -24.9848 40
      vertex -0.872487 -24.9848 -40
      vertex 0.872487 -24.9848 -40
    endloop
  endfacet
  facet normal 0.0698003 0.997561 -0
    outer loop
      vertex 2.61321 24.863 -40
      vertex 0.872487 24.9848 40
      vertex 2.61321 24.863 40
    endloop
  endfacet
  facet normal 0.0698003 0.997561 0
    outer loop
      vertex 0.872487 24.9848 40
      vertex 2.61321 24.863 -40
      vertex 0.872487 24.9848 -40
    endloop
  endfacet
  facet normal 0.898808 -0.438343 0
    outer loop
      vertex 22.0737 -11.7368 40
      vertex 22.8386 -10.1684 -40
      vertex 22.8386 -10.1684 40
    endloop
  endfacet
  facet normal 0.898808 -0.438343 0
    outer loop
      vertex 22.8386 -10.1684 -40
      vertex 22.0737 -11.7368 40
      vertex 22.0737 -11.7368 -40
    endloop
  endfacet
  facet normal -0.999391 -0.0349003 0
    outer loop
      vertex -24.9391 -1.74391 -20
      vertex -25 0 40
      vertex -25 0 -20
    endloop
  endfacet
  facet normal -0.999391 -0.0349003 0
    outer loop
      vertex -25 0 40
      vertex -24.9391 -1.74391 -20
      vertex -24.9391 -1.74391 40
    endloop
  endfacet
  facet normal -0.999391 -0.0349003 0
    outer loop
      vertex -24.9391 -1.74391 -40
      vertex -25 0 -30
      vertex -25 0 -40
    endloop
  endfacet
  facet normal -0.999391 -0.0349003 0
    outer loop
      vertex -25 0 -30
      vertex -24.9391 -1.74391 -40
      vertex -24.9391 -1.74391 -30
    endloop
  endfacet
  facet normal 0.970289 0.24195 0
    outer loop
      vertex 24.4537 5.19779 40
      vertex 24.0315 6.89093 -40
      vertex 24.0315 6.89093 40
    endloop
  endfacet
  facet normal 0.970289 0.24195 0
    outer loop
      vertex 24.0315 6.89093 -40
      vertex 24.4537 5.19779 40
      vertex 24.4537 5.19779 -40
    endloop
  endfacet
  facet normal 0 0 -1
    outer loop
      vertex 24.9391 -1.74391 -40
      vertex 24.9391 1.74391 -40
      vertex 25 0 -40
    endloop
  endfacet
  facet normal 0 0 -1
    outer loop
      vertex 24.7567 -3.47933 -40
      vertex 24.9391 1.74391 -40
      vertex 24.9391 -1.74391 -40
    endloop
  endfacet
  facet normal 0 0 -1
    outer loop
      vertex 24.7567 -3.47933 -40
      vertex 24.7567 3.47933 -40
      vertex 24.9391 1.74391 -40
    endloop
  endfacet
  facet normal 0 0 -1
    outer loop
      vertex 24.4537 -5.19779 -40
      vertex 24.7567 3.47933 -40
      vertex 24.7567 -3.47933 -40
    endloop
  endfacet
  facet normal 0 0 -1
    outer loop
      vertex 24.4537 -5.19779 -40
      vertex 24.4537 5.19779 -40
      vertex 24.7567 3.47933 -40
    endloop
  endfacet
  facet normal 0 0 -1
    outer loop
      vertex 24.0315 -6.89093 -40
      vertex 24.4537 5.19779 -40
      vertex 24.4537 -5.19779 -40
    endloop
  endfacet
  facet normal 0 0 -1
    outer loop
      vertex 24.0315 -6.89093 -40
      vertex 24.0315 6.89093 -40
      vertex 24.4537 5.19779 -40
    endloop
  endfacet
  facet normal 0 0 -1
    outer loop
      vertex 23.4923 -8.5505 -40
      vertex 24.0315 6.89093 -40
      vertex 24.0315 -6.89093 -40
    endloop
  endfacet
  facet normal 0 0 -1
    outer loop
      vertex 23.4923 -8.5505 -40
      vertex 23.4923 8.5505 -40
      vertex 24.0315 6.89093 -40
    endloop
  endfacet
  facet normal 0 0 -1
    outer loop
      vertex 22.8386 -10.1684 -40
      vertex 23.4923 8.5505 -40
      vertex 23.4923 -8.5505 -40
    endloop
  endfacet
  facet normal 0 0 -1
    outer loop
      vertex 22.8386 -10.1684 -40
      vertex 22.8386 10.1684 -40
      vertex 23.4923 8.5505 -40
    endloop
  endfacet
  facet normal 0 0 -1
    outer loop
      vertex 22.0737 -11.7368 -40
      vertex 22.8386 10.1684 -40
      vertex 22.8386 -10.1684 -40
    endloop
  endfacet
  facet normal 0 0 -1
    outer loop
      vertex 22.0737 -11.7368 -40
      vertex 22.0737 11.7368 -40
      vertex 22.8386 10.1684 -40
    endloop
  endfacet
  facet normal 0 0 -1
    outer loop
      vertex 21.2012 -13.248 -40
      vertex 22.0737 11.7368 -40
      vertex 22.0737 -11.7368 -40
    endloop
  endfacet
  facet normal 0 0 -1
    outer loop
      vertex 21.2012 -13.248 -40
      vertex 21.2012 13.248 -40
      vertex 22.0737 11.7368 -40
    endloop
  endfacet
  facet normal 0 0 -1
    outer loop
      vertex 20.2254 -14.6946 -40
      vertex 21.2012 13.248 -40
      vertex 21.2012 -13.248 -40
    endloop
  endfacet
  facet normal 0 0 -1
    outer loop
      vertex 20.2254 -14.6946 -40
      vertex 20.2254 14.6946 -40
      vertex 21.2012 13.248 -40
    endloop
  endfacet
  facet normal 0 0 -1
    outer loop
      vertex 19.1511 -16.0697 -40
      vertex 20.2254 14.6946 -40
      vertex 20.2254 -14.6946 -40
    endloop
  endfacet
  facet normal 0 0 -1
    outer loop
      vertex 19.1511 -16.0697 -40
      vertex 19.1511 16.0697 -40
      vertex 20.2254 14.6946 -40
    endloop
  endfacet
  facet normal 0 0 -1
    outer loop
      vertex 17.9835 -17.3665 -40
      vertex 19.1511 16.0697 -40
      vertex 19.1511 -16.0697 -40
    endloop
  endfacet
  facet normal 0 0 -1
    outer loop
      vertex 17.9835 -17.3665 -40
      vertex 17.9835 17.3665 -40
      vertex 19.1511 16.0697 -40
    endloop
  endfacet
  facet normal 0 0 -1
    outer loop
      vertex 16.7283 -18.5786 -40
      vertex 17.9835 17.3665 -40
      vertex 17.9835 -17.3665 -40
    endloop
  endfacet
  facet normal 0 0 -1
    outer loop
      vertex 16.7283 -18.5786 -40
      vertex 16.7283 18.5786 -40
      vertex 17.9835 17.3665 -40
    endloop
  endfacet
  facet normal 0 0 -1
    outer loop
      vertex 15.3915 -19.7003 -40
      vertex 16.7283 18.5786 -40
      vertex 16.7283 -18.5786 -40
    endloop
  endfacet
  facet normal 0 0 -1
    outer loop
      vertex 15.3915 -19.7003 -40
      vertex 15.3915 19.7003 -40
      vertex 16.7283 18.5786 -40
    endloop
  endfacet
  facet normal 0 0 -1
    outer loop
      vertex 13.9798 -20.7259 -40
      vertex 15.3915 19.7003 -40
      vertex 15.3915 -19.7003 -40
    endloop
  endfacet
  facet normal 0 0 -1
    outer loop
      vertex 13.9798 -20.7259 -40
      vertex 13.9798 20.7259 -40
      vertex 15.3915 19.7003 -40
    endloop
  endfacet
  facet normal 0 0 -1
    outer loop
      vertex 12.5 -21.6506 -40
      vertex 13.9798 20.7259 -40
      vertex 13.9798 -20.7259 -40
    endloop
  endfacet
  facet normal 0 0 -1
    outer loop
      vertex 12.5 -21.6506 -40
      vertex 12.5 21.6506 -40
      vertex 13.9798 20.7259 -40
    endloop
  endfacet
  facet normal 0 0 -1
    outer loop
      vertex 10.9593 -22.4699 -40
      vertex 12.5 21.6506 -40
      vertex 12.5 -21.6506 -40
    endloop
  endfacet
  facet normal 0 0 -1
    outer loop
      vertex 10.9593 -22.4699 -40
      vertex 10.9593 22.4699 -40
      vertex 12.5 21.6506 -40
    endloop
  endfacet
  facet normal 0 0 -1
    outer loop
      vertex 9.36516 -23.1796 -40
      vertex 10.9593 22.4699 -40
      vertex 10.9593 -22.4699 -40
    endloop
  endfacet
  facet normal 0 0 -1
    outer loop
      vertex 9.36516 -23.1796 -40
      vertex 9.36516 23.1796 -40
      vertex 10.9593 22.4699 -40
    endloop
  endfacet
  facet normal 0 0 -1
    outer loop
      vertex 7.72542 -23.7764 -40
      vertex 9.36516 23.1796 -40
      vertex 9.36516 -23.1796 -40
    endloop
  endfacet
  facet normal 0 0 -1
    outer loop
      vertex 7.72542 -23.7764 -40
      vertex 7.72542 23.7764 -40
      vertex 9.36516 23.1796 -40
    endloop
  endfacet
  facet normal 0 0 -1
    outer loop
      vertex 6.04805 -24.2574 -40
      vertex 7.72542 23.7764 -40
      vertex 7.72542 -23.7764 -40
    endloop
  endfacet
  facet normal 0 0 -1
    outer loop
      vertex 6.04805 -24.2574 -40
      vertex 6.04805 24.2574 -40
      vertex 7.72542 23.7764 -40
    endloop
  endfacet
  facet normal 0 0 -1
    outer loop
      vertex 4.3412 -24.6202 -40
      vertex 6.04805 24.2574 -40
      vertex 6.04805 -24.2574 -40
    endloop
  endfacet
  facet normal 0 0 -1
    outer loop
      vertex 4.3412 -24.6202 -40
      vertex 4.3412 24.6202 -40
      vertex 6.04805 24.2574 -40
    endloop
  endfacet
  facet normal 0 0 -1
    outer loop
      vertex 2.61321 -24.863 -40
      vertex 4.3412 24.6202 -40
      vertex 4.3412 -24.6202 -40
    endloop
  endfacet
  facet normal 0 0 -1
    outer loop
      vertex 2.61321 -24.863 -40
      vertex 2.61321 24.863 -40
      vertex 4.3412 24.6202 -40
    endloop
  endfacet
  facet normal 0 0 -1
    outer loop
      vertex 0.872487 -24.9848 -40
      vertex 2.61321 24.863 -40
      vertex 2.61321 -24.863 -40
    endloop
  endfacet
  facet normal 0 0 -1
    outer loop
      vertex 0.872487 -24.9848 -40
      vertex 0.872487 24.9848 -40
      vertex 2.61321 24.863 -40
    endloop
  endfacet
  facet normal 0 0 -1
    outer loop
      vertex -0.872487 -24.9848 -40
      vertex 0.872487 24.9848 -40
      vertex 0.872487 -24.9848 -40
    endloop
  endfacet
  facet normal 0 0 -1
    outer loop
      vertex -0.872487 -24.9848 -40
      vertex -0.872487 24.9848 -40
      vertex 0.872487 24.9848 -40
    endloop
  endfacet
  facet normal 0 0 -1
    outer loop
      vertex -2.61321 -24.863 -40
      vertex -0.872487 24.9848 -40
      vertex -0.872487 -24.9848 -40
    endloop
  endfacet
  facet normal 0 0 -1
    outer loop
      vertex -2.61321 -24.863 -40
      vertex -2.61321 24.863 -40
      vertex -0.872487 24.9848 -40
    endloop
  endfacet
  facet normal 0 0 -1
    outer loop
      vertex -4.3412 -24.6202 -40
      vertex -2.61321 24.863 -40
      vertex -2.61321 -24.863 -40
    endloop
  endfacet
  facet normal 0 0 -1
    outer loop
      vertex -4.3412 -24.6202 -40
      vertex -4.3412 24.6202 -40
      vertex -2.61321 24.863 -40
    endloop
  endfacet
  facet normal 0 0 -1
    outer loop
      vertex -6.04805 -24.2574 -40
      vertex -4.3412 24.6202 -40
      vertex -4.3412 -24.6202 -40
    endloop
  endfacet
  facet normal 0 0 -1
    outer loop
      vertex -6.04805 -24.2574 -40
      vertex -6.04805 24.2574 -40
      vertex -4.3412 24.6202 -40
    endloop
  endfacet
  facet normal 0 0 -1
    outer loop
      vertex -7.72542 -23.7764 -40
      vertex -6.04805 24.2574 -40
      vertex -6.04805 -24.2574 -40
    endloop
  endfacet
  facet normal 0 0 -1
    outer loop
      vertex -7.72542 -23.7764 -40
      vertex -7.72542 23.7764 -40
      vertex -6.04805 24.2574 -40
    endloop
  endfacet
  facet normal 0 0 -1
    outer loop
      vertex -9.36516 -23.1796 -40
      vertex -7.72542 23.7764 -40
      vertex -7.72542 -23.7764 -40
    endloop
  endfacet
  facet normal 0 0 -1
    outer loop
      vertex -9.36516 -23.1796 -40
      vertex -9.36516 23.1796 -40
      vertex -7.72542 23.7764 -40
    endloop
  endfacet
  facet normal 0 0 -1
    outer loop
      vertex -10.9593 -22.4699 -40
      vertex -9.36516 23.1796 -40
      vertex -9.36516 -23.1796 -40
    endloop
  endfacet
  facet normal 0 0 -1
    outer loop
      vertex -10.9593 -22.4699 -40
      vertex -10.9593 22.4699 -40
      vertex -9.36516 23.1796 -40
    endloop
  endfacet
  facet normal 0 0 -1
    outer loop
      vertex -12.5 -21.6506 -40
      vertex -10.9593 22.4699 -40
      vertex -10.9593 -22.4699 -40
    endloop
  endfacet
  facet normal 0 0 -1
    outer loop
      vertex -12.5 -21.6506 -40
      vertex -12.5 21.6506 -40
      vertex -10.9593 22.4699 -40
    endloop
  endfacet
  facet normal 0 0 -1
    outer loop
      vertex -13.9798 -20.7259 -40
      vertex -12.5 21.6506 -40
      vertex -12.5 -21.6506 -40
    endloop
  endfacet
  facet normal 0 0 -1
    outer loop
      vertex -13.9798 -20.7259 -40
      vertex -13.9798 20.7259 -40
      vertex -12.5 21.6506 -40
    endloop
  endfacet
  facet normal 0 0 -1
    outer loop
      vertex -15.3915 -19.7003 -40
      vertex -13.9798 20.7259 -40
      vertex -13.9798 -20.7259 -40
    endloop
  endfacet
  facet normal 0 0 -1
    outer loop
      vertex -15.3915 -19.7003 -40
      vertex -15.3915 19.7003 -40
      vertex -13.9798 20.7259 -40
    endloop
  endfacet
  facet normal 0 0 -1
    outer loop
      vertex -16.7283 -18.5786 -40
      vertex -15.3915 19.7003 -40
      vertex -15.3915 -19.7003 -40
    endloop
  endfacet
  facet normal 0 0 -1
    outer loop
      vertex -16.7283 -18.5786 -40
      vertex -16.7283 18.5786 -40
      vertex -15.3915 19.7003 -40
    endloop
  endfacet
  facet normal 0 0 -1
    outer loop
      vertex -17.9835 -17.3665 -40
      vertex -16.7283 18.5786 -40
      vertex -16.7283 -18.5786 -40
    endloop
  endfacet
  facet normal 0 0 -1
    outer loop
      vertex -17.9835 -17.3665 -40
      vertex -17.9835 17.3665 -40
      vertex -16.7283 18.5786 -40
    endloop
  endfacet
  facet normal 0 0 -1
    outer loop
      vertex -19.1511 -16.0697 -40
      vertex -17.9835 17.3665 -40
      vertex -17.9835 -17.3665 -40
    endloop
  endfacet
  facet normal 0 0 -1
    outer loop
      vertex -19.1511 -16.0697 -40
      vertex -19.1511 16.0697 -40
      vertex -17.9835 17.3665 -40
    endloop
  endfacet
  facet normal 0 0 -1
    outer loop
      vertex -20.2254 -14.6946 -40
      vertex -19.1511 16.0697 -40
      vertex -19.1511 -16.0697 -40
    endloop
  endfacet
  facet normal 0 0 -1
    outer loop
      vertex -20.2254 -14.6946 -40
      vertex -20.2254 14.6946 -40
      vertex -19.1511 16.0697 -40
    endloop
  endfacet
  facet normal 0 0 -1
    outer loop
      vertex -21.2012 -13.248 -40
      vertex -20.2254 14.6946 -40
      vertex -20.2254 -14.6946 -40
    endloop
  endfacet
  facet normal 0 0 -1
    outer loop
      vertex -21.2012 -13.248 -40
      vertex -21.2012 13.248 -40
      vertex -20.2254 14.6946 -40
    endloop
  endfacet
  facet normal 0 0 -1
    outer loop
      vertex -22.0737 -11.7368 -40
      vertex -21.2012 13.248 -40
      vertex -21.2012 -13.248 -40
    endloop
  endfacet
  facet normal 0 0 -1
    outer loop
      vertex -22.0737 -11.7368 -40
      vertex -22.0737 11.7368 -40
      vertex -21.2012 13.248 -40
    endloop
  endfacet
  facet normal 0 0 -1
    outer loop
      vertex -22.8386 -10.1684 -40
      vertex -22.0737 11.7368 -40
      vertex -22.0737 -11.7368 -40
    endloop
  endfacet
  facet normal 0 0 -1
    outer loop
      vertex -22.8386 -10.1684 -40
      vertex -22.8386 10.1684 -40
      vertex -22.0737 11.7368 -40
    endloop
  endfacet
  facet normal 0 0 -1
    outer loop
      vertex -23.4923 -8.5505 -40
      vertex -22.8386 10.1684 -40
      vertex -22.8386 -10.1684 -40
    endloop
  endfacet
  facet normal 0 0 -1
    outer loop
      vertex -23.4923 -8.5505 -40
      vertex -23.4923 8.5505 -40
      vertex -22.8386 10.1684 -40
    endloop
  endfacet
  facet normal 0 0 -1
    outer loop
      vertex -24.0315 -6.89093 -40
      vertex -23.4923 8.5505 -40
      vertex -23.4923 -8.5505 -40
    endloop
  endfacet
  facet normal 0 0 -1
    outer loop
      vertex -24.0315 -6.89093 -40
      vertex -24.0315 6.89093 -40
      vertex -23.4923 8.5505 -40
    endloop
  endfacet
  facet normal 0 0 -1
    outer loop
      vertex -24.4537 -5.19779 -40
      vertex -24.0315 6.89093 -40
      vertex -24.0315 -6.89093 -40
    endloop
  endfacet
  facet normal 0 0 -1
    outer loop
      vertex -24.4537 -5.19779 -40
      vertex -24.4537 5.19779 -40
      vertex -24.0315 6.89093 -40
    endloop
  endfacet
  facet normal 0 0 -1
    outer loop
      vertex -24.7567 -3.47933 -40
      vertex -24.4537 5.19779 -40
      vertex -24.4537 -5.19779 -40
    endloop
  endfacet
  facet normal 0 0 -1
    outer loop
      vertex -24.7567 -3.47933 -40
      vertex -24.7567 3.47933 -40
      vertex -24.4537 5.19779 -40
    endloop
  endfacet
  facet normal 0 0 -1
    outer loop
      vertex -24.9391 -1.74391 -40
      vertex -24.7567 3.47933 -40
      vertex -24.7567 -3.47933 -40
    endloop
  endfacet
  facet normal 0 0 -1
    outer loop
      vertex -24.9391 -1.74391 -40
      vertex -24.9391 1.74391 -40
      vertex -24.7567 3.47933 -40
    endloop
  endfacet
  facet normal 0 -0 -1
    outer loop
      vertex -24.9391 1.74391 -40
      vertex -24.9391 -1.74391 -40
      vertex -25 0 -40
    endloop
  endfacet
  facet normal -0.694649 0.719349 0
    outer loop
      vertex -16.7283 18.5786 -40
      vertex -17.9835 17.3665 40
      vertex -16.7283 18.5786 40
    endloop
  endfacet
  facet normal -0.694649 0.719349 0
    outer loop
      vertex -17.9835 17.3665 40
      vertex -16.7283 18.5786 -40
      vertex -17.9835 17.3665 -40
    endloop
  endfacet
  facet normal 0.139143 -0.990272 0
    outer loop
      vertex 2.61321 -24.863 -40
      vertex 4.3412 -24.6202 40
      vertex 2.61321 -24.863 40
    endloop
  endfacet
  facet normal 0.139143 -0.990272 0
    outer loop
      vertex 4.3412 -24.6202 40
      vertex 2.61321 -24.863 -40
      vertex 4.3412 -24.6202 -40
    endloop
  endfacet
  facet normal 0.529927 0.848043 -0
    outer loop
      vertex 13.9798 20.7259 -40
      vertex 12.5 21.6506 -30
      vertex 13.9798 20.7259 -30
    endloop
  endfacet
  facet normal 0.529927 0.848043 0
    outer loop
      vertex 12.5 21.6506 -30
      vertex 13.9798 20.7259 -40
      vertex 12.5 21.6506 -40
    endloop
  endfacet
  facet normal 0.529927 0.848043 -0
    outer loop
      vertex 13.9798 20.7259 -20
      vertex 12.5 21.6506 40
      vertex 13.9798 20.7259 40
    endloop
  endfacet
  facet normal 0.529927 0.848043 0
    outer loop
      vertex 12.5 21.6506 40
      vertex 13.9798 20.7259 -20
      vertex 12.5 21.6506 -20
    endloop
  endfacet
  facet normal -0.999391 0.0349003 0
    outer loop
      vertex -25 0 -20
      vertex -24.9391 1.74391 40
      vertex -24.9391 1.74391 -20
    endloop
  endfacet
  facet normal -0.999391 0.0349003 0
    outer loop
      vertex -24.9391 1.74391 40
      vertex -25 0 -20
      vertex -25 0 40
    endloop
  endfacet
  facet normal -0.999391 0.0349003 0
    outer loop
      vertex -25 0 -40
      vertex -24.9391 1.74391 -30
      vertex -24.9391 1.74391 -40
    endloop
  endfacet
  facet normal -0.999391 0.0349003 0
    outer loop
      vertex -24.9391 1.74391 -30
      vertex -25 0 -40
      vertex -25 0 -30
    endloop
  endfacet
  facet normal 0.984812 -0.173626 0
    outer loop
      vertex 24.7567 -3.47933 40
      vertex 24.4886 -5 -20
      vertex 24.7567 -3.47933 -20
    endloop
  endfacet
  facet normal 0.984787 -0.173765 0
    outer loop
      vertex 24.4537 -5.19779 -40
      vertex 24.4886 -5 -20
      vertex 24.4537 -5.19779 40
    endloop
  endfacet
  facet normal 0.984809 -0.173642 4.19148e-07
    outer loop
      vertex 24.4537 -5.19779 40
      vertex 24.4886 -5 -20
      vertex 24.7567 -3.47933 40
    endloop
  endfacet
  facet normal 0.984812 -0.173626 0
    outer loop
      vertex 24.4886 -5 -30
      vertex 24.7567 -3.47933 -40
      vertex 24.7567 -3.47933 -30
    endloop
  endfacet
  facet normal 0.984809 -0.173642 -2.51489e-06
    outer loop
      vertex 24.4886 -5 -30
      vertex 24.4537 -5.19779 -40
      vertex 24.7567 -3.47933 -40
    endloop
  endfacet
  facet normal 0.984787 -0.173765 0
    outer loop
      vertex 24.4886 -5 -20
      vertex 24.4537 -5.19779 -40
      vertex 24.4886 -5 -30
    endloop
  endfacet
  facet normal -0.207911 0.978148 0
    outer loop
      vertex -4.3412 24.6202 -40
      vertex -6.04805 24.2574 40
      vertex -4.3412 24.6202 40
    endloop
  endfacet
  facet normal -0.207911 0.978148 0
    outer loop
      vertex -6.04805 24.2574 40
      vertex -4.3412 24.6202 -40
      vertex -6.04805 24.2574 -40
    endloop
  endfacet
  facet normal 0.951061 -0.309003 0
    outer loop
      vertex 23.4923 -8.5505 40
      vertex 24.0315 -6.89093 -40
      vertex 24.0315 -6.89093 40
    endloop
  endfacet
  facet normal 0.951061 -0.309003 0
    outer loop
      vertex 24.0315 -6.89093 -40
      vertex 23.4923 -8.5505 40
      vertex 23.4923 -8.5505 -40
    endloop
  endfacet
  facet normal -0.587763 0.809033 0
    outer loop
      vertex -13.9798 20.7259 -40
      vertex -15.3915 19.7003 -30
      vertex -13.9798 20.7259 -30
    endloop
  endfacet
  facet normal -0.587763 0.809033 0
    outer loop
      vertex -15.3915 19.7003 -30
      vertex -13.9798 20.7259 -40
      vertex -15.3915 19.7003 -40
    endloop
  endfacet
  facet normal -0.587763 0.809033 0
    outer loop
      vertex -13.9798 20.7259 -20
      vertex -15.3915 19.7003 40
      vertex -13.9798 20.7259 40
    endloop
  endfacet
  facet normal -0.587763 0.809033 0
    outer loop
      vertex -15.3915 19.7003 40
      vertex -13.9798 20.7259 -20
      vertex -15.3915 19.7003 -20
    endloop
  endfacet
  facet normal 0.788024 0.615645 0
    outer loop
      vertex 20.2254 14.6946 40
      vertex 19.1511 16.0697 -40
      vertex 19.1511 16.0697 40
    endloop
  endfacet
  facet normal 0.788024 0.615645 0
    outer loop
      vertex 19.1511 16.0697 -40
      vertex 20.2254 14.6946 40
      vertex 20.2254 14.6946 -40
    endloop
  endfacet
  facet normal 0.927179 0.374619 0
    outer loop
      vertex 23.4923 8.5505 40
      vertex 22.8386 10.1684 -40
      vertex 22.8386 10.1684 40
    endloop
  endfacet
  facet normal 0.927179 0.374619 0
    outer loop
      vertex 22.8386 10.1684 -40
      vertex 23.4923 8.5505 40
      vertex 23.4923 8.5505 -40
    endloop
  endfacet
  facet normal 0.207911 -0.978148 0
    outer loop
      vertex 4.3412 -24.6202 -40
      vertex 6.04805 -24.2574 40
      vertex 4.3412 -24.6202 40
    endloop
  endfacet
  facet normal 0.207911 -0.978148 0
    outer loop
      vertex 6.04805 -24.2574 40
      vertex 4.3412 -24.6202 -40
      vertex 6.04805 -24.2574 -40
    endloop
  endfacet
  facet normal -0.984787 0.173765 0
    outer loop
      vertex -24.4886 5 -20
      vertex -24.4537 5.19779 -40
      vertex -24.4886 5 -30
    endloop
  endfacet
  facet normal -0.984809 0.173642 -2.51489e-06
    outer loop
      vertex -24.7567 3.47933 -40
      vertex -24.4886 5 -30
      vertex -24.4537 5.19779 -40
    endloop
  endfacet
  facet normal -0.984812 0.173626 0
    outer loop
      vertex -24.4886 5 -30
      vertex -24.7567 3.47933 -40
      vertex -24.7567 3.47933 -30
    endloop
  endfacet
  facet normal -0.984787 0.173765 0
    outer loop
      vertex -24.4537 5.19779 -40
      vertex -24.4886 5 -20
      vertex -24.4537 5.19779 40
    endloop
  endfacet
  facet normal -0.984812 0.173626 4.73667e-07
    outer loop
      vertex -24.7567 3.47933 -20
      vertex -24.4537 5.19779 40
      vertex -24.4886 5 -20
    endloop
  endfacet
  facet normal -0.984809 0.173642 0
    outer loop
      vertex -24.4537 5.19779 40
      vertex -24.7567 3.47933 -20
      vertex -24.7567 3.47933 40
    endloop
  endfacet
  facet normal -0.469514 0.882925 0
    outer loop
      vertex -10.9593 22.4699 -40
      vertex -12.5 21.6506 -30
      vertex -10.9593 22.4699 -30
    endloop
  endfacet
  facet normal -0.469514 0.882925 0
    outer loop
      vertex -12.5 21.6506 -30
      vertex -10.9593 22.4699 -40
      vertex -12.5 21.6506 -40
    endloop
  endfacet
  facet normal -0.469514 0.882925 0
    outer loop
      vertex -10.9593 22.4699 -20
      vertex -12.5 21.6506 40
      vertex -10.9593 22.4699 40
    endloop
  endfacet
  facet normal -0.469514 0.882925 0
    outer loop
      vertex -12.5 21.6506 40
      vertex -10.9593 22.4699 -20
      vertex -12.5 21.6506 -20
    endloop
  endfacet
  facet normal 0.788024 -0.615645 0
    outer loop
      vertex 19.1511 -16.0697 40
      vertex 20.2254 -14.6946 -40
      vertex 20.2254 -14.6946 40
    endloop
  endfacet
  facet normal 0.788024 -0.615645 0
    outer loop
      vertex 20.2254 -14.6946 -40
      vertex 19.1511 -16.0697 40
      vertex 19.1511 -16.0697 -40
    endloop
  endfacet
  facet normal 0.469514 0.882925 -0
    outer loop
      vertex 12.5 21.6506 -20
      vertex 10.9593 22.4699 40
      vertex 12.5 21.6506 40
    endloop
  endfacet
  facet normal 0.469514 0.882925 0
    outer loop
      vertex 10.9593 22.4699 40
      vertex 12.5 21.6506 -20
      vertex 10.9593 22.4699 -20
    endloop
  endfacet
  facet normal 0.469514 0.882925 -0
    outer loop
      vertex 12.5 21.6506 -40
      vertex 10.9593 22.4699 -30
      vertex 12.5 21.6506 -30
    endloop
  endfacet
  facet normal 0.469514 0.882925 0
    outer loop
      vertex 10.9593 22.4699 -30
      vertex 12.5 21.6506 -40
      vertex 10.9593 22.4699 -40
    endloop
  endfacet
  facet normal 0.927179 -0.374619 0
    outer loop
      vertex 22.8386 -10.1684 40
      vertex 23.4923 -8.5505 -40
      vertex 23.4923 -8.5505 40
    endloop
  endfacet
  facet normal 0.927179 -0.374619 0
    outer loop
      vertex 23.4923 -8.5505 -40
      vertex 22.8386 -10.1684 40
      vertex 22.8386 -10.1684 -40
    endloop
  endfacet
  facet normal -0.951061 0.309003 0
    outer loop
      vertex -24.0315 6.89093 -40
      vertex -23.4923 8.5505 40
      vertex -23.4923 8.5505 -40
    endloop
  endfacet
  facet normal -0.951061 0.309003 0
    outer loop
      vertex -23.4923 8.5505 40
      vertex -24.0315 6.89093 -40
      vertex -24.0315 6.89093 40
    endloop
  endfacet
  facet normal -0.788024 -0.615645 0
    outer loop
      vertex -19.1511 -16.0697 -40
      vertex -20.2254 -14.6946 40
      vertex -20.2254 -14.6946 -40
    endloop
  endfacet
  facet normal -0.788024 -0.615645 0
    outer loop
      vertex -20.2254 -14.6946 40
      vertex -19.1511 -16.0697 -40
      vertex -19.1511 -16.0697 40
    endloop
  endfacet
  facet normal -0.829023 -0.559215 0
    outer loop
      vertex -20.2254 -14.6946 -40
      vertex -21.2012 -13.248 40
      vertex -21.2012 -13.248 -40
    endloop
  endfacet
  facet normal -0.829023 -0.559215 0
    outer loop
      vertex -21.2012 -13.248 40
      vertex -20.2254 -14.6946 -40
      vertex -20.2254 -14.6946 40
    endloop
  endfacet
  facet normal -0.970289 -0.24195 0
    outer loop
      vertex -24.0315 -6.89093 -40
      vertex -24.4537 -5.19779 40
      vertex -24.4537 -5.19779 -40
    endloop
  endfacet
  facet normal -0.970289 -0.24195 0
    outer loop
      vertex -24.4537 -5.19779 40
      vertex -24.0315 -6.89093 -40
      vertex -24.0315 -6.89093 40
    endloop
  endfacet
  facet normal 0.342012 -0.939696 -9.65251e-08
    outer loop
      vertex 7.72542 -23.7764 40
      vertex 7.91416 -23.7077 -20
      vertex 9.36516 -23.1796 40
    endloop
  endfacet
  facet normal 0.342039 -0.939686 0
    outer loop
      vertex 7.72542 -23.7764 -40
      vertex 7.91416 -23.7077 -20
      vertex 7.72542 -23.7764 40
    endloop
  endfacet
  facet normal 0.342039 -0.939686 0
    outer loop
      vertex 7.91416 -23.7077 -20
      vertex 7.72542 -23.7764 -40
      vertex 7.91416 -23.7077 -30
    endloop
  endfacet
  facet normal 0.342012 -0.939696 5.79151e-07
    outer loop
      vertex 9.36516 -23.1796 -40
      vertex 7.91416 -23.7077 -30
      vertex 7.72542 -23.7764 -40
    endloop
  endfacet
  facet normal 0.342008 -0.939697 0
    outer loop
      vertex 7.91416 -23.7077 -30
      vertex 9.36516 -23.1796 -40
      vertex 9.36516 -23.1796 -30
    endloop
  endfacet
  facet normal 0.342008 -0.939697 0
    outer loop
      vertex 9.36516 -23.1796 40
      vertex 7.91416 -23.7077 -20
      vertex 9.36516 -23.1796 -20
    endloop
  endfacet
  facet normal -0.970289 0.24195 0
    outer loop
      vertex -24.4537 5.19779 -40
      vertex -24.0315 6.89093 40
      vertex -24.0315 6.89093 -40
    endloop
  endfacet
  facet normal -0.970289 0.24195 0
    outer loop
      vertex -24.0315 6.89093 40
      vertex -24.4537 5.19779 -40
      vertex -24.4537 5.19779 40
    endloop
  endfacet
  facet normal -0.342012 0.939696 -9.65251e-08
    outer loop
      vertex -7.72542 23.7764 40
      vertex -7.91416 23.7077 -20
      vertex -9.36516 23.1796 40
    endloop
  endfacet
  facet normal -0.342039 0.939686 0
    outer loop
      vertex -7.72542 23.7764 -40
      vertex -7.91416 23.7077 -20
      vertex -7.72542 23.7764 40
    endloop
  endfacet
  facet normal -0.342039 0.939686 0
    outer loop
      vertex -7.91416 23.7077 -20
      vertex -7.72542 23.7764 -40
      vertex -7.91416 23.7077 -30
    endloop
  endfacet
  facet normal -0.342012 0.939696 5.79151e-07
    outer loop
      vertex -9.36516 23.1796 -40
      vertex -7.91416 23.7077 -30
      vertex -7.72542 23.7764 -40
    endloop
  endfacet
  facet normal -0.342008 0.939697 0
    outer loop
      vertex -7.91416 23.7077 -30
      vertex -9.36516 23.1796 -40
      vertex -9.36516 23.1796 -30
    endloop
  endfacet
  facet normal -0.342008 0.939697 0
    outer loop
      vertex -9.36516 23.1796 40
      vertex -7.91416 23.7077 -20
      vertex -9.36516 23.1796 -20
    endloop
  endfacet
  facet normal 0.994522 -0.104528 0
    outer loop
      vertex 24.7567 -3.47933 -30
      vertex 24.9391 -1.74391 -40
      vertex 24.9391 -1.74391 -30
    endloop
  endfacet
  facet normal 0.994522 -0.104528 0
    outer loop
      vertex 24.9391 -1.74391 -40
      vertex 24.7567 -3.47933 -30
      vertex 24.7567 -3.47933 -40
    endloop
  endfacet
  facet normal 0.994522 -0.104528 0
    outer loop
      vertex 24.7567 -3.47933 40
      vertex 24.9391 -1.74391 -20
      vertex 24.9391 -1.74391 40
    endloop
  endfacet
  facet normal 0.994522 -0.104528 0
    outer loop
      vertex 24.9391 -1.74391 -20
      vertex 24.7567 -3.47933 40
      vertex 24.7567 -3.47933 -20
    endloop
  endfacet
  facet normal 0.999391 -0.0349003 0
    outer loop
      vertex 24.9391 -1.74391 40
      vertex 25 0 -20
      vertex 25 0 40
    endloop
  endfacet
  facet normal 0.999391 -0.0349003 0
    outer loop
      vertex 25 0 -20
      vertex 24.9391 -1.74391 40
      vertex 24.9391 -1.74391 -20
    endloop
  endfacet
  facet normal 0.999391 -0.0349003 0
    outer loop
      vertex 24.9391 -1.74391 -30
      vertex 25 0 -40
      vertex 25 0 -30
    endloop
  endfacet
  facet normal 0.999391 -0.0349003 0
    outer loop
      vertex 25 0 -40
      vertex 24.9391 -1.74391 -30
      vertex 24.9391 -1.74391 -40
    endloop
  endfacet
  facet normal -0.694649 -0.719349 0
    outer loop
      vertex -17.9835 -17.3665 -40
      vertex -16.7283 -18.5786 40
      vertex -17.9835 -17.3665 40
    endloop
  endfacet
  facet normal -0.694649 -0.719349 -0
    outer loop
      vertex -16.7283 -18.5786 40
      vertex -17.9835 -17.3665 -40
      vertex -16.7283 -18.5786 -40
    endloop
  endfacet
  facet normal 0.642799 -0.766035 0
    outer loop
      vertex 15.3915 -19.7003 -30
      vertex 15.3915 -19.7003 -40
      vertex 16.5744 -18.7077 -30
    endloop
  endfacet
  facet normal 0.642785 -0.766047 0
    outer loop
      vertex 15.3915 -19.7003 -20
      vertex 16.7283 -18.5786 40
      vertex 15.3915 -19.7003 40
    endloop
  endfacet
  facet normal 0.642799 -0.766035 -5.26168e-07
    outer loop
      vertex 16.5744 -18.7077 -20
      vertex 16.7283 -18.5786 40
      vertex 15.3915 -19.7003 -20
    endloop
  endfacet
  facet normal 0.642678 -0.766136 0
    outer loop
      vertex 16.7283 -18.5786 -40
      vertex 16.5744 -18.7077 -20
      vertex 16.5744 -18.7077 -30
    endloop
  endfacet
  facet normal 0.642678 -0.766136 0
    outer loop
      vertex 16.5744 -18.7077 -20
      vertex 16.7283 -18.5786 -40
      vertex 16.7283 -18.5786 40
    endloop
  endfacet
  facet normal 0.642785 -0.766047 2.7936e-06
    outer loop
      vertex 16.7283 -18.5786 -40
      vertex 16.5744 -18.7077 -30
      vertex 15.3915 -19.7003 -40
    endloop
  endfacet
  facet normal -0.406709 0.913558 0
    outer loop
      vertex -9.36516 23.1796 -20
      vertex -10.9593 22.4699 40
      vertex -9.36516 23.1796 40
    endloop
  endfacet
  facet normal -0.406709 0.913558 0
    outer loop
      vertex -10.9593 22.4699 40
      vertex -9.36516 23.1796 -20
      vertex -10.9593 22.4699 -20
    endloop
  endfacet
  facet normal -0.406709 0.913558 0
    outer loop
      vertex -9.36516 23.1796 -40
      vertex -10.9593 22.4699 -30
      vertex -9.36516 23.1796 -30
    endloop
  endfacet
  facet normal -0.406709 0.913558 0
    outer loop
      vertex -10.9593 22.4699 -30
      vertex -9.36516 23.1796 -40
      vertex -10.9593 22.4699 -40
    endloop
  endfacet
  facet normal -0.898808 -0.438343 0
    outer loop
      vertex -22.0737 -11.7368 -40
      vertex -22.8386 -10.1684 40
      vertex -22.8386 -10.1684 -40
    endloop
  endfacet
  facet normal -0.898808 -0.438343 0
    outer loop
      vertex -22.8386 -10.1684 40
      vertex -22.0737 -11.7368 -40
      vertex -22.0737 -11.7368 40
    endloop
  endfacet
  facet normal -0.406709 -0.913558 0
    outer loop
      vertex -10.9593 -22.4699 -20
      vertex -9.36516 -23.1796 40
      vertex -10.9593 -22.4699 40
    endloop
  endfacet
  facet normal -0.406709 -0.913558 -0
    outer loop
      vertex -9.36516 -23.1796 40
      vertex -10.9593 -22.4699 -20
      vertex -9.36516 -23.1796 -20
    endloop
  endfacet
  facet normal -0.406709 -0.913558 0
    outer loop
      vertex -10.9593 -22.4699 -40
      vertex -9.36516 -23.1796 -30
      vertex -10.9593 -22.4699 -30
    endloop
  endfacet
  facet normal -0.406709 -0.913558 -0
    outer loop
      vertex -9.36516 -23.1796 -30
      vertex -10.9593 -22.4699 -40
      vertex -9.36516 -23.1796 -40
    endloop
  endfacet
  facet normal 0.694649 0.719349 -0
    outer loop
      vertex 17.9835 17.3665 -40
      vertex 16.7283 18.5786 40
      vertex 17.9835 17.3665 40
    endloop
  endfacet
  facet normal 0.694649 0.719349 0
    outer loop
      vertex 16.7283 18.5786 40
      vertex 17.9835 17.3665 -40
      vertex 16.7283 18.5786 -40
    endloop
  endfacet
  facet normal 0.694649 -0.719349 0
    outer loop
      vertex 16.7283 -18.5786 -40
      vertex 17.9835 -17.3665 40
      vertex 16.7283 -18.5786 40
    endloop
  endfacet
  facet normal 0.694649 -0.719349 0
    outer loop
      vertex 17.9835 -17.3665 40
      vertex 16.7283 -18.5786 -40
      vertex 17.9835 -17.3665 -40
    endloop
  endfacet
  facet normal 0.0698003 -0.997561 0
    outer loop
      vertex 0.872487 -24.9848 -40
      vertex 2.61321 -24.863 40
      vertex 0.872487 -24.9848 40
    endloop
  endfacet
  facet normal 0.0698003 -0.997561 0
    outer loop
      vertex 2.61321 -24.863 40
      vertex 0.872487 -24.9848 -40
      vertex 2.61321 -24.863 -40
    endloop
  endfacet
  facet normal 0.275649 0.961258 -0
    outer loop
      vertex 7.72542 23.7764 -40
      vertex 6.04805 24.2574 40
      vertex 7.72542 23.7764 40
    endloop
  endfacet
  facet normal 0.275649 0.961258 0
    outer loop
      vertex 6.04805 24.2574 40
      vertex 7.72542 23.7764 -40
      vertex 6.04805 24.2574 -40
    endloop
  endfacet
  facet normal -0.139143 0.990272 0
    outer loop
      vertex -2.61321 24.863 -40
      vertex -4.3412 24.6202 40
      vertex -2.61321 24.863 40
    endloop
  endfacet
  facet normal -0.139143 0.990272 0
    outer loop
      vertex -4.3412 24.6202 40
      vertex -2.61321 24.863 -40
      vertex -4.3412 24.6202 -40
    endloop
  endfacet
  facet normal 0.866023 0.500004 0
    outer loop
      vertex 22.0737 11.7368 40
      vertex 21.2012 13.248 -40
      vertex 21.2012 13.248 40
    endloop
  endfacet
  facet normal 0.866023 0.500004 0
    outer loop
      vertex 21.2012 13.248 -40
      vertex 22.0737 11.7368 40
      vertex 22.0737 11.7368 -40
    endloop
  endfacet
  facet normal 0.469514 -0.882925 0
    outer loop
      vertex 10.9593 -22.4699 -20
      vertex 12.5 -21.6506 40
      vertex 10.9593 -22.4699 40
    endloop
  endfacet
  facet normal 0.469514 -0.882925 0
    outer loop
      vertex 12.5 -21.6506 40
      vertex 10.9593 -22.4699 -20
      vertex 12.5 -21.6506 -20
    endloop
  endfacet
  facet normal 0.469514 -0.882925 0
    outer loop
      vertex 10.9593 -22.4699 -40
      vertex 12.5 -21.6506 -30
      vertex 10.9593 -22.4699 -30
    endloop
  endfacet
  facet normal 0.469514 -0.882925 0
    outer loop
      vertex 12.5 -21.6506 -30
      vertex 10.9593 -22.4699 -40
      vertex 12.5 -21.6506 -40
    endloop
  endfacet
  facet normal 0.406709 -0.913558 0
    outer loop
      vertex 9.36516 -23.1796 -20
      vertex 10.9593 -22.4699 40
      vertex 9.36516 -23.1796 40
    endloop
  endfacet
  facet normal 0.406709 -0.913558 0
    outer loop
      vertex 10.9593 -22.4699 40
      vertex 9.36516 -23.1796 -20
      vertex 10.9593 -22.4699 -20
    endloop
  endfacet
  facet normal 0.406709 -0.913558 0
    outer loop
      vertex 9.36516 -23.1796 -40
      vertex 10.9593 -22.4699 -30
      vertex 9.36516 -23.1796 -30
    endloop
  endfacet
  facet normal 0.406709 -0.913558 0
    outer loop
      vertex 10.9593 -22.4699 -30
      vertex 9.36516 -23.1796 -40
      vertex 10.9593 -22.4699 -40
    endloop
  endfacet
  facet normal -0.788024 0.615645 0
    outer loop
      vertex -20.2254 14.6946 -40
      vertex -19.1511 16.0697 40
      vertex -19.1511 16.0697 -40
    endloop
  endfacet
  facet normal -0.788024 0.615645 0
    outer loop
      vertex -19.1511 16.0697 40
      vertex -20.2254 14.6946 -40
      vertex -20.2254 14.6946 40
    endloop
  endfacet
  facet normal -0.275649 -0.961258 0
    outer loop
      vertex -7.72542 -23.7764 -40
      vertex -6.04805 -24.2574 40
      vertex -7.72542 -23.7764 40
    endloop
  endfacet
  facet normal -0.275649 -0.961258 -0
    outer loop
      vertex -6.04805 -24.2574 40
      vertex -7.72542 -23.7764 -40
      vertex -6.04805 -24.2574 -40
    endloop
  endfacet
  facet normal -0.866023 0.500004 0
    outer loop
      vertex -22.0737 11.7368 -40
      vertex -21.2012 13.248 40
      vertex -21.2012 13.248 -40
    endloop
  endfacet
  facet normal -0.866023 0.500004 0
    outer loop
      vertex -21.2012 13.248 40
      vertex -22.0737 11.7368 -40
      vertex -22.0737 11.7368 40
    endloop
  endfacet
  facet normal -0.0698003 0.997561 0
    outer loop
      vertex -0.872487 24.9848 -40
      vertex -2.61321 24.863 40
      vertex -0.872487 24.9848 40
    endloop
  endfacet
  facet normal -0.0698003 0.997561 0
    outer loop
      vertex -2.61321 24.863 40
      vertex -0.872487 24.9848 -40
      vertex -2.61321 24.863 -40
    endloop
  endfacet
  facet normal 0.139143 0.990272 -0
    outer loop
      vertex 4.3412 24.6202 -40
      vertex 2.61321 24.863 40
      vertex 4.3412 24.6202 40
    endloop
  endfacet
  facet normal 0.139143 0.990272 0
    outer loop
      vertex 2.61321 24.863 40
      vertex 4.3412 24.6202 -40
      vertex 2.61321 24.863 -40
    endloop
  endfacet
  facet normal 0.743157 -0.669117 0
    outer loop
      vertex 17.9835 -17.3665 40
      vertex 19.1511 -16.0697 -40
      vertex 19.1511 -16.0697 40
    endloop
  endfacet
  facet normal 0.743157 -0.669117 0
    outer loop
      vertex 19.1511 -16.0697 -40
      vertex 17.9835 -17.3665 40
      vertex 17.9835 -17.3665 -40
    endloop
  endfacet
  facet normal 0.342008 0.939697 0
    outer loop
      vertex 9.36516 23.1796 -30
      vertex 9.36516 23.1796 -40
      vertex 7.91416 23.7077 -30
    endloop
  endfacet
  facet normal 0.342012 0.939696 -0
    outer loop
      vertex 9.36516 23.1796 -20
      vertex 7.72542 23.7764 40
      vertex 9.36516 23.1796 40
    endloop
  endfacet
  facet normal 0.342008 0.939697 -1.09081e-07
    outer loop
      vertex 7.91416 23.7077 -20
      vertex 7.72542 23.7764 40
      vertex 9.36516 23.1796 -20
    endloop
  endfacet
  facet normal 0.342039 0.939686 0
    outer loop
      vertex 7.72542 23.7764 -40
      vertex 7.91416 23.7077 -20
      vertex 7.91416 23.7077 -30
    endloop
  endfacet
  facet normal 0.342039 0.939686 0
    outer loop
      vertex 7.91416 23.7077 -20
      vertex 7.72542 23.7764 -40
      vertex 7.72542 23.7764 40
    endloop
  endfacet
  facet normal 0.342012 0.939696 5.79151e-07
    outer loop
      vertex 7.72542 23.7764 -40
      vertex 7.91416 23.7077 -30
      vertex 9.36516 23.1796 -40
    endloop
  endfacet
  facet normal -0.139143 -0.990272 0
    outer loop
      vertex -4.3412 -24.6202 -40
      vertex -2.61321 -24.863 40
      vertex -4.3412 -24.6202 40
    endloop
  endfacet
  facet normal -0.139143 -0.990272 -0
    outer loop
      vertex -2.61321 -24.863 40
      vertex -4.3412 -24.6202 -40
      vertex -2.61321 -24.863 -40
    endloop
  endfacet
  facet normal 0.207911 0.978148 -0
    outer loop
      vertex 6.04805 24.2574 -40
      vertex 4.3412 24.6202 40
      vertex 6.04805 24.2574 40
    endloop
  endfacet
  facet normal 0.207911 0.978148 0
    outer loop
      vertex 4.3412 24.6202 40
      vertex 6.04805 24.2574 -40
      vertex 4.3412 24.6202 -40
    endloop
  endfacet
  facet normal 0.970289 -0.24195 0
    outer loop
      vertex 24.0315 -6.89093 40
      vertex 24.4537 -5.19779 -40
      vertex 24.4537 -5.19779 40
    endloop
  endfacet
  facet normal 0.970289 -0.24195 0
    outer loop
      vertex 24.4537 -5.19779 -40
      vertex 24.0315 -6.89093 40
      vertex 24.0315 -6.89093 -40
    endloop
  endfacet
  facet normal -0.469514 -0.882925 0
    outer loop
      vertex -12.5 -21.6506 -20
      vertex -10.9593 -22.4699 40
      vertex -12.5 -21.6506 40
    endloop
  endfacet
  facet normal -0.469514 -0.882925 -0
    outer loop
      vertex -10.9593 -22.4699 40
      vertex -12.5 -21.6506 -20
      vertex -10.9593 -22.4699 -20
    endloop
  endfacet
  facet normal -0.469514 -0.882925 0
    outer loop
      vertex -12.5 -21.6506 -40
      vertex -10.9593 -22.4699 -30
      vertex -12.5 -21.6506 -30
    endloop
  endfacet
  facet normal -0.469514 -0.882925 -0
    outer loop
      vertex -10.9593 -22.4699 -30
      vertex -12.5 -21.6506 -40
      vertex -10.9593 -22.4699 -40
    endloop
  endfacet
  facet normal -0.994522 -0.104528 0
    outer loop
      vertex -24.7567 -3.47933 -20
      vertex -24.9391 -1.74391 40
      vertex -24.9391 -1.74391 -20
    endloop
  endfacet
  facet normal -0.994522 -0.104528 0
    outer loop
      vertex -24.9391 -1.74391 40
      vertex -24.7567 -3.47933 -20
      vertex -24.7567 -3.47933 40
    endloop
  endfacet
  facet normal -0.994522 -0.104528 0
    outer loop
      vertex -24.7567 -3.47933 -40
      vertex -24.9391 -1.74391 -30
      vertex -24.9391 -1.74391 -40
    endloop
  endfacet
  facet normal -0.994522 -0.104528 0
    outer loop
      vertex -24.9391 -1.74391 -30
      vertex -24.7567 -3.47933 -40
      vertex -24.7567 -3.47933 -30
    endloop
  endfacet
  facet normal -0.951061 -0.309003 0
    outer loop
      vertex -23.4923 -8.5505 -40
      vertex -24.0315 -6.89093 40
      vertex -24.0315 -6.89093 -40
    endloop
  endfacet
  facet normal -0.951061 -0.309003 0
    outer loop
      vertex -24.0315 -6.89093 40
      vertex -23.4923 -8.5505 -40
      vertex -23.4923 -8.5505 40
    endloop
  endfacet
  facet normal -0.207911 -0.978148 0
    outer loop
      vertex -6.04805 -24.2574 -40
      vertex -4.3412 -24.6202 40
      vertex -6.04805 -24.2574 40
    endloop
  endfacet
  facet normal -0.207911 -0.978148 -0
    outer loop
      vertex -4.3412 -24.6202 40
      vertex -6.04805 -24.2574 -40
      vertex -4.3412 -24.6202 -40
    endloop
  endfacet
  facet normal -0.994522 0.104528 0
    outer loop
      vertex -24.9391 1.74391 -40
      vertex -24.7567 3.47933 -30
      vertex -24.7567 3.47933 -40
    endloop
  endfacet
  facet normal -0.994522 0.104528 0
    outer loop
      vertex -24.7567 3.47933 -30
      vertex -24.9391 1.74391 -40
      vertex -24.9391 1.74391 -30
    endloop
  endfacet
  facet normal -0.994522 0.104528 0
    outer loop
      vertex -24.9391 1.74391 -20
      vertex -24.7567 3.47933 40
      vertex -24.7567 3.47933 -20
    endloop
  endfacet
  facet normal -0.994522 0.104528 0
    outer loop
      vertex -24.7567 3.47933 40
      vertex -24.9391 1.74391 -20
      vertex -24.9391 1.74391 40
    endloop
  endfacet
  facet normal -0.342008 -0.939697 -0
    outer loop
      vertex -9.36516 -23.1796 -30
      vertex -9.36516 -23.1796 -40
      vertex -7.91416 -23.7077 -30
    endloop
  endfacet
  facet normal -0.342012 -0.939696 0
    outer loop
      vertex -9.36516 -23.1796 -20
      vertex -7.72542 -23.7764 40
      vertex -9.36516 -23.1796 40
    endloop
  endfacet
  facet normal -0.342008 -0.939697 -1.09081e-07
    outer loop
      vertex -7.91416 -23.7077 -20
      vertex -7.72542 -23.7764 40
      vertex -9.36516 -23.1796 -20
    endloop
  endfacet
  facet normal -0.342039 -0.939686 0
    outer loop
      vertex -7.72542 -23.7764 -40
      vertex -7.91416 -23.7077 -20
      vertex -7.91416 -23.7077 -30
    endloop
  endfacet
  facet normal -0.342039 -0.939686 0
    outer loop
      vertex -7.91416 -23.7077 -20
      vertex -7.72542 -23.7764 -40
      vertex -7.72542 -23.7764 40
    endloop
  endfacet
  facet normal -0.342012 -0.939696 5.79151e-07
    outer loop
      vertex -7.72542 -23.7764 -40
      vertex -7.91416 -23.7077 -30
      vertex -9.36516 -23.1796 -40
    endloop
  endfacet
  facet normal 0.743157 0.669117 0
    outer loop
      vertex 19.1511 16.0697 40
      vertex 17.9835 17.3665 -40
      vertex 17.9835 17.3665 40
    endloop
  endfacet
  facet normal 0.743157 0.669117 0
    outer loop
      vertex 17.9835 17.3665 -40
      vertex 19.1511 16.0697 40
      vertex 19.1511 16.0697 -40
    endloop
  endfacet
  facet normal -0.529927 -0.848043 0
    outer loop
      vertex -13.9798 -20.7259 -20
      vertex -12.5 -21.6506 40
      vertex -13.9798 -20.7259 40
    endloop
  endfacet
  facet normal -0.529927 -0.848043 -0
    outer loop
      vertex -12.5 -21.6506 40
      vertex -13.9798 -20.7259 -20
      vertex -12.5 -21.6506 -20
    endloop
  endfacet
  facet normal -0.529927 -0.848043 0
    outer loop
      vertex -13.9798 -20.7259 -40
      vertex -12.5 -21.6506 -30
      vertex -13.9798 -20.7259 -30
    endloop
  endfacet
  facet normal -0.529927 -0.848043 -0
    outer loop
      vertex -12.5 -21.6506 -30
      vertex -13.9798 -20.7259 -40
      vertex -12.5 -21.6506 -40
    endloop
  endfacet
  facet normal -0.642785 -0.766047 -4.65599e-07
    outer loop
      vertex -16.7283 -18.5786 40
      vertex -16.5744 -18.7077 -20
      vertex -15.3915 -19.7003 40
    endloop
  endfacet
  facet normal -0.642678 -0.766136 0
    outer loop
      vertex -16.7283 -18.5786 -40
      vertex -16.5744 -18.7077 -20
      vertex -16.7283 -18.5786 40
    endloop
  endfacet
  facet normal -0.642678 -0.766136 -0
    outer loop
      vertex -16.5744 -18.7077 -20
      vertex -16.7283 -18.5786 -40
      vertex -16.5744 -18.7077 -30
    endloop
  endfacet
  facet normal -0.642785 -0.766047 2.7936e-06
    outer loop
      vertex -15.3915 -19.7003 -40
      vertex -16.5744 -18.7077 -30
      vertex -16.7283 -18.5786 -40
    endloop
  endfacet
  facet normal -0.642799 -0.766035 0
    outer loop
      vertex -16.5744 -18.7077 -30
      vertex -15.3915 -19.7003 -40
      vertex -15.3915 -19.7003 -30
    endloop
  endfacet
  facet normal -0.642799 -0.766035 -0
    outer loop
      vertex -15.3915 -19.7003 40
      vertex -16.5744 -18.7077 -20
      vertex -15.3915 -19.7003 -20
    endloop
  endfacet
endsolid OpenSCAD_Model
