solid OpenSCAD_Model
  facet normal 0.994521 0.104536 0
    outer loop
      vertex 57.8587 4.04587 307.5
      vertex 57.4355 8.07204 292.5
      vertex 57.4355 8.07204 307.5
    endloop
  endfacet
  facet normal 0.994521 0.104536 0
    outer loop
      vertex 57.4355 8.07204 292.5
      vertex 57.8587 4.04587 307.5
      vertex 57.8587 4.04587 292.5
    endloop
  endfacet
  facet normal 0.999391 0.0349032 0
    outer loop
      vertex 58 0 307.5
      vertex 57.8587 4.04587 292.5
      vertex 57.8587 4.04587 307.5
    endloop
  endfacet
  facet normal 0.999391 0.0349032 0
    outer loop
      vertex 57.8587 4.04587 292.5
      vertex 58 0 307.5
      vertex 58 0 292.5
    endloop
  endfacet
  facet normal 0.984812 0.173626 0
    outer loop
      vertex 57.4355 8.07204 307.5
      vertex 56.7326 12.0589 292.5
      vertex 56.7326 12.0589 307.5
    endloop
  endfacet
  facet normal 0.984812 0.173626 0
    outer loop
      vertex 56.7326 12.0589 292.5
      vertex 57.4355 8.07204 307.5
      vertex 57.4355 8.07204 292.5
    endloop
  endfacet
  facet normal -0.898805 -0.438349 0
    outer loop
      vertex -51.211 -27.2294 292.5
      vertex -52.9856 -23.5907 307.5
      vertex -52.9856 -23.5907 292.5
    endloop
  endfacet
  facet normal -0.898805 -0.438349 0
    outer loop
      vertex -52.9856 -23.5907 307.5
      vertex -51.211 -27.2294 292.5
      vertex -51.211 -27.2294 307.5
    endloop
  endfacet
  facet normal 0.58779 0.809014 -0
    outer loop
      vertex 35.7084 45.7046 292.5
      vertex 32.4332 48.0842 307.5
      vertex 35.7084 45.7046 307.5
    endloop
  endfacet
  facet normal 0.58779 0.809014 0
    outer loop
      vertex 32.4332 48.0842 307.5
      vertex 35.7084 45.7046 292.5
      vertex 32.4332 48.0842 292.5
    endloop
  endfacet
  facet normal 0.139168 0.990269 -0
    outer loop
      vertex 10.0716 57.1189 292.5
      vertex 6.06265 57.6823 307.5
      vertex 10.0716 57.1189 307.5
    endloop
  endfacet
  facet normal 0.139168 0.990269 0
    outer loop
      vertex 6.06265 57.6823 307.5
      vertex 10.0716 57.1189 292.5
      vertex 6.06265 57.6823 292.5
    endloop
  endfacet
  facet normal 0.898805 0.438349 0
    outer loop
      vertex 52.9856 23.5907 307.5
      vertex 51.211 27.2294 292.5
      vertex 51.211 27.2294 307.5
    endloop
  endfacet
  facet normal 0.898805 0.438349 0
    outer loop
      vertex 51.211 27.2294 292.5
      vertex 52.9856 23.5907 307.5
      vertex 52.9856 23.5907 292.5
    endloop
  endfacet
  facet normal 0.406739 0.913544 -0
    outer loop
      vertex 25.4255 52.1301 292.5
      vertex 21.7272 53.7767 307.5
      vertex 25.4255 52.1301 307.5
    endloop
  endfacet
  facet normal 0.406739 0.913544 0
    outer loop
      vertex 21.7272 53.7767 307.5
      vertex 25.4255 52.1301 292.5
      vertex 21.7272 53.7767 292.5
    endloop
  endfacet
  facet normal -0.275644 0.96126 0
    outer loop
      vertex -14.0315 56.2772 292.5
      vertex -17.923 55.1613 307.5
      vertex -14.0315 56.2772 307.5
    endloop
  endfacet
  facet normal -0.275644 0.96126 0
    outer loop
      vertex -17.923 55.1613 307.5
      vertex -14.0315 56.2772 292.5
      vertex -17.923 55.1613 292.5
    endloop
  endfacet
  facet normal -0.58779 0.809014 0
    outer loop
      vertex -32.4332 48.0842 292.5
      vertex -35.7084 45.7046 307.5
      vertex -32.4332 48.0842 307.5
    endloop
  endfacet
  facet normal -0.58779 0.809014 0
    outer loop
      vertex -35.7084 45.7046 307.5
      vertex -32.4332 48.0842 292.5
      vertex -35.7084 45.7046 292.5
    endloop
  endfacet
  facet normal 0.743141 -0.669135 0
    outer loop
      vertex 41.7217 -40.2902 307.5
      vertex 44.4306 -37.2817 292.5
      vertex 44.4306 -37.2817 307.5
    endloop
  endfacet
  facet normal 0.743141 -0.669135 0
    outer loop
      vertex 44.4306 -37.2817 292.5
      vertex 41.7217 -40.2902 307.5
      vertex 41.7217 -40.2902 292.5
    endloop
  endfacet
  facet normal -0.207911 0.978148 0
    outer loop
      vertex -10.0716 57.1189 292.5
      vertex -14.0315 56.2772 307.5
      vertex -10.0716 57.1189 307.5
    endloop
  endfacet
  facet normal -0.207911 0.978148 0
    outer loop
      vertex -14.0315 56.2772 307.5
      vertex -10.0716 57.1189 292.5
      vertex -14.0315 56.2772 292.5
    endloop
  endfacet
  facet normal -0.788018 0.615653 0
    outer loop
      vertex -46.923 34.0915 292.5
      vertex -44.4306 37.2817 307.5
      vertex -44.4306 37.2817 292.5
    endloop
  endfacet
  facet normal -0.788018 0.615653 0
    outer loop
      vertex -44.4306 37.2817 307.5
      vertex -46.923 34.0915 292.5
      vertex -46.923 34.0915 307.5
    endloop
  endfacet
  facet normal -0.139168 0.990269 0
    outer loop
      vertex -6.06265 57.6823 292.5
      vertex -10.0716 57.1189 307.5
      vertex -6.06265 57.6823 307.5
    endloop
  endfacet
  facet normal -0.139168 0.990269 0
    outer loop
      vertex -10.0716 57.1189 307.5
      vertex -6.06265 57.6823 292.5
      vertex -10.0716 57.1189 292.5
    endloop
  endfacet
  facet normal 0.951057 0.309016 0
    outer loop
      vertex 55.7532 15.987 307.5
      vertex 54.5022 19.8372 292.5
      vertex 54.5022 19.8372 307.5
    endloop
  endfacet
  facet normal 0.951057 0.309016 0
    outer loop
      vertex 54.5022 19.8372 292.5
      vertex 55.7532 15.987 307.5
      vertex 55.7532 15.987 292.5
    endloop
  endfacet
  facet normal 0.469472 0.882947 -0
    outer loop
      vertex 29 50.2295 292.5
      vertex 25.4255 52.1301 307.5
      vertex 29 50.2295 307.5
    endloop
  endfacet
  facet normal 0.469472 0.882947 0
    outer loop
      vertex 25.4255 52.1301 307.5
      vertex 29 50.2295 292.5
      vertex 25.4255 52.1301 292.5
    endloop
  endfacet
  facet normal -0.788018 -0.615653 0
    outer loop
      vertex -44.4306 -37.2817 292.5
      vertex -46.923 -34.0915 307.5
      vertex -46.923 -34.0915 292.5
    endloop
  endfacet
  facet normal -0.788018 -0.615653 0
    outer loop
      vertex -46.923 -34.0915 307.5
      vertex -44.4306 -37.2817 292.5
      vertex -44.4306 -37.2817 307.5
    endloop
  endfacet
  facet normal -0.999391 0.0349032 0
    outer loop
      vertex -58 0 292.5
      vertex -57.8587 4.04587 307.5
      vertex -57.8587 4.04587 292.5
    endloop
  endfacet
  facet normal -0.999391 0.0349032 0
    outer loop
      vertex -57.8587 4.04587 307.5
      vertex -58 0 292.5
      vertex -58 0 307.5
    endloop
  endfacet
  facet normal 0.342017 -0.939694 0
    outer loop
      vertex 17.923 -55.1613 292.5
      vertex 21.7272 -53.7767 307.5
      vertex 17.923 -55.1613 307.5
    endloop
  endfacet
  facet normal 0.342017 -0.939694 0
    outer loop
      vertex 21.7272 -53.7767 307.5
      vertex 17.923 -55.1613 292.5
      vertex 21.7272 -53.7767 292.5
    endloop
  endfacet
  facet normal -0.927176 -0.374625 0
    outer loop
      vertex -52.9856 -23.5907 292.5
      vertex -54.5022 -19.8372 307.5
      vertex -54.5022 -19.8372 292.5
    endloop
  endfacet
  facet normal -0.927176 -0.374625 0
    outer loop
      vertex -54.5022 -19.8372 307.5
      vertex -52.9856 -23.5907 292.5
      vertex -52.9856 -23.5907 307.5
    endloop
  endfacet
  facet normal -0.406739 0.913544 0
    outer loop
      vertex -21.7272 53.7767 292.5
      vertex -25.4255 52.1301 307.5
      vertex -21.7272 53.7767 307.5
    endloop
  endfacet
  facet normal -0.406739 0.913544 0
    outer loop
      vertex -25.4255 52.1301 307.5
      vertex -21.7272 53.7767 292.5
      vertex -25.4255 52.1301 292.5
    endloop
  endfacet
  facet normal -0.469472 -0.882947 0
    outer loop
      vertex -29 -50.2295 292.5
      vertex -25.4255 -52.1301 307.5
      vertex -29 -50.2295 307.5
    endloop
  endfacet
  facet normal -0.469472 -0.882947 -0
    outer loop
      vertex -25.4255 -52.1301 307.5
      vertex -29 -50.2295 292.5
      vertex -25.4255 -52.1301 292.5
    endloop
  endfacet
  facet normal 0.694661 -0.719338 0
    outer loop
      vertex 38.8096 -43.1024 292.5
      vertex 41.7217 -40.2902 307.5
      vertex 38.8096 -43.1024 307.5
    endloop
  endfacet
  facet normal 0.694661 -0.719338 0
    outer loop
      vertex 41.7217 -40.2902 307.5
      vertex 38.8096 -43.1024 292.5
      vertex 41.7217 -40.2902 292.5
    endloop
  endfacet
  facet normal 0.069757 -0.997564 0
    outer loop
      vertex 2.02417 -57.9647 292.5
      vertex 6.06265 -57.6823 307.5
      vertex 2.02417 -57.9647 307.5
    endloop
  endfacet
  facet normal 0.069757 -0.997564 0
    outer loop
      vertex 6.06265 -57.6823 307.5
      vertex 2.02417 -57.9647 292.5
      vertex 6.06265 -57.6823 292.5
    endloop
  endfacet
  facet normal 0.866018 -0.500013 0
    outer loop
      vertex 49.1868 -30.7353 307.5
      vertex 51.211 -27.2294 292.5
      vertex 51.211 -27.2294 307.5
    endloop
  endfacet
  facet normal 0.866018 -0.500013 0
    outer loop
      vertex 51.211 -27.2294 292.5
      vertex 49.1868 -30.7353 307.5
      vertex 49.1868 -30.7353 292.5
    endloop
  endfacet
  facet normal -0.642785 0.766046 0
    outer loop
      vertex -35.7084 45.7046 292.5
      vertex -38.8096 43.1024 307.5
      vertex -35.7084 45.7046 307.5
    endloop
  endfacet
  facet normal -0.642785 0.766046 0
    outer loop
      vertex -38.8096 43.1024 307.5
      vertex -35.7084 45.7046 292.5
      vertex -38.8096 43.1024 292.5
    endloop
  endfacet
  facet normal -0.342017 0.939694 0
    outer loop
      vertex -17.923 55.1613 292.5
      vertex -21.7272 53.7767 307.5
      vertex -17.923 55.1613 307.5
    endloop
  endfacet
  facet normal -0.342017 0.939694 0
    outer loop
      vertex -21.7272 53.7767 307.5
      vertex -17.923 55.1613 292.5
      vertex -21.7272 53.7767 292.5
    endloop
  endfacet
  facet normal -0.694661 -0.719338 0
    outer loop
      vertex -41.7217 -40.2902 292.5
      vertex -38.8096 -43.1024 307.5
      vertex -41.7217 -40.2902 307.5
    endloop
  endfacet
  facet normal -0.694661 -0.719338 -0
    outer loop
      vertex -38.8096 -43.1024 307.5
      vertex -41.7217 -40.2902 292.5
      vertex -38.8096 -43.1024 292.5
    endloop
  endfacet
  facet normal -0.970295 -0.241925 0
    outer loop
      vertex -55.7532 -15.987 292.5
      vertex -56.7326 -12.0589 307.5
      vertex -56.7326 -12.0589 292.5
    endloop
  endfacet
  facet normal -0.970295 -0.241925 0
    outer loop
      vertex -56.7326 -12.0589 307.5
      vertex -55.7532 -15.987 292.5
      vertex -55.7532 -15.987 307.5
    endloop
  endfacet
  facet normal 0.275644 0.96126 -0
    outer loop
      vertex 17.923 55.1613 292.5
      vertex 14.0315 56.2772 307.5
      vertex 17.923 55.1613 307.5
    endloop
  endfacet
  facet normal 0.275644 0.96126 0
    outer loop
      vertex 14.0315 56.2772 307.5
      vertex 17.923 55.1613 292.5
      vertex 14.0315 56.2772 292.5
    endloop
  endfacet
  facet normal -0.069757 -0.997564 0
    outer loop
      vertex -6.06265 -57.6823 292.5
      vertex -2.02417 -57.9647 307.5
      vertex -6.06265 -57.6823 307.5
    endloop
  endfacet
  facet normal -0.069757 -0.997564 -0
    outer loop
      vertex -2.02417 -57.9647 307.5
      vertex -6.06265 -57.6823 292.5
      vertex -2.02417 -57.9647 292.5
    endloop
  endfacet
  facet normal -0.994521 0.104536 0
    outer loop
      vertex -57.8587 4.04587 292.5
      vertex -57.4355 8.07204 307.5
      vertex -57.4355 8.07204 292.5
    endloop
  endfacet
  facet normal -0.994521 0.104536 0
    outer loop
      vertex -57.4355 8.07204 307.5
      vertex -57.8587 4.04587 292.5
      vertex -57.8587 4.04587 307.5
    endloop
  endfacet
  facet normal 0.469472 -0.882947 0
    outer loop
      vertex 25.4255 -52.1301 292.5
      vertex 29 -50.2295 307.5
      vertex 25.4255 -52.1301 307.5
    endloop
  endfacet
  facet normal 0.469472 -0.882947 0
    outer loop
      vertex 29 -50.2295 307.5
      vertex 25.4255 -52.1301 292.5
      vertex 29 -50.2295 292.5
    endloop
  endfacet
  facet normal 0.994521 -0.104536 0
    outer loop
      vertex 57.4355 -8.07204 307.5
      vertex 57.8587 -4.04587 292.5
      vertex 57.8587 -4.04587 307.5
    endloop
  endfacet
  facet normal 0.994521 -0.104536 0
    outer loop
      vertex 57.8587 -4.04587 292.5
      vertex 57.4355 -8.07204 307.5
      vertex 57.4355 -8.07204 292.5
    endloop
  endfacet
  facet normal -0.984812 0.173626 0
    outer loop
      vertex -57.4355 8.07204 292.5
      vertex -56.7326 12.0589 307.5
      vertex -56.7326 12.0589 292.5
    endloop
  endfacet
  facet normal -0.984812 0.173626 0
    outer loop
      vertex -56.7326 12.0589 307.5
      vertex -57.4355 8.07204 292.5
      vertex -57.4355 8.07204 307.5
    endloop
  endfacet
  facet normal 0.927176 0.374625 0
    outer loop
      vertex 54.5022 19.8372 307.5
      vertex 52.9856 23.5907 292.5
      vertex 52.9856 23.5907 307.5
    endloop
  endfacet
  facet normal 0.927176 0.374625 0
    outer loop
      vertex 52.9856 23.5907 292.5
      vertex 54.5022 19.8372 307.5
      vertex 54.5022 19.8372 292.5
    endloop
  endfacet
  facet normal -0.469472 0.882947 0
    outer loop
      vertex -25.4255 52.1301 292.5
      vertex -29 50.2295 307.5
      vertex -25.4255 52.1301 307.5
    endloop
  endfacet
  facet normal -0.469472 0.882947 0
    outer loop
      vertex -29 50.2295 307.5
      vertex -25.4255 52.1301 292.5
      vertex -29 50.2295 292.5
    endloop
  endfacet
  facet normal -0.069757 0.997564 0
    outer loop
      vertex -2.02417 57.9647 292.5
      vertex -6.06265 57.6823 307.5
      vertex -2.02417 57.9647 307.5
    endloop
  endfacet
  facet normal -0.069757 0.997564 0
    outer loop
      vertex -6.06265 57.6823 307.5
      vertex -2.02417 57.9647 292.5
      vertex -6.06265 57.6823 292.5
    endloop
  endfacet
  facet normal -0.951057 0.309016 0
    outer loop
      vertex -55.7532 15.987 292.5
      vertex -54.5022 19.8372 307.5
      vertex -54.5022 19.8372 292.5
    endloop
  endfacet
  facet normal -0.951057 0.309016 0
    outer loop
      vertex -54.5022 19.8372 307.5
      vertex -55.7532 15.987 292.5
      vertex -55.7532 15.987 307.5
    endloop
  endfacet
  facet normal -0.529919 0.848048 0
    outer loop
      vertex -29 50.2295 292.5
      vertex -32.4332 48.0842 307.5
      vertex -29 50.2295 307.5
    endloop
  endfacet
  facet normal -0.529919 0.848048 0
    outer loop
      vertex -32.4332 48.0842 307.5
      vertex -29 50.2295 292.5
      vertex -32.4332 48.0842 292.5
    endloop
  endfacet
  facet normal -0.898805 0.438349 0
    outer loop
      vertex -52.9856 23.5907 292.5
      vertex -51.211 27.2294 307.5
      vertex -51.211 27.2294 292.5
    endloop
  endfacet
  facet normal -0.898805 0.438349 0
    outer loop
      vertex -51.211 27.2294 307.5
      vertex -52.9856 23.5907 292.5
      vertex -52.9856 23.5907 307.5
    endloop
  endfacet
  facet normal -0.743141 -0.669135 0
    outer loop
      vertex -41.7217 -40.2902 292.5
      vertex -44.4306 -37.2817 307.5
      vertex -44.4306 -37.2817 292.5
    endloop
  endfacet
  facet normal -0.743141 -0.669135 0
    outer loop
      vertex -44.4306 -37.2817 307.5
      vertex -41.7217 -40.2902 292.5
      vertex -41.7217 -40.2902 307.5
    endloop
  endfacet
  facet normal 0.984812 -0.173626 0
    outer loop
      vertex 56.7326 -12.0589 307.5
      vertex 57.4355 -8.07204 292.5
      vertex 57.4355 -8.07204 307.5
    endloop
  endfacet
  facet normal 0.984812 -0.173626 0
    outer loop
      vertex 57.4355 -8.07204 292.5
      vertex 56.7326 -12.0589 307.5
      vertex 56.7326 -12.0589 292.5
    endloop
  endfacet
  facet normal 0.927176 -0.374625 0
    outer loop
      vertex 52.9856 -23.5907 307.5
      vertex 54.5022 -19.8372 292.5
      vertex 54.5022 -19.8372 307.5
    endloop
  endfacet
  facet normal 0.927176 -0.374625 0
    outer loop
      vertex 54.5022 -19.8372 292.5
      vertex 52.9856 -23.5907 307.5
      vertex 52.9856 -23.5907 292.5
    endloop
  endfacet
  facet normal 0.642785 0.766046 -0
    outer loop
      vertex 38.8096 43.1024 292.5
      vertex 35.7084 45.7046 307.5
      vertex 38.8096 43.1024 307.5
    endloop
  endfacet
  facet normal 0.642785 0.766046 0
    outer loop
      vertex 35.7084 45.7046 307.5
      vertex 38.8096 43.1024 292.5
      vertex 35.7084 45.7046 292.5
    endloop
  endfacet
  facet normal 0.829036 0.559195 0
    outer loop
      vertex 49.1868 30.7353 307.5
      vertex 46.923 34.0915 292.5
      vertex 46.923 34.0915 307.5
    endloop
  endfacet
  facet normal 0.829036 0.559195 0
    outer loop
      vertex 46.923 34.0915 292.5
      vertex 49.1868 30.7353 307.5
      vertex 49.1868 30.7353 292.5
    endloop
  endfacet
  facet normal 0.999391 -0.0349032 0
    outer loop
      vertex 57.8587 -4.04587 307.5
      vertex 58 0 292.5
      vertex 58 0 307.5
    endloop
  endfacet
  facet normal 0.999391 -0.0349032 0
    outer loop
      vertex 58 0 292.5
      vertex 57.8587 -4.04587 307.5
      vertex 57.8587 -4.04587 292.5
    endloop
  endfacet
  facet normal 0.951057 -0.309016 0
    outer loop
      vertex 54.5022 -19.8372 307.5
      vertex 55.7532 -15.987 292.5
      vertex 55.7532 -15.987 307.5
    endloop
  endfacet
  facet normal 0.951057 -0.309016 0
    outer loop
      vertex 55.7532 -15.987 292.5
      vertex 54.5022 -19.8372 307.5
      vertex 54.5022 -19.8372 292.5
    endloop
  endfacet
  facet normal 0.970295 -0.241925 0
    outer loop
      vertex 55.7532 -15.987 307.5
      vertex 56.7326 -12.0589 292.5
      vertex 56.7326 -12.0589 307.5
    endloop
  endfacet
  facet normal 0.970295 -0.241925 0
    outer loop
      vertex 56.7326 -12.0589 292.5
      vertex 55.7532 -15.987 307.5
      vertex 55.7532 -15.987 292.5
    endloop
  endfacet
  facet normal 0.275644 -0.96126 0
    outer loop
      vertex 14.0315 -56.2772 292.5
      vertex 17.923 -55.1613 307.5
      vertex 14.0315 -56.2772 307.5
    endloop
  endfacet
  facet normal 0.275644 -0.96126 0
    outer loop
      vertex 17.923 -55.1613 307.5
      vertex 14.0315 -56.2772 292.5
      vertex 17.923 -55.1613 292.5
    endloop
  endfacet
  facet normal -0.275644 -0.96126 0
    outer loop
      vertex -17.923 -55.1613 292.5
      vertex -14.0315 -56.2772 307.5
      vertex -17.923 -55.1613 307.5
    endloop
  endfacet
  facet normal -0.275644 -0.96126 -0
    outer loop
      vertex -14.0315 -56.2772 307.5
      vertex -17.923 -55.1613 292.5
      vertex -14.0315 -56.2772 292.5
    endloop
  endfacet
  facet normal -0.743141 0.669135 0
    outer loop
      vertex -44.4306 37.2817 292.5
      vertex -41.7217 40.2902 307.5
      vertex -41.7217 40.2902 292.5
    endloop
  endfacet
  facet normal -0.743141 0.669135 0
    outer loop
      vertex -41.7217 40.2902 307.5
      vertex -44.4306 37.2817 292.5
      vertex -44.4306 37.2817 307.5
    endloop
  endfacet
  facet normal 0.788018 -0.615653 0
    outer loop
      vertex 44.4306 -37.2817 307.5
      vertex 46.923 -34.0915 292.5
      vertex 46.923 -34.0915 307.5
    endloop
  endfacet
  facet normal 0.788018 -0.615653 0
    outer loop
      vertex 46.923 -34.0915 292.5
      vertex 44.4306 -37.2817 307.5
      vertex 44.4306 -37.2817 292.5
    endloop
  endfacet
  facet normal -0.694661 0.719338 0
    outer loop
      vertex -38.8096 43.1024 292.5
      vertex -41.7217 40.2902 307.5
      vertex -38.8096 43.1024 307.5
    endloop
  endfacet
  facet normal -0.694661 0.719338 0
    outer loop
      vertex -41.7217 40.2902 307.5
      vertex -38.8096 43.1024 292.5
      vertex -41.7217 40.2902 292.5
    endloop
  endfacet
  facet normal 0.58779 -0.809014 0
    outer loop
      vertex 32.4332 -48.0842 292.5
      vertex 35.7084 -45.7046 307.5
      vertex 32.4332 -48.0842 307.5
    endloop
  endfacet
  facet normal 0.58779 -0.809014 0
    outer loop
      vertex 35.7084 -45.7046 307.5
      vertex 32.4332 -48.0842 292.5
      vertex 35.7084 -45.7046 292.5
    endloop
  endfacet
  facet normal 0.406739 -0.913544 0
    outer loop
      vertex 21.7272 -53.7767 292.5
      vertex 25.4255 -52.1301 307.5
      vertex 21.7272 -53.7767 307.5
    endloop
  endfacet
  facet normal 0.406739 -0.913544 0
    outer loop
      vertex 25.4255 -52.1301 307.5
      vertex 21.7272 -53.7767 292.5
      vertex 25.4255 -52.1301 292.5
    endloop
  endfacet
  facet normal 0.788018 0.615653 0
    outer loop
      vertex 46.923 34.0915 307.5
      vertex 44.4306 37.2817 292.5
      vertex 44.4306 37.2817 307.5
    endloop
  endfacet
  facet normal 0.788018 0.615653 0
    outer loop
      vertex 44.4306 37.2817 292.5
      vertex 46.923 34.0915 307.5
      vertex 46.923 34.0915 292.5
    endloop
  endfacet
  facet normal -0.999391 -0.0349032 0
    outer loop
      vertex -57.8587 -4.04587 292.5
      vertex -58 0 307.5
      vertex -58 0 292.5
    endloop
  endfacet
  facet normal -0.999391 -0.0349032 0
    outer loop
      vertex -58 0 307.5
      vertex -57.8587 -4.04587 292.5
      vertex -57.8587 -4.04587 307.5
    endloop
  endfacet
  facet normal 0.529919 0.848048 -0
    outer loop
      vertex 32.4332 48.0842 292.5
      vertex 29 50.2295 307.5
      vertex 32.4332 48.0842 307.5
    endloop
  endfacet
  facet normal 0.529919 0.848048 0
    outer loop
      vertex 29 50.2295 307.5
      vertex 32.4332 48.0842 292.5
      vertex 29 50.2295 292.5
    endloop
  endfacet
  facet normal -0.58779 -0.809014 0
    outer loop
      vertex -35.7084 -45.7046 292.5
      vertex -32.4332 -48.0842 307.5
      vertex -35.7084 -45.7046 307.5
    endloop
  endfacet
  facet normal -0.58779 -0.809014 -0
    outer loop
      vertex -32.4332 -48.0842 307.5
      vertex -35.7084 -45.7046 292.5
      vertex -32.4332 -48.0842 292.5
    endloop
  endfacet
  facet normal 0.898805 -0.438349 0
    outer loop
      vertex 51.211 -27.2294 307.5
      vertex 52.9856 -23.5907 292.5
      vertex 52.9856 -23.5907 307.5
    endloop
  endfacet
  facet normal 0.898805 -0.438349 0
    outer loop
      vertex 52.9856 -23.5907 292.5
      vertex 51.211 -27.2294 307.5
      vertex 51.211 -27.2294 292.5
    endloop
  endfacet
  facet normal 0.866018 0.500013 0
    outer loop
      vertex 51.211 27.2294 307.5
      vertex 49.1868 30.7353 292.5
      vertex 49.1868 30.7353 307.5
    endloop
  endfacet
  facet normal 0.866018 0.500013 0
    outer loop
      vertex 49.1868 30.7353 292.5
      vertex 51.211 27.2294 307.5
      vertex 51.211 27.2294 292.5
    endloop
  endfacet
  facet normal 0 -1 0
    outer loop
      vertex -2.02417 -57.9647 292.5
      vertex 2.02417 -57.9647 307.5
      vertex -2.02417 -57.9647 307.5
    endloop
  endfacet
  facet normal 0 -1 -0
    outer loop
      vertex 2.02417 -57.9647 307.5
      vertex -2.02417 -57.9647 292.5
      vertex 2.02417 -57.9647 292.5
    endloop
  endfacet
  facet normal 0.207911 0.978148 -0
    outer loop
      vertex 14.0315 56.2772 292.5
      vertex 10.0716 57.1189 307.5
      vertex 14.0315 56.2772 307.5
    endloop
  endfacet
  facet normal 0.207911 0.978148 0
    outer loop
      vertex 10.0716 57.1189 307.5
      vertex 14.0315 56.2772 292.5
      vertex 10.0716 57.1189 292.5
    endloop
  endfacet
  facet normal 0 1 -0
    outer loop
      vertex 2.02417 57.9647 292.5
      vertex -2.02417 57.9647 307.5
      vertex 2.02417 57.9647 307.5
    endloop
  endfacet
  facet normal 0 1 0
    outer loop
      vertex -2.02417 57.9647 307.5
      vertex 2.02417 57.9647 292.5
      vertex -2.02417 57.9647 292.5
    endloop
  endfacet
  facet normal -0.970295 0.241925 0
    outer loop
      vertex -56.7326 12.0589 292.5
      vertex -55.7532 15.987 307.5
      vertex -55.7532 15.987 292.5
    endloop
  endfacet
  facet normal -0.970295 0.241925 0
    outer loop
      vertex -55.7532 15.987 307.5
      vertex -56.7326 12.0589 292.5
      vertex -56.7326 12.0589 307.5
    endloop
  endfacet
  facet normal 0.970295 0.241925 0
    outer loop
      vertex 56.7326 12.0589 307.5
      vertex 55.7532 15.987 292.5
      vertex 55.7532 15.987 307.5
    endloop
  endfacet
  facet normal 0.970295 0.241925 0
    outer loop
      vertex 55.7532 15.987 292.5
      vertex 56.7326 12.0589 307.5
      vertex 56.7326 12.0589 292.5
    endloop
  endfacet
  facet normal 0.069757 0.997564 -0
    outer loop
      vertex 6.06265 57.6823 292.5
      vertex 2.02417 57.9647 307.5
      vertex 6.06265 57.6823 307.5
    endloop
  endfacet
  facet normal 0.069757 0.997564 0
    outer loop
      vertex 2.02417 57.9647 307.5
      vertex 6.06265 57.6823 292.5
      vertex 2.02417 57.9647 292.5
    endloop
  endfacet
  facet normal -0.951057 -0.309016 0
    outer loop
      vertex -54.5022 -19.8372 292.5
      vertex -55.7532 -15.987 307.5
      vertex -55.7532 -15.987 292.5
    endloop
  endfacet
  facet normal -0.951057 -0.309016 0
    outer loop
      vertex -55.7532 -15.987 307.5
      vertex -54.5022 -19.8372 292.5
      vertex -54.5022 -19.8372 307.5
    endloop
  endfacet
  facet normal -0.342017 -0.939694 0
    outer loop
      vertex -21.7272 -53.7767 292.5
      vertex -17.923 -55.1613 307.5
      vertex -21.7272 -53.7767 307.5
    endloop
  endfacet
  facet normal -0.342017 -0.939694 -0
    outer loop
      vertex -17.923 -55.1613 307.5
      vertex -21.7272 -53.7767 292.5
      vertex -17.923 -55.1613 292.5
    endloop
  endfacet
  facet normal 0.829036 -0.559195 0
    outer loop
      vertex 46.923 -34.0915 307.5
      vertex 49.1868 -30.7353 292.5
      vertex 49.1868 -30.7353 307.5
    endloop
  endfacet
  facet normal 0.829036 -0.559195 0
    outer loop
      vertex 49.1868 -30.7353 292.5
      vertex 46.923 -34.0915 307.5
      vertex 46.923 -34.0915 292.5
    endloop
  endfacet
  facet normal 0.642785 -0.766046 0
    outer loop
      vertex 35.7084 -45.7046 292.5
      vertex 38.8096 -43.1024 307.5
      vertex 35.7084 -45.7046 307.5
    endloop
  endfacet
  facet normal 0.642785 -0.766046 0
    outer loop
      vertex 38.8096 -43.1024 307.5
      vertex 35.7084 -45.7046 292.5
      vertex 38.8096 -43.1024 292.5
    endloop
  endfacet
  facet normal 0.342017 0.939694 -0
    outer loop
      vertex 21.7272 53.7767 292.5
      vertex 17.923 55.1613 307.5
      vertex 21.7272 53.7767 307.5
    endloop
  endfacet
  facet normal 0.342017 0.939694 0
    outer loop
      vertex 17.923 55.1613 307.5
      vertex 21.7272 53.7767 292.5
      vertex 17.923 55.1613 292.5
    endloop
  endfacet
  facet normal -0.406739 -0.913544 0
    outer loop
      vertex -25.4255 -52.1301 292.5
      vertex -21.7272 -53.7767 307.5
      vertex -25.4255 -52.1301 307.5
    endloop
  endfacet
  facet normal -0.406739 -0.913544 -0
    outer loop
      vertex -21.7272 -53.7767 307.5
      vertex -25.4255 -52.1301 292.5
      vertex -21.7272 -53.7767 292.5
    endloop
  endfacet
  facet normal 0.694661 0.719338 -0
    outer loop
      vertex 41.7217 40.2902 292.5
      vertex 38.8096 43.1024 307.5
      vertex 41.7217 40.2902 307.5
    endloop
  endfacet
  facet normal 0.694661 0.719338 0
    outer loop
      vertex 38.8096 43.1024 307.5
      vertex 41.7217 40.2902 292.5
      vertex 38.8096 43.1024 292.5
    endloop
  endfacet
  facet normal -0.984812 -0.173626 0
    outer loop
      vertex -56.7326 -12.0589 292.5
      vertex -57.4355 -8.07204 307.5
      vertex -57.4355 -8.07204 292.5
    endloop
  endfacet
  facet normal -0.984812 -0.173626 0
    outer loop
      vertex -57.4355 -8.07204 307.5
      vertex -56.7326 -12.0589 292.5
      vertex -56.7326 -12.0589 307.5
    endloop
  endfacet
  facet normal -0.207911 -0.978148 0
    outer loop
      vertex -14.0315 -56.2772 292.5
      vertex -10.0716 -57.1189 307.5
      vertex -14.0315 -56.2772 307.5
    endloop
  endfacet
  facet normal -0.207911 -0.978148 -0
    outer loop
      vertex -10.0716 -57.1189 307.5
      vertex -14.0315 -56.2772 292.5
      vertex -10.0716 -57.1189 292.5
    endloop
  endfacet
  facet normal -0.642785 -0.766046 0
    outer loop
      vertex -38.8096 -43.1024 292.5
      vertex -35.7084 -45.7046 307.5
      vertex -38.8096 -43.1024 307.5
    endloop
  endfacet
  facet normal -0.642785 -0.766046 -0
    outer loop
      vertex -35.7084 -45.7046 307.5
      vertex -38.8096 -43.1024 292.5
      vertex -35.7084 -45.7046 292.5
    endloop
  endfacet
  facet normal -0.994521 -0.104536 0
    outer loop
      vertex -57.4355 -8.07204 292.5
      vertex -57.8587 -4.04587 307.5
      vertex -57.8587 -4.04587 292.5
    endloop
  endfacet
  facet normal -0.994521 -0.104536 0
    outer loop
      vertex -57.8587 -4.04587 307.5
      vertex -57.4355 -8.07204 292.5
      vertex -57.4355 -8.07204 307.5
    endloop
  endfacet
  facet normal 0.743141 0.669135 0
    outer loop
      vertex 44.4306 37.2817 307.5
      vertex 41.7217 40.2902 292.5
      vertex 41.7217 40.2902 307.5
    endloop
  endfacet
  facet normal 0.743141 0.669135 0
    outer loop
      vertex 41.7217 40.2902 292.5
      vertex 44.4306 37.2817 307.5
      vertex 44.4306 37.2817 292.5
    endloop
  endfacet
  facet normal 0 0 -1
    outer loop
      vertex 55 0 292.5
      vertex 58 0 292.5
      vertex 57.8587 -4.04587 292.5
    endloop
  endfacet
  facet normal 0 0 -1
    outer loop
      vertex 54.866 -3.83661 292.5
      vertex 57.8587 -4.04587 292.5
      vertex 57.4355 -8.07204 292.5
    endloop
  endfacet
  facet normal 0 0 -1
    outer loop
      vertex 58 0 292.5
      vertex 55 0 292.5
      vertex 57.8587 4.04587 292.5
    endloop
  endfacet
  facet normal 0 0 -1
    outer loop
      vertex 54.4647 -7.65452 292.5
      vertex 57.4355 -8.07204 292.5
      vertex 56.7326 -12.0589 292.5
    endloop
  endfacet
  facet normal 0 0 -1
    outer loop
      vertex 54.866 3.83661 292.5
      vertex 57.8587 4.04587 292.5
      vertex 55 0 292.5
    endloop
  endfacet
  facet normal 0 0 -1
    outer loop
      vertex 53.7981 -11.4351 292.5
      vertex 56.7326 -12.0589 292.5
      vertex 55.7532 -15.987 292.5
    endloop
  endfacet
  facet normal -0 0 -1
    outer loop
      vertex 57.8587 4.04587 292.5
      vertex 54.866 3.83661 292.5
      vertex 57.4355 8.07204 292.5
    endloop
  endfacet
  facet normal 0 0 -1
    outer loop
      vertex 54.4647 7.65452 292.5
      vertex 57.4355 8.07204 292.5
      vertex 54.866 3.83661 292.5
    endloop
  endfacet
  facet normal 0 0 -1
    outer loop
      vertex 57.8587 -4.04587 292.5
      vertex 54.866 -3.83661 292.5
      vertex 55 0 292.5
    endloop
  endfacet
  facet normal 0 0 -1
    outer loop
      vertex 52.8694 -15.1601 292.5
      vertex 55.7532 -15.987 292.5
      vertex 54.5022 -19.8372 292.5
    endloop
  endfacet
  facet normal 0 0 -1
    outer loop
      vertex 57.4355 -8.07204 292.5
      vertex 54.4647 -7.65452 292.5
      vertex 54.866 -3.83661 292.5
    endloop
  endfacet
  facet normal 0 0 -1
    outer loop
      vertex 56.7326 -12.0589 292.5
      vertex 53.7981 -11.4351 292.5
      vertex 54.4647 -7.65452 292.5
    endloop
  endfacet
  facet normal 0 0 -1
    outer loop
      vertex 51.6831 -18.8111 292.5
      vertex 54.5022 -19.8372 292.5
      vertex 52.9856 -23.5907 292.5
    endloop
  endfacet
  facet normal 0 0 -1
    outer loop
      vertex 55.7532 -15.987 292.5
      vertex 52.8694 -15.1601 292.5
      vertex 53.7981 -11.4351 292.5
    endloop
  endfacet
  facet normal 0 0 -1
    outer loop
      vertex 54.5022 -19.8372 292.5
      vertex 51.6831 -18.8111 292.5
      vertex 52.8694 -15.1601 292.5
    endloop
  endfacet
  facet normal 0 0 -1
    outer loop
      vertex 50.245 -22.3705 292.5
      vertex 52.9856 -23.5907 292.5
      vertex 51.211 -27.2294 292.5
    endloop
  endfacet
  facet normal 0 0 -1
    outer loop
      vertex 52.9856 -23.5907 292.5
      vertex 50.245 -22.3705 292.5
      vertex 51.6831 -18.8111 292.5
    endloop
  endfacet
  facet normal 0 0 -1
    outer loop
      vertex 48.5621 -25.8209 292.5
      vertex 51.211 -27.2294 292.5
      vertex 49.1868 -30.7353 292.5
    endloop
  endfacet
  facet normal 0 0 -1
    outer loop
      vertex 51.211 -27.2294 292.5
      vertex 48.5621 -25.8209 292.5
      vertex 50.245 -22.3705 292.5
    endloop
  endfacet
  facet normal 0 0 -1
    outer loop
      vertex 46.6426 -29.1456 292.5
      vertex 49.1868 -30.7353 292.5
      vertex 46.923 -34.0915 292.5
    endloop
  endfacet
  facet normal 0 0 -1
    outer loop
      vertex 49.1868 -30.7353 292.5
      vertex 46.6426 -29.1456 292.5
      vertex 48.5621 -25.8209 292.5
    endloop
  endfacet
  facet normal 0 0 -1
    outer loop
      vertex 46.923 -34.0915 292.5
      vertex 44.4959 -32.3282 292.5
      vertex 46.6426 -29.1456 292.5
    endloop
  endfacet
  facet normal 0 0 -1
    outer loop
      vertex 44.4306 -37.2817 292.5
      vertex 44.4959 -32.3282 292.5
      vertex 46.923 -34.0915 292.5
    endloop
  endfacet
  facet normal 0 0 -1
    outer loop
      vertex 44.4306 -37.2817 292.5
      vertex 42.1324 -35.3533 292.5
      vertex 44.4959 -32.3282 292.5
    endloop
  endfacet
  facet normal 0 0 -1
    outer loop
      vertex 41.7217 -40.2902 292.5
      vertex 42.1324 -35.3533 292.5
      vertex 44.4306 -37.2817 292.5
    endloop
  endfacet
  facet normal 0 0 -1
    outer loop
      vertex 41.7217 -40.2902 292.5
      vertex 39.5637 -38.2062 292.5
      vertex 42.1324 -35.3533 292.5
    endloop
  endfacet
  facet normal 0 0 -1
    outer loop
      vertex 38.8096 -43.1024 292.5
      vertex 39.5637 -38.2062 292.5
      vertex 41.7217 -40.2902 292.5
    endloop
  endfacet
  facet normal 0 0 -1
    outer loop
      vertex 38.8096 -43.1024 292.5
      vertex 36.8022 -40.873 292.5
      vertex 39.5637 -38.2062 292.5
    endloop
  endfacet
  facet normal 0 0 -1
    outer loop
      vertex 35.7084 -45.7046 292.5
      vertex 36.8022 -40.873 292.5
      vertex 38.8096 -43.1024 292.5
    endloop
  endfacet
  facet normal 0 0 -1
    outer loop
      vertex 35.7084 -45.7046 292.5
      vertex 33.8614 -43.3406 292.5
      vertex 36.8022 -40.873 292.5
    endloop
  endfacet
  facet normal 0 0 -1
    outer loop
      vertex 32.4332 -48.0842 292.5
      vertex 33.8614 -43.3406 292.5
      vertex 35.7084 -45.7046 292.5
    endloop
  endfacet
  facet normal 0 0 -1
    outer loop
      vertex 32.4332 -48.0842 292.5
      vertex 30.7556 -45.5971 292.5
      vertex 33.8614 -43.3406 292.5
    endloop
  endfacet
  facet normal 0 0 -1
    outer loop
      vertex 29 -50.2295 292.5
      vertex 30.7556 -45.5971 292.5
      vertex 32.4332 -48.0842 292.5
    endloop
  endfacet
  facet normal 0 0 -1
    outer loop
      vertex 29 -50.2295 292.5
      vertex 27.5 -47.6314 292.5
      vertex 30.7556 -45.5971 292.5
    endloop
  endfacet
  facet normal 0 0 -1
    outer loop
      vertex 25.4255 -52.1301 292.5
      vertex 27.5 -47.6314 292.5
      vertex 29 -50.2295 292.5
    endloop
  endfacet
  facet normal 0 0 -1
    outer loop
      vertex 25.4255 -52.1301 292.5
      vertex 24.1104 -49.4337 292.5
      vertex 27.5 -47.6314 292.5
    endloop
  endfacet
  facet normal 0 0 -1
    outer loop
      vertex 21.7272 -53.7767 292.5
      vertex 24.1104 -49.4337 292.5
      vertex 25.4255 -52.1301 292.5
    endloop
  endfacet
  facet normal 0 0 -1
    outer loop
      vertex 21.7272 -53.7767 292.5
      vertex 20.6034 -50.9951 292.5
      vertex 24.1104 -49.4337 292.5
    endloop
  endfacet
  facet normal 0 0 -1
    outer loop
      vertex 17.923 -55.1613 292.5
      vertex 20.6034 -50.9951 292.5
      vertex 21.7272 -53.7767 292.5
    endloop
  endfacet
  facet normal 0 0 -1
    outer loop
      vertex 17.923 -55.1613 292.5
      vertex 16.9959 -52.3081 292.5
      vertex 20.6034 -50.9951 292.5
    endloop
  endfacet
  facet normal 0 0 -1
    outer loop
      vertex 14.0315 -56.2772 292.5
      vertex 16.9959 -52.3081 292.5
      vertex 17.923 -55.1613 292.5
    endloop
  endfacet
  facet normal 0 0 -1
    outer loop
      vertex 14.0315 -56.2772 292.5
      vertex 13.3057 -53.3663 292.5
      vertex 16.9959 -52.3081 292.5
    endloop
  endfacet
  facet normal 0 0 -1
    outer loop
      vertex 10.0716 -57.1189 292.5
      vertex 13.3057 -53.3663 292.5
      vertex 14.0315 -56.2772 292.5
    endloop
  endfacet
  facet normal 0 0 -1
    outer loop
      vertex 10.0716 -57.1189 292.5
      vertex 9.55065 -54.1644 292.5
      vertex 13.3057 -53.3663 292.5
    endloop
  endfacet
  facet normal 0 0 -1
    outer loop
      vertex 6.06265 -57.6823 292.5
      vertex 9.55065 -54.1644 292.5
      vertex 10.0716 -57.1189 292.5
    endloop
  endfacet
  facet normal 0 0 -1
    outer loop
      vertex 6.06265 -57.6823 292.5
      vertex 5.74907 -54.6987 292.5
      vertex 9.55065 -54.1644 292.5
    endloop
  endfacet
  facet normal 0 0 -1
    outer loop
      vertex 2.02417 -57.9647 292.5
      vertex 5.74907 -54.6987 292.5
      vertex 6.06265 -57.6823 292.5
    endloop
  endfacet
  facet normal 0 0 -1
    outer loop
      vertex 2.02417 -57.9647 292.5
      vertex 1.91947 -54.9665 292.5
      vertex 5.74907 -54.6987 292.5
    endloop
  endfacet
  facet normal 0 0 -1
    outer loop
      vertex 2.02417 -57.9647 292.5
      vertex -1.91947 -54.9665 292.5
      vertex 1.91947 -54.9665 292.5
    endloop
  endfacet
  facet normal 0 0 -1
    outer loop
      vertex -2.02417 -57.9647 292.5
      vertex -1.91947 -54.9665 292.5
      vertex 2.02417 -57.9647 292.5
    endloop
  endfacet
  facet normal 0 0 -1
    outer loop
      vertex -2.02417 -57.9647 292.5
      vertex -5.74907 -54.6987 292.5
      vertex -1.91947 -54.9665 292.5
    endloop
  endfacet
  facet normal 0 0 -1
    outer loop
      vertex -6.06265 -57.6823 292.5
      vertex -5.74907 -54.6987 292.5
      vertex -2.02417 -57.9647 292.5
    endloop
  endfacet
  facet normal 0 0 -1
    outer loop
      vertex -6.06265 -57.6823 292.5
      vertex -9.55065 -54.1644 292.5
      vertex -5.74907 -54.6987 292.5
    endloop
  endfacet
  facet normal 0 0 -1
    outer loop
      vertex -10.0716 -57.1189 292.5
      vertex -9.55065 -54.1644 292.5
      vertex -6.06265 -57.6823 292.5
    endloop
  endfacet
  facet normal 0 0 -1
    outer loop
      vertex -10.0716 -57.1189 292.5
      vertex -13.3057 -53.3663 292.5
      vertex -9.55065 -54.1644 292.5
    endloop
  endfacet
  facet normal 0 0 -1
    outer loop
      vertex -14.0315 -56.2772 292.5
      vertex -13.3057 -53.3663 292.5
      vertex -10.0716 -57.1189 292.5
    endloop
  endfacet
  facet normal 0 0 -1
    outer loop
      vertex -14.0315 -56.2772 292.5
      vertex -16.9959 -52.3081 292.5
      vertex -13.3057 -53.3663 292.5
    endloop
  endfacet
  facet normal 0 0 -1
    outer loop
      vertex -17.923 -55.1613 292.5
      vertex -16.9959 -52.3081 292.5
      vertex -14.0315 -56.2772 292.5
    endloop
  endfacet
  facet normal 0 0 -1
    outer loop
      vertex -17.923 -55.1613 292.5
      vertex -20.6034 -50.9951 292.5
      vertex -16.9959 -52.3081 292.5
    endloop
  endfacet
  facet normal 0 0 -1
    outer loop
      vertex -21.7272 -53.7767 292.5
      vertex -20.6034 -50.9951 292.5
      vertex -17.923 -55.1613 292.5
    endloop
  endfacet
  facet normal 0 0 -1
    outer loop
      vertex -21.7272 -53.7767 292.5
      vertex -24.1104 -49.4337 292.5
      vertex -20.6034 -50.9951 292.5
    endloop
  endfacet
  facet normal 0 0 -1
    outer loop
      vertex -25.4255 -52.1301 292.5
      vertex -24.1104 -49.4337 292.5
      vertex -21.7272 -53.7767 292.5
    endloop
  endfacet
  facet normal 0 0 -1
    outer loop
      vertex -25.4255 -52.1301 292.5
      vertex -27.5 -47.6314 292.5
      vertex -24.1104 -49.4337 292.5
    endloop
  endfacet
  facet normal 0 0 -1
    outer loop
      vertex -29 -50.2295 292.5
      vertex -27.5 -47.6314 292.5
      vertex -25.4255 -52.1301 292.5
    endloop
  endfacet
  facet normal 0 0 -1
    outer loop
      vertex -29 -50.2295 292.5
      vertex -30.7556 -45.5971 292.5
      vertex -27.5 -47.6314 292.5
    endloop
  endfacet
  facet normal 0 0 -1
    outer loop
      vertex -32.4332 -48.0842 292.5
      vertex -30.7556 -45.5971 292.5
      vertex -29 -50.2295 292.5
    endloop
  endfacet
  facet normal 0 0 -1
    outer loop
      vertex -32.4332 -48.0842 292.5
      vertex -33.8614 -43.3406 292.5
      vertex -30.7556 -45.5971 292.5
    endloop
  endfacet
  facet normal 0 0 -1
    outer loop
      vertex -35.7084 -45.7046 292.5
      vertex -33.8614 -43.3406 292.5
      vertex -32.4332 -48.0842 292.5
    endloop
  endfacet
  facet normal 0 0 -1
    outer loop
      vertex -35.7084 -45.7046 292.5
      vertex -36.8022 -40.873 292.5
      vertex -33.8614 -43.3406 292.5
    endloop
  endfacet
  facet normal 0 0 -1
    outer loop
      vertex -38.8096 -43.1024 292.5
      vertex -36.8022 -40.873 292.5
      vertex -35.7084 -45.7046 292.5
    endloop
  endfacet
  facet normal 0 0 -1
    outer loop
      vertex -38.8096 -43.1024 292.5
      vertex -39.5637 -38.2062 292.5
      vertex -36.8022 -40.873 292.5
    endloop
  endfacet
  facet normal 0 0 -1
    outer loop
      vertex -41.7217 -40.2902 292.5
      vertex -39.5637 -38.2062 292.5
      vertex -38.8096 -43.1024 292.5
    endloop
  endfacet
  facet normal 0 0 -1
    outer loop
      vertex -41.7217 -40.2902 292.5
      vertex -42.1324 -35.3533 292.5
      vertex -39.5637 -38.2062 292.5
    endloop
  endfacet
  facet normal 0 0 -1
    outer loop
      vertex -44.4306 -37.2817 292.5
      vertex -42.1324 -35.3533 292.5
      vertex -41.7217 -40.2902 292.5
    endloop
  endfacet
  facet normal 0 0 -1
    outer loop
      vertex -44.4306 -37.2817 292.5
      vertex -44.4959 -32.3282 292.5
      vertex -42.1324 -35.3533 292.5
    endloop
  endfacet
  facet normal 0 0 -1
    outer loop
      vertex -46.923 -34.0915 292.5
      vertex -44.4959 -32.3282 292.5
      vertex -44.4306 -37.2817 292.5
    endloop
  endfacet
  facet normal -0 0 -1
    outer loop
      vertex -44.4959 -32.3282 292.5
      vertex -46.923 -34.0915 292.5
      vertex -46.6426 -29.1456 292.5
    endloop
  endfacet
  facet normal 0 0 -1
    outer loop
      vertex -49.1868 -30.7353 292.5
      vertex -46.6426 -29.1456 292.5
      vertex -46.923 -34.0915 292.5
    endloop
  endfacet
  facet normal -0 0 -1
    outer loop
      vertex -46.6426 -29.1456 292.5
      vertex -49.1868 -30.7353 292.5
      vertex -48.5621 -25.8209 292.5
    endloop
  endfacet
  facet normal 0 0 -1
    outer loop
      vertex -51.211 -27.2294 292.5
      vertex -48.5621 -25.8209 292.5
      vertex -49.1868 -30.7353 292.5
    endloop
  endfacet
  facet normal -0 0 -1
    outer loop
      vertex -48.5621 -25.8209 292.5
      vertex -51.211 -27.2294 292.5
      vertex -50.245 -22.3705 292.5
    endloop
  endfacet
  facet normal 0 0 -1
    outer loop
      vertex -52.9856 -23.5907 292.5
      vertex -50.245 -22.3705 292.5
      vertex -51.211 -27.2294 292.5
    endloop
  endfacet
  facet normal -0 0 -1
    outer loop
      vertex -50.245 -22.3705 292.5
      vertex -52.9856 -23.5907 292.5
      vertex -51.6831 -18.8111 292.5
    endloop
  endfacet
  facet normal 0 0 -1
    outer loop
      vertex -54.5022 -19.8372 292.5
      vertex -51.6831 -18.8111 292.5
      vertex -52.9856 -23.5907 292.5
    endloop
  endfacet
  facet normal -0 0 -1
    outer loop
      vertex -51.6831 -18.8111 292.5
      vertex -54.5022 -19.8372 292.5
      vertex -52.8694 -15.1601 292.5
    endloop
  endfacet
  facet normal 0 0 -1
    outer loop
      vertex -55.7532 -15.987 292.5
      vertex -52.8694 -15.1601 292.5
      vertex -54.5022 -19.8372 292.5
    endloop
  endfacet
  facet normal -0 0 -1
    outer loop
      vertex -52.8694 -15.1601 292.5
      vertex -55.7532 -15.987 292.5
      vertex -53.7981 -11.4351 292.5
    endloop
  endfacet
  facet normal 0 0 -1
    outer loop
      vertex -56.7326 -12.0589 292.5
      vertex -53.7981 -11.4351 292.5
      vertex -55.7532 -15.987 292.5
    endloop
  endfacet
  facet normal -0 0 -1
    outer loop
      vertex -53.7981 -11.4351 292.5
      vertex -56.7326 -12.0589 292.5
      vertex -54.4647 -7.65452 292.5
    endloop
  endfacet
  facet normal 0 0 -1
    outer loop
      vertex -57.4355 -8.07204 292.5
      vertex -54.4647 -7.65452 292.5
      vertex -56.7326 -12.0589 292.5
    endloop
  endfacet
  facet normal -0 0 -1
    outer loop
      vertex 57.4355 8.07204 292.5
      vertex 54.4647 7.65452 292.5
      vertex 56.7326 12.0589 292.5
    endloop
  endfacet
  facet normal 0 0 -1
    outer loop
      vertex 53.7981 11.4351 292.5
      vertex 56.7326 12.0589 292.5
      vertex 54.4647 7.65452 292.5
    endloop
  endfacet
  facet normal -0 0 -1
    outer loop
      vertex 56.7326 12.0589 292.5
      vertex 53.7981 11.4351 292.5
      vertex 55.7532 15.987 292.5
    endloop
  endfacet
  facet normal 0 0 -1
    outer loop
      vertex 52.8694 15.1601 292.5
      vertex 55.7532 15.987 292.5
      vertex 53.7981 11.4351 292.5
    endloop
  endfacet
  facet normal -0 0 -1
    outer loop
      vertex 55.7532 15.987 292.5
      vertex 52.8694 15.1601 292.5
      vertex 54.5022 19.8372 292.5
    endloop
  endfacet
  facet normal 0 0 -1
    outer loop
      vertex 51.6831 18.8111 292.5
      vertex 54.5022 19.8372 292.5
      vertex 52.8694 15.1601 292.5
    endloop
  endfacet
  facet normal -0 0 -1
    outer loop
      vertex 54.5022 19.8372 292.5
      vertex 51.6831 18.8111 292.5
      vertex 52.9856 23.5907 292.5
    endloop
  endfacet
  facet normal 0 0 -1
    outer loop
      vertex 50.245 22.3705 292.5
      vertex 52.9856 23.5907 292.5
      vertex 51.6831 18.8111 292.5
    endloop
  endfacet
  facet normal -0 0 -1
    outer loop
      vertex 52.9856 23.5907 292.5
      vertex 50.245 22.3705 292.5
      vertex 51.211 27.2294 292.5
    endloop
  endfacet
  facet normal 0 0 -1
    outer loop
      vertex 48.5621 25.8209 292.5
      vertex 51.211 27.2294 292.5
      vertex 50.245 22.3705 292.5
    endloop
  endfacet
  facet normal -0 0 -1
    outer loop
      vertex 51.211 27.2294 292.5
      vertex 48.5621 25.8209 292.5
      vertex 49.1868 30.7353 292.5
    endloop
  endfacet
  facet normal 0 0 -1
    outer loop
      vertex 46.6426 29.1456 292.5
      vertex 49.1868 30.7353 292.5
      vertex 48.5621 25.8209 292.5
    endloop
  endfacet
  facet normal -0 0 -1
    outer loop
      vertex 49.1868 30.7353 292.5
      vertex 46.6426 29.1456 292.5
      vertex 46.923 34.0915 292.5
    endloop
  endfacet
  facet normal 0 0 -1
    outer loop
      vertex 44.4959 32.3282 292.5
      vertex 46.923 34.0915 292.5
      vertex 46.6426 29.1456 292.5
    endloop
  endfacet
  facet normal 0 0 -1
    outer loop
      vertex 44.4959 32.3282 292.5
      vertex 44.4306 37.2817 292.5
      vertex 46.923 34.0915 292.5
    endloop
  endfacet
  facet normal 0 0 -1
    outer loop
      vertex 42.1324 35.3533 292.5
      vertex 44.4306 37.2817 292.5
      vertex 44.4959 32.3282 292.5
    endloop
  endfacet
  facet normal 0 0 -1
    outer loop
      vertex 42.1324 35.3533 292.5
      vertex 41.7217 40.2902 292.5
      vertex 44.4306 37.2817 292.5
    endloop
  endfacet
  facet normal 0 0 -1
    outer loop
      vertex 39.5637 38.2062 292.5
      vertex 41.7217 40.2902 292.5
      vertex 42.1324 35.3533 292.5
    endloop
  endfacet
  facet normal 0 0 -1
    outer loop
      vertex 39.5637 38.2062 292.5
      vertex 38.8096 43.1024 292.5
      vertex 41.7217 40.2902 292.5
    endloop
  endfacet
  facet normal 0 0 -1
    outer loop
      vertex 36.8022 40.873 292.5
      vertex 38.8096 43.1024 292.5
      vertex 39.5637 38.2062 292.5
    endloop
  endfacet
  facet normal 0 0 -1
    outer loop
      vertex 36.8022 40.873 292.5
      vertex 35.7084 45.7046 292.5
      vertex 38.8096 43.1024 292.5
    endloop
  endfacet
  facet normal 0 0 -1
    outer loop
      vertex 33.8614 43.3406 292.5
      vertex 35.7084 45.7046 292.5
      vertex 36.8022 40.873 292.5
    endloop
  endfacet
  facet normal 0 0 -1
    outer loop
      vertex 33.8614 43.3406 292.5
      vertex 32.4332 48.0842 292.5
      vertex 35.7084 45.7046 292.5
    endloop
  endfacet
  facet normal 0 0 -1
    outer loop
      vertex 30.7556 45.5971 292.5
      vertex 32.4332 48.0842 292.5
      vertex 33.8614 43.3406 292.5
    endloop
  endfacet
  facet normal 0 0 -1
    outer loop
      vertex 30.7556 45.5971 292.5
      vertex 29 50.2295 292.5
      vertex 32.4332 48.0842 292.5
    endloop
  endfacet
  facet normal 0 0 -1
    outer loop
      vertex 27.5 47.6314 292.5
      vertex 29 50.2295 292.5
      vertex 30.7556 45.5971 292.5
    endloop
  endfacet
  facet normal 0 0 -1
    outer loop
      vertex 27.5 47.6314 292.5
      vertex 25.4255 52.1301 292.5
      vertex 29 50.2295 292.5
    endloop
  endfacet
  facet normal 0 0 -1
    outer loop
      vertex 24.1104 49.4337 292.5
      vertex 25.4255 52.1301 292.5
      vertex 27.5 47.6314 292.5
    endloop
  endfacet
  facet normal 0 0 -1
    outer loop
      vertex 24.1104 49.4337 292.5
      vertex 21.7272 53.7767 292.5
      vertex 25.4255 52.1301 292.5
    endloop
  endfacet
  facet normal 0 0 -1
    outer loop
      vertex 20.6034 50.9951 292.5
      vertex 21.7272 53.7767 292.5
      vertex 24.1104 49.4337 292.5
    endloop
  endfacet
  facet normal 0 0 -1
    outer loop
      vertex 20.6034 50.9951 292.5
      vertex 17.923 55.1613 292.5
      vertex 21.7272 53.7767 292.5
    endloop
  endfacet
  facet normal 0 0 -1
    outer loop
      vertex 16.9959 52.3081 292.5
      vertex 17.923 55.1613 292.5
      vertex 20.6034 50.9951 292.5
    endloop
  endfacet
  facet normal 0 0 -1
    outer loop
      vertex 16.9959 52.3081 292.5
      vertex 14.0315 56.2772 292.5
      vertex 17.923 55.1613 292.5
    endloop
  endfacet
  facet normal 0 0 -1
    outer loop
      vertex 13.3057 53.3663 292.5
      vertex 14.0315 56.2772 292.5
      vertex 16.9959 52.3081 292.5
    endloop
  endfacet
  facet normal 0 0 -1
    outer loop
      vertex 13.3057 53.3663 292.5
      vertex 10.0716 57.1189 292.5
      vertex 14.0315 56.2772 292.5
    endloop
  endfacet
  facet normal 0 0 -1
    outer loop
      vertex 9.55065 54.1644 292.5
      vertex 10.0716 57.1189 292.5
      vertex 13.3057 53.3663 292.5
    endloop
  endfacet
  facet normal 0 0 -1
    outer loop
      vertex 9.55065 54.1644 292.5
      vertex 6.06265 57.6823 292.5
      vertex 10.0716 57.1189 292.5
    endloop
  endfacet
  facet normal 0 0 -1
    outer loop
      vertex 5.74907 54.6987 292.5
      vertex 6.06265 57.6823 292.5
      vertex 9.55065 54.1644 292.5
    endloop
  endfacet
  facet normal 0 0 -1
    outer loop
      vertex 5.74907 54.6987 292.5
      vertex 2.02417 57.9647 292.5
      vertex 6.06265 57.6823 292.5
    endloop
  endfacet
  facet normal 0 0 -1
    outer loop
      vertex 1.91947 54.9665 292.5
      vertex 2.02417 57.9647 292.5
      vertex 5.74907 54.6987 292.5
    endloop
  endfacet
  facet normal 0 0 -1
    outer loop
      vertex -1.91947 54.9665 292.5
      vertex 2.02417 57.9647 292.5
      vertex 1.91947 54.9665 292.5
    endloop
  endfacet
  facet normal 0 0 -1
    outer loop
      vertex -1.91947 54.9665 292.5
      vertex -2.02417 57.9647 292.5
      vertex 2.02417 57.9647 292.5
    endloop
  endfacet
  facet normal 0 0 -1
    outer loop
      vertex -5.74907 54.6987 292.5
      vertex -2.02417 57.9647 292.5
      vertex -1.91947 54.9665 292.5
    endloop
  endfacet
  facet normal 0 0 -1
    outer loop
      vertex -5.74907 54.6987 292.5
      vertex -6.06265 57.6823 292.5
      vertex -2.02417 57.9647 292.5
    endloop
  endfacet
  facet normal 0 0 -1
    outer loop
      vertex -9.55065 54.1644 292.5
      vertex -6.06265 57.6823 292.5
      vertex -5.74907 54.6987 292.5
    endloop
  endfacet
  facet normal 0 0 -1
    outer loop
      vertex -9.55065 54.1644 292.5
      vertex -10.0716 57.1189 292.5
      vertex -6.06265 57.6823 292.5
    endloop
  endfacet
  facet normal 0 0 -1
    outer loop
      vertex -13.3057 53.3663 292.5
      vertex -10.0716 57.1189 292.5
      vertex -9.55065 54.1644 292.5
    endloop
  endfacet
  facet normal 0 0 -1
    outer loop
      vertex -13.3057 53.3663 292.5
      vertex -14.0315 56.2772 292.5
      vertex -10.0716 57.1189 292.5
    endloop
  endfacet
  facet normal 0 0 -1
    outer loop
      vertex -16.9959 52.3081 292.5
      vertex -14.0315 56.2772 292.5
      vertex -13.3057 53.3663 292.5
    endloop
  endfacet
  facet normal 0 0 -1
    outer loop
      vertex -16.9959 52.3081 292.5
      vertex -17.923 55.1613 292.5
      vertex -14.0315 56.2772 292.5
    endloop
  endfacet
  facet normal 0 0 -1
    outer loop
      vertex -20.6034 50.9951 292.5
      vertex -17.923 55.1613 292.5
      vertex -16.9959 52.3081 292.5
    endloop
  endfacet
  facet normal 0 0 -1
    outer loop
      vertex -20.6034 50.9951 292.5
      vertex -21.7272 53.7767 292.5
      vertex -17.923 55.1613 292.5
    endloop
  endfacet
  facet normal 0 0 -1
    outer loop
      vertex -24.1104 49.4337 292.5
      vertex -21.7272 53.7767 292.5
      vertex -20.6034 50.9951 292.5
    endloop
  endfacet
  facet normal 0 0 -1
    outer loop
      vertex -24.1104 49.4337 292.5
      vertex -25.4255 52.1301 292.5
      vertex -21.7272 53.7767 292.5
    endloop
  endfacet
  facet normal 0 0 -1
    outer loop
      vertex -27.5 47.6314 292.5
      vertex -25.4255 52.1301 292.5
      vertex -24.1104 49.4337 292.5
    endloop
  endfacet
  facet normal 0 0 -1
    outer loop
      vertex -27.5 47.6314 292.5
      vertex -29 50.2295 292.5
      vertex -25.4255 52.1301 292.5
    endloop
  endfacet
  facet normal 0 0 -1
    outer loop
      vertex -30.7556 45.5971 292.5
      vertex -29 50.2295 292.5
      vertex -27.5 47.6314 292.5
    endloop
  endfacet
  facet normal 0 0 -1
    outer loop
      vertex -30.7556 45.5971 292.5
      vertex -32.4332 48.0842 292.5
      vertex -29 50.2295 292.5
    endloop
  endfacet
  facet normal 0 0 -1
    outer loop
      vertex -33.8614 43.3406 292.5
      vertex -32.4332 48.0842 292.5
      vertex -30.7556 45.5971 292.5
    endloop
  endfacet
  facet normal 0 0 -1
    outer loop
      vertex -33.8614 43.3406 292.5
      vertex -35.7084 45.7046 292.5
      vertex -32.4332 48.0842 292.5
    endloop
  endfacet
  facet normal 0 0 -1
    outer loop
      vertex -36.8022 40.873 292.5
      vertex -35.7084 45.7046 292.5
      vertex -33.8614 43.3406 292.5
    endloop
  endfacet
  facet normal 0 0 -1
    outer loop
      vertex -36.8022 40.873 292.5
      vertex -38.8096 43.1024 292.5
      vertex -35.7084 45.7046 292.5
    endloop
  endfacet
  facet normal 0 0 -1
    outer loop
      vertex -39.5637 38.2062 292.5
      vertex -38.8096 43.1024 292.5
      vertex -36.8022 40.873 292.5
    endloop
  endfacet
  facet normal 0 0 -1
    outer loop
      vertex -39.5637 38.2062 292.5
      vertex -41.7217 40.2902 292.5
      vertex -38.8096 43.1024 292.5
    endloop
  endfacet
  facet normal 0 0 -1
    outer loop
      vertex -42.1324 35.3533 292.5
      vertex -41.7217 40.2902 292.5
      vertex -39.5637 38.2062 292.5
    endloop
  endfacet
  facet normal 0 0 -1
    outer loop
      vertex -42.1324 35.3533 292.5
      vertex -44.4306 37.2817 292.5
      vertex -41.7217 40.2902 292.5
    endloop
  endfacet
  facet normal 0 0 -1
    outer loop
      vertex -44.4959 32.3282 292.5
      vertex -44.4306 37.2817 292.5
      vertex -42.1324 35.3533 292.5
    endloop
  endfacet
  facet normal 0 0 -1
    outer loop
      vertex -46.923 34.0915 292.5
      vertex -44.4959 32.3282 292.5
      vertex -46.6426 29.1456 292.5
    endloop
  endfacet
  facet normal 0 0 -1
    outer loop
      vertex -44.4959 32.3282 292.5
      vertex -46.923 34.0915 292.5
      vertex -44.4306 37.2817 292.5
    endloop
  endfacet
  facet normal 0 0 -1
    outer loop
      vertex -49.1868 30.7353 292.5
      vertex -46.6426 29.1456 292.5
      vertex -48.5621 25.8209 292.5
    endloop
  endfacet
  facet normal 0 0 -1
    outer loop
      vertex -46.6426 29.1456 292.5
      vertex -49.1868 30.7353 292.5
      vertex -46.923 34.0915 292.5
    endloop
  endfacet
  facet normal 0 0 -1
    outer loop
      vertex -51.211 27.2294 292.5
      vertex -48.5621 25.8209 292.5
      vertex -50.245 22.3705 292.5
    endloop
  endfacet
  facet normal 0 0 -1
    outer loop
      vertex -48.5621 25.8209 292.5
      vertex -51.211 27.2294 292.5
      vertex -49.1868 30.7353 292.5
    endloop
  endfacet
  facet normal 0 0 -1
    outer loop
      vertex -52.9856 23.5907 292.5
      vertex -50.245 22.3705 292.5
      vertex -51.6831 18.8111 292.5
    endloop
  endfacet
  facet normal 0 0 -1
    outer loop
      vertex -54.5022 19.8372 292.5
      vertex -51.6831 18.8111 292.5
      vertex -52.8694 15.1601 292.5
    endloop
  endfacet
  facet normal 0 0 -1
    outer loop
      vertex -50.245 22.3705 292.5
      vertex -52.9856 23.5907 292.5
      vertex -51.211 27.2294 292.5
    endloop
  endfacet
  facet normal 0 0 -1
    outer loop
      vertex -55.7532 15.987 292.5
      vertex -52.8694 15.1601 292.5
      vertex -53.7981 11.4351 292.5
    endloop
  endfacet
  facet normal 0 0 -1
    outer loop
      vertex -56.7326 12.0589 292.5
      vertex -53.7981 11.4351 292.5
      vertex -54.4647 7.65452 292.5
    endloop
  endfacet
  facet normal 0 0 -1
    outer loop
      vertex -51.6831 18.8111 292.5
      vertex -54.5022 19.8372 292.5
      vertex -52.9856 23.5907 292.5
    endloop
  endfacet
  facet normal 0 0 -1
    outer loop
      vertex -57.4355 8.07204 292.5
      vertex -54.4647 7.65452 292.5
      vertex -54.866 3.83661 292.5
    endloop
  endfacet
  facet normal 0 0 -1
    outer loop
      vertex -57.8587 4.04587 292.5
      vertex -54.866 3.83661 292.5
      vertex -55 0 292.5
    endloop
  endfacet
  facet normal -0 0 -1
    outer loop
      vertex -54.4647 -7.65452 292.5
      vertex -57.4355 -8.07204 292.5
      vertex -54.866 -3.83661 292.5
    endloop
  endfacet
  facet normal 0 0 -1
    outer loop
      vertex -52.8694 15.1601 292.5
      vertex -55.7532 15.987 292.5
      vertex -54.5022 19.8372 292.5
    endloop
  endfacet
  facet normal 0 0 -1
    outer loop
      vertex -57.8587 -4.04587 292.5
      vertex -54.866 -3.83661 292.5
      vertex -57.4355 -8.07204 292.5
    endloop
  endfacet
  facet normal 0 0 -1
    outer loop
      vertex -53.7981 11.4351 292.5
      vertex -56.7326 12.0589 292.5
      vertex -55.7532 15.987 292.5
    endloop
  endfacet
  facet normal -0 0 -1
    outer loop
      vertex -54.866 -3.83661 292.5
      vertex -57.8587 -4.04587 292.5
      vertex -55 0 292.5
    endloop
  endfacet
  facet normal 0 0 -1
    outer loop
      vertex -54.4647 7.65452 292.5
      vertex -57.4355 8.07204 292.5
      vertex -56.7326 12.0589 292.5
    endloop
  endfacet
  facet normal 0 0 -1
    outer loop
      vertex -58 0 292.5
      vertex -55 0 292.5
      vertex -57.8587 -4.04587 292.5
    endloop
  endfacet
  facet normal 0 0 -1
    outer loop
      vertex -54.866 3.83661 292.5
      vertex -57.8587 4.04587 292.5
      vertex -57.4355 8.07204 292.5
    endloop
  endfacet
  facet normal 0 0 -1
    outer loop
      vertex -55 0 292.5
      vertex -58 0 292.5
      vertex -57.8587 4.04587 292.5
    endloop
  endfacet
  facet normal -0.829036 -0.559195 0
    outer loop
      vertex -46.923 -34.0915 292.5
      vertex -49.1868 -30.7353 307.5
      vertex -49.1868 -30.7353 292.5
    endloop
  endfacet
  facet normal -0.829036 -0.559195 0
    outer loop
      vertex -49.1868 -30.7353 307.5
      vertex -46.923 -34.0915 292.5
      vertex -46.923 -34.0915 307.5
    endloop
  endfacet
  facet normal 0 0 1
    outer loop
      vertex 55 0 307.5
      vertex 58 0 307.5
      vertex 57.8587 4.04587 307.5
    endloop
  endfacet
  facet normal 0 0 1
    outer loop
      vertex 54.866 3.83661 307.5
      vertex 57.8587 4.04587 307.5
      vertex 57.4355 8.07204 307.5
    endloop
  endfacet
  facet normal 0 0 1
    outer loop
      vertex 58 0 307.5
      vertex 55 0 307.5
      vertex 57.8587 -4.04587 307.5
    endloop
  endfacet
  facet normal 0 0 1
    outer loop
      vertex 54.4647 7.65452 307.5
      vertex 57.4355 8.07204 307.5
      vertex 56.7326 12.0589 307.5
    endloop
  endfacet
  facet normal -0 0 1
    outer loop
      vertex 54.866 -3.83661 307.5
      vertex 57.8587 -4.04587 307.5
      vertex 55 0 307.5
    endloop
  endfacet
  facet normal 0 0 1
    outer loop
      vertex 53.7981 11.4351 307.5
      vertex 56.7326 12.0589 307.5
      vertex 55.7532 15.987 307.5
    endloop
  endfacet
  facet normal 0 0 1
    outer loop
      vertex 57.8587 -4.04587 307.5
      vertex 54.866 -3.83661 307.5
      vertex 57.4355 -8.07204 307.5
    endloop
  endfacet
  facet normal -0 0 1
    outer loop
      vertex 54.4647 -7.65452 307.5
      vertex 57.4355 -8.07204 307.5
      vertex 54.866 -3.83661 307.5
    endloop
  endfacet
  facet normal 0 0 1
    outer loop
      vertex 57.8587 4.04587 307.5
      vertex 54.866 3.83661 307.5
      vertex 55 0 307.5
    endloop
  endfacet
  facet normal 0 0 1
    outer loop
      vertex 52.8694 15.1601 307.5
      vertex 55.7532 15.987 307.5
      vertex 54.5022 19.8372 307.5
    endloop
  endfacet
  facet normal 0 0 1
    outer loop
      vertex 57.4355 8.07204 307.5
      vertex 54.4647 7.65452 307.5
      vertex 54.866 3.83661 307.5
    endloop
  endfacet
  facet normal 0 0 1
    outer loop
      vertex 56.7326 12.0589 307.5
      vertex 53.7981 11.4351 307.5
      vertex 54.4647 7.65452 307.5
    endloop
  endfacet
  facet normal 0 0 1
    outer loop
      vertex 51.6831 18.8111 307.5
      vertex 54.5022 19.8372 307.5
      vertex 52.9856 23.5907 307.5
    endloop
  endfacet
  facet normal 0 0 1
    outer loop
      vertex 55.7532 15.987 307.5
      vertex 52.8694 15.1601 307.5
      vertex 53.7981 11.4351 307.5
    endloop
  endfacet
  facet normal 0 0 1
    outer loop
      vertex 54.5022 19.8372 307.5
      vertex 51.6831 18.8111 307.5
      vertex 52.8694 15.1601 307.5
    endloop
  endfacet
  facet normal 0 0 1
    outer loop
      vertex 50.245 22.3705 307.5
      vertex 52.9856 23.5907 307.5
      vertex 51.211 27.2294 307.5
    endloop
  endfacet
  facet normal 0 0 1
    outer loop
      vertex 52.9856 23.5907 307.5
      vertex 50.245 22.3705 307.5
      vertex 51.6831 18.8111 307.5
    endloop
  endfacet
  facet normal 0 0 1
    outer loop
      vertex 48.5621 25.8209 307.5
      vertex 51.211 27.2294 307.5
      vertex 49.1868 30.7353 307.5
    endloop
  endfacet
  facet normal 0 0 1
    outer loop
      vertex 51.211 27.2294 307.5
      vertex 48.5621 25.8209 307.5
      vertex 50.245 22.3705 307.5
    endloop
  endfacet
  facet normal 0 0 1
    outer loop
      vertex 46.6426 29.1456 307.5
      vertex 49.1868 30.7353 307.5
      vertex 46.923 34.0915 307.5
    endloop
  endfacet
  facet normal 0 0 1
    outer loop
      vertex 49.1868 30.7353 307.5
      vertex 46.6426 29.1456 307.5
      vertex 48.5621 25.8209 307.5
    endloop
  endfacet
  facet normal 0 0 1
    outer loop
      vertex 46.923 34.0915 307.5
      vertex 44.4959 32.3282 307.5
      vertex 46.6426 29.1456 307.5
    endloop
  endfacet
  facet normal 0 0 1
    outer loop
      vertex 44.4306 37.2817 307.5
      vertex 44.4959 32.3282 307.5
      vertex 46.923 34.0915 307.5
    endloop
  endfacet
  facet normal 0 0 1
    outer loop
      vertex 44.4306 37.2817 307.5
      vertex 42.1324 35.3533 307.5
      vertex 44.4959 32.3282 307.5
    endloop
  endfacet
  facet normal 0 0 1
    outer loop
      vertex 41.7217 40.2902 307.5
      vertex 42.1324 35.3533 307.5
      vertex 44.4306 37.2817 307.5
    endloop
  endfacet
  facet normal 0 0 1
    outer loop
      vertex 41.7217 40.2902 307.5
      vertex 39.5637 38.2062 307.5
      vertex 42.1324 35.3533 307.5
    endloop
  endfacet
  facet normal 0 0 1
    outer loop
      vertex 38.8096 43.1024 307.5
      vertex 39.5637 38.2062 307.5
      vertex 41.7217 40.2902 307.5
    endloop
  endfacet
  facet normal 0 0 1
    outer loop
      vertex 38.8096 43.1024 307.5
      vertex 36.8022 40.873 307.5
      vertex 39.5637 38.2062 307.5
    endloop
  endfacet
  facet normal 0 0 1
    outer loop
      vertex 35.7084 45.7046 307.5
      vertex 36.8022 40.873 307.5
      vertex 38.8096 43.1024 307.5
    endloop
  endfacet
  facet normal 0 0 1
    outer loop
      vertex 35.7084 45.7046 307.5
      vertex 33.8614 43.3406 307.5
      vertex 36.8022 40.873 307.5
    endloop
  endfacet
  facet normal 0 0 1
    outer loop
      vertex 32.4332 48.0842 307.5
      vertex 33.8614 43.3406 307.5
      vertex 35.7084 45.7046 307.5
    endloop
  endfacet
  facet normal 0 0 1
    outer loop
      vertex 32.4332 48.0842 307.5
      vertex 30.7556 45.5971 307.5
      vertex 33.8614 43.3406 307.5
    endloop
  endfacet
  facet normal 0 0 1
    outer loop
      vertex 29 50.2295 307.5
      vertex 30.7556 45.5971 307.5
      vertex 32.4332 48.0842 307.5
    endloop
  endfacet
  facet normal 0 0 1
    outer loop
      vertex 29 50.2295 307.5
      vertex 27.5 47.6314 307.5
      vertex 30.7556 45.5971 307.5
    endloop
  endfacet
  facet normal 0 0 1
    outer loop
      vertex 25.4255 52.1301 307.5
      vertex 27.5 47.6314 307.5
      vertex 29 50.2295 307.5
    endloop
  endfacet
  facet normal 0 0 1
    outer loop
      vertex 25.4255 52.1301 307.5
      vertex 24.1104 49.4337 307.5
      vertex 27.5 47.6314 307.5
    endloop
  endfacet
  facet normal 0 0 1
    outer loop
      vertex 21.7272 53.7767 307.5
      vertex 24.1104 49.4337 307.5
      vertex 25.4255 52.1301 307.5
    endloop
  endfacet
  facet normal 0 0 1
    outer loop
      vertex 21.7272 53.7767 307.5
      vertex 20.6034 50.9951 307.5
      vertex 24.1104 49.4337 307.5
    endloop
  endfacet
  facet normal 0 0 1
    outer loop
      vertex 17.923 55.1613 307.5
      vertex 20.6034 50.9951 307.5
      vertex 21.7272 53.7767 307.5
    endloop
  endfacet
  facet normal 0 0 1
    outer loop
      vertex 17.923 55.1613 307.5
      vertex 16.9959 52.3081 307.5
      vertex 20.6034 50.9951 307.5
    endloop
  endfacet
  facet normal 0 0 1
    outer loop
      vertex 14.0315 56.2772 307.5
      vertex 16.9959 52.3081 307.5
      vertex 17.923 55.1613 307.5
    endloop
  endfacet
  facet normal 0 0 1
    outer loop
      vertex 14.0315 56.2772 307.5
      vertex 13.3057 53.3663 307.5
      vertex 16.9959 52.3081 307.5
    endloop
  endfacet
  facet normal 0 0 1
    outer loop
      vertex 10.0716 57.1189 307.5
      vertex 13.3057 53.3663 307.5
      vertex 14.0315 56.2772 307.5
    endloop
  endfacet
  facet normal 0 0 1
    outer loop
      vertex 10.0716 57.1189 307.5
      vertex 9.55065 54.1644 307.5
      vertex 13.3057 53.3663 307.5
    endloop
  endfacet
  facet normal 0 0 1
    outer loop
      vertex 6.06265 57.6823 307.5
      vertex 9.55065 54.1644 307.5
      vertex 10.0716 57.1189 307.5
    endloop
  endfacet
  facet normal 0 0 1
    outer loop
      vertex 6.06265 57.6823 307.5
      vertex 5.74907 54.6987 307.5
      vertex 9.55065 54.1644 307.5
    endloop
  endfacet
  facet normal 0 0 1
    outer loop
      vertex 2.02417 57.9647 307.5
      vertex 5.74907 54.6987 307.5
      vertex 6.06265 57.6823 307.5
    endloop
  endfacet
  facet normal 0 0 1
    outer loop
      vertex 2.02417 57.9647 307.5
      vertex 1.91947 54.9665 307.5
      vertex 5.74907 54.6987 307.5
    endloop
  endfacet
  facet normal 0 0 1
    outer loop
      vertex 2.02417 57.9647 307.5
      vertex -1.91947 54.9665 307.5
      vertex 1.91947 54.9665 307.5
    endloop
  endfacet
  facet normal -0 0 1
    outer loop
      vertex -2.02417 57.9647 307.5
      vertex -1.91947 54.9665 307.5
      vertex 2.02417 57.9647 307.5
    endloop
  endfacet
  facet normal 0 0 1
    outer loop
      vertex -2.02417 57.9647 307.5
      vertex -5.74907 54.6987 307.5
      vertex -1.91947 54.9665 307.5
    endloop
  endfacet
  facet normal -0 0 1
    outer loop
      vertex -6.06265 57.6823 307.5
      vertex -5.74907 54.6987 307.5
      vertex -2.02417 57.9647 307.5
    endloop
  endfacet
  facet normal 0 0 1
    outer loop
      vertex -6.06265 57.6823 307.5
      vertex -9.55065 54.1644 307.5
      vertex -5.74907 54.6987 307.5
    endloop
  endfacet
  facet normal -0 0 1
    outer loop
      vertex -10.0716 57.1189 307.5
      vertex -9.55065 54.1644 307.5
      vertex -6.06265 57.6823 307.5
    endloop
  endfacet
  facet normal 0 0 1
    outer loop
      vertex -10.0716 57.1189 307.5
      vertex -13.3057 53.3663 307.5
      vertex -9.55065 54.1644 307.5
    endloop
  endfacet
  facet normal -0 0 1
    outer loop
      vertex -14.0315 56.2772 307.5
      vertex -13.3057 53.3663 307.5
      vertex -10.0716 57.1189 307.5
    endloop
  endfacet
  facet normal 0 0 1
    outer loop
      vertex -14.0315 56.2772 307.5
      vertex -16.9959 52.3081 307.5
      vertex -13.3057 53.3663 307.5
    endloop
  endfacet
  facet normal -0 0 1
    outer loop
      vertex -17.923 55.1613 307.5
      vertex -16.9959 52.3081 307.5
      vertex -14.0315 56.2772 307.5
    endloop
  endfacet
  facet normal 0 0 1
    outer loop
      vertex -17.923 55.1613 307.5
      vertex -20.6034 50.9951 307.5
      vertex -16.9959 52.3081 307.5
    endloop
  endfacet
  facet normal -0 0 1
    outer loop
      vertex -21.7272 53.7767 307.5
      vertex -20.6034 50.9951 307.5
      vertex -17.923 55.1613 307.5
    endloop
  endfacet
  facet normal 0 0 1
    outer loop
      vertex -21.7272 53.7767 307.5
      vertex -24.1104 49.4337 307.5
      vertex -20.6034 50.9951 307.5
    endloop
  endfacet
  facet normal -0 0 1
    outer loop
      vertex -25.4255 52.1301 307.5
      vertex -24.1104 49.4337 307.5
      vertex -21.7272 53.7767 307.5
    endloop
  endfacet
  facet normal 0 0 1
    outer loop
      vertex -25.4255 52.1301 307.5
      vertex -27.5 47.6314 307.5
      vertex -24.1104 49.4337 307.5
    endloop
  endfacet
  facet normal -0 0 1
    outer loop
      vertex -29 50.2295 307.5
      vertex -27.5 47.6314 307.5
      vertex -25.4255 52.1301 307.5
    endloop
  endfacet
  facet normal 0 0 1
    outer loop
      vertex -29 50.2295 307.5
      vertex -30.7556 45.5971 307.5
      vertex -27.5 47.6314 307.5
    endloop
  endfacet
  facet normal -0 0 1
    outer loop
      vertex -32.4332 48.0842 307.5
      vertex -30.7556 45.5971 307.5
      vertex -29 50.2295 307.5
    endloop
  endfacet
  facet normal 0 0 1
    outer loop
      vertex -32.4332 48.0842 307.5
      vertex -33.8614 43.3406 307.5
      vertex -30.7556 45.5971 307.5
    endloop
  endfacet
  facet normal -0 0 1
    outer loop
      vertex -35.7084 45.7046 307.5
      vertex -33.8614 43.3406 307.5
      vertex -32.4332 48.0842 307.5
    endloop
  endfacet
  facet normal 0 0 1
    outer loop
      vertex -35.7084 45.7046 307.5
      vertex -36.8022 40.873 307.5
      vertex -33.8614 43.3406 307.5
    endloop
  endfacet
  facet normal -0 0 1
    outer loop
      vertex -38.8096 43.1024 307.5
      vertex -36.8022 40.873 307.5
      vertex -35.7084 45.7046 307.5
    endloop
  endfacet
  facet normal 0 0 1
    outer loop
      vertex -38.8096 43.1024 307.5
      vertex -39.5637 38.2062 307.5
      vertex -36.8022 40.873 307.5
    endloop
  endfacet
  facet normal -0 0 1
    outer loop
      vertex -41.7217 40.2902 307.5
      vertex -39.5637 38.2062 307.5
      vertex -38.8096 43.1024 307.5
    endloop
  endfacet
  facet normal 0 0 1
    outer loop
      vertex -41.7217 40.2902 307.5
      vertex -42.1324 35.3533 307.5
      vertex -39.5637 38.2062 307.5
    endloop
  endfacet
  facet normal -0 0 1
    outer loop
      vertex -44.4306 37.2817 307.5
      vertex -42.1324 35.3533 307.5
      vertex -41.7217 40.2902 307.5
    endloop
  endfacet
  facet normal 0 0 1
    outer loop
      vertex -44.4306 37.2817 307.5
      vertex -44.4959 32.3282 307.5
      vertex -42.1324 35.3533 307.5
    endloop
  endfacet
  facet normal -0 0 1
    outer loop
      vertex -46.923 34.0915 307.5
      vertex -44.4959 32.3282 307.5
      vertex -44.4306 37.2817 307.5
    endloop
  endfacet
  facet normal 0 0 1
    outer loop
      vertex -44.4959 32.3282 307.5
      vertex -46.923 34.0915 307.5
      vertex -46.6426 29.1456 307.5
    endloop
  endfacet
  facet normal -0 0 1
    outer loop
      vertex -49.1868 30.7353 307.5
      vertex -46.6426 29.1456 307.5
      vertex -46.923 34.0915 307.5
    endloop
  endfacet
  facet normal 0 0 1
    outer loop
      vertex -46.6426 29.1456 307.5
      vertex -49.1868 30.7353 307.5
      vertex -48.5621 25.8209 307.5
    endloop
  endfacet
  facet normal -0 0 1
    outer loop
      vertex -51.211 27.2294 307.5
      vertex -48.5621 25.8209 307.5
      vertex -49.1868 30.7353 307.5
    endloop
  endfacet
  facet normal 0 0 1
    outer loop
      vertex -48.5621 25.8209 307.5
      vertex -51.211 27.2294 307.5
      vertex -50.245 22.3705 307.5
    endloop
  endfacet
  facet normal -0 0 1
    outer loop
      vertex -52.9856 23.5907 307.5
      vertex -50.245 22.3705 307.5
      vertex -51.211 27.2294 307.5
    endloop
  endfacet
  facet normal 0 0 1
    outer loop
      vertex -50.245 22.3705 307.5
      vertex -52.9856 23.5907 307.5
      vertex -51.6831 18.8111 307.5
    endloop
  endfacet
  facet normal -0 0 1
    outer loop
      vertex -54.5022 19.8372 307.5
      vertex -51.6831 18.8111 307.5
      vertex -52.9856 23.5907 307.5
    endloop
  endfacet
  facet normal 0 0 1
    outer loop
      vertex -51.6831 18.8111 307.5
      vertex -54.5022 19.8372 307.5
      vertex -52.8694 15.1601 307.5
    endloop
  endfacet
  facet normal -0 0 1
    outer loop
      vertex -55.7532 15.987 307.5
      vertex -52.8694 15.1601 307.5
      vertex -54.5022 19.8372 307.5
    endloop
  endfacet
  facet normal 0 0 1
    outer loop
      vertex -52.8694 15.1601 307.5
      vertex -55.7532 15.987 307.5
      vertex -53.7981 11.4351 307.5
    endloop
  endfacet
  facet normal -0 0 1
    outer loop
      vertex -56.7326 12.0589 307.5
      vertex -53.7981 11.4351 307.5
      vertex -55.7532 15.987 307.5
    endloop
  endfacet
  facet normal 0 0 1
    outer loop
      vertex -53.7981 11.4351 307.5
      vertex -56.7326 12.0589 307.5
      vertex -54.4647 7.65452 307.5
    endloop
  endfacet
  facet normal -0 0 1
    outer loop
      vertex -57.4355 8.07204 307.5
      vertex -54.4647 7.65452 307.5
      vertex -56.7326 12.0589 307.5
    endloop
  endfacet
  facet normal 0 0 1
    outer loop
      vertex 57.4355 -8.07204 307.5
      vertex 54.4647 -7.65452 307.5
      vertex 56.7326 -12.0589 307.5
    endloop
  endfacet
  facet normal -0 0 1
    outer loop
      vertex 53.7981 -11.4351 307.5
      vertex 56.7326 -12.0589 307.5
      vertex 54.4647 -7.65452 307.5
    endloop
  endfacet
  facet normal 0 0 1
    outer loop
      vertex 56.7326 -12.0589 307.5
      vertex 53.7981 -11.4351 307.5
      vertex 55.7532 -15.987 307.5
    endloop
  endfacet
  facet normal -0 0 1
    outer loop
      vertex 52.8694 -15.1601 307.5
      vertex 55.7532 -15.987 307.5
      vertex 53.7981 -11.4351 307.5
    endloop
  endfacet
  facet normal 0 0 1
    outer loop
      vertex 55.7532 -15.987 307.5
      vertex 52.8694 -15.1601 307.5
      vertex 54.5022 -19.8372 307.5
    endloop
  endfacet
  facet normal -0 0 1
    outer loop
      vertex 51.6831 -18.8111 307.5
      vertex 54.5022 -19.8372 307.5
      vertex 52.8694 -15.1601 307.5
    endloop
  endfacet
  facet normal 0 0 1
    outer loop
      vertex 54.5022 -19.8372 307.5
      vertex 51.6831 -18.8111 307.5
      vertex 52.9856 -23.5907 307.5
    endloop
  endfacet
  facet normal -0 0 1
    outer loop
      vertex 50.245 -22.3705 307.5
      vertex 52.9856 -23.5907 307.5
      vertex 51.6831 -18.8111 307.5
    endloop
  endfacet
  facet normal 0 0 1
    outer loop
      vertex 52.9856 -23.5907 307.5
      vertex 50.245 -22.3705 307.5
      vertex 51.211 -27.2294 307.5
    endloop
  endfacet
  facet normal -0 0 1
    outer loop
      vertex 48.5621 -25.8209 307.5
      vertex 51.211 -27.2294 307.5
      vertex 50.245 -22.3705 307.5
    endloop
  endfacet
  facet normal 0 0 1
    outer loop
      vertex 51.211 -27.2294 307.5
      vertex 48.5621 -25.8209 307.5
      vertex 49.1868 -30.7353 307.5
    endloop
  endfacet
  facet normal -0 0 1
    outer loop
      vertex 46.6426 -29.1456 307.5
      vertex 49.1868 -30.7353 307.5
      vertex 48.5621 -25.8209 307.5
    endloop
  endfacet
  facet normal 0 0 1
    outer loop
      vertex 49.1868 -30.7353 307.5
      vertex 46.6426 -29.1456 307.5
      vertex 46.923 -34.0915 307.5
    endloop
  endfacet
  facet normal -0 0 1
    outer loop
      vertex 44.4959 -32.3282 307.5
      vertex 46.923 -34.0915 307.5
      vertex 46.6426 -29.1456 307.5
    endloop
  endfacet
  facet normal 0 0 1
    outer loop
      vertex 44.4959 -32.3282 307.5
      vertex 44.4306 -37.2817 307.5
      vertex 46.923 -34.0915 307.5
    endloop
  endfacet
  facet normal -0 0 1
    outer loop
      vertex 42.1324 -35.3533 307.5
      vertex 44.4306 -37.2817 307.5
      vertex 44.4959 -32.3282 307.5
    endloop
  endfacet
  facet normal 0 0 1
    outer loop
      vertex 42.1324 -35.3533 307.5
      vertex 41.7217 -40.2902 307.5
      vertex 44.4306 -37.2817 307.5
    endloop
  endfacet
  facet normal -0 0 1
    outer loop
      vertex 39.5637 -38.2062 307.5
      vertex 41.7217 -40.2902 307.5
      vertex 42.1324 -35.3533 307.5
    endloop
  endfacet
  facet normal 0 0 1
    outer loop
      vertex 39.5637 -38.2062 307.5
      vertex 38.8096 -43.1024 307.5
      vertex 41.7217 -40.2902 307.5
    endloop
  endfacet
  facet normal -0 0 1
    outer loop
      vertex 36.8022 -40.873 307.5
      vertex 38.8096 -43.1024 307.5
      vertex 39.5637 -38.2062 307.5
    endloop
  endfacet
  facet normal 0 0 1
    outer loop
      vertex 36.8022 -40.873 307.5
      vertex 35.7084 -45.7046 307.5
      vertex 38.8096 -43.1024 307.5
    endloop
  endfacet
  facet normal -0 0 1
    outer loop
      vertex 33.8614 -43.3406 307.5
      vertex 35.7084 -45.7046 307.5
      vertex 36.8022 -40.873 307.5
    endloop
  endfacet
  facet normal 0 0 1
    outer loop
      vertex 33.8614 -43.3406 307.5
      vertex 32.4332 -48.0842 307.5
      vertex 35.7084 -45.7046 307.5
    endloop
  endfacet
  facet normal -0 0 1
    outer loop
      vertex 30.7556 -45.5971 307.5
      vertex 32.4332 -48.0842 307.5
      vertex 33.8614 -43.3406 307.5
    endloop
  endfacet
  facet normal 0 0 1
    outer loop
      vertex 30.7556 -45.5971 307.5
      vertex 29 -50.2295 307.5
      vertex 32.4332 -48.0842 307.5
    endloop
  endfacet
  facet normal -0 0 1
    outer loop
      vertex 27.5 -47.6314 307.5
      vertex 29 -50.2295 307.5
      vertex 30.7556 -45.5971 307.5
    endloop
  endfacet
  facet normal 0 0 1
    outer loop
      vertex 27.5 -47.6314 307.5
      vertex 25.4255 -52.1301 307.5
      vertex 29 -50.2295 307.5
    endloop
  endfacet
  facet normal -0 0 1
    outer loop
      vertex 24.1104 -49.4337 307.5
      vertex 25.4255 -52.1301 307.5
      vertex 27.5 -47.6314 307.5
    endloop
  endfacet
  facet normal 0 0 1
    outer loop
      vertex 24.1104 -49.4337 307.5
      vertex 21.7272 -53.7767 307.5
      vertex 25.4255 -52.1301 307.5
    endloop
  endfacet
  facet normal -0 0 1
    outer loop
      vertex 20.6034 -50.9951 307.5
      vertex 21.7272 -53.7767 307.5
      vertex 24.1104 -49.4337 307.5
    endloop
  endfacet
  facet normal 0 0 1
    outer loop
      vertex 20.6034 -50.9951 307.5
      vertex 17.923 -55.1613 307.5
      vertex 21.7272 -53.7767 307.5
    endloop
  endfacet
  facet normal -0 0 1
    outer loop
      vertex 16.9959 -52.3081 307.5
      vertex 17.923 -55.1613 307.5
      vertex 20.6034 -50.9951 307.5
    endloop
  endfacet
  facet normal 0 0 1
    outer loop
      vertex 16.9959 -52.3081 307.5
      vertex 14.0315 -56.2772 307.5
      vertex 17.923 -55.1613 307.5
    endloop
  endfacet
  facet normal -0 0 1
    outer loop
      vertex 13.3057 -53.3663 307.5
      vertex 14.0315 -56.2772 307.5
      vertex 16.9959 -52.3081 307.5
    endloop
  endfacet
  facet normal 0 0 1
    outer loop
      vertex 13.3057 -53.3663 307.5
      vertex 10.0716 -57.1189 307.5
      vertex 14.0315 -56.2772 307.5
    endloop
  endfacet
  facet normal -0 0 1
    outer loop
      vertex 9.55065 -54.1644 307.5
      vertex 10.0716 -57.1189 307.5
      vertex 13.3057 -53.3663 307.5
    endloop
  endfacet
  facet normal 0 0 1
    outer loop
      vertex 9.55065 -54.1644 307.5
      vertex 6.06265 -57.6823 307.5
      vertex 10.0716 -57.1189 307.5
    endloop
  endfacet
  facet normal -0 0 1
    outer loop
      vertex 5.74907 -54.6987 307.5
      vertex 6.06265 -57.6823 307.5
      vertex 9.55065 -54.1644 307.5
    endloop
  endfacet
  facet normal 0 0 1
    outer loop
      vertex 5.74907 -54.6987 307.5
      vertex 2.02417 -57.9647 307.5
      vertex 6.06265 -57.6823 307.5
    endloop
  endfacet
  facet normal -0 0 1
    outer loop
      vertex 1.91947 -54.9665 307.5
      vertex 2.02417 -57.9647 307.5
      vertex 5.74907 -54.6987 307.5
    endloop
  endfacet
  facet normal -0 0 1
    outer loop
      vertex -1.91947 -54.9665 307.5
      vertex 2.02417 -57.9647 307.5
      vertex 1.91947 -54.9665 307.5
    endloop
  endfacet
  facet normal 0 0 1
    outer loop
      vertex -1.91947 -54.9665 307.5
      vertex -2.02417 -57.9647 307.5
      vertex 2.02417 -57.9647 307.5
    endloop
  endfacet
  facet normal 0 0 1
    outer loop
      vertex -5.74907 -54.6987 307.5
      vertex -2.02417 -57.9647 307.5
      vertex -1.91947 -54.9665 307.5
    endloop
  endfacet
  facet normal 0 0 1
    outer loop
      vertex -5.74907 -54.6987 307.5
      vertex -6.06265 -57.6823 307.5
      vertex -2.02417 -57.9647 307.5
    endloop
  endfacet
  facet normal 0 0 1
    outer loop
      vertex -9.55065 -54.1644 307.5
      vertex -6.06265 -57.6823 307.5
      vertex -5.74907 -54.6987 307.5
    endloop
  endfacet
  facet normal 0 0 1
    outer loop
      vertex -9.55065 -54.1644 307.5
      vertex -10.0716 -57.1189 307.5
      vertex -6.06265 -57.6823 307.5
    endloop
  endfacet
  facet normal 0 0 1
    outer loop
      vertex -13.3057 -53.3663 307.5
      vertex -10.0716 -57.1189 307.5
      vertex -9.55065 -54.1644 307.5
    endloop
  endfacet
  facet normal 0 0 1
    outer loop
      vertex -13.3057 -53.3663 307.5
      vertex -14.0315 -56.2772 307.5
      vertex -10.0716 -57.1189 307.5
    endloop
  endfacet
  facet normal 0 0 1
    outer loop
      vertex -16.9959 -52.3081 307.5
      vertex -14.0315 -56.2772 307.5
      vertex -13.3057 -53.3663 307.5
    endloop
  endfacet
  facet normal 0 0 1
    outer loop
      vertex -16.9959 -52.3081 307.5
      vertex -17.923 -55.1613 307.5
      vertex -14.0315 -56.2772 307.5
    endloop
  endfacet
  facet normal 0 0 1
    outer loop
      vertex -20.6034 -50.9951 307.5
      vertex -17.923 -55.1613 307.5
      vertex -16.9959 -52.3081 307.5
    endloop
  endfacet
  facet normal 0 0 1
    outer loop
      vertex -20.6034 -50.9951 307.5
      vertex -21.7272 -53.7767 307.5
      vertex -17.923 -55.1613 307.5
    endloop
  endfacet
  facet normal 0 0 1
    outer loop
      vertex -24.1104 -49.4337 307.5
      vertex -21.7272 -53.7767 307.5
      vertex -20.6034 -50.9951 307.5
    endloop
  endfacet
  facet normal 0 0 1
    outer loop
      vertex -24.1104 -49.4337 307.5
      vertex -25.4255 -52.1301 307.5
      vertex -21.7272 -53.7767 307.5
    endloop
  endfacet
  facet normal 0 0 1
    outer loop
      vertex -27.5 -47.6314 307.5
      vertex -25.4255 -52.1301 307.5
      vertex -24.1104 -49.4337 307.5
    endloop
  endfacet
  facet normal 0 0 1
    outer loop
      vertex -27.5 -47.6314 307.5
      vertex -29 -50.2295 307.5
      vertex -25.4255 -52.1301 307.5
    endloop
  endfacet
  facet normal 0 0 1
    outer loop
      vertex -30.7556 -45.5971 307.5
      vertex -29 -50.2295 307.5
      vertex -27.5 -47.6314 307.5
    endloop
  endfacet
  facet normal 0 0 1
    outer loop
      vertex -30.7556 -45.5971 307.5
      vertex -32.4332 -48.0842 307.5
      vertex -29 -50.2295 307.5
    endloop
  endfacet
  facet normal 0 0 1
    outer loop
      vertex -33.8614 -43.3406 307.5
      vertex -32.4332 -48.0842 307.5
      vertex -30.7556 -45.5971 307.5
    endloop
  endfacet
  facet normal 0 0 1
    outer loop
      vertex -33.8614 -43.3406 307.5
      vertex -35.7084 -45.7046 307.5
      vertex -32.4332 -48.0842 307.5
    endloop
  endfacet
  facet normal 0 0 1
    outer loop
      vertex -36.8022 -40.873 307.5
      vertex -35.7084 -45.7046 307.5
      vertex -33.8614 -43.3406 307.5
    endloop
  endfacet
  facet normal 0 0 1
    outer loop
      vertex -36.8022 -40.873 307.5
      vertex -38.8096 -43.1024 307.5
      vertex -35.7084 -45.7046 307.5
    endloop
  endfacet
  facet normal 0 0 1
    outer loop
      vertex -39.5637 -38.2062 307.5
      vertex -38.8096 -43.1024 307.5
      vertex -36.8022 -40.873 307.5
    endloop
  endfacet
  facet normal 0 0 1
    outer loop
      vertex -39.5637 -38.2062 307.5
      vertex -41.7217 -40.2902 307.5
      vertex -38.8096 -43.1024 307.5
    endloop
  endfacet
  facet normal 0 0 1
    outer loop
      vertex -42.1324 -35.3533 307.5
      vertex -41.7217 -40.2902 307.5
      vertex -39.5637 -38.2062 307.5
    endloop
  endfacet
  facet normal 0 0 1
    outer loop
      vertex -42.1324 -35.3533 307.5
      vertex -44.4306 -37.2817 307.5
      vertex -41.7217 -40.2902 307.5
    endloop
  endfacet
  facet normal 0 0 1
    outer loop
      vertex -44.4959 -32.3282 307.5
      vertex -44.4306 -37.2817 307.5
      vertex -42.1324 -35.3533 307.5
    endloop
  endfacet
  facet normal 0 0 1
    outer loop
      vertex -46.923 -34.0915 307.5
      vertex -44.4959 -32.3282 307.5
      vertex -46.6426 -29.1456 307.5
    endloop
  endfacet
  facet normal 0 0 1
    outer loop
      vertex -44.4959 -32.3282 307.5
      vertex -46.923 -34.0915 307.5
      vertex -44.4306 -37.2817 307.5
    endloop
  endfacet
  facet normal 0 0 1
    outer loop
      vertex -49.1868 -30.7353 307.5
      vertex -46.6426 -29.1456 307.5
      vertex -48.5621 -25.8209 307.5
    endloop
  endfacet
  facet normal 0 0 1
    outer loop
      vertex -46.6426 -29.1456 307.5
      vertex -49.1868 -30.7353 307.5
      vertex -46.923 -34.0915 307.5
    endloop
  endfacet
  facet normal 0 0 1
    outer loop
      vertex -51.211 -27.2294 307.5
      vertex -48.5621 -25.8209 307.5
      vertex -50.245 -22.3705 307.5
    endloop
  endfacet
  facet normal 0 0 1
    outer loop
      vertex -48.5621 -25.8209 307.5
      vertex -51.211 -27.2294 307.5
      vertex -49.1868 -30.7353 307.5
    endloop
  endfacet
  facet normal 0 0 1
    outer loop
      vertex -52.9856 -23.5907 307.5
      vertex -50.245 -22.3705 307.5
      vertex -51.6831 -18.8111 307.5
    endloop
  endfacet
  facet normal 0 0 1
    outer loop
      vertex -54.5022 -19.8372 307.5
      vertex -51.6831 -18.8111 307.5
      vertex -52.8694 -15.1601 307.5
    endloop
  endfacet
  facet normal 0 0 1
    outer loop
      vertex -50.245 -22.3705 307.5
      vertex -52.9856 -23.5907 307.5
      vertex -51.211 -27.2294 307.5
    endloop
  endfacet
  facet normal 0 0 1
    outer loop
      vertex -55.7532 -15.987 307.5
      vertex -52.8694 -15.1601 307.5
      vertex -53.7981 -11.4351 307.5
    endloop
  endfacet
  facet normal 0 0 1
    outer loop
      vertex -56.7326 -12.0589 307.5
      vertex -53.7981 -11.4351 307.5
      vertex -54.4647 -7.65452 307.5
    endloop
  endfacet
  facet normal 0 0 1
    outer loop
      vertex -51.6831 -18.8111 307.5
      vertex -54.5022 -19.8372 307.5
      vertex -52.9856 -23.5907 307.5
    endloop
  endfacet
  facet normal 0 0 1
    outer loop
      vertex -57.4355 -8.07204 307.5
      vertex -54.4647 -7.65452 307.5
      vertex -54.866 -3.83661 307.5
    endloop
  endfacet
  facet normal 0 0 1
    outer loop
      vertex -57.8587 -4.04587 307.5
      vertex -54.866 -3.83661 307.5
      vertex -55 0 307.5
    endloop
  endfacet
  facet normal 0 0 1
    outer loop
      vertex -54.4647 7.65452 307.5
      vertex -57.4355 8.07204 307.5
      vertex -54.866 3.83661 307.5
    endloop
  endfacet
  facet normal 0 0 1
    outer loop
      vertex -52.8694 -15.1601 307.5
      vertex -55.7532 -15.987 307.5
      vertex -54.5022 -19.8372 307.5
    endloop
  endfacet
  facet normal -0 0 1
    outer loop
      vertex -57.8587 4.04587 307.5
      vertex -54.866 3.83661 307.5
      vertex -57.4355 8.07204 307.5
    endloop
  endfacet
  facet normal 0 0 1
    outer loop
      vertex -53.7981 -11.4351 307.5
      vertex -56.7326 -12.0589 307.5
      vertex -55.7532 -15.987 307.5
    endloop
  endfacet
  facet normal 0 0 1
    outer loop
      vertex -54.866 3.83661 307.5
      vertex -57.8587 4.04587 307.5
      vertex -55 0 307.5
    endloop
  endfacet
  facet normal 0 0 1
    outer loop
      vertex -54.4647 -7.65452 307.5
      vertex -57.4355 -8.07204 307.5
      vertex -56.7326 -12.0589 307.5
    endloop
  endfacet
  facet normal 0 0 1
    outer loop
      vertex -58 0 307.5
      vertex -55 0 307.5
      vertex -57.8587 4.04587 307.5
    endloop
  endfacet
  facet normal 0 0 1
    outer loop
      vertex -54.866 -3.83661 307.5
      vertex -57.8587 -4.04587 307.5
      vertex -57.4355 -8.07204 307.5
    endloop
  endfacet
  facet normal 0 0 1
    outer loop
      vertex -55 0 307.5
      vertex -58 0 307.5
      vertex -57.8587 -4.04587 307.5
    endloop
  endfacet
  facet normal -0.866018 0.500013 0
    outer loop
      vertex -51.211 27.2294 292.5
      vertex -49.1868 30.7353 307.5
      vertex -49.1868 30.7353 292.5
    endloop
  endfacet
  facet normal -0.866018 0.500013 0
    outer loop
      vertex -49.1868 30.7353 307.5
      vertex -51.211 27.2294 292.5
      vertex -51.211 27.2294 307.5
    endloop
  endfacet
  facet normal -0.529919 -0.848048 0
    outer loop
      vertex -32.4332 -48.0842 292.5
      vertex -29 -50.2295 307.5
      vertex -32.4332 -48.0842 307.5
    endloop
  endfacet
  facet normal -0.529919 -0.848048 -0
    outer loop
      vertex -29 -50.2295 307.5
      vertex -32.4332 -48.0842 292.5
      vertex -29 -50.2295 292.5
    endloop
  endfacet
  facet normal 0.207911 -0.978148 0
    outer loop
      vertex 10.0716 -57.1189 292.5
      vertex 14.0315 -56.2772 307.5
      vertex 10.0716 -57.1189 307.5
    endloop
  endfacet
  facet normal 0.207911 -0.978148 0
    outer loop
      vertex 14.0315 -56.2772 307.5
      vertex 10.0716 -57.1189 292.5
      vertex 14.0315 -56.2772 292.5
    endloop
  endfacet
  facet normal 0.529919 -0.848048 0
    outer loop
      vertex 29 -50.2295 292.5
      vertex 32.4332 -48.0842 307.5
      vertex 29 -50.2295 307.5
    endloop
  endfacet
  facet normal 0.529919 -0.848048 0
    outer loop
      vertex 32.4332 -48.0842 307.5
      vertex 29 -50.2295 292.5
      vertex 32.4332 -48.0842 292.5
    endloop
  endfacet
  facet normal -0.829036 0.559195 0
    outer loop
      vertex -49.1868 30.7353 292.5
      vertex -46.923 34.0915 307.5
      vertex -46.923 34.0915 292.5
    endloop
  endfacet
  facet normal -0.829036 0.559195 0
    outer loop
      vertex -46.923 34.0915 307.5
      vertex -49.1868 30.7353 292.5
      vertex -49.1868 30.7353 307.5
    endloop
  endfacet
  facet normal -0.866018 -0.500013 0
    outer loop
      vertex -49.1868 -30.7353 292.5
      vertex -51.211 -27.2294 307.5
      vertex -51.211 -27.2294 292.5
    endloop
  endfacet
  facet normal -0.866018 -0.500013 0
    outer loop
      vertex -51.211 -27.2294 307.5
      vertex -49.1868 -30.7353 292.5
      vertex -49.1868 -30.7353 307.5
    endloop
  endfacet
  facet normal -0.139168 -0.990269 0
    outer loop
      vertex -10.0716 -57.1189 292.5
      vertex -6.06265 -57.6823 307.5
      vertex -10.0716 -57.1189 307.5
    endloop
  endfacet
  facet normal -0.139168 -0.990269 -0
    outer loop
      vertex -6.06265 -57.6823 307.5
      vertex -10.0716 -57.1189 292.5
      vertex -6.06265 -57.6823 292.5
    endloop
  endfacet
  facet normal -0.927176 0.374625 0
    outer loop
      vertex -54.5022 19.8372 292.5
      vertex -52.9856 23.5907 307.5
      vertex -52.9856 23.5907 292.5
    endloop
  endfacet
  facet normal -0.927176 0.374625 0
    outer loop
      vertex -52.9856 23.5907 307.5
      vertex -54.5022 19.8372 292.5
      vertex -54.5022 19.8372 307.5
    endloop
  endfacet
  facet normal 0.139168 -0.990269 0
    outer loop
      vertex 6.06265 -57.6823 292.5
      vertex 10.0716 -57.1189 307.5
      vertex 6.06265 -57.6823 307.5
    endloop
  endfacet
  facet normal 0.139168 -0.990269 0
    outer loop
      vertex 10.0716 -57.1189 307.5
      vertex 6.06265 -57.6823 292.5
      vertex 10.0716 -57.1189 292.5
    endloop
  endfacet
  facet normal 0.994521 0.104536 0
    outer loop
      vertex 57.8587 4.04587 -292.5
      vertex 57.4355 8.07204 -307.5
      vertex 57.4355 8.07204 -292.5
    endloop
  endfacet
  facet normal 0.994521 0.104536 0
    outer loop
      vertex 57.4355 8.07204 -307.5
      vertex 57.8587 4.04587 -292.5
      vertex 57.8587 4.04587 -307.5
    endloop
  endfacet
  facet normal 0.999391 0.0349032 0
    outer loop
      vertex 58 0 -292.5
      vertex 57.8587 4.04587 -307.5
      vertex 57.8587 4.04587 -292.5
    endloop
  endfacet
  facet normal 0.999391 0.0349032 0
    outer loop
      vertex 57.8587 4.04587 -307.5
      vertex 58 0 -292.5
      vertex 58 0 -307.5
    endloop
  endfacet
  facet normal 0.984812 0.173626 0
    outer loop
      vertex 57.4355 8.07204 -292.5
      vertex 56.7326 12.0589 -307.5
      vertex 56.7326 12.0589 -292.5
    endloop
  endfacet
  facet normal 0.984812 0.173626 0
    outer loop
      vertex 56.7326 12.0589 -307.5
      vertex 57.4355 8.07204 -292.5
      vertex 57.4355 8.07204 -307.5
    endloop
  endfacet
  facet normal -0.898805 -0.438349 0
    outer loop
      vertex -51.211 -27.2294 -307.5
      vertex -52.9856 -23.5907 -292.5
      vertex -52.9856 -23.5907 -307.5
    endloop
  endfacet
  facet normal -0.898805 -0.438349 0
    outer loop
      vertex -52.9856 -23.5907 -292.5
      vertex -51.211 -27.2294 -307.5
      vertex -51.211 -27.2294 -292.5
    endloop
  endfacet
  facet normal 0.58779 0.809014 -0
    outer loop
      vertex 35.7084 45.7046 -307.5
      vertex 32.4332 48.0842 -292.5
      vertex 35.7084 45.7046 -292.5
    endloop
  endfacet
  facet normal 0.58779 0.809014 0
    outer loop
      vertex 32.4332 48.0842 -292.5
      vertex 35.7084 45.7046 -307.5
      vertex 32.4332 48.0842 -307.5
    endloop
  endfacet
  facet normal 0.139168 0.990269 -0
    outer loop
      vertex 10.0716 57.1189 -307.5
      vertex 6.06265 57.6823 -292.5
      vertex 10.0716 57.1189 -292.5
    endloop
  endfacet
  facet normal 0.139168 0.990269 0
    outer loop
      vertex 6.06265 57.6823 -292.5
      vertex 10.0716 57.1189 -307.5
      vertex 6.06265 57.6823 -307.5
    endloop
  endfacet
  facet normal 0.898805 0.438349 0
    outer loop
      vertex 52.9856 23.5907 -292.5
      vertex 51.211 27.2294 -307.5
      vertex 51.211 27.2294 -292.5
    endloop
  endfacet
  facet normal 0.898805 0.438349 0
    outer loop
      vertex 51.211 27.2294 -307.5
      vertex 52.9856 23.5907 -292.5
      vertex 52.9856 23.5907 -307.5
    endloop
  endfacet
  facet normal 0.406739 0.913544 -0
    outer loop
      vertex 25.4255 52.1301 -307.5
      vertex 21.7272 53.7767 -292.5
      vertex 25.4255 52.1301 -292.5
    endloop
  endfacet
  facet normal 0.406739 0.913544 0
    outer loop
      vertex 21.7272 53.7767 -292.5
      vertex 25.4255 52.1301 -307.5
      vertex 21.7272 53.7767 -307.5
    endloop
  endfacet
  facet normal -0.275644 0.96126 0
    outer loop
      vertex -14.0315 56.2772 -307.5
      vertex -17.923 55.1613 -292.5
      vertex -14.0315 56.2772 -292.5
    endloop
  endfacet
  facet normal -0.275644 0.96126 0
    outer loop
      vertex -17.923 55.1613 -292.5
      vertex -14.0315 56.2772 -307.5
      vertex -17.923 55.1613 -307.5
    endloop
  endfacet
  facet normal -0.58779 0.809014 0
    outer loop
      vertex -32.4332 48.0842 -307.5
      vertex -35.7084 45.7046 -292.5
      vertex -32.4332 48.0842 -292.5
    endloop
  endfacet
  facet normal -0.58779 0.809014 0
    outer loop
      vertex -35.7084 45.7046 -292.5
      vertex -32.4332 48.0842 -307.5
      vertex -35.7084 45.7046 -307.5
    endloop
  endfacet
  facet normal 0.743141 -0.669135 0
    outer loop
      vertex 41.7217 -40.2902 -292.5
      vertex 44.4306 -37.2817 -307.5
      vertex 44.4306 -37.2817 -292.5
    endloop
  endfacet
  facet normal 0.743141 -0.669135 0
    outer loop
      vertex 44.4306 -37.2817 -307.5
      vertex 41.7217 -40.2902 -292.5
      vertex 41.7217 -40.2902 -307.5
    endloop
  endfacet
  facet normal -0.207911 0.978148 0
    outer loop
      vertex -10.0716 57.1189 -307.5
      vertex -14.0315 56.2772 -292.5
      vertex -10.0716 57.1189 -292.5
    endloop
  endfacet
  facet normal -0.207911 0.978148 0
    outer loop
      vertex -14.0315 56.2772 -292.5
      vertex -10.0716 57.1189 -307.5
      vertex -14.0315 56.2772 -307.5
    endloop
  endfacet
  facet normal -0.788018 0.615653 0
    outer loop
      vertex -46.923 34.0915 -307.5
      vertex -44.4306 37.2817 -292.5
      vertex -44.4306 37.2817 -307.5
    endloop
  endfacet
  facet normal -0.788018 0.615653 0
    outer loop
      vertex -44.4306 37.2817 -292.5
      vertex -46.923 34.0915 -307.5
      vertex -46.923 34.0915 -292.5
    endloop
  endfacet
  facet normal -0.139168 0.990269 0
    outer loop
      vertex -6.06265 57.6823 -307.5
      vertex -10.0716 57.1189 -292.5
      vertex -6.06265 57.6823 -292.5
    endloop
  endfacet
  facet normal -0.139168 0.990269 0
    outer loop
      vertex -10.0716 57.1189 -292.5
      vertex -6.06265 57.6823 -307.5
      vertex -10.0716 57.1189 -307.5
    endloop
  endfacet
  facet normal 0.951057 0.309016 0
    outer loop
      vertex 55.7532 15.987 -292.5
      vertex 54.5022 19.8372 -307.5
      vertex 54.5022 19.8372 -292.5
    endloop
  endfacet
  facet normal 0.951057 0.309016 0
    outer loop
      vertex 54.5022 19.8372 -307.5
      vertex 55.7532 15.987 -292.5
      vertex 55.7532 15.987 -307.5
    endloop
  endfacet
  facet normal 0.469472 0.882947 -0
    outer loop
      vertex 29 50.2295 -307.5
      vertex 25.4255 52.1301 -292.5
      vertex 29 50.2295 -292.5
    endloop
  endfacet
  facet normal 0.469472 0.882947 0
    outer loop
      vertex 25.4255 52.1301 -292.5
      vertex 29 50.2295 -307.5
      vertex 25.4255 52.1301 -307.5
    endloop
  endfacet
  facet normal -0.788018 -0.615653 0
    outer loop
      vertex -44.4306 -37.2817 -307.5
      vertex -46.923 -34.0915 -292.5
      vertex -46.923 -34.0915 -307.5
    endloop
  endfacet
  facet normal -0.788018 -0.615653 0
    outer loop
      vertex -46.923 -34.0915 -292.5
      vertex -44.4306 -37.2817 -307.5
      vertex -44.4306 -37.2817 -292.5
    endloop
  endfacet
  facet normal -0.999391 0.0349032 0
    outer loop
      vertex -58 0 -307.5
      vertex -57.8587 4.04587 -292.5
      vertex -57.8587 4.04587 -307.5
    endloop
  endfacet
  facet normal -0.999391 0.0349032 0
    outer loop
      vertex -57.8587 4.04587 -292.5
      vertex -58 0 -307.5
      vertex -58 0 -292.5
    endloop
  endfacet
  facet normal 0.342017 -0.939694 0
    outer loop
      vertex 17.923 -55.1613 -307.5
      vertex 21.7272 -53.7767 -292.5
      vertex 17.923 -55.1613 -292.5
    endloop
  endfacet
  facet normal 0.342017 -0.939694 0
    outer loop
      vertex 21.7272 -53.7767 -292.5
      vertex 17.923 -55.1613 -307.5
      vertex 21.7272 -53.7767 -307.5
    endloop
  endfacet
  facet normal -0.927176 -0.374625 0
    outer loop
      vertex -52.9856 -23.5907 -307.5
      vertex -54.5022 -19.8372 -292.5
      vertex -54.5022 -19.8372 -307.5
    endloop
  endfacet
  facet normal -0.927176 -0.374625 0
    outer loop
      vertex -54.5022 -19.8372 -292.5
      vertex -52.9856 -23.5907 -307.5
      vertex -52.9856 -23.5907 -292.5
    endloop
  endfacet
  facet normal -0.406739 0.913544 0
    outer loop
      vertex -21.7272 53.7767 -307.5
      vertex -25.4255 52.1301 -292.5
      vertex -21.7272 53.7767 -292.5
    endloop
  endfacet
  facet normal -0.406739 0.913544 0
    outer loop
      vertex -25.4255 52.1301 -292.5
      vertex -21.7272 53.7767 -307.5
      vertex -25.4255 52.1301 -307.5
    endloop
  endfacet
  facet normal -0.469472 -0.882947 0
    outer loop
      vertex -29 -50.2295 -307.5
      vertex -25.4255 -52.1301 -292.5
      vertex -29 -50.2295 -292.5
    endloop
  endfacet
  facet normal -0.469472 -0.882947 -0
    outer loop
      vertex -25.4255 -52.1301 -292.5
      vertex -29 -50.2295 -307.5
      vertex -25.4255 -52.1301 -307.5
    endloop
  endfacet
  facet normal 0.069757 -0.997564 0
    outer loop
      vertex 2.02417 -57.9647 -307.5
      vertex 6.06265 -57.6823 -292.5
      vertex 2.02417 -57.9647 -292.5
    endloop
  endfacet
  facet normal 0.069757 -0.997564 0
    outer loop
      vertex 6.06265 -57.6823 -292.5
      vertex 2.02417 -57.9647 -307.5
      vertex 6.06265 -57.6823 -307.5
    endloop
  endfacet
  facet normal 0.866018 -0.500013 0
    outer loop
      vertex 49.1868 -30.7353 -292.5
      vertex 51.211 -27.2294 -307.5
      vertex 51.211 -27.2294 -292.5
    endloop
  endfacet
  facet normal 0.866018 -0.500013 0
    outer loop
      vertex 51.211 -27.2294 -307.5
      vertex 49.1868 -30.7353 -292.5
      vertex 49.1868 -30.7353 -307.5
    endloop
  endfacet
  facet normal -0.642785 0.766046 0
    outer loop
      vertex -35.7084 45.7046 -307.5
      vertex -38.8096 43.1024 -292.5
      vertex -35.7084 45.7046 -292.5
    endloop
  endfacet
  facet normal -0.642785 0.766046 0
    outer loop
      vertex -38.8096 43.1024 -292.5
      vertex -35.7084 45.7046 -307.5
      vertex -38.8096 43.1024 -307.5
    endloop
  endfacet
  facet normal -0.342017 0.939694 0
    outer loop
      vertex -17.923 55.1613 -307.5
      vertex -21.7272 53.7767 -292.5
      vertex -17.923 55.1613 -292.5
    endloop
  endfacet
  facet normal -0.342017 0.939694 0
    outer loop
      vertex -21.7272 53.7767 -292.5
      vertex -17.923 55.1613 -307.5
      vertex -21.7272 53.7767 -307.5
    endloop
  endfacet
  facet normal -0.694661 -0.719338 0
    outer loop
      vertex -41.7217 -40.2902 -307.5
      vertex -38.8096 -43.1024 -292.5
      vertex -41.7217 -40.2902 -292.5
    endloop
  endfacet
  facet normal -0.694661 -0.719338 -0
    outer loop
      vertex -38.8096 -43.1024 -292.5
      vertex -41.7217 -40.2902 -307.5
      vertex -38.8096 -43.1024 -307.5
    endloop
  endfacet
  facet normal -0.970295 -0.241925 0
    outer loop
      vertex -55.7532 -15.987 -307.5
      vertex -56.7326 -12.0589 -292.5
      vertex -56.7326 -12.0589 -307.5
    endloop
  endfacet
  facet normal -0.970295 -0.241925 0
    outer loop
      vertex -56.7326 -12.0589 -292.5
      vertex -55.7532 -15.987 -307.5
      vertex -55.7532 -15.987 -292.5
    endloop
  endfacet
  facet normal 0.275644 0.96126 -0
    outer loop
      vertex 17.923 55.1613 -307.5
      vertex 14.0315 56.2772 -292.5
      vertex 17.923 55.1613 -292.5
    endloop
  endfacet
  facet normal 0.275644 0.96126 0
    outer loop
      vertex 14.0315 56.2772 -292.5
      vertex 17.923 55.1613 -307.5
      vertex 14.0315 56.2772 -307.5
    endloop
  endfacet
  facet normal -0.069757 -0.997564 0
    outer loop
      vertex -6.06265 -57.6823 -307.5
      vertex -2.02417 -57.9647 -292.5
      vertex -6.06265 -57.6823 -292.5
    endloop
  endfacet
  facet normal -0.069757 -0.997564 -0
    outer loop
      vertex -2.02417 -57.9647 -292.5
      vertex -6.06265 -57.6823 -307.5
      vertex -2.02417 -57.9647 -307.5
    endloop
  endfacet
  facet normal -0.994521 0.104536 0
    outer loop
      vertex -57.8587 4.04587 -307.5
      vertex -57.4355 8.07204 -292.5
      vertex -57.4355 8.07204 -307.5
    endloop
  endfacet
  facet normal -0.994521 0.104536 0
    outer loop
      vertex -57.4355 8.07204 -292.5
      vertex -57.8587 4.04587 -307.5
      vertex -57.8587 4.04587 -292.5
    endloop
  endfacet
  facet normal 0.469472 -0.882947 0
    outer loop
      vertex 25.4255 -52.1301 -307.5
      vertex 29 -50.2295 -292.5
      vertex 25.4255 -52.1301 -292.5
    endloop
  endfacet
  facet normal 0.469472 -0.882947 0
    outer loop
      vertex 29 -50.2295 -292.5
      vertex 25.4255 -52.1301 -307.5
      vertex 29 -50.2295 -307.5
    endloop
  endfacet
  facet normal 0.994521 -0.104536 0
    outer loop
      vertex 57.4355 -8.07204 -292.5
      vertex 57.8587 -4.04587 -307.5
      vertex 57.8587 -4.04587 -292.5
    endloop
  endfacet
  facet normal 0.994521 -0.104536 0
    outer loop
      vertex 57.8587 -4.04587 -307.5
      vertex 57.4355 -8.07204 -292.5
      vertex 57.4355 -8.07204 -307.5
    endloop
  endfacet
  facet normal -0.984812 0.173626 0
    outer loop
      vertex -57.4355 8.07204 -307.5
      vertex -56.7326 12.0589 -292.5
      vertex -56.7326 12.0589 -307.5
    endloop
  endfacet
  facet normal -0.984812 0.173626 0
    outer loop
      vertex -56.7326 12.0589 -292.5
      vertex -57.4355 8.07204 -307.5
      vertex -57.4355 8.07204 -292.5
    endloop
  endfacet
  facet normal 0.927176 0.374625 0
    outer loop
      vertex 54.5022 19.8372 -292.5
      vertex 52.9856 23.5907 -307.5
      vertex 52.9856 23.5907 -292.5
    endloop
  endfacet
  facet normal 0.927176 0.374625 0
    outer loop
      vertex 52.9856 23.5907 -307.5
      vertex 54.5022 19.8372 -292.5
      vertex 54.5022 19.8372 -307.5
    endloop
  endfacet
  facet normal -0.469472 0.882947 0
    outer loop
      vertex -25.4255 52.1301 -307.5
      vertex -29 50.2295 -292.5
      vertex -25.4255 52.1301 -292.5
    endloop
  endfacet
  facet normal -0.469472 0.882947 0
    outer loop
      vertex -29 50.2295 -292.5
      vertex -25.4255 52.1301 -307.5
      vertex -29 50.2295 -307.5
    endloop
  endfacet
  facet normal -0.069757 0.997564 0
    outer loop
      vertex -2.02417 57.9647 -307.5
      vertex -6.06265 57.6823 -292.5
      vertex -2.02417 57.9647 -292.5
    endloop
  endfacet
  facet normal -0.069757 0.997564 0
    outer loop
      vertex -6.06265 57.6823 -292.5
      vertex -2.02417 57.9647 -307.5
      vertex -6.06265 57.6823 -307.5
    endloop
  endfacet
  facet normal -0.951057 0.309016 0
    outer loop
      vertex -55.7532 15.987 -307.5
      vertex -54.5022 19.8372 -292.5
      vertex -54.5022 19.8372 -307.5
    endloop
  endfacet
  facet normal -0.951057 0.309016 0
    outer loop
      vertex -54.5022 19.8372 -292.5
      vertex -55.7532 15.987 -307.5
      vertex -55.7532 15.987 -292.5
    endloop
  endfacet
  facet normal -0.529919 0.848048 0
    outer loop
      vertex -29 50.2295 -307.5
      vertex -32.4332 48.0842 -292.5
      vertex -29 50.2295 -292.5
    endloop
  endfacet
  facet normal -0.529919 0.848048 0
    outer loop
      vertex -32.4332 48.0842 -292.5
      vertex -29 50.2295 -307.5
      vertex -32.4332 48.0842 -307.5
    endloop
  endfacet
  facet normal -0.898805 0.438349 0
    outer loop
      vertex -52.9856 23.5907 -307.5
      vertex -51.211 27.2294 -292.5
      vertex -51.211 27.2294 -307.5
    endloop
  endfacet
  facet normal -0.898805 0.438349 0
    outer loop
      vertex -51.211 27.2294 -292.5
      vertex -52.9856 23.5907 -307.5
      vertex -52.9856 23.5907 -292.5
    endloop
  endfacet
  facet normal -0.743141 -0.669135 0
    outer loop
      vertex -41.7217 -40.2902 -307.5
      vertex -44.4306 -37.2817 -292.5
      vertex -44.4306 -37.2817 -307.5
    endloop
  endfacet
  facet normal -0.743141 -0.669135 0
    outer loop
      vertex -44.4306 -37.2817 -292.5
      vertex -41.7217 -40.2902 -307.5
      vertex -41.7217 -40.2902 -292.5
    endloop
  endfacet
  facet normal 0.984812 -0.173626 0
    outer loop
      vertex 56.7326 -12.0589 -292.5
      vertex 57.4355 -8.07204 -307.5
      vertex 57.4355 -8.07204 -292.5
    endloop
  endfacet
  facet normal 0.984812 -0.173626 0
    outer loop
      vertex 57.4355 -8.07204 -307.5
      vertex 56.7326 -12.0589 -292.5
      vertex 56.7326 -12.0589 -307.5
    endloop
  endfacet
  facet normal 0.927176 -0.374625 0
    outer loop
      vertex 52.9856 -23.5907 -292.5
      vertex 54.5022 -19.8372 -307.5
      vertex 54.5022 -19.8372 -292.5
    endloop
  endfacet
  facet normal 0.927176 -0.374625 0
    outer loop
      vertex 54.5022 -19.8372 -307.5
      vertex 52.9856 -23.5907 -292.5
      vertex 52.9856 -23.5907 -307.5
    endloop
  endfacet
  facet normal 0.642785 0.766046 -0
    outer loop
      vertex 38.8096 43.1024 -307.5
      vertex 35.7084 45.7046 -292.5
      vertex 38.8096 43.1024 -292.5
    endloop
  endfacet
  facet normal 0.642785 0.766046 0
    outer loop
      vertex 35.7084 45.7046 -292.5
      vertex 38.8096 43.1024 -307.5
      vertex 35.7084 45.7046 -307.5
    endloop
  endfacet
  facet normal 0.829036 0.559195 0
    outer loop
      vertex 49.1868 30.7353 -292.5
      vertex 46.923 34.0915 -307.5
      vertex 46.923 34.0915 -292.5
    endloop
  endfacet
  facet normal 0.829036 0.559195 0
    outer loop
      vertex 46.923 34.0915 -307.5
      vertex 49.1868 30.7353 -292.5
      vertex 49.1868 30.7353 -307.5
    endloop
  endfacet
  facet normal 0.999391 -0.0349032 0
    outer loop
      vertex 57.8587 -4.04587 -292.5
      vertex 58 0 -307.5
      vertex 58 0 -292.5
    endloop
  endfacet
  facet normal 0.999391 -0.0349032 0
    outer loop
      vertex 58 0 -307.5
      vertex 57.8587 -4.04587 -292.5
      vertex 57.8587 -4.04587 -307.5
    endloop
  endfacet
  facet normal 0.951057 -0.309016 0
    outer loop
      vertex 54.5022 -19.8372 -292.5
      vertex 55.7532 -15.987 -307.5
      vertex 55.7532 -15.987 -292.5
    endloop
  endfacet
  facet normal 0.951057 -0.309016 0
    outer loop
      vertex 55.7532 -15.987 -307.5
      vertex 54.5022 -19.8372 -292.5
      vertex 54.5022 -19.8372 -307.5
    endloop
  endfacet
  facet normal 0.970295 -0.241925 0
    outer loop
      vertex 55.7532 -15.987 -292.5
      vertex 56.7326 -12.0589 -307.5
      vertex 56.7326 -12.0589 -292.5
    endloop
  endfacet
  facet normal 0.970295 -0.241925 0
    outer loop
      vertex 56.7326 -12.0589 -307.5
      vertex 55.7532 -15.987 -292.5
      vertex 55.7532 -15.987 -307.5
    endloop
  endfacet
  facet normal 0.275644 -0.96126 0
    outer loop
      vertex 14.0315 -56.2772 -307.5
      vertex 17.923 -55.1613 -292.5
      vertex 14.0315 -56.2772 -292.5
    endloop
  endfacet
  facet normal 0.275644 -0.96126 0
    outer loop
      vertex 17.923 -55.1613 -292.5
      vertex 14.0315 -56.2772 -307.5
      vertex 17.923 -55.1613 -307.5
    endloop
  endfacet
  facet normal -0.275644 -0.96126 0
    outer loop
      vertex -17.923 -55.1613 -307.5
      vertex -14.0315 -56.2772 -292.5
      vertex -17.923 -55.1613 -292.5
    endloop
  endfacet
  facet normal -0.275644 -0.96126 -0
    outer loop
      vertex -14.0315 -56.2772 -292.5
      vertex -17.923 -55.1613 -307.5
      vertex -14.0315 -56.2772 -307.5
    endloop
  endfacet
  facet normal -0.743141 0.669135 0
    outer loop
      vertex -44.4306 37.2817 -307.5
      vertex -41.7217 40.2902 -292.5
      vertex -41.7217 40.2902 -307.5
    endloop
  endfacet
  facet normal -0.743141 0.669135 0
    outer loop
      vertex -41.7217 40.2902 -292.5
      vertex -44.4306 37.2817 -307.5
      vertex -44.4306 37.2817 -292.5
    endloop
  endfacet
  facet normal 0.788018 -0.615653 0
    outer loop
      vertex 44.4306 -37.2817 -292.5
      vertex 46.923 -34.0915 -307.5
      vertex 46.923 -34.0915 -292.5
    endloop
  endfacet
  facet normal 0.788018 -0.615653 0
    outer loop
      vertex 46.923 -34.0915 -307.5
      vertex 44.4306 -37.2817 -292.5
      vertex 44.4306 -37.2817 -307.5
    endloop
  endfacet
  facet normal -0.694661 0.719338 0
    outer loop
      vertex -38.8096 43.1024 -307.5
      vertex -41.7217 40.2902 -292.5
      vertex -38.8096 43.1024 -292.5
    endloop
  endfacet
  facet normal -0.694661 0.719338 0
    outer loop
      vertex -41.7217 40.2902 -292.5
      vertex -38.8096 43.1024 -307.5
      vertex -41.7217 40.2902 -307.5
    endloop
  endfacet
  facet normal 0.58779 -0.809014 0
    outer loop
      vertex 32.4332 -48.0842 -307.5
      vertex 35.7084 -45.7046 -292.5
      vertex 32.4332 -48.0842 -292.5
    endloop
  endfacet
  facet normal 0.58779 -0.809014 0
    outer loop
      vertex 35.7084 -45.7046 -292.5
      vertex 32.4332 -48.0842 -307.5
      vertex 35.7084 -45.7046 -307.5
    endloop
  endfacet
  facet normal 0.406739 -0.913544 0
    outer loop
      vertex 21.7272 -53.7767 -307.5
      vertex 25.4255 -52.1301 -292.5
      vertex 21.7272 -53.7767 -292.5
    endloop
  endfacet
  facet normal 0.406739 -0.913544 0
    outer loop
      vertex 25.4255 -52.1301 -292.5
      vertex 21.7272 -53.7767 -307.5
      vertex 25.4255 -52.1301 -307.5
    endloop
  endfacet
  facet normal 0.788018 0.615653 0
    outer loop
      vertex 46.923 34.0915 -292.5
      vertex 44.4306 37.2817 -307.5
      vertex 44.4306 37.2817 -292.5
    endloop
  endfacet
  facet normal 0.788018 0.615653 0
    outer loop
      vertex 44.4306 37.2817 -307.5
      vertex 46.923 34.0915 -292.5
      vertex 46.923 34.0915 -307.5
    endloop
  endfacet
  facet normal -0.999391 -0.0349032 0
    outer loop
      vertex -57.8587 -4.04587 -307.5
      vertex -58 0 -292.5
      vertex -58 0 -307.5
    endloop
  endfacet
  facet normal -0.999391 -0.0349032 0
    outer loop
      vertex -58 0 -292.5
      vertex -57.8587 -4.04587 -307.5
      vertex -57.8587 -4.04587 -292.5
    endloop
  endfacet
  facet normal 0.529919 0.848048 -0
    outer loop
      vertex 32.4332 48.0842 -307.5
      vertex 29 50.2295 -292.5
      vertex 32.4332 48.0842 -292.5
    endloop
  endfacet
  facet normal 0.529919 0.848048 0
    outer loop
      vertex 29 50.2295 -292.5
      vertex 32.4332 48.0842 -307.5
      vertex 29 50.2295 -307.5
    endloop
  endfacet
  facet normal -0.58779 -0.809014 0
    outer loop
      vertex -35.7084 -45.7046 -307.5
      vertex -32.4332 -48.0842 -292.5
      vertex -35.7084 -45.7046 -292.5
    endloop
  endfacet
  facet normal -0.58779 -0.809014 -0
    outer loop
      vertex -32.4332 -48.0842 -292.5
      vertex -35.7084 -45.7046 -307.5
      vertex -32.4332 -48.0842 -307.5
    endloop
  endfacet
  facet normal 0.898805 -0.438349 0
    outer loop
      vertex 51.211 -27.2294 -292.5
      vertex 52.9856 -23.5907 -307.5
      vertex 52.9856 -23.5907 -292.5
    endloop
  endfacet
  facet normal 0.898805 -0.438349 0
    outer loop
      vertex 52.9856 -23.5907 -307.5
      vertex 51.211 -27.2294 -292.5
      vertex 51.211 -27.2294 -307.5
    endloop
  endfacet
  facet normal 0.866018 0.500013 0
    outer loop
      vertex 51.211 27.2294 -292.5
      vertex 49.1868 30.7353 -307.5
      vertex 49.1868 30.7353 -292.5
    endloop
  endfacet
  facet normal 0.866018 0.500013 0
    outer loop
      vertex 49.1868 30.7353 -307.5
      vertex 51.211 27.2294 -292.5
      vertex 51.211 27.2294 -307.5
    endloop
  endfacet
  facet normal 0 -1 0
    outer loop
      vertex -2.02417 -57.9647 -307.5
      vertex 2.02417 -57.9647 -292.5
      vertex -2.02417 -57.9647 -292.5
    endloop
  endfacet
  facet normal 0 -1 -0
    outer loop
      vertex 2.02417 -57.9647 -292.5
      vertex -2.02417 -57.9647 -307.5
      vertex 2.02417 -57.9647 -307.5
    endloop
  endfacet
  facet normal 0.207911 0.978148 -0
    outer loop
      vertex 14.0315 56.2772 -307.5
      vertex 10.0716 57.1189 -292.5
      vertex 14.0315 56.2772 -292.5
    endloop
  endfacet
  facet normal 0.207911 0.978148 0
    outer loop
      vertex 10.0716 57.1189 -292.5
      vertex 14.0315 56.2772 -307.5
      vertex 10.0716 57.1189 -307.5
    endloop
  endfacet
  facet normal 0 1 -0
    outer loop
      vertex 2.02417 57.9647 -307.5
      vertex -2.02417 57.9647 -292.5
      vertex 2.02417 57.9647 -292.5
    endloop
  endfacet
  facet normal 0 1 0
    outer loop
      vertex -2.02417 57.9647 -292.5
      vertex 2.02417 57.9647 -307.5
      vertex -2.02417 57.9647 -307.5
    endloop
  endfacet
  facet normal -0.970295 0.241925 0
    outer loop
      vertex -56.7326 12.0589 -307.5
      vertex -55.7532 15.987 -292.5
      vertex -55.7532 15.987 -307.5
    endloop
  endfacet
  facet normal -0.970295 0.241925 0
    outer loop
      vertex -55.7532 15.987 -292.5
      vertex -56.7326 12.0589 -307.5
      vertex -56.7326 12.0589 -292.5
    endloop
  endfacet
  facet normal 0.970295 0.241925 0
    outer loop
      vertex 56.7326 12.0589 -292.5
      vertex 55.7532 15.987 -307.5
      vertex 55.7532 15.987 -292.5
    endloop
  endfacet
  facet normal 0.970295 0.241925 0
    outer loop
      vertex 55.7532 15.987 -307.5
      vertex 56.7326 12.0589 -292.5
      vertex 56.7326 12.0589 -307.5
    endloop
  endfacet
  facet normal 0.069757 0.997564 -0
    outer loop
      vertex 6.06265 57.6823 -307.5
      vertex 2.02417 57.9647 -292.5
      vertex 6.06265 57.6823 -292.5
    endloop
  endfacet
  facet normal 0.069757 0.997564 0
    outer loop
      vertex 2.02417 57.9647 -292.5
      vertex 6.06265 57.6823 -307.5
      vertex 2.02417 57.9647 -307.5
    endloop
  endfacet
  facet normal -0.951057 -0.309016 0
    outer loop
      vertex -54.5022 -19.8372 -307.5
      vertex -55.7532 -15.987 -292.5
      vertex -55.7532 -15.987 -307.5
    endloop
  endfacet
  facet normal -0.951057 -0.309016 0
    outer loop
      vertex -55.7532 -15.987 -292.5
      vertex -54.5022 -19.8372 -307.5
      vertex -54.5022 -19.8372 -292.5
    endloop
  endfacet
  facet normal -0.342017 -0.939694 0
    outer loop
      vertex -21.7272 -53.7767 -307.5
      vertex -17.923 -55.1613 -292.5
      vertex -21.7272 -53.7767 -292.5
    endloop
  endfacet
  facet normal -0.342017 -0.939694 -0
    outer loop
      vertex -17.923 -55.1613 -292.5
      vertex -21.7272 -53.7767 -307.5
      vertex -17.923 -55.1613 -307.5
    endloop
  endfacet
  facet normal 0.829036 -0.559195 0
    outer loop
      vertex 46.923 -34.0915 -292.5
      vertex 49.1868 -30.7353 -307.5
      vertex 49.1868 -30.7353 -292.5
    endloop
  endfacet
  facet normal 0.829036 -0.559195 0
    outer loop
      vertex 49.1868 -30.7353 -307.5
      vertex 46.923 -34.0915 -292.5
      vertex 46.923 -34.0915 -307.5
    endloop
  endfacet
  facet normal 0.642785 -0.766046 0
    outer loop
      vertex 35.7084 -45.7046 -307.5
      vertex 38.8096 -43.1024 -292.5
      vertex 35.7084 -45.7046 -292.5
    endloop
  endfacet
  facet normal 0.642785 -0.766046 0
    outer loop
      vertex 38.8096 -43.1024 -292.5
      vertex 35.7084 -45.7046 -307.5
      vertex 38.8096 -43.1024 -307.5
    endloop
  endfacet
  facet normal 0.342017 0.939694 -0
    outer loop
      vertex 21.7272 53.7767 -307.5
      vertex 17.923 55.1613 -292.5
      vertex 21.7272 53.7767 -292.5
    endloop
  endfacet
  facet normal 0.342017 0.939694 0
    outer loop
      vertex 17.923 55.1613 -292.5
      vertex 21.7272 53.7767 -307.5
      vertex 17.923 55.1613 -307.5
    endloop
  endfacet
  facet normal -0.406739 -0.913544 0
    outer loop
      vertex -25.4255 -52.1301 -307.5
      vertex -21.7272 -53.7767 -292.5
      vertex -25.4255 -52.1301 -292.5
    endloop
  endfacet
  facet normal -0.406739 -0.913544 -0
    outer loop
      vertex -21.7272 -53.7767 -292.5
      vertex -25.4255 -52.1301 -307.5
      vertex -21.7272 -53.7767 -307.5
    endloop
  endfacet
  facet normal 0.694661 0.719338 -0
    outer loop
      vertex 41.7217 40.2902 -307.5
      vertex 38.8096 43.1024 -292.5
      vertex 41.7217 40.2902 -292.5
    endloop
  endfacet
  facet normal 0.694661 0.719338 0
    outer loop
      vertex 38.8096 43.1024 -292.5
      vertex 41.7217 40.2902 -307.5
      vertex 38.8096 43.1024 -307.5
    endloop
  endfacet
  facet normal -0.984812 -0.173626 0
    outer loop
      vertex -56.7326 -12.0589 -307.5
      vertex -57.4355 -8.07204 -292.5
      vertex -57.4355 -8.07204 -307.5
    endloop
  endfacet
  facet normal -0.984812 -0.173626 0
    outer loop
      vertex -57.4355 -8.07204 -292.5
      vertex -56.7326 -12.0589 -307.5
      vertex -56.7326 -12.0589 -292.5
    endloop
  endfacet
  facet normal -0.207911 -0.978148 0
    outer loop
      vertex -14.0315 -56.2772 -307.5
      vertex -10.0716 -57.1189 -292.5
      vertex -14.0315 -56.2772 -292.5
    endloop
  endfacet
  facet normal -0.207911 -0.978148 -0
    outer loop
      vertex -10.0716 -57.1189 -292.5
      vertex -14.0315 -56.2772 -307.5
      vertex -10.0716 -57.1189 -307.5
    endloop
  endfacet
  facet normal -0.642785 -0.766046 0
    outer loop
      vertex -38.8096 -43.1024 -307.5
      vertex -35.7084 -45.7046 -292.5
      vertex -38.8096 -43.1024 -292.5
    endloop
  endfacet
  facet normal -0.642785 -0.766046 -0
    outer loop
      vertex -35.7084 -45.7046 -292.5
      vertex -38.8096 -43.1024 -307.5
      vertex -35.7084 -45.7046 -307.5
    endloop
  endfacet
  facet normal 0.694661 -0.719338 0
    outer loop
      vertex 38.8096 -43.1024 -307.5
      vertex 41.7217 -40.2902 -292.5
      vertex 38.8096 -43.1024 -292.5
    endloop
  endfacet
  facet normal 0.694661 -0.719338 0
    outer loop
      vertex 41.7217 -40.2902 -292.5
      vertex 38.8096 -43.1024 -307.5
      vertex 41.7217 -40.2902 -307.5
    endloop
  endfacet
  facet normal -0.994521 -0.104536 0
    outer loop
      vertex -57.4355 -8.07204 -307.5
      vertex -57.8587 -4.04587 -292.5
      vertex -57.8587 -4.04587 -307.5
    endloop
  endfacet
  facet normal -0.994521 -0.104536 0
    outer loop
      vertex -57.8587 -4.04587 -292.5
      vertex -57.4355 -8.07204 -307.5
      vertex -57.4355 -8.07204 -292.5
    endloop
  endfacet
  facet normal 0.743141 0.669135 0
    outer loop
      vertex 44.4306 37.2817 -292.5
      vertex 41.7217 40.2902 -307.5
      vertex 41.7217 40.2902 -292.5
    endloop
  endfacet
  facet normal 0.743141 0.669135 0
    outer loop
      vertex 41.7217 40.2902 -307.5
      vertex 44.4306 37.2817 -292.5
      vertex 44.4306 37.2817 -307.5
    endloop
  endfacet
  facet normal 0 0 -1
    outer loop
      vertex 55 0 -307.5
      vertex 58 0 -307.5
      vertex 57.8587 -4.04587 -307.5
    endloop
  endfacet
  facet normal 0 0 -1
    outer loop
      vertex 54.866 -3.83661 -307.5
      vertex 57.8587 -4.04587 -307.5
      vertex 57.4355 -8.07204 -307.5
    endloop
  endfacet
  facet normal 0 0 -1
    outer loop
      vertex 58 0 -307.5
      vertex 55 0 -307.5
      vertex 57.8587 4.04587 -307.5
    endloop
  endfacet
  facet normal 0 0 -1
    outer loop
      vertex 54.4647 -7.65452 -307.5
      vertex 57.4355 -8.07204 -307.5
      vertex 56.7326 -12.0589 -307.5
    endloop
  endfacet
  facet normal 0 0 -1
    outer loop
      vertex 54.866 3.83661 -307.5
      vertex 57.8587 4.04587 -307.5
      vertex 55 0 -307.5
    endloop
  endfacet
  facet normal 0 0 -1
    outer loop
      vertex 53.7981 -11.4351 -307.5
      vertex 56.7326 -12.0589 -307.5
      vertex 55.7532 -15.987 -307.5
    endloop
  endfacet
  facet normal -0 0 -1
    outer loop
      vertex 57.8587 4.04587 -307.5
      vertex 54.866 3.83661 -307.5
      vertex 57.4355 8.07204 -307.5
    endloop
  endfacet
  facet normal 0 0 -1
    outer loop
      vertex 54.4647 7.65452 -307.5
      vertex 57.4355 8.07204 -307.5
      vertex 54.866 3.83661 -307.5
    endloop
  endfacet
  facet normal 0 0 -1
    outer loop
      vertex 57.8587 -4.04587 -307.5
      vertex 54.866 -3.83661 -307.5
      vertex 55 0 -307.5
    endloop
  endfacet
  facet normal 0 0 -1
    outer loop
      vertex 52.8694 -15.1601 -307.5
      vertex 55.7532 -15.987 -307.5
      vertex 54.5022 -19.8372 -307.5
    endloop
  endfacet
  facet normal 0 0 -1
    outer loop
      vertex 57.4355 -8.07204 -307.5
      vertex 54.4647 -7.65452 -307.5
      vertex 54.866 -3.83661 -307.5
    endloop
  endfacet
  facet normal 0 0 -1
    outer loop
      vertex 56.7326 -12.0589 -307.5
      vertex 53.7981 -11.4351 -307.5
      vertex 54.4647 -7.65452 -307.5
    endloop
  endfacet
  facet normal 0 0 -1
    outer loop
      vertex 51.6831 -18.8111 -307.5
      vertex 54.5022 -19.8372 -307.5
      vertex 52.9856 -23.5907 -307.5
    endloop
  endfacet
  facet normal 0 0 -1
    outer loop
      vertex 55.7532 -15.987 -307.5
      vertex 52.8694 -15.1601 -307.5
      vertex 53.7981 -11.4351 -307.5
    endloop
  endfacet
  facet normal 0 0 -1
    outer loop
      vertex 54.5022 -19.8372 -307.5
      vertex 51.6831 -18.8111 -307.5
      vertex 52.8694 -15.1601 -307.5
    endloop
  endfacet
  facet normal 0 0 -1
    outer loop
      vertex 50.245 -22.3705 -307.5
      vertex 52.9856 -23.5907 -307.5
      vertex 51.211 -27.2294 -307.5
    endloop
  endfacet
  facet normal 0 0 -1
    outer loop
      vertex 52.9856 -23.5907 -307.5
      vertex 50.245 -22.3705 -307.5
      vertex 51.6831 -18.8111 -307.5
    endloop
  endfacet
  facet normal 0 0 -1
    outer loop
      vertex 48.5621 -25.8209 -307.5
      vertex 51.211 -27.2294 -307.5
      vertex 49.1868 -30.7353 -307.5
    endloop
  endfacet
  facet normal 0 0 -1
    outer loop
      vertex 51.211 -27.2294 -307.5
      vertex 48.5621 -25.8209 -307.5
      vertex 50.245 -22.3705 -307.5
    endloop
  endfacet
  facet normal 0 0 -1
    outer loop
      vertex 46.6426 -29.1456 -307.5
      vertex 49.1868 -30.7353 -307.5
      vertex 46.923 -34.0915 -307.5
    endloop
  endfacet
  facet normal 0 0 -1
    outer loop
      vertex 49.1868 -30.7353 -307.5
      vertex 46.6426 -29.1456 -307.5
      vertex 48.5621 -25.8209 -307.5
    endloop
  endfacet
  facet normal 0 0 -1
    outer loop
      vertex 46.923 -34.0915 -307.5
      vertex 44.4959 -32.3282 -307.5
      vertex 46.6426 -29.1456 -307.5
    endloop
  endfacet
  facet normal 0 0 -1
    outer loop
      vertex 44.4306 -37.2817 -307.5
      vertex 44.4959 -32.3282 -307.5
      vertex 46.923 -34.0915 -307.5
    endloop
  endfacet
  facet normal 0 0 -1
    outer loop
      vertex 44.4306 -37.2817 -307.5
      vertex 42.1324 -35.3533 -307.5
      vertex 44.4959 -32.3282 -307.5
    endloop
  endfacet
  facet normal 0 0 -1
    outer loop
      vertex 41.7217 -40.2902 -307.5
      vertex 42.1324 -35.3533 -307.5
      vertex 44.4306 -37.2817 -307.5
    endloop
  endfacet
  facet normal 0 0 -1
    outer loop
      vertex 41.7217 -40.2902 -307.5
      vertex 39.5637 -38.2062 -307.5
      vertex 42.1324 -35.3533 -307.5
    endloop
  endfacet
  facet normal 0 0 -1
    outer loop
      vertex 38.8096 -43.1024 -307.5
      vertex 39.5637 -38.2062 -307.5
      vertex 41.7217 -40.2902 -307.5
    endloop
  endfacet
  facet normal 0 0 -1
    outer loop
      vertex 38.8096 -43.1024 -307.5
      vertex 36.8022 -40.873 -307.5
      vertex 39.5637 -38.2062 -307.5
    endloop
  endfacet
  facet normal 0 0 -1
    outer loop
      vertex 35.7084 -45.7046 -307.5
      vertex 36.8022 -40.873 -307.5
      vertex 38.8096 -43.1024 -307.5
    endloop
  endfacet
  facet normal 0 0 -1
    outer loop
      vertex 35.7084 -45.7046 -307.5
      vertex 33.8614 -43.3406 -307.5
      vertex 36.8022 -40.873 -307.5
    endloop
  endfacet
  facet normal 0 0 -1
    outer loop
      vertex 32.4332 -48.0842 -307.5
      vertex 33.8614 -43.3406 -307.5
      vertex 35.7084 -45.7046 -307.5
    endloop
  endfacet
  facet normal 0 0 -1
    outer loop
      vertex 32.4332 -48.0842 -307.5
      vertex 30.7556 -45.5971 -307.5
      vertex 33.8614 -43.3406 -307.5
    endloop
  endfacet
  facet normal 0 0 -1
    outer loop
      vertex 29 -50.2295 -307.5
      vertex 30.7556 -45.5971 -307.5
      vertex 32.4332 -48.0842 -307.5
    endloop
  endfacet
  facet normal 0 0 -1
    outer loop
      vertex 29 -50.2295 -307.5
      vertex 27.5 -47.6314 -307.5
      vertex 30.7556 -45.5971 -307.5
    endloop
  endfacet
  facet normal 0 0 -1
    outer loop
      vertex 25.4255 -52.1301 -307.5
      vertex 27.5 -47.6314 -307.5
      vertex 29 -50.2295 -307.5
    endloop
  endfacet
  facet normal 0 0 -1
    outer loop
      vertex 25.4255 -52.1301 -307.5
      vertex 24.1104 -49.4337 -307.5
      vertex 27.5 -47.6314 -307.5
    endloop
  endfacet
  facet normal 0 0 -1
    outer loop
      vertex 21.7272 -53.7767 -307.5
      vertex 24.1104 -49.4337 -307.5
      vertex 25.4255 -52.1301 -307.5
    endloop
  endfacet
  facet normal 0 0 -1
    outer loop
      vertex 21.7272 -53.7767 -307.5
      vertex 20.6034 -50.9951 -307.5
      vertex 24.1104 -49.4337 -307.5
    endloop
  endfacet
  facet normal 0 0 -1
    outer loop
      vertex 17.923 -55.1613 -307.5
      vertex 20.6034 -50.9951 -307.5
      vertex 21.7272 -53.7767 -307.5
    endloop
  endfacet
  facet normal 0 0 -1
    outer loop
      vertex 17.923 -55.1613 -307.5
      vertex 16.9959 -52.3081 -307.5
      vertex 20.6034 -50.9951 -307.5
    endloop
  endfacet
  facet normal 0 0 -1
    outer loop
      vertex 14.0315 -56.2772 -307.5
      vertex 16.9959 -52.3081 -307.5
      vertex 17.923 -55.1613 -307.5
    endloop
  endfacet
  facet normal 0 0 -1
    outer loop
      vertex 14.0315 -56.2772 -307.5
      vertex 13.3057 -53.3663 -307.5
      vertex 16.9959 -52.3081 -307.5
    endloop
  endfacet
  facet normal 0 0 -1
    outer loop
      vertex 10.0716 -57.1189 -307.5
      vertex 13.3057 -53.3663 -307.5
      vertex 14.0315 -56.2772 -307.5
    endloop
  endfacet
  facet normal 0 0 -1
    outer loop
      vertex 10.0716 -57.1189 -307.5
      vertex 9.55065 -54.1644 -307.5
      vertex 13.3057 -53.3663 -307.5
    endloop
  endfacet
  facet normal 0 0 -1
    outer loop
      vertex 6.06265 -57.6823 -307.5
      vertex 9.55065 -54.1644 -307.5
      vertex 10.0716 -57.1189 -307.5
    endloop
  endfacet
  facet normal 0 0 -1
    outer loop
      vertex 6.06265 -57.6823 -307.5
      vertex 5.74907 -54.6987 -307.5
      vertex 9.55065 -54.1644 -307.5
    endloop
  endfacet
  facet normal 0 0 -1
    outer loop
      vertex 2.02417 -57.9647 -307.5
      vertex 5.74907 -54.6987 -307.5
      vertex 6.06265 -57.6823 -307.5
    endloop
  endfacet
  facet normal 0 0 -1
    outer loop
      vertex 2.02417 -57.9647 -307.5
      vertex 1.91947 -54.9665 -307.5
      vertex 5.74907 -54.6987 -307.5
    endloop
  endfacet
  facet normal 0 0 -1
    outer loop
      vertex 2.02417 -57.9647 -307.5
      vertex -1.91947 -54.9665 -307.5
      vertex 1.91947 -54.9665 -307.5
    endloop
  endfacet
  facet normal 0 0 -1
    outer loop
      vertex -2.02417 -57.9647 -307.5
      vertex -1.91947 -54.9665 -307.5
      vertex 2.02417 -57.9647 -307.5
    endloop
  endfacet
  facet normal 0 0 -1
    outer loop
      vertex -2.02417 -57.9647 -307.5
      vertex -5.74907 -54.6987 -307.5
      vertex -1.91947 -54.9665 -307.5
    endloop
  endfacet
  facet normal 0 0 -1
    outer loop
      vertex -6.06265 -57.6823 -307.5
      vertex -5.74907 -54.6987 -307.5
      vertex -2.02417 -57.9647 -307.5
    endloop
  endfacet
  facet normal 0 0 -1
    outer loop
      vertex -6.06265 -57.6823 -307.5
      vertex -9.55065 -54.1644 -307.5
      vertex -5.74907 -54.6987 -307.5
    endloop
  endfacet
  facet normal 0 0 -1
    outer loop
      vertex -10.0716 -57.1189 -307.5
      vertex -9.55065 -54.1644 -307.5
      vertex -6.06265 -57.6823 -307.5
    endloop
  endfacet
  facet normal 0 0 -1
    outer loop
      vertex -10.0716 -57.1189 -307.5
      vertex -13.3057 -53.3663 -307.5
      vertex -9.55065 -54.1644 -307.5
    endloop
  endfacet
  facet normal 0 0 -1
    outer loop
      vertex -14.0315 -56.2772 -307.5
      vertex -13.3057 -53.3663 -307.5
      vertex -10.0716 -57.1189 -307.5
    endloop
  endfacet
  facet normal 0 0 -1
    outer loop
      vertex -14.0315 -56.2772 -307.5
      vertex -16.9959 -52.3081 -307.5
      vertex -13.3057 -53.3663 -307.5
    endloop
  endfacet
  facet normal 0 0 -1
    outer loop
      vertex -17.923 -55.1613 -307.5
      vertex -16.9959 -52.3081 -307.5
      vertex -14.0315 -56.2772 -307.5
    endloop
  endfacet
  facet normal 0 0 -1
    outer loop
      vertex -17.923 -55.1613 -307.5
      vertex -20.6034 -50.9951 -307.5
      vertex -16.9959 -52.3081 -307.5
    endloop
  endfacet
  facet normal 0 0 -1
    outer loop
      vertex -21.7272 -53.7767 -307.5
      vertex -20.6034 -50.9951 -307.5
      vertex -17.923 -55.1613 -307.5
    endloop
  endfacet
  facet normal 0 0 -1
    outer loop
      vertex -21.7272 -53.7767 -307.5
      vertex -24.1104 -49.4337 -307.5
      vertex -20.6034 -50.9951 -307.5
    endloop
  endfacet
  facet normal 0 0 -1
    outer loop
      vertex -25.4255 -52.1301 -307.5
      vertex -24.1104 -49.4337 -307.5
      vertex -21.7272 -53.7767 -307.5
    endloop
  endfacet
  facet normal 0 0 -1
    outer loop
      vertex -25.4255 -52.1301 -307.5
      vertex -27.5 -47.6314 -307.5
      vertex -24.1104 -49.4337 -307.5
    endloop
  endfacet
  facet normal 0 0 -1
    outer loop
      vertex -29 -50.2295 -307.5
      vertex -27.5 -47.6314 -307.5
      vertex -25.4255 -52.1301 -307.5
    endloop
  endfacet
  facet normal 0 0 -1
    outer loop
      vertex -29 -50.2295 -307.5
      vertex -30.7556 -45.5971 -307.5
      vertex -27.5 -47.6314 -307.5
    endloop
  endfacet
  facet normal 0 0 -1
    outer loop
      vertex -32.4332 -48.0842 -307.5
      vertex -30.7556 -45.5971 -307.5
      vertex -29 -50.2295 -307.5
    endloop
  endfacet
  facet normal 0 0 -1
    outer loop
      vertex -32.4332 -48.0842 -307.5
      vertex -33.8614 -43.3406 -307.5
      vertex -30.7556 -45.5971 -307.5
    endloop
  endfacet
  facet normal 0 0 -1
    outer loop
      vertex -35.7084 -45.7046 -307.5
      vertex -33.8614 -43.3406 -307.5
      vertex -32.4332 -48.0842 -307.5
    endloop
  endfacet
  facet normal 0 0 -1
    outer loop
      vertex -35.7084 -45.7046 -307.5
      vertex -36.8022 -40.873 -307.5
      vertex -33.8614 -43.3406 -307.5
    endloop
  endfacet
  facet normal 0 0 -1
    outer loop
      vertex -38.8096 -43.1024 -307.5
      vertex -36.8022 -40.873 -307.5
      vertex -35.7084 -45.7046 -307.5
    endloop
  endfacet
  facet normal 0 0 -1
    outer loop
      vertex -38.8096 -43.1024 -307.5
      vertex -39.5637 -38.2062 -307.5
      vertex -36.8022 -40.873 -307.5
    endloop
  endfacet
  facet normal 0 0 -1
    outer loop
      vertex -41.7217 -40.2902 -307.5
      vertex -39.5637 -38.2062 -307.5
      vertex -38.8096 -43.1024 -307.5
    endloop
  endfacet
  facet normal 0 0 -1
    outer loop
      vertex -41.7217 -40.2902 -307.5
      vertex -42.1324 -35.3533 -307.5
      vertex -39.5637 -38.2062 -307.5
    endloop
  endfacet
  facet normal 0 0 -1
    outer loop
      vertex -44.4306 -37.2817 -307.5
      vertex -42.1324 -35.3533 -307.5
      vertex -41.7217 -40.2902 -307.5
    endloop
  endfacet
  facet normal 0 0 -1
    outer loop
      vertex -44.4306 -37.2817 -307.5
      vertex -44.4959 -32.3282 -307.5
      vertex -42.1324 -35.3533 -307.5
    endloop
  endfacet
  facet normal 0 0 -1
    outer loop
      vertex -46.923 -34.0915 -307.5
      vertex -44.4959 -32.3282 -307.5
      vertex -44.4306 -37.2817 -307.5
    endloop
  endfacet
  facet normal -0 0 -1
    outer loop
      vertex -44.4959 -32.3282 -307.5
      vertex -46.923 -34.0915 -307.5
      vertex -46.6426 -29.1456 -307.5
    endloop
  endfacet
  facet normal 0 0 -1
    outer loop
      vertex -49.1868 -30.7353 -307.5
      vertex -46.6426 -29.1456 -307.5
      vertex -46.923 -34.0915 -307.5
    endloop
  endfacet
  facet normal -0 0 -1
    outer loop
      vertex -46.6426 -29.1456 -307.5
      vertex -49.1868 -30.7353 -307.5
      vertex -48.5621 -25.8209 -307.5
    endloop
  endfacet
  facet normal 0 0 -1
    outer loop
      vertex -51.211 -27.2294 -307.5
      vertex -48.5621 -25.8209 -307.5
      vertex -49.1868 -30.7353 -307.5
    endloop
  endfacet
  facet normal -0 0 -1
    outer loop
      vertex -48.5621 -25.8209 -307.5
      vertex -51.211 -27.2294 -307.5
      vertex -50.245 -22.3705 -307.5
    endloop
  endfacet
  facet normal 0 0 -1
    outer loop
      vertex -52.9856 -23.5907 -307.5
      vertex -50.245 -22.3705 -307.5
      vertex -51.211 -27.2294 -307.5
    endloop
  endfacet
  facet normal -0 0 -1
    outer loop
      vertex -50.245 -22.3705 -307.5
      vertex -52.9856 -23.5907 -307.5
      vertex -51.6831 -18.8111 -307.5
    endloop
  endfacet
  facet normal 0 0 -1
    outer loop
      vertex -54.5022 -19.8372 -307.5
      vertex -51.6831 -18.8111 -307.5
      vertex -52.9856 -23.5907 -307.5
    endloop
  endfacet
  facet normal -0 0 -1
    outer loop
      vertex -51.6831 -18.8111 -307.5
      vertex -54.5022 -19.8372 -307.5
      vertex -52.8694 -15.1601 -307.5
    endloop
  endfacet
  facet normal 0 0 -1
    outer loop
      vertex -55.7532 -15.987 -307.5
      vertex -52.8694 -15.1601 -307.5
      vertex -54.5022 -19.8372 -307.5
    endloop
  endfacet
  facet normal -0 0 -1
    outer loop
      vertex -52.8694 -15.1601 -307.5
      vertex -55.7532 -15.987 -307.5
      vertex -53.7981 -11.4351 -307.5
    endloop
  endfacet
  facet normal 0 0 -1
    outer loop
      vertex -56.7326 -12.0589 -307.5
      vertex -53.7981 -11.4351 -307.5
      vertex -55.7532 -15.987 -307.5
    endloop
  endfacet
  facet normal -0 0 -1
    outer loop
      vertex -53.7981 -11.4351 -307.5
      vertex -56.7326 -12.0589 -307.5
      vertex -54.4647 -7.65452 -307.5
    endloop
  endfacet
  facet normal 0 0 -1
    outer loop
      vertex -57.4355 -8.07204 -307.5
      vertex -54.4647 -7.65452 -307.5
      vertex -56.7326 -12.0589 -307.5
    endloop
  endfacet
  facet normal -0 0 -1
    outer loop
      vertex 57.4355 8.07204 -307.5
      vertex 54.4647 7.65452 -307.5
      vertex 56.7326 12.0589 -307.5
    endloop
  endfacet
  facet normal 0 0 -1
    outer loop
      vertex 53.7981 11.4351 -307.5
      vertex 56.7326 12.0589 -307.5
      vertex 54.4647 7.65452 -307.5
    endloop
  endfacet
  facet normal -0 0 -1
    outer loop
      vertex 56.7326 12.0589 -307.5
      vertex 53.7981 11.4351 -307.5
      vertex 55.7532 15.987 -307.5
    endloop
  endfacet
  facet normal 0 0 -1
    outer loop
      vertex 52.8694 15.1601 -307.5
      vertex 55.7532 15.987 -307.5
      vertex 53.7981 11.4351 -307.5
    endloop
  endfacet
  facet normal -0 0 -1
    outer loop
      vertex 55.7532 15.987 -307.5
      vertex 52.8694 15.1601 -307.5
      vertex 54.5022 19.8372 -307.5
    endloop
  endfacet
  facet normal 0 0 -1
    outer loop
      vertex 51.6831 18.8111 -307.5
      vertex 54.5022 19.8372 -307.5
      vertex 52.8694 15.1601 -307.5
    endloop
  endfacet
  facet normal -0 0 -1
    outer loop
      vertex 54.5022 19.8372 -307.5
      vertex 51.6831 18.8111 -307.5
      vertex 52.9856 23.5907 -307.5
    endloop
  endfacet
  facet normal 0 0 -1
    outer loop
      vertex 50.245 22.3705 -307.5
      vertex 52.9856 23.5907 -307.5
      vertex 51.6831 18.8111 -307.5
    endloop
  endfacet
  facet normal -0 0 -1
    outer loop
      vertex 52.9856 23.5907 -307.5
      vertex 50.245 22.3705 -307.5
      vertex 51.211 27.2294 -307.5
    endloop
  endfacet
  facet normal 0 0 -1
    outer loop
      vertex 48.5621 25.8209 -307.5
      vertex 51.211 27.2294 -307.5
      vertex 50.245 22.3705 -307.5
    endloop
  endfacet
  facet normal -0 0 -1
    outer loop
      vertex 51.211 27.2294 -307.5
      vertex 48.5621 25.8209 -307.5
      vertex 49.1868 30.7353 -307.5
    endloop
  endfacet
  facet normal 0 0 -1
    outer loop
      vertex 46.6426 29.1456 -307.5
      vertex 49.1868 30.7353 -307.5
      vertex 48.5621 25.8209 -307.5
    endloop
  endfacet
  facet normal -0 0 -1
    outer loop
      vertex 49.1868 30.7353 -307.5
      vertex 46.6426 29.1456 -307.5
      vertex 46.923 34.0915 -307.5
    endloop
  endfacet
  facet normal 0 0 -1
    outer loop
      vertex 44.4959 32.3282 -307.5
      vertex 46.923 34.0915 -307.5
      vertex 46.6426 29.1456 -307.5
    endloop
  endfacet
  facet normal 0 0 -1
    outer loop
      vertex 44.4959 32.3282 -307.5
      vertex 44.4306 37.2817 -307.5
      vertex 46.923 34.0915 -307.5
    endloop
  endfacet
  facet normal 0 0 -1
    outer loop
      vertex 42.1324 35.3533 -307.5
      vertex 44.4306 37.2817 -307.5
      vertex 44.4959 32.3282 -307.5
    endloop
  endfacet
  facet normal 0 0 -1
    outer loop
      vertex 42.1324 35.3533 -307.5
      vertex 41.7217 40.2902 -307.5
      vertex 44.4306 37.2817 -307.5
    endloop
  endfacet
  facet normal 0 0 -1
    outer loop
      vertex 39.5637 38.2062 -307.5
      vertex 41.7217 40.2902 -307.5
      vertex 42.1324 35.3533 -307.5
    endloop
  endfacet
  facet normal 0 0 -1
    outer loop
      vertex 39.5637 38.2062 -307.5
      vertex 38.8096 43.1024 -307.5
      vertex 41.7217 40.2902 -307.5
    endloop
  endfacet
  facet normal 0 0 -1
    outer loop
      vertex 36.8022 40.873 -307.5
      vertex 38.8096 43.1024 -307.5
      vertex 39.5637 38.2062 -307.5
    endloop
  endfacet
  facet normal 0 0 -1
    outer loop
      vertex 36.8022 40.873 -307.5
      vertex 35.7084 45.7046 -307.5
      vertex 38.8096 43.1024 -307.5
    endloop
  endfacet
  facet normal 0 0 -1
    outer loop
      vertex 33.8614 43.3406 -307.5
      vertex 35.7084 45.7046 -307.5
      vertex 36.8022 40.873 -307.5
    endloop
  endfacet
  facet normal 0 0 -1
    outer loop
      vertex 33.8614 43.3406 -307.5
      vertex 32.4332 48.0842 -307.5
      vertex 35.7084 45.7046 -307.5
    endloop
  endfacet
  facet normal 0 0 -1
    outer loop
      vertex 30.7556 45.5971 -307.5
      vertex 32.4332 48.0842 -307.5
      vertex 33.8614 43.3406 -307.5
    endloop
  endfacet
  facet normal 0 0 -1
    outer loop
      vertex 30.7556 45.5971 -307.5
      vertex 29 50.2295 -307.5
      vertex 32.4332 48.0842 -307.5
    endloop
  endfacet
  facet normal 0 0 -1
    outer loop
      vertex 27.5 47.6314 -307.5
      vertex 29 50.2295 -307.5
      vertex 30.7556 45.5971 -307.5
    endloop
  endfacet
  facet normal 0 0 -1
    outer loop
      vertex 27.5 47.6314 -307.5
      vertex 25.4255 52.1301 -307.5
      vertex 29 50.2295 -307.5
    endloop
  endfacet
  facet normal 0 0 -1
    outer loop
      vertex 24.1104 49.4337 -307.5
      vertex 25.4255 52.1301 -307.5
      vertex 27.5 47.6314 -307.5
    endloop
  endfacet
  facet normal 0 0 -1
    outer loop
      vertex 24.1104 49.4337 -307.5
      vertex 21.7272 53.7767 -307.5
      vertex 25.4255 52.1301 -307.5
    endloop
  endfacet
  facet normal 0 0 -1
    outer loop
      vertex 20.6034 50.9951 -307.5
      vertex 21.7272 53.7767 -307.5
      vertex 24.1104 49.4337 -307.5
    endloop
  endfacet
  facet normal 0 0 -1
    outer loop
      vertex 20.6034 50.9951 -307.5
      vertex 17.923 55.1613 -307.5
      vertex 21.7272 53.7767 -307.5
    endloop
  endfacet
  facet normal 0 0 -1
    outer loop
      vertex 16.9959 52.3081 -307.5
      vertex 17.923 55.1613 -307.5
      vertex 20.6034 50.9951 -307.5
    endloop
  endfacet
  facet normal 0 0 -1
    outer loop
      vertex 16.9959 52.3081 -307.5
      vertex 14.0315 56.2772 -307.5
      vertex 17.923 55.1613 -307.5
    endloop
  endfacet
  facet normal 0 0 -1
    outer loop
      vertex 13.3057 53.3663 -307.5
      vertex 14.0315 56.2772 -307.5
      vertex 16.9959 52.3081 -307.5
    endloop
  endfacet
  facet normal 0 0 -1
    outer loop
      vertex 13.3057 53.3663 -307.5
      vertex 10.0716 57.1189 -307.5
      vertex 14.0315 56.2772 -307.5
    endloop
  endfacet
  facet normal 0 0 -1
    outer loop
      vertex 9.55065 54.1644 -307.5
      vertex 10.0716 57.1189 -307.5
      vertex 13.3057 53.3663 -307.5
    endloop
  endfacet
  facet normal 0 0 -1
    outer loop
      vertex 9.55065 54.1644 -307.5
      vertex 6.06265 57.6823 -307.5
      vertex 10.0716 57.1189 -307.5
    endloop
  endfacet
  facet normal 0 0 -1
    outer loop
      vertex 5.74907 54.6987 -307.5
      vertex 6.06265 57.6823 -307.5
      vertex 9.55065 54.1644 -307.5
    endloop
  endfacet
  facet normal 0 0 -1
    outer loop
      vertex 5.74907 54.6987 -307.5
      vertex 2.02417 57.9647 -307.5
      vertex 6.06265 57.6823 -307.5
    endloop
  endfacet
  facet normal 0 0 -1
    outer loop
      vertex 1.91947 54.9665 -307.5
      vertex 2.02417 57.9647 -307.5
      vertex 5.74907 54.6987 -307.5
    endloop
  endfacet
  facet normal 0 0 -1
    outer loop
      vertex -1.91947 54.9665 -307.5
      vertex 2.02417 57.9647 -307.5
      vertex 1.91947 54.9665 -307.5
    endloop
  endfacet
  facet normal 0 0 -1
    outer loop
      vertex -1.91947 54.9665 -307.5
      vertex -2.02417 57.9647 -307.5
      vertex 2.02417 57.9647 -307.5
    endloop
  endfacet
  facet normal 0 0 -1
    outer loop
      vertex -5.74907 54.6987 -307.5
      vertex -2.02417 57.9647 -307.5
      vertex -1.91947 54.9665 -307.5
    endloop
  endfacet
  facet normal 0 0 -1
    outer loop
      vertex -5.74907 54.6987 -307.5
      vertex -6.06265 57.6823 -307.5
      vertex -2.02417 57.9647 -307.5
    endloop
  endfacet
  facet normal 0 0 -1
    outer loop
      vertex -9.55065 54.1644 -307.5
      vertex -6.06265 57.6823 -307.5
      vertex -5.74907 54.6987 -307.5
    endloop
  endfacet
  facet normal 0 0 -1
    outer loop
      vertex -9.55065 54.1644 -307.5
      vertex -10.0716 57.1189 -307.5
      vertex -6.06265 57.6823 -307.5
    endloop
  endfacet
  facet normal 0 0 -1
    outer loop
      vertex -13.3057 53.3663 -307.5
      vertex -10.0716 57.1189 -307.5
      vertex -9.55065 54.1644 -307.5
    endloop
  endfacet
  facet normal 0 0 -1
    outer loop
      vertex -13.3057 53.3663 -307.5
      vertex -14.0315 56.2772 -307.5
      vertex -10.0716 57.1189 -307.5
    endloop
  endfacet
  facet normal 0 0 -1
    outer loop
      vertex -16.9959 52.3081 -307.5
      vertex -14.0315 56.2772 -307.5
      vertex -13.3057 53.3663 -307.5
    endloop
  endfacet
  facet normal 0 0 -1
    outer loop
      vertex -16.9959 52.3081 -307.5
      vertex -17.923 55.1613 -307.5
      vertex -14.0315 56.2772 -307.5
    endloop
  endfacet
  facet normal 0 0 -1
    outer loop
      vertex -20.6034 50.9951 -307.5
      vertex -17.923 55.1613 -307.5
      vertex -16.9959 52.3081 -307.5
    endloop
  endfacet
  facet normal 0 0 -1
    outer loop
      vertex -20.6034 50.9951 -307.5
      vertex -21.7272 53.7767 -307.5
      vertex -17.923 55.1613 -307.5
    endloop
  endfacet
  facet normal 0 0 -1
    outer loop
      vertex -24.1104 49.4337 -307.5
      vertex -21.7272 53.7767 -307.5
      vertex -20.6034 50.9951 -307.5
    endloop
  endfacet
  facet normal 0 0 -1
    outer loop
      vertex -24.1104 49.4337 -307.5
      vertex -25.4255 52.1301 -307.5
      vertex -21.7272 53.7767 -307.5
    endloop
  endfacet
  facet normal 0 0 -1
    outer loop
      vertex -27.5 47.6314 -307.5
      vertex -25.4255 52.1301 -307.5
      vertex -24.1104 49.4337 -307.5
    endloop
  endfacet
  facet normal 0 0 -1
    outer loop
      vertex -27.5 47.6314 -307.5
      vertex -29 50.2295 -307.5
      vertex -25.4255 52.1301 -307.5
    endloop
  endfacet
  facet normal 0 0 -1
    outer loop
      vertex -30.7556 45.5971 -307.5
      vertex -29 50.2295 -307.5
      vertex -27.5 47.6314 -307.5
    endloop
  endfacet
  facet normal 0 0 -1
    outer loop
      vertex -30.7556 45.5971 -307.5
      vertex -32.4332 48.0842 -307.5
      vertex -29 50.2295 -307.5
    endloop
  endfacet
  facet normal 0 0 -1
    outer loop
      vertex -33.8614 43.3406 -307.5
      vertex -32.4332 48.0842 -307.5
      vertex -30.7556 45.5971 -307.5
    endloop
  endfacet
  facet normal 0 0 -1
    outer loop
      vertex -33.8614 43.3406 -307.5
      vertex -35.7084 45.7046 -307.5
      vertex -32.4332 48.0842 -307.5
    endloop
  endfacet
  facet normal 0 0 -1
    outer loop
      vertex -36.8022 40.873 -307.5
      vertex -35.7084 45.7046 -307.5
      vertex -33.8614 43.3406 -307.5
    endloop
  endfacet
  facet normal 0 0 -1
    outer loop
      vertex -36.8022 40.873 -307.5
      vertex -38.8096 43.1024 -307.5
      vertex -35.7084 45.7046 -307.5
    endloop
  endfacet
  facet normal 0 0 -1
    outer loop
      vertex -39.5637 38.2062 -307.5
      vertex -38.8096 43.1024 -307.5
      vertex -36.8022 40.873 -307.5
    endloop
  endfacet
  facet normal 0 0 -1
    outer loop
      vertex -39.5637 38.2062 -307.5
      vertex -41.7217 40.2902 -307.5
      vertex -38.8096 43.1024 -307.5
    endloop
  endfacet
  facet normal 0 0 -1
    outer loop
      vertex -42.1324 35.3533 -307.5
      vertex -41.7217 40.2902 -307.5
      vertex -39.5637 38.2062 -307.5
    endloop
  endfacet
  facet normal 0 0 -1
    outer loop
      vertex -42.1324 35.3533 -307.5
      vertex -44.4306 37.2817 -307.5
      vertex -41.7217 40.2902 -307.5
    endloop
  endfacet
  facet normal 0 0 -1
    outer loop
      vertex -44.4959 32.3282 -307.5
      vertex -44.4306 37.2817 -307.5
      vertex -42.1324 35.3533 -307.5
    endloop
  endfacet
  facet normal 0 0 -1
    outer loop
      vertex -46.923 34.0915 -307.5
      vertex -44.4959 32.3282 -307.5
      vertex -46.6426 29.1456 -307.5
    endloop
  endfacet
  facet normal 0 0 -1
    outer loop
      vertex -44.4959 32.3282 -307.5
      vertex -46.923 34.0915 -307.5
      vertex -44.4306 37.2817 -307.5
    endloop
  endfacet
  facet normal 0 0 -1
    outer loop
      vertex -49.1868 30.7353 -307.5
      vertex -46.6426 29.1456 -307.5
      vertex -48.5621 25.8209 -307.5
    endloop
  endfacet
  facet normal 0 0 -1
    outer loop
      vertex -46.6426 29.1456 -307.5
      vertex -49.1868 30.7353 -307.5
      vertex -46.923 34.0915 -307.5
    endloop
  endfacet
  facet normal 0 0 -1
    outer loop
      vertex -51.211 27.2294 -307.5
      vertex -48.5621 25.8209 -307.5
      vertex -50.245 22.3705 -307.5
    endloop
  endfacet
  facet normal 0 0 -1
    outer loop
      vertex -48.5621 25.8209 -307.5
      vertex -51.211 27.2294 -307.5
      vertex -49.1868 30.7353 -307.5
    endloop
  endfacet
  facet normal 0 0 -1
    outer loop
      vertex -52.9856 23.5907 -307.5
      vertex -50.245 22.3705 -307.5
      vertex -51.6831 18.8111 -307.5
    endloop
  endfacet
  facet normal 0 0 -1
    outer loop
      vertex -54.5022 19.8372 -307.5
      vertex -51.6831 18.8111 -307.5
      vertex -52.8694 15.1601 -307.5
    endloop
  endfacet
  facet normal 0 0 -1
    outer loop
      vertex -50.245 22.3705 -307.5
      vertex -52.9856 23.5907 -307.5
      vertex -51.211 27.2294 -307.5
    endloop
  endfacet
  facet normal 0 0 -1
    outer loop
      vertex -55.7532 15.987 -307.5
      vertex -52.8694 15.1601 -307.5
      vertex -53.7981 11.4351 -307.5
    endloop
  endfacet
  facet normal 0 0 -1
    outer loop
      vertex -56.7326 12.0589 -307.5
      vertex -53.7981 11.4351 -307.5
      vertex -54.4647 7.65452 -307.5
    endloop
  endfacet
  facet normal 0 0 -1
    outer loop
      vertex -51.6831 18.8111 -307.5
      vertex -54.5022 19.8372 -307.5
      vertex -52.9856 23.5907 -307.5
    endloop
  endfacet
  facet normal 0 0 -1
    outer loop
      vertex -57.4355 8.07204 -307.5
      vertex -54.4647 7.65452 -307.5
      vertex -54.866 3.83661 -307.5
    endloop
  endfacet
  facet normal 0 0 -1
    outer loop
      vertex -57.8587 4.04587 -307.5
      vertex -54.866 3.83661 -307.5
      vertex -55 0 -307.5
    endloop
  endfacet
  facet normal -0 0 -1
    outer loop
      vertex -54.4647 -7.65452 -307.5
      vertex -57.4355 -8.07204 -307.5
      vertex -54.866 -3.83661 -307.5
    endloop
  endfacet
  facet normal 0 0 -1
    outer loop
      vertex -52.8694 15.1601 -307.5
      vertex -55.7532 15.987 -307.5
      vertex -54.5022 19.8372 -307.5
    endloop
  endfacet
  facet normal 0 0 -1
    outer loop
      vertex -57.8587 -4.04587 -307.5
      vertex -54.866 -3.83661 -307.5
      vertex -57.4355 -8.07204 -307.5
    endloop
  endfacet
  facet normal 0 0 -1
    outer loop
      vertex -53.7981 11.4351 -307.5
      vertex -56.7326 12.0589 -307.5
      vertex -55.7532 15.987 -307.5
    endloop
  endfacet
  facet normal -0 0 -1
    outer loop
      vertex -54.866 -3.83661 -307.5
      vertex -57.8587 -4.04587 -307.5
      vertex -55 0 -307.5
    endloop
  endfacet
  facet normal 0 0 -1
    outer loop
      vertex -54.4647 7.65452 -307.5
      vertex -57.4355 8.07204 -307.5
      vertex -56.7326 12.0589 -307.5
    endloop
  endfacet
  facet normal 0 0 -1
    outer loop
      vertex -58 0 -307.5
      vertex -55 0 -307.5
      vertex -57.8587 -4.04587 -307.5
    endloop
  endfacet
  facet normal 0 0 -1
    outer loop
      vertex -54.866 3.83661 -307.5
      vertex -57.8587 4.04587 -307.5
      vertex -57.4355 8.07204 -307.5
    endloop
  endfacet
  facet normal 0 0 -1
    outer loop
      vertex -55 0 -307.5
      vertex -58 0 -307.5
      vertex -57.8587 4.04587 -307.5
    endloop
  endfacet
  facet normal -0.829036 -0.559195 0
    outer loop
      vertex -46.923 -34.0915 -307.5
      vertex -49.1868 -30.7353 -292.5
      vertex -49.1868 -30.7353 -307.5
    endloop
  endfacet
  facet normal -0.829036 -0.559195 0
    outer loop
      vertex -49.1868 -30.7353 -292.5
      vertex -46.923 -34.0915 -307.5
      vertex -46.923 -34.0915 -292.5
    endloop
  endfacet
  facet normal 0 0 1
    outer loop
      vertex 55 0 -292.5
      vertex 58 0 -292.5
      vertex 57.8587 4.04587 -292.5
    endloop
  endfacet
  facet normal 0 0 1
    outer loop
      vertex 54.866 3.83661 -292.5
      vertex 57.8587 4.04587 -292.5
      vertex 57.4355 8.07204 -292.5
    endloop
  endfacet
  facet normal 0 0 1
    outer loop
      vertex 58 0 -292.5
      vertex 55 0 -292.5
      vertex 57.8587 -4.04587 -292.5
    endloop
  endfacet
  facet normal 0 0 1
    outer loop
      vertex 54.4647 7.65452 -292.5
      vertex 57.4355 8.07204 -292.5
      vertex 56.7326 12.0589 -292.5
    endloop
  endfacet
  facet normal -0 0 1
    outer loop
      vertex 54.866 -3.83661 -292.5
      vertex 57.8587 -4.04587 -292.5
      vertex 55 0 -292.5
    endloop
  endfacet
  facet normal 0 0 1
    outer loop
      vertex 53.7981 11.4351 -292.5
      vertex 56.7326 12.0589 -292.5
      vertex 55.7532 15.987 -292.5
    endloop
  endfacet
  facet normal 0 0 1
    outer loop
      vertex 57.8587 -4.04587 -292.5
      vertex 54.866 -3.83661 -292.5
      vertex 57.4355 -8.07204 -292.5
    endloop
  endfacet
  facet normal -0 0 1
    outer loop
      vertex 54.4647 -7.65452 -292.5
      vertex 57.4355 -8.07204 -292.5
      vertex 54.866 -3.83661 -292.5
    endloop
  endfacet
  facet normal 0 0 1
    outer loop
      vertex 57.8587 4.04587 -292.5
      vertex 54.866 3.83661 -292.5
      vertex 55 0 -292.5
    endloop
  endfacet
  facet normal 0 0 1
    outer loop
      vertex 52.8694 15.1601 -292.5
      vertex 55.7532 15.987 -292.5
      vertex 54.5022 19.8372 -292.5
    endloop
  endfacet
  facet normal 0 0 1
    outer loop
      vertex 57.4355 8.07204 -292.5
      vertex 54.4647 7.65452 -292.5
      vertex 54.866 3.83661 -292.5
    endloop
  endfacet
  facet normal 0 0 1
    outer loop
      vertex 56.7326 12.0589 -292.5
      vertex 53.7981 11.4351 -292.5
      vertex 54.4647 7.65452 -292.5
    endloop
  endfacet
  facet normal 0 0 1
    outer loop
      vertex 51.6831 18.8111 -292.5
      vertex 54.5022 19.8372 -292.5
      vertex 52.9856 23.5907 -292.5
    endloop
  endfacet
  facet normal 0 0 1
    outer loop
      vertex 55.7532 15.987 -292.5
      vertex 52.8694 15.1601 -292.5
      vertex 53.7981 11.4351 -292.5
    endloop
  endfacet
  facet normal 0 0 1
    outer loop
      vertex 54.5022 19.8372 -292.5
      vertex 51.6831 18.8111 -292.5
      vertex 52.8694 15.1601 -292.5
    endloop
  endfacet
  facet normal 0 0 1
    outer loop
      vertex 50.245 22.3705 -292.5
      vertex 52.9856 23.5907 -292.5
      vertex 51.211 27.2294 -292.5
    endloop
  endfacet
  facet normal 0 0 1
    outer loop
      vertex 52.9856 23.5907 -292.5
      vertex 50.245 22.3705 -292.5
      vertex 51.6831 18.8111 -292.5
    endloop
  endfacet
  facet normal 0 0 1
    outer loop
      vertex 48.5621 25.8209 -292.5
      vertex 51.211 27.2294 -292.5
      vertex 49.1868 30.7353 -292.5
    endloop
  endfacet
  facet normal 0 0 1
    outer loop
      vertex 51.211 27.2294 -292.5
      vertex 48.5621 25.8209 -292.5
      vertex 50.245 22.3705 -292.5
    endloop
  endfacet
  facet normal 0 0 1
    outer loop
      vertex 46.6426 29.1456 -292.5
      vertex 49.1868 30.7353 -292.5
      vertex 46.923 34.0915 -292.5
    endloop
  endfacet
  facet normal 0 0 1
    outer loop
      vertex 49.1868 30.7353 -292.5
      vertex 46.6426 29.1456 -292.5
      vertex 48.5621 25.8209 -292.5
    endloop
  endfacet
  facet normal 0 0 1
    outer loop
      vertex 46.923 34.0915 -292.5
      vertex 44.4959 32.3282 -292.5
      vertex 46.6426 29.1456 -292.5
    endloop
  endfacet
  facet normal 0 0 1
    outer loop
      vertex 44.4306 37.2817 -292.5
      vertex 44.4959 32.3282 -292.5
      vertex 46.923 34.0915 -292.5
    endloop
  endfacet
  facet normal 0 0 1
    outer loop
      vertex 44.4306 37.2817 -292.5
      vertex 42.1324 35.3533 -292.5
      vertex 44.4959 32.3282 -292.5
    endloop
  endfacet
  facet normal 0 0 1
    outer loop
      vertex 41.7217 40.2902 -292.5
      vertex 42.1324 35.3533 -292.5
      vertex 44.4306 37.2817 -292.5
    endloop
  endfacet
  facet normal 0 0 1
    outer loop
      vertex 41.7217 40.2902 -292.5
      vertex 39.5637 38.2062 -292.5
      vertex 42.1324 35.3533 -292.5
    endloop
  endfacet
  facet normal 0 0 1
    outer loop
      vertex 38.8096 43.1024 -292.5
      vertex 39.5637 38.2062 -292.5
      vertex 41.7217 40.2902 -292.5
    endloop
  endfacet
  facet normal 0 0 1
    outer loop
      vertex 38.8096 43.1024 -292.5
      vertex 36.8022 40.873 -292.5
      vertex 39.5637 38.2062 -292.5
    endloop
  endfacet
  facet normal 0 0 1
    outer loop
      vertex 35.7084 45.7046 -292.5
      vertex 36.8022 40.873 -292.5
      vertex 38.8096 43.1024 -292.5
    endloop
  endfacet
  facet normal 0 0 1
    outer loop
      vertex 35.7084 45.7046 -292.5
      vertex 33.8614 43.3406 -292.5
      vertex 36.8022 40.873 -292.5
    endloop
  endfacet
  facet normal 0 0 1
    outer loop
      vertex 32.4332 48.0842 -292.5
      vertex 33.8614 43.3406 -292.5
      vertex 35.7084 45.7046 -292.5
    endloop
  endfacet
  facet normal 0 0 1
    outer loop
      vertex 32.4332 48.0842 -292.5
      vertex 30.7556 45.5971 -292.5
      vertex 33.8614 43.3406 -292.5
    endloop
  endfacet
  facet normal 0 0 1
    outer loop
      vertex 29 50.2295 -292.5
      vertex 30.7556 45.5971 -292.5
      vertex 32.4332 48.0842 -292.5
    endloop
  endfacet
  facet normal 0 0 1
    outer loop
      vertex 29 50.2295 -292.5
      vertex 27.5 47.6314 -292.5
      vertex 30.7556 45.5971 -292.5
    endloop
  endfacet
  facet normal 0 0 1
    outer loop
      vertex 25.4255 52.1301 -292.5
      vertex 27.5 47.6314 -292.5
      vertex 29 50.2295 -292.5
    endloop
  endfacet
  facet normal 0 0 1
    outer loop
      vertex 25.4255 52.1301 -292.5
      vertex 24.1104 49.4337 -292.5
      vertex 27.5 47.6314 -292.5
    endloop
  endfacet
  facet normal 0 0 1
    outer loop
      vertex 21.7272 53.7767 -292.5
      vertex 24.1104 49.4337 -292.5
      vertex 25.4255 52.1301 -292.5
    endloop
  endfacet
  facet normal 0 0 1
    outer loop
      vertex 21.7272 53.7767 -292.5
      vertex 20.6034 50.9951 -292.5
      vertex 24.1104 49.4337 -292.5
    endloop
  endfacet
  facet normal 0 0 1
    outer loop
      vertex 17.923 55.1613 -292.5
      vertex 20.6034 50.9951 -292.5
      vertex 21.7272 53.7767 -292.5
    endloop
  endfacet
  facet normal 0 0 1
    outer loop
      vertex 17.923 55.1613 -292.5
      vertex 16.9959 52.3081 -292.5
      vertex 20.6034 50.9951 -292.5
    endloop
  endfacet
  facet normal 0 0 1
    outer loop
      vertex 14.0315 56.2772 -292.5
      vertex 16.9959 52.3081 -292.5
      vertex 17.923 55.1613 -292.5
    endloop
  endfacet
  facet normal 0 0 1
    outer loop
      vertex 14.0315 56.2772 -292.5
      vertex 13.3057 53.3663 -292.5
      vertex 16.9959 52.3081 -292.5
    endloop
  endfacet
  facet normal 0 0 1
    outer loop
      vertex 10.0716 57.1189 -292.5
      vertex 13.3057 53.3663 -292.5
      vertex 14.0315 56.2772 -292.5
    endloop
  endfacet
  facet normal 0 0 1
    outer loop
      vertex 10.0716 57.1189 -292.5
      vertex 9.55065 54.1644 -292.5
      vertex 13.3057 53.3663 -292.5
    endloop
  endfacet
  facet normal 0 0 1
    outer loop
      vertex 6.06265 57.6823 -292.5
      vertex 9.55065 54.1644 -292.5
      vertex 10.0716 57.1189 -292.5
    endloop
  endfacet
  facet normal 0 0 1
    outer loop
      vertex 6.06265 57.6823 -292.5
      vertex 5.74907 54.6987 -292.5
      vertex 9.55065 54.1644 -292.5
    endloop
  endfacet
  facet normal 0 0 1
    outer loop
      vertex 2.02417 57.9647 -292.5
      vertex 5.74907 54.6987 -292.5
      vertex 6.06265 57.6823 -292.5
    endloop
  endfacet
  facet normal 0 0 1
    outer loop
      vertex 2.02417 57.9647 -292.5
      vertex 1.91947 54.9665 -292.5
      vertex 5.74907 54.6987 -292.5
    endloop
  endfacet
  facet normal 0 0 1
    outer loop
      vertex 2.02417 57.9647 -292.5
      vertex -1.91947 54.9665 -292.5
      vertex 1.91947 54.9665 -292.5
    endloop
  endfacet
  facet normal -0 0 1
    outer loop
      vertex -2.02417 57.9647 -292.5
      vertex -1.91947 54.9665 -292.5
      vertex 2.02417 57.9647 -292.5
    endloop
  endfacet
  facet normal 0 0 1
    outer loop
      vertex -2.02417 57.9647 -292.5
      vertex -5.74907 54.6987 -292.5
      vertex -1.91947 54.9665 -292.5
    endloop
  endfacet
  facet normal -0 0 1
    outer loop
      vertex -6.06265 57.6823 -292.5
      vertex -5.74907 54.6987 -292.5
      vertex -2.02417 57.9647 -292.5
    endloop
  endfacet
  facet normal 0 0 1
    outer loop
      vertex -6.06265 57.6823 -292.5
      vertex -9.55065 54.1644 -292.5
      vertex -5.74907 54.6987 -292.5
    endloop
  endfacet
  facet normal -0 0 1
    outer loop
      vertex -10.0716 57.1189 -292.5
      vertex -9.55065 54.1644 -292.5
      vertex -6.06265 57.6823 -292.5
    endloop
  endfacet
  facet normal 0 0 1
    outer loop
      vertex -10.0716 57.1189 -292.5
      vertex -13.3057 53.3663 -292.5
      vertex -9.55065 54.1644 -292.5
    endloop
  endfacet
  facet normal -0 0 1
    outer loop
      vertex -14.0315 56.2772 -292.5
      vertex -13.3057 53.3663 -292.5
      vertex -10.0716 57.1189 -292.5
    endloop
  endfacet
  facet normal 0 0 1
    outer loop
      vertex -14.0315 56.2772 -292.5
      vertex -16.9959 52.3081 -292.5
      vertex -13.3057 53.3663 -292.5
    endloop
  endfacet
  facet normal -0 0 1
    outer loop
      vertex -17.923 55.1613 -292.5
      vertex -16.9959 52.3081 -292.5
      vertex -14.0315 56.2772 -292.5
    endloop
  endfacet
  facet normal 0 0 1
    outer loop
      vertex -17.923 55.1613 -292.5
      vertex -20.6034 50.9951 -292.5
      vertex -16.9959 52.3081 -292.5
    endloop
  endfacet
  facet normal -0 0 1
    outer loop
      vertex -21.7272 53.7767 -292.5
      vertex -20.6034 50.9951 -292.5
      vertex -17.923 55.1613 -292.5
    endloop
  endfacet
  facet normal 0 0 1
    outer loop
      vertex -21.7272 53.7767 -292.5
      vertex -24.1104 49.4337 -292.5
      vertex -20.6034 50.9951 -292.5
    endloop
  endfacet
  facet normal -0 0 1
    outer loop
      vertex -25.4255 52.1301 -292.5
      vertex -24.1104 49.4337 -292.5
      vertex -21.7272 53.7767 -292.5
    endloop
  endfacet
  facet normal 0 0 1
    outer loop
      vertex -25.4255 52.1301 -292.5
      vertex -27.5 47.6314 -292.5
      vertex -24.1104 49.4337 -292.5
    endloop
  endfacet
  facet normal -0 0 1
    outer loop
      vertex -29 50.2295 -292.5
      vertex -27.5 47.6314 -292.5
      vertex -25.4255 52.1301 -292.5
    endloop
  endfacet
  facet normal 0 0 1
    outer loop
      vertex -29 50.2295 -292.5
      vertex -30.7556 45.5971 -292.5
      vertex -27.5 47.6314 -292.5
    endloop
  endfacet
  facet normal -0 0 1
    outer loop
      vertex -32.4332 48.0842 -292.5
      vertex -30.7556 45.5971 -292.5
      vertex -29 50.2295 -292.5
    endloop
  endfacet
  facet normal 0 0 1
    outer loop
      vertex -32.4332 48.0842 -292.5
      vertex -33.8614 43.3406 -292.5
      vertex -30.7556 45.5971 -292.5
    endloop
  endfacet
  facet normal -0 0 1
    outer loop
      vertex -35.7084 45.7046 -292.5
      vertex -33.8614 43.3406 -292.5
      vertex -32.4332 48.0842 -292.5
    endloop
  endfacet
  facet normal 0 0 1
    outer loop
      vertex -35.7084 45.7046 -292.5
      vertex -36.8022 40.873 -292.5
      vertex -33.8614 43.3406 -292.5
    endloop
  endfacet
  facet normal -0 0 1
    outer loop
      vertex -38.8096 43.1024 -292.5
      vertex -36.8022 40.873 -292.5
      vertex -35.7084 45.7046 -292.5
    endloop
  endfacet
  facet normal 0 0 1
    outer loop
      vertex -38.8096 43.1024 -292.5
      vertex -39.5637 38.2062 -292.5
      vertex -36.8022 40.873 -292.5
    endloop
  endfacet
  facet normal -0 0 1
    outer loop
      vertex -41.7217 40.2902 -292.5
      vertex -39.5637 38.2062 -292.5
      vertex -38.8096 43.1024 -292.5
    endloop
  endfacet
  facet normal 0 0 1
    outer loop
      vertex -41.7217 40.2902 -292.5
      vertex -42.1324 35.3533 -292.5
      vertex -39.5637 38.2062 -292.5
    endloop
  endfacet
  facet normal -0 0 1
    outer loop
      vertex -44.4306 37.2817 -292.5
      vertex -42.1324 35.3533 -292.5
      vertex -41.7217 40.2902 -292.5
    endloop
  endfacet
  facet normal 0 0 1
    outer loop
      vertex -44.4306 37.2817 -292.5
      vertex -44.4959 32.3282 -292.5
      vertex -42.1324 35.3533 -292.5
    endloop
  endfacet
  facet normal -0 0 1
    outer loop
      vertex -46.923 34.0915 -292.5
      vertex -44.4959 32.3282 -292.5
      vertex -44.4306 37.2817 -292.5
    endloop
  endfacet
  facet normal 0 0 1
    outer loop
      vertex -44.4959 32.3282 -292.5
      vertex -46.923 34.0915 -292.5
      vertex -46.6426 29.1456 -292.5
    endloop
  endfacet
  facet normal -0 0 1
    outer loop
      vertex -49.1868 30.7353 -292.5
      vertex -46.6426 29.1456 -292.5
      vertex -46.923 34.0915 -292.5
    endloop
  endfacet
  facet normal 0 0 1
    outer loop
      vertex -46.6426 29.1456 -292.5
      vertex -49.1868 30.7353 -292.5
      vertex -48.5621 25.8209 -292.5
    endloop
  endfacet
  facet normal -0 0 1
    outer loop
      vertex -51.211 27.2294 -292.5
      vertex -48.5621 25.8209 -292.5
      vertex -49.1868 30.7353 -292.5
    endloop
  endfacet
  facet normal 0 0 1
    outer loop
      vertex -48.5621 25.8209 -292.5
      vertex -51.211 27.2294 -292.5
      vertex -50.245 22.3705 -292.5
    endloop
  endfacet
  facet normal -0 0 1
    outer loop
      vertex -52.9856 23.5907 -292.5
      vertex -50.245 22.3705 -292.5
      vertex -51.211 27.2294 -292.5
    endloop
  endfacet
  facet normal 0 0 1
    outer loop
      vertex -50.245 22.3705 -292.5
      vertex -52.9856 23.5907 -292.5
      vertex -51.6831 18.8111 -292.5
    endloop
  endfacet
  facet normal -0 0 1
    outer loop
      vertex -54.5022 19.8372 -292.5
      vertex -51.6831 18.8111 -292.5
      vertex -52.9856 23.5907 -292.5
    endloop
  endfacet
  facet normal 0 0 1
    outer loop
      vertex -51.6831 18.8111 -292.5
      vertex -54.5022 19.8372 -292.5
      vertex -52.8694 15.1601 -292.5
    endloop
  endfacet
  facet normal -0 0 1
    outer loop
      vertex -55.7532 15.987 -292.5
      vertex -52.8694 15.1601 -292.5
      vertex -54.5022 19.8372 -292.5
    endloop
  endfacet
  facet normal 0 0 1
    outer loop
      vertex -52.8694 15.1601 -292.5
      vertex -55.7532 15.987 -292.5
      vertex -53.7981 11.4351 -292.5
    endloop
  endfacet
  facet normal -0 0 1
    outer loop
      vertex -56.7326 12.0589 -292.5
      vertex -53.7981 11.4351 -292.5
      vertex -55.7532 15.987 -292.5
    endloop
  endfacet
  facet normal 0 0 1
    outer loop
      vertex -53.7981 11.4351 -292.5
      vertex -56.7326 12.0589 -292.5
      vertex -54.4647 7.65452 -292.5
    endloop
  endfacet
  facet normal -0 0 1
    outer loop
      vertex -57.4355 8.07204 -292.5
      vertex -54.4647 7.65452 -292.5
      vertex -56.7326 12.0589 -292.5
    endloop
  endfacet
  facet normal 0 0 1
    outer loop
      vertex 57.4355 -8.07204 -292.5
      vertex 54.4647 -7.65452 -292.5
      vertex 56.7326 -12.0589 -292.5
    endloop
  endfacet
  facet normal -0 0 1
    outer loop
      vertex 53.7981 -11.4351 -292.5
      vertex 56.7326 -12.0589 -292.5
      vertex 54.4647 -7.65452 -292.5
    endloop
  endfacet
  facet normal 0 0 1
    outer loop
      vertex 56.7326 -12.0589 -292.5
      vertex 53.7981 -11.4351 -292.5
      vertex 55.7532 -15.987 -292.5
    endloop
  endfacet
  facet normal -0 0 1
    outer loop
      vertex 52.8694 -15.1601 -292.5
      vertex 55.7532 -15.987 -292.5
      vertex 53.7981 -11.4351 -292.5
    endloop
  endfacet
  facet normal 0 0 1
    outer loop
      vertex 55.7532 -15.987 -292.5
      vertex 52.8694 -15.1601 -292.5
      vertex 54.5022 -19.8372 -292.5
    endloop
  endfacet
  facet normal -0 0 1
    outer loop
      vertex 51.6831 -18.8111 -292.5
      vertex 54.5022 -19.8372 -292.5
      vertex 52.8694 -15.1601 -292.5
    endloop
  endfacet
  facet normal 0 0 1
    outer loop
      vertex 54.5022 -19.8372 -292.5
      vertex 51.6831 -18.8111 -292.5
      vertex 52.9856 -23.5907 -292.5
    endloop
  endfacet
  facet normal -0 0 1
    outer loop
      vertex 50.245 -22.3705 -292.5
      vertex 52.9856 -23.5907 -292.5
      vertex 51.6831 -18.8111 -292.5
    endloop
  endfacet
  facet normal 0 0 1
    outer loop
      vertex 52.9856 -23.5907 -292.5
      vertex 50.245 -22.3705 -292.5
      vertex 51.211 -27.2294 -292.5
    endloop
  endfacet
  facet normal -0 0 1
    outer loop
      vertex 48.5621 -25.8209 -292.5
      vertex 51.211 -27.2294 -292.5
      vertex 50.245 -22.3705 -292.5
    endloop
  endfacet
  facet normal 0 0 1
    outer loop
      vertex 51.211 -27.2294 -292.5
      vertex 48.5621 -25.8209 -292.5
      vertex 49.1868 -30.7353 -292.5
    endloop
  endfacet
  facet normal -0 0 1
    outer loop
      vertex 46.6426 -29.1456 -292.5
      vertex 49.1868 -30.7353 -292.5
      vertex 48.5621 -25.8209 -292.5
    endloop
  endfacet
  facet normal 0 0 1
    outer loop
      vertex 49.1868 -30.7353 -292.5
      vertex 46.6426 -29.1456 -292.5
      vertex 46.923 -34.0915 -292.5
    endloop
  endfacet
  facet normal -0 0 1
    outer loop
      vertex 44.4959 -32.3282 -292.5
      vertex 46.923 -34.0915 -292.5
      vertex 46.6426 -29.1456 -292.5
    endloop
  endfacet
  facet normal 0 0 1
    outer loop
      vertex 44.4959 -32.3282 -292.5
      vertex 44.4306 -37.2817 -292.5
      vertex 46.923 -34.0915 -292.5
    endloop
  endfacet
  facet normal -0 0 1
    outer loop
      vertex 42.1324 -35.3533 -292.5
      vertex 44.4306 -37.2817 -292.5
      vertex 44.4959 -32.3282 -292.5
    endloop
  endfacet
  facet normal 0 0 1
    outer loop
      vertex 42.1324 -35.3533 -292.5
      vertex 41.7217 -40.2902 -292.5
      vertex 44.4306 -37.2817 -292.5
    endloop
  endfacet
  facet normal -0 0 1
    outer loop
      vertex 39.5637 -38.2062 -292.5
      vertex 41.7217 -40.2902 -292.5
      vertex 42.1324 -35.3533 -292.5
    endloop
  endfacet
  facet normal 0 0 1
    outer loop
      vertex 39.5637 -38.2062 -292.5
      vertex 38.8096 -43.1024 -292.5
      vertex 41.7217 -40.2902 -292.5
    endloop
  endfacet
  facet normal -0 0 1
    outer loop
      vertex 36.8022 -40.873 -292.5
      vertex 38.8096 -43.1024 -292.5
      vertex 39.5637 -38.2062 -292.5
    endloop
  endfacet
  facet normal 0 0 1
    outer loop
      vertex 36.8022 -40.873 -292.5
      vertex 35.7084 -45.7046 -292.5
      vertex 38.8096 -43.1024 -292.5
    endloop
  endfacet
  facet normal -0 0 1
    outer loop
      vertex 33.8614 -43.3406 -292.5
      vertex 35.7084 -45.7046 -292.5
      vertex 36.8022 -40.873 -292.5
    endloop
  endfacet
  facet normal 0 0 1
    outer loop
      vertex 33.8614 -43.3406 -292.5
      vertex 32.4332 -48.0842 -292.5
      vertex 35.7084 -45.7046 -292.5
    endloop
  endfacet
  facet normal -0 0 1
    outer loop
      vertex 30.7556 -45.5971 -292.5
      vertex 32.4332 -48.0842 -292.5
      vertex 33.8614 -43.3406 -292.5
    endloop
  endfacet
  facet normal 0 0 1
    outer loop
      vertex 30.7556 -45.5971 -292.5
      vertex 29 -50.2295 -292.5
      vertex 32.4332 -48.0842 -292.5
    endloop
  endfacet
  facet normal -0 0 1
    outer loop
      vertex 27.5 -47.6314 -292.5
      vertex 29 -50.2295 -292.5
      vertex 30.7556 -45.5971 -292.5
    endloop
  endfacet
  facet normal 0 0 1
    outer loop
      vertex 27.5 -47.6314 -292.5
      vertex 25.4255 -52.1301 -292.5
      vertex 29 -50.2295 -292.5
    endloop
  endfacet
  facet normal -0 0 1
    outer loop
      vertex 24.1104 -49.4337 -292.5
      vertex 25.4255 -52.1301 -292.5
      vertex 27.5 -47.6314 -292.5
    endloop
  endfacet
  facet normal 0 0 1
    outer loop
      vertex 24.1104 -49.4337 -292.5
      vertex 21.7272 -53.7767 -292.5
      vertex 25.4255 -52.1301 -292.5
    endloop
  endfacet
  facet normal -0 0 1
    outer loop
      vertex 20.6034 -50.9951 -292.5
      vertex 21.7272 -53.7767 -292.5
      vertex 24.1104 -49.4337 -292.5
    endloop
  endfacet
  facet normal 0 0 1
    outer loop
      vertex 20.6034 -50.9951 -292.5
      vertex 17.923 -55.1613 -292.5
      vertex 21.7272 -53.7767 -292.5
    endloop
  endfacet
  facet normal -0 0 1
    outer loop
      vertex 16.9959 -52.3081 -292.5
      vertex 17.923 -55.1613 -292.5
      vertex 20.6034 -50.9951 -292.5
    endloop
  endfacet
  facet normal 0 0 1
    outer loop
      vertex 16.9959 -52.3081 -292.5
      vertex 14.0315 -56.2772 -292.5
      vertex 17.923 -55.1613 -292.5
    endloop
  endfacet
  facet normal -0 0 1
    outer loop
      vertex 13.3057 -53.3663 -292.5
      vertex 14.0315 -56.2772 -292.5
      vertex 16.9959 -52.3081 -292.5
    endloop
  endfacet
  facet normal 0 0 1
    outer loop
      vertex 13.3057 -53.3663 -292.5
      vertex 10.0716 -57.1189 -292.5
      vertex 14.0315 -56.2772 -292.5
    endloop
  endfacet
  facet normal -0 0 1
    outer loop
      vertex 9.55065 -54.1644 -292.5
      vertex 10.0716 -57.1189 -292.5
      vertex 13.3057 -53.3663 -292.5
    endloop
  endfacet
  facet normal 0 0 1
    outer loop
      vertex 9.55065 -54.1644 -292.5
      vertex 6.06265 -57.6823 -292.5
      vertex 10.0716 -57.1189 -292.5
    endloop
  endfacet
  facet normal -0 0 1
    outer loop
      vertex 5.74907 -54.6987 -292.5
      vertex 6.06265 -57.6823 -292.5
      vertex 9.55065 -54.1644 -292.5
    endloop
  endfacet
  facet normal 0 0 1
    outer loop
      vertex 5.74907 -54.6987 -292.5
      vertex 2.02417 -57.9647 -292.5
      vertex 6.06265 -57.6823 -292.5
    endloop
  endfacet
  facet normal -0 0 1
    outer loop
      vertex 1.91947 -54.9665 -292.5
      vertex 2.02417 -57.9647 -292.5
      vertex 5.74907 -54.6987 -292.5
    endloop
  endfacet
  facet normal -0 0 1
    outer loop
      vertex -1.91947 -54.9665 -292.5
      vertex 2.02417 -57.9647 -292.5
      vertex 1.91947 -54.9665 -292.5
    endloop
  endfacet
  facet normal 0 0 1
    outer loop
      vertex -1.91947 -54.9665 -292.5
      vertex -2.02417 -57.9647 -292.5
      vertex 2.02417 -57.9647 -292.5
    endloop
  endfacet
  facet normal 0 0 1
    outer loop
      vertex -5.74907 -54.6987 -292.5
      vertex -2.02417 -57.9647 -292.5
      vertex -1.91947 -54.9665 -292.5
    endloop
  endfacet
  facet normal 0 0 1
    outer loop
      vertex -5.74907 -54.6987 -292.5
      vertex -6.06265 -57.6823 -292.5
      vertex -2.02417 -57.9647 -292.5
    endloop
  endfacet
  facet normal 0 0 1
    outer loop
      vertex -9.55065 -54.1644 -292.5
      vertex -6.06265 -57.6823 -292.5
      vertex -5.74907 -54.6987 -292.5
    endloop
  endfacet
  facet normal 0 0 1
    outer loop
      vertex -9.55065 -54.1644 -292.5
      vertex -10.0716 -57.1189 -292.5
      vertex -6.06265 -57.6823 -292.5
    endloop
  endfacet
  facet normal 0 0 1
    outer loop
      vertex -13.3057 -53.3663 -292.5
      vertex -10.0716 -57.1189 -292.5
      vertex -9.55065 -54.1644 -292.5
    endloop
  endfacet
  facet normal 0 0 1
    outer loop
      vertex -13.3057 -53.3663 -292.5
      vertex -14.0315 -56.2772 -292.5
      vertex -10.0716 -57.1189 -292.5
    endloop
  endfacet
  facet normal 0 0 1
    outer loop
      vertex -16.9959 -52.3081 -292.5
      vertex -14.0315 -56.2772 -292.5
      vertex -13.3057 -53.3663 -292.5
    endloop
  endfacet
  facet normal 0 0 1
    outer loop
      vertex -16.9959 -52.3081 -292.5
      vertex -17.923 -55.1613 -292.5
      vertex -14.0315 -56.2772 -292.5
    endloop
  endfacet
  facet normal 0 0 1
    outer loop
      vertex -20.6034 -50.9951 -292.5
      vertex -17.923 -55.1613 -292.5
      vertex -16.9959 -52.3081 -292.5
    endloop
  endfacet
  facet normal 0 0 1
    outer loop
      vertex -20.6034 -50.9951 -292.5
      vertex -21.7272 -53.7767 -292.5
      vertex -17.923 -55.1613 -292.5
    endloop
  endfacet
  facet normal 0 0 1
    outer loop
      vertex -24.1104 -49.4337 -292.5
      vertex -21.7272 -53.7767 -292.5
      vertex -20.6034 -50.9951 -292.5
    endloop
  endfacet
  facet normal 0 0 1
    outer loop
      vertex -24.1104 -49.4337 -292.5
      vertex -25.4255 -52.1301 -292.5
      vertex -21.7272 -53.7767 -292.5
    endloop
  endfacet
  facet normal 0 0 1
    outer loop
      vertex -27.5 -47.6314 -292.5
      vertex -25.4255 -52.1301 -292.5
      vertex -24.1104 -49.4337 -292.5
    endloop
  endfacet
  facet normal 0 0 1
    outer loop
      vertex -27.5 -47.6314 -292.5
      vertex -29 -50.2295 -292.5
      vertex -25.4255 -52.1301 -292.5
    endloop
  endfacet
  facet normal 0 0 1
    outer loop
      vertex -30.7556 -45.5971 -292.5
      vertex -29 -50.2295 -292.5
      vertex -27.5 -47.6314 -292.5
    endloop
  endfacet
  facet normal 0 0 1
    outer loop
      vertex -30.7556 -45.5971 -292.5
      vertex -32.4332 -48.0842 -292.5
      vertex -29 -50.2295 -292.5
    endloop
  endfacet
  facet normal 0 0 1
    outer loop
      vertex -33.8614 -43.3406 -292.5
      vertex -32.4332 -48.0842 -292.5
      vertex -30.7556 -45.5971 -292.5
    endloop
  endfacet
  facet normal 0 0 1
    outer loop
      vertex -33.8614 -43.3406 -292.5
      vertex -35.7084 -45.7046 -292.5
      vertex -32.4332 -48.0842 -292.5
    endloop
  endfacet
  facet normal 0 0 1
    outer loop
      vertex -36.8022 -40.873 -292.5
      vertex -35.7084 -45.7046 -292.5
      vertex -33.8614 -43.3406 -292.5
    endloop
  endfacet
  facet normal 0 0 1
    outer loop
      vertex -36.8022 -40.873 -292.5
      vertex -38.8096 -43.1024 -292.5
      vertex -35.7084 -45.7046 -292.5
    endloop
  endfacet
  facet normal 0 0 1
    outer loop
      vertex -39.5637 -38.2062 -292.5
      vertex -38.8096 -43.1024 -292.5
      vertex -36.8022 -40.873 -292.5
    endloop
  endfacet
  facet normal 0 0 1
    outer loop
      vertex -39.5637 -38.2062 -292.5
      vertex -41.7217 -40.2902 -292.5
      vertex -38.8096 -43.1024 -292.5
    endloop
  endfacet
  facet normal 0 0 1
    outer loop
      vertex -42.1324 -35.3533 -292.5
      vertex -41.7217 -40.2902 -292.5
      vertex -39.5637 -38.2062 -292.5
    endloop
  endfacet
  facet normal 0 0 1
    outer loop
      vertex -42.1324 -35.3533 -292.5
      vertex -44.4306 -37.2817 -292.5
      vertex -41.7217 -40.2902 -292.5
    endloop
  endfacet
  facet normal 0 0 1
    outer loop
      vertex -44.4959 -32.3282 -292.5
      vertex -44.4306 -37.2817 -292.5
      vertex -42.1324 -35.3533 -292.5
    endloop
  endfacet
  facet normal 0 0 1
    outer loop
      vertex -46.923 -34.0915 -292.5
      vertex -44.4959 -32.3282 -292.5
      vertex -46.6426 -29.1456 -292.5
    endloop
  endfacet
  facet normal 0 0 1
    outer loop
      vertex -44.4959 -32.3282 -292.5
      vertex -46.923 -34.0915 -292.5
      vertex -44.4306 -37.2817 -292.5
    endloop
  endfacet
  facet normal 0 0 1
    outer loop
      vertex -49.1868 -30.7353 -292.5
      vertex -46.6426 -29.1456 -292.5
      vertex -48.5621 -25.8209 -292.5
    endloop
  endfacet
  facet normal 0 0 1
    outer loop
      vertex -46.6426 -29.1456 -292.5
      vertex -49.1868 -30.7353 -292.5
      vertex -46.923 -34.0915 -292.5
    endloop
  endfacet
  facet normal 0 0 1
    outer loop
      vertex -51.211 -27.2294 -292.5
      vertex -48.5621 -25.8209 -292.5
      vertex -50.245 -22.3705 -292.5
    endloop
  endfacet
  facet normal 0 0 1
    outer loop
      vertex -48.5621 -25.8209 -292.5
      vertex -51.211 -27.2294 -292.5
      vertex -49.1868 -30.7353 -292.5
    endloop
  endfacet
  facet normal 0 0 1
    outer loop
      vertex -52.9856 -23.5907 -292.5
      vertex -50.245 -22.3705 -292.5
      vertex -51.6831 -18.8111 -292.5
    endloop
  endfacet
  facet normal 0 0 1
    outer loop
      vertex -54.5022 -19.8372 -292.5
      vertex -51.6831 -18.8111 -292.5
      vertex -52.8694 -15.1601 -292.5
    endloop
  endfacet
  facet normal 0 0 1
    outer loop
      vertex -50.245 -22.3705 -292.5
      vertex -52.9856 -23.5907 -292.5
      vertex -51.211 -27.2294 -292.5
    endloop
  endfacet
  facet normal 0 0 1
    outer loop
      vertex -55.7532 -15.987 -292.5
      vertex -52.8694 -15.1601 -292.5
      vertex -53.7981 -11.4351 -292.5
    endloop
  endfacet
  facet normal 0 0 1
    outer loop
      vertex -56.7326 -12.0589 -292.5
      vertex -53.7981 -11.4351 -292.5
      vertex -54.4647 -7.65452 -292.5
    endloop
  endfacet
  facet normal 0 0 1
    outer loop
      vertex -51.6831 -18.8111 -292.5
      vertex -54.5022 -19.8372 -292.5
      vertex -52.9856 -23.5907 -292.5
    endloop
  endfacet
  facet normal 0 0 1
    outer loop
      vertex -57.4355 -8.07204 -292.5
      vertex -54.4647 -7.65452 -292.5
      vertex -54.866 -3.83661 -292.5
    endloop
  endfacet
  facet normal 0 0 1
    outer loop
      vertex -57.8587 -4.04587 -292.5
      vertex -54.866 -3.83661 -292.5
      vertex -55 0 -292.5
    endloop
  endfacet
  facet normal 0 0 1
    outer loop
      vertex -54.4647 7.65452 -292.5
      vertex -57.4355 8.07204 -292.5
      vertex -54.866 3.83661 -292.5
    endloop
  endfacet
  facet normal 0 0 1
    outer loop
      vertex -52.8694 -15.1601 -292.5
      vertex -55.7532 -15.987 -292.5
      vertex -54.5022 -19.8372 -292.5
    endloop
  endfacet
  facet normal -0 0 1
    outer loop
      vertex -57.8587 4.04587 -292.5
      vertex -54.866 3.83661 -292.5
      vertex -57.4355 8.07204 -292.5
    endloop
  endfacet
  facet normal 0 0 1
    outer loop
      vertex -53.7981 -11.4351 -292.5
      vertex -56.7326 -12.0589 -292.5
      vertex -55.7532 -15.987 -292.5
    endloop
  endfacet
  facet normal 0 0 1
    outer loop
      vertex -54.866 3.83661 -292.5
      vertex -57.8587 4.04587 -292.5
      vertex -55 0 -292.5
    endloop
  endfacet
  facet normal 0 0 1
    outer loop
      vertex -54.4647 -7.65452 -292.5
      vertex -57.4355 -8.07204 -292.5
      vertex -56.7326 -12.0589 -292.5
    endloop
  endfacet
  facet normal 0 0 1
    outer loop
      vertex -58 0 -292.5
      vertex -55 0 -292.5
      vertex -57.8587 4.04587 -292.5
    endloop
  endfacet
  facet normal 0 0 1
    outer loop
      vertex -54.866 -3.83661 -292.5
      vertex -57.8587 -4.04587 -292.5
      vertex -57.4355 -8.07204 -292.5
    endloop
  endfacet
  facet normal 0 0 1
    outer loop
      vertex -55 0 -292.5
      vertex -58 0 -292.5
      vertex -57.8587 -4.04587 -292.5
    endloop
  endfacet
  facet normal -0.866018 0.500013 0
    outer loop
      vertex -51.211 27.2294 -307.5
      vertex -49.1868 30.7353 -292.5
      vertex -49.1868 30.7353 -307.5
    endloop
  endfacet
  facet normal -0.866018 0.500013 0
    outer loop
      vertex -49.1868 30.7353 -292.5
      vertex -51.211 27.2294 -307.5
      vertex -51.211 27.2294 -292.5
    endloop
  endfacet
  facet normal -0.529919 -0.848048 0
    outer loop
      vertex -32.4332 -48.0842 -307.5
      vertex -29 -50.2295 -292.5
      vertex -32.4332 -48.0842 -292.5
    endloop
  endfacet
  facet normal -0.529919 -0.848048 -0
    outer loop
      vertex -29 -50.2295 -292.5
      vertex -32.4332 -48.0842 -307.5
      vertex -29 -50.2295 -307.5
    endloop
  endfacet
  facet normal 0.207911 -0.978148 0
    outer loop
      vertex 10.0716 -57.1189 -307.5
      vertex 14.0315 -56.2772 -292.5
      vertex 10.0716 -57.1189 -292.5
    endloop
  endfacet
  facet normal 0.207911 -0.978148 0
    outer loop
      vertex 14.0315 -56.2772 -292.5
      vertex 10.0716 -57.1189 -307.5
      vertex 14.0315 -56.2772 -307.5
    endloop
  endfacet
  facet normal 0.529919 -0.848048 0
    outer loop
      vertex 29 -50.2295 -307.5
      vertex 32.4332 -48.0842 -292.5
      vertex 29 -50.2295 -292.5
    endloop
  endfacet
  facet normal 0.529919 -0.848048 0
    outer loop
      vertex 32.4332 -48.0842 -292.5
      vertex 29 -50.2295 -307.5
      vertex 32.4332 -48.0842 -307.5
    endloop
  endfacet
  facet normal -0.829036 0.559195 0
    outer loop
      vertex -49.1868 30.7353 -307.5
      vertex -46.923 34.0915 -292.5
      vertex -46.923 34.0915 -307.5
    endloop
  endfacet
  facet normal -0.829036 0.559195 0
    outer loop
      vertex -46.923 34.0915 -292.5
      vertex -49.1868 30.7353 -307.5
      vertex -49.1868 30.7353 -292.5
    endloop
  endfacet
  facet normal -0.866018 -0.500013 0
    outer loop
      vertex -49.1868 -30.7353 -307.5
      vertex -51.211 -27.2294 -292.5
      vertex -51.211 -27.2294 -307.5
    endloop
  endfacet
  facet normal -0.866018 -0.500013 0
    outer loop
      vertex -51.211 -27.2294 -292.5
      vertex -49.1868 -30.7353 -307.5
      vertex -49.1868 -30.7353 -292.5
    endloop
  endfacet
  facet normal -0.139168 -0.990269 0
    outer loop
      vertex -10.0716 -57.1189 -307.5
      vertex -6.06265 -57.6823 -292.5
      vertex -10.0716 -57.1189 -292.5
    endloop
  endfacet
  facet normal -0.139168 -0.990269 -0
    outer loop
      vertex -6.06265 -57.6823 -292.5
      vertex -10.0716 -57.1189 -307.5
      vertex -6.06265 -57.6823 -307.5
    endloop
  endfacet
  facet normal -0.927176 0.374625 0
    outer loop
      vertex -54.5022 19.8372 -307.5
      vertex -52.9856 23.5907 -292.5
      vertex -52.9856 23.5907 -307.5
    endloop
  endfacet
  facet normal -0.927176 0.374625 0
    outer loop
      vertex -52.9856 23.5907 -292.5
      vertex -54.5022 19.8372 -307.5
      vertex -54.5022 19.8372 -292.5
    endloop
  endfacet
  facet normal 0.139168 -0.990269 0
    outer loop
      vertex 6.06265 -57.6823 -307.5
      vertex 10.0716 -57.1189 -292.5
      vertex 6.06265 -57.6823 -292.5
    endloop
  endfacet
  facet normal 0.139168 -0.990269 0
    outer loop
      vertex 10.0716 -57.1189 -292.5
      vertex 6.06265 -57.6823 -307.5
      vertex 10.0716 -57.1189 -307.5
    endloop
  endfacet
  facet normal 0.927183 0.374609 0
    outer loop
      vertex 51.6831 18.8111 -307.5
      vertex 50.245 22.3705 -450
      vertex 50.245 22.3705 -307.5
    endloop
  endfacet
  facet normal 0.927183 0.374609 0
    outer loop
      vertex 50.245 22.3705 -450
      vertex 51.6831 18.8111 -307.5
      vertex 51.6831 18.8111 -450
    endloop
  endfacet
  facet normal 0.927183 0.374609 0
    outer loop
      vertex 51.6831 18.8111 450
      vertex 50.245 22.3705 307.5
      vertex 50.245 22.3705 450
    endloop
  endfacet
  facet normal 0.927183 0.374609 0
    outer loop
      vertex 50.245 22.3705 307.5
      vertex 51.6831 18.8111 450
      vertex 51.6831 18.8111 307.5
    endloop
  endfacet
  facet normal 0.927183 0.374609 0
    outer loop
      vertex 51.6831 18.8111 292.5
      vertex 50.245 22.3705 -292.5
      vertex 50.245 22.3705 292.5
    endloop
  endfacet
  facet normal 0.927183 0.374609 0
    outer loop
      vertex 50.245 22.3705 -292.5
      vertex 51.6831 18.8111 292.5
      vertex 51.6831 18.8111 -292.5
    endloop
  endfacet
  facet normal 0.994521 0.104534 0
    outer loop
      vertex 54.866 3.83661 -307.5
      vertex 54.4647 7.65452 -450
      vertex 54.4647 7.65452 -307.5
    endloop
  endfacet
  facet normal 0.994521 0.104534 0
    outer loop
      vertex 54.4647 7.65452 -450
      vertex 54.866 3.83661 -307.5
      vertex 54.866 3.83661 -450
    endloop
  endfacet
  facet normal 0.994521 0.104534 0
    outer loop
      vertex 54.866 3.83661 450
      vertex 54.4647 7.65452 307.5
      vertex 54.4647 7.65452 450
    endloop
  endfacet
  facet normal 0.994521 0.104534 0
    outer loop
      vertex 54.4647 7.65452 307.5
      vertex 54.866 3.83661 450
      vertex 54.866 3.83661 307.5
    endloop
  endfacet
  facet normal 0.994521 0.104534 0
    outer loop
      vertex 54.866 3.83661 292.5
      vertex 54.4647 7.65452 -292.5
      vertex 54.4647 7.65452 292.5
    endloop
  endfacet
  facet normal 0.994521 0.104534 0
    outer loop
      vertex 54.4647 7.65452 -292.5
      vertex 54.866 3.83661 292.5
      vertex 54.866 3.83661 -292.5
    endloop
  endfacet
  facet normal 0.999391 0.0349054 0
    outer loop
      vertex 55 0 -307.5
      vertex 54.866 3.83661 -450
      vertex 54.866 3.83661 -307.5
    endloop
  endfacet
  facet normal 0.999391 0.0349054 0
    outer loop
      vertex 54.866 3.83661 -450
      vertex 55 0 -307.5
      vertex 55 0 -450
    endloop
  endfacet
  facet normal 0.999391 0.0349054 0
    outer loop
      vertex 55 0 450
      vertex 54.866 3.83661 307.5
      vertex 54.866 3.83661 450
    endloop
  endfacet
  facet normal 0.999391 0.0349054 0
    outer loop
      vertex 54.866 3.83661 307.5
      vertex 55 0 450
      vertex 55 0 307.5
    endloop
  endfacet
  facet normal 0.999391 0.0349054 0
    outer loop
      vertex 55 0 292.5
      vertex 54.866 3.83661 -292.5
      vertex 54.866 3.83661 292.5
    endloop
  endfacet
  facet normal 0.999391 0.0349054 0
    outer loop
      vertex 54.866 3.83661 -292.5
      vertex 55 0 292.5
      vertex 55 0 -292.5
    endloop
  endfacet
  facet normal 0.999391 -0.0349054 0
    outer loop
      vertex 54.866 -3.83661 -307.5
      vertex 55 0 -450
      vertex 55 0 -307.5
    endloop
  endfacet
  facet normal 0.999391 -0.0349054 0
    outer loop
      vertex 55 0 -450
      vertex 54.866 -3.83661 -307.5
      vertex 54.866 -3.83661 -450
    endloop
  endfacet
  facet normal 0.999391 -0.0349054 0
    outer loop
      vertex 54.866 -3.83661 450
      vertex 55 0 307.5
      vertex 55 0 450
    endloop
  endfacet
  facet normal 0.999391 -0.0349054 0
    outer loop
      vertex 55 0 307.5
      vertex 54.866 -3.83661 450
      vertex 54.866 -3.83661 307.5
    endloop
  endfacet
  facet normal 0.999391 -0.0349054 0
    outer loop
      vertex 54.866 -3.83661 292.5
      vertex 55 0 -292.5
      vertex 55 0 292.5
    endloop
  endfacet
  facet normal 0.999391 -0.0349054 0
    outer loop
      vertex 55 0 -292.5
      vertex 54.866 -3.83661 292.5
      vertex 54.866 -3.83661 -292.5
    endloop
  endfacet
  facet normal 0.743153 -0.669122 0
    outer loop
      vertex 39.5637 -38.2062 -307.5
      vertex 42.1324 -35.3533 -450
      vertex 42.1324 -35.3533 -307.5
    endloop
  endfacet
  facet normal 0.743153 -0.669122 0
    outer loop
      vertex 42.1324 -35.3533 -450
      vertex 39.5637 -38.2062 -307.5
      vertex 39.5637 -38.2062 -450
    endloop
  endfacet
  facet normal 0.743153 -0.669122 0
    outer loop
      vertex 39.5637 -38.2062 450
      vertex 42.1324 -35.3533 307.5
      vertex 42.1324 -35.3533 450
    endloop
  endfacet
  facet normal 0.743153 -0.669122 0
    outer loop
      vertex 42.1324 -35.3533 307.5
      vertex 39.5637 -38.2062 450
      vertex 39.5637 -38.2062 307.5
    endloop
  endfacet
  facet normal 0.743153 -0.669122 0
    outer loop
      vertex 39.5637 -38.2062 292.5
      vertex 42.1324 -35.3533 -292.5
      vertex 42.1324 -35.3533 292.5
    endloop
  endfacet
  facet normal 0.743153 -0.669122 0
    outer loop
      vertex 42.1324 -35.3533 -292.5
      vertex 39.5637 -38.2062 292.5
      vertex 39.5637 -38.2062 -292.5
    endloop
  endfacet
  facet normal -0.139179 0.990267 0
    outer loop
      vertex -5.74907 54.6987 -450
      vertex -9.55065 54.1644 -307.5
      vertex -5.74907 54.6987 -307.5
    endloop
  endfacet
  facet normal -0.139179 0.990267 0
    outer loop
      vertex -9.55065 54.1644 -307.5
      vertex -5.74907 54.6987 -450
      vertex -9.55065 54.1644 -450
    endloop
  endfacet
  facet normal -0.139179 0.990267 0
    outer loop
      vertex -5.74907 54.6987 307.5
      vertex -9.55065 54.1644 450
      vertex -5.74907 54.6987 450
    endloop
  endfacet
  facet normal -0.139179 0.990267 0
    outer loop
      vertex -9.55065 54.1644 450
      vertex -5.74907 54.6987 307.5
      vertex -9.55065 54.1644 307.5
    endloop
  endfacet
  facet normal -0.139179 0.990267 0
    outer loop
      vertex -5.74907 54.6987 -292.5
      vertex -9.55065 54.1644 292.5
      vertex -5.74907 54.6987 292.5
    endloop
  endfacet
  facet normal -0.139179 0.990267 0
    outer loop
      vertex -9.55065 54.1644 292.5
      vertex -5.74907 54.6987 -292.5
      vertex -9.55065 54.1644 -292.5
    endloop
  endfacet
  facet normal -0.27565 -0.961258 0
    outer loop
      vertex -16.9959 -52.3081 307.5
      vertex -13.3057 -53.3663 450
      vertex -16.9959 -52.3081 450
    endloop
  endfacet
  facet normal -0.27565 -0.961258 -0
    outer loop
      vertex -13.3057 -53.3663 450
      vertex -16.9959 -52.3081 307.5
      vertex -13.3057 -53.3663 307.5
    endloop
  endfacet
  facet normal -0.27565 -0.961258 0
    outer loop
      vertex -16.9959 -52.3081 -450
      vertex -13.3057 -53.3663 -307.5
      vertex -16.9959 -52.3081 -307.5
    endloop
  endfacet
  facet normal -0.27565 -0.961258 -0
    outer loop
      vertex -13.3057 -53.3663 -307.5
      vertex -16.9959 -52.3081 -450
      vertex -13.3057 -53.3663 -450
    endloop
  endfacet
  facet normal -0.27565 -0.961258 0
    outer loop
      vertex -16.9959 -52.3081 -292.5
      vertex -13.3057 -53.3663 292.5
      vertex -16.9959 -52.3081 292.5
    endloop
  endfacet
  facet normal -0.27565 -0.961258 -0
    outer loop
      vertex -13.3057 -53.3663 292.5
      vertex -16.9959 -52.3081 -292.5
      vertex -13.3057 -53.3663 -292.5
    endloop
  endfacet
  facet normal 0.587786 -0.809016 0
    outer loop
      vertex 30.7556 -45.5971 307.5
      vertex 33.8614 -43.3406 450
      vertex 30.7556 -45.5971 450
    endloop
  endfacet
  facet normal 0.587786 -0.809016 0
    outer loop
      vertex 33.8614 -43.3406 450
      vertex 30.7556 -45.5971 307.5
      vertex 33.8614 -43.3406 307.5
    endloop
  endfacet
  facet normal 0.587786 -0.809016 0
    outer loop
      vertex 30.7556 -45.5971 -450
      vertex 33.8614 -43.3406 -307.5
      vertex 30.7556 -45.5971 -307.5
    endloop
  endfacet
  facet normal 0.587786 -0.809016 0
    outer loop
      vertex 33.8614 -43.3406 -307.5
      vertex 30.7556 -45.5971 -450
      vertex 33.8614 -43.3406 -450
    endloop
  endfacet
  facet normal 0.587786 -0.809016 0
    outer loop
      vertex 30.7556 -45.5971 -292.5
      vertex 33.8614 -43.3406 292.5
      vertex 30.7556 -45.5971 292.5
    endloop
  endfacet
  facet normal 0.587786 -0.809016 0
    outer loop
      vertex 33.8614 -43.3406 292.5
      vertex 30.7556 -45.5971 -292.5
      vertex 33.8614 -43.3406 -292.5
    endloop
  endfacet
  facet normal 0.27565 0.961258 -0
    outer loop
      vertex 16.9959 52.3081 -450
      vertex 13.3057 53.3663 -307.5
      vertex 16.9959 52.3081 -307.5
    endloop
  endfacet
  facet normal 0.27565 0.961258 0
    outer loop
      vertex 13.3057 53.3663 -307.5
      vertex 16.9959 52.3081 -450
      vertex 13.3057 53.3663 -450
    endloop
  endfacet
  facet normal 0.27565 0.961258 -0
    outer loop
      vertex 16.9959 52.3081 307.5
      vertex 13.3057 53.3663 450
      vertex 16.9959 52.3081 450
    endloop
  endfacet
  facet normal 0.27565 0.961258 0
    outer loop
      vertex 13.3057 53.3663 450
      vertex 16.9959 52.3081 307.5
      vertex 13.3057 53.3663 307.5
    endloop
  endfacet
  facet normal 0.27565 0.961258 -0
    outer loop
      vertex 16.9959 52.3081 -292.5
      vertex 13.3057 53.3663 292.5
      vertex 16.9959 52.3081 292.5
    endloop
  endfacet
  facet normal 0.27565 0.961258 0
    outer loop
      vertex 13.3057 53.3663 292.5
      vertex 16.9959 52.3081 -292.5
      vertex 13.3057 53.3663 -292.5
    endloop
  endfacet
  facet normal -0.951055 0.309021 0
    outer loop
      vertex -52.8694 15.1601 307.5
      vertex -51.6831 18.8111 450
      vertex -51.6831 18.8111 307.5
    endloop
  endfacet
  facet normal -0.951055 0.309021 0
    outer loop
      vertex -51.6831 18.8111 450
      vertex -52.8694 15.1601 307.5
      vertex -52.8694 15.1601 450
    endloop
  endfacet
  facet normal -0.951055 0.309021 0
    outer loop
      vertex -52.8694 15.1601 -450
      vertex -51.6831 18.8111 -307.5
      vertex -51.6831 18.8111 -450
    endloop
  endfacet
  facet normal -0.951055 0.309021 0
    outer loop
      vertex -51.6831 18.8111 -307.5
      vertex -52.8694 15.1601 -450
      vertex -52.8694 15.1601 -307.5
    endloop
  endfacet
  facet normal -0.951055 0.309021 0
    outer loop
      vertex -52.8694 15.1601 -292.5
      vertex -51.6831 18.8111 292.5
      vertex -51.6831 18.8111 -292.5
    endloop
  endfacet
  facet normal -0.951055 0.309021 0
    outer loop
      vertex -51.6831 18.8111 292.5
      vertex -52.8694 15.1601 -292.5
      vertex -52.8694 15.1601 292.5
    endloop
  endfacet
  facet normal -0.829036 -0.559195 0
    outer loop
      vertex -44.4959 -32.3282 -450
      vertex -46.6426 -29.1456 -307.5
      vertex -46.6426 -29.1456 -450
    endloop
  endfacet
  facet normal -0.829036 -0.559195 0
    outer loop
      vertex -46.6426 -29.1456 -307.5
      vertex -44.4959 -32.3282 -450
      vertex -44.4959 -32.3282 -307.5
    endloop
  endfacet
  facet normal -0.829036 -0.559195 0
    outer loop
      vertex -44.4959 -32.3282 307.5
      vertex -46.6426 -29.1456 450
      vertex -46.6426 -29.1456 307.5
    endloop
  endfacet
  facet normal -0.829036 -0.559195 0
    outer loop
      vertex -46.6426 -29.1456 450
      vertex -44.4959 -32.3282 307.5
      vertex -44.4959 -32.3282 450
    endloop
  endfacet
  facet normal -0.829036 -0.559195 0
    outer loop
      vertex -44.4959 -32.3282 -292.5
      vertex -46.6426 -29.1456 292.5
      vertex -46.6426 -29.1456 -292.5
    endloop
  endfacet
  facet normal -0.829036 -0.559195 0
    outer loop
      vertex -46.6426 -29.1456 292.5
      vertex -44.4959 -32.3282 -292.5
      vertex -44.4959 -32.3282 292.5
    endloop
  endfacet
  facet normal 0.642784 -0.766048 0
    outer loop
      vertex 33.8614 -43.3406 -450
      vertex 36.8022 -40.873 -307.5
      vertex 33.8614 -43.3406 -307.5
    endloop
  endfacet
  facet normal 0.642784 -0.766048 0
    outer loop
      vertex 36.8022 -40.873 -307.5
      vertex 33.8614 -43.3406 -450
      vertex 36.8022 -40.873 -450
    endloop
  endfacet
  facet normal 0.642784 -0.766048 0
    outer loop
      vertex 33.8614 -43.3406 307.5
      vertex 36.8022 -40.873 450
      vertex 33.8614 -43.3406 450
    endloop
  endfacet
  facet normal 0.642784 -0.766048 0
    outer loop
      vertex 36.8022 -40.873 450
      vertex 33.8614 -43.3406 307.5
      vertex 36.8022 -40.873 307.5
    endloop
  endfacet
  facet normal 0.642784 -0.766048 0
    outer loop
      vertex 33.8614 -43.3406 -292.5
      vertex 36.8022 -40.873 292.5
      vertex 33.8614 -43.3406 292.5
    endloop
  endfacet
  facet normal 0.642784 -0.766048 0
    outer loop
      vertex 36.8022 -40.873 292.5
      vertex 33.8614 -43.3406 -292.5
      vertex 36.8022 -40.873 -292.5
    endloop
  endfacet
  facet normal 0.406733 0.913547 -0
    outer loop
      vertex 24.1104 49.4337 -450
      vertex 20.6034 50.9951 -307.5
      vertex 24.1104 49.4337 -307.5
    endloop
  endfacet
  facet normal 0.406733 0.913547 0
    outer loop
      vertex 20.6034 50.9951 -307.5
      vertex 24.1104 49.4337 -450
      vertex 20.6034 50.9951 -450
    endloop
  endfacet
  facet normal 0.406733 0.913547 -0
    outer loop
      vertex 24.1104 49.4337 307.5
      vertex 20.6034 50.9951 450
      vertex 24.1104 49.4337 450
    endloop
  endfacet
  facet normal 0.406733 0.913547 0
    outer loop
      vertex 20.6034 50.9951 450
      vertex 24.1104 49.4337 307.5
      vertex 20.6034 50.9951 307.5
    endloop
  endfacet
  facet normal 0.406733 0.913547 -0
    outer loop
      vertex 24.1104 49.4337 -292.5
      vertex 20.6034 50.9951 292.5
      vertex 24.1104 49.4337 292.5
    endloop
  endfacet
  facet normal 0.406733 0.913547 0
    outer loop
      vertex 20.6034 50.9951 292.5
      vertex 24.1104 49.4337 -292.5
      vertex 20.6034 50.9951 -292.5
    endloop
  endfacet
  facet normal -0.207897 0.978151 0
    outer loop
      vertex -9.55065 54.1644 -450
      vertex -13.3057 53.3663 -307.5
      vertex -9.55065 54.1644 -307.5
    endloop
  endfacet
  facet normal -0.207897 0.978151 0
    outer loop
      vertex -13.3057 53.3663 -307.5
      vertex -9.55065 54.1644 -450
      vertex -13.3057 53.3663 -450
    endloop
  endfacet
  facet normal -0.207897 0.978151 0
    outer loop
      vertex -9.55065 54.1644 307.5
      vertex -13.3057 53.3663 450
      vertex -9.55065 54.1644 450
    endloop
  endfacet
  facet normal -0.207897 0.978151 0
    outer loop
      vertex -13.3057 53.3663 450
      vertex -9.55065 54.1644 307.5
      vertex -13.3057 53.3663 307.5
    endloop
  endfacet
  facet normal -0.207897 0.978151 0
    outer loop
      vertex -9.55065 54.1644 -292.5
      vertex -13.3057 53.3663 292.5
      vertex -9.55065 54.1644 292.5
    endloop
  endfacet
  facet normal -0.207897 0.978151 0
    outer loop
      vertex -13.3057 53.3663 292.5
      vertex -9.55065 54.1644 -292.5
      vertex -13.3057 53.3663 -292.5
    endloop
  endfacet
  facet normal 0.342015 -0.939695 0
    outer loop
      vertex 16.9959 -52.3081 -450
      vertex 20.6034 -50.9951 -307.5
      vertex 16.9959 -52.3081 -307.5
    endloop
  endfacet
  facet normal 0.342015 -0.939695 0
    outer loop
      vertex 20.6034 -50.9951 -307.5
      vertex 16.9959 -52.3081 -450
      vertex 20.6034 -50.9951 -450
    endloop
  endfacet
  facet normal 0.342015 -0.939695 0
    outer loop
      vertex 16.9959 -52.3081 307.5
      vertex 20.6034 -50.9951 450
      vertex 16.9959 -52.3081 450
    endloop
  endfacet
  facet normal 0.342015 -0.939695 0
    outer loop
      vertex 20.6034 -50.9951 450
      vertex 16.9959 -52.3081 307.5
      vertex 20.6034 -50.9951 307.5
    endloop
  endfacet
  facet normal 0.342015 -0.939695 0
    outer loop
      vertex 16.9959 -52.3081 -292.5
      vertex 20.6034 -50.9951 292.5
      vertex 16.9959 -52.3081 292.5
    endloop
  endfacet
  facet normal 0.342015 -0.939695 0
    outer loop
      vertex 20.6034 -50.9951 292.5
      vertex 16.9959 -52.3081 -292.5
      vertex 20.6034 -50.9951 -292.5
    endloop
  endfacet
  facet normal -0.342015 -0.939695 0
    outer loop
      vertex -20.6034 -50.9951 307.5
      vertex -16.9959 -52.3081 450
      vertex -20.6034 -50.9951 450
    endloop
  endfacet
  facet normal -0.342015 -0.939695 -0
    outer loop
      vertex -16.9959 -52.3081 450
      vertex -20.6034 -50.9951 307.5
      vertex -16.9959 -52.3081 307.5
    endloop
  endfacet
  facet normal -0.342015 -0.939695 0
    outer loop
      vertex -20.6034 -50.9951 -450
      vertex -16.9959 -52.3081 -307.5
      vertex -20.6034 -50.9951 -307.5
    endloop
  endfacet
  facet normal -0.342015 -0.939695 -0
    outer loop
      vertex -16.9959 -52.3081 -307.5
      vertex -20.6034 -50.9951 -450
      vertex -16.9959 -52.3081 -450
    endloop
  endfacet
  facet normal -0.342015 -0.939695 0
    outer loop
      vertex -20.6034 -50.9951 -292.5
      vertex -16.9959 -52.3081 292.5
      vertex -20.6034 -50.9951 292.5
    endloop
  endfacet
  facet normal -0.342015 -0.939695 -0
    outer loop
      vertex -16.9959 -52.3081 292.5
      vertex -20.6034 -50.9951 -292.5
      vertex -16.9959 -52.3081 -292.5
    endloop
  endfacet
  facet normal 0.984809 -0.173644 0
    outer loop
      vertex 53.7981 -11.4351 -307.5
      vertex 54.4647 -7.65452 -450
      vertex 54.4647 -7.65452 -307.5
    endloop
  endfacet
  facet normal 0.984809 -0.173644 0
    outer loop
      vertex 54.4647 -7.65452 -450
      vertex 53.7981 -11.4351 -307.5
      vertex 53.7981 -11.4351 -450
    endloop
  endfacet
  facet normal 0.984809 -0.173644 0
    outer loop
      vertex 53.7981 -11.4351 450
      vertex 54.4647 -7.65452 307.5
      vertex 54.4647 -7.65452 450
    endloop
  endfacet
  facet normal 0.984809 -0.173644 0
    outer loop
      vertex 54.4647 -7.65452 307.5
      vertex 53.7981 -11.4351 450
      vertex 53.7981 -11.4351 307.5
    endloop
  endfacet
  facet normal 0.984809 -0.173644 0
    outer loop
      vertex 53.7981 -11.4351 292.5
      vertex 54.4647 -7.65452 -292.5
      vertex 54.4647 -7.65452 292.5
    endloop
  endfacet
  facet normal 0.984809 -0.173644 0
    outer loop
      vertex 54.4647 -7.65452 -292.5
      vertex 53.7981 -11.4351 292.5
      vertex 53.7981 -11.4351 -292.5
    endloop
  endfacet
  facet normal -0.743153 0.669122 0
    outer loop
      vertex -42.1324 35.3533 -450
      vertex -39.5637 38.2062 -307.5
      vertex -39.5637 38.2062 -450
    endloop
  endfacet
  facet normal -0.743153 0.669122 0
    outer loop
      vertex -39.5637 38.2062 -307.5
      vertex -42.1324 35.3533 -450
      vertex -42.1324 35.3533 -307.5
    endloop
  endfacet
  facet normal -0.743153 0.669122 0
    outer loop
      vertex -42.1324 35.3533 307.5
      vertex -39.5637 38.2062 450
      vertex -39.5637 38.2062 307.5
    endloop
  endfacet
  facet normal -0.743153 0.669122 0
    outer loop
      vertex -39.5637 38.2062 450
      vertex -42.1324 35.3533 307.5
      vertex -42.1324 35.3533 450
    endloop
  endfacet
  facet normal -0.743153 0.669122 0
    outer loop
      vertex -42.1324 35.3533 -292.5
      vertex -39.5637 38.2062 292.5
      vertex -39.5637 38.2062 -292.5
    endloop
  endfacet
  facet normal -0.743153 0.669122 0
    outer loop
      vertex -39.5637 38.2062 292.5
      vertex -42.1324 35.3533 -292.5
      vertex -42.1324 35.3533 292.5
    endloop
  endfacet
  facet normal -0.342015 0.939695 0
    outer loop
      vertex -16.9959 52.3081 -450
      vertex -20.6034 50.9951 -307.5
      vertex -16.9959 52.3081 -307.5
    endloop
  endfacet
  facet normal -0.342015 0.939695 0
    outer loop
      vertex -20.6034 50.9951 -307.5
      vertex -16.9959 52.3081 -450
      vertex -20.6034 50.9951 -450
    endloop
  endfacet
  facet normal -0.342015 0.939695 0
    outer loop
      vertex -16.9959 52.3081 307.5
      vertex -20.6034 50.9951 450
      vertex -16.9959 52.3081 450
    endloop
  endfacet
  facet normal -0.342015 0.939695 0
    outer loop
      vertex -20.6034 50.9951 450
      vertex -16.9959 52.3081 307.5
      vertex -20.6034 50.9951 307.5
    endloop
  endfacet
  facet normal -0.342015 0.939695 0
    outer loop
      vertex -16.9959 52.3081 -292.5
      vertex -20.6034 50.9951 292.5
      vertex -16.9959 52.3081 292.5
    endloop
  endfacet
  facet normal -0.342015 0.939695 0
    outer loop
      vertex -20.6034 50.9951 292.5
      vertex -16.9959 52.3081 -292.5
      vertex -20.6034 50.9951 -292.5
    endloop
  endfacet
  facet normal 0.469475 0.882946 -0
    outer loop
      vertex 27.5 47.6314 307.5
      vertex 24.1104 49.4337 450
      vertex 27.5 47.6314 450
    endloop
  endfacet
  facet normal 0.469475 0.882946 0
    outer loop
      vertex 24.1104 49.4337 450
      vertex 27.5 47.6314 307.5
      vertex 24.1104 49.4337 307.5
    endloop
  endfacet
  facet normal 0.469475 0.882946 -0
    outer loop
      vertex 27.5 47.6314 -450
      vertex 24.1104 49.4337 -307.5
      vertex 27.5 47.6314 -307.5
    endloop
  endfacet
  facet normal 0.469475 0.882946 0
    outer loop
      vertex 24.1104 49.4337 -307.5
      vertex 27.5 47.6314 -450
      vertex 24.1104 49.4337 -450
    endloop
  endfacet
  facet normal 0.469475 0.882946 -0
    outer loop
      vertex 27.5 47.6314 -292.5
      vertex 24.1104 49.4337 292.5
      vertex 27.5 47.6314 292.5
    endloop
  endfacet
  facet normal 0.469475 0.882946 0
    outer loop
      vertex 24.1104 49.4337 292.5
      vertex 27.5 47.6314 -292.5
      vertex 24.1104 49.4337 -292.5
    endloop
  endfacet
  facet normal 0.529915 -0.848051 0
    outer loop
      vertex 27.5 -47.6314 307.5
      vertex 30.7556 -45.5971 450
      vertex 27.5 -47.6314 450
    endloop
  endfacet
  facet normal 0.529915 -0.848051 0
    outer loop
      vertex 30.7556 -45.5971 450
      vertex 27.5 -47.6314 307.5
      vertex 30.7556 -45.5971 307.5
    endloop
  endfacet
  facet normal 0.529915 -0.848051 0
    outer loop
      vertex 27.5 -47.6314 -450
      vertex 30.7556 -45.5971 -307.5
      vertex 27.5 -47.6314 -307.5
    endloop
  endfacet
  facet normal 0.529915 -0.848051 0
    outer loop
      vertex 30.7556 -45.5971 -307.5
      vertex 27.5 -47.6314 -450
      vertex 30.7556 -45.5971 -450
    endloop
  endfacet
  facet normal 0.529915 -0.848051 0
    outer loop
      vertex 27.5 -47.6314 -292.5
      vertex 30.7556 -45.5971 292.5
      vertex 27.5 -47.6314 292.5
    endloop
  endfacet
  facet normal 0.529915 -0.848051 0
    outer loop
      vertex 30.7556 -45.5971 292.5
      vertex 27.5 -47.6314 -292.5
      vertex 30.7556 -45.5971 -292.5
    endloop
  endfacet
  facet normal 0.0697586 -0.997564 0
    outer loop
      vertex 1.91947 -54.9665 -450
      vertex 5.74907 -54.6987 -307.5
      vertex 1.91947 -54.9665 -307.5
    endloop
  endfacet
  facet normal 0.0697586 -0.997564 0
    outer loop
      vertex 5.74907 -54.6987 -307.5
      vertex 1.91947 -54.9665 -450
      vertex 5.74907 -54.6987 -450
    endloop
  endfacet
  facet normal 0.0697586 -0.997564 0
    outer loop
      vertex 1.91947 -54.9665 307.5
      vertex 5.74907 -54.6987 450
      vertex 1.91947 -54.9665 450
    endloop
  endfacet
  facet normal 0.0697586 -0.997564 0
    outer loop
      vertex 5.74907 -54.6987 450
      vertex 1.91947 -54.9665 307.5
      vertex 5.74907 -54.6987 307.5
    endloop
  endfacet
  facet normal 0.0697586 -0.997564 0
    outer loop
      vertex 1.91947 -54.9665 -292.5
      vertex 5.74907 -54.6987 292.5
      vertex 1.91947 -54.9665 292.5
    endloop
  endfacet
  facet normal 0.0697586 -0.997564 0
    outer loop
      vertex 5.74907 -54.6987 292.5
      vertex 1.91947 -54.9665 -292.5
      vertex 5.74907 -54.6987 -292.5
    endloop
  endfacet
  facet normal -0.694665 0.719333 0
    outer loop
      vertex -36.8022 40.873 -450
      vertex -39.5637 38.2062 -307.5
      vertex -36.8022 40.873 -307.5
    endloop
  endfacet
  facet normal -0.694665 0.719333 0
    outer loop
      vertex -39.5637 38.2062 -307.5
      vertex -36.8022 40.873 -450
      vertex -39.5637 38.2062 -450
    endloop
  endfacet
  facet normal -0.694665 0.719333 0
    outer loop
      vertex -36.8022 40.873 307.5
      vertex -39.5637 38.2062 450
      vertex -36.8022 40.873 450
    endloop
  endfacet
  facet normal -0.694665 0.719333 0
    outer loop
      vertex -39.5637 38.2062 450
      vertex -36.8022 40.873 307.5
      vertex -39.5637 38.2062 307.5
    endloop
  endfacet
  facet normal -0.694665 0.719333 0
    outer loop
      vertex -36.8022 40.873 -292.5
      vertex -39.5637 38.2062 292.5
      vertex -36.8022 40.873 292.5
    endloop
  endfacet
  facet normal -0.694665 0.719333 0
    outer loop
      vertex -39.5637 38.2062 292.5
      vertex -36.8022 40.873 -292.5
      vertex -39.5637 38.2062 -292.5
    endloop
  endfacet
  facet normal -0.587786 0.809016 0
    outer loop
      vertex -30.7556 45.5971 307.5
      vertex -33.8614 43.3406 450
      vertex -30.7556 45.5971 450
    endloop
  endfacet
  facet normal -0.587786 0.809016 0
    outer loop
      vertex -33.8614 43.3406 450
      vertex -30.7556 45.5971 307.5
      vertex -33.8614 43.3406 307.5
    endloop
  endfacet
  facet normal -0.587786 0.809016 0
    outer loop
      vertex -30.7556 45.5971 -450
      vertex -33.8614 43.3406 -307.5
      vertex -30.7556 45.5971 -307.5
    endloop
  endfacet
  facet normal -0.587786 0.809016 0
    outer loop
      vertex -33.8614 43.3406 -307.5
      vertex -30.7556 45.5971 -450
      vertex -33.8614 43.3406 -450
    endloop
  endfacet
  facet normal -0.587786 0.809016 0
    outer loop
      vertex -30.7556 45.5971 -292.5
      vertex -33.8614 43.3406 292.5
      vertex -30.7556 45.5971 292.5
    endloop
  endfacet
  facet normal -0.587786 0.809016 0
    outer loop
      vertex -33.8614 43.3406 292.5
      vertex -30.7556 45.5971 -292.5
      vertex -33.8614 43.3406 -292.5
    endloop
  endfacet
  facet normal -0.0697586 0.997564 0
    outer loop
      vertex -1.91947 54.9665 307.5
      vertex -5.74907 54.6987 450
      vertex -1.91947 54.9665 450
    endloop
  endfacet
  facet normal -0.0697586 0.997564 0
    outer loop
      vertex -5.74907 54.6987 450
      vertex -1.91947 54.9665 307.5
      vertex -5.74907 54.6987 307.5
    endloop
  endfacet
  facet normal -0.0697586 0.997564 0
    outer loop
      vertex -1.91947 54.9665 -450
      vertex -5.74907 54.6987 -307.5
      vertex -1.91947 54.9665 -307.5
    endloop
  endfacet
  facet normal -0.0697586 0.997564 0
    outer loop
      vertex -5.74907 54.6987 -307.5
      vertex -1.91947 54.9665 -450
      vertex -5.74907 54.6987 -450
    endloop
  endfacet
  facet normal -0.0697586 0.997564 0
    outer loop
      vertex -1.91947 54.9665 -292.5
      vertex -5.74907 54.6987 292.5
      vertex -1.91947 54.9665 292.5
    endloop
  endfacet
  facet normal -0.0697586 0.997564 0
    outer loop
      vertex -5.74907 54.6987 292.5
      vertex -1.91947 54.9665 -292.5
      vertex -5.74907 54.6987 -292.5
    endloop
  endfacet
  facet normal -0.999391 -0.0349054 0
    outer loop
      vertex -54.866 -3.83661 307.5
      vertex -55 0 450
      vertex -55 0 307.5
    endloop
  endfacet
  facet normal -0.999391 -0.0349054 0
    outer loop
      vertex -55 0 450
      vertex -54.866 -3.83661 307.5
      vertex -54.866 -3.83661 450
    endloop
  endfacet
  facet normal -0.999391 -0.0349054 0
    outer loop
      vertex -54.866 -3.83661 -450
      vertex -55 0 -307.5
      vertex -55 0 -450
    endloop
  endfacet
  facet normal -0.999391 -0.0349054 0
    outer loop
      vertex -55 0 -307.5
      vertex -54.866 -3.83661 -450
      vertex -54.866 -3.83661 -307.5
    endloop
  endfacet
  facet normal -0.999391 -0.0349054 0
    outer loop
      vertex -54.866 -3.83661 -292.5
      vertex -55 0 292.5
      vertex -55 0 -292.5
    endloop
  endfacet
  facet normal -0.999391 -0.0349054 0
    outer loop
      vertex -55 0 292.5
      vertex -54.866 -3.83661 -292.5
      vertex -54.866 -3.83661 292.5
    endloop
  endfacet
  facet normal 0.951055 -0.309021 0
    outer loop
      vertex 51.6831 -18.8111 450
      vertex 52.8694 -15.1601 307.5
      vertex 52.8694 -15.1601 450
    endloop
  endfacet
  facet normal 0.951055 -0.309021 0
    outer loop
      vertex 52.8694 -15.1601 307.5
      vertex 51.6831 -18.8111 450
      vertex 51.6831 -18.8111 307.5
    endloop
  endfacet
  facet normal 0.951055 -0.309021 0
    outer loop
      vertex 51.6831 -18.8111 -307.5
      vertex 52.8694 -15.1601 -450
      vertex 52.8694 -15.1601 -307.5
    endloop
  endfacet
  facet normal 0.951055 -0.309021 0
    outer loop
      vertex 52.8694 -15.1601 -450
      vertex 51.6831 -18.8111 -307.5
      vertex 51.6831 -18.8111 -450
    endloop
  endfacet
  facet normal 0.951055 -0.309021 0
    outer loop
      vertex 51.6831 -18.8111 292.5
      vertex 52.8694 -15.1601 -292.5
      vertex 52.8694 -15.1601 292.5
    endloop
  endfacet
  facet normal 0.951055 -0.309021 0
    outer loop
      vertex 52.8694 -15.1601 -292.5
      vertex 51.6831 -18.8111 292.5
      vertex 51.6831 -18.8111 -292.5
    endloop
  endfacet
  facet normal 0 -1 0
    outer loop
      vertex -1.91947 -54.9665 -450
      vertex 1.91947 -54.9665 -307.5
      vertex -1.91947 -54.9665 -307.5
    endloop
  endfacet
  facet normal 0 -1 -0
    outer loop
      vertex 1.91947 -54.9665 -307.5
      vertex -1.91947 -54.9665 -450
      vertex 1.91947 -54.9665 -450
    endloop
  endfacet
  facet normal 0 -1 0
    outer loop
      vertex -1.91947 -54.9665 307.5
      vertex 1.91947 -54.9665 450
      vertex -1.91947 -54.9665 450
    endloop
  endfacet
  facet normal 0 -1 -0
    outer loop
      vertex 1.91947 -54.9665 450
      vertex -1.91947 -54.9665 307.5
      vertex 1.91947 -54.9665 307.5
    endloop
  endfacet
  facet normal 0 -1 0
    outer loop
      vertex -1.91947 -54.9665 -292.5
      vertex 1.91947 -54.9665 292.5
      vertex -1.91947 -54.9665 292.5
    endloop
  endfacet
  facet normal 0 -1 -0
    outer loop
      vertex 1.91947 -54.9665 292.5
      vertex -1.91947 -54.9665 -292.5
      vertex 1.91947 -54.9665 -292.5
    endloop
  endfacet
  facet normal -0.927183 -0.374609 0
    outer loop
      vertex -50.245 -22.3705 307.5
      vertex -51.6831 -18.8111 450
      vertex -51.6831 -18.8111 307.5
    endloop
  endfacet
  facet normal -0.927183 -0.374609 0
    outer loop
      vertex -51.6831 -18.8111 450
      vertex -50.245 -22.3705 307.5
      vertex -50.245 -22.3705 450
    endloop
  endfacet
  facet normal -0.927183 -0.374609 0
    outer loop
      vertex -50.245 -22.3705 -450
      vertex -51.6831 -18.8111 -307.5
      vertex -51.6831 -18.8111 -450
    endloop
  endfacet
  facet normal -0.927183 -0.374609 0
    outer loop
      vertex -51.6831 -18.8111 -307.5
      vertex -50.245 -22.3705 -450
      vertex -50.245 -22.3705 -307.5
    endloop
  endfacet
  facet normal -0.927183 -0.374609 0
    outer loop
      vertex -50.245 -22.3705 -292.5
      vertex -51.6831 -18.8111 292.5
      vertex -51.6831 -18.8111 -292.5
    endloop
  endfacet
  facet normal -0.927183 -0.374609 0
    outer loop
      vertex -51.6831 -18.8111 292.5
      vertex -50.245 -22.3705 -292.5
      vertex -50.245 -22.3705 292.5
    endloop
  endfacet
  facet normal 0.342015 0.939695 -0
    outer loop
      vertex 20.6034 50.9951 307.5
      vertex 16.9959 52.3081 450
      vertex 20.6034 50.9951 450
    endloop
  endfacet
  facet normal 0.342015 0.939695 0
    outer loop
      vertex 16.9959 52.3081 450
      vertex 20.6034 50.9951 307.5
      vertex 16.9959 52.3081 307.5
    endloop
  endfacet
  facet normal 0.342015 0.939695 -0
    outer loop
      vertex 20.6034 50.9951 -450
      vertex 16.9959 52.3081 -307.5
      vertex 20.6034 50.9951 -307.5
    endloop
  endfacet
  facet normal 0.342015 0.939695 0
    outer loop
      vertex 16.9959 52.3081 -307.5
      vertex 20.6034 50.9951 -450
      vertex 16.9959 52.3081 -450
    endloop
  endfacet
  facet normal 0.342015 0.939695 -0
    outer loop
      vertex 20.6034 50.9951 -292.5
      vertex 16.9959 52.3081 292.5
      vertex 20.6034 50.9951 292.5
    endloop
  endfacet
  facet normal 0.342015 0.939695 0
    outer loop
      vertex 16.9959 52.3081 292.5
      vertex 20.6034 50.9951 -292.5
      vertex 16.9959 52.3081 -292.5
    endloop
  endfacet
  facet normal 0.406733 -0.913547 0
    outer loop
      vertex 20.6034 -50.9951 -450
      vertex 24.1104 -49.4337 -307.5
      vertex 20.6034 -50.9951 -307.5
    endloop
  endfacet
  facet normal 0.406733 -0.913547 0
    outer loop
      vertex 24.1104 -49.4337 -307.5
      vertex 20.6034 -50.9951 -450
      vertex 24.1104 -49.4337 -450
    endloop
  endfacet
  facet normal 0.406733 -0.913547 0
    outer loop
      vertex 20.6034 -50.9951 307.5
      vertex 24.1104 -49.4337 450
      vertex 20.6034 -50.9951 450
    endloop
  endfacet
  facet normal 0.406733 -0.913547 0
    outer loop
      vertex 24.1104 -49.4337 450
      vertex 20.6034 -50.9951 307.5
      vertex 24.1104 -49.4337 307.5
    endloop
  endfacet
  facet normal 0.406733 -0.913547 0
    outer loop
      vertex 20.6034 -50.9951 -292.5
      vertex 24.1104 -49.4337 292.5
      vertex 20.6034 -50.9951 292.5
    endloop
  endfacet
  facet normal 0.406733 -0.913547 0
    outer loop
      vertex 24.1104 -49.4337 292.5
      vertex 20.6034 -50.9951 -292.5
      vertex 24.1104 -49.4337 -292.5
    endloop
  endfacet
  facet normal -0.927183 0.374609 0
    outer loop
      vertex -51.6831 18.8111 307.5
      vertex -50.245 22.3705 450
      vertex -50.245 22.3705 307.5
    endloop
  endfacet
  facet normal -0.927183 0.374609 0
    outer loop
      vertex -50.245 22.3705 450
      vertex -51.6831 18.8111 307.5
      vertex -51.6831 18.8111 450
    endloop
  endfacet
  facet normal -0.927183 0.374609 0
    outer loop
      vertex -51.6831 18.8111 -450
      vertex -50.245 22.3705 -307.5
      vertex -50.245 22.3705 -450
    endloop
  endfacet
  facet normal -0.927183 0.374609 0
    outer loop
      vertex -50.245 22.3705 -307.5
      vertex -51.6831 18.8111 -450
      vertex -51.6831 18.8111 -307.5
    endloop
  endfacet
  facet normal -0.927183 0.374609 0
    outer loop
      vertex -51.6831 18.8111 -292.5
      vertex -50.245 22.3705 292.5
      vertex -50.245 22.3705 -292.5
    endloop
  endfacet
  facet normal -0.927183 0.374609 0
    outer loop
      vertex -50.245 22.3705 292.5
      vertex -51.6831 18.8111 -292.5
      vertex -51.6831 18.8111 292.5
    endloop
  endfacet
  facet normal 0.642784 0.766048 -0
    outer loop
      vertex 36.8022 40.873 -450
      vertex 33.8614 43.3406 -307.5
      vertex 36.8022 40.873 -307.5
    endloop
  endfacet
  facet normal 0.642784 0.766048 0
    outer loop
      vertex 33.8614 43.3406 -307.5
      vertex 36.8022 40.873 -450
      vertex 33.8614 43.3406 -450
    endloop
  endfacet
  facet normal 0.642784 0.766048 -0
    outer loop
      vertex 36.8022 40.873 307.5
      vertex 33.8614 43.3406 450
      vertex 36.8022 40.873 450
    endloop
  endfacet
  facet normal 0.642784 0.766048 0
    outer loop
      vertex 33.8614 43.3406 450
      vertex 36.8022 40.873 307.5
      vertex 33.8614 43.3406 307.5
    endloop
  endfacet
  facet normal 0.642784 0.766048 -0
    outer loop
      vertex 36.8022 40.873 -292.5
      vertex 33.8614 43.3406 292.5
      vertex 36.8022 40.873 292.5
    endloop
  endfacet
  facet normal 0.642784 0.766048 0
    outer loop
      vertex 33.8614 43.3406 292.5
      vertex 36.8022 40.873 -292.5
      vertex 33.8614 43.3406 -292.5
    endloop
  endfacet
  facet normal -0.529915 -0.848051 0
    outer loop
      vertex -30.7556 -45.5971 -450
      vertex -27.5 -47.6314 -307.5
      vertex -30.7556 -45.5971 -307.5
    endloop
  endfacet
  facet normal -0.529915 -0.848051 -0
    outer loop
      vertex -27.5 -47.6314 -307.5
      vertex -30.7556 -45.5971 -450
      vertex -27.5 -47.6314 -450
    endloop
  endfacet
  facet normal -0.529915 -0.848051 0
    outer loop
      vertex -30.7556 -45.5971 307.5
      vertex -27.5 -47.6314 450
      vertex -30.7556 -45.5971 450
    endloop
  endfacet
  facet normal -0.529915 -0.848051 -0
    outer loop
      vertex -27.5 -47.6314 450
      vertex -30.7556 -45.5971 307.5
      vertex -27.5 -47.6314 307.5
    endloop
  endfacet
  facet normal -0.529915 -0.848051 0
    outer loop
      vertex -30.7556 -45.5971 -292.5
      vertex -27.5 -47.6314 292.5
      vertex -30.7556 -45.5971 292.5
    endloop
  endfacet
  facet normal -0.529915 -0.848051 -0
    outer loop
      vertex -27.5 -47.6314 292.5
      vertex -30.7556 -45.5971 -292.5
      vertex -27.5 -47.6314 -292.5
    endloop
  endfacet
  facet normal 0.207897 0.978151 -0
    outer loop
      vertex 13.3057 53.3663 -450
      vertex 9.55065 54.1644 -307.5
      vertex 13.3057 53.3663 -307.5
    endloop
  endfacet
  facet normal 0.207897 0.978151 0
    outer loop
      vertex 9.55065 54.1644 -307.5
      vertex 13.3057 53.3663 -450
      vertex 9.55065 54.1644 -450
    endloop
  endfacet
  facet normal 0.207897 0.978151 -0
    outer loop
      vertex 13.3057 53.3663 307.5
      vertex 9.55065 54.1644 450
      vertex 13.3057 53.3663 450
    endloop
  endfacet
  facet normal 0.207897 0.978151 0
    outer loop
      vertex 9.55065 54.1644 450
      vertex 13.3057 53.3663 307.5
      vertex 9.55065 54.1644 307.5
    endloop
  endfacet
  facet normal 0.207897 0.978151 -0
    outer loop
      vertex 13.3057 53.3663 -292.5
      vertex 9.55065 54.1644 292.5
      vertex 13.3057 53.3663 292.5
    endloop
  endfacet
  facet normal 0.207897 0.978151 0
    outer loop
      vertex 9.55065 54.1644 292.5
      vertex 13.3057 53.3663 -292.5
      vertex 9.55065 54.1644 -292.5
    endloop
  endfacet
  facet normal 0.970299 0.24191 0
    outer loop
      vertex 53.7981 11.4351 450
      vertex 52.8694 15.1601 307.5
      vertex 52.8694 15.1601 450
    endloop
  endfacet
  facet normal 0.970299 0.24191 0
    outer loop
      vertex 52.8694 15.1601 307.5
      vertex 53.7981 11.4351 450
      vertex 53.7981 11.4351 307.5
    endloop
  endfacet
  facet normal 0.970299 0.24191 0
    outer loop
      vertex 53.7981 11.4351 -307.5
      vertex 52.8694 15.1601 -450
      vertex 52.8694 15.1601 -307.5
    endloop
  endfacet
  facet normal 0.970299 0.24191 0
    outer loop
      vertex 52.8694 15.1601 -450
      vertex 53.7981 11.4351 -307.5
      vertex 53.7981 11.4351 -450
    endloop
  endfacet
  facet normal 0.970299 0.24191 0
    outer loop
      vertex 53.7981 11.4351 292.5
      vertex 52.8694 15.1601 -292.5
      vertex 52.8694 15.1601 292.5
    endloop
  endfacet
  facet normal 0.970299 0.24191 0
    outer loop
      vertex 52.8694 15.1601 -292.5
      vertex 53.7981 11.4351 292.5
      vertex 53.7981 11.4351 -292.5
    endloop
  endfacet
  facet normal -0.984809 0.173644 0
    outer loop
      vertex -54.4647 7.65452 307.5
      vertex -53.7981 11.4351 450
      vertex -53.7981 11.4351 307.5
    endloop
  endfacet
  facet normal -0.984809 0.173644 0
    outer loop
      vertex -53.7981 11.4351 450
      vertex -54.4647 7.65452 307.5
      vertex -54.4647 7.65452 450
    endloop
  endfacet
  facet normal -0.984809 0.173644 0
    outer loop
      vertex -54.4647 7.65452 -450
      vertex -53.7981 11.4351 -307.5
      vertex -53.7981 11.4351 -450
    endloop
  endfacet
  facet normal -0.984809 0.173644 0
    outer loop
      vertex -53.7981 11.4351 -307.5
      vertex -54.4647 7.65452 -450
      vertex -54.4647 7.65452 -307.5
    endloop
  endfacet
  facet normal -0.984809 0.173644 0
    outer loop
      vertex -54.4647 7.65452 -292.5
      vertex -53.7981 11.4351 292.5
      vertex -53.7981 11.4351 -292.5
    endloop
  endfacet
  facet normal -0.984809 0.173644 0
    outer loop
      vertex -53.7981 11.4351 292.5
      vertex -54.4647 7.65452 -292.5
      vertex -54.4647 7.65452 292.5
    endloop
  endfacet
  facet normal -0.970299 -0.24191 0
    outer loop
      vertex -52.8694 -15.1601 307.5
      vertex -53.7981 -11.4351 450
      vertex -53.7981 -11.4351 307.5
    endloop
  endfacet
  facet normal -0.970299 -0.24191 0
    outer loop
      vertex -53.7981 -11.4351 450
      vertex -52.8694 -15.1601 307.5
      vertex -52.8694 -15.1601 450
    endloop
  endfacet
  facet normal -0.970299 -0.24191 0
    outer loop
      vertex -52.8694 -15.1601 -450
      vertex -53.7981 -11.4351 -307.5
      vertex -53.7981 -11.4351 -450
    endloop
  endfacet
  facet normal -0.970299 -0.24191 0
    outer loop
      vertex -53.7981 -11.4351 -307.5
      vertex -52.8694 -15.1601 -450
      vertex -52.8694 -15.1601 -307.5
    endloop
  endfacet
  facet normal -0.970299 -0.24191 0
    outer loop
      vertex -52.8694 -15.1601 -292.5
      vertex -53.7981 -11.4351 292.5
      vertex -53.7981 -11.4351 -292.5
    endloop
  endfacet
  facet normal -0.970299 -0.24191 0
    outer loop
      vertex -53.7981 -11.4351 292.5
      vertex -52.8694 -15.1601 -292.5
      vertex -52.8694 -15.1601 292.5
    endloop
  endfacet
  facet normal 0.898791 0.438377 0
    outer loop
      vertex 50.245 22.3705 -307.5
      vertex 48.5621 25.8209 -450
      vertex 48.5621 25.8209 -307.5
    endloop
  endfacet
  facet normal 0.898791 0.438377 0
    outer loop
      vertex 48.5621 25.8209 -450
      vertex 50.245 22.3705 -307.5
      vertex 50.245 22.3705 -450
    endloop
  endfacet
  facet normal 0.898791 0.438377 0
    outer loop
      vertex 50.245 22.3705 450
      vertex 48.5621 25.8209 307.5
      vertex 48.5621 25.8209 450
    endloop
  endfacet
  facet normal 0.898791 0.438377 0
    outer loop
      vertex 48.5621 25.8209 307.5
      vertex 50.245 22.3705 450
      vertex 50.245 22.3705 307.5
    endloop
  endfacet
  facet normal 0.898791 0.438377 0
    outer loop
      vertex 50.245 22.3705 292.5
      vertex 48.5621 25.8209 -292.5
      vertex 48.5621 25.8209 292.5
    endloop
  endfacet
  facet normal 0.898791 0.438377 0
    outer loop
      vertex 48.5621 25.8209 -292.5
      vertex 50.245 22.3705 292.5
      vertex 50.245 22.3705 -292.5
    endloop
  endfacet
  facet normal 0.951055 0.309021 0
    outer loop
      vertex 52.8694 15.1601 450
      vertex 51.6831 18.8111 307.5
      vertex 51.6831 18.8111 450
    endloop
  endfacet
  facet normal 0.951055 0.309021 0
    outer loop
      vertex 51.6831 18.8111 307.5
      vertex 52.8694 15.1601 450
      vertex 52.8694 15.1601 307.5
    endloop
  endfacet
  facet normal 0.951055 0.309021 0
    outer loop
      vertex 52.8694 15.1601 -307.5
      vertex 51.6831 18.8111 -450
      vertex 51.6831 18.8111 -307.5
    endloop
  endfacet
  facet normal 0.951055 0.309021 0
    outer loop
      vertex 51.6831 18.8111 -450
      vertex 52.8694 15.1601 -307.5
      vertex 52.8694 15.1601 -450
    endloop
  endfacet
  facet normal 0.951055 0.309021 0
    outer loop
      vertex 52.8694 15.1601 292.5
      vertex 51.6831 18.8111 -292.5
      vertex 51.6831 18.8111 292.5
    endloop
  endfacet
  facet normal 0.951055 0.309021 0
    outer loop
      vertex 51.6831 18.8111 -292.5
      vertex 52.8694 15.1601 292.5
      vertex 52.8694 15.1601 -292.5
    endloop
  endfacet
  facet normal 0.829036 0.559195 0
    outer loop
      vertex 46.6426 29.1456 450
      vertex 44.4959 32.3282 307.5
      vertex 44.4959 32.3282 450
    endloop
  endfacet
  facet normal 0.829036 0.559195 0
    outer loop
      vertex 44.4959 32.3282 307.5
      vertex 46.6426 29.1456 450
      vertex 46.6426 29.1456 307.5
    endloop
  endfacet
  facet normal 0.829036 0.559195 0
    outer loop
      vertex 46.6426 29.1456 -307.5
      vertex 44.4959 32.3282 -450
      vertex 44.4959 32.3282 -307.5
    endloop
  endfacet
  facet normal 0.829036 0.559195 0
    outer loop
      vertex 44.4959 32.3282 -450
      vertex 46.6426 29.1456 -307.5
      vertex 46.6426 29.1456 -450
    endloop
  endfacet
  facet normal 0.829036 0.559195 0
    outer loop
      vertex 46.6426 29.1456 292.5
      vertex 44.4959 32.3282 -292.5
      vertex 44.4959 32.3282 292.5
    endloop
  endfacet
  facet normal 0.829036 0.559195 0
    outer loop
      vertex 44.4959 32.3282 -292.5
      vertex 46.6426 29.1456 292.5
      vertex 46.6426 29.1456 -292.5
    endloop
  endfacet
  facet normal 0.694665 -0.719333 0
    outer loop
      vertex 36.8022 -40.873 -450
      vertex 39.5637 -38.2062 -307.5
      vertex 36.8022 -40.873 -307.5
    endloop
  endfacet
  facet normal 0.694665 -0.719333 0
    outer loop
      vertex 39.5637 -38.2062 -307.5
      vertex 36.8022 -40.873 -450
      vertex 39.5637 -38.2062 -450
    endloop
  endfacet
  facet normal 0.694665 -0.719333 0
    outer loop
      vertex 36.8022 -40.873 307.5
      vertex 39.5637 -38.2062 450
      vertex 36.8022 -40.873 450
    endloop
  endfacet
  facet normal 0.694665 -0.719333 0
    outer loop
      vertex 39.5637 -38.2062 450
      vertex 36.8022 -40.873 307.5
      vertex 39.5637 -38.2062 307.5
    endloop
  endfacet
  facet normal 0.694665 -0.719333 0
    outer loop
      vertex 36.8022 -40.873 -292.5
      vertex 39.5637 -38.2062 292.5
      vertex 36.8022 -40.873 292.5
    endloop
  endfacet
  facet normal 0.694665 -0.719333 0
    outer loop
      vertex 39.5637 -38.2062 292.5
      vertex 36.8022 -40.873 -292.5
      vertex 39.5637 -38.2062 -292.5
    endloop
  endfacet
  facet normal -0.139179 -0.990267 0
    outer loop
      vertex -9.55065 -54.1644 -450
      vertex -5.74907 -54.6987 -307.5
      vertex -9.55065 -54.1644 -307.5
    endloop
  endfacet
  facet normal -0.139179 -0.990267 -0
    outer loop
      vertex -5.74907 -54.6987 -307.5
      vertex -9.55065 -54.1644 -450
      vertex -5.74907 -54.6987 -450
    endloop
  endfacet
  facet normal -0.139179 -0.990267 0
    outer loop
      vertex -9.55065 -54.1644 307.5
      vertex -5.74907 -54.6987 450
      vertex -9.55065 -54.1644 450
    endloop
  endfacet
  facet normal -0.139179 -0.990267 -0
    outer loop
      vertex -5.74907 -54.6987 450
      vertex -9.55065 -54.1644 307.5
      vertex -5.74907 -54.6987 307.5
    endloop
  endfacet
  facet normal -0.139179 -0.990267 0
    outer loop
      vertex -9.55065 -54.1644 -292.5
      vertex -5.74907 -54.6987 292.5
      vertex -9.55065 -54.1644 292.5
    endloop
  endfacet
  facet normal -0.139179 -0.990267 -0
    outer loop
      vertex -5.74907 -54.6987 292.5
      vertex -9.55065 -54.1644 -292.5
      vertex -5.74907 -54.6987 -292.5
    endloop
  endfacet
  facet normal 0.866027 0.499997 0
    outer loop
      vertex 48.5621 25.8209 450
      vertex 46.6426 29.1456 307.5
      vertex 46.6426 29.1456 450
    endloop
  endfacet
  facet normal 0.866027 0.499997 0
    outer loop
      vertex 46.6426 29.1456 307.5
      vertex 48.5621 25.8209 450
      vertex 48.5621 25.8209 307.5
    endloop
  endfacet
  facet normal 0.866027 0.499997 0
    outer loop
      vertex 48.5621 25.8209 -307.5
      vertex 46.6426 29.1456 -450
      vertex 46.6426 29.1456 -307.5
    endloop
  endfacet
  facet normal 0.866027 0.499997 0
    outer loop
      vertex 46.6426 29.1456 -450
      vertex 48.5621 25.8209 -307.5
      vertex 48.5621 25.8209 -450
    endloop
  endfacet
  facet normal 0.866027 0.499997 0
    outer loop
      vertex 48.5621 25.8209 292.5
      vertex 46.6426 29.1456 -292.5
      vertex 46.6426 29.1456 292.5
    endloop
  endfacet
  facet normal 0.866027 0.499997 0
    outer loop
      vertex 46.6426 29.1456 -292.5
      vertex 48.5621 25.8209 292.5
      vertex 48.5621 25.8209 -292.5
    endloop
  endfacet
  facet normal -0.406733 -0.913547 0
    outer loop
      vertex -24.1104 -49.4337 -450
      vertex -20.6034 -50.9951 -307.5
      vertex -24.1104 -49.4337 -307.5
    endloop
  endfacet
  facet normal -0.406733 -0.913547 -0
    outer loop
      vertex -20.6034 -50.9951 -307.5
      vertex -24.1104 -49.4337 -450
      vertex -20.6034 -50.9951 -450
    endloop
  endfacet
  facet normal -0.406733 -0.913547 0
    outer loop
      vertex -24.1104 -49.4337 307.5
      vertex -20.6034 -50.9951 450
      vertex -24.1104 -49.4337 450
    endloop
  endfacet
  facet normal -0.406733 -0.913547 -0
    outer loop
      vertex -20.6034 -50.9951 450
      vertex -24.1104 -49.4337 307.5
      vertex -20.6034 -50.9951 307.5
    endloop
  endfacet
  facet normal -0.406733 -0.913547 0
    outer loop
      vertex -24.1104 -49.4337 -292.5
      vertex -20.6034 -50.9951 292.5
      vertex -24.1104 -49.4337 292.5
    endloop
  endfacet
  facet normal -0.406733 -0.913547 -0
    outer loop
      vertex -20.6034 -50.9951 292.5
      vertex -24.1104 -49.4337 -292.5
      vertex -20.6034 -50.9951 -292.5
    endloop
  endfacet
  facet normal -0.994521 -0.104534 0
    outer loop
      vertex -54.4647 -7.65452 307.5
      vertex -54.866 -3.83661 450
      vertex -54.866 -3.83661 307.5
    endloop
  endfacet
  facet normal -0.994521 -0.104534 0
    outer loop
      vertex -54.866 -3.83661 450
      vertex -54.4647 -7.65452 307.5
      vertex -54.4647 -7.65452 450
    endloop
  endfacet
  facet normal -0.994521 -0.104534 0
    outer loop
      vertex -54.4647 -7.65452 -450
      vertex -54.866 -3.83661 -307.5
      vertex -54.866 -3.83661 -450
    endloop
  endfacet
  facet normal -0.994521 -0.104534 0
    outer loop
      vertex -54.866 -3.83661 -307.5
      vertex -54.4647 -7.65452 -450
      vertex -54.4647 -7.65452 -307.5
    endloop
  endfacet
  facet normal -0.994521 -0.104534 0
    outer loop
      vertex -54.4647 -7.65452 -292.5
      vertex -54.866 -3.83661 292.5
      vertex -54.866 -3.83661 -292.5
    endloop
  endfacet
  facet normal -0.994521 -0.104534 0
    outer loop
      vertex -54.866 -3.83661 292.5
      vertex -54.4647 -7.65452 -292.5
      vertex -54.4647 -7.65452 292.5
    endloop
  endfacet
  facet normal -0.898791 -0.438377 0
    outer loop
      vertex -48.5621 -25.8209 -450
      vertex -50.245 -22.3705 -307.5
      vertex -50.245 -22.3705 -450
    endloop
  endfacet
  facet normal -0.898791 -0.438377 0
    outer loop
      vertex -50.245 -22.3705 -307.5
      vertex -48.5621 -25.8209 -450
      vertex -48.5621 -25.8209 -307.5
    endloop
  endfacet
  facet normal -0.898791 -0.438377 0
    outer loop
      vertex -48.5621 -25.8209 307.5
      vertex -50.245 -22.3705 450
      vertex -50.245 -22.3705 307.5
    endloop
  endfacet
  facet normal -0.898791 -0.438377 0
    outer loop
      vertex -50.245 -22.3705 450
      vertex -48.5621 -25.8209 307.5
      vertex -48.5621 -25.8209 450
    endloop
  endfacet
  facet normal -0.898791 -0.438377 0
    outer loop
      vertex -48.5621 -25.8209 -292.5
      vertex -50.245 -22.3705 292.5
      vertex -50.245 -22.3705 -292.5
    endloop
  endfacet
  facet normal -0.898791 -0.438377 0
    outer loop
      vertex -50.245 -22.3705 292.5
      vertex -48.5621 -25.8209 -292.5
      vertex -48.5621 -25.8209 292.5
    endloop
  endfacet
  facet normal 0.743153 0.669122 0
    outer loop
      vertex 42.1324 35.3533 -307.5
      vertex 39.5637 38.2062 -450
      vertex 39.5637 38.2062 -307.5
    endloop
  endfacet
  facet normal 0.743153 0.669122 0
    outer loop
      vertex 39.5637 38.2062 -450
      vertex 42.1324 35.3533 -307.5
      vertex 42.1324 35.3533 -450
    endloop
  endfacet
  facet normal 0.743153 0.669122 0
    outer loop
      vertex 42.1324 35.3533 450
      vertex 39.5637 38.2062 307.5
      vertex 39.5637 38.2062 450
    endloop
  endfacet
  facet normal 0.743153 0.669122 0
    outer loop
      vertex 39.5637 38.2062 307.5
      vertex 42.1324 35.3533 450
      vertex 42.1324 35.3533 307.5
    endloop
  endfacet
  facet normal 0.743153 0.669122 0
    outer loop
      vertex 42.1324 35.3533 292.5
      vertex 39.5637 38.2062 -292.5
      vertex 39.5637 38.2062 292.5
    endloop
  endfacet
  facet normal 0.743153 0.669122 0
    outer loop
      vertex 39.5637 38.2062 -292.5
      vertex 42.1324 35.3533 292.5
      vertex 42.1324 35.3533 -292.5
    endloop
  endfacet
  facet normal 0.994521 -0.104534 0
    outer loop
      vertex 54.4647 -7.65452 -307.5
      vertex 54.866 -3.83661 -450
      vertex 54.866 -3.83661 -307.5
    endloop
  endfacet
  facet normal 0.994521 -0.104534 0
    outer loop
      vertex 54.866 -3.83661 -450
      vertex 54.4647 -7.65452 -307.5
      vertex 54.4647 -7.65452 -450
    endloop
  endfacet
  facet normal 0.994521 -0.104534 0
    outer loop
      vertex 54.4647 -7.65452 450
      vertex 54.866 -3.83661 307.5
      vertex 54.866 -3.83661 450
    endloop
  endfacet
  facet normal 0.994521 -0.104534 0
    outer loop
      vertex 54.866 -3.83661 307.5
      vertex 54.4647 -7.65452 450
      vertex 54.4647 -7.65452 307.5
    endloop
  endfacet
  facet normal 0.994521 -0.104534 0
    outer loop
      vertex 54.4647 -7.65452 292.5
      vertex 54.866 -3.83661 -292.5
      vertex 54.866 -3.83661 292.5
    endloop
  endfacet
  facet normal 0.994521 -0.104534 0
    outer loop
      vertex 54.866 -3.83661 -292.5
      vertex 54.4647 -7.65452 292.5
      vertex 54.4647 -7.65452 -292.5
    endloop
  endfacet
  facet normal 0 1 -0
    outer loop
      vertex 1.91947 54.9665 307.5
      vertex -1.91947 54.9665 450
      vertex 1.91947 54.9665 450
    endloop
  endfacet
  facet normal 0 1 0
    outer loop
      vertex -1.91947 54.9665 450
      vertex 1.91947 54.9665 307.5
      vertex -1.91947 54.9665 307.5
    endloop
  endfacet
  facet normal 0 1 -0
    outer loop
      vertex 1.91947 54.9665 -450
      vertex -1.91947 54.9665 -307.5
      vertex 1.91947 54.9665 -307.5
    endloop
  endfacet
  facet normal 0 1 0
    outer loop
      vertex -1.91947 54.9665 -307.5
      vertex 1.91947 54.9665 -450
      vertex -1.91947 54.9665 -450
    endloop
  endfacet
  facet normal 0 1 -0
    outer loop
      vertex 1.91947 54.9665 -292.5
      vertex -1.91947 54.9665 292.5
      vertex 1.91947 54.9665 292.5
    endloop
  endfacet
  facet normal 0 1 0
    outer loop
      vertex -1.91947 54.9665 292.5
      vertex 1.91947 54.9665 -292.5
      vertex -1.91947 54.9665 -292.5
    endloop
  endfacet
  facet normal -0.529915 0.848051 0
    outer loop
      vertex -27.5 47.6314 307.5
      vertex -30.7556 45.5971 450
      vertex -27.5 47.6314 450
    endloop
  endfacet
  facet normal -0.529915 0.848051 0
    outer loop
      vertex -30.7556 45.5971 450
      vertex -27.5 47.6314 307.5
      vertex -30.7556 45.5971 307.5
    endloop
  endfacet
  facet normal -0.529915 0.848051 0
    outer loop
      vertex -27.5 47.6314 -450
      vertex -30.7556 45.5971 -307.5
      vertex -27.5 47.6314 -307.5
    endloop
  endfacet
  facet normal -0.529915 0.848051 0
    outer loop
      vertex -30.7556 45.5971 -307.5
      vertex -27.5 47.6314 -450
      vertex -30.7556 45.5971 -450
    endloop
  endfacet
  facet normal -0.529915 0.848051 0
    outer loop
      vertex -27.5 47.6314 -292.5
      vertex -30.7556 45.5971 292.5
      vertex -27.5 47.6314 292.5
    endloop
  endfacet
  facet normal -0.529915 0.848051 0
    outer loop
      vertex -30.7556 45.5971 292.5
      vertex -27.5 47.6314 -292.5
      vertex -30.7556 45.5971 -292.5
    endloop
  endfacet
  facet normal 0.469475 -0.882946 0
    outer loop
      vertex 24.1104 -49.4337 -450
      vertex 27.5 -47.6314 -307.5
      vertex 24.1104 -49.4337 -307.5
    endloop
  endfacet
  facet normal 0.469475 -0.882946 0
    outer loop
      vertex 27.5 -47.6314 -307.5
      vertex 24.1104 -49.4337 -450
      vertex 27.5 -47.6314 -450
    endloop
  endfacet
  facet normal 0.469475 -0.882946 0
    outer loop
      vertex 24.1104 -49.4337 307.5
      vertex 27.5 -47.6314 450
      vertex 24.1104 -49.4337 450
    endloop
  endfacet
  facet normal 0.469475 -0.882946 0
    outer loop
      vertex 27.5 -47.6314 450
      vertex 24.1104 -49.4337 307.5
      vertex 27.5 -47.6314 307.5
    endloop
  endfacet
  facet normal 0.469475 -0.882946 0
    outer loop
      vertex 24.1104 -49.4337 -292.5
      vertex 27.5 -47.6314 292.5
      vertex 24.1104 -49.4337 292.5
    endloop
  endfacet
  facet normal 0.469475 -0.882946 0
    outer loop
      vertex 27.5 -47.6314 292.5
      vertex 24.1104 -49.4337 -292.5
      vertex 27.5 -47.6314 -292.5
    endloop
  endfacet
  facet normal -0.469475 -0.882946 0
    outer loop
      vertex -27.5 -47.6314 -450
      vertex -24.1104 -49.4337 -307.5
      vertex -27.5 -47.6314 -307.5
    endloop
  endfacet
  facet normal -0.469475 -0.882946 -0
    outer loop
      vertex -24.1104 -49.4337 -307.5
      vertex -27.5 -47.6314 -450
      vertex -24.1104 -49.4337 -450
    endloop
  endfacet
  facet normal -0.469475 -0.882946 0
    outer loop
      vertex -27.5 -47.6314 307.5
      vertex -24.1104 -49.4337 450
      vertex -27.5 -47.6314 450
    endloop
  endfacet
  facet normal -0.469475 -0.882946 -0
    outer loop
      vertex -24.1104 -49.4337 450
      vertex -27.5 -47.6314 307.5
      vertex -24.1104 -49.4337 307.5
    endloop
  endfacet
  facet normal -0.469475 -0.882946 0
    outer loop
      vertex -27.5 -47.6314 -292.5
      vertex -24.1104 -49.4337 292.5
      vertex -27.5 -47.6314 292.5
    endloop
  endfacet
  facet normal -0.469475 -0.882946 -0
    outer loop
      vertex -24.1104 -49.4337 292.5
      vertex -27.5 -47.6314 -292.5
      vertex -24.1104 -49.4337 -292.5
    endloop
  endfacet
  facet normal 0.829036 -0.559195 0
    outer loop
      vertex 44.4959 -32.3282 450
      vertex 46.6426 -29.1456 307.5
      vertex 46.6426 -29.1456 450
    endloop
  endfacet
  facet normal 0.829036 -0.559195 0
    outer loop
      vertex 46.6426 -29.1456 307.5
      vertex 44.4959 -32.3282 450
      vertex 44.4959 -32.3282 307.5
    endloop
  endfacet
  facet normal 0.829036 -0.559195 0
    outer loop
      vertex 44.4959 -32.3282 -307.5
      vertex 46.6426 -29.1456 -450
      vertex 46.6426 -29.1456 -307.5
    endloop
  endfacet
  facet normal 0.829036 -0.559195 0
    outer loop
      vertex 46.6426 -29.1456 -450
      vertex 44.4959 -32.3282 -307.5
      vertex 44.4959 -32.3282 -450
    endloop
  endfacet
  facet normal 0.829036 -0.559195 0
    outer loop
      vertex 44.4959 -32.3282 292.5
      vertex 46.6426 -29.1456 -292.5
      vertex 46.6426 -29.1456 292.5
    endloop
  endfacet
  facet normal 0.829036 -0.559195 0
    outer loop
      vertex 46.6426 -29.1456 -292.5
      vertex 44.4959 -32.3282 292.5
      vertex 44.4959 -32.3282 -292.5
    endloop
  endfacet
  facet normal 0.139179 -0.990267 0
    outer loop
      vertex 5.74907 -54.6987 307.5
      vertex 9.55065 -54.1644 450
      vertex 5.74907 -54.6987 450
    endloop
  endfacet
  facet normal 0.139179 -0.990267 0
    outer loop
      vertex 9.55065 -54.1644 450
      vertex 5.74907 -54.6987 307.5
      vertex 9.55065 -54.1644 307.5
    endloop
  endfacet
  facet normal 0.139179 -0.990267 0
    outer loop
      vertex 5.74907 -54.6987 -450
      vertex 9.55065 -54.1644 -307.5
      vertex 5.74907 -54.6987 -307.5
    endloop
  endfacet
  facet normal 0.139179 -0.990267 0
    outer loop
      vertex 9.55065 -54.1644 -307.5
      vertex 5.74907 -54.6987 -450
      vertex 9.55065 -54.1644 -450
    endloop
  endfacet
  facet normal 0.139179 -0.990267 0
    outer loop
      vertex 5.74907 -54.6987 -292.5
      vertex 9.55065 -54.1644 292.5
      vertex 5.74907 -54.6987 292.5
    endloop
  endfacet
  facet normal 0.139179 -0.990267 0
    outer loop
      vertex 9.55065 -54.1644 292.5
      vertex 5.74907 -54.6987 -292.5
      vertex 9.55065 -54.1644 -292.5
    endloop
  endfacet
  facet normal -0.27565 0.961258 0
    outer loop
      vertex -13.3057 53.3663 -450
      vertex -16.9959 52.3081 -307.5
      vertex -13.3057 53.3663 -307.5
    endloop
  endfacet
  facet normal -0.27565 0.961258 0
    outer loop
      vertex -16.9959 52.3081 -307.5
      vertex -13.3057 53.3663 -450
      vertex -16.9959 52.3081 -450
    endloop
  endfacet
  facet normal -0.27565 0.961258 0
    outer loop
      vertex -13.3057 53.3663 307.5
      vertex -16.9959 52.3081 450
      vertex -13.3057 53.3663 450
    endloop
  endfacet
  facet normal -0.27565 0.961258 0
    outer loop
      vertex -16.9959 52.3081 450
      vertex -13.3057 53.3663 307.5
      vertex -16.9959 52.3081 307.5
    endloop
  endfacet
  facet normal -0.27565 0.961258 0
    outer loop
      vertex -13.3057 53.3663 -292.5
      vertex -16.9959 52.3081 292.5
      vertex -13.3057 53.3663 292.5
    endloop
  endfacet
  facet normal -0.27565 0.961258 0
    outer loop
      vertex -16.9959 52.3081 292.5
      vertex -13.3057 53.3663 -292.5
      vertex -16.9959 52.3081 -292.5
    endloop
  endfacet
  facet normal -0.406733 0.913547 0
    outer loop
      vertex -20.6034 50.9951 -450
      vertex -24.1104 49.4337 -307.5
      vertex -20.6034 50.9951 -307.5
    endloop
  endfacet
  facet normal -0.406733 0.913547 0
    outer loop
      vertex -24.1104 49.4337 -307.5
      vertex -20.6034 50.9951 -450
      vertex -24.1104 49.4337 -450
    endloop
  endfacet
  facet normal -0.406733 0.913547 0
    outer loop
      vertex -20.6034 50.9951 307.5
      vertex -24.1104 49.4337 450
      vertex -20.6034 50.9951 450
    endloop
  endfacet
  facet normal -0.406733 0.913547 0
    outer loop
      vertex -24.1104 49.4337 450
      vertex -20.6034 50.9951 307.5
      vertex -24.1104 49.4337 307.5
    endloop
  endfacet
  facet normal -0.406733 0.913547 0
    outer loop
      vertex -20.6034 50.9951 -292.5
      vertex -24.1104 49.4337 292.5
      vertex -20.6034 50.9951 292.5
    endloop
  endfacet
  facet normal -0.406733 0.913547 0
    outer loop
      vertex -24.1104 49.4337 292.5
      vertex -20.6034 50.9951 -292.5
      vertex -24.1104 49.4337 -292.5
    endloop
  endfacet
  facet normal -0.694665 -0.719333 0
    outer loop
      vertex -39.5637 -38.2062 -450
      vertex -36.8022 -40.873 -307.5
      vertex -39.5637 -38.2062 -307.5
    endloop
  endfacet
  facet normal -0.694665 -0.719333 -0
    outer loop
      vertex -36.8022 -40.873 -307.5
      vertex -39.5637 -38.2062 -450
      vertex -36.8022 -40.873 -450
    endloop
  endfacet
  facet normal -0.694665 -0.719333 0
    outer loop
      vertex -39.5637 -38.2062 307.5
      vertex -36.8022 -40.873 450
      vertex -39.5637 -38.2062 450
    endloop
  endfacet
  facet normal -0.694665 -0.719333 -0
    outer loop
      vertex -36.8022 -40.873 450
      vertex -39.5637 -38.2062 307.5
      vertex -36.8022 -40.873 307.5
    endloop
  endfacet
  facet normal -0.694665 -0.719333 0
    outer loop
      vertex -39.5637 -38.2062 -292.5
      vertex -36.8022 -40.873 292.5
      vertex -39.5637 -38.2062 292.5
    endloop
  endfacet
  facet normal -0.694665 -0.719333 -0
    outer loop
      vertex -36.8022 -40.873 292.5
      vertex -39.5637 -38.2062 -292.5
      vertex -36.8022 -40.873 -292.5
    endloop
  endfacet
  facet normal 0.0697586 0.997564 -0
    outer loop
      vertex 5.74907 54.6987 -450
      vertex 1.91947 54.9665 -307.5
      vertex 5.74907 54.6987 -307.5
    endloop
  endfacet
  facet normal 0.0697586 0.997564 0
    outer loop
      vertex 1.91947 54.9665 -307.5
      vertex 5.74907 54.6987 -450
      vertex 1.91947 54.9665 -450
    endloop
  endfacet
  facet normal 0.0697586 0.997564 -0
    outer loop
      vertex 5.74907 54.6987 307.5
      vertex 1.91947 54.9665 450
      vertex 5.74907 54.6987 450
    endloop
  endfacet
  facet normal 0.0697586 0.997564 0
    outer loop
      vertex 1.91947 54.9665 450
      vertex 5.74907 54.6987 307.5
      vertex 1.91947 54.9665 307.5
    endloop
  endfacet
  facet normal 0.0697586 0.997564 -0
    outer loop
      vertex 5.74907 54.6987 -292.5
      vertex 1.91947 54.9665 292.5
      vertex 5.74907 54.6987 292.5
    endloop
  endfacet
  facet normal 0.0697586 0.997564 0
    outer loop
      vertex 1.91947 54.9665 292.5
      vertex 5.74907 54.6987 -292.5
      vertex 1.91947 54.9665 -292.5
    endloop
  endfacet
  facet normal -0.866027 -0.499997 0
    outer loop
      vertex -46.6426 -29.1456 -450
      vertex -48.5621 -25.8209 -307.5
      vertex -48.5621 -25.8209 -450
    endloop
  endfacet
  facet normal -0.866027 -0.499997 0
    outer loop
      vertex -48.5621 -25.8209 -307.5
      vertex -46.6426 -29.1456 -450
      vertex -46.6426 -29.1456 -307.5
    endloop
  endfacet
  facet normal -0.866027 -0.499997 0
    outer loop
      vertex -46.6426 -29.1456 307.5
      vertex -48.5621 -25.8209 450
      vertex -48.5621 -25.8209 307.5
    endloop
  endfacet
  facet normal -0.866027 -0.499997 0
    outer loop
      vertex -48.5621 -25.8209 450
      vertex -46.6426 -29.1456 307.5
      vertex -46.6426 -29.1456 450
    endloop
  endfacet
  facet normal -0.866027 -0.499997 0
    outer loop
      vertex -46.6426 -29.1456 -292.5
      vertex -48.5621 -25.8209 292.5
      vertex -48.5621 -25.8209 -292.5
    endloop
  endfacet
  facet normal -0.866027 -0.499997 0
    outer loop
      vertex -48.5621 -25.8209 292.5
      vertex -46.6426 -29.1456 -292.5
      vertex -46.6426 -29.1456 292.5
    endloop
  endfacet
  facet normal 0.788007 0.615667 0
    outer loop
      vertex 44.4959 32.3282 -307.5
      vertex 42.1324 35.3533 -450
      vertex 42.1324 35.3533 -307.5
    endloop
  endfacet
  facet normal 0.788007 0.615667 0
    outer loop
      vertex 42.1324 35.3533 -450
      vertex 44.4959 32.3282 -307.5
      vertex 44.4959 32.3282 -450
    endloop
  endfacet
  facet normal 0.788007 0.615667 0
    outer loop
      vertex 44.4959 32.3282 450
      vertex 42.1324 35.3533 307.5
      vertex 42.1324 35.3533 450
    endloop
  endfacet
  facet normal 0.788007 0.615667 0
    outer loop
      vertex 42.1324 35.3533 307.5
      vertex 44.4959 32.3282 450
      vertex 44.4959 32.3282 307.5
    endloop
  endfacet
  facet normal 0.788007 0.615667 0
    outer loop
      vertex 44.4959 32.3282 292.5
      vertex 42.1324 35.3533 -292.5
      vertex 42.1324 35.3533 292.5
    endloop
  endfacet
  facet normal 0.788007 0.615667 0
    outer loop
      vertex 42.1324 35.3533 -292.5
      vertex 44.4959 32.3282 292.5
      vertex 44.4959 32.3282 -292.5
    endloop
  endfacet
  facet normal -0.642784 0.766048 0
    outer loop
      vertex -33.8614 43.3406 -450
      vertex -36.8022 40.873 -307.5
      vertex -33.8614 43.3406 -307.5
    endloop
  endfacet
  facet normal -0.642784 0.766048 0
    outer loop
      vertex -36.8022 40.873 -307.5
      vertex -33.8614 43.3406 -450
      vertex -36.8022 40.873 -450
    endloop
  endfacet
  facet normal -0.642784 0.766048 0
    outer loop
      vertex -33.8614 43.3406 307.5
      vertex -36.8022 40.873 450
      vertex -33.8614 43.3406 450
    endloop
  endfacet
  facet normal -0.642784 0.766048 0
    outer loop
      vertex -36.8022 40.873 450
      vertex -33.8614 43.3406 307.5
      vertex -36.8022 40.873 307.5
    endloop
  endfacet
  facet normal -0.642784 0.766048 0
    outer loop
      vertex -33.8614 43.3406 -292.5
      vertex -36.8022 40.873 292.5
      vertex -33.8614 43.3406 292.5
    endloop
  endfacet
  facet normal -0.642784 0.766048 0
    outer loop
      vertex -36.8022 40.873 292.5
      vertex -33.8614 43.3406 -292.5
      vertex -36.8022 40.873 -292.5
    endloop
  endfacet
  facet normal 0.694665 0.719333 -0
    outer loop
      vertex 39.5637 38.2062 307.5
      vertex 36.8022 40.873 450
      vertex 39.5637 38.2062 450
    endloop
  endfacet
  facet normal 0.694665 0.719333 0
    outer loop
      vertex 36.8022 40.873 450
      vertex 39.5637 38.2062 307.5
      vertex 36.8022 40.873 307.5
    endloop
  endfacet
  facet normal 0.694665 0.719333 -0
    outer loop
      vertex 39.5637 38.2062 -450
      vertex 36.8022 40.873 -307.5
      vertex 39.5637 38.2062 -307.5
    endloop
  endfacet
  facet normal 0.694665 0.719333 0
    outer loop
      vertex 36.8022 40.873 -307.5
      vertex 39.5637 38.2062 -450
      vertex 36.8022 40.873 -450
    endloop
  endfacet
  facet normal 0.694665 0.719333 -0
    outer loop
      vertex 39.5637 38.2062 -292.5
      vertex 36.8022 40.873 292.5
      vertex 39.5637 38.2062 292.5
    endloop
  endfacet
  facet normal 0.694665 0.719333 0
    outer loop
      vertex 36.8022 40.873 292.5
      vertex 39.5637 38.2062 -292.5
      vertex 36.8022 40.873 -292.5
    endloop
  endfacet
  facet normal 0.529915 0.848051 -0
    outer loop
      vertex 30.7556 45.5971 307.5
      vertex 27.5 47.6314 450
      vertex 30.7556 45.5971 450
    endloop
  endfacet
  facet normal 0.529915 0.848051 0
    outer loop
      vertex 27.5 47.6314 450
      vertex 30.7556 45.5971 307.5
      vertex 27.5 47.6314 307.5
    endloop
  endfacet
  facet normal 0.529915 0.848051 -0
    outer loop
      vertex 30.7556 45.5971 -450
      vertex 27.5 47.6314 -307.5
      vertex 30.7556 45.5971 -307.5
    endloop
  endfacet
  facet normal 0.529915 0.848051 0
    outer loop
      vertex 27.5 47.6314 -307.5
      vertex 30.7556 45.5971 -450
      vertex 27.5 47.6314 -450
    endloop
  endfacet
  facet normal 0.529915 0.848051 -0
    outer loop
      vertex 30.7556 45.5971 -292.5
      vertex 27.5 47.6314 292.5
      vertex 30.7556 45.5971 292.5
    endloop
  endfacet
  facet normal 0.529915 0.848051 0
    outer loop
      vertex 27.5 47.6314 292.5
      vertex 30.7556 45.5971 -292.5
      vertex 27.5 47.6314 -292.5
    endloop
  endfacet
  facet normal 0.587786 0.809016 -0
    outer loop
      vertex 33.8614 43.3406 -450
      vertex 30.7556 45.5971 -307.5
      vertex 33.8614 43.3406 -307.5
    endloop
  endfacet
  facet normal 0.587786 0.809016 0
    outer loop
      vertex 30.7556 45.5971 -307.5
      vertex 33.8614 43.3406 -450
      vertex 30.7556 45.5971 -450
    endloop
  endfacet
  facet normal 0.587786 0.809016 -0
    outer loop
      vertex 33.8614 43.3406 307.5
      vertex 30.7556 45.5971 450
      vertex 33.8614 43.3406 450
    endloop
  endfacet
  facet normal 0.587786 0.809016 0
    outer loop
      vertex 30.7556 45.5971 450
      vertex 33.8614 43.3406 307.5
      vertex 30.7556 45.5971 307.5
    endloop
  endfacet
  facet normal 0.587786 0.809016 -0
    outer loop
      vertex 33.8614 43.3406 -292.5
      vertex 30.7556 45.5971 292.5
      vertex 33.8614 43.3406 292.5
    endloop
  endfacet
  facet normal 0.587786 0.809016 0
    outer loop
      vertex 30.7556 45.5971 292.5
      vertex 33.8614 43.3406 -292.5
      vertex 30.7556 45.5971 -292.5
    endloop
  endfacet
  facet normal -0.642784 -0.766048 0
    outer loop
      vertex -36.8022 -40.873 307.5
      vertex -33.8614 -43.3406 450
      vertex -36.8022 -40.873 450
    endloop
  endfacet
  facet normal -0.642784 -0.766048 -0
    outer loop
      vertex -33.8614 -43.3406 450
      vertex -36.8022 -40.873 307.5
      vertex -33.8614 -43.3406 307.5
    endloop
  endfacet
  facet normal -0.642784 -0.766048 0
    outer loop
      vertex -36.8022 -40.873 -450
      vertex -33.8614 -43.3406 -307.5
      vertex -36.8022 -40.873 -307.5
    endloop
  endfacet
  facet normal -0.642784 -0.766048 -0
    outer loop
      vertex -33.8614 -43.3406 -307.5
      vertex -36.8022 -40.873 -450
      vertex -33.8614 -43.3406 -450
    endloop
  endfacet
  facet normal -0.642784 -0.766048 0
    outer loop
      vertex -36.8022 -40.873 -292.5
      vertex -33.8614 -43.3406 292.5
      vertex -36.8022 -40.873 292.5
    endloop
  endfacet
  facet normal -0.642784 -0.766048 -0
    outer loop
      vertex -33.8614 -43.3406 292.5
      vertex -36.8022 -40.873 -292.5
      vertex -33.8614 -43.3406 -292.5
    endloop
  endfacet
  facet normal 0.898791 -0.438377 0
    outer loop
      vertex 48.5621 -25.8209 -307.5
      vertex 50.245 -22.3705 -450
      vertex 50.245 -22.3705 -307.5
    endloop
  endfacet
  facet normal 0.898791 -0.438377 0
    outer loop
      vertex 50.245 -22.3705 -450
      vertex 48.5621 -25.8209 -307.5
      vertex 48.5621 -25.8209 -450
    endloop
  endfacet
  facet normal 0.898791 -0.438377 0
    outer loop
      vertex 48.5621 -25.8209 450
      vertex 50.245 -22.3705 307.5
      vertex 50.245 -22.3705 450
    endloop
  endfacet
  facet normal 0.898791 -0.438377 0
    outer loop
      vertex 50.245 -22.3705 307.5
      vertex 48.5621 -25.8209 450
      vertex 48.5621 -25.8209 307.5
    endloop
  endfacet
  facet normal 0.898791 -0.438377 0
    outer loop
      vertex 48.5621 -25.8209 292.5
      vertex 50.245 -22.3705 -292.5
      vertex 50.245 -22.3705 292.5
    endloop
  endfacet
  facet normal 0.898791 -0.438377 0
    outer loop
      vertex 50.245 -22.3705 -292.5
      vertex 48.5621 -25.8209 292.5
      vertex 48.5621 -25.8209 -292.5
    endloop
  endfacet
  facet normal -0.587786 -0.809016 0
    outer loop
      vertex -33.8614 -43.3406 307.5
      vertex -30.7556 -45.5971 450
      vertex -33.8614 -43.3406 450
    endloop
  endfacet
  facet normal -0.587786 -0.809016 -0
    outer loop
      vertex -30.7556 -45.5971 450
      vertex -33.8614 -43.3406 307.5
      vertex -30.7556 -45.5971 307.5
    endloop
  endfacet
  facet normal -0.587786 -0.809016 0
    outer loop
      vertex -33.8614 -43.3406 -450
      vertex -30.7556 -45.5971 -307.5
      vertex -33.8614 -43.3406 -307.5
    endloop
  endfacet
  facet normal -0.587786 -0.809016 -0
    outer loop
      vertex -30.7556 -45.5971 -307.5
      vertex -33.8614 -43.3406 -450
      vertex -30.7556 -45.5971 -450
    endloop
  endfacet
  facet normal -0.587786 -0.809016 0
    outer loop
      vertex -33.8614 -43.3406 -292.5
      vertex -30.7556 -45.5971 292.5
      vertex -33.8614 -43.3406 292.5
    endloop
  endfacet
  facet normal -0.587786 -0.809016 -0
    outer loop
      vertex -30.7556 -45.5971 292.5
      vertex -33.8614 -43.3406 -292.5
      vertex -30.7556 -45.5971 -292.5
    endloop
  endfacet
  facet normal -0.970299 0.24191 0
    outer loop
      vertex -53.7981 11.4351 -450
      vertex -52.8694 15.1601 -307.5
      vertex -52.8694 15.1601 -450
    endloop
  endfacet
  facet normal -0.970299 0.24191 0
    outer loop
      vertex -52.8694 15.1601 -307.5
      vertex -53.7981 11.4351 -450
      vertex -53.7981 11.4351 -307.5
    endloop
  endfacet
  facet normal -0.970299 0.24191 0
    outer loop
      vertex -53.7981 11.4351 307.5
      vertex -52.8694 15.1601 450
      vertex -52.8694 15.1601 307.5
    endloop
  endfacet
  facet normal -0.970299 0.24191 0
    outer loop
      vertex -52.8694 15.1601 450
      vertex -53.7981 11.4351 307.5
      vertex -53.7981 11.4351 450
    endloop
  endfacet
  facet normal -0.970299 0.24191 0
    outer loop
      vertex -53.7981 11.4351 -292.5
      vertex -52.8694 15.1601 292.5
      vertex -52.8694 15.1601 -292.5
    endloop
  endfacet
  facet normal -0.970299 0.24191 0
    outer loop
      vertex -52.8694 15.1601 292.5
      vertex -53.7981 11.4351 -292.5
      vertex -53.7981 11.4351 292.5
    endloop
  endfacet
  facet normal 0.27565 -0.961258 0
    outer loop
      vertex 13.3057 -53.3663 307.5
      vertex 16.9959 -52.3081 450
      vertex 13.3057 -53.3663 450
    endloop
  endfacet
  facet normal 0.27565 -0.961258 0
    outer loop
      vertex 16.9959 -52.3081 450
      vertex 13.3057 -53.3663 307.5
      vertex 16.9959 -52.3081 307.5
    endloop
  endfacet
  facet normal 0.27565 -0.961258 0
    outer loop
      vertex 13.3057 -53.3663 -450
      vertex 16.9959 -52.3081 -307.5
      vertex 13.3057 -53.3663 -307.5
    endloop
  endfacet
  facet normal 0.27565 -0.961258 0
    outer loop
      vertex 16.9959 -52.3081 -307.5
      vertex 13.3057 -53.3663 -450
      vertex 16.9959 -52.3081 -450
    endloop
  endfacet
  facet normal 0.27565 -0.961258 0
    outer loop
      vertex 13.3057 -53.3663 -292.5
      vertex 16.9959 -52.3081 292.5
      vertex 13.3057 -53.3663 292.5
    endloop
  endfacet
  facet normal 0.27565 -0.961258 0
    outer loop
      vertex 16.9959 -52.3081 292.5
      vertex 13.3057 -53.3663 -292.5
      vertex 16.9959 -52.3081 -292.5
    endloop
  endfacet
  facet normal 0.984809 0.173644 0
    outer loop
      vertex 54.4647 7.65452 -307.5
      vertex 53.7981 11.4351 -450
      vertex 53.7981 11.4351 -307.5
    endloop
  endfacet
  facet normal 0.984809 0.173644 0
    outer loop
      vertex 53.7981 11.4351 -450
      vertex 54.4647 7.65452 -307.5
      vertex 54.4647 7.65452 -450
    endloop
  endfacet
  facet normal 0.984809 0.173644 0
    outer loop
      vertex 54.4647 7.65452 450
      vertex 53.7981 11.4351 307.5
      vertex 53.7981 11.4351 450
    endloop
  endfacet
  facet normal 0.984809 0.173644 0
    outer loop
      vertex 53.7981 11.4351 307.5
      vertex 54.4647 7.65452 450
      vertex 54.4647 7.65452 307.5
    endloop
  endfacet
  facet normal 0.984809 0.173644 0
    outer loop
      vertex 54.4647 7.65452 292.5
      vertex 53.7981 11.4351 -292.5
      vertex 53.7981 11.4351 292.5
    endloop
  endfacet
  facet normal 0.984809 0.173644 0
    outer loop
      vertex 53.7981 11.4351 -292.5
      vertex 54.4647 7.65452 292.5
      vertex 54.4647 7.65452 -292.5
    endloop
  endfacet
  facet normal -0.951055 -0.309021 0
    outer loop
      vertex -51.6831 -18.8111 -450
      vertex -52.8694 -15.1601 -307.5
      vertex -52.8694 -15.1601 -450
    endloop
  endfacet
  facet normal -0.951055 -0.309021 0
    outer loop
      vertex -52.8694 -15.1601 -307.5
      vertex -51.6831 -18.8111 -450
      vertex -51.6831 -18.8111 -307.5
    endloop
  endfacet
  facet normal -0.951055 -0.309021 0
    outer loop
      vertex -51.6831 -18.8111 307.5
      vertex -52.8694 -15.1601 450
      vertex -52.8694 -15.1601 307.5
    endloop
  endfacet
  facet normal -0.951055 -0.309021 0
    outer loop
      vertex -52.8694 -15.1601 450
      vertex -51.6831 -18.8111 307.5
      vertex -51.6831 -18.8111 450
    endloop
  endfacet
  facet normal -0.951055 -0.309021 0
    outer loop
      vertex -51.6831 -18.8111 -292.5
      vertex -52.8694 -15.1601 292.5
      vertex -52.8694 -15.1601 -292.5
    endloop
  endfacet
  facet normal -0.951055 -0.309021 0
    outer loop
      vertex -52.8694 -15.1601 292.5
      vertex -51.6831 -18.8111 -292.5
      vertex -51.6831 -18.8111 292.5
    endloop
  endfacet
  facet normal 0.866027 -0.499997 0
    outer loop
      vertex 46.6426 -29.1456 -307.5
      vertex 48.5621 -25.8209 -450
      vertex 48.5621 -25.8209 -307.5
    endloop
  endfacet
  facet normal 0.866027 -0.499997 0
    outer loop
      vertex 48.5621 -25.8209 -450
      vertex 46.6426 -29.1456 -307.5
      vertex 46.6426 -29.1456 -450
    endloop
  endfacet
  facet normal 0.866027 -0.499997 0
    outer loop
      vertex 46.6426 -29.1456 450
      vertex 48.5621 -25.8209 307.5
      vertex 48.5621 -25.8209 450
    endloop
  endfacet
  facet normal 0.866027 -0.499997 0
    outer loop
      vertex 48.5621 -25.8209 307.5
      vertex 46.6426 -29.1456 450
      vertex 46.6426 -29.1456 307.5
    endloop
  endfacet
  facet normal 0.866027 -0.499997 0
    outer loop
      vertex 46.6426 -29.1456 292.5
      vertex 48.5621 -25.8209 -292.5
      vertex 48.5621 -25.8209 292.5
    endloop
  endfacet
  facet normal 0.866027 -0.499997 0
    outer loop
      vertex 48.5621 -25.8209 -292.5
      vertex 46.6426 -29.1456 292.5
      vertex 46.6426 -29.1456 -292.5
    endloop
  endfacet
  facet normal 0.970299 -0.24191 0
    outer loop
      vertex 52.8694 -15.1601 -307.5
      vertex 53.7981 -11.4351 -450
      vertex 53.7981 -11.4351 -307.5
    endloop
  endfacet
  facet normal 0.970299 -0.24191 0
    outer loop
      vertex 53.7981 -11.4351 -450
      vertex 52.8694 -15.1601 -307.5
      vertex 52.8694 -15.1601 -450
    endloop
  endfacet
  facet normal 0.970299 -0.24191 0
    outer loop
      vertex 52.8694 -15.1601 450
      vertex 53.7981 -11.4351 307.5
      vertex 53.7981 -11.4351 450
    endloop
  endfacet
  facet normal 0.970299 -0.24191 0
    outer loop
      vertex 53.7981 -11.4351 307.5
      vertex 52.8694 -15.1601 450
      vertex 52.8694 -15.1601 307.5
    endloop
  endfacet
  facet normal 0.970299 -0.24191 0
    outer loop
      vertex 52.8694 -15.1601 292.5
      vertex 53.7981 -11.4351 -292.5
      vertex 53.7981 -11.4351 292.5
    endloop
  endfacet
  facet normal 0.970299 -0.24191 0
    outer loop
      vertex 53.7981 -11.4351 -292.5
      vertex 52.8694 -15.1601 292.5
      vertex 52.8694 -15.1601 -292.5
    endloop
  endfacet
  facet normal -0.994521 0.104534 0
    outer loop
      vertex -54.866 3.83661 307.5
      vertex -54.4647 7.65452 450
      vertex -54.4647 7.65452 307.5
    endloop
  endfacet
  facet normal -0.994521 0.104534 0
    outer loop
      vertex -54.4647 7.65452 450
      vertex -54.866 3.83661 307.5
      vertex -54.866 3.83661 450
    endloop
  endfacet
  facet normal -0.994521 0.104534 0
    outer loop
      vertex -54.866 3.83661 -450
      vertex -54.4647 7.65452 -307.5
      vertex -54.4647 7.65452 -450
    endloop
  endfacet
  facet normal -0.994521 0.104534 0
    outer loop
      vertex -54.4647 7.65452 -307.5
      vertex -54.866 3.83661 -450
      vertex -54.866 3.83661 -307.5
    endloop
  endfacet
  facet normal -0.994521 0.104534 0
    outer loop
      vertex -54.866 3.83661 -292.5
      vertex -54.4647 7.65452 292.5
      vertex -54.4647 7.65452 -292.5
    endloop
  endfacet
  facet normal -0.994521 0.104534 0
    outer loop
      vertex -54.4647 7.65452 292.5
      vertex -54.866 3.83661 -292.5
      vertex -54.866 3.83661 292.5
    endloop
  endfacet
  facet normal -0.999391 0.0349054 0
    outer loop
      vertex -55 0 307.5
      vertex -54.866 3.83661 450
      vertex -54.866 3.83661 307.5
    endloop
  endfacet
  facet normal -0.999391 0.0349054 0
    outer loop
      vertex -54.866 3.83661 450
      vertex -55 0 307.5
      vertex -55 0 450
    endloop
  endfacet
  facet normal -0.999391 0.0349054 0
    outer loop
      vertex -55 0 -450
      vertex -54.866 3.83661 -307.5
      vertex -54.866 3.83661 -450
    endloop
  endfacet
  facet normal -0.999391 0.0349054 0
    outer loop
      vertex -54.866 3.83661 -307.5
      vertex -55 0 -450
      vertex -55 0 -307.5
    endloop
  endfacet
  facet normal -0.999391 0.0349054 0
    outer loop
      vertex -55 0 -292.5
      vertex -54.866 3.83661 292.5
      vertex -54.866 3.83661 -292.5
    endloop
  endfacet
  facet normal -0.999391 0.0349054 0
    outer loop
      vertex -54.866 3.83661 292.5
      vertex -55 0 -292.5
      vertex -55 0 292.5
    endloop
  endfacet
  facet normal -0.743153 -0.669122 0
    outer loop
      vertex -39.5637 -38.2062 -450
      vertex -42.1324 -35.3533 -307.5
      vertex -42.1324 -35.3533 -450
    endloop
  endfacet
  facet normal -0.743153 -0.669122 0
    outer loop
      vertex -42.1324 -35.3533 -307.5
      vertex -39.5637 -38.2062 -450
      vertex -39.5637 -38.2062 -307.5
    endloop
  endfacet
  facet normal -0.743153 -0.669122 0
    outer loop
      vertex -39.5637 -38.2062 307.5
      vertex -42.1324 -35.3533 450
      vertex -42.1324 -35.3533 307.5
    endloop
  endfacet
  facet normal -0.743153 -0.669122 0
    outer loop
      vertex -42.1324 -35.3533 450
      vertex -39.5637 -38.2062 307.5
      vertex -39.5637 -38.2062 450
    endloop
  endfacet
  facet normal -0.743153 -0.669122 0
    outer loop
      vertex -39.5637 -38.2062 -292.5
      vertex -42.1324 -35.3533 292.5
      vertex -42.1324 -35.3533 -292.5
    endloop
  endfacet
  facet normal -0.743153 -0.669122 0
    outer loop
      vertex -42.1324 -35.3533 292.5
      vertex -39.5637 -38.2062 -292.5
      vertex -39.5637 -38.2062 292.5
    endloop
  endfacet
  facet normal -0.788007 -0.615667 0
    outer loop
      vertex -42.1324 -35.3533 -450
      vertex -44.4959 -32.3282 -307.5
      vertex -44.4959 -32.3282 -450
    endloop
  endfacet
  facet normal -0.788007 -0.615667 0
    outer loop
      vertex -44.4959 -32.3282 -307.5
      vertex -42.1324 -35.3533 -450
      vertex -42.1324 -35.3533 -307.5
    endloop
  endfacet
  facet normal -0.788007 -0.615667 0
    outer loop
      vertex -42.1324 -35.3533 307.5
      vertex -44.4959 -32.3282 450
      vertex -44.4959 -32.3282 307.5
    endloop
  endfacet
  facet normal -0.788007 -0.615667 0
    outer loop
      vertex -44.4959 -32.3282 450
      vertex -42.1324 -35.3533 307.5
      vertex -42.1324 -35.3533 450
    endloop
  endfacet
  facet normal -0.788007 -0.615667 0
    outer loop
      vertex -42.1324 -35.3533 -292.5
      vertex -44.4959 -32.3282 292.5
      vertex -44.4959 -32.3282 -292.5
    endloop
  endfacet
  facet normal -0.788007 -0.615667 0
    outer loop
      vertex -44.4959 -32.3282 292.5
      vertex -42.1324 -35.3533 -292.5
      vertex -42.1324 -35.3533 292.5
    endloop
  endfacet
  facet normal -0.898791 0.438377 0
    outer loop
      vertex -50.245 22.3705 307.5
      vertex -48.5621 25.8209 450
      vertex -48.5621 25.8209 307.5
    endloop
  endfacet
  facet normal -0.898791 0.438377 0
    outer loop
      vertex -48.5621 25.8209 450
      vertex -50.245 22.3705 307.5
      vertex -50.245 22.3705 450
    endloop
  endfacet
  facet normal -0.898791 0.438377 0
    outer loop
      vertex -50.245 22.3705 -450
      vertex -48.5621 25.8209 -307.5
      vertex -48.5621 25.8209 -450
    endloop
  endfacet
  facet normal -0.898791 0.438377 0
    outer loop
      vertex -48.5621 25.8209 -307.5
      vertex -50.245 22.3705 -450
      vertex -50.245 22.3705 -307.5
    endloop
  endfacet
  facet normal -0.898791 0.438377 0
    outer loop
      vertex -50.245 22.3705 -292.5
      vertex -48.5621 25.8209 292.5
      vertex -48.5621 25.8209 -292.5
    endloop
  endfacet
  facet normal -0.898791 0.438377 0
    outer loop
      vertex -48.5621 25.8209 292.5
      vertex -50.245 22.3705 -292.5
      vertex -50.245 22.3705 292.5
    endloop
  endfacet
  facet normal -0.984809 -0.173644 0
    outer loop
      vertex -53.7981 -11.4351 307.5
      vertex -54.4647 -7.65452 450
      vertex -54.4647 -7.65452 307.5
    endloop
  endfacet
  facet normal -0.984809 -0.173644 0
    outer loop
      vertex -54.4647 -7.65452 450
      vertex -53.7981 -11.4351 307.5
      vertex -53.7981 -11.4351 450
    endloop
  endfacet
  facet normal -0.984809 -0.173644 0
    outer loop
      vertex -53.7981 -11.4351 -450
      vertex -54.4647 -7.65452 -307.5
      vertex -54.4647 -7.65452 -450
    endloop
  endfacet
  facet normal -0.984809 -0.173644 0
    outer loop
      vertex -54.4647 -7.65452 -307.5
      vertex -53.7981 -11.4351 -450
      vertex -53.7981 -11.4351 -307.5
    endloop
  endfacet
  facet normal -0.984809 -0.173644 0
    outer loop
      vertex -53.7981 -11.4351 -292.5
      vertex -54.4647 -7.65452 292.5
      vertex -54.4647 -7.65452 -292.5
    endloop
  endfacet
  facet normal -0.984809 -0.173644 0
    outer loop
      vertex -54.4647 -7.65452 292.5
      vertex -53.7981 -11.4351 -292.5
      vertex -53.7981 -11.4351 292.5
    endloop
  endfacet
  facet normal -0.0697586 -0.997564 0
    outer loop
      vertex -5.74907 -54.6987 -450
      vertex -1.91947 -54.9665 -307.5
      vertex -5.74907 -54.6987 -307.5
    endloop
  endfacet
  facet normal -0.0697586 -0.997564 -0
    outer loop
      vertex -1.91947 -54.9665 -307.5
      vertex -5.74907 -54.6987 -450
      vertex -1.91947 -54.9665 -450
    endloop
  endfacet
  facet normal -0.0697586 -0.997564 0
    outer loop
      vertex -5.74907 -54.6987 307.5
      vertex -1.91947 -54.9665 450
      vertex -5.74907 -54.6987 450
    endloop
  endfacet
  facet normal -0.0697586 -0.997564 -0
    outer loop
      vertex -1.91947 -54.9665 450
      vertex -5.74907 -54.6987 307.5
      vertex -1.91947 -54.9665 307.5
    endloop
  endfacet
  facet normal -0.0697586 -0.997564 0
    outer loop
      vertex -5.74907 -54.6987 -292.5
      vertex -1.91947 -54.9665 292.5
      vertex -5.74907 -54.6987 292.5
    endloop
  endfacet
  facet normal -0.0697586 -0.997564 -0
    outer loop
      vertex -1.91947 -54.9665 292.5
      vertex -5.74907 -54.6987 -292.5
      vertex -1.91947 -54.9665 -292.5
    endloop
  endfacet
  facet normal -0.788007 0.615667 0
    outer loop
      vertex -44.4959 32.3282 307.5
      vertex -42.1324 35.3533 450
      vertex -42.1324 35.3533 307.5
    endloop
  endfacet
  facet normal -0.788007 0.615667 0
    outer loop
      vertex -42.1324 35.3533 450
      vertex -44.4959 32.3282 307.5
      vertex -44.4959 32.3282 450
    endloop
  endfacet
  facet normal -0.788007 0.615667 0
    outer loop
      vertex -44.4959 32.3282 -450
      vertex -42.1324 35.3533 -307.5
      vertex -42.1324 35.3533 -450
    endloop
  endfacet
  facet normal -0.788007 0.615667 0
    outer loop
      vertex -42.1324 35.3533 -307.5
      vertex -44.4959 32.3282 -450
      vertex -44.4959 32.3282 -307.5
    endloop
  endfacet
  facet normal -0.788007 0.615667 0
    outer loop
      vertex -44.4959 32.3282 -292.5
      vertex -42.1324 35.3533 292.5
      vertex -42.1324 35.3533 -292.5
    endloop
  endfacet
  facet normal -0.788007 0.615667 0
    outer loop
      vertex -42.1324 35.3533 292.5
      vertex -44.4959 32.3282 -292.5
      vertex -44.4959 32.3282 292.5
    endloop
  endfacet
  facet normal -0.207897 -0.978151 0
    outer loop
      vertex -13.3057 -53.3663 307.5
      vertex -9.55065 -54.1644 450
      vertex -13.3057 -53.3663 450
    endloop
  endfacet
  facet normal -0.207897 -0.978151 -0
    outer loop
      vertex -9.55065 -54.1644 450
      vertex -13.3057 -53.3663 307.5
      vertex -9.55065 -54.1644 307.5
    endloop
  endfacet
  facet normal -0.207897 -0.978151 0
    outer loop
      vertex -13.3057 -53.3663 -450
      vertex -9.55065 -54.1644 -307.5
      vertex -13.3057 -53.3663 -307.5
    endloop
  endfacet
  facet normal -0.207897 -0.978151 -0
    outer loop
      vertex -9.55065 -54.1644 -307.5
      vertex -13.3057 -53.3663 -450
      vertex -9.55065 -54.1644 -450
    endloop
  endfacet
  facet normal -0.207897 -0.978151 0
    outer loop
      vertex -13.3057 -53.3663 -292.5
      vertex -9.55065 -54.1644 292.5
      vertex -13.3057 -53.3663 292.5
    endloop
  endfacet
  facet normal -0.207897 -0.978151 -0
    outer loop
      vertex -9.55065 -54.1644 292.5
      vertex -13.3057 -53.3663 -292.5
      vertex -9.55065 -54.1644 -292.5
    endloop
  endfacet
  facet normal -0.469475 0.882946 0
    outer loop
      vertex -24.1104 49.4337 307.5
      vertex -27.5 47.6314 450
      vertex -24.1104 49.4337 450
    endloop
  endfacet
  facet normal -0.469475 0.882946 0
    outer loop
      vertex -27.5 47.6314 450
      vertex -24.1104 49.4337 307.5
      vertex -27.5 47.6314 307.5
    endloop
  endfacet
  facet normal -0.469475 0.882946 0
    outer loop
      vertex -24.1104 49.4337 -450
      vertex -27.5 47.6314 -307.5
      vertex -24.1104 49.4337 -307.5
    endloop
  endfacet
  facet normal -0.469475 0.882946 0
    outer loop
      vertex -27.5 47.6314 -307.5
      vertex -24.1104 49.4337 -450
      vertex -27.5 47.6314 -450
    endloop
  endfacet
  facet normal -0.469475 0.882946 0
    outer loop
      vertex -24.1104 49.4337 -292.5
      vertex -27.5 47.6314 292.5
      vertex -24.1104 49.4337 292.5
    endloop
  endfacet
  facet normal -0.469475 0.882946 0
    outer loop
      vertex -27.5 47.6314 292.5
      vertex -24.1104 49.4337 -292.5
      vertex -27.5 47.6314 -292.5
    endloop
  endfacet
  facet normal -0.829036 0.559195 0
    outer loop
      vertex -46.6426 29.1456 307.5
      vertex -44.4959 32.3282 450
      vertex -44.4959 32.3282 307.5
    endloop
  endfacet
  facet normal -0.829036 0.559195 0
    outer loop
      vertex -44.4959 32.3282 450
      vertex -46.6426 29.1456 307.5
      vertex -46.6426 29.1456 450
    endloop
  endfacet
  facet normal -0.829036 0.559195 0
    outer loop
      vertex -46.6426 29.1456 -450
      vertex -44.4959 32.3282 -307.5
      vertex -44.4959 32.3282 -450
    endloop
  endfacet
  facet normal -0.829036 0.559195 0
    outer loop
      vertex -44.4959 32.3282 -307.5
      vertex -46.6426 29.1456 -450
      vertex -46.6426 29.1456 -307.5
    endloop
  endfacet
  facet normal -0.829036 0.559195 0
    outer loop
      vertex -46.6426 29.1456 -292.5
      vertex -44.4959 32.3282 292.5
      vertex -44.4959 32.3282 -292.5
    endloop
  endfacet
  facet normal -0.829036 0.559195 0
    outer loop
      vertex -44.4959 32.3282 292.5
      vertex -46.6426 29.1456 -292.5
      vertex -46.6426 29.1456 292.5
    endloop
  endfacet
  facet normal -0.866027 0.499997 0
    outer loop
      vertex -48.5621 25.8209 307.5
      vertex -46.6426 29.1456 450
      vertex -46.6426 29.1456 307.5
    endloop
  endfacet
  facet normal -0.866027 0.499997 0
    outer loop
      vertex -46.6426 29.1456 450
      vertex -48.5621 25.8209 307.5
      vertex -48.5621 25.8209 450
    endloop
  endfacet
  facet normal -0.866027 0.499997 0
    outer loop
      vertex -48.5621 25.8209 -450
      vertex -46.6426 29.1456 -307.5
      vertex -46.6426 29.1456 -450
    endloop
  endfacet
  facet normal -0.866027 0.499997 0
    outer loop
      vertex -46.6426 29.1456 -307.5
      vertex -48.5621 25.8209 -450
      vertex -48.5621 25.8209 -307.5
    endloop
  endfacet
  facet normal -0.866027 0.499997 0
    outer loop
      vertex -48.5621 25.8209 -292.5
      vertex -46.6426 29.1456 292.5
      vertex -46.6426 29.1456 -292.5
    endloop
  endfacet
  facet normal -0.866027 0.499997 0
    outer loop
      vertex -46.6426 29.1456 292.5
      vertex -48.5621 25.8209 -292.5
      vertex -48.5621 25.8209 292.5
    endloop
  endfacet
  facet normal 0.139179 0.990267 -0
    outer loop
      vertex 9.55065 54.1644 307.5
      vertex 5.74907 54.6987 450
      vertex 9.55065 54.1644 450
    endloop
  endfacet
  facet normal 0.139179 0.990267 0
    outer loop
      vertex 5.74907 54.6987 450
      vertex 9.55065 54.1644 307.5
      vertex 5.74907 54.6987 307.5
    endloop
  endfacet
  facet normal 0.139179 0.990267 -0
    outer loop
      vertex 9.55065 54.1644 -450
      vertex 5.74907 54.6987 -307.5
      vertex 9.55065 54.1644 -307.5
    endloop
  endfacet
  facet normal 0.139179 0.990267 0
    outer loop
      vertex 5.74907 54.6987 -307.5
      vertex 9.55065 54.1644 -450
      vertex 5.74907 54.6987 -450
    endloop
  endfacet
  facet normal 0.139179 0.990267 -0
    outer loop
      vertex 9.55065 54.1644 -292.5
      vertex 5.74907 54.6987 292.5
      vertex 9.55065 54.1644 292.5
    endloop
  endfacet
  facet normal 0.139179 0.990267 0
    outer loop
      vertex 5.74907 54.6987 292.5
      vertex 9.55065 54.1644 -292.5
      vertex 5.74907 54.6987 -292.5
    endloop
  endfacet
  facet normal 0.927183 -0.374609 0
    outer loop
      vertex 50.245 -22.3705 450
      vertex 51.6831 -18.8111 307.5
      vertex 51.6831 -18.8111 450
    endloop
  endfacet
  facet normal 0.927183 -0.374609 0
    outer loop
      vertex 51.6831 -18.8111 307.5
      vertex 50.245 -22.3705 450
      vertex 50.245 -22.3705 307.5
    endloop
  endfacet
  facet normal 0.927183 -0.374609 0
    outer loop
      vertex 50.245 -22.3705 -307.5
      vertex 51.6831 -18.8111 -450
      vertex 51.6831 -18.8111 -307.5
    endloop
  endfacet
  facet normal 0.927183 -0.374609 0
    outer loop
      vertex 51.6831 -18.8111 -450
      vertex 50.245 -22.3705 -307.5
      vertex 50.245 -22.3705 -450
    endloop
  endfacet
  facet normal 0.927183 -0.374609 0
    outer loop
      vertex 50.245 -22.3705 292.5
      vertex 51.6831 -18.8111 -292.5
      vertex 51.6831 -18.8111 292.5
    endloop
  endfacet
  facet normal 0.927183 -0.374609 0
    outer loop
      vertex 51.6831 -18.8111 -292.5
      vertex 50.245 -22.3705 292.5
      vertex 50.245 -22.3705 -292.5
    endloop
  endfacet
  facet normal 0.788007 -0.615667 0
    outer loop
      vertex 42.1324 -35.3533 -307.5
      vertex 44.4959 -32.3282 -450
      vertex 44.4959 -32.3282 -307.5
    endloop
  endfacet
  facet normal 0.788007 -0.615667 0
    outer loop
      vertex 44.4959 -32.3282 -450
      vertex 42.1324 -35.3533 -307.5
      vertex 42.1324 -35.3533 -450
    endloop
  endfacet
  facet normal 0.788007 -0.615667 0
    outer loop
      vertex 42.1324 -35.3533 450
      vertex 44.4959 -32.3282 307.5
      vertex 44.4959 -32.3282 450
    endloop
  endfacet
  facet normal 0.788007 -0.615667 0
    outer loop
      vertex 44.4959 -32.3282 307.5
      vertex 42.1324 -35.3533 450
      vertex 42.1324 -35.3533 307.5
    endloop
  endfacet
  facet normal 0.788007 -0.615667 0
    outer loop
      vertex 42.1324 -35.3533 292.5
      vertex 44.4959 -32.3282 -292.5
      vertex 44.4959 -32.3282 292.5
    endloop
  endfacet
  facet normal 0.788007 -0.615667 0
    outer loop
      vertex 44.4959 -32.3282 -292.5
      vertex 42.1324 -35.3533 292.5
      vertex 42.1324 -35.3533 -292.5
    endloop
  endfacet
  facet normal 0.207897 -0.978151 0
    outer loop
      vertex 9.55065 -54.1644 307.5
      vertex 13.3057 -53.3663 450
      vertex 9.55065 -54.1644 450
    endloop
  endfacet
  facet normal 0.207897 -0.978151 0
    outer loop
      vertex 13.3057 -53.3663 450
      vertex 9.55065 -54.1644 307.5
      vertex 13.3057 -53.3663 307.5
    endloop
  endfacet
  facet normal 0.207897 -0.978151 0
    outer loop
      vertex 9.55065 -54.1644 -450
      vertex 13.3057 -53.3663 -307.5
      vertex 9.55065 -54.1644 -307.5
    endloop
  endfacet
  facet normal 0.207897 -0.978151 0
    outer loop
      vertex 13.3057 -53.3663 -307.5
      vertex 9.55065 -54.1644 -450
      vertex 13.3057 -53.3663 -450
    endloop
  endfacet
  facet normal 0.207897 -0.978151 0
    outer loop
      vertex 9.55065 -54.1644 -292.5
      vertex 13.3057 -53.3663 292.5
      vertex 9.55065 -54.1644 292.5
    endloop
  endfacet
  facet normal 0.207897 -0.978151 0
    outer loop
      vertex 13.3057 -53.3663 292.5
      vertex 9.55065 -54.1644 -292.5
      vertex 13.3057 -53.3663 -292.5
    endloop
  endfacet
  facet normal 0.915689 0.031982 0.400614
    outer loop
      vertex 54.866 3.83661 450
      vertex 20 0 530
      vertex 55 0 450
    endloop
  endfacet
  facet normal 0.636463 0.659107 0.400615
    outer loop
      vertex 36.8022 40.873 450
      vertex 13.3826 14.8629 530
      vertex 14.3868 13.8932 530
    endloop
  endfacet
  facet normal -0.759576 0.5124 0.400613
    outer loop
      vertex -16.1803 11.7557 530
      vertex -46.6426 29.1456 450
      vertex -16.961 10.5984 530
    endloop
  endfacet
  facet normal -0.849529 -0.343234 0.400613
    outer loop
      vertex -18.7939 -6.8404 530
      vertex -51.6831 -18.8111 450
      vertex -50.245 -22.3705 450
    endloop
  endfacet
  facet normal 0.823515 0.401662 0.400613
    outer loop
      vertex 48.5621 25.8209 450
      vertex 17.659 9.38943 530
      vertex 50.245 22.3705 450
    endloop
  endfacet
  facet normal -0.485498 0.777046 0.400613
    outer loop
      vertex -10 17.3205 530
      vertex -30.7556 45.5971 450
      vertex -11.1839 16.5808 530
    endloop
  endfacet
  facet normal -0.372674 0.837032 0.400614
    outer loop
      vertex -7.49213 18.5437 530
      vertex -20.6034 50.9951 450
      vertex -8.76742 17.9759 530
    endloop
  endfacet
  facet normal 0.911229 -0.0957614 0.400613
    outer loop
      vertex 19.9513 -1.39513 530
      vertex 19.8054 -2.78346 530
      vertex 54.4647 -7.65452 450
    endloop
  endfacet
  facet normal -0.871418 -0.283088 0.400615
    outer loop
      vertex -52.8694 -15.1601 450
      vertex -18.7939 -6.8404 530
      vertex -19.2252 -5.51275 530
    endloop
  endfacet
  facet normal -0.871402 -0.28314 0.400614
    outer loop
      vertex -18.7939 -6.8404 530
      vertex -52.8694 -15.1601 450
      vertex -51.6831 -18.8111 450
    endloop
  endfacet
  facet normal 0.252563 -0.88075 0.400614
    outer loop
      vertex 16.9959 -52.3081 450
      vertex 4.83844 -19.4059 530
      vertex 13.3057 -53.3663 450
    endloop
  endfacet
  facet normal -0.911229 0.0957614 0.400613
    outer loop
      vertex -19.8054 2.78346 530
      vertex -54.4647 7.65452 450
      vertex -19.9513 1.39513 530
    endloop
  endfacet
  facet normal -0.430165 0.808991 0.400614
    outer loop
      vertex -8.76742 17.9759 530
      vertex -24.1104 49.4337 450
      vertex -10 17.3205 530
    endloop
  endfacet
  facet normal 0.793495 0.458121 0.400613
    outer loop
      vertex 46.6426 29.1456 450
      vertex 17.659 9.38943 530
      vertex 48.5621 25.8209 450
    endloop
  endfacet
  facet normal 0.722009 0.564103 0.400614
    outer loop
      vertex 42.1324 35.3533 450
      vertex 16.1803 11.7557 530
      vertex 44.4959 32.3282 450
    endloop
  endfacet
  facet normal 0.759602 0.51236 0.400614
    outer loop
      vertex 44.4959 32.3282 450
      vertex 16.1803 11.7557 530
      vertex 46.6426 29.1456 450
    endloop
  endfacet
  facet normal 0.680897 -0.613096 0.400614
    outer loop
      vertex 15.3209 -12.8558 530
      vertex 14.3868 -13.8932 530
      vertex 39.5637 -38.2062 450
    endloop
  endfacet
  facet normal -0.485498 -0.777046 0.400613
    outer loop
      vertex -11.1839 -16.5808 530
      vertex -30.7556 -45.5971 450
      vertex -10 -17.3205 530
    endloop
  endfacet
  facet normal 0.793493 0.458124 0.400613
    outer loop
      vertex 46.6426 29.1456 450
      vertex 16.961 10.5984 530
      vertex 17.659 9.38943 530
    endloop
  endfacet
  facet normal 0.911227 0.095779 0.400613
    outer loop
      vertex 54.4647 7.65452 450
      vertex 19.9513 1.39513 530
      vertex 54.866 3.83661 450
    endloop
  endfacet
  facet normal 0.722009 -0.564103 0.400614
    outer loop
      vertex 44.4959 -32.3282 450
      vertex 16.1803 -11.7557 530
      vertex 42.1324 -35.3533 450
    endloop
  endfacet
  facet normal -0.430165 -0.808991 0.400614
    outer loop
      vertex -10 -17.3205 530
      vertex -24.1104 -49.4337 450
      vertex -8.76742 -17.9759 530
    endloop
  endfacet
  facet normal 0.430155 -0.808996 0.400614
    outer loop
      vertex 27.5 -47.6314 450
      vertex 10 -17.3205 530
      vertex 24.1104 -49.4337 450
    endloop
  endfacet
  facet normal -0.430155 0.808996 0.400614
    outer loop
      vertex -24.1104 49.4337 450
      vertex -27.5 47.6314 450
      vertex -10 17.3205 530
    endloop
  endfacet
  facet normal -0.485533 0.777024 0.400614
    outer loop
      vertex -27.5 47.6314 450
      vertex -30.7556 45.5971 450
      vertex -10 17.3205 530
    endloop
  endfacet
  facet normal -0.190485 -0.896228 0.400614
    outer loop
      vertex -4.83844 -19.4059 530
      vertex -13.3057 -53.3663 450
      vertex -9.55065 -54.1644 450
    endloop
  endfacet
  facet normal 0 0.916247 0.400614
    outer loop
      vertex 1.91947 54.9665 450
      vertex -0.697989 19.9878 530
      vertex 0.697989 19.9878 530
    endloop
  endfacet
  facet normal 0 0.916247 0.400614
    outer loop
      vertex -0.697989 19.9878 530
      vertex 1.91947 54.9665 450
      vertex -1.91947 54.9665 450
    endloop
  endfacet
  facet normal 0.722042 0.564061 0.400612
    outer loop
      vertex 42.1324 35.3533 450
      vertex 15.3209 12.8558 530
      vertex 16.1803 11.7557 530
    endloop
  endfacet
  facet normal -0.636485 0.659087 0.400614
    outer loop
      vertex -36.8022 40.873 450
      vertex -39.5637 38.2062 450
      vertex -14.3868 13.8932 530
    endloop
  endfacet
  facet normal -0.538606 0.741223 0.400615
    outer loop
      vertex -11.1839 16.5808 530
      vertex -33.8614 43.3406 450
      vertex -12.3132 15.7602 530
    endloop
  endfacet
  facet normal 0.372668 0.837035 0.400614
    outer loop
      vertex 20.6034 50.9951 450
      vertex 8.76742 17.9759 530
      vertex 24.1104 49.4337 450
    endloop
  endfacet
  facet normal -0.823515 -0.401662 0.400613
    outer loop
      vertex -17.659 -9.38943 530
      vertex -50.245 -22.3705 450
      vertex -48.5621 -25.8209 450
    endloop
  endfacet
  facet normal 0.190485 -0.896228 0.400614
    outer loop
      vertex 13.3057 -53.3663 450
      vertex 4.83844 -19.4059 530
      vertex 9.55065 -54.1644 450
    endloop
  endfacet
  facet normal 0.889033 -0.22165 0.400614
    outer loop
      vertex 53.7981 -11.4351 450
      vertex 19.2252 -5.51275 530
      vertex 52.8694 -15.1601 450
    endloop
  endfacet
  facet normal -0.190535 -0.896217 0.400613
    outer loop
      vertex -4.83844 -19.4059 530
      vertex -9.55065 -54.1644 450
      vertex -3.47296 -19.6962 530
    endloop
  endfacet
  facet normal 0.849529 0.343234 0.400613
    outer loop
      vertex 50.245 22.3705 450
      vertex 18.7939 6.8404 530
      vertex 51.6831 18.8111 450
    endloop
  endfacet
  facet normal -0.252563 0.88075 0.400614
    outer loop
      vertex -13.3057 53.3663 450
      vertex -16.9959 52.3081 450
      vertex -4.83844 19.4059 530
    endloop
  endfacet
  facet normal -0.902328 -0.1591 0.400613
    outer loop
      vertex -19.8054 -2.78346 530
      vertex -54.4647 -7.65452 450
      vertex -53.7981 -11.4351 450
    endloop
  endfacet
  facet normal 0.372674 -0.837032 0.400614
    outer loop
      vertex 8.76742 -17.9759 530
      vertex 7.49213 -18.5437 530
      vertex 20.6034 -50.9951 450
    endloop
  endfacet
  facet normal 0.252562 -0.88075 0.400614
    outer loop
      vertex 6.18034 -19.0211 530
      vertex 4.83844 -19.4059 530
      vertex 16.9959 -52.3081 450
    endloop
  endfacet
  facet normal -0.759602 0.51236 0.400614
    outer loop
      vertex -44.4959 32.3282 450
      vertex -46.6426 29.1456 450
      vertex -16.1803 11.7557 530
    endloop
  endfacet
  facet normal -0.759576 -0.5124 0.400613
    outer loop
      vertex -16.961 -10.5984 530
      vertex -46.6426 -29.1456 450
      vertex -16.1803 -11.7557 530
    endloop
  endfacet
  facet normal -0.430155 -0.808996 0.400614
    outer loop
      vertex -10 -17.3205 530
      vertex -27.5 -47.6314 450
      vertex -24.1104 -49.4337 450
    endloop
  endfacet
  facet normal 0 -0.916247 0.400614
    outer loop
      vertex -1.91947 -54.9665 450
      vertex 0.697989 -19.9878 530
      vertex -0.697989 -19.9878 530
    endloop
  endfacet
  facet normal 0 -0.916247 0.400614
    outer loop
      vertex 0.697989 -19.9878 530
      vertex -1.91947 -54.9665 450
      vertex 1.91947 -54.9665 450
    endloop
  endfacet
  facet normal -0.911227 0.095779 0.400613
    outer loop
      vertex -54.4647 7.65452 450
      vertex -54.866 3.83661 450
      vertex -19.9513 1.39513 530
    endloop
  endfacet
  facet normal -0.588949 0.701889 0.400614
    outer loop
      vertex -33.8614 43.3406 450
      vertex -36.8022 40.873 450
      vertex -12.3132 15.7602 530
    endloop
  endfacet
  facet normal -0.915689 0.031982 0.400614
    outer loop
      vertex -54.866 3.83661 450
      vertex -55 0 450
      vertex -20 0 530
    endloop
  endfacet
  facet normal -0.588939 -0.701897 0.400614
    outer loop
      vertex -13.3826 -14.8629 530
      vertex -36.8022 -40.873 450
      vertex -12.3132 -15.7602 530
    endloop
  endfacet
  facet normal 0.902328 -0.159099 0.400613
    outer loop
      vertex 19.8054 -2.78346 530
      vertex 19.563 -4.15823 530
      vertex 53.7981 -11.4351 450
    endloop
  endfacet
  facet normal 0.636463 -0.659107 0.400615
    outer loop
      vertex 14.3868 -13.8932 530
      vertex 13.3826 -14.8629 530
      vertex 36.8022 -40.873 450
    endloop
  endfacet
  facet normal 0.889019 0.22171 0.400613
    outer loop
      vertex 53.7981 11.4351 450
      vertex 19.2252 5.51275 530
      vertex 19.563 4.15823 530
    endloop
  endfacet
  facet normal -0.372674 -0.837032 0.400614
    outer loop
      vertex -8.76742 -17.9759 530
      vertex -20.6034 -50.9951 450
      vertex -7.49213 -18.5437 530
    endloop
  endfacet
  facet normal -0.849516 -0.343264 0.400614
    outer loop
      vertex -18.7939 -6.8404 530
      vertex -50.245 -22.3705 450
      vertex -18.2709 -8.13473 530
    endloop
  endfacet
  facet normal 0.0639161 -0.914015 0.400614
    outer loop
      vertex 5.74907 -54.6987 450
      vertex 0.697989 -19.9878 530
      vertex 1.91947 -54.9665 450
    endloop
  endfacet
  facet normal 0.636485 -0.659087 0.400614
    outer loop
      vertex 39.5637 -38.2062 450
      vertex 14.3868 -13.8932 530
      vertex 36.8022 -40.873 450
    endloop
  endfacet
  facet normal -0.823532 -0.401625 0.400614
    outer loop
      vertex -18.2709 -8.13473 530
      vertex -50.245 -22.3705 450
      vertex -17.659 -9.38943 530
    endloop
  endfacet
  facet normal -0.485533 -0.777024 0.400614
    outer loop
      vertex -10 -17.3205 530
      vertex -30.7556 -45.5971 450
      vertex -27.5 -47.6314 450
    endloop
  endfacet
  facet normal 0.915689 -0.031982 0.400614
    outer loop
      vertex 55 0 450
      vertex 20 0 530
      vertex 54.866 -3.83661 450
    endloop
  endfacet
  facet normal -0.538557 0.741259 0.400613
    outer loop
      vertex -30.7556 45.5971 450
      vertex -33.8614 43.3406 450
      vertex -11.1839 16.5808 530
    endloop
  endfacet
  facet normal -0.902328 0.1591 0.400613
    outer loop
      vertex -53.7981 11.4351 450
      vertex -54.4647 7.65452 450
      vertex -19.8054 2.78346 530
    endloop
  endfacet
  facet normal -0.31337 0.860992 0.400614
    outer loop
      vertex -16.9959 52.3081 450
      vertex -20.6034 50.9951 450
      vertex -7.49213 18.5437 530
    endloop
  endfacet
  facet normal -0.722009 0.564103 0.400614
    outer loop
      vertex -42.1324 35.3533 450
      vertex -44.4959 32.3282 450
      vertex -16.1803 11.7557 530
    endloop
  endfacet
  facet normal 0.680897 0.613096 0.400614
    outer loop
      vertex 39.5637 38.2062 450
      vertex 14.3868 13.8932 530
      vertex 15.3209 12.8558 530
    endloop
  endfacet
  facet normal 0.636485 0.659087 0.400614
    outer loop
      vertex 36.8022 40.873 450
      vertex 14.3868 13.8932 530
      vertex 39.5637 38.2062 450
    endloop
  endfacet
  facet normal 0.372674 0.837032 0.400614
    outer loop
      vertex 20.6034 50.9951 450
      vertex 7.49213 18.5437 530
      vertex 8.76742 17.9759 530
    endloop
  endfacet
  facet normal 0.889033 0.22165 0.400614
    outer loop
      vertex 52.8694 15.1601 450
      vertex 19.2252 5.51275 530
      vertex 53.7981 11.4351 450
    endloop
  endfacet
  facet normal -0.793493 0.458124 0.400613
    outer loop
      vertex -16.961 10.5984 530
      vertex -46.6426 29.1456 450
      vertex -17.659 9.38943 530
    endloop
  endfacet
  facet normal -0.190485 0.896228 0.400614
    outer loop
      vertex -9.55065 54.1644 450
      vertex -13.3057 53.3663 450
      vertex -4.83844 19.4059 530
    endloop
  endfacet
  facet normal 0.902328 0.159099 0.400613
    outer loop
      vertex 53.7981 11.4351 450
      vertex 19.563 4.15823 530
      vertex 19.8054 2.78346 530
    endloop
  endfacet
  facet normal 0.680912 0.613081 0.400613
    outer loop
      vertex 39.5637 38.2062 450
      vertex 15.3209 12.8558 530
      vertex 42.1324 35.3533 450
    endloop
  endfacet
  facet normal 0.430155 0.808996 0.400614
    outer loop
      vertex 24.1104 49.4337 450
      vertex 10 17.3205 530
      vertex 27.5 47.6314 450
    endloop
  endfacet
  facet normal 0.849529 -0.343234 0.400613
    outer loop
      vertex 51.6831 -18.8111 450
      vertex 18.7939 -6.8404 530
      vertex 50.245 -22.3705 450
    endloop
  endfacet
  facet normal -0.680912 -0.613081 0.400613
    outer loop
      vertex -15.3209 -12.8558 530
      vertex -42.1324 -35.3533 450
      vertex -39.5637 -38.2062 450
    endloop
  endfacet
  facet normal 0.823532 -0.401625 0.400614
    outer loop
      vertex 18.2709 -8.13473 530
      vertex 17.659 -9.38943 530
      vertex 50.245 -22.3705 450
    endloop
  endfacet
  facet normal 0.902328 -0.1591 0.400613
    outer loop
      vertex 54.4647 -7.65452 450
      vertex 19.8054 -2.78346 530
      vertex 53.7981 -11.4351 450
    endloop
  endfacet
  facet normal 0.485533 0.777024 0.400614
    outer loop
      vertex 27.5 47.6314 450
      vertex 10 17.3205 530
      vertex 30.7556 45.5971 450
    endloop
  endfacet
  facet normal 0.823532 0.401625 0.400614
    outer loop
      vertex 50.245 22.3705 450
      vertex 17.659 9.38943 530
      vertex 18.2709 8.13473 530
    endloop
  endfacet
  facet normal 0.31337 0.860992 0.400614
    outer loop
      vertex 16.9959 52.3081 450
      vertex 7.49213 18.5437 530
      vertex 20.6034 50.9951 450
    endloop
  endfacet
  facet normal -0.127522 0.90733 0.400613
    outer loop
      vertex -5.74907 54.6987 450
      vertex -9.55065 54.1644 450
      vertex -3.47296 19.6962 530
    endloop
  endfacet
  facet normal -0.722042 -0.564061 0.400612
    outer loop
      vertex -16.1803 -11.7557 530
      vertex -42.1324 -35.3533 450
      vertex -15.3209 -12.8558 530
    endloop
  endfacet
  facet normal -0.889019 -0.22171 0.400613
    outer loop
      vertex -19.563 -4.15823 530
      vertex -53.7981 -11.4351 450
      vertex -19.2252 -5.51275 530
    endloop
  endfacet
  facet normal -0.889033 0.22165 0.400614
    outer loop
      vertex -52.8694 15.1601 450
      vertex -53.7981 11.4351 450
      vertex -19.2252 5.51275 530
    endloop
  endfacet
  facet normal 0.0639161 0.914015 0.400614
    outer loop
      vertex 1.91947 54.9665 450
      vertex 0.697989 19.9878 530
      vertex 5.74907 54.6987 450
    endloop
  endfacet
  facet normal -0.91569 0.0319641 0.400613
    outer loop
      vertex -19.9513 1.39513 530
      vertex -54.866 3.83661 450
      vertex -20 0 530
    endloop
  endfacet
  facet normal -0.902328 0.159099 0.400613
    outer loop
      vertex -19.563 4.15823 530
      vertex -53.7981 11.4351 450
      vertex -19.8054 2.78346 530
    endloop
  endfacet
  facet normal -0.680897 0.613096 0.400614
    outer loop
      vertex -14.3868 13.8932 530
      vertex -39.5637 38.2062 450
      vertex -15.3209 12.8558 530
    endloop
  endfacet
  facet normal 0.190535 0.896217 0.400613
    outer loop
      vertex 9.55065 54.1644 450
      vertex 3.47296 19.6962 530
      vertex 4.83844 19.4059 530
    endloop
  endfacet
  facet normal -0.915689 -0.031982 0.400614
    outer loop
      vertex -20 0 530
      vertex -55 0 450
      vertex -54.866 -3.83661 450
    endloop
  endfacet
  facet normal 0.063928 -0.914014 0.400614
    outer loop
      vertex 2.09057 -19.8904 530
      vertex 0.697989 -19.9878 530
      vertex 5.74907 -54.6987 450
    endloop
  endfacet
  facet normal -0.680897 -0.613096 0.400614
    outer loop
      vertex -15.3209 -12.8558 530
      vertex -39.5637 -38.2062 450
      vertex -14.3868 -13.8932 530
    endloop
  endfacet
  facet normal -0.252562 -0.88075 0.400614
    outer loop
      vertex -6.18034 -19.0211 530
      vertex -16.9959 -52.3081 450
      vertex -4.83844 -19.4059 530
    endloop
  endfacet
  facet normal -0.313344 -0.861001 0.400614
    outer loop
      vertex -7.49213 -18.5437 530
      vertex -16.9959 -52.3081 450
      vertex -6.18034 -19.0211 530
    endloop
  endfacet
  facet normal -0.889033 -0.22165 0.400614
    outer loop
      vertex -19.2252 -5.51275 530
      vertex -53.7981 -11.4351 450
      vertex -52.8694 -15.1601 450
    endloop
  endfacet
  facet normal 0.127522 0.90733 0.400613
    outer loop
      vertex 5.74907 54.6987 450
      vertex 3.47296 19.6962 530
      vertex 9.55065 54.1644 450
    endloop
  endfacet
  facet normal -0.313344 0.861001 0.400614
    outer loop
      vertex -6.18034 19.0211 530
      vertex -16.9959 52.3081 450
      vertex -7.49213 18.5437 530
    endloop
  endfacet
  facet normal 0.313344 -0.861001 0.400614
    outer loop
      vertex 7.49213 -18.5437 530
      vertex 6.18034 -19.0211 530
      vertex 16.9959 -52.3081 450
    endloop
  endfacet
  facet normal -0.91569 -0.0319641 0.400613
    outer loop
      vertex -20 0 530
      vertex -54.866 -3.83661 450
      vertex -19.9513 -1.39513 530
    endloop
  endfacet
  facet normal -0.849529 0.343234 0.400613
    outer loop
      vertex -50.245 22.3705 450
      vertex -51.6831 18.8111 450
      vertex -18.7939 6.8404 530
    endloop
  endfacet
  facet normal 0.823515 -0.401662 0.400613
    outer loop
      vertex 50.245 -22.3705 450
      vertex 17.659 -9.38943 530
      vertex 48.5621 -25.8209 450
    endloop
  endfacet
  facet normal -0.0639161 -0.914015 0.400614
    outer loop
      vertex -0.697989 -19.9878 530
      vertex -5.74907 -54.6987 450
      vertex -1.91947 -54.9665 450
    endloop
  endfacet
  facet normal -0.063928 -0.914014 0.400614
    outer loop
      vertex -2.09057 -19.8904 530
      vertex -5.74907 -54.6987 450
      vertex -0.697989 -19.9878 530
    endloop
  endfacet
  facet normal -0.0639161 0.914015 0.400614
    outer loop
      vertex -1.91947 54.9665 450
      vertex -5.74907 54.6987 450
      vertex -0.697989 19.9878 530
    endloop
  endfacet
  facet normal -0.636485 -0.659087 0.400614
    outer loop
      vertex -14.3868 -13.8932 530
      vertex -39.5637 -38.2062 450
      vertex -36.8022 -40.873 450
    endloop
  endfacet
  facet normal 0.759576 0.5124 0.400613
    outer loop
      vertex 46.6426 29.1456 450
      vertex 16.1803 11.7557 530
      vertex 16.961 10.5984 530
    endloop
  endfacet
  facet normal 0.871418 -0.283088 0.400615
    outer loop
      vertex 18.7939 -6.8404 530
      vertex 52.8694 -15.1601 450
      vertex 19.2252 -5.51275 530
    endloop
  endfacet
  facet normal 0.871402 -0.28314 0.400614
    outer loop
      vertex 52.8694 -15.1601 450
      vertex 18.7939 -6.8404 530
      vertex 51.6831 -18.8111 450
    endloop
  endfacet
  facet normal 0.485498 0.777046 0.400613
    outer loop
      vertex 30.7556 45.5971 450
      vertex 10 17.3205 530
      vertex 11.1839 16.5808 530
    endloop
  endfacet
  facet normal -0.871402 0.28314 0.400614
    outer loop
      vertex -52.8694 15.1601 450
      vertex -18.7939 6.8404 530
      vertex -51.6831 18.8111 450
    endloop
  endfacet
  facet normal -0.871418 0.283088 0.400615
    outer loop
      vertex -18.7939 6.8404 530
      vertex -52.8694 15.1601 450
      vertex -19.2252 5.51275 530
    endloop
  endfacet
  facet normal 0.538606 0.741223 0.400615
    outer loop
      vertex 33.8614 43.3406 450
      vertex 11.1839 16.5808 530
      vertex 12.3132 15.7602 530
    endloop
  endfacet
  facet normal -0.190535 0.896217 0.400613
    outer loop
      vertex -3.47296 19.6962 530
      vertex -9.55065 54.1644 450
      vertex -4.83844 19.4059 530
    endloop
  endfacet
  facet normal 0.31337 -0.860992 0.400614
    outer loop
      vertex 20.6034 -50.9951 450
      vertex 7.49213 -18.5437 530
      vertex 16.9959 -52.3081 450
    endloop
  endfacet
  facet normal 0.372668 -0.837035 0.400614
    outer loop
      vertex 24.1104 -49.4337 450
      vertex 8.76742 -17.9759 530
      vertex 20.6034 -50.9951 450
    endloop
  endfacet
  facet normal 0.759602 -0.51236 0.400614
    outer loop
      vertex 46.6426 -29.1456 450
      vertex 16.1803 -11.7557 530
      vertex 44.4959 -32.3282 450
    endloop
  endfacet
  facet normal 0.871402 0.28314 0.400614
    outer loop
      vertex 18.7939 6.8404 530
      vertex 52.8694 15.1601 450
      vertex 51.6831 18.8111 450
    endloop
  endfacet
  facet normal 0.871418 0.283088 0.400615
    outer loop
      vertex 52.8694 15.1601 450
      vertex 18.7939 6.8404 530
      vertex 19.2252 5.51275 530
    endloop
  endfacet
  facet normal -0.372668 0.837035 0.400614
    outer loop
      vertex -20.6034 50.9951 450
      vertex -24.1104 49.4337 450
      vertex -8.76742 17.9759 530
    endloop
  endfacet
  facet normal 0.911229 0.0957614 0.400613
    outer loop
      vertex 54.4647 7.65452 450
      vertex 19.8054 2.78346 530
      vertex 19.9513 1.39513 530
    endloop
  endfacet
  facet normal 0.902328 0.1591 0.400613
    outer loop
      vertex 53.7981 11.4351 450
      vertex 19.8054 2.78346 530
      vertex 54.4647 7.65452 450
    endloop
  endfacet
  facet normal -0.793495 -0.458121 0.400613
    outer loop
      vertex -17.659 -9.38943 530
      vertex -48.5621 -25.8209 450
      vertex -46.6426 -29.1456 450
    endloop
  endfacet
  facet normal -0.680912 0.613081 0.400613
    outer loop
      vertex -39.5637 38.2062 450
      vertex -42.1324 35.3533 450
      vertex -15.3209 12.8558 530
    endloop
  endfacet
  facet normal -0.636463 0.659107 0.400615
    outer loop
      vertex -13.3826 14.8629 530
      vertex -36.8022 40.873 450
      vertex -14.3868 13.8932 530
    endloop
  endfacet
  facet normal 0.849516 -0.343264 0.400614
    outer loop
      vertex 18.7939 -6.8404 530
      vertex 18.2709 -8.13473 530
      vertex 50.245 -22.3705 450
    endloop
  endfacet
  facet normal 0.911227 -0.095779 0.400613
    outer loop
      vertex 54.866 -3.83661 450
      vertex 19.9513 -1.39513 530
      vertex 54.4647 -7.65452 450
    endloop
  endfacet
  facet normal 0.91569 -0.0319641 0.400613
    outer loop
      vertex 20 0 530
      vertex 19.9513 -1.39513 530
      vertex 54.866 -3.83661 450
    endloop
  endfacet
  facet normal -0.31337 -0.860992 0.400614
    outer loop
      vertex -7.49213 -18.5437 530
      vertex -20.6034 -50.9951 450
      vertex -16.9959 -52.3081 450
    endloop
  endfacet
  facet normal -0.636463 -0.659107 0.400615
    outer loop
      vertex -14.3868 -13.8932 530
      vertex -36.8022 -40.873 450
      vertex -13.3826 -14.8629 530
    endloop
  endfacet
  facet normal -0.538557 -0.741259 0.400613
    outer loop
      vertex -11.1839 -16.5808 530
      vertex -33.8614 -43.3406 450
      vertex -30.7556 -45.5971 450
    endloop
  endfacet
  facet normal -0.252562 0.88075 0.400614
    outer loop
      vertex -4.83844 19.4059 530
      vertex -16.9959 52.3081 450
      vertex -6.18034 19.0211 530
    endloop
  endfacet
  facet normal -0.252563 -0.88075 0.400614
    outer loop
      vertex -4.83844 -19.4059 530
      vertex -16.9959 -52.3081 450
      vertex -13.3057 -53.3663 450
    endloop
  endfacet
  facet normal 0.252562 0.88075 0.400614
    outer loop
      vertex 16.9959 52.3081 450
      vertex 4.83844 19.4059 530
      vertex 6.18034 19.0211 530
    endloop
  endfacet
  facet normal 0.430165 0.808991 0.400614
    outer loop
      vertex 24.1104 49.4337 450
      vertex 8.76742 17.9759 530
      vertex 10 17.3205 530
    endloop
  endfacet
  facet normal -0.722009 -0.564103 0.400614
    outer loop
      vertex -16.1803 -11.7557 530
      vertex -44.4959 -32.3282 450
      vertex -42.1324 -35.3533 450
    endloop
  endfacet
  facet normal -0.911227 -0.095779 0.400613
    outer loop
      vertex -19.9513 -1.39513 530
      vertex -54.866 -3.83661 450
      vertex -54.4647 -7.65452 450
    endloop
  endfacet
  facet normal -0.911229 -0.0957614 0.400613
    outer loop
      vertex -19.9513 -1.39513 530
      vertex -54.4647 -7.65452 450
      vertex -19.8054 -2.78346 530
    endloop
  endfacet
  facet normal 0.588939 0.701897 0.400614
    outer loop
      vertex 36.8022 40.873 450
      vertex 12.3132 15.7602 530
      vertex 13.3826 14.8629 530
    endloop
  endfacet
  facet normal -0.722042 0.564061 0.400612
    outer loop
      vertex -15.3209 12.8558 530
      vertex -42.1324 35.3533 450
      vertex -16.1803 11.7557 530
    endloop
  endfacet
  facet normal 0.063928 0.914014 0.400614
    outer loop
      vertex 5.74907 54.6987 450
      vertex 0.697989 19.9878 530
      vertex 2.09057 19.8904 530
    endloop
  endfacet
  facet normal 0.430165 -0.808991 0.400614
    outer loop
      vertex 10 -17.3205 530
      vertex 8.76742 -17.9759 530
      vertex 24.1104 -49.4337 450
    endloop
  endfacet
  facet normal -0.849516 0.343264 0.400614
    outer loop
      vertex -18.2709 8.13473 530
      vertex -50.245 22.3705 450
      vertex -18.7939 6.8404 530
    endloop
  endfacet
  facet normal 0.588949 -0.701889 0.400614
    outer loop
      vertex 36.8022 -40.873 450
      vertex 12.3132 -15.7602 530
      vertex 33.8614 -43.3406 450
    endloop
  endfacet
  facet normal 0.485533 -0.777024 0.400614
    outer loop
      vertex 30.7556 -45.5971 450
      vertex 10 -17.3205 530
      vertex 27.5 -47.6314 450
    endloop
  endfacet
  facet normal 0.849516 0.343264 0.400614
    outer loop
      vertex 50.245 22.3705 450
      vertex 18.2709 8.13473 530
      vertex 18.7939 6.8404 530
    endloop
  endfacet
  facet normal 0.313344 0.861001 0.400614
    outer loop
      vertex 16.9959 52.3081 450
      vertex 6.18034 19.0211 530
      vertex 7.49213 18.5437 530
    endloop
  endfacet
  facet normal 0.127464 0.907337 0.400615
    outer loop
      vertex 5.74907 54.6987 450
      vertex 2.09057 19.8904 530
      vertex 3.47296 19.6962 530
    endloop
  endfacet
  facet normal -0.889019 0.22171 0.400613
    outer loop
      vertex -19.2252 5.51275 530
      vertex -53.7981 11.4351 450
      vertex -19.563 4.15823 530
    endloop
  endfacet
  facet normal 0.538557 0.741259 0.400613
    outer loop
      vertex 30.7556 45.5971 450
      vertex 11.1839 16.5808 530
      vertex 33.8614 43.3406 450
    endloop
  endfacet
  facet normal 0.889019 -0.22171 0.400613
    outer loop
      vertex 19.563 -4.15823 530
      vertex 19.2252 -5.51275 530
      vertex 53.7981 -11.4351 450
    endloop
  endfacet
  facet normal -0.372668 -0.837035 0.400614
    outer loop
      vertex -8.76742 -17.9759 530
      vertex -24.1104 -49.4337 450
      vertex -20.6034 -50.9951 450
    endloop
  endfacet
  facet normal -0.588949 -0.701889 0.400614
    outer loop
      vertex -12.3132 -15.7602 530
      vertex -36.8022 -40.873 450
      vertex -33.8614 -43.3406 450
    endloop
  endfacet
  facet normal -0.588939 0.701897 0.400614
    outer loop
      vertex -12.3132 15.7602 530
      vertex -36.8022 40.873 450
      vertex -13.3826 14.8629 530
    endloop
  endfacet
  facet normal -0.793493 -0.458124 0.400613
    outer loop
      vertex -17.659 -9.38943 530
      vertex -46.6426 -29.1456 450
      vertex -16.961 -10.5984 530
    endloop
  endfacet
  facet normal 0.485498 -0.777046 0.400613
    outer loop
      vertex 11.1839 -16.5808 530
      vertex 10 -17.3205 530
      vertex 30.7556 -45.5971 450
    endloop
  endfacet
  facet normal 0.538557 -0.741259 0.400613
    outer loop
      vertex 33.8614 -43.3406 450
      vertex 11.1839 -16.5808 530
      vertex 30.7556 -45.5971 450
    endloop
  endfacet
  facet normal 0.793495 -0.458121 0.400613
    outer loop
      vertex 48.5621 -25.8209 450
      vertex 17.659 -9.38943 530
      vertex 46.6426 -29.1456 450
    endloop
  endfacet
  facet normal -0.127522 -0.90733 0.400613
    outer loop
      vertex -3.47296 -19.6962 530
      vertex -9.55065 -54.1644 450
      vertex -5.74907 -54.6987 450
    endloop
  endfacet
  facet normal 0.793493 -0.458124 0.400613
    outer loop
      vertex 17.659 -9.38943 530
      vertex 16.961 -10.5984 530
      vertex 46.6426 -29.1456 450
    endloop
  endfacet
  facet normal 0.759576 -0.5124 0.400613
    outer loop
      vertex 16.961 -10.5984 530
      vertex 16.1803 -11.7557 530
      vertex 46.6426 -29.1456 450
    endloop
  endfacet
  facet normal 0.91569 0.0319641 0.400613
    outer loop
      vertex 54.866 3.83661 450
      vertex 19.9513 1.39513 530
      vertex 20 0 530
    endloop
  endfacet
  facet normal -0.127464 0.907337 0.400615
    outer loop
      vertex -2.09057 19.8904 530
      vertex -5.74907 54.6987 450
      vertex -3.47296 19.6962 530
    endloop
  endfacet
  facet normal -0.823532 0.401625 0.400614
    outer loop
      vertex -17.659 9.38943 530
      vertex -50.245 22.3705 450
      vertex -18.2709 8.13473 530
    endloop
  endfacet
  facet normal 0.252563 0.88075 0.400614
    outer loop
      vertex 13.3057 53.3663 450
      vertex 4.83844 19.4059 530
      vertex 16.9959 52.3081 450
    endloop
  endfacet
  facet normal -0.793495 0.458121 0.400613
    outer loop
      vertex -46.6426 29.1456 450
      vertex -48.5621 25.8209 450
      vertex -17.659 9.38943 530
    endloop
  endfacet
  facet normal -0.823515 0.401662 0.400613
    outer loop
      vertex -48.5621 25.8209 450
      vertex -50.245 22.3705 450
      vertex -17.659 9.38943 530
    endloop
  endfacet
  facet normal 0.127522 -0.90733 0.400613
    outer loop
      vertex 9.55065 -54.1644 450
      vertex 3.47296 -19.6962 530
      vertex 5.74907 -54.6987 450
    endloop
  endfacet
  facet normal -0.538606 -0.741223 0.400615
    outer loop
      vertex -12.3132 -15.7602 530
      vertex -33.8614 -43.3406 450
      vertex -11.1839 -16.5808 530
    endloop
  endfacet
  facet normal 0 0 1
    outer loop
      vertex 19.9513 1.39513 530
      vertex 19.9513 -1.39513 530
      vertex 20 0 530
    endloop
  endfacet
  facet normal 0 0 1
    outer loop
      vertex 19.8054 2.78346 530
      vertex 19.9513 -1.39513 530
      vertex 19.9513 1.39513 530
    endloop
  endfacet
  facet normal 0 0 1
    outer loop
      vertex 19.8054 2.78346 530
      vertex 19.8054 -2.78346 530
      vertex 19.9513 -1.39513 530
    endloop
  endfacet
  facet normal 0 0 1
    outer loop
      vertex 19.563 4.15823 530
      vertex 19.8054 -2.78346 530
      vertex 19.8054 2.78346 530
    endloop
  endfacet
  facet normal 0 0 1
    outer loop
      vertex 19.563 4.15823 530
      vertex 19.563 -4.15823 530
      vertex 19.8054 -2.78346 530
    endloop
  endfacet
  facet normal 0 0 1
    outer loop
      vertex 19.2252 5.51275 530
      vertex 19.563 -4.15823 530
      vertex 19.563 4.15823 530
    endloop
  endfacet
  facet normal 0 0 1
    outer loop
      vertex 19.2252 5.51275 530
      vertex 19.2252 -5.51275 530
      vertex 19.563 -4.15823 530
    endloop
  endfacet
  facet normal 0 0 1
    outer loop
      vertex 18.7939 6.8404 530
      vertex 19.2252 -5.51275 530
      vertex 19.2252 5.51275 530
    endloop
  endfacet
  facet normal 0 0 1
    outer loop
      vertex 18.7939 6.8404 530
      vertex 18.7939 -6.8404 530
      vertex 19.2252 -5.51275 530
    endloop
  endfacet
  facet normal 0 0 1
    outer loop
      vertex 18.2709 8.13473 530
      vertex 18.7939 -6.8404 530
      vertex 18.7939 6.8404 530
    endloop
  endfacet
  facet normal 0 0 1
    outer loop
      vertex 18.2709 8.13473 530
      vertex 18.2709 -8.13473 530
      vertex 18.7939 -6.8404 530
    endloop
  endfacet
  facet normal 0 0 1
    outer loop
      vertex 17.659 9.38943 530
      vertex 18.2709 -8.13473 530
      vertex 18.2709 8.13473 530
    endloop
  endfacet
  facet normal 0 0 1
    outer loop
      vertex 17.659 9.38943 530
      vertex 17.659 -9.38943 530
      vertex 18.2709 -8.13473 530
    endloop
  endfacet
  facet normal 0 0 1
    outer loop
      vertex 16.961 10.5984 530
      vertex 17.659 -9.38943 530
      vertex 17.659 9.38943 530
    endloop
  endfacet
  facet normal 0 0 1
    outer loop
      vertex 16.961 10.5984 530
      vertex 16.961 -10.5984 530
      vertex 17.659 -9.38943 530
    endloop
  endfacet
  facet normal 0 0 1
    outer loop
      vertex 16.1803 11.7557 530
      vertex 16.961 -10.5984 530
      vertex 16.961 10.5984 530
    endloop
  endfacet
  facet normal 0 0 1
    outer loop
      vertex 16.1803 11.7557 530
      vertex 16.1803 -11.7557 530
      vertex 16.961 -10.5984 530
    endloop
  endfacet
  facet normal 0 0 1
    outer loop
      vertex 15.3209 12.8558 530
      vertex 16.1803 -11.7557 530
      vertex 16.1803 11.7557 530
    endloop
  endfacet
  facet normal 0 0 1
    outer loop
      vertex 15.3209 12.8558 530
      vertex 15.3209 -12.8558 530
      vertex 16.1803 -11.7557 530
    endloop
  endfacet
  facet normal 0 0 1
    outer loop
      vertex 14.3868 13.8932 530
      vertex 15.3209 -12.8558 530
      vertex 15.3209 12.8558 530
    endloop
  endfacet
  facet normal 0 0 1
    outer loop
      vertex 14.3868 13.8932 530
      vertex 14.3868 -13.8932 530
      vertex 15.3209 -12.8558 530
    endloop
  endfacet
  facet normal 0 0 1
    outer loop
      vertex 13.3826 14.8629 530
      vertex 14.3868 -13.8932 530
      vertex 14.3868 13.8932 530
    endloop
  endfacet
  facet normal 0 0 1
    outer loop
      vertex 13.3826 14.8629 530
      vertex 13.3826 -14.8629 530
      vertex 14.3868 -13.8932 530
    endloop
  endfacet
  facet normal 0 0 1
    outer loop
      vertex 12.3132 15.7602 530
      vertex 13.3826 -14.8629 530
      vertex 13.3826 14.8629 530
    endloop
  endfacet
  facet normal 0 0 1
    outer loop
      vertex 12.3132 15.7602 530
      vertex 12.3132 -15.7602 530
      vertex 13.3826 -14.8629 530
    endloop
  endfacet
  facet normal 0 0 1
    outer loop
      vertex 11.1839 16.5808 530
      vertex 12.3132 -15.7602 530
      vertex 12.3132 15.7602 530
    endloop
  endfacet
  facet normal 0 0 1
    outer loop
      vertex 11.1839 16.5808 530
      vertex 11.1839 -16.5808 530
      vertex 12.3132 -15.7602 530
    endloop
  endfacet
  facet normal 0 0 1
    outer loop
      vertex 10 17.3205 530
      vertex 11.1839 -16.5808 530
      vertex 11.1839 16.5808 530
    endloop
  endfacet
  facet normal 0 0 1
    outer loop
      vertex 10 17.3205 530
      vertex 10 -17.3205 530
      vertex 11.1839 -16.5808 530
    endloop
  endfacet
  facet normal 0 0 1
    outer loop
      vertex 8.76742 17.9759 530
      vertex 10 -17.3205 530
      vertex 10 17.3205 530
    endloop
  endfacet
  facet normal 0 0 1
    outer loop
      vertex 8.76742 17.9759 530
      vertex 8.76742 -17.9759 530
      vertex 10 -17.3205 530
    endloop
  endfacet
  facet normal 0 0 1
    outer loop
      vertex 7.49213 18.5437 530
      vertex 8.76742 -17.9759 530
      vertex 8.76742 17.9759 530
    endloop
  endfacet
  facet normal 0 0 1
    outer loop
      vertex 7.49213 18.5437 530
      vertex 7.49213 -18.5437 530
      vertex 8.76742 -17.9759 530
    endloop
  endfacet
  facet normal 0 0 1
    outer loop
      vertex 6.18034 19.0211 530
      vertex 7.49213 -18.5437 530
      vertex 7.49213 18.5437 530
    endloop
  endfacet
  facet normal 0 0 1
    outer loop
      vertex 6.18034 19.0211 530
      vertex 6.18034 -19.0211 530
      vertex 7.49213 -18.5437 530
    endloop
  endfacet
  facet normal 0 0 1
    outer loop
      vertex 4.83844 19.4059 530
      vertex 6.18034 -19.0211 530
      vertex 6.18034 19.0211 530
    endloop
  endfacet
  facet normal 0 0 1
    outer loop
      vertex 4.83844 19.4059 530
      vertex 4.83844 -19.4059 530
      vertex 6.18034 -19.0211 530
    endloop
  endfacet
  facet normal 0 0 1
    outer loop
      vertex 3.47296 19.6962 530
      vertex 4.83844 -19.4059 530
      vertex 4.83844 19.4059 530
    endloop
  endfacet
  facet normal 0 0 1
    outer loop
      vertex 3.47296 19.6962 530
      vertex 3.47296 -19.6962 530
      vertex 4.83844 -19.4059 530
    endloop
  endfacet
  facet normal 0 0 1
    outer loop
      vertex 2.09057 19.8904 530
      vertex 3.47296 -19.6962 530
      vertex 3.47296 19.6962 530
    endloop
  endfacet
  facet normal 0 0 1
    outer loop
      vertex 2.09057 19.8904 530
      vertex 2.09057 -19.8904 530
      vertex 3.47296 -19.6962 530
    endloop
  endfacet
  facet normal 0 0 1
    outer loop
      vertex 0.697989 19.9878 530
      vertex 2.09057 -19.8904 530
      vertex 2.09057 19.8904 530
    endloop
  endfacet
  facet normal 0 0 1
    outer loop
      vertex 0.697989 19.9878 530
      vertex 0.697989 -19.9878 530
      vertex 2.09057 -19.8904 530
    endloop
  endfacet
  facet normal -0 0 1
    outer loop
      vertex -0.697989 19.9878 530
      vertex 0.697989 -19.9878 530
      vertex 0.697989 19.9878 530
    endloop
  endfacet
  facet normal 0 0 1
    outer loop
      vertex -0.697989 19.9878 530
      vertex -0.697989 -19.9878 530
      vertex 0.697989 -19.9878 530
    endloop
  endfacet
  facet normal -0 0 1
    outer loop
      vertex -2.09057 19.8904 530
      vertex -0.697989 -19.9878 530
      vertex -0.697989 19.9878 530
    endloop
  endfacet
  facet normal 0 0 1
    outer loop
      vertex -2.09057 19.8904 530
      vertex -2.09057 -19.8904 530
      vertex -0.697989 -19.9878 530
    endloop
  endfacet
  facet normal -0 0 1
    outer loop
      vertex -3.47296 19.6962 530
      vertex -2.09057 -19.8904 530
      vertex -2.09057 19.8904 530
    endloop
  endfacet
  facet normal 0 0 1
    outer loop
      vertex -3.47296 19.6962 530
      vertex -3.47296 -19.6962 530
      vertex -2.09057 -19.8904 530
    endloop
  endfacet
  facet normal -0 0 1
    outer loop
      vertex -4.83844 19.4059 530
      vertex -3.47296 -19.6962 530
      vertex -3.47296 19.6962 530
    endloop
  endfacet
  facet normal 0 0 1
    outer loop
      vertex -4.83844 19.4059 530
      vertex -4.83844 -19.4059 530
      vertex -3.47296 -19.6962 530
    endloop
  endfacet
  facet normal -0 0 1
    outer loop
      vertex -6.18034 19.0211 530
      vertex -4.83844 -19.4059 530
      vertex -4.83844 19.4059 530
    endloop
  endfacet
  facet normal 0 0 1
    outer loop
      vertex -6.18034 19.0211 530
      vertex -6.18034 -19.0211 530
      vertex -4.83844 -19.4059 530
    endloop
  endfacet
  facet normal -0 0 1
    outer loop
      vertex -7.49213 18.5437 530
      vertex -6.18034 -19.0211 530
      vertex -6.18034 19.0211 530
    endloop
  endfacet
  facet normal 0 0 1
    outer loop
      vertex -7.49213 18.5437 530
      vertex -7.49213 -18.5437 530
      vertex -6.18034 -19.0211 530
    endloop
  endfacet
  facet normal -0 0 1
    outer loop
      vertex -8.76742 17.9759 530
      vertex -7.49213 -18.5437 530
      vertex -7.49213 18.5437 530
    endloop
  endfacet
  facet normal 0 0 1
    outer loop
      vertex -8.76742 17.9759 530
      vertex -8.76742 -17.9759 530
      vertex -7.49213 -18.5437 530
    endloop
  endfacet
  facet normal -0 0 1
    outer loop
      vertex -10 17.3205 530
      vertex -8.76742 -17.9759 530
      vertex -8.76742 17.9759 530
    endloop
  endfacet
  facet normal 0 0 1
    outer loop
      vertex -10 17.3205 530
      vertex -10 -17.3205 530
      vertex -8.76742 -17.9759 530
    endloop
  endfacet
  facet normal -0 0 1
    outer loop
      vertex -11.1839 16.5808 530
      vertex -10 -17.3205 530
      vertex -10 17.3205 530
    endloop
  endfacet
  facet normal 0 0 1
    outer loop
      vertex -11.1839 16.5808 530
      vertex -11.1839 -16.5808 530
      vertex -10 -17.3205 530
    endloop
  endfacet
  facet normal -0 0 1
    outer loop
      vertex -12.3132 15.7602 530
      vertex -11.1839 -16.5808 530
      vertex -11.1839 16.5808 530
    endloop
  endfacet
  facet normal 0 0 1
    outer loop
      vertex -12.3132 15.7602 530
      vertex -12.3132 -15.7602 530
      vertex -11.1839 -16.5808 530
    endloop
  endfacet
  facet normal -0 0 1
    outer loop
      vertex -13.3826 14.8629 530
      vertex -12.3132 -15.7602 530
      vertex -12.3132 15.7602 530
    endloop
  endfacet
  facet normal 0 0 1
    outer loop
      vertex -13.3826 14.8629 530
      vertex -13.3826 -14.8629 530
      vertex -12.3132 -15.7602 530
    endloop
  endfacet
  facet normal -0 0 1
    outer loop
      vertex -14.3868 13.8932 530
      vertex -13.3826 -14.8629 530
      vertex -13.3826 14.8629 530
    endloop
  endfacet
  facet normal 0 0 1
    outer loop
      vertex -14.3868 13.8932 530
      vertex -14.3868 -13.8932 530
      vertex -13.3826 -14.8629 530
    endloop
  endfacet
  facet normal -0 0 1
    outer loop
      vertex -15.3209 12.8558 530
      vertex -14.3868 -13.8932 530
      vertex -14.3868 13.8932 530
    endloop
  endfacet
  facet normal 0 0 1
    outer loop
      vertex -15.3209 12.8558 530
      vertex -15.3209 -12.8558 530
      vertex -14.3868 -13.8932 530
    endloop
  endfacet
  facet normal -0 0 1
    outer loop
      vertex -16.1803 11.7557 530
      vertex -15.3209 -12.8558 530
      vertex -15.3209 12.8558 530
    endloop
  endfacet
  facet normal 0 0 1
    outer loop
      vertex -16.1803 11.7557 530
      vertex -16.1803 -11.7557 530
      vertex -15.3209 -12.8558 530
    endloop
  endfacet
  facet normal -0 0 1
    outer loop
      vertex -16.961 10.5984 530
      vertex -16.1803 -11.7557 530
      vertex -16.1803 11.7557 530
    endloop
  endfacet
  facet normal 0 0 1
    outer loop
      vertex -16.961 10.5984 530
      vertex -16.961 -10.5984 530
      vertex -16.1803 -11.7557 530
    endloop
  endfacet
  facet normal -0 0 1
    outer loop
      vertex -17.659 9.38943 530
      vertex -16.961 -10.5984 530
      vertex -16.961 10.5984 530
    endloop
  endfacet
  facet normal 0 0 1
    outer loop
      vertex -17.659 9.38943 530
      vertex -17.659 -9.38943 530
      vertex -16.961 -10.5984 530
    endloop
  endfacet
  facet normal -0 0 1
    outer loop
      vertex -18.2709 8.13473 530
      vertex -17.659 -9.38943 530
      vertex -17.659 9.38943 530
    endloop
  endfacet
  facet normal 0 0 1
    outer loop
      vertex -18.2709 8.13473 530
      vertex -18.2709 -8.13473 530
      vertex -17.659 -9.38943 530
    endloop
  endfacet
  facet normal -0 0 1
    outer loop
      vertex -18.7939 6.8404 530
      vertex -18.2709 -8.13473 530
      vertex -18.2709 8.13473 530
    endloop
  endfacet
  facet normal 0 0 1
    outer loop
      vertex -18.7939 6.8404 530
      vertex -18.7939 -6.8404 530
      vertex -18.2709 -8.13473 530
    endloop
  endfacet
  facet normal -0 0 1
    outer loop
      vertex -19.2252 5.51275 530
      vertex -18.7939 -6.8404 530
      vertex -18.7939 6.8404 530
    endloop
  endfacet
  facet normal 0 0 1
    outer loop
      vertex -19.2252 5.51275 530
      vertex -19.2252 -5.51275 530
      vertex -18.7939 -6.8404 530
    endloop
  endfacet
  facet normal -0 0 1
    outer loop
      vertex -19.563 4.15823 530
      vertex -19.2252 -5.51275 530
      vertex -19.2252 5.51275 530
    endloop
  endfacet
  facet normal 0 0 1
    outer loop
      vertex -19.563 4.15823 530
      vertex -19.563 -4.15823 530
      vertex -19.2252 -5.51275 530
    endloop
  endfacet
  facet normal -0 0 1
    outer loop
      vertex -19.8054 2.78346 530
      vertex -19.563 -4.15823 530
      vertex -19.563 4.15823 530
    endloop
  endfacet
  facet normal 0 0 1
    outer loop
      vertex -19.8054 2.78346 530
      vertex -19.8054 -2.78346 530
      vertex -19.563 -4.15823 530
    endloop
  endfacet
  facet normal -0 0 1
    outer loop
      vertex -19.9513 1.39513 530
      vertex -19.8054 -2.78346 530
      vertex -19.8054 2.78346 530
    endloop
  endfacet
  facet normal 0 0 1
    outer loop
      vertex -19.9513 1.39513 530
      vertex -19.9513 -1.39513 530
      vertex -19.8054 -2.78346 530
    endloop
  endfacet
  facet normal 0 -0 1
    outer loop
      vertex -19.9513 -1.39513 530
      vertex -19.9513 1.39513 530
      vertex -20 0 530
    endloop
  endfacet
  facet normal -0.759602 -0.51236 0.400614
    outer loop
      vertex -16.1803 -11.7557 530
      vertex -46.6426 -29.1456 450
      vertex -44.4959 -32.3282 450
    endloop
  endfacet
  facet normal 0.538606 -0.741223 0.400615
    outer loop
      vertex 12.3132 -15.7602 530
      vertex 11.1839 -16.5808 530
      vertex 33.8614 -43.3406 450
    endloop
  endfacet
  facet normal 0.588949 0.701889 0.400614
    outer loop
      vertex 33.8614 43.3406 450
      vertex 12.3132 15.7602 530
      vertex 36.8022 40.873 450
    endloop
  endfacet
  facet normal 0.190485 0.896228 0.400614
    outer loop
      vertex 9.55065 54.1644 450
      vertex 4.83844 19.4059 530
      vertex 13.3057 53.3663 450
    endloop
  endfacet
  facet normal 0.722042 -0.564061 0.400612
    outer loop
      vertex 16.1803 -11.7557 530
      vertex 15.3209 -12.8558 530
      vertex 42.1324 -35.3533 450
    endloop
  endfacet
  facet normal 0.588939 -0.701897 0.400614
    outer loop
      vertex 13.3826 -14.8629 530
      vertex 12.3132 -15.7602 530
      vertex 36.8022 -40.873 450
    endloop
  endfacet
  facet normal -0.127464 -0.907337 0.400615
    outer loop
      vertex -3.47296 -19.6962 530
      vertex -5.74907 -54.6987 450
      vertex -2.09057 -19.8904 530
    endloop
  endfacet
  facet normal 0.680912 -0.613081 0.400613
    outer loop
      vertex 42.1324 -35.3533 450
      vertex 15.3209 -12.8558 530
      vertex 39.5637 -38.2062 450
    endloop
  endfacet
  facet normal 0.127464 -0.907337 0.400615
    outer loop
      vertex 3.47296 -19.6962 530
      vertex 2.09057 -19.8904 530
      vertex 5.74907 -54.6987 450
    endloop
  endfacet
  facet normal -0.902328 -0.159099 0.400613
    outer loop
      vertex -19.8054 -2.78346 530
      vertex -53.7981 -11.4351 450
      vertex -19.563 -4.15823 530
    endloop
  endfacet
  facet normal 0.190535 -0.896217 0.400613
    outer loop
      vertex 4.83844 -19.4059 530
      vertex 3.47296 -19.6962 530
      vertex 9.55065 -54.1644 450
    endloop
  endfacet
  facet normal -0.063928 0.914014 0.400614
    outer loop
      vertex -0.697989 19.9878 530
      vertex -5.74907 54.6987 450
      vertex -2.09057 19.8904 530
    endloop
  endfacet
  facet normal 0.636485 -0.659087 -0.400614
    outer loop
      vertex 36.8022 -40.873 -450
      vertex 14.3868 -13.8932 -530
      vertex 39.5637 -38.2062 -450
    endloop
  endfacet
  facet normal -0.636485 -0.659087 -0.400614
    outer loop
      vertex -36.8022 -40.873 -450
      vertex -39.5637 -38.2062 -450
      vertex -14.3868 -13.8932 -530
    endloop
  endfacet
  facet normal 0.915689 0.031982 -0.400614
    outer loop
      vertex 55 0 -450
      vertex 20 0 -530
      vertex 54.866 3.83661 -450
    endloop
  endfacet
  facet normal 0.91569 0.0319641 -0.400613
    outer loop
      vertex 20 0 -530
      vertex 19.9513 1.39513 -530
      vertex 54.866 3.83661 -450
    endloop
  endfacet
  facet normal 0.127464 0.907337 -0.400615
    outer loop
      vertex 3.47296 19.6962 -530
      vertex 2.09057 19.8904 -530
      vertex 5.74907 54.6987 -450
    endloop
  endfacet
  facet normal 0.636463 -0.659107 -0.400615
    outer loop
      vertex 36.8022 -40.873 -450
      vertex 13.3826 -14.8629 -530
      vertex 14.3868 -13.8932 -530
    endloop
  endfacet
  facet normal -0.430155 0.808996 -0.400614
    outer loop
      vertex -10 17.3205 -530
      vertex -27.5 47.6314 -450
      vertex -24.1104 49.4337 -450
    endloop
  endfacet
  facet normal -0.793495 0.458121 -0.400613
    outer loop
      vertex -17.659 9.38943 -530
      vertex -48.5621 25.8209 -450
      vertex -46.6426 29.1456 -450
    endloop
  endfacet
  facet normal -0.430165 -0.808991 -0.400614
    outer loop
      vertex -8.76742 -17.9759 -530
      vertex -24.1104 -49.4337 -450
      vertex -10 -17.3205 -530
    endloop
  endfacet
  facet normal 0.430155 -0.808996 -0.400614
    outer loop
      vertex 24.1104 -49.4337 -450
      vertex 10 -17.3205 -530
      vertex 27.5 -47.6314 -450
    endloop
  endfacet
  facet normal 0.538606 0.741223 -0.400615
    outer loop
      vertex 12.3132 15.7602 -530
      vertex 11.1839 16.5808 -530
      vertex 33.8614 43.3406 -450
    endloop
  endfacet
  facet normal 0.538557 0.741259 -0.400613
    outer loop
      vertex 33.8614 43.3406 -450
      vertex 11.1839 16.5808 -530
      vertex 30.7556 45.5971 -450
    endloop
  endfacet
  facet normal 0.485498 -0.777046 -0.400613
    outer loop
      vertex 30.7556 -45.5971 -450
      vertex 10 -17.3205 -530
      vertex 11.1839 -16.5808 -530
    endloop
  endfacet
  facet normal 0.588939 -0.701897 -0.400614
    outer loop
      vertex 36.8022 -40.873 -450
      vertex 12.3132 -15.7602 -530
      vertex 13.3826 -14.8629 -530
    endloop
  endfacet
  facet normal -0.849529 0.343234 -0.400613
    outer loop
      vertex -18.7939 6.8404 -530
      vertex -51.6831 18.8111 -450
      vertex -50.245 22.3705 -450
    endloop
  endfacet
  facet normal -0.902328 0.1591 -0.400613
    outer loop
      vertex -19.8054 2.78346 -530
      vertex -54.4647 7.65452 -450
      vertex -53.7981 11.4351 -450
    endloop
  endfacet
  facet normal -0.849529 -0.343234 -0.400613
    outer loop
      vertex -50.245 -22.3705 -450
      vertex -51.6831 -18.8111 -450
      vertex -18.7939 -6.8404 -530
    endloop
  endfacet
  facet normal 0.588949 -0.701889 -0.400614
    outer loop
      vertex 33.8614 -43.3406 -450
      vertex 12.3132 -15.7602 -530
      vertex 36.8022 -40.873 -450
    endloop
  endfacet
  facet normal 0.889019 -0.22171 -0.400613
    outer loop
      vertex 53.7981 -11.4351 -450
      vertex 19.2252 -5.51275 -530
      vertex 19.563 -4.15823 -530
    endloop
  endfacet
  facet normal 0.190535 0.896217 -0.400613
    outer loop
      vertex 4.83844 19.4059 -530
      vertex 3.47296 19.6962 -530
      vertex 9.55065 54.1644 -450
    endloop
  endfacet
  facet normal -0.871402 0.28314 -0.400614
    outer loop
      vertex -18.7939 6.8404 -530
      vertex -52.8694 15.1601 -450
      vertex -51.6831 18.8111 -450
    endloop
  endfacet
  facet normal -0.871418 0.283088 -0.400615
    outer loop
      vertex -52.8694 15.1601 -450
      vertex -18.7939 6.8404 -530
      vertex -19.2252 5.51275 -530
    endloop
  endfacet
  facet normal -0.889033 0.22165 -0.400614
    outer loop
      vertex -19.2252 5.51275 -530
      vertex -53.7981 11.4351 -450
      vertex -52.8694 15.1601 -450
    endloop
  endfacet
  facet normal 0.902328 -0.159099 -0.400613
    outer loop
      vertex 53.7981 -11.4351 -450
      vertex 19.563 -4.15823 -530
      vertex 19.8054 -2.78346 -530
    endloop
  endfacet
  facet normal -0.911229 -0.0957614 -0.400613
    outer loop
      vertex -19.8054 -2.78346 -530
      vertex -54.4647 -7.65452 -450
      vertex -19.9513 -1.39513 -530
    endloop
  endfacet
  facet normal 0.759602 -0.51236 -0.400614
    outer loop
      vertex 44.4959 -32.3282 -450
      vertex 16.1803 -11.7557 -530
      vertex 46.6426 -29.1456 -450
    endloop
  endfacet
  facet normal 0.871418 -0.283088 -0.400615
    outer loop
      vertex 52.8694 -15.1601 -450
      vertex 18.7939 -6.8404 -530
      vertex 19.2252 -5.51275 -530
    endloop
  endfacet
  facet normal 0.871402 -0.28314 -0.400614
    outer loop
      vertex 18.7939 -6.8404 -530
      vertex 52.8694 -15.1601 -450
      vertex 51.6831 -18.8111 -450
    endloop
  endfacet
  facet normal -0.793493 -0.458124 -0.400613
    outer loop
      vertex -16.961 -10.5984 -530
      vertex -46.6426 -29.1456 -450
      vertex -17.659 -9.38943 -530
    endloop
  endfacet
  facet normal -0.902328 0.159099 -0.400613
    outer loop
      vertex -19.8054 2.78346 -530
      vertex -53.7981 11.4351 -450
      vertex -19.563 4.15823 -530
    endloop
  endfacet
  facet normal 0.190485 -0.896228 -0.400614
    outer loop
      vertex 9.55065 -54.1644 -450
      vertex 4.83844 -19.4059 -530
      vertex 13.3057 -53.3663 -450
    endloop
  endfacet
  facet normal 0.0639161 0.914015 -0.400614
    outer loop
      vertex 5.74907 54.6987 -450
      vertex 0.697989 19.9878 -530
      vertex 1.91947 54.9665 -450
    endloop
  endfacet
  facet normal 0.759602 0.51236 -0.400614
    outer loop
      vertex 46.6426 29.1456 -450
      vertex 16.1803 11.7557 -530
      vertex 44.4959 32.3282 -450
    endloop
  endfacet
  facet normal 0.0639161 -0.914015 -0.400614
    outer loop
      vertex 1.91947 -54.9665 -450
      vertex 0.697989 -19.9878 -530
      vertex 5.74907 -54.6987 -450
    endloop
  endfacet
  facet normal -0.889033 -0.22165 -0.400614
    outer loop
      vertex -52.8694 -15.1601 -450
      vertex -53.7981 -11.4351 -450
      vertex -19.2252 -5.51275 -530
    endloop
  endfacet
  facet normal 0.127522 0.90733 -0.400613
    outer loop
      vertex 9.55065 54.1644 -450
      vertex 3.47296 19.6962 -530
      vertex 5.74907 54.6987 -450
    endloop
  endfacet
  facet normal 0.911227 -0.095779 -0.400613
    outer loop
      vertex 54.4647 -7.65452 -450
      vertex 19.9513 -1.39513 -530
      vertex 54.866 -3.83661 -450
    endloop
  endfacet
  facet normal 0.372668 0.837035 -0.400614
    outer loop
      vertex 24.1104 49.4337 -450
      vertex 8.76742 17.9759 -530
      vertex 20.6034 50.9951 -450
    endloop
  endfacet
  facet normal 0.91569 -0.0319641 -0.400613
    outer loop
      vertex 54.866 -3.83661 -450
      vertex 19.9513 -1.39513 -530
      vertex 20 0 -530
    endloop
  endfacet
  facet normal 0.915689 -0.031982 -0.400614
    outer loop
      vertex 54.866 -3.83661 -450
      vertex 20 0 -530
      vertex 55 0 -450
    endloop
  endfacet
  facet normal 0.190535 -0.896217 -0.400613
    outer loop
      vertex 9.55065 -54.1644 -450
      vertex 3.47296 -19.6962 -530
      vertex 4.83844 -19.4059 -530
    endloop
  endfacet
  facet normal -0.0639161 -0.914015 -0.400614
    outer loop
      vertex -1.91947 -54.9665 -450
      vertex -5.74907 -54.6987 -450
      vertex -0.697989 -19.9878 -530
    endloop
  endfacet
  facet normal -0.588939 -0.701897 -0.400614
    outer loop
      vertex -12.3132 -15.7602 -530
      vertex -36.8022 -40.873 -450
      vertex -13.3826 -14.8629 -530
    endloop
  endfacet
  facet normal 0.793493 -0.458124 -0.400613
    outer loop
      vertex 46.6426 -29.1456 -450
      vertex 16.961 -10.5984 -530
      vertex 17.659 -9.38943 -530
    endloop
  endfacet
  facet normal -0.252563 0.88075 -0.400614
    outer loop
      vertex -4.83844 19.4059 -530
      vertex -16.9959 52.3081 -450
      vertex -13.3057 53.3663 -450
    endloop
  endfacet
  facet normal -0.252562 0.88075 -0.400614
    outer loop
      vertex -6.18034 19.0211 -530
      vertex -16.9959 52.3081 -450
      vertex -4.83844 19.4059 -530
    endloop
  endfacet
  facet normal 0.911229 -0.0957614 -0.400613
    outer loop
      vertex 54.4647 -7.65452 -450
      vertex 19.8054 -2.78346 -530
      vertex 19.9513 -1.39513 -530
    endloop
  endfacet
  facet normal -0.759576 -0.5124 -0.400613
    outer loop
      vertex -16.1803 -11.7557 -530
      vertex -46.6426 -29.1456 -450
      vertex -16.961 -10.5984 -530
    endloop
  endfacet
  facet normal -0.911227 -0.095779 -0.400613
    outer loop
      vertex -54.4647 -7.65452 -450
      vertex -54.866 -3.83661 -450
      vertex -19.9513 -1.39513 -530
    endloop
  endfacet
  facet normal -0.759602 -0.51236 -0.400614
    outer loop
      vertex -44.4959 -32.3282 -450
      vertex -46.6426 -29.1456 -450
      vertex -16.1803 -11.7557 -530
    endloop
  endfacet
  facet normal 0.793495 -0.458121 -0.400613
    outer loop
      vertex 46.6426 -29.1456 -450
      vertex 17.659 -9.38943 -530
      vertex 48.5621 -25.8209 -450
    endloop
  endfacet
  facet normal 0.588949 0.701889 -0.400614
    outer loop
      vertex 36.8022 40.873 -450
      vertex 12.3132 15.7602 -530
      vertex 33.8614 43.3406 -450
    endloop
  endfacet
  facet normal -0.759576 0.5124 -0.400613
    outer loop
      vertex -16.961 10.5984 -530
      vertex -46.6426 29.1456 -450
      vertex -16.1803 11.7557 -530
    endloop
  endfacet
  facet normal 0.313344 -0.861001 -0.400614
    outer loop
      vertex 16.9959 -52.3081 -450
      vertex 6.18034 -19.0211 -530
      vertex 7.49213 -18.5437 -530
    endloop
  endfacet
  facet normal 0.849529 -0.343234 -0.400613
    outer loop
      vertex 50.245 -22.3705 -450
      vertex 18.7939 -6.8404 -530
      vertex 51.6831 -18.8111 -450
    endloop
  endfacet
  facet normal 0.902328 -0.1591 -0.400613
    outer loop
      vertex 53.7981 -11.4351 -450
      vertex 19.8054 -2.78346 -530
      vertex 54.4647 -7.65452 -450
    endloop
  endfacet
  facet normal -0.793495 -0.458121 -0.400613
    outer loop
      vertex -46.6426 -29.1456 -450
      vertex -48.5621 -25.8209 -450
      vertex -17.659 -9.38943 -530
    endloop
  endfacet
  facet normal -0.485498 0.777046 -0.400613
    outer loop
      vertex -11.1839 16.5808 -530
      vertex -30.7556 45.5971 -450
      vertex -10 17.3205 -530
    endloop
  endfacet
  facet normal 0.680912 -0.613081 -0.400613
    outer loop
      vertex 39.5637 -38.2062 -450
      vertex 15.3209 -12.8558 -530
      vertex 42.1324 -35.3533 -450
    endloop
  endfacet
  facet normal 0.127522 -0.90733 -0.400613
    outer loop
      vertex 5.74907 -54.6987 -450
      vertex 3.47296 -19.6962 -530
      vertex 9.55065 -54.1644 -450
    endloop
  endfacet
  facet normal -0.871418 -0.283088 -0.400615
    outer loop
      vertex -18.7939 -6.8404 -530
      vertex -52.8694 -15.1601 -450
      vertex -19.2252 -5.51275 -530
    endloop
  endfacet
  facet normal -0.871402 -0.28314 -0.400614
    outer loop
      vertex -52.8694 -15.1601 -450
      vertex -18.7939 -6.8404 -530
      vertex -51.6831 -18.8111 -450
    endloop
  endfacet
  facet normal -0.588949 0.701889 -0.400614
    outer loop
      vertex -12.3132 15.7602 -530
      vertex -36.8022 40.873 -450
      vertex -33.8614 43.3406 -450
    endloop
  endfacet
  facet normal -0.680897 -0.613096 -0.400614
    outer loop
      vertex -14.3868 -13.8932 -530
      vertex -39.5637 -38.2062 -450
      vertex -15.3209 -12.8558 -530
    endloop
  endfacet
  facet normal 0.372668 -0.837035 -0.400614
    outer loop
      vertex 20.6034 -50.9951 -450
      vertex 8.76742 -17.9759 -530
      vertex 24.1104 -49.4337 -450
    endloop
  endfacet
  facet normal -0.680897 0.613096 -0.400614
    outer loop
      vertex -15.3209 12.8558 -530
      vertex -39.5637 38.2062 -450
      vertex -14.3868 13.8932 -530
    endloop
  endfacet
  facet normal -0.889019 -0.22171 -0.400613
    outer loop
      vertex -19.2252 -5.51275 -530
      vertex -53.7981 -11.4351 -450
      vertex -19.563 -4.15823 -530
    endloop
  endfacet
  facet normal 0 -0.916247 -0.400614
    outer loop
      vertex -0.697989 -19.9878 -530
      vertex 1.91947 -54.9665 -450
      vertex -1.91947 -54.9665 -450
    endloop
  endfacet
  facet normal 0 -0.916247 -0.400614
    outer loop
      vertex 1.91947 -54.9665 -450
      vertex -0.697989 -19.9878 -530
      vertex 0.697989 -19.9878 -530
    endloop
  endfacet
  facet normal -0.636463 -0.659107 -0.400615
    outer loop
      vertex -13.3826 -14.8629 -530
      vertex -36.8022 -40.873 -450
      vertex -14.3868 -13.8932 -530
    endloop
  endfacet
  facet normal 0.252562 -0.88075 -0.400614
    outer loop
      vertex 16.9959 -52.3081 -450
      vertex 4.83844 -19.4059 -530
      vertex 6.18034 -19.0211 -530
    endloop
  endfacet
  facet normal -0.063928 -0.914014 -0.400614
    outer loop
      vertex -0.697989 -19.9878 -530
      vertex -5.74907 -54.6987 -450
      vertex -2.09057 -19.8904 -530
    endloop
  endfacet
  facet normal -0.313344 0.861001 -0.400614
    outer loop
      vertex -7.49213 18.5437 -530
      vertex -16.9959 52.3081 -450
      vertex -6.18034 19.0211 -530
    endloop
  endfacet
  facet normal 0.31337 -0.860992 -0.400614
    outer loop
      vertex 16.9959 -52.3081 -450
      vertex 7.49213 -18.5437 -530
      vertex 20.6034 -50.9951 -450
    endloop
  endfacet
  facet normal -0.31337 -0.860992 -0.400614
    outer loop
      vertex -16.9959 -52.3081 -450
      vertex -20.6034 -50.9951 -450
      vertex -7.49213 -18.5437 -530
    endloop
  endfacet
  facet normal 0.722042 -0.564061 -0.400612
    outer loop
      vertex 42.1324 -35.3533 -450
      vertex 15.3209 -12.8558 -530
      vertex 16.1803 -11.7557 -530
    endloop
  endfacet
  facet normal -0.588949 -0.701889 -0.400614
    outer loop
      vertex -33.8614 -43.3406 -450
      vertex -36.8022 -40.873 -450
      vertex -12.3132 -15.7602 -530
    endloop
  endfacet
  facet normal 0.485498 0.777046 -0.400613
    outer loop
      vertex 11.1839 16.5808 -530
      vertex 10 17.3205 -530
      vertex 30.7556 45.5971 -450
    endloop
  endfacet
  facet normal 0.430165 -0.808991 -0.400614
    outer loop
      vertex 24.1104 -49.4337 -450
      vertex 8.76742 -17.9759 -530
      vertex 10 -17.3205 -530
    endloop
  endfacet
  facet normal 0.252562 0.88075 -0.400614
    outer loop
      vertex 6.18034 19.0211 -530
      vertex 4.83844 19.4059 -530
      vertex 16.9959 52.3081 -450
    endloop
  endfacet
  facet normal -0.889019 0.22171 -0.400613
    outer loop
      vertex -19.563 4.15823 -530
      vertex -53.7981 11.4351 -450
      vertex -19.2252 5.51275 -530
    endloop
  endfacet
  facet normal 0.871402 0.28314 -0.400614
    outer loop
      vertex 52.8694 15.1601 -450
      vertex 18.7939 6.8404 -530
      vertex 51.6831 18.8111 -450
    endloop
  endfacet
  facet normal 0.871418 0.283088 -0.400615
    outer loop
      vertex 18.7939 6.8404 -530
      vertex 52.8694 15.1601 -450
      vertex 19.2252 5.51275 -530
    endloop
  endfacet
  facet normal -0.0639161 0.914015 -0.400614
    outer loop
      vertex -0.697989 19.9878 -530
      vertex -5.74907 54.6987 -450
      vertex -1.91947 54.9665 -450
    endloop
  endfacet
  facet normal -0.538606 -0.741223 -0.400615
    outer loop
      vertex -11.1839 -16.5808 -530
      vertex -33.8614 -43.3406 -450
      vertex -12.3132 -15.7602 -530
    endloop
  endfacet
  facet normal -0.793493 0.458124 -0.400613
    outer loop
      vertex -17.659 9.38943 -530
      vertex -46.6426 29.1456 -450
      vertex -16.961 10.5984 -530
    endloop
  endfacet
  facet normal -0.588939 0.701897 -0.400614
    outer loop
      vertex -13.3826 14.8629 -530
      vertex -36.8022 40.873 -450
      vertex -12.3132 15.7602 -530
    endloop
  endfacet
  facet normal 0.485533 -0.777024 -0.400614
    outer loop
      vertex 27.5 -47.6314 -450
      vertex 10 -17.3205 -530
      vertex 30.7556 -45.5971 -450
    endloop
  endfacet
  facet normal -0.190535 -0.896217 -0.400613
    outer loop
      vertex -3.47296 -19.6962 -530
      vertex -9.55065 -54.1644 -450
      vertex -4.83844 -19.4059 -530
    endloop
  endfacet
  facet normal 0.680897 -0.613096 -0.400614
    outer loop
      vertex 39.5637 -38.2062 -450
      vertex 14.3868 -13.8932 -530
      vertex 15.3209 -12.8558 -530
    endloop
  endfacet
  facet normal 0.889033 -0.22165 -0.400614
    outer loop
      vertex 52.8694 -15.1601 -450
      vertex 19.2252 -5.51275 -530
      vertex 53.7981 -11.4351 -450
    endloop
  endfacet
  facet normal -0.372674 -0.837032 -0.400614
    outer loop
      vertex -7.49213 -18.5437 -530
      vertex -20.6034 -50.9951 -450
      vertex -8.76742 -17.9759 -530
    endloop
  endfacet
  facet normal 0.252563 -0.88075 -0.400614
    outer loop
      vertex 13.3057 -53.3663 -450
      vertex 4.83844 -19.4059 -530
      vertex 16.9959 -52.3081 -450
    endloop
  endfacet
  facet normal -0.252562 -0.88075 -0.400614
    outer loop
      vertex -4.83844 -19.4059 -530
      vertex -16.9959 -52.3081 -450
      vertex -6.18034 -19.0211 -530
    endloop
  endfacet
  facet normal -0.127464 0.907337 -0.400615
    outer loop
      vertex -3.47296 19.6962 -530
      vertex -5.74907 54.6987 -450
      vertex -2.09057 19.8904 -530
    endloop
  endfacet
  facet normal 0.372674 -0.837032 -0.400614
    outer loop
      vertex 20.6034 -50.9951 -450
      vertex 7.49213 -18.5437 -530
      vertex 8.76742 -17.9759 -530
    endloop
  endfacet
  facet normal 0.636485 0.659087 -0.400614
    outer loop
      vertex 39.5637 38.2062 -450
      vertex 14.3868 13.8932 -530
      vertex 36.8022 40.873 -450
    endloop
  endfacet
  facet normal 0.793495 0.458121 -0.400613
    outer loop
      vertex 48.5621 25.8209 -450
      vertex 17.659 9.38943 -530
      vertex 46.6426 29.1456 -450
    endloop
  endfacet
  facet normal -0.823515 0.401662 -0.400613
    outer loop
      vertex -17.659 9.38943 -530
      vertex -50.245 22.3705 -450
      vertex -48.5621 25.8209 -450
    endloop
  endfacet
  facet normal -0.538557 0.741259 -0.400613
    outer loop
      vertex -11.1839 16.5808 -530
      vertex -33.8614 43.3406 -450
      vertex -30.7556 45.5971 -450
    endloop
  endfacet
  facet normal 0.127464 -0.907337 -0.400615
    outer loop
      vertex 5.74907 -54.6987 -450
      vertex 2.09057 -19.8904 -530
      vertex 3.47296 -19.6962 -530
    endloop
  endfacet
  facet normal 0.063928 -0.914014 -0.400614
    outer loop
      vertex 5.74907 -54.6987 -450
      vertex 0.697989 -19.9878 -530
      vertex 2.09057 -19.8904 -530
    endloop
  endfacet
  facet normal -0.722009 -0.564103 -0.400614
    outer loop
      vertex -42.1324 -35.3533 -450
      vertex -44.4959 -32.3282 -450
      vertex -16.1803 -11.7557 -530
    endloop
  endfacet
  facet normal -0.127522 0.90733 -0.400613
    outer loop
      vertex -3.47296 19.6962 -530
      vertex -9.55065 54.1644 -450
      vertex -5.74907 54.6987 -450
    endloop
  endfacet
  facet normal -0.680912 -0.613081 -0.400613
    outer loop
      vertex -39.5637 -38.2062 -450
      vertex -42.1324 -35.3533 -450
      vertex -15.3209 -12.8558 -530
    endloop
  endfacet
  facet normal 0.430155 0.808996 -0.400614
    outer loop
      vertex 27.5 47.6314 -450
      vertex 10 17.3205 -530
      vertex 24.1104 49.4337 -450
    endloop
  endfacet
  facet normal -0.722009 0.564103 -0.400614
    outer loop
      vertex -16.1803 11.7557 -530
      vertex -44.4959 32.3282 -450
      vertex -42.1324 35.3533 -450
    endloop
  endfacet
  facet normal 0.722009 -0.564103 -0.400614
    outer loop
      vertex 42.1324 -35.3533 -450
      vertex 16.1803 -11.7557 -530
      vertex 44.4959 -32.3282 -450
    endloop
  endfacet
  facet normal -0.190535 0.896217 -0.400613
    outer loop
      vertex -4.83844 19.4059 -530
      vertex -9.55065 54.1644 -450
      vertex -3.47296 19.6962 -530
    endloop
  endfacet
  facet normal -0.127464 -0.907337 -0.400615
    outer loop
      vertex -2.09057 -19.8904 -530
      vertex -5.74907 -54.6987 -450
      vertex -3.47296 -19.6962 -530
    endloop
  endfacet
  facet normal -0.915689 0.031982 -0.400614
    outer loop
      vertex -20 0 -530
      vertex -55 0 -450
      vertex -54.866 3.83661 -450
    endloop
  endfacet
  facet normal 0.485533 0.777024 -0.400614
    outer loop
      vertex 30.7556 45.5971 -450
      vertex 10 17.3205 -530
      vertex 27.5 47.6314 -450
    endloop
  endfacet
  facet normal -0.372668 0.837035 -0.400614
    outer loop
      vertex -8.76742 17.9759 -530
      vertex -24.1104 49.4337 -450
      vertex -20.6034 50.9951 -450
    endloop
  endfacet
  facet normal -0.190485 0.896228 -0.400614
    outer loop
      vertex -4.83844 19.4059 -530
      vertex -13.3057 53.3663 -450
      vertex -9.55065 54.1644 -450
    endloop
  endfacet
  facet normal 0.538557 -0.741259 -0.400613
    outer loop
      vertex 30.7556 -45.5971 -450
      vertex 11.1839 -16.5808 -530
      vertex 33.8614 -43.3406 -450
    endloop
  endfacet
  facet normal 0.823532 -0.401625 -0.400614
    outer loop
      vertex 50.245 -22.3705 -450
      vertex 17.659 -9.38943 -530
      vertex 18.2709 -8.13473 -530
    endloop
  endfacet
  facet normal -0.485498 -0.777046 -0.400613
    outer loop
      vertex -10 -17.3205 -530
      vertex -30.7556 -45.5971 -450
      vertex -11.1839 -16.5808 -530
    endloop
  endfacet
  facet normal 0.372674 0.837032 -0.400614
    outer loop
      vertex 8.76742 17.9759 -530
      vertex 7.49213 18.5437 -530
      vertex 20.6034 50.9951 -450
    endloop
  endfacet
  facet normal 0.636463 0.659107 -0.400615
    outer loop
      vertex 14.3868 13.8932 -530
      vertex 13.3826 14.8629 -530
      vertex 36.8022 40.873 -450
    endloop
  endfacet
  facet normal -0.127522 -0.90733 -0.400613
    outer loop
      vertex -5.74907 -54.6987 -450
      vertex -9.55065 -54.1644 -450
      vertex -3.47296 -19.6962 -530
    endloop
  endfacet
  facet normal -0.823532 -0.401625 -0.400614
    outer loop
      vertex -17.659 -9.38943 -530
      vertex -50.245 -22.3705 -450
      vertex -18.2709 -8.13473 -530
    endloop
  endfacet
  facet normal 0.190485 0.896228 -0.400614
    outer loop
      vertex 13.3057 53.3663 -450
      vertex 4.83844 19.4059 -530
      vertex 9.55065 54.1644 -450
    endloop
  endfacet
  facet normal -0.91569 0.0319641 -0.400613
    outer loop
      vertex -20 0 -530
      vertex -54.866 3.83661 -450
      vertex -19.9513 1.39513 -530
    endloop
  endfacet
  facet normal -0.538557 -0.741259 -0.400613
    outer loop
      vertex -30.7556 -45.5971 -450
      vertex -33.8614 -43.3406 -450
      vertex -11.1839 -16.5808 -530
    endloop
  endfacet
  facet normal -0.485533 -0.777024 -0.400614
    outer loop
      vertex -27.5 -47.6314 -450
      vertex -30.7556 -45.5971 -450
      vertex -10 -17.3205 -530
    endloop
  endfacet
  facet normal 0.759576 -0.5124 -0.400613
    outer loop
      vertex 46.6426 -29.1456 -450
      vertex 16.1803 -11.7557 -530
      vertex 16.961 -10.5984 -530
    endloop
  endfacet
  facet normal 0.823532 0.401625 -0.400614
    outer loop
      vertex 18.2709 8.13473 -530
      vertex 17.659 9.38943 -530
      vertex 50.245 22.3705 -450
    endloop
  endfacet
  facet normal 0.823515 -0.401662 -0.400613
    outer loop
      vertex 48.5621 -25.8209 -450
      vertex 17.659 -9.38943 -530
      vertex 50.245 -22.3705 -450
    endloop
  endfacet
  facet normal 0.430165 0.808991 -0.400614
    outer loop
      vertex 10 17.3205 -530
      vertex 8.76742 17.9759 -530
      vertex 24.1104 49.4337 -450
    endloop
  endfacet
  facet normal -0.722042 -0.564061 -0.400612
    outer loop
      vertex -15.3209 -12.8558 -530
      vertex -42.1324 -35.3533 -450
      vertex -16.1803 -11.7557 -530
    endloop
  endfacet
  facet normal -0.823532 0.401625 -0.400614
    outer loop
      vertex -18.2709 8.13473 -530
      vertex -50.245 22.3705 -450
      vertex -17.659 9.38943 -530
    endloop
  endfacet
  facet normal -0.252563 -0.88075 -0.400614
    outer loop
      vertex -13.3057 -53.3663 -450
      vertex -16.9959 -52.3081 -450
      vertex -4.83844 -19.4059 -530
    endloop
  endfacet
  facet normal -0.636485 0.659087 -0.400614
    outer loop
      vertex -14.3868 13.8932 -530
      vertex -39.5637 38.2062 -450
      vertex -36.8022 40.873 -450
    endloop
  endfacet
  facet normal -0.902328 -0.159099 -0.400613
    outer loop
      vertex -19.563 -4.15823 -530
      vertex -53.7981 -11.4351 -450
      vertex -19.8054 -2.78346 -530
    endloop
  endfacet
  facet normal -0.902328 -0.1591 -0.400613
    outer loop
      vertex -53.7981 -11.4351 -450
      vertex -54.4647 -7.65452 -450
      vertex -19.8054 -2.78346 -530
    endloop
  endfacet
  facet normal 0.793493 0.458124 -0.400613
    outer loop
      vertex 17.659 9.38943 -530
      vertex 16.961 10.5984 -530
      vertex 46.6426 29.1456 -450
    endloop
  endfacet
  facet normal -0.849516 -0.343264 -0.400614
    outer loop
      vertex -18.2709 -8.13473 -530
      vertex -50.245 -22.3705 -450
      vertex -18.7939 -6.8404 -530
    endloop
  endfacet
  facet normal -0.190485 -0.896228 -0.400614
    outer loop
      vertex -9.55065 -54.1644 -450
      vertex -13.3057 -53.3663 -450
      vertex -4.83844 -19.4059 -530
    endloop
  endfacet
  facet normal -0.430165 0.808991 -0.400614
    outer loop
      vertex -10 17.3205 -530
      vertex -24.1104 49.4337 -450
      vertex -8.76742 17.9759 -530
    endloop
  endfacet
  facet normal -0.313344 -0.861001 -0.400614
    outer loop
      vertex -6.18034 -19.0211 -530
      vertex -16.9959 -52.3081 -450
      vertex -7.49213 -18.5437 -530
    endloop
  endfacet
  facet normal -0.063928 0.914014 -0.400614
    outer loop
      vertex -2.09057 19.8904 -530
      vertex -5.74907 54.6987 -450
      vertex -0.697989 19.9878 -530
    endloop
  endfacet
  facet normal 0.759576 0.5124 -0.400613
    outer loop
      vertex 16.961 10.5984 -530
      vertex 16.1803 11.7557 -530
      vertex 46.6426 29.1456 -450
    endloop
  endfacet
  facet normal -0.722042 0.564061 -0.400612
    outer loop
      vertex -16.1803 11.7557 -530
      vertex -42.1324 35.3533 -450
      vertex -15.3209 12.8558 -530
    endloop
  endfacet
  facet normal -0.31337 0.860992 -0.400614
    outer loop
      vertex -7.49213 18.5437 -530
      vertex -20.6034 50.9951 -450
      vertex -16.9959 52.3081 -450
    endloop
  endfacet
  facet normal 0.31337 0.860992 -0.400614
    outer loop
      vertex 20.6034 50.9951 -450
      vertex 7.49213 18.5437 -530
      vertex 16.9959 52.3081 -450
    endloop
  endfacet
  facet normal -0.680912 0.613081 -0.400613
    outer loop
      vertex -15.3209 12.8558 -530
      vertex -42.1324 35.3533 -450
      vertex -39.5637 38.2062 -450
    endloop
  endfacet
  facet normal -0.823515 -0.401662 -0.400613
    outer loop
      vertex -48.5621 -25.8209 -450
      vertex -50.245 -22.3705 -450
      vertex -17.659 -9.38943 -530
    endloop
  endfacet
  facet normal 0.889019 0.22171 -0.400613
    outer loop
      vertex 19.563 4.15823 -530
      vertex 19.2252 5.51275 -530
      vertex 53.7981 11.4351 -450
    endloop
  endfacet
  facet normal 0.722009 0.564103 -0.400614
    outer loop
      vertex 44.4959 32.3282 -450
      vertex 16.1803 11.7557 -530
      vertex 42.1324 35.3533 -450
    endloop
  endfacet
  facet normal -0.915689 -0.031982 -0.400614
    outer loop
      vertex -54.866 -3.83661 -450
      vertex -55 0 -450
      vertex -20 0 -530
    endloop
  endfacet
  facet normal -0.91569 -0.0319641 -0.400613
    outer loop
      vertex -19.9513 -1.39513 -530
      vertex -54.866 -3.83661 -450
      vertex -20 0 -530
    endloop
  endfacet
  facet normal -0.372668 -0.837035 -0.400614
    outer loop
      vertex -20.6034 -50.9951 -450
      vertex -24.1104 -49.4337 -450
      vertex -8.76742 -17.9759 -530
    endloop
  endfacet
  facet normal 0.849516 -0.343264 -0.400614
    outer loop
      vertex 50.245 -22.3705 -450
      vertex 18.2709 -8.13473 -530
      vertex 18.7939 -6.8404 -530
    endloop
  endfacet
  facet normal 0.588939 0.701897 -0.400614
    outer loop
      vertex 13.3826 14.8629 -530
      vertex 12.3132 15.7602 -530
      vertex 36.8022 40.873 -450
    endloop
  endfacet
  facet normal -0.849516 0.343264 -0.400614
    outer loop
      vertex -18.7939 6.8404 -530
      vertex -50.245 22.3705 -450
      vertex -18.2709 8.13473 -530
    endloop
  endfacet
  facet normal 0.538606 -0.741223 -0.400615
    outer loop
      vertex 33.8614 -43.3406 -450
      vertex 11.1839 -16.5808 -530
      vertex 12.3132 -15.7602 -530
    endloop
  endfacet
  facet normal -0.430155 -0.808996 -0.400614
    outer loop
      vertex -24.1104 -49.4337 -450
      vertex -27.5 -47.6314 -450
      vertex -10 -17.3205 -530
    endloop
  endfacet
  facet normal -0.372674 0.837032 -0.400614
    outer loop
      vertex -8.76742 17.9759 -530
      vertex -20.6034 50.9951 -450
      vertex -7.49213 18.5437 -530
    endloop
  endfacet
  facet normal 0.889033 0.22165 -0.400614
    outer loop
      vertex 53.7981 11.4351 -450
      vertex 19.2252 5.51275 -530
      vertex 52.8694 15.1601 -450
    endloop
  endfacet
  facet normal 0.902328 0.1591 -0.400613
    outer loop
      vertex 54.4647 7.65452 -450
      vertex 19.8054 2.78346 -530
      vertex 53.7981 11.4351 -450
    endloop
  endfacet
  facet normal 0.722042 0.564061 -0.400612
    outer loop
      vertex 16.1803 11.7557 -530
      vertex 15.3209 12.8558 -530
      vertex 42.1324 35.3533 -450
    endloop
  endfacet
  facet normal 0.911227 0.095779 -0.400613
    outer loop
      vertex 54.866 3.83661 -450
      vertex 19.9513 1.39513 -530
      vertex 54.4647 7.65452 -450
    endloop
  endfacet
  facet normal 0.063928 0.914014 -0.400614
    outer loop
      vertex 2.09057 19.8904 -530
      vertex 0.697989 19.9878 -530
      vertex 5.74907 54.6987 -450
    endloop
  endfacet
  facet normal -0.759602 0.51236 -0.400614
    outer loop
      vertex -16.1803 11.7557 -530
      vertex -46.6426 29.1456 -450
      vertex -44.4959 32.3282 -450
    endloop
  endfacet
  facet normal 0.823515 0.401662 -0.400613
    outer loop
      vertex 50.245 22.3705 -450
      vertex 17.659 9.38943 -530
      vertex 48.5621 25.8209 -450
    endloop
  endfacet
  facet normal 0.849529 0.343234 -0.400613
    outer loop
      vertex 51.6831 18.8111 -450
      vertex 18.7939 6.8404 -530
      vertex 50.245 22.3705 -450
    endloop
  endfacet
  facet normal 0.849516 0.343264 -0.400614
    outer loop
      vertex 18.7939 6.8404 -530
      vertex 18.2709 8.13473 -530
      vertex 50.245 22.3705 -450
    endloop
  endfacet
  facet normal 0 0 -1
    outer loop
      vertex 19.9513 -1.39513 -530
      vertex 19.9513 1.39513 -530
      vertex 20 0 -530
    endloop
  endfacet
  facet normal 0 0 -1
    outer loop
      vertex 19.8054 -2.78346 -530
      vertex 19.9513 1.39513 -530
      vertex 19.9513 -1.39513 -530
    endloop
  endfacet
  facet normal 0 0 -1
    outer loop
      vertex 19.8054 -2.78346 -530
      vertex 19.8054 2.78346 -530
      vertex 19.9513 1.39513 -530
    endloop
  endfacet
  facet normal 0 0 -1
    outer loop
      vertex 19.563 -4.15823 -530
      vertex 19.8054 2.78346 -530
      vertex 19.8054 -2.78346 -530
    endloop
  endfacet
  facet normal 0 0 -1
    outer loop
      vertex 19.563 -4.15823 -530
      vertex 19.563 4.15823 -530
      vertex 19.8054 2.78346 -530
    endloop
  endfacet
  facet normal 0 0 -1
    outer loop
      vertex 19.2252 -5.51275 -530
      vertex 19.563 4.15823 -530
      vertex 19.563 -4.15823 -530
    endloop
  endfacet
  facet normal 0 0 -1
    outer loop
      vertex 19.2252 -5.51275 -530
      vertex 19.2252 5.51275 -530
      vertex 19.563 4.15823 -530
    endloop
  endfacet
  facet normal 0 0 -1
    outer loop
      vertex 18.7939 -6.8404 -530
      vertex 19.2252 5.51275 -530
      vertex 19.2252 -5.51275 -530
    endloop
  endfacet
  facet normal 0 0 -1
    outer loop
      vertex 18.7939 -6.8404 -530
      vertex 18.7939 6.8404 -530
      vertex 19.2252 5.51275 -530
    endloop
  endfacet
  facet normal 0 0 -1
    outer loop
      vertex 18.2709 -8.13473 -530
      vertex 18.7939 6.8404 -530
      vertex 18.7939 -6.8404 -530
    endloop
  endfacet
  facet normal 0 0 -1
    outer loop
      vertex 18.2709 -8.13473 -530
      vertex 18.2709 8.13473 -530
      vertex 18.7939 6.8404 -530
    endloop
  endfacet
  facet normal 0 0 -1
    outer loop
      vertex 17.659 -9.38943 -530
      vertex 18.2709 8.13473 -530
      vertex 18.2709 -8.13473 -530
    endloop
  endfacet
  facet normal 0 0 -1
    outer loop
      vertex 17.659 -9.38943 -530
      vertex 17.659 9.38943 -530
      vertex 18.2709 8.13473 -530
    endloop
  endfacet
  facet normal 0 0 -1
    outer loop
      vertex 16.961 -10.5984 -530
      vertex 17.659 9.38943 -530
      vertex 17.659 -9.38943 -530
    endloop
  endfacet
  facet normal 0 0 -1
    outer loop
      vertex 16.961 -10.5984 -530
      vertex 16.961 10.5984 -530
      vertex 17.659 9.38943 -530
    endloop
  endfacet
  facet normal 0 0 -1
    outer loop
      vertex 16.1803 -11.7557 -530
      vertex 16.961 10.5984 -530
      vertex 16.961 -10.5984 -530
    endloop
  endfacet
  facet normal 0 0 -1
    outer loop
      vertex 16.1803 -11.7557 -530
      vertex 16.1803 11.7557 -530
      vertex 16.961 10.5984 -530
    endloop
  endfacet
  facet normal 0 0 -1
    outer loop
      vertex 15.3209 -12.8558 -530
      vertex 16.1803 11.7557 -530
      vertex 16.1803 -11.7557 -530
    endloop
  endfacet
  facet normal 0 0 -1
    outer loop
      vertex 15.3209 -12.8558 -530
      vertex 15.3209 12.8558 -530
      vertex 16.1803 11.7557 -530
    endloop
  endfacet
  facet normal 0 0 -1
    outer loop
      vertex 14.3868 -13.8932 -530
      vertex 15.3209 12.8558 -530
      vertex 15.3209 -12.8558 -530
    endloop
  endfacet
  facet normal 0 0 -1
    outer loop
      vertex 14.3868 -13.8932 -530
      vertex 14.3868 13.8932 -530
      vertex 15.3209 12.8558 -530
    endloop
  endfacet
  facet normal 0 0 -1
    outer loop
      vertex 13.3826 -14.8629 -530
      vertex 14.3868 13.8932 -530
      vertex 14.3868 -13.8932 -530
    endloop
  endfacet
  facet normal 0 0 -1
    outer loop
      vertex 13.3826 -14.8629 -530
      vertex 13.3826 14.8629 -530
      vertex 14.3868 13.8932 -530
    endloop
  endfacet
  facet normal 0 0 -1
    outer loop
      vertex 12.3132 -15.7602 -530
      vertex 13.3826 14.8629 -530
      vertex 13.3826 -14.8629 -530
    endloop
  endfacet
  facet normal 0 0 -1
    outer loop
      vertex 12.3132 -15.7602 -530
      vertex 12.3132 15.7602 -530
      vertex 13.3826 14.8629 -530
    endloop
  endfacet
  facet normal 0 0 -1
    outer loop
      vertex 11.1839 -16.5808 -530
      vertex 12.3132 15.7602 -530
      vertex 12.3132 -15.7602 -530
    endloop
  endfacet
  facet normal 0 0 -1
    outer loop
      vertex 11.1839 -16.5808 -530
      vertex 11.1839 16.5808 -530
      vertex 12.3132 15.7602 -530
    endloop
  endfacet
  facet normal 0 0 -1
    outer loop
      vertex 10 -17.3205 -530
      vertex 11.1839 16.5808 -530
      vertex 11.1839 -16.5808 -530
    endloop
  endfacet
  facet normal 0 0 -1
    outer loop
      vertex 10 -17.3205 -530
      vertex 10 17.3205 -530
      vertex 11.1839 16.5808 -530
    endloop
  endfacet
  facet normal 0 0 -1
    outer loop
      vertex 8.76742 -17.9759 -530
      vertex 10 17.3205 -530
      vertex 10 -17.3205 -530
    endloop
  endfacet
  facet normal 0 0 -1
    outer loop
      vertex 8.76742 -17.9759 -530
      vertex 8.76742 17.9759 -530
      vertex 10 17.3205 -530
    endloop
  endfacet
  facet normal 0 0 -1
    outer loop
      vertex 7.49213 -18.5437 -530
      vertex 8.76742 17.9759 -530
      vertex 8.76742 -17.9759 -530
    endloop
  endfacet
  facet normal 0 0 -1
    outer loop
      vertex 7.49213 -18.5437 -530
      vertex 7.49213 18.5437 -530
      vertex 8.76742 17.9759 -530
    endloop
  endfacet
  facet normal 0 0 -1
    outer loop
      vertex 6.18034 -19.0211 -530
      vertex 7.49213 18.5437 -530
      vertex 7.49213 -18.5437 -530
    endloop
  endfacet
  facet normal 0 0 -1
    outer loop
      vertex 6.18034 -19.0211 -530
      vertex 6.18034 19.0211 -530
      vertex 7.49213 18.5437 -530
    endloop
  endfacet
  facet normal 0 0 -1
    outer loop
      vertex 4.83844 -19.4059 -530
      vertex 6.18034 19.0211 -530
      vertex 6.18034 -19.0211 -530
    endloop
  endfacet
  facet normal 0 0 -1
    outer loop
      vertex 4.83844 -19.4059 -530
      vertex 4.83844 19.4059 -530
      vertex 6.18034 19.0211 -530
    endloop
  endfacet
  facet normal 0 0 -1
    outer loop
      vertex 3.47296 -19.6962 -530
      vertex 4.83844 19.4059 -530
      vertex 4.83844 -19.4059 -530
    endloop
  endfacet
  facet normal 0 0 -1
    outer loop
      vertex 3.47296 -19.6962 -530
      vertex 3.47296 19.6962 -530
      vertex 4.83844 19.4059 -530
    endloop
  endfacet
  facet normal 0 0 -1
    outer loop
      vertex 2.09057 -19.8904 -530
      vertex 3.47296 19.6962 -530
      vertex 3.47296 -19.6962 -530
    endloop
  endfacet
  facet normal 0 0 -1
    outer loop
      vertex 2.09057 -19.8904 -530
      vertex 2.09057 19.8904 -530
      vertex 3.47296 19.6962 -530
    endloop
  endfacet
  facet normal 0 0 -1
    outer loop
      vertex 0.697989 -19.9878 -530
      vertex 2.09057 19.8904 -530
      vertex 2.09057 -19.8904 -530
    endloop
  endfacet
  facet normal 0 0 -1
    outer loop
      vertex 0.697989 -19.9878 -530
      vertex 0.697989 19.9878 -530
      vertex 2.09057 19.8904 -530
    endloop
  endfacet
  facet normal 0 0 -1
    outer loop
      vertex -0.697989 -19.9878 -530
      vertex 0.697989 19.9878 -530
      vertex 0.697989 -19.9878 -530
    endloop
  endfacet
  facet normal 0 0 -1
    outer loop
      vertex -0.697989 -19.9878 -530
      vertex -0.697989 19.9878 -530
      vertex 0.697989 19.9878 -530
    endloop
  endfacet
  facet normal 0 0 -1
    outer loop
      vertex -2.09057 -19.8904 -530
      vertex -0.697989 19.9878 -530
      vertex -0.697989 -19.9878 -530
    endloop
  endfacet
  facet normal 0 0 -1
    outer loop
      vertex -2.09057 -19.8904 -530
      vertex -2.09057 19.8904 -530
      vertex -0.697989 19.9878 -530
    endloop
  endfacet
  facet normal 0 0 -1
    outer loop
      vertex -3.47296 -19.6962 -530
      vertex -2.09057 19.8904 -530
      vertex -2.09057 -19.8904 -530
    endloop
  endfacet
  facet normal 0 0 -1
    outer loop
      vertex -3.47296 -19.6962 -530
      vertex -3.47296 19.6962 -530
      vertex -2.09057 19.8904 -530
    endloop
  endfacet
  facet normal 0 0 -1
    outer loop
      vertex -4.83844 -19.4059 -530
      vertex -3.47296 19.6962 -530
      vertex -3.47296 -19.6962 -530
    endloop
  endfacet
  facet normal 0 0 -1
    outer loop
      vertex -4.83844 -19.4059 -530
      vertex -4.83844 19.4059 -530
      vertex -3.47296 19.6962 -530
    endloop
  endfacet
  facet normal 0 0 -1
    outer loop
      vertex -6.18034 -19.0211 -530
      vertex -4.83844 19.4059 -530
      vertex -4.83844 -19.4059 -530
    endloop
  endfacet
  facet normal 0 0 -1
    outer loop
      vertex -6.18034 -19.0211 -530
      vertex -6.18034 19.0211 -530
      vertex -4.83844 19.4059 -530
    endloop
  endfacet
  facet normal 0 0 -1
    outer loop
      vertex -7.49213 -18.5437 -530
      vertex -6.18034 19.0211 -530
      vertex -6.18034 -19.0211 -530
    endloop
  endfacet
  facet normal 0 0 -1
    outer loop
      vertex -7.49213 -18.5437 -530
      vertex -7.49213 18.5437 -530
      vertex -6.18034 19.0211 -530
    endloop
  endfacet
  facet normal 0 0 -1
    outer loop
      vertex -8.76742 -17.9759 -530
      vertex -7.49213 18.5437 -530
      vertex -7.49213 -18.5437 -530
    endloop
  endfacet
  facet normal 0 0 -1
    outer loop
      vertex -8.76742 -17.9759 -530
      vertex -8.76742 17.9759 -530
      vertex -7.49213 18.5437 -530
    endloop
  endfacet
  facet normal 0 0 -1
    outer loop
      vertex -10 -17.3205 -530
      vertex -8.76742 17.9759 -530
      vertex -8.76742 -17.9759 -530
    endloop
  endfacet
  facet normal 0 0 -1
    outer loop
      vertex -10 -17.3205 -530
      vertex -10 17.3205 -530
      vertex -8.76742 17.9759 -530
    endloop
  endfacet
  facet normal 0 0 -1
    outer loop
      vertex -11.1839 -16.5808 -530
      vertex -10 17.3205 -530
      vertex -10 -17.3205 -530
    endloop
  endfacet
  facet normal 0 0 -1
    outer loop
      vertex -11.1839 -16.5808 -530
      vertex -11.1839 16.5808 -530
      vertex -10 17.3205 -530
    endloop
  endfacet
  facet normal 0 0 -1
    outer loop
      vertex -12.3132 -15.7602 -530
      vertex -11.1839 16.5808 -530
      vertex -11.1839 -16.5808 -530
    endloop
  endfacet
  facet normal 0 0 -1
    outer loop
      vertex -12.3132 -15.7602 -530
      vertex -12.3132 15.7602 -530
      vertex -11.1839 16.5808 -530
    endloop
  endfacet
  facet normal 0 0 -1
    outer loop
      vertex -13.3826 -14.8629 -530
      vertex -12.3132 15.7602 -530
      vertex -12.3132 -15.7602 -530
    endloop
  endfacet
  facet normal 0 0 -1
    outer loop
      vertex -13.3826 -14.8629 -530
      vertex -13.3826 14.8629 -530
      vertex -12.3132 15.7602 -530
    endloop
  endfacet
  facet normal 0 0 -1
    outer loop
      vertex -14.3868 -13.8932 -530
      vertex -13.3826 14.8629 -530
      vertex -13.3826 -14.8629 -530
    endloop
  endfacet
  facet normal 0 0 -1
    outer loop
      vertex -14.3868 -13.8932 -530
      vertex -14.3868 13.8932 -530
      vertex -13.3826 14.8629 -530
    endloop
  endfacet
  facet normal 0 0 -1
    outer loop
      vertex -15.3209 -12.8558 -530
      vertex -14.3868 13.8932 -530
      vertex -14.3868 -13.8932 -530
    endloop
  endfacet
  facet normal 0 0 -1
    outer loop
      vertex -15.3209 -12.8558 -530
      vertex -15.3209 12.8558 -530
      vertex -14.3868 13.8932 -530
    endloop
  endfacet
  facet normal 0 0 -1
    outer loop
      vertex -16.1803 -11.7557 -530
      vertex -15.3209 12.8558 -530
      vertex -15.3209 -12.8558 -530
    endloop
  endfacet
  facet normal 0 0 -1
    outer loop
      vertex -16.1803 -11.7557 -530
      vertex -16.1803 11.7557 -530
      vertex -15.3209 12.8558 -530
    endloop
  endfacet
  facet normal 0 0 -1
    outer loop
      vertex -16.961 -10.5984 -530
      vertex -16.1803 11.7557 -530
      vertex -16.1803 -11.7557 -530
    endloop
  endfacet
  facet normal 0 0 -1
    outer loop
      vertex -16.961 -10.5984 -530
      vertex -16.961 10.5984 -530
      vertex -16.1803 11.7557 -530
    endloop
  endfacet
  facet normal 0 0 -1
    outer loop
      vertex -17.659 -9.38943 -530
      vertex -16.961 10.5984 -530
      vertex -16.961 -10.5984 -530
    endloop
  endfacet
  facet normal 0 0 -1
    outer loop
      vertex -17.659 -9.38943 -530
      vertex -17.659 9.38943 -530
      vertex -16.961 10.5984 -530
    endloop
  endfacet
  facet normal 0 0 -1
    outer loop
      vertex -18.2709 -8.13473 -530
      vertex -17.659 9.38943 -530
      vertex -17.659 -9.38943 -530
    endloop
  endfacet
  facet normal 0 0 -1
    outer loop
      vertex -18.2709 -8.13473 -530
      vertex -18.2709 8.13473 -530
      vertex -17.659 9.38943 -530
    endloop
  endfacet
  facet normal 0 0 -1
    outer loop
      vertex -18.7939 -6.8404 -530
      vertex -18.2709 8.13473 -530
      vertex -18.2709 -8.13473 -530
    endloop
  endfacet
  facet normal 0 0 -1
    outer loop
      vertex -18.7939 -6.8404 -530
      vertex -18.7939 6.8404 -530
      vertex -18.2709 8.13473 -530
    endloop
  endfacet
  facet normal 0 0 -1
    outer loop
      vertex -19.2252 -5.51275 -530
      vertex -18.7939 6.8404 -530
      vertex -18.7939 -6.8404 -530
    endloop
  endfacet
  facet normal 0 0 -1
    outer loop
      vertex -19.2252 -5.51275 -530
      vertex -19.2252 5.51275 -530
      vertex -18.7939 6.8404 -530
    endloop
  endfacet
  facet normal 0 0 -1
    outer loop
      vertex -19.563 -4.15823 -530
      vertex -19.2252 5.51275 -530
      vertex -19.2252 -5.51275 -530
    endloop
  endfacet
  facet normal 0 0 -1
    outer loop
      vertex -19.563 -4.15823 -530
      vertex -19.563 4.15823 -530
      vertex -19.2252 5.51275 -530
    endloop
  endfacet
  facet normal 0 0 -1
    outer loop
      vertex -19.8054 -2.78346 -530
      vertex -19.563 4.15823 -530
      vertex -19.563 -4.15823 -530
    endloop
  endfacet
  facet normal 0 0 -1
    outer loop
      vertex -19.8054 -2.78346 -530
      vertex -19.8054 2.78346 -530
      vertex -19.563 4.15823 -530
    endloop
  endfacet
  facet normal 0 0 -1
    outer loop
      vertex -19.9513 -1.39513 -530
      vertex -19.8054 2.78346 -530
      vertex -19.8054 -2.78346 -530
    endloop
  endfacet
  facet normal 0 0 -1
    outer loop
      vertex -19.9513 -1.39513 -530
      vertex -19.9513 1.39513 -530
      vertex -19.8054 2.78346 -530
    endloop
  endfacet
  facet normal 0 -0 -1
    outer loop
      vertex -19.9513 1.39513 -530
      vertex -19.9513 -1.39513 -530
      vertex -20 0 -530
    endloop
  endfacet
  facet normal 0 0.916247 -0.400614
    outer loop
      vertex 0.697989 19.9878 -530
      vertex -1.91947 54.9665 -450
      vertex 1.91947 54.9665 -450
    endloop
  endfacet
  facet normal 0 0.916247 -0.400614
    outer loop
      vertex -1.91947 54.9665 -450
      vertex 0.697989 19.9878 -530
      vertex -0.697989 19.9878 -530
    endloop
  endfacet
  facet normal -0.485533 0.777024 -0.400614
    outer loop
      vertex -10 17.3205 -530
      vertex -30.7556 45.5971 -450
      vertex -27.5 47.6314 -450
    endloop
  endfacet
  facet normal -0.911227 0.095779 -0.400613
    outer loop
      vertex -19.9513 1.39513 -530
      vertex -54.866 3.83661 -450
      vertex -54.4647 7.65452 -450
    endloop
  endfacet
  facet normal -0.911229 0.0957614 -0.400613
    outer loop
      vertex -19.9513 1.39513 -530
      vertex -54.4647 7.65452 -450
      vertex -19.8054 2.78346 -530
    endloop
  endfacet
  facet normal -0.636463 0.659107 -0.400615
    outer loop
      vertex -14.3868 13.8932 -530
      vertex -36.8022 40.873 -450
      vertex -13.3826 14.8629 -530
    endloop
  endfacet
  facet normal -0.538606 0.741223 -0.400615
    outer loop
      vertex -12.3132 15.7602 -530
      vertex -33.8614 43.3406 -450
      vertex -11.1839 16.5808 -530
    endloop
  endfacet
  facet normal 0.680912 0.613081 -0.400613
    outer loop
      vertex 42.1324 35.3533 -450
      vertex 15.3209 12.8558 -530
      vertex 39.5637 38.2062 -450
    endloop
  endfacet
  facet normal 0.680897 0.613096 -0.400614
    outer loop
      vertex 15.3209 12.8558 -530
      vertex 14.3868 13.8932 -530
      vertex 39.5637 38.2062 -450
    endloop
  endfacet
  facet normal 0.911229 0.0957614 -0.400613
    outer loop
      vertex 19.9513 1.39513 -530
      vertex 19.8054 2.78346 -530
      vertex 54.4647 7.65452 -450
    endloop
  endfacet
  facet normal 0.252563 0.88075 -0.400614
    outer loop
      vertex 16.9959 52.3081 -450
      vertex 4.83844 19.4059 -530
      vertex 13.3057 53.3663 -450
    endloop
  endfacet
  facet normal 0.313344 0.861001 -0.400614
    outer loop
      vertex 7.49213 18.5437 -530
      vertex 6.18034 19.0211 -530
      vertex 16.9959 52.3081 -450
    endloop
  endfacet
  facet normal 0.902328 0.159099 -0.400613
    outer loop
      vertex 19.8054 2.78346 -530
      vertex 19.563 4.15823 -530
      vertex 53.7981 11.4351 -450
    endloop
  endfacet
endsolid OpenSCAD_Model
