solid OpenSCAD_Model
  facet normal 0.678803 -0.734321 0
    outer loop
      vertex 70.1404 -82.1238 -12.5
      vertex 76.3675 -76.3675 12.5
      vertex 70.1404 -82.1238 12.5
    endloop
  endfacet
  facet normal 0.678803 -0.734321 0
    outer loop
      vertex 76.3675 -76.3675 12.5
      vertex 70.1404 -82.1238 -12.5
      vertex 76.3675 -76.3675 -12.5
    endloop
  endfacet
  facet normal 0.99307 0.117528 0
    outer loop
      vertex 107.486 10 12.5
      vertex 106.67 16.8949 -12.5
      vertex 106.67 16.8949 12.5
    endloop
  endfacet
  facet normal 0.99307 0.117528 0
    outer loop
      vertex 106.67 16.8949 -12.5
      vertex 107.486 10 12.5
      vertex 107.486 10 -12.5
    endloop
  endfacet
  facet normal 0.271458 -0.96245 0
    outer loop
      vertex 25.2121 -105.016 -12.5
      vertex 33.3738 -102.714 12.5
      vertex 25.2121 -105.016 12.5
    endloop
  endfacet
  facet normal 0.271458 -0.96245 0
    outer loop
      vertex 33.3738 -102.714 12.5
      vertex 25.2121 -105.016 -12.5
      vertex 33.3738 -102.714 -12.5
    endloop
  endfacet
  facet normal 0.678803 0.734321 -0
    outer loop
      vertex 76.3675 76.3675 -12.5
      vertex 70.1404 82.1238 12.5
      vertex 76.3675 76.3675 12.5
    endloop
  endfacet
  facet normal 0.678803 0.734321 0
    outer loop
      vertex 70.1404 82.1238 12.5
      vertex 76.3675 76.3675 -12.5
      vertex 70.1404 82.1238 -12.5
    endloop
  endfacet
  facet normal 0.195046 -0.980794 0
    outer loop
      vertex 16.8949 -106.67 -12.5
      vertex 25.2121 -105.016 12.5
      vertex 16.8949 -106.67 12.5
    endloop
  endfacet
  facet normal 0.195046 -0.980794 0
    outer loop
      vertex 25.2121 -105.016 12.5
      vertex 16.8949 -106.67 -12.5
      vertex 25.2121 -105.016 -12.5
    endloop
  endfacet
  facet normal -0.938196 0.346104 0
    outer loop
      vertex -102.714 33.3738 -12.5
      vertex -99.779 41.3298 12.5
      vertex -99.779 41.3298 -12.5
    endloop
  endfacet
  facet normal -0.938196 0.346104 0
    outer loop
      vertex -99.779 41.3298 12.5
      vertex -102.714 33.3738 -12.5
      vertex -102.714 33.3738 12.5
    endloop
  endfacet
  facet normal 0.555568 0.831471 -0
    outer loop
      vertex 63.4808 87.3738 -12.5
      vertex 56.4298 92.0851 12.5
      vertex 63.4808 87.3738 12.5
    endloop
  endfacet
  facet normal 0.555568 0.831471 0
    outer loop
      vertex 56.4298 92.0851 12.5
      vertex 63.4808 87.3738 -12.5
      vertex 56.4298 92.0851 -12.5
    endloop
  endfacet
  facet normal -0.195046 -0.980794 0
    outer loop
      vertex -25.2121 -105.016 -12.5
      vertex -16.8949 -106.67 12.5
      vertex -25.2121 -105.016 12.5
    endloop
  endfacet
  facet normal -0.195046 -0.980794 -0
    outer loop
      vertex -16.8949 -106.67 12.5
      vertex -25.2121 -105.016 -12.5
      vertex -16.8949 -106.67 -12.5
    endloop
  endfacet
  facet normal 0.785317 -0.619094 0
    outer loop
      vertex 82.1238 -70.1404 12.5
      vertex 87.3738 -63.4808 -12.5
      vertex 87.3738 -63.4808 12.5
    endloop
  endfacet
  facet normal 0.785317 -0.619094 0
    outer loop
      vertex 87.3738 -63.4808 -12.5
      vertex 82.1238 -70.1404 12.5
      vertex 82.1238 -70.1404 -12.5
    endloop
  endfacet
  facet normal 0.96245 0.271458 0
    outer loop
      vertex 105.016 25.2121 12.5
      vertex 102.714 33.3738 -12.5
      vertex 102.714 33.3738 12.5
    endloop
  endfacet
  facet normal 0.96245 0.271458 0
    outer loop
      vertex 102.714 33.3738 -12.5
      vertex 105.016 25.2121 12.5
      vertex 105.016 25.2121 -12.5
    endloop
  endfacet
  facet normal 0.872492 0.488628 0
    outer loop
      vertex 96.2287 49.031 12.5
      vertex 92.0851 56.4298 -12.5
      vertex 92.0851 56.4298 12.5
    endloop
  endfacet
  facet normal 0.872492 0.488628 0
    outer loop
      vertex 92.0851 56.4298 -12.5
      vertex 96.2287 49.031 12.5
      vertex 96.2287 49.031 -12.5
    endloop
  endfacet
  facet normal 0.41866 0.908143 -0
    outer loop
      vertex 49.031 96.2287 -12.5
      vertex 41.3298 99.779 12.5
      vertex 49.031 96.2287 12.5
    endloop
  endfacet
  facet normal 0.41866 0.908143 0
    outer loop
      vertex 41.3298 99.779 12.5
      vertex 49.031 96.2287 -12.5
      vertex 41.3298 99.779 -12.5
    endloop
  endfacet
  facet normal -0.117569 0.993065 0
    outer loop
      vertex -8.47358 107.667 -12.5
      vertex -16.8949 106.67 12.5
      vertex -8.47358 107.667 12.5
    endloop
  endfacet
  facet normal -0.117569 0.993065 0
    outer loop
      vertex -16.8949 106.67 12.5
      vertex -8.47358 107.667 -12.5
      vertex -16.8949 106.67 -12.5
    endloop
  endfacet
  facet normal 0.980794 -0.195046 0
    outer loop
      vertex 105.016 -25.2121 12.5
      vertex 106.67 -16.8949 -12.5
      vertex 106.67 -16.8949 12.5
    endloop
  endfacet
  facet normal 0.980794 -0.195046 0
    outer loop
      vertex 106.67 -16.8949 -12.5
      vertex 105.016 -25.2121 12.5
      vertex 105.016 -25.2121 -12.5
    endloop
  endfacet
  facet normal 0.908143 -0.41866 0
    outer loop
      vertex 96.2287 -49.031 12.5
      vertex 99.779 -41.3298 -12.5
      vertex 99.779 -41.3298 12.5
    endloop
  endfacet
  facet normal 0.908143 -0.41866 0
    outer loop
      vertex 99.779 -41.3298 -12.5
      vertex 96.2287 -49.031 12.5
      vertex 96.2287 -49.031 -12.5
    endloop
  endfacet
  facet normal 0.99307 -0.117528 0
    outer loop
      vertex 106.67 -16.8949 12.5
      vertex 107.486 -10 -12.5
      vertex 107.486 -10 12.5
    endloop
  endfacet
  facet normal 0.99307 -0.117528 0
    outer loop
      vertex 107.486 -10 -12.5
      vertex 106.67 -16.8949 12.5
      vertex 106.67 -16.8949 -12.5
    endloop
  endfacet
  facet normal -0.96245 -0.271458 0
    outer loop
      vertex -102.714 -33.3738 -12.5
      vertex -105.016 -25.2121 12.5
      vertex -105.016 -25.2121 -12.5
    endloop
  endfacet
  facet normal -0.96245 -0.271458 0
    outer loop
      vertex -105.016 -25.2121 12.5
      vertex -102.714 -33.3738 -12.5
      vertex -102.714 -33.3738 12.5
    endloop
  endfacet
  facet normal 0.980794 0.195046 0
    outer loop
      vertex 106.67 16.8949 12.5
      vertex 105.016 25.2121 -12.5
      vertex 105.016 25.2121 12.5
    endloop
  endfacet
  facet normal 0.980794 0.195046 0
    outer loop
      vertex 105.016 25.2121 -12.5
      vertex 106.67 16.8949 12.5
      vertex 106.67 16.8949 -12.5
    endloop
  endfacet
  facet normal -0.195046 0.980794 0
    outer loop
      vertex -16.8949 106.67 -12.5
      vertex -25.2121 105.016 12.5
      vertex -16.8949 106.67 12.5
    endloop
  endfacet
  facet normal -0.195046 0.980794 0
    outer loop
      vertex -25.2121 105.016 12.5
      vertex -16.8949 106.67 -12.5
      vertex -25.2121 105.016 -12.5
    endloop
  endfacet
  facet normal 0.831471 0.555568 0
    outer loop
      vertex 92.0851 56.4298 12.5
      vertex 87.3738 63.4808 -12.5
      vertex 87.3738 63.4808 12.5
    endloop
  endfacet
  facet normal 0.831471 0.555568 0
    outer loop
      vertex 87.3738 63.4808 -12.5
      vertex 92.0851 56.4298 12.5
      vertex 92.0851 56.4298 -12.5
    endloop
  endfacet
  facet normal 0.195046 0.980794 -0
    outer loop
      vertex 25.2121 105.016 -12.5
      vertex 16.8949 106.67 12.5
      vertex 25.2121 105.016 12.5
    endloop
  endfacet
  facet normal 0.195046 0.980794 0
    outer loop
      vertex 16.8949 106.67 12.5
      vertex 25.2121 105.016 -12.5
      vertex 16.8949 106.67 -12.5
    endloop
  endfacet
  facet normal 0 0 -1
    outer loop
      vertex 98.7688 -15.6434 -12.5
      vertex 106.67 -16.8949 -12.5
      vertex 105.016 -25.2121 -12.5
    endloop
  endfacet
  facet normal 0 0 -1
    outer loop
      vertex 97.237 -23.3445 -12.5
      vertex 105.016 -25.2121 -12.5
      vertex 102.714 -33.3738 -12.5
    endloop
  endfacet
  facet normal 0 0 -1
    outer loop
      vertex 95.1057 -30.9017 -12.5
      vertex 102.714 -33.3738 -12.5
      vertex 99.779 -41.3298 -12.5
    endloop
  endfacet
  facet normal 0 -0 -1
    outer loop
      vertex 98.7688 -15.6434 -12.5
      vertex 105.016 -25.2121 -12.5
      vertex 97.237 -23.3445 -12.5
    endloop
  endfacet
  facet normal 0 0 -1
    outer loop
      vertex 106.67 -16.8949 -12.5
      vertex 99.4368 -10 -12.5
      vertex 107.486 -10 -12.5
    endloop
  endfacet
  facet normal 0 -0 -1
    outer loop
      vertex 99.4368 -10 -12.5
      vertex 106.67 -16.8949 -12.5
      vertex 98.7688 -15.6434 -12.5
    endloop
  endfacet
  facet normal 0 0 -1
    outer loop
      vertex 92.388 -38.2683 -12.5
      vertex 99.779 -41.3298 -12.5
      vertex 96.2287 -49.031 -12.5
    endloop
  endfacet
  facet normal 0 0 -1
    outer loop
      vertex 102.714 -33.3738 -12.5
      vertex 95.1057 -30.9017 -12.5
      vertex 97.237 -23.3445 -12.5
    endloop
  endfacet
  facet normal 0 0 -1
    outer loop
      vertex 99.779 -41.3298 -12.5
      vertex 92.388 -38.2683 -12.5
      vertex 95.1057 -30.9017 -12.5
    endloop
  endfacet
  facet normal 0 0 -1
    outer loop
      vertex 89.1007 -45.399 -12.5
      vertex 96.2287 -49.031 -12.5
      vertex 92.0851 -56.4298 -12.5
    endloop
  endfacet
  facet normal 0 0 -1
    outer loop
      vertex 96.2287 -49.031 -12.5
      vertex 89.1007 -45.399 -12.5
      vertex 92.388 -38.2683 -12.5
    endloop
  endfacet
  facet normal 0 0 -1
    outer loop
      vertex 85.264 -52.2499 -12.5
      vertex 92.0851 -56.4298 -12.5
      vertex 87.3738 -63.4808 -12.5
    endloop
  endfacet
  facet normal 0 0 -1
    outer loop
      vertex 92.0851 -56.4298 -12.5
      vertex 85.264 -52.2499 -12.5
      vertex 89.1007 -45.399 -12.5
    endloop
  endfacet
  facet normal 0 0 -1
    outer loop
      vertex 80.9017 -58.7785 -12.5
      vertex 87.3738 -63.4808 -12.5
      vertex 82.1238 -70.1404 -12.5
    endloop
  endfacet
  facet normal 0 0 -1
    outer loop
      vertex 87.3738 -63.4808 -12.5
      vertex 80.9017 -58.7785 -12.5
      vertex 85.264 -52.2499 -12.5
    endloop
  endfacet
  facet normal 0 0 -1
    outer loop
      vertex 76.0406 -64.9448 -12.5
      vertex 82.1238 -70.1404 -12.5
      vertex 76.3675 -76.3675 -12.5
    endloop
  endfacet
  facet normal 0 0 -1
    outer loop
      vertex 82.1238 -70.1404 -12.5
      vertex 76.0406 -64.9448 -12.5
      vertex 80.9017 -58.7785 -12.5
    endloop
  endfacet
  facet normal 0 0 -1
    outer loop
      vertex 76.3675 -76.3675 -12.5
      vertex 70.7107 -70.7107 -12.5
      vertex 76.0406 -64.9448 -12.5
    endloop
  endfacet
  facet normal 0 0 -1
    outer loop
      vertex 70.1404 -82.1238 -12.5
      vertex 70.7107 -70.7107 -12.5
      vertex 76.3675 -76.3675 -12.5
    endloop
  endfacet
  facet normal 0 0 -1
    outer loop
      vertex 70.1404 -82.1238 -12.5
      vertex 64.9448 -76.0406 -12.5
      vertex 70.7107 -70.7107 -12.5
    endloop
  endfacet
  facet normal 0 0 -1
    outer loop
      vertex 63.4808 -87.3738 -12.5
      vertex 64.9448 -76.0406 -12.5
      vertex 70.1404 -82.1238 -12.5
    endloop
  endfacet
  facet normal 0 0 -1
    outer loop
      vertex 63.4808 -87.3738 -12.5
      vertex 58.7785 -80.9017 -12.5
      vertex 64.9448 -76.0406 -12.5
    endloop
  endfacet
  facet normal 0 0 -1
    outer loop
      vertex 56.4298 -92.0851 -12.5
      vertex 58.7785 -80.9017 -12.5
      vertex 63.4808 -87.3738 -12.5
    endloop
  endfacet
  facet normal 0 0 -1
    outer loop
      vertex 56.4298 -92.0851 -12.5
      vertex 52.2499 -85.264 -12.5
      vertex 58.7785 -80.9017 -12.5
    endloop
  endfacet
  facet normal 0 0 -1
    outer loop
      vertex 49.031 -96.2287 -12.5
      vertex 52.2499 -85.264 -12.5
      vertex 56.4298 -92.0851 -12.5
    endloop
  endfacet
  facet normal 0 0 -1
    outer loop
      vertex 49.031 -96.2287 -12.5
      vertex 45.399 -89.1007 -12.5
      vertex 52.2499 -85.264 -12.5
    endloop
  endfacet
  facet normal 0 0 -1
    outer loop
      vertex 41.3298 -99.779 -12.5
      vertex 45.399 -89.1007 -12.5
      vertex 49.031 -96.2287 -12.5
    endloop
  endfacet
  facet normal 0 0 -1
    outer loop
      vertex 41.3298 -99.779 -12.5
      vertex 38.2683 -92.388 -12.5
      vertex 45.399 -89.1007 -12.5
    endloop
  endfacet
  facet normal 0 0 -1
    outer loop
      vertex 33.3738 -102.714 -12.5
      vertex 38.2683 -92.388 -12.5
      vertex 41.3298 -99.779 -12.5
    endloop
  endfacet
  facet normal 0 0 -1
    outer loop
      vertex 33.3738 -102.714 -12.5
      vertex 30.9017 -95.1057 -12.5
      vertex 38.2683 -92.388 -12.5
    endloop
  endfacet
  facet normal 0 0 -1
    outer loop
      vertex 25.2121 -105.016 -12.5
      vertex 30.9017 -95.1057 -12.5
      vertex 33.3738 -102.714 -12.5
    endloop
  endfacet
  facet normal 0 0 -1
    outer loop
      vertex 25.2121 -105.016 -12.5
      vertex 23.3445 -97.237 -12.5
      vertex 30.9017 -95.1057 -12.5
    endloop
  endfacet
  facet normal 0 0 -1
    outer loop
      vertex 16.8949 -106.67 -12.5
      vertex 23.3445 -97.237 -12.5
      vertex 25.2121 -105.016 -12.5
    endloop
  endfacet
  facet normal 0 0 -1
    outer loop
      vertex 16.8949 -106.67 -12.5
      vertex 15.6434 -98.7688 -12.5
      vertex 23.3445 -97.237 -12.5
    endloop
  endfacet
  facet normal 0 0 -1
    outer loop
      vertex 8.47358 -107.667 -12.5
      vertex 15.6434 -98.7688 -12.5
      vertex 16.8949 -106.67 -12.5
    endloop
  endfacet
  facet normal 0 0 -1
    outer loop
      vertex 8.47358 -107.667 -12.5
      vertex 7.84591 -99.6917 -12.5
      vertex 15.6434 -98.7688 -12.5
    endloop
  endfacet
  facet normal 0 0 -1
    outer loop
      vertex 0 -108 -12.5
      vertex 7.84591 -99.6917 -12.5
      vertex 8.47358 -107.667 -12.5
    endloop
  endfacet
  facet normal 0 0 -1
    outer loop
      vertex 0 -108 -12.5
      vertex 0 -100 -12.5
      vertex 7.84591 -99.6917 -12.5
    endloop
  endfacet
  facet normal 0 0 -1
    outer loop
      vertex 0 -108 -12.5
      vertex -7.84591 -99.6917 -12.5
      vertex 0 -100 -12.5
    endloop
  endfacet
  facet normal 0 0 -1
    outer loop
      vertex -8.47358 -107.667 -12.5
      vertex -7.84591 -99.6917 -12.5
      vertex 0 -108 -12.5
    endloop
  endfacet
  facet normal 0 0 -1
    outer loop
      vertex -8.47358 -107.667 -12.5
      vertex -15.6434 -98.7688 -12.5
      vertex -7.84591 -99.6917 -12.5
    endloop
  endfacet
  facet normal 0 0 -1
    outer loop
      vertex -16.8949 -106.67 -12.5
      vertex -15.6434 -98.7688 -12.5
      vertex -8.47358 -107.667 -12.5
    endloop
  endfacet
  facet normal 0 0 -1
    outer loop
      vertex -16.8949 -106.67 -12.5
      vertex -23.3445 -97.237 -12.5
      vertex -15.6434 -98.7688 -12.5
    endloop
  endfacet
  facet normal 0 0 -1
    outer loop
      vertex -25.2121 -105.016 -12.5
      vertex -23.3445 -97.237 -12.5
      vertex -16.8949 -106.67 -12.5
    endloop
  endfacet
  facet normal 0 0 -1
    outer loop
      vertex -25.2121 -105.016 -12.5
      vertex -30.9017 -95.1057 -12.5
      vertex -23.3445 -97.237 -12.5
    endloop
  endfacet
  facet normal 0 0 -1
    outer loop
      vertex -33.3738 -102.714 -12.5
      vertex -30.9017 -95.1057 -12.5
      vertex -25.2121 -105.016 -12.5
    endloop
  endfacet
  facet normal 0 0 -1
    outer loop
      vertex -33.3738 -102.714 -12.5
      vertex -38.2683 -92.388 -12.5
      vertex -30.9017 -95.1057 -12.5
    endloop
  endfacet
  facet normal 0 0 -1
    outer loop
      vertex -41.3298 -99.779 -12.5
      vertex -38.2683 -92.388 -12.5
      vertex -33.3738 -102.714 -12.5
    endloop
  endfacet
  facet normal 0 0 -1
    outer loop
      vertex -41.3298 -99.779 -12.5
      vertex -45.399 -89.1007 -12.5
      vertex -38.2683 -92.388 -12.5
    endloop
  endfacet
  facet normal 0 0 -1
    outer loop
      vertex -49.031 -96.2287 -12.5
      vertex -45.399 -89.1007 -12.5
      vertex -41.3298 -99.779 -12.5
    endloop
  endfacet
  facet normal 0 0 -1
    outer loop
      vertex -49.031 -96.2287 -12.5
      vertex -52.2499 -85.264 -12.5
      vertex -45.399 -89.1007 -12.5
    endloop
  endfacet
  facet normal 0 0 -1
    outer loop
      vertex -56.4298 -92.0851 -12.5
      vertex -52.2499 -85.264 -12.5
      vertex -49.031 -96.2287 -12.5
    endloop
  endfacet
  facet normal 0 0 -1
    outer loop
      vertex -56.4298 -92.0851 -12.5
      vertex -58.7785 -80.9017 -12.5
      vertex -52.2499 -85.264 -12.5
    endloop
  endfacet
  facet normal 0 0 -1
    outer loop
      vertex -63.4808 -87.3738 -12.5
      vertex -58.7785 -80.9017 -12.5
      vertex -56.4298 -92.0851 -12.5
    endloop
  endfacet
  facet normal 0 0 -1
    outer loop
      vertex -63.4808 -87.3738 -12.5
      vertex -64.9448 -76.0406 -12.5
      vertex -58.7785 -80.9017 -12.5
    endloop
  endfacet
  facet normal 0 0 -1
    outer loop
      vertex -70.1404 -82.1238 -12.5
      vertex -64.9448 -76.0406 -12.5
      vertex -63.4808 -87.3738 -12.5
    endloop
  endfacet
  facet normal 0 0 -1
    outer loop
      vertex -70.1404 -82.1238 -12.5
      vertex -70.7107 -70.7107 -12.5
      vertex -64.9448 -76.0406 -12.5
    endloop
  endfacet
  facet normal 0 0 -1
    outer loop
      vertex -76.3675 -76.3675 -12.5
      vertex -70.7107 -70.7107 -12.5
      vertex -70.1404 -82.1238 -12.5
    endloop
  endfacet
  facet normal -0 0 -1
    outer loop
      vertex -70.7107 -70.7107 -12.5
      vertex -76.3675 -76.3675 -12.5
      vertex -76.0406 -64.9448 -12.5
    endloop
  endfacet
  facet normal 0 0 -1
    outer loop
      vertex -82.1238 -70.1404 -12.5
      vertex -76.0406 -64.9448 -12.5
      vertex -76.3675 -76.3675 -12.5
    endloop
  endfacet
  facet normal -0 0 -1
    outer loop
      vertex -76.0406 -64.9448 -12.5
      vertex -82.1238 -70.1404 -12.5
      vertex -80.9017 -58.7785 -12.5
    endloop
  endfacet
  facet normal 0 0 -1
    outer loop
      vertex -87.3738 -63.4808 -12.5
      vertex -80.9017 -58.7785 -12.5
      vertex -82.1238 -70.1404 -12.5
    endloop
  endfacet
  facet normal -0 0 -1
    outer loop
      vertex -80.9017 -58.7785 -12.5
      vertex -87.3738 -63.4808 -12.5
      vertex -85.264 -52.2499 -12.5
    endloop
  endfacet
  facet normal 0 0 -1
    outer loop
      vertex -92.0851 -56.4298 -12.5
      vertex -85.264 -52.2499 -12.5
      vertex -87.3738 -63.4808 -12.5
    endloop
  endfacet
  facet normal -0 0 -1
    outer loop
      vertex -85.264 -52.2499 -12.5
      vertex -92.0851 -56.4298 -12.5
      vertex -89.1007 -45.399 -12.5
    endloop
  endfacet
  facet normal 0 0 -1
    outer loop
      vertex -96.2287 -49.031 -12.5
      vertex -89.1007 -45.399 -12.5
      vertex -92.0851 -56.4298 -12.5
    endloop
  endfacet
  facet normal -0 0 -1
    outer loop
      vertex -89.1007 -45.399 -12.5
      vertex -96.2287 -49.031 -12.5
      vertex -92.388 -38.2683 -12.5
    endloop
  endfacet
  facet normal 0 0 -1
    outer loop
      vertex -99.779 -41.3298 -12.5
      vertex -92.388 -38.2683 -12.5
      vertex -96.2287 -49.031 -12.5
    endloop
  endfacet
  facet normal -0 0 -1
    outer loop
      vertex -92.388 -38.2683 -12.5
      vertex -99.779 -41.3298 -12.5
      vertex -95.1057 -30.9017 -12.5
    endloop
  endfacet
  facet normal 0 0 -1
    outer loop
      vertex -102.714 -33.3738 -12.5
      vertex -95.1057 -30.9017 -12.5
      vertex -99.779 -41.3298 -12.5
    endloop
  endfacet
  facet normal -0 0 -1
    outer loop
      vertex -95.1057 -30.9017 -12.5
      vertex -102.714 -33.3738 -12.5
      vertex -97.237 -23.3445 -12.5
    endloop
  endfacet
  facet normal 0 0 -1
    outer loop
      vertex -105.016 -25.2121 -12.5
      vertex -97.237 -23.3445 -12.5
      vertex -102.714 -33.3738 -12.5
    endloop
  endfacet
  facet normal -0 0 -1
    outer loop
      vertex -97.237 -23.3445 -12.5
      vertex -105.016 -25.2121 -12.5
      vertex -98.7688 -15.6434 -12.5
    endloop
  endfacet
  facet normal 0 0 -1
    outer loop
      vertex -106.67 -16.8949 -12.5
      vertex -98.7688 -15.6434 -12.5
      vertex -105.016 -25.2121 -12.5
    endloop
  endfacet
  facet normal 0 0 -1
    outer loop
      vertex 99.4368 10 -12.5
      vertex 106.67 16.8949 -12.5
      vertex 107.486 10 -12.5
    endloop
  endfacet
  facet normal -0 0 -1
    outer loop
      vertex 106.67 16.8949 -12.5
      vertex 98.7688 15.6434 -12.5
      vertex 105.016 25.2121 -12.5
    endloop
  endfacet
  facet normal -0 0 -1
    outer loop
      vertex 105.016 25.2121 -12.5
      vertex 97.237 23.3445 -12.5
      vertex 102.714 33.3738 -12.5
    endloop
  endfacet
  facet normal 0 0 -1
    outer loop
      vertex 106.67 16.8949 -12.5
      vertex 99.4368 10 -12.5
      vertex 98.7688 15.6434 -12.5
    endloop
  endfacet
  facet normal 0 0 -1
    outer loop
      vertex 105.016 25.2121 -12.5
      vertex 98.7688 15.6434 -12.5
      vertex 97.237 23.3445 -12.5
    endloop
  endfacet
  facet normal 0 0 -1
    outer loop
      vertex 95.1057 30.9017 -12.5
      vertex 102.714 33.3738 -12.5
      vertex 97.237 23.3445 -12.5
    endloop
  endfacet
  facet normal -0 0 -1
    outer loop
      vertex 102.714 33.3738 -12.5
      vertex 95.1057 30.9017 -12.5
      vertex 99.779 41.3298 -12.5
    endloop
  endfacet
  facet normal 0 0 -1
    outer loop
      vertex 92.388 38.2683 -12.5
      vertex 99.779 41.3298 -12.5
      vertex 95.1057 30.9017 -12.5
    endloop
  endfacet
  facet normal -0 0 -1
    outer loop
      vertex 99.779 41.3298 -12.5
      vertex 92.388 38.2683 -12.5
      vertex 96.2287 49.031 -12.5
    endloop
  endfacet
  facet normal 0 0 -1
    outer loop
      vertex 89.1007 45.399 -12.5
      vertex 96.2287 49.031 -12.5
      vertex 92.388 38.2683 -12.5
    endloop
  endfacet
  facet normal -0 0 -1
    outer loop
      vertex 96.2287 49.031 -12.5
      vertex 89.1007 45.399 -12.5
      vertex 92.0851 56.4298 -12.5
    endloop
  endfacet
  facet normal 0 0 -1
    outer loop
      vertex 85.264 52.2499 -12.5
      vertex 92.0851 56.4298 -12.5
      vertex 89.1007 45.399 -12.5
    endloop
  endfacet
  facet normal -0 0 -1
    outer loop
      vertex 92.0851 56.4298 -12.5
      vertex 85.264 52.2499 -12.5
      vertex 87.3738 63.4808 -12.5
    endloop
  endfacet
  facet normal 0 0 -1
    outer loop
      vertex 80.9017 58.7785 -12.5
      vertex 87.3738 63.4808 -12.5
      vertex 85.264 52.2499 -12.5
    endloop
  endfacet
  facet normal -0 0 -1
    outer loop
      vertex 87.3738 63.4808 -12.5
      vertex 80.9017 58.7785 -12.5
      vertex 82.1238 70.1404 -12.5
    endloop
  endfacet
  facet normal 0 0 -1
    outer loop
      vertex 76.0406 64.9448 -12.5
      vertex 82.1238 70.1404 -12.5
      vertex 80.9017 58.7785 -12.5
    endloop
  endfacet
  facet normal -0 0 -1
    outer loop
      vertex 82.1238 70.1404 -12.5
      vertex 76.0406 64.9448 -12.5
      vertex 76.3675 76.3675 -12.5
    endloop
  endfacet
  facet normal 0 0 -1
    outer loop
      vertex 70.7107 70.7107 -12.5
      vertex 76.3675 76.3675 -12.5
      vertex 76.0406 64.9448 -12.5
    endloop
  endfacet
  facet normal 0 0 -1
    outer loop
      vertex 70.7107 70.7107 -12.5
      vertex 70.1404 82.1238 -12.5
      vertex 76.3675 76.3675 -12.5
    endloop
  endfacet
  facet normal 0 0 -1
    outer loop
      vertex 64.9448 76.0406 -12.5
      vertex 70.1404 82.1238 -12.5
      vertex 70.7107 70.7107 -12.5
    endloop
  endfacet
  facet normal 0 0 -1
    outer loop
      vertex 64.9448 76.0406 -12.5
      vertex 63.4808 87.3738 -12.5
      vertex 70.1404 82.1238 -12.5
    endloop
  endfacet
  facet normal 0 0 -1
    outer loop
      vertex 58.7785 80.9017 -12.5
      vertex 63.4808 87.3738 -12.5
      vertex 64.9448 76.0406 -12.5
    endloop
  endfacet
  facet normal 0 0 -1
    outer loop
      vertex 58.7785 80.9017 -12.5
      vertex 56.4298 92.0851 -12.5
      vertex 63.4808 87.3738 -12.5
    endloop
  endfacet
  facet normal 0 0 -1
    outer loop
      vertex 52.2499 85.264 -12.5
      vertex 56.4298 92.0851 -12.5
      vertex 58.7785 80.9017 -12.5
    endloop
  endfacet
  facet normal 0 0 -1
    outer loop
      vertex 52.2499 85.264 -12.5
      vertex 49.031 96.2287 -12.5
      vertex 56.4298 92.0851 -12.5
    endloop
  endfacet
  facet normal 0 0 -1
    outer loop
      vertex 45.399 89.1007 -12.5
      vertex 49.031 96.2287 -12.5
      vertex 52.2499 85.264 -12.5
    endloop
  endfacet
  facet normal 0 0 -1
    outer loop
      vertex 45.399 89.1007 -12.5
      vertex 41.3298 99.779 -12.5
      vertex 49.031 96.2287 -12.5
    endloop
  endfacet
  facet normal 0 0 -1
    outer loop
      vertex 38.2683 92.388 -12.5
      vertex 41.3298 99.779 -12.5
      vertex 45.399 89.1007 -12.5
    endloop
  endfacet
  facet normal 0 0 -1
    outer loop
      vertex 38.2683 92.388 -12.5
      vertex 33.3738 102.714 -12.5
      vertex 41.3298 99.779 -12.5
    endloop
  endfacet
  facet normal 0 0 -1
    outer loop
      vertex 30.9017 95.1057 -12.5
      vertex 33.3738 102.714 -12.5
      vertex 38.2683 92.388 -12.5
    endloop
  endfacet
  facet normal 0 0 -1
    outer loop
      vertex 30.9017 95.1057 -12.5
      vertex 25.2121 105.016 -12.5
      vertex 33.3738 102.714 -12.5
    endloop
  endfacet
  facet normal 0 0 -1
    outer loop
      vertex 23.3445 97.237 -12.5
      vertex 25.2121 105.016 -12.5
      vertex 30.9017 95.1057 -12.5
    endloop
  endfacet
  facet normal 0 0 -1
    outer loop
      vertex 23.3445 97.237 -12.5
      vertex 16.8949 106.67 -12.5
      vertex 25.2121 105.016 -12.5
    endloop
  endfacet
  facet normal 0 0 -1
    outer loop
      vertex 15.6434 98.7688 -12.5
      vertex 16.8949 106.67 -12.5
      vertex 23.3445 97.237 -12.5
    endloop
  endfacet
  facet normal 0 0 -1
    outer loop
      vertex 15.6434 98.7688 -12.5
      vertex 8.47358 107.667 -12.5
      vertex 16.8949 106.67 -12.5
    endloop
  endfacet
  facet normal 0 0 -1
    outer loop
      vertex 7.84591 99.6917 -12.5
      vertex 8.47358 107.667 -12.5
      vertex 15.6434 98.7688 -12.5
    endloop
  endfacet
  facet normal 0 0 -1
    outer loop
      vertex 0 100 -12.5
      vertex 8.47358 107.667 -12.5
      vertex 7.84591 99.6917 -12.5
    endloop
  endfacet
  facet normal 0 0 -1
    outer loop
      vertex 0 100 -12.5
      vertex 0 108 -12.5
      vertex 8.47358 107.667 -12.5
    endloop
  endfacet
  facet normal 0 0 -1
    outer loop
      vertex -7.84591 99.6917 -12.5
      vertex 0 108 -12.5
      vertex 0 100 -12.5
    endloop
  endfacet
  facet normal 0 0 -1
    outer loop
      vertex -7.84591 99.6917 -12.5
      vertex -8.47358 107.667 -12.5
      vertex 0 108 -12.5
    endloop
  endfacet
  facet normal 0 0 -1
    outer loop
      vertex -15.6434 98.7688 -12.5
      vertex -8.47358 107.667 -12.5
      vertex -7.84591 99.6917 -12.5
    endloop
  endfacet
  facet normal 0 0 -1
    outer loop
      vertex -15.6434 98.7688 -12.5
      vertex -16.8949 106.67 -12.5
      vertex -8.47358 107.667 -12.5
    endloop
  endfacet
  facet normal 0 0 -1
    outer loop
      vertex -23.3445 97.237 -12.5
      vertex -16.8949 106.67 -12.5
      vertex -15.6434 98.7688 -12.5
    endloop
  endfacet
  facet normal 0 0 -1
    outer loop
      vertex -23.3445 97.237 -12.5
      vertex -25.2121 105.016 -12.5
      vertex -16.8949 106.67 -12.5
    endloop
  endfacet
  facet normal 0 0 -1
    outer loop
      vertex -30.9017 95.1057 -12.5
      vertex -25.2121 105.016 -12.5
      vertex -23.3445 97.237 -12.5
    endloop
  endfacet
  facet normal 0 0 -1
    outer loop
      vertex -30.9017 95.1057 -12.5
      vertex -33.3738 102.714 -12.5
      vertex -25.2121 105.016 -12.5
    endloop
  endfacet
  facet normal 0 0 -1
    outer loop
      vertex -38.2683 92.388 -12.5
      vertex -33.3738 102.714 -12.5
      vertex -30.9017 95.1057 -12.5
    endloop
  endfacet
  facet normal 0 0 -1
    outer loop
      vertex -38.2683 92.388 -12.5
      vertex -41.3298 99.779 -12.5
      vertex -33.3738 102.714 -12.5
    endloop
  endfacet
  facet normal 0 0 -1
    outer loop
      vertex -45.399 89.1007 -12.5
      vertex -41.3298 99.779 -12.5
      vertex -38.2683 92.388 -12.5
    endloop
  endfacet
  facet normal 0 0 -1
    outer loop
      vertex -45.399 89.1007 -12.5
      vertex -49.031 96.2287 -12.5
      vertex -41.3298 99.779 -12.5
    endloop
  endfacet
  facet normal 0 0 -1
    outer loop
      vertex -52.2499 85.264 -12.5
      vertex -49.031 96.2287 -12.5
      vertex -45.399 89.1007 -12.5
    endloop
  endfacet
  facet normal 0 0 -1
    outer loop
      vertex -52.2499 85.264 -12.5
      vertex -56.4298 92.0851 -12.5
      vertex -49.031 96.2287 -12.5
    endloop
  endfacet
  facet normal 0 0 -1
    outer loop
      vertex -58.7785 80.9017 -12.5
      vertex -56.4298 92.0851 -12.5
      vertex -52.2499 85.264 -12.5
    endloop
  endfacet
  facet normal 0 0 -1
    outer loop
      vertex -58.7785 80.9017 -12.5
      vertex -63.4808 87.3738 -12.5
      vertex -56.4298 92.0851 -12.5
    endloop
  endfacet
  facet normal 0 0 -1
    outer loop
      vertex -64.9448 76.0406 -12.5
      vertex -63.4808 87.3738 -12.5
      vertex -58.7785 80.9017 -12.5
    endloop
  endfacet
  facet normal 0 0 -1
    outer loop
      vertex -64.9448 76.0406 -12.5
      vertex -70.1404 82.1238 -12.5
      vertex -63.4808 87.3738 -12.5
    endloop
  endfacet
  facet normal 0 0 -1
    outer loop
      vertex -70.7107 70.7107 -12.5
      vertex -70.1404 82.1238 -12.5
      vertex -64.9448 76.0406 -12.5
    endloop
  endfacet
  facet normal 0 0 -1
    outer loop
      vertex -76.3675 76.3675 -12.5
      vertex -70.7107 70.7107 -12.5
      vertex -76.0406 64.9448 -12.5
    endloop
  endfacet
  facet normal 0 0 -1
    outer loop
      vertex -70.7107 70.7107 -12.5
      vertex -76.3675 76.3675 -12.5
      vertex -70.1404 82.1238 -12.5
    endloop
  endfacet
  facet normal 0 0 -1
    outer loop
      vertex -82.1238 70.1404 -12.5
      vertex -76.0406 64.9448 -12.5
      vertex -80.9017 58.7785 -12.5
    endloop
  endfacet
  facet normal 0 0 -1
    outer loop
      vertex -76.0406 64.9448 -12.5
      vertex -82.1238 70.1404 -12.5
      vertex -76.3675 76.3675 -12.5
    endloop
  endfacet
  facet normal 0 0 -1
    outer loop
      vertex -87.3738 63.4808 -12.5
      vertex -80.9017 58.7785 -12.5
      vertex -85.264 52.2499 -12.5
    endloop
  endfacet
  facet normal 0 0 -1
    outer loop
      vertex -80.9017 58.7785 -12.5
      vertex -87.3738 63.4808 -12.5
      vertex -82.1238 70.1404 -12.5
    endloop
  endfacet
  facet normal 0 0 -1
    outer loop
      vertex -92.0851 56.4298 -12.5
      vertex -85.264 52.2499 -12.5
      vertex -89.1007 45.399 -12.5
    endloop
  endfacet
  facet normal 0 0 -1
    outer loop
      vertex -85.264 52.2499 -12.5
      vertex -92.0851 56.4298 -12.5
      vertex -87.3738 63.4808 -12.5
    endloop
  endfacet
  facet normal 0 0 -1
    outer loop
      vertex -96.2287 49.031 -12.5
      vertex -89.1007 45.399 -12.5
      vertex -92.388 38.2683 -12.5
    endloop
  endfacet
  facet normal 0 0 -1
    outer loop
      vertex -99.779 41.3298 -12.5
      vertex -92.388 38.2683 -12.5
      vertex -95.1057 30.9017 -12.5
    endloop
  endfacet
  facet normal 0 0 -1
    outer loop
      vertex -89.1007 45.399 -12.5
      vertex -96.2287 49.031 -12.5
      vertex -92.0851 56.4298 -12.5
    endloop
  endfacet
  facet normal 0 0 -1
    outer loop
      vertex -102.714 33.3738 -12.5
      vertex -95.1057 30.9017 -12.5
      vertex -97.237 23.3445 -12.5
    endloop
  endfacet
  facet normal 0 0 -1
    outer loop
      vertex -105.016 25.2121 -12.5
      vertex -97.237 23.3445 -12.5
      vertex -98.7688 15.6434 -12.5
    endloop
  endfacet
  facet normal 0 0 -1
    outer loop
      vertex -106.67 16.8949 -12.5
      vertex -98.7688 15.6434 -12.5
      vertex -99.6917 7.84591 -12.5
    endloop
  endfacet
  facet normal 0 0 -1
    outer loop
      vertex -92.388 38.2683 -12.5
      vertex -99.779 41.3298 -12.5
      vertex -96.2287 49.031 -12.5
    endloop
  endfacet
  facet normal 0 0 -1
    outer loop
      vertex -107.667 8.47358 -12.5
      vertex -99.6917 7.84591 -12.5
      vertex -100 0 -12.5
    endloop
  endfacet
  facet normal -0 0 -1
    outer loop
      vertex -98.7688 -15.6434 -12.5
      vertex -106.67 -16.8949 -12.5
      vertex -99.6917 -7.84591 -12.5
    endloop
  endfacet
  facet normal 0 0 -1
    outer loop
      vertex -95.1057 30.9017 -12.5
      vertex -102.714 33.3738 -12.5
      vertex -99.779 41.3298 -12.5
    endloop
  endfacet
  facet normal 0 0 -1
    outer loop
      vertex -107.667 -8.47358 -12.5
      vertex -99.6917 -7.84591 -12.5
      vertex -106.67 -16.8949 -12.5
    endloop
  endfacet
  facet normal 0 0 -1
    outer loop
      vertex -97.237 23.3445 -12.5
      vertex -105.016 25.2121 -12.5
      vertex -102.714 33.3738 -12.5
    endloop
  endfacet
  facet normal -0 0 -1
    outer loop
      vertex -99.6917 -7.84591 -12.5
      vertex -107.667 -8.47358 -12.5
      vertex -100 0 -12.5
    endloop
  endfacet
  facet normal 0 0 -1
    outer loop
      vertex -98.7688 15.6434 -12.5
      vertex -106.67 16.8949 -12.5
      vertex -105.016 25.2121 -12.5
    endloop
  endfacet
  facet normal 0 0 -1
    outer loop
      vertex -108 0 -12.5
      vertex -100 0 -12.5
      vertex -107.667 -8.47358 -12.5
    endloop
  endfacet
  facet normal 0 0 -1
    outer loop
      vertex -99.6917 7.84591 -12.5
      vertex -107.667 8.47358 -12.5
      vertex -106.67 16.8949 -12.5
    endloop
  endfacet
  facet normal 0 0 -1
    outer loop
      vertex -100 0 -12.5
      vertex -108 0 -12.5
      vertex -107.667 8.47358 -12.5
    endloop
  endfacet
  facet normal -0.734321 0.678803 0
    outer loop
      vertex -82.1238 70.1404 -12.5
      vertex -76.3675 76.3675 12.5
      vertex -76.3675 76.3675 -12.5
    endloop
  endfacet
  facet normal -0.734321 0.678803 0
    outer loop
      vertex -76.3675 76.3675 12.5
      vertex -82.1238 70.1404 -12.5
      vertex -82.1238 70.1404 12.5
    endloop
  endfacet
  facet normal -0.619094 0.785317 0
    outer loop
      vertex -63.4808 87.3738 -12.5
      vertex -70.1404 82.1238 12.5
      vertex -63.4808 87.3738 12.5
    endloop
  endfacet
  facet normal -0.619094 0.785317 0
    outer loop
      vertex -70.1404 82.1238 12.5
      vertex -63.4808 87.3738 -12.5
      vertex -70.1404 82.1238 -12.5
    endloop
  endfacet
  facet normal 0.734321 -0.678803 0
    outer loop
      vertex 76.3675 -76.3675 12.5
      vertex 82.1238 -70.1404 -12.5
      vertex 82.1238 -70.1404 12.5
    endloop
  endfacet
  facet normal 0.734321 -0.678803 0
    outer loop
      vertex 82.1238 -70.1404 -12.5
      vertex 76.3675 -76.3675 12.5
      vertex 76.3675 -76.3675 -12.5
    endloop
  endfacet
  facet normal 0.117569 -0.993065 0
    outer loop
      vertex 8.47358 -107.667 -12.5
      vertex 16.8949 -106.67 12.5
      vertex 8.47358 -107.667 12.5
    endloop
  endfacet
  facet normal 0.117569 -0.993065 0
    outer loop
      vertex 16.8949 -106.67 12.5
      vertex 8.47358 -107.667 -12.5
      vertex 16.8949 -106.67 -12.5
    endloop
  endfacet
  facet normal -0.980794 0.195046 0
    outer loop
      vertex -106.67 16.8949 -12.5
      vertex -105.016 25.2121 12.5
      vertex -105.016 25.2121 -12.5
    endloop
  endfacet
  facet normal -0.980794 0.195046 0
    outer loop
      vertex -105.016 25.2121 12.5
      vertex -106.67 16.8949 -12.5
      vertex -106.67 16.8949 12.5
    endloop
  endfacet
  facet normal 0.908143 0.41866 0
    outer loop
      vertex 99.779 41.3298 12.5
      vertex 96.2287 49.031 -12.5
      vertex 96.2287 49.031 12.5
    endloop
  endfacet
  facet normal 0.908143 0.41866 0
    outer loop
      vertex 96.2287 49.031 -12.5
      vertex 99.779 41.3298 12.5
      vertex 99.779 41.3298 -12.5
    endloop
  endfacet
  facet normal -0.831471 0.555568 0
    outer loop
      vertex -92.0851 56.4298 -12.5
      vertex -87.3738 63.4808 12.5
      vertex -87.3738 63.4808 -12.5
    endloop
  endfacet
  facet normal -0.831471 0.555568 0
    outer loop
      vertex -87.3738 63.4808 12.5
      vertex -92.0851 56.4298 -12.5
      vertex -92.0851 56.4298 12.5
    endloop
  endfacet
  facet normal -0.96245 0.271458 0
    outer loop
      vertex -105.016 25.2121 -12.5
      vertex -102.714 33.3738 12.5
      vertex -102.714 33.3738 -12.5
    endloop
  endfacet
  facet normal -0.96245 0.271458 0
    outer loop
      vertex -102.714 33.3738 12.5
      vertex -105.016 25.2121 -12.5
      vertex -105.016 25.2121 12.5
    endloop
  endfacet
  facet normal -0.488628 -0.872492 0
    outer loop
      vertex -56.4298 -92.0851 -12.5
      vertex -49.031 -96.2287 12.5
      vertex -56.4298 -92.0851 12.5
    endloop
  endfacet
  facet normal -0.488628 -0.872492 -0
    outer loop
      vertex -49.031 -96.2287 12.5
      vertex -56.4298 -92.0851 -12.5
      vertex -49.031 -96.2287 -12.5
    endloop
  endfacet
  facet normal -0.980794 -0.195046 0
    outer loop
      vertex -105.016 -25.2121 -12.5
      vertex -106.67 -16.8949 12.5
      vertex -106.67 -16.8949 -12.5
    endloop
  endfacet
  facet normal -0.980794 -0.195046 0
    outer loop
      vertex -106.67 -16.8949 12.5
      vertex -105.016 -25.2121 -12.5
      vertex -105.016 -25.2121 12.5
    endloop
  endfacet
  facet normal 0.831471 -0.555568 0
    outer loop
      vertex 87.3738 -63.4808 12.5
      vertex 92.0851 -56.4298 -12.5
      vertex 92.0851 -56.4298 12.5
    endloop
  endfacet
  facet normal 0.831471 -0.555568 0
    outer loop
      vertex 92.0851 -56.4298 -12.5
      vertex 87.3738 -63.4808 12.5
      vertex 87.3738 -63.4808 -12.5
    endloop
  endfacet
  facet normal -0.872492 -0.488628 0
    outer loop
      vertex -92.0851 -56.4298 -12.5
      vertex -96.2287 -49.031 12.5
      vertex -96.2287 -49.031 -12.5
    endloop
  endfacet
  facet normal -0.872492 -0.488628 0
    outer loop
      vertex -96.2287 -49.031 12.5
      vertex -92.0851 -56.4298 -12.5
      vertex -92.0851 -56.4298 12.5
    endloop
  endfacet
  facet normal -0.734321 -0.678803 0
    outer loop
      vertex -76.3675 -76.3675 -12.5
      vertex -82.1238 -70.1404 12.5
      vertex -82.1238 -70.1404 -12.5
    endloop
  endfacet
  facet normal -0.734321 -0.678803 0
    outer loop
      vertex -82.1238 -70.1404 12.5
      vertex -76.3675 -76.3675 -12.5
      vertex -76.3675 -76.3675 12.5
    endloop
  endfacet
  facet normal -0.938196 -0.346104 0
    outer loop
      vertex -99.779 -41.3298 -12.5
      vertex -102.714 -33.3738 12.5
      vertex -102.714 -33.3738 -12.5
    endloop
  endfacet
  facet normal -0.938196 -0.346104 0
    outer loop
      vertex -102.714 -33.3738 12.5
      vertex -99.779 -41.3298 -12.5
      vertex -99.779 -41.3298 12.5
    endloop
  endfacet
  facet normal -0.0392683 0.999229 0
    outer loop
      vertex 0 108 -12.5
      vertex -8.47358 107.667 12.5
      vertex 0 108 12.5
    endloop
  endfacet
  facet normal -0.0392683 0.999229 0
    outer loop
      vertex -8.47358 107.667 12.5
      vertex 0 108 -12.5
      vertex -8.47358 107.667 -12.5
    endloop
  endfacet
  facet normal -0.678803 0.734321 0
    outer loop
      vertex -70.1404 82.1238 -12.5
      vertex -76.3675 76.3675 12.5
      vertex -70.1404 82.1238 12.5
    endloop
  endfacet
  facet normal -0.678803 0.734321 0
    outer loop
      vertex -76.3675 76.3675 12.5
      vertex -70.1404 82.1238 -12.5
      vertex -76.3675 76.3675 -12.5
    endloop
  endfacet
  facet normal 0.488628 0.872492 -0
    outer loop
      vertex 56.4298 92.0851 -12.5
      vertex 49.031 96.2287 12.5
      vertex 56.4298 92.0851 12.5
    endloop
  endfacet
  facet normal 0.488628 0.872492 0
    outer loop
      vertex 49.031 96.2287 12.5
      vertex 56.4298 92.0851 -12.5
      vertex 49.031 96.2287 -12.5
    endloop
  endfacet
  facet normal -0.41866 -0.908143 0
    outer loop
      vertex -49.031 -96.2287 -12.5
      vertex -41.3298 -99.779 12.5
      vertex -49.031 -96.2287 12.5
    endloop
  endfacet
  facet normal -0.41866 -0.908143 -0
    outer loop
      vertex -41.3298 -99.779 12.5
      vertex -49.031 -96.2287 -12.5
      vertex -41.3298 -99.779 -12.5
    endloop
  endfacet
  facet normal 0.619094 0.785317 -0
    outer loop
      vertex 70.1404 82.1238 -12.5
      vertex 63.4808 87.3738 12.5
      vertex 70.1404 82.1238 12.5
    endloop
  endfacet
  facet normal 0.619094 0.785317 0
    outer loop
      vertex 63.4808 87.3738 12.5
      vertex 70.1404 82.1238 -12.5
      vertex 63.4808 87.3738 -12.5
    endloop
  endfacet
  facet normal 0.0392683 0.999229 -0
    outer loop
      vertex 8.47358 107.667 -12.5
      vertex 0 108 12.5
      vertex 8.47358 107.667 12.5
    endloop
  endfacet
  facet normal 0.0392683 0.999229 0
    outer loop
      vertex 0 108 12.5
      vertex 8.47358 107.667 -12.5
      vertex 0 108 -12.5
    endloop
  endfacet
  facet normal 0.96245 -0.271458 0
    outer loop
      vertex 102.714 -33.3738 12.5
      vertex 105.016 -25.2121 -12.5
      vertex 105.016 -25.2121 12.5
    endloop
  endfacet
  facet normal 0.96245 -0.271458 0
    outer loop
      vertex 105.016 -25.2121 -12.5
      vertex 102.714 -33.3738 12.5
      vertex 102.714 -33.3738 -12.5
    endloop
  endfacet
  facet normal -0.555568 0.831471 0
    outer loop
      vertex -56.4298 92.0851 -12.5
      vertex -63.4808 87.3738 12.5
      vertex -56.4298 92.0851 12.5
    endloop
  endfacet
  facet normal -0.555568 0.831471 0
    outer loop
      vertex -63.4808 87.3738 12.5
      vertex -56.4298 92.0851 -12.5
      vertex -63.4808 87.3738 -12.5
    endloop
  endfacet
  facet normal 0.938196 -0.346104 0
    outer loop
      vertex 99.779 -41.3298 12.5
      vertex 102.714 -33.3738 -12.5
      vertex 102.714 -33.3738 12.5
    endloop
  endfacet
  facet normal 0.938196 -0.346104 0
    outer loop
      vertex 102.714 -33.3738 -12.5
      vertex 99.779 -41.3298 12.5
      vertex 99.779 -41.3298 -12.5
    endloop
  endfacet
  facet normal 0.0392683 -0.999229 0
    outer loop
      vertex 0 -108 -12.5
      vertex 8.47358 -107.667 12.5
      vertex 0 -108 12.5
    endloop
  endfacet
  facet normal 0.0392683 -0.999229 0
    outer loop
      vertex 8.47358 -107.667 12.5
      vertex 0 -108 -12.5
      vertex 8.47358 -107.667 -12.5
    endloop
  endfacet
  facet normal 0.785317 0.619094 0
    outer loop
      vertex 87.3738 63.4808 12.5
      vertex 82.1238 70.1404 -12.5
      vertex 82.1238 70.1404 12.5
    endloop
  endfacet
  facet normal 0.785317 0.619094 0
    outer loop
      vertex 82.1238 70.1404 -12.5
      vertex 87.3738 63.4808 12.5
      vertex 87.3738 63.4808 -12.5
    endloop
  endfacet
  facet normal -0.488628 0.872492 0
    outer loop
      vertex -49.031 96.2287 -12.5
      vertex -56.4298 92.0851 12.5
      vertex -49.031 96.2287 12.5
    endloop
  endfacet
  facet normal -0.488628 0.872492 0
    outer loop
      vertex -56.4298 92.0851 12.5
      vertex -49.031 96.2287 -12.5
      vertex -56.4298 92.0851 -12.5
    endloop
  endfacet
  facet normal -0.271458 0.96245 0
    outer loop
      vertex -25.2121 105.016 -12.5
      vertex -33.3738 102.714 12.5
      vertex -25.2121 105.016 12.5
    endloop
  endfacet
  facet normal -0.271458 0.96245 0
    outer loop
      vertex -33.3738 102.714 12.5
      vertex -25.2121 105.016 -12.5
      vertex -33.3738 102.714 -12.5
    endloop
  endfacet
  facet normal 0.271458 0.96245 -0
    outer loop
      vertex 33.3738 102.714 -12.5
      vertex 25.2121 105.016 12.5
      vertex 33.3738 102.714 12.5
    endloop
  endfacet
  facet normal 0.271458 0.96245 0
    outer loop
      vertex 25.2121 105.016 12.5
      vertex 33.3738 102.714 -12.5
      vertex 25.2121 105.016 -12.5
    endloop
  endfacet
  facet normal -0.908143 -0.41866 0
    outer loop
      vertex -96.2287 -49.031 -12.5
      vertex -99.779 -41.3298 12.5
      vertex -99.779 -41.3298 -12.5
    endloop
  endfacet
  facet normal -0.908143 -0.41866 0
    outer loop
      vertex -99.779 -41.3298 12.5
      vertex -96.2287 -49.031 -12.5
      vertex -96.2287 -49.031 12.5
    endloop
  endfacet
  facet normal 0.938196 0.346104 0
    outer loop
      vertex 102.714 33.3738 12.5
      vertex 99.779 41.3298 -12.5
      vertex 99.779 41.3298 12.5
    endloop
  endfacet
  facet normal 0.938196 0.346104 0
    outer loop
      vertex 99.779 41.3298 -12.5
      vertex 102.714 33.3738 12.5
      vertex 102.714 33.3738 -12.5
    endloop
  endfacet
  facet normal -0.346104 -0.938196 0
    outer loop
      vertex -41.3298 -99.779 -12.5
      vertex -33.3738 -102.714 12.5
      vertex -41.3298 -99.779 12.5
    endloop
  endfacet
  facet normal -0.346104 -0.938196 -0
    outer loop
      vertex -33.3738 -102.714 12.5
      vertex -41.3298 -99.779 -12.5
      vertex -33.3738 -102.714 -12.5
    endloop
  endfacet
  facet normal 0.734321 0.678803 0
    outer loop
      vertex 82.1238 70.1404 12.5
      vertex 76.3675 76.3675 -12.5
      vertex 76.3675 76.3675 12.5
    endloop
  endfacet
  facet normal 0.734321 0.678803 0
    outer loop
      vertex 76.3675 76.3675 -12.5
      vertex 82.1238 70.1404 12.5
      vertex 82.1238 70.1404 -12.5
    endloop
  endfacet
  facet normal -0.41866 0.908143 0
    outer loop
      vertex -41.3298 99.779 -12.5
      vertex -49.031 96.2287 12.5
      vertex -41.3298 99.779 12.5
    endloop
  endfacet
  facet normal -0.41866 0.908143 0
    outer loop
      vertex -49.031 96.2287 12.5
      vertex -41.3298 99.779 -12.5
      vertex -49.031 96.2287 -12.5
    endloop
  endfacet
  facet normal -0.555568 -0.831471 0
    outer loop
      vertex -63.4808 -87.3738 -12.5
      vertex -56.4298 -92.0851 12.5
      vertex -63.4808 -87.3738 12.5
    endloop
  endfacet
  facet normal -0.555568 -0.831471 -0
    outer loop
      vertex -56.4298 -92.0851 12.5
      vertex -63.4808 -87.3738 -12.5
      vertex -56.4298 -92.0851 -12.5
    endloop
  endfacet
  facet normal -0.999229 -0.0392683 0
    outer loop
      vertex -107.667 -8.47358 -12.5
      vertex -108 0 12.5
      vertex -108 0 -12.5
    endloop
  endfacet
  facet normal -0.999229 -0.0392683 0
    outer loop
      vertex -108 0 12.5
      vertex -107.667 -8.47358 -12.5
      vertex -107.667 -8.47358 12.5
    endloop
  endfacet
  facet normal -0.271458 -0.96245 0
    outer loop
      vertex -33.3738 -102.714 -12.5
      vertex -25.2121 -105.016 12.5
      vertex -33.3738 -102.714 12.5
    endloop
  endfacet
  facet normal -0.271458 -0.96245 -0
    outer loop
      vertex -25.2121 -105.016 12.5
      vertex -33.3738 -102.714 -12.5
      vertex -25.2121 -105.016 -12.5
    endloop
  endfacet
  facet normal -0.346104 0.938196 0
    outer loop
      vertex -33.3738 102.714 -12.5
      vertex -41.3298 99.779 12.5
      vertex -33.3738 102.714 12.5
    endloop
  endfacet
  facet normal -0.346104 0.938196 0
    outer loop
      vertex -41.3298 99.779 12.5
      vertex -33.3738 102.714 -12.5
      vertex -41.3298 99.779 -12.5
    endloop
  endfacet
  facet normal 0.619094 -0.785317 0
    outer loop
      vertex 63.4808 -87.3738 -12.5
      vertex 70.1404 -82.1238 12.5
      vertex 63.4808 -87.3738 12.5
    endloop
  endfacet
  facet normal 0.619094 -0.785317 0
    outer loop
      vertex 70.1404 -82.1238 12.5
      vertex 63.4808 -87.3738 -12.5
      vertex 70.1404 -82.1238 -12.5
    endloop
  endfacet
  facet normal -0.831471 -0.555568 0
    outer loop
      vertex -87.3738 -63.4808 -12.5
      vertex -92.0851 -56.4298 12.5
      vertex -92.0851 -56.4298 -12.5
    endloop
  endfacet
  facet normal -0.831471 -0.555568 0
    outer loop
      vertex -92.0851 -56.4298 12.5
      vertex -87.3738 -63.4808 -12.5
      vertex -87.3738 -63.4808 12.5
    endloop
  endfacet
  facet normal -0.999229 0.0392683 0
    outer loop
      vertex -108 0 -12.5
      vertex -107.667 8.47358 12.5
      vertex -107.667 8.47358 -12.5
    endloop
  endfacet
  facet normal -0.999229 0.0392683 0
    outer loop
      vertex -107.667 8.47358 12.5
      vertex -108 0 -12.5
      vertex -108 0 12.5
    endloop
  endfacet
  facet normal 0.346104 0.938196 -0
    outer loop
      vertex 41.3298 99.779 -12.5
      vertex 33.3738 102.714 12.5
      vertex 41.3298 99.779 12.5
    endloop
  endfacet
  facet normal 0.346104 0.938196 0
    outer loop
      vertex 33.3738 102.714 12.5
      vertex 41.3298 99.779 -12.5
      vertex 33.3738 102.714 -12.5
    endloop
  endfacet
  facet normal -0.678803 -0.734321 0
    outer loop
      vertex -76.3675 -76.3675 -12.5
      vertex -70.1404 -82.1238 12.5
      vertex -76.3675 -76.3675 12.5
    endloop
  endfacet
  facet normal -0.678803 -0.734321 -0
    outer loop
      vertex -70.1404 -82.1238 12.5
      vertex -76.3675 -76.3675 -12.5
      vertex -70.1404 -82.1238 -12.5
    endloop
  endfacet
  facet normal 0.555568 -0.831471 0
    outer loop
      vertex 56.4298 -92.0851 -12.5
      vertex 63.4808 -87.3738 12.5
      vertex 56.4298 -92.0851 12.5
    endloop
  endfacet
  facet normal 0.555568 -0.831471 0
    outer loop
      vertex 63.4808 -87.3738 12.5
      vertex 56.4298 -92.0851 -12.5
      vertex 63.4808 -87.3738 -12.5
    endloop
  endfacet
  facet normal 0.872492 -0.488628 0
    outer loop
      vertex 92.0851 -56.4298 12.5
      vertex 96.2287 -49.031 -12.5
      vertex 96.2287 -49.031 12.5
    endloop
  endfacet
  facet normal 0.872492 -0.488628 0
    outer loop
      vertex 96.2287 -49.031 -12.5
      vertex 92.0851 -56.4298 12.5
      vertex 92.0851 -56.4298 -12.5
    endloop
  endfacet
  facet normal -0.785317 0.619094 0
    outer loop
      vertex -87.3738 63.4808 -12.5
      vertex -82.1238 70.1404 12.5
      vertex -82.1238 70.1404 -12.5
    endloop
  endfacet
  facet normal -0.785317 0.619094 0
    outer loop
      vertex -82.1238 70.1404 12.5
      vertex -87.3738 63.4808 -12.5
      vertex -87.3738 63.4808 12.5
    endloop
  endfacet
  facet normal 0.488628 -0.872492 0
    outer loop
      vertex 49.031 -96.2287 -12.5
      vertex 56.4298 -92.0851 12.5
      vertex 49.031 -96.2287 12.5
    endloop
  endfacet
  facet normal 0.488628 -0.872492 0
    outer loop
      vertex 56.4298 -92.0851 12.5
      vertex 49.031 -96.2287 -12.5
      vertex 56.4298 -92.0851 -12.5
    endloop
  endfacet
  facet normal -0.785317 -0.619094 0
    outer loop
      vertex -82.1238 -70.1404 -12.5
      vertex -87.3738 -63.4808 12.5
      vertex -87.3738 -63.4808 -12.5
    endloop
  endfacet
  facet normal -0.785317 -0.619094 0
    outer loop
      vertex -87.3738 -63.4808 12.5
      vertex -82.1238 -70.1404 -12.5
      vertex -82.1238 -70.1404 12.5
    endloop
  endfacet
  facet normal 0.117569 0.993065 -0
    outer loop
      vertex 16.8949 106.67 -12.5
      vertex 8.47358 107.667 12.5
      vertex 16.8949 106.67 12.5
    endloop
  endfacet
  facet normal 0.117569 0.993065 0
    outer loop
      vertex 8.47358 107.667 12.5
      vertex 16.8949 106.67 -12.5
      vertex 8.47358 107.667 -12.5
    endloop
  endfacet
  facet normal -0.0392683 -0.999229 0
    outer loop
      vertex -8.47358 -107.667 -12.5
      vertex 0 -108 12.5
      vertex -8.47358 -107.667 12.5
    endloop
  endfacet
  facet normal -0.0392683 -0.999229 -0
    outer loop
      vertex 0 -108 12.5
      vertex -8.47358 -107.667 -12.5
      vertex 0 -108 -12.5
    endloop
  endfacet
  facet normal -0.872492 0.488628 0
    outer loop
      vertex -96.2287 49.031 -12.5
      vertex -92.0851 56.4298 12.5
      vertex -92.0851 56.4298 -12.5
    endloop
  endfacet
  facet normal -0.872492 0.488628 0
    outer loop
      vertex -92.0851 56.4298 12.5
      vertex -96.2287 49.031 -12.5
      vertex -96.2287 49.031 12.5
    endloop
  endfacet
  facet normal -0.619094 -0.785317 0
    outer loop
      vertex -70.1404 -82.1238 -12.5
      vertex -63.4808 -87.3738 12.5
      vertex -70.1404 -82.1238 12.5
    endloop
  endfacet
  facet normal -0.619094 -0.785317 -0
    outer loop
      vertex -63.4808 -87.3738 12.5
      vertex -70.1404 -82.1238 -12.5
      vertex -63.4808 -87.3738 -12.5
    endloop
  endfacet
  facet normal -0.993065 -0.117569 0
    outer loop
      vertex -106.67 -16.8949 -12.5
      vertex -107.667 -8.47358 12.5
      vertex -107.667 -8.47358 -12.5
    endloop
  endfacet
  facet normal -0.993065 -0.117569 0
    outer loop
      vertex -107.667 -8.47358 12.5
      vertex -106.67 -16.8949 -12.5
      vertex -106.67 -16.8949 12.5
    endloop
  endfacet
  facet normal -0.993065 0.117569 0
    outer loop
      vertex -107.667 8.47358 -12.5
      vertex -106.67 16.8949 12.5
      vertex -106.67 16.8949 -12.5
    endloop
  endfacet
  facet normal -0.993065 0.117569 0
    outer loop
      vertex -106.67 16.8949 12.5
      vertex -107.667 8.47358 -12.5
      vertex -107.667 8.47358 12.5
    endloop
  endfacet
  facet normal 0 0 1
    outer loop
      vertex 98.7688 15.6434 12.5
      vertex 106.67 16.8949 12.5
      vertex 105.016 25.2121 12.5
    endloop
  endfacet
  facet normal 0 0 1
    outer loop
      vertex 97.237 23.3445 12.5
      vertex 105.016 25.2121 12.5
      vertex 102.714 33.3738 12.5
    endloop
  endfacet
  facet normal 0 0 1
    outer loop
      vertex 95.1057 30.9017 12.5
      vertex 102.714 33.3738 12.5
      vertex 99.779 41.3298 12.5
    endloop
  endfacet
  facet normal 0 -0 1
    outer loop
      vertex 98.7688 15.6434 12.5
      vertex 105.016 25.2121 12.5
      vertex 97.237 23.3445 12.5
    endloop
  endfacet
  facet normal 0 0 1
    outer loop
      vertex 106.67 16.8949 12.5
      vertex 99.4368 10 12.5
      vertex 107.486 10 12.5
    endloop
  endfacet
  facet normal 0 -0 1
    outer loop
      vertex 99.4368 10 12.5
      vertex 106.67 16.8949 12.5
      vertex 98.7688 15.6434 12.5
    endloop
  endfacet
  facet normal 0 0 1
    outer loop
      vertex 92.388 38.2683 12.5
      vertex 99.779 41.3298 12.5
      vertex 96.2287 49.031 12.5
    endloop
  endfacet
  facet normal 0 0 1
    outer loop
      vertex 102.714 33.3738 12.5
      vertex 95.1057 30.9017 12.5
      vertex 97.237 23.3445 12.5
    endloop
  endfacet
  facet normal 0 0 1
    outer loop
      vertex 99.779 41.3298 12.5
      vertex 92.388 38.2683 12.5
      vertex 95.1057 30.9017 12.5
    endloop
  endfacet
  facet normal 0 0 1
    outer loop
      vertex 89.1007 45.399 12.5
      vertex 96.2287 49.031 12.5
      vertex 92.0851 56.4298 12.5
    endloop
  endfacet
  facet normal 0 0 1
    outer loop
      vertex 96.2287 49.031 12.5
      vertex 89.1007 45.399 12.5
      vertex 92.388 38.2683 12.5
    endloop
  endfacet
  facet normal 0 0 1
    outer loop
      vertex 85.264 52.2499 12.5
      vertex 92.0851 56.4298 12.5
      vertex 87.3738 63.4808 12.5
    endloop
  endfacet
  facet normal 0 0 1
    outer loop
      vertex 92.0851 56.4298 12.5
      vertex 85.264 52.2499 12.5
      vertex 89.1007 45.399 12.5
    endloop
  endfacet
  facet normal 0 0 1
    outer loop
      vertex 80.9017 58.7785 12.5
      vertex 87.3738 63.4808 12.5
      vertex 82.1238 70.1404 12.5
    endloop
  endfacet
  facet normal 0 0 1
    outer loop
      vertex 87.3738 63.4808 12.5
      vertex 80.9017 58.7785 12.5
      vertex 85.264 52.2499 12.5
    endloop
  endfacet
  facet normal 0 0 1
    outer loop
      vertex 76.0406 64.9448 12.5
      vertex 82.1238 70.1404 12.5
      vertex 76.3675 76.3675 12.5
    endloop
  endfacet
  facet normal 0 0 1
    outer loop
      vertex 82.1238 70.1404 12.5
      vertex 76.0406 64.9448 12.5
      vertex 80.9017 58.7785 12.5
    endloop
  endfacet
  facet normal 0 0 1
    outer loop
      vertex 76.3675 76.3675 12.5
      vertex 70.7107 70.7107 12.5
      vertex 76.0406 64.9448 12.5
    endloop
  endfacet
  facet normal 0 0 1
    outer loop
      vertex 70.1404 82.1238 12.5
      vertex 70.7107 70.7107 12.5
      vertex 76.3675 76.3675 12.5
    endloop
  endfacet
  facet normal 0 0 1
    outer loop
      vertex 70.1404 82.1238 12.5
      vertex 64.9448 76.0406 12.5
      vertex 70.7107 70.7107 12.5
    endloop
  endfacet
  facet normal 0 0 1
    outer loop
      vertex 63.4808 87.3738 12.5
      vertex 64.9448 76.0406 12.5
      vertex 70.1404 82.1238 12.5
    endloop
  endfacet
  facet normal 0 0 1
    outer loop
      vertex 63.4808 87.3738 12.5
      vertex 58.7785 80.9017 12.5
      vertex 64.9448 76.0406 12.5
    endloop
  endfacet
  facet normal 0 0 1
    outer loop
      vertex 56.4298 92.0851 12.5
      vertex 58.7785 80.9017 12.5
      vertex 63.4808 87.3738 12.5
    endloop
  endfacet
  facet normal 0 0 1
    outer loop
      vertex 56.4298 92.0851 12.5
      vertex 52.2499 85.264 12.5
      vertex 58.7785 80.9017 12.5
    endloop
  endfacet
  facet normal 0 0 1
    outer loop
      vertex 49.031 96.2287 12.5
      vertex 52.2499 85.264 12.5
      vertex 56.4298 92.0851 12.5
    endloop
  endfacet
  facet normal 0 0 1
    outer loop
      vertex 49.031 96.2287 12.5
      vertex 45.399 89.1007 12.5
      vertex 52.2499 85.264 12.5
    endloop
  endfacet
  facet normal 0 0 1
    outer loop
      vertex 41.3298 99.779 12.5
      vertex 45.399 89.1007 12.5
      vertex 49.031 96.2287 12.5
    endloop
  endfacet
  facet normal 0 0 1
    outer loop
      vertex 41.3298 99.779 12.5
      vertex 38.2683 92.388 12.5
      vertex 45.399 89.1007 12.5
    endloop
  endfacet
  facet normal 0 0 1
    outer loop
      vertex 33.3738 102.714 12.5
      vertex 38.2683 92.388 12.5
      vertex 41.3298 99.779 12.5
    endloop
  endfacet
  facet normal 0 0 1
    outer loop
      vertex 33.3738 102.714 12.5
      vertex 30.9017 95.1057 12.5
      vertex 38.2683 92.388 12.5
    endloop
  endfacet
  facet normal 0 0 1
    outer loop
      vertex 25.2121 105.016 12.5
      vertex 30.9017 95.1057 12.5
      vertex 33.3738 102.714 12.5
    endloop
  endfacet
  facet normal 0 0 1
    outer loop
      vertex 25.2121 105.016 12.5
      vertex 23.3445 97.237 12.5
      vertex 30.9017 95.1057 12.5
    endloop
  endfacet
  facet normal 0 0 1
    outer loop
      vertex 16.8949 106.67 12.5
      vertex 23.3445 97.237 12.5
      vertex 25.2121 105.016 12.5
    endloop
  endfacet
  facet normal 0 0 1
    outer loop
      vertex 16.8949 106.67 12.5
      vertex 15.6434 98.7688 12.5
      vertex 23.3445 97.237 12.5
    endloop
  endfacet
  facet normal 0 0 1
    outer loop
      vertex 8.47358 107.667 12.5
      vertex 15.6434 98.7688 12.5
      vertex 16.8949 106.67 12.5
    endloop
  endfacet
  facet normal 0 0 1
    outer loop
      vertex 8.47358 107.667 12.5
      vertex 7.84591 99.6917 12.5
      vertex 15.6434 98.7688 12.5
    endloop
  endfacet
  facet normal 0 0 1
    outer loop
      vertex 0 108 12.5
      vertex 7.84591 99.6917 12.5
      vertex 8.47358 107.667 12.5
    endloop
  endfacet
  facet normal 0 0 1
    outer loop
      vertex 0 108 12.5
      vertex 0 100 12.5
      vertex 7.84591 99.6917 12.5
    endloop
  endfacet
  facet normal 0 0 1
    outer loop
      vertex 0 108 12.5
      vertex -7.84591 99.6917 12.5
      vertex 0 100 12.5
    endloop
  endfacet
  facet normal -0 0 1
    outer loop
      vertex -8.47358 107.667 12.5
      vertex -7.84591 99.6917 12.5
      vertex 0 108 12.5
    endloop
  endfacet
  facet normal 0 0 1
    outer loop
      vertex -8.47358 107.667 12.5
      vertex -15.6434 98.7688 12.5
      vertex -7.84591 99.6917 12.5
    endloop
  endfacet
  facet normal -0 0 1
    outer loop
      vertex -16.8949 106.67 12.5
      vertex -15.6434 98.7688 12.5
      vertex -8.47358 107.667 12.5
    endloop
  endfacet
  facet normal 0 0 1
    outer loop
      vertex -16.8949 106.67 12.5
      vertex -23.3445 97.237 12.5
      vertex -15.6434 98.7688 12.5
    endloop
  endfacet
  facet normal -0 0 1
    outer loop
      vertex -25.2121 105.016 12.5
      vertex -23.3445 97.237 12.5
      vertex -16.8949 106.67 12.5
    endloop
  endfacet
  facet normal 0 0 1
    outer loop
      vertex -25.2121 105.016 12.5
      vertex -30.9017 95.1057 12.5
      vertex -23.3445 97.237 12.5
    endloop
  endfacet
  facet normal -0 0 1
    outer loop
      vertex -33.3738 102.714 12.5
      vertex -30.9017 95.1057 12.5
      vertex -25.2121 105.016 12.5
    endloop
  endfacet
  facet normal 0 0 1
    outer loop
      vertex -33.3738 102.714 12.5
      vertex -38.2683 92.388 12.5
      vertex -30.9017 95.1057 12.5
    endloop
  endfacet
  facet normal -0 0 1
    outer loop
      vertex -41.3298 99.779 12.5
      vertex -38.2683 92.388 12.5
      vertex -33.3738 102.714 12.5
    endloop
  endfacet
  facet normal 0 0 1
    outer loop
      vertex -41.3298 99.779 12.5
      vertex -45.399 89.1007 12.5
      vertex -38.2683 92.388 12.5
    endloop
  endfacet
  facet normal -0 0 1
    outer loop
      vertex -49.031 96.2287 12.5
      vertex -45.399 89.1007 12.5
      vertex -41.3298 99.779 12.5
    endloop
  endfacet
  facet normal 0 0 1
    outer loop
      vertex -49.031 96.2287 12.5
      vertex -52.2499 85.264 12.5
      vertex -45.399 89.1007 12.5
    endloop
  endfacet
  facet normal -0 0 1
    outer loop
      vertex -56.4298 92.0851 12.5
      vertex -52.2499 85.264 12.5
      vertex -49.031 96.2287 12.5
    endloop
  endfacet
  facet normal 0 0 1
    outer loop
      vertex -56.4298 92.0851 12.5
      vertex -58.7785 80.9017 12.5
      vertex -52.2499 85.264 12.5
    endloop
  endfacet
  facet normal -0 0 1
    outer loop
      vertex -63.4808 87.3738 12.5
      vertex -58.7785 80.9017 12.5
      vertex -56.4298 92.0851 12.5
    endloop
  endfacet
  facet normal 0 0 1
    outer loop
      vertex -63.4808 87.3738 12.5
      vertex -64.9448 76.0406 12.5
      vertex -58.7785 80.9017 12.5
    endloop
  endfacet
  facet normal -0 0 1
    outer loop
      vertex -70.1404 82.1238 12.5
      vertex -64.9448 76.0406 12.5
      vertex -63.4808 87.3738 12.5
    endloop
  endfacet
  facet normal 0 0 1
    outer loop
      vertex -70.1404 82.1238 12.5
      vertex -70.7107 70.7107 12.5
      vertex -64.9448 76.0406 12.5
    endloop
  endfacet
  facet normal -0 0 1
    outer loop
      vertex -76.3675 76.3675 12.5
      vertex -70.7107 70.7107 12.5
      vertex -70.1404 82.1238 12.5
    endloop
  endfacet
  facet normal 0 0 1
    outer loop
      vertex -70.7107 70.7107 12.5
      vertex -76.3675 76.3675 12.5
      vertex -76.0406 64.9448 12.5
    endloop
  endfacet
  facet normal -0 0 1
    outer loop
      vertex -82.1238 70.1404 12.5
      vertex -76.0406 64.9448 12.5
      vertex -76.3675 76.3675 12.5
    endloop
  endfacet
  facet normal 0 0 1
    outer loop
      vertex -76.0406 64.9448 12.5
      vertex -82.1238 70.1404 12.5
      vertex -80.9017 58.7785 12.5
    endloop
  endfacet
  facet normal -0 0 1
    outer loop
      vertex -87.3738 63.4808 12.5
      vertex -80.9017 58.7785 12.5
      vertex -82.1238 70.1404 12.5
    endloop
  endfacet
  facet normal 0 0 1
    outer loop
      vertex -80.9017 58.7785 12.5
      vertex -87.3738 63.4808 12.5
      vertex -85.264 52.2499 12.5
    endloop
  endfacet
  facet normal -0 0 1
    outer loop
      vertex -92.0851 56.4298 12.5
      vertex -85.264 52.2499 12.5
      vertex -87.3738 63.4808 12.5
    endloop
  endfacet
  facet normal 0 0 1
    outer loop
      vertex -85.264 52.2499 12.5
      vertex -92.0851 56.4298 12.5
      vertex -89.1007 45.399 12.5
    endloop
  endfacet
  facet normal -0 0 1
    outer loop
      vertex -96.2287 49.031 12.5
      vertex -89.1007 45.399 12.5
      vertex -92.0851 56.4298 12.5
    endloop
  endfacet
  facet normal 0 0 1
    outer loop
      vertex -89.1007 45.399 12.5
      vertex -96.2287 49.031 12.5
      vertex -92.388 38.2683 12.5
    endloop
  endfacet
  facet normal -0 0 1
    outer loop
      vertex -99.779 41.3298 12.5
      vertex -92.388 38.2683 12.5
      vertex -96.2287 49.031 12.5
    endloop
  endfacet
  facet normal 0 0 1
    outer loop
      vertex -92.388 38.2683 12.5
      vertex -99.779 41.3298 12.5
      vertex -95.1057 30.9017 12.5
    endloop
  endfacet
  facet normal -0 0 1
    outer loop
      vertex -102.714 33.3738 12.5
      vertex -95.1057 30.9017 12.5
      vertex -99.779 41.3298 12.5
    endloop
  endfacet
  facet normal 0 0 1
    outer loop
      vertex -95.1057 30.9017 12.5
      vertex -102.714 33.3738 12.5
      vertex -97.237 23.3445 12.5
    endloop
  endfacet
  facet normal -0 0 1
    outer loop
      vertex -105.016 25.2121 12.5
      vertex -97.237 23.3445 12.5
      vertex -102.714 33.3738 12.5
    endloop
  endfacet
  facet normal 0 0 1
    outer loop
      vertex -97.237 23.3445 12.5
      vertex -105.016 25.2121 12.5
      vertex -98.7688 15.6434 12.5
    endloop
  endfacet
  facet normal -0 0 1
    outer loop
      vertex -106.67 16.8949 12.5
      vertex -98.7688 15.6434 12.5
      vertex -105.016 25.2121 12.5
    endloop
  endfacet
  facet normal -0 0 1
    outer loop
      vertex 99.4368 -10 12.5
      vertex 106.67 -16.8949 12.5
      vertex 107.486 -10 12.5
    endloop
  endfacet
  facet normal 0 0 1
    outer loop
      vertex 106.67 -16.8949 12.5
      vertex 98.7688 -15.6434 12.5
      vertex 105.016 -25.2121 12.5
    endloop
  endfacet
  facet normal 0 0 1
    outer loop
      vertex 105.016 -25.2121 12.5
      vertex 97.237 -23.3445 12.5
      vertex 102.714 -33.3738 12.5
    endloop
  endfacet
  facet normal 0 0 1
    outer loop
      vertex 106.67 -16.8949 12.5
      vertex 99.4368 -10 12.5
      vertex 98.7688 -15.6434 12.5
    endloop
  endfacet
  facet normal 0 0 1
    outer loop
      vertex 105.016 -25.2121 12.5
      vertex 98.7688 -15.6434 12.5
      vertex 97.237 -23.3445 12.5
    endloop
  endfacet
  facet normal -0 0 1
    outer loop
      vertex 95.1057 -30.9017 12.5
      vertex 102.714 -33.3738 12.5
      vertex 97.237 -23.3445 12.5
    endloop
  endfacet
  facet normal 0 0 1
    outer loop
      vertex 102.714 -33.3738 12.5
      vertex 95.1057 -30.9017 12.5
      vertex 99.779 -41.3298 12.5
    endloop
  endfacet
  facet normal -0 0 1
    outer loop
      vertex 92.388 -38.2683 12.5
      vertex 99.779 -41.3298 12.5
      vertex 95.1057 -30.9017 12.5
    endloop
  endfacet
  facet normal 0 0 1
    outer loop
      vertex 99.779 -41.3298 12.5
      vertex 92.388 -38.2683 12.5
      vertex 96.2287 -49.031 12.5
    endloop
  endfacet
  facet normal -0 0 1
    outer loop
      vertex 89.1007 -45.399 12.5
      vertex 96.2287 -49.031 12.5
      vertex 92.388 -38.2683 12.5
    endloop
  endfacet
  facet normal 0 0 1
    outer loop
      vertex 96.2287 -49.031 12.5
      vertex 89.1007 -45.399 12.5
      vertex 92.0851 -56.4298 12.5
    endloop
  endfacet
  facet normal -0 0 1
    outer loop
      vertex 85.264 -52.2499 12.5
      vertex 92.0851 -56.4298 12.5
      vertex 89.1007 -45.399 12.5
    endloop
  endfacet
  facet normal 0 0 1
    outer loop
      vertex 92.0851 -56.4298 12.5
      vertex 85.264 -52.2499 12.5
      vertex 87.3738 -63.4808 12.5
    endloop
  endfacet
  facet normal -0 0 1
    outer loop
      vertex 80.9017 -58.7785 12.5
      vertex 87.3738 -63.4808 12.5
      vertex 85.264 -52.2499 12.5
    endloop
  endfacet
  facet normal 0 0 1
    outer loop
      vertex 87.3738 -63.4808 12.5
      vertex 80.9017 -58.7785 12.5
      vertex 82.1238 -70.1404 12.5
    endloop
  endfacet
  facet normal -0 0 1
    outer loop
      vertex 76.0406 -64.9448 12.5
      vertex 82.1238 -70.1404 12.5
      vertex 80.9017 -58.7785 12.5
    endloop
  endfacet
  facet normal 0 0 1
    outer loop
      vertex 82.1238 -70.1404 12.5
      vertex 76.0406 -64.9448 12.5
      vertex 76.3675 -76.3675 12.5
    endloop
  endfacet
  facet normal -0 0 1
    outer loop
      vertex 70.7107 -70.7107 12.5
      vertex 76.3675 -76.3675 12.5
      vertex 76.0406 -64.9448 12.5
    endloop
  endfacet
  facet normal 0 0 1
    outer loop
      vertex 70.7107 -70.7107 12.5
      vertex 70.1404 -82.1238 12.5
      vertex 76.3675 -76.3675 12.5
    endloop
  endfacet
  facet normal -0 0 1
    outer loop
      vertex 64.9448 -76.0406 12.5
      vertex 70.1404 -82.1238 12.5
      vertex 70.7107 -70.7107 12.5
    endloop
  endfacet
  facet normal 0 0 1
    outer loop
      vertex 64.9448 -76.0406 12.5
      vertex 63.4808 -87.3738 12.5
      vertex 70.1404 -82.1238 12.5
    endloop
  endfacet
  facet normal -0 0 1
    outer loop
      vertex 58.7785 -80.9017 12.5
      vertex 63.4808 -87.3738 12.5
      vertex 64.9448 -76.0406 12.5
    endloop
  endfacet
  facet normal 0 0 1
    outer loop
      vertex 58.7785 -80.9017 12.5
      vertex 56.4298 -92.0851 12.5
      vertex 63.4808 -87.3738 12.5
    endloop
  endfacet
  facet normal -0 0 1
    outer loop
      vertex 52.2499 -85.264 12.5
      vertex 56.4298 -92.0851 12.5
      vertex 58.7785 -80.9017 12.5
    endloop
  endfacet
  facet normal 0 0 1
    outer loop
      vertex 52.2499 -85.264 12.5
      vertex 49.031 -96.2287 12.5
      vertex 56.4298 -92.0851 12.5
    endloop
  endfacet
  facet normal -0 0 1
    outer loop
      vertex 45.399 -89.1007 12.5
      vertex 49.031 -96.2287 12.5
      vertex 52.2499 -85.264 12.5
    endloop
  endfacet
  facet normal 0 0 1
    outer loop
      vertex 45.399 -89.1007 12.5
      vertex 41.3298 -99.779 12.5
      vertex 49.031 -96.2287 12.5
    endloop
  endfacet
  facet normal -0 0 1
    outer loop
      vertex 38.2683 -92.388 12.5
      vertex 41.3298 -99.779 12.5
      vertex 45.399 -89.1007 12.5
    endloop
  endfacet
  facet normal 0 0 1
    outer loop
      vertex 38.2683 -92.388 12.5
      vertex 33.3738 -102.714 12.5
      vertex 41.3298 -99.779 12.5
    endloop
  endfacet
  facet normal -0 0 1
    outer loop
      vertex 30.9017 -95.1057 12.5
      vertex 33.3738 -102.714 12.5
      vertex 38.2683 -92.388 12.5
    endloop
  endfacet
  facet normal 0 0 1
    outer loop
      vertex 30.9017 -95.1057 12.5
      vertex 25.2121 -105.016 12.5
      vertex 33.3738 -102.714 12.5
    endloop
  endfacet
  facet normal -0 0 1
    outer loop
      vertex 23.3445 -97.237 12.5
      vertex 25.2121 -105.016 12.5
      vertex 30.9017 -95.1057 12.5
    endloop
  endfacet
  facet normal 0 0 1
    outer loop
      vertex 23.3445 -97.237 12.5
      vertex 16.8949 -106.67 12.5
      vertex 25.2121 -105.016 12.5
    endloop
  endfacet
  facet normal -0 0 1
    outer loop
      vertex 15.6434 -98.7688 12.5
      vertex 16.8949 -106.67 12.5
      vertex 23.3445 -97.237 12.5
    endloop
  endfacet
  facet normal 0 0 1
    outer loop
      vertex 15.6434 -98.7688 12.5
      vertex 8.47358 -107.667 12.5
      vertex 16.8949 -106.67 12.5
    endloop
  endfacet
  facet normal -0 0 1
    outer loop
      vertex 7.84591 -99.6917 12.5
      vertex 8.47358 -107.667 12.5
      vertex 15.6434 -98.7688 12.5
    endloop
  endfacet
  facet normal -0 0 1
    outer loop
      vertex 0 -100 12.5
      vertex 8.47358 -107.667 12.5
      vertex 7.84591 -99.6917 12.5
    endloop
  endfacet
  facet normal 0 0 1
    outer loop
      vertex 0 -100 12.5
      vertex 0 -108 12.5
      vertex 8.47358 -107.667 12.5
    endloop
  endfacet
  facet normal 0 0 1
    outer loop
      vertex -7.84591 -99.6917 12.5
      vertex 0 -108 12.5
      vertex 0 -100 12.5
    endloop
  endfacet
  facet normal 0 0 1
    outer loop
      vertex -7.84591 -99.6917 12.5
      vertex -8.47358 -107.667 12.5
      vertex 0 -108 12.5
    endloop
  endfacet
  facet normal 0 0 1
    outer loop
      vertex -15.6434 -98.7688 12.5
      vertex -8.47358 -107.667 12.5
      vertex -7.84591 -99.6917 12.5
    endloop
  endfacet
  facet normal 0 0 1
    outer loop
      vertex -15.6434 -98.7688 12.5
      vertex -16.8949 -106.67 12.5
      vertex -8.47358 -107.667 12.5
    endloop
  endfacet
  facet normal 0 0 1
    outer loop
      vertex -23.3445 -97.237 12.5
      vertex -16.8949 -106.67 12.5
      vertex -15.6434 -98.7688 12.5
    endloop
  endfacet
  facet normal 0 0 1
    outer loop
      vertex -23.3445 -97.237 12.5
      vertex -25.2121 -105.016 12.5
      vertex -16.8949 -106.67 12.5
    endloop
  endfacet
  facet normal 0 0 1
    outer loop
      vertex -30.9017 -95.1057 12.5
      vertex -25.2121 -105.016 12.5
      vertex -23.3445 -97.237 12.5
    endloop
  endfacet
  facet normal 0 0 1
    outer loop
      vertex -30.9017 -95.1057 12.5
      vertex -33.3738 -102.714 12.5
      vertex -25.2121 -105.016 12.5
    endloop
  endfacet
  facet normal 0 0 1
    outer loop
      vertex -38.2683 -92.388 12.5
      vertex -33.3738 -102.714 12.5
      vertex -30.9017 -95.1057 12.5
    endloop
  endfacet
  facet normal 0 0 1
    outer loop
      vertex -38.2683 -92.388 12.5
      vertex -41.3298 -99.779 12.5
      vertex -33.3738 -102.714 12.5
    endloop
  endfacet
  facet normal 0 0 1
    outer loop
      vertex -45.399 -89.1007 12.5
      vertex -41.3298 -99.779 12.5
      vertex -38.2683 -92.388 12.5
    endloop
  endfacet
  facet normal 0 0 1
    outer loop
      vertex -45.399 -89.1007 12.5
      vertex -49.031 -96.2287 12.5
      vertex -41.3298 -99.779 12.5
    endloop
  endfacet
  facet normal 0 0 1
    outer loop
      vertex -52.2499 -85.264 12.5
      vertex -49.031 -96.2287 12.5
      vertex -45.399 -89.1007 12.5
    endloop
  endfacet
  facet normal 0 0 1
    outer loop
      vertex -52.2499 -85.264 12.5
      vertex -56.4298 -92.0851 12.5
      vertex -49.031 -96.2287 12.5
    endloop
  endfacet
  facet normal 0 0 1
    outer loop
      vertex -58.7785 -80.9017 12.5
      vertex -56.4298 -92.0851 12.5
      vertex -52.2499 -85.264 12.5
    endloop
  endfacet
  facet normal 0 0 1
    outer loop
      vertex -58.7785 -80.9017 12.5
      vertex -63.4808 -87.3738 12.5
      vertex -56.4298 -92.0851 12.5
    endloop
  endfacet
  facet normal 0 0 1
    outer loop
      vertex -64.9448 -76.0406 12.5
      vertex -63.4808 -87.3738 12.5
      vertex -58.7785 -80.9017 12.5
    endloop
  endfacet
  facet normal 0 0 1
    outer loop
      vertex -64.9448 -76.0406 12.5
      vertex -70.1404 -82.1238 12.5
      vertex -63.4808 -87.3738 12.5
    endloop
  endfacet
  facet normal 0 0 1
    outer loop
      vertex -70.7107 -70.7107 12.5
      vertex -70.1404 -82.1238 12.5
      vertex -64.9448 -76.0406 12.5
    endloop
  endfacet
  facet normal 0 0 1
    outer loop
      vertex -76.3675 -76.3675 12.5
      vertex -70.7107 -70.7107 12.5
      vertex -76.0406 -64.9448 12.5
    endloop
  endfacet
  facet normal 0 0 1
    outer loop
      vertex -70.7107 -70.7107 12.5
      vertex -76.3675 -76.3675 12.5
      vertex -70.1404 -82.1238 12.5
    endloop
  endfacet
  facet normal 0 0 1
    outer loop
      vertex -82.1238 -70.1404 12.5
      vertex -76.0406 -64.9448 12.5
      vertex -80.9017 -58.7785 12.5
    endloop
  endfacet
  facet normal 0 0 1
    outer loop
      vertex -76.0406 -64.9448 12.5
      vertex -82.1238 -70.1404 12.5
      vertex -76.3675 -76.3675 12.5
    endloop
  endfacet
  facet normal 0 0 1
    outer loop
      vertex -87.3738 -63.4808 12.5
      vertex -80.9017 -58.7785 12.5
      vertex -85.264 -52.2499 12.5
    endloop
  endfacet
  facet normal 0 0 1
    outer loop
      vertex -80.9017 -58.7785 12.5
      vertex -87.3738 -63.4808 12.5
      vertex -82.1238 -70.1404 12.5
    endloop
  endfacet
  facet normal 0 0 1
    outer loop
      vertex -92.0851 -56.4298 12.5
      vertex -85.264 -52.2499 12.5
      vertex -89.1007 -45.399 12.5
    endloop
  endfacet
  facet normal 0 0 1
    outer loop
      vertex -85.264 -52.2499 12.5
      vertex -92.0851 -56.4298 12.5
      vertex -87.3738 -63.4808 12.5
    endloop
  endfacet
  facet normal 0 0 1
    outer loop
      vertex -96.2287 -49.031 12.5
      vertex -89.1007 -45.399 12.5
      vertex -92.388 -38.2683 12.5
    endloop
  endfacet
  facet normal 0 0 1
    outer loop
      vertex -99.779 -41.3298 12.5
      vertex -92.388 -38.2683 12.5
      vertex -95.1057 -30.9017 12.5
    endloop
  endfacet
  facet normal 0 0 1
    outer loop
      vertex -89.1007 -45.399 12.5
      vertex -96.2287 -49.031 12.5
      vertex -92.0851 -56.4298 12.5
    endloop
  endfacet
  facet normal 0 0 1
    outer loop
      vertex -102.714 -33.3738 12.5
      vertex -95.1057 -30.9017 12.5
      vertex -97.237 -23.3445 12.5
    endloop
  endfacet
  facet normal 0 0 1
    outer loop
      vertex -105.016 -25.2121 12.5
      vertex -97.237 -23.3445 12.5
      vertex -98.7688 -15.6434 12.5
    endloop
  endfacet
  facet normal 0 0 1
    outer loop
      vertex -106.67 -16.8949 12.5
      vertex -98.7688 -15.6434 12.5
      vertex -99.6917 -7.84591 12.5
    endloop
  endfacet
  facet normal 0 0 1
    outer loop
      vertex -92.388 -38.2683 12.5
      vertex -99.779 -41.3298 12.5
      vertex -96.2287 -49.031 12.5
    endloop
  endfacet
  facet normal 0 0 1
    outer loop
      vertex -107.667 -8.47358 12.5
      vertex -99.6917 -7.84591 12.5
      vertex -100 0 12.5
    endloop
  endfacet
  facet normal 0 0 1
    outer loop
      vertex -98.7688 15.6434 12.5
      vertex -106.67 16.8949 12.5
      vertex -99.6917 7.84591 12.5
    endloop
  endfacet
  facet normal 0 0 1
    outer loop
      vertex -95.1057 -30.9017 12.5
      vertex -102.714 -33.3738 12.5
      vertex -99.779 -41.3298 12.5
    endloop
  endfacet
  facet normal -0 0 1
    outer loop
      vertex -107.667 8.47358 12.5
      vertex -99.6917 7.84591 12.5
      vertex -106.67 16.8949 12.5
    endloop
  endfacet
  facet normal 0 0 1
    outer loop
      vertex -97.237 -23.3445 12.5
      vertex -105.016 -25.2121 12.5
      vertex -102.714 -33.3738 12.5
    endloop
  endfacet
  facet normal 0 0 1
    outer loop
      vertex -99.6917 7.84591 12.5
      vertex -107.667 8.47358 12.5
      vertex -100 0 12.5
    endloop
  endfacet
  facet normal 0 0 1
    outer loop
      vertex -98.7688 -15.6434 12.5
      vertex -106.67 -16.8949 12.5
      vertex -105.016 -25.2121 12.5
    endloop
  endfacet
  facet normal 0 0 1
    outer loop
      vertex -108 0 12.5
      vertex -100 0 12.5
      vertex -107.667 8.47358 12.5
    endloop
  endfacet
  facet normal 0 0 1
    outer loop
      vertex -99.6917 -7.84591 12.5
      vertex -107.667 -8.47358 12.5
      vertex -106.67 -16.8949 12.5
    endloop
  endfacet
  facet normal 0 0 1
    outer loop
      vertex -100 0 12.5
      vertex -108 0 12.5
      vertex -107.667 -8.47358 12.5
    endloop
  endfacet
  facet normal 0.346104 -0.938196 0
    outer loop
      vertex 33.3738 -102.714 -12.5
      vertex 41.3298 -99.779 12.5
      vertex 33.3738 -102.714 12.5
    endloop
  endfacet
  facet normal 0.346104 -0.938196 0
    outer loop
      vertex 41.3298 -99.779 12.5
      vertex 33.3738 -102.714 -12.5
      vertex 41.3298 -99.779 -12.5
    endloop
  endfacet
  facet normal -0.117569 -0.993065 0
    outer loop
      vertex -16.8949 -106.67 -12.5
      vertex -8.47358 -107.667 12.5
      vertex -16.8949 -106.67 12.5
    endloop
  endfacet
  facet normal -0.117569 -0.993065 -0
    outer loop
      vertex -8.47358 -107.667 12.5
      vertex -16.8949 -106.67 -12.5
      vertex -8.47358 -107.667 -12.5
    endloop
  endfacet
  facet normal 0.41866 -0.908143 0
    outer loop
      vertex 41.3298 -99.779 -12.5
      vertex 49.031 -96.2287 12.5
      vertex 41.3298 -99.779 12.5
    endloop
  endfacet
  facet normal 0.41866 -0.908143 0
    outer loop
      vertex 49.031 -96.2287 12.5
      vertex 41.3298 -99.779 -12.5
      vertex 49.031 -96.2287 -12.5
    endloop
  endfacet
  facet normal -0.908143 0.41866 0
    outer loop
      vertex -99.779 41.3298 -12.5
      vertex -96.2287 49.031 12.5
      vertex -96.2287 49.031 -12.5
    endloop
  endfacet
  facet normal -0.908143 0.41866 0
    outer loop
      vertex -96.2287 49.031 12.5
      vertex -99.779 41.3298 -12.5
      vertex -99.779 41.3298 12.5
    endloop
  endfacet
  facet normal 0.872495 0.488622 0
    outer loop
      vertex -85.264 -52.2499 12.5
      vertex -89.1007 -45.399 -12.5
      vertex -89.1007 -45.399 12.5
    endloop
  endfacet
  facet normal 0.872495 0.488622 0
    outer loop
      vertex -89.1007 -45.399 -12.5
      vertex -85.264 -52.2499 12.5
      vertex -85.264 -52.2499 -12.5
    endloop
  endfacet
  facet normal -0.962457 0.271434 0
    outer loop
      vertex 95.1057 -30.9017 -12.5
      vertex 97.237 -23.3445 12.5
      vertex 97.237 -23.3445 -12.5
    endloop
  endfacet
  facet normal -0.962457 0.271434 0
    outer loop
      vertex 97.237 -23.3445 12.5
      vertex 95.1057 -30.9017 -12.5
      vertex 95.1057 -30.9017 12.5
    endloop
  endfacet
  facet normal 0.0392641 -0.999229 0
    outer loop
      vertex -7.84591 99.6917 -12.5
      vertex 0 100 12.5
      vertex -7.84591 99.6917 12.5
    endloop
  endfacet
  facet normal 0.0392641 -0.999229 0
    outer loop
      vertex 0 100 12.5
      vertex -7.84591 99.6917 -12.5
      vertex 0 100 -12.5
    endloop
  endfacet
  facet normal -0.41866 0.908143 0
    outer loop
      vertex 45.399 -89.1007 -12.5
      vertex 38.2683 -92.388 12.5
      vertex 45.399 -89.1007 12.5
    endloop
  endfacet
  facet normal -0.41866 0.908143 0
    outer loop
      vertex 38.2683 -92.388 12.5
      vertex 45.399 -89.1007 -12.5
      vertex 38.2683 -92.388 -12.5
    endloop
  endfacet
  facet normal -0.993067 -0.117548 0
    outer loop
      vertex 99.4368 10 -12.5
      vertex 98.7688 15.6434 12.5
      vertex 98.7688 15.6434 -12.5
    endloop
  endfacet
  facet normal -0.993067 -0.117548 0
    outer loop
      vertex 98.7688 15.6434 12.5
      vertex 99.4368 10 -12.5
      vertex 99.4368 10 12.5
    endloop
  endfacet
  facet normal 0.619092 0.785318 -0
    outer loop
      vertex -58.7785 -80.9017 -12.5
      vertex -64.9448 -76.0406 12.5
      vertex -58.7785 -80.9017 12.5
    endloop
  endfacet
  facet normal 0.619092 0.785318 0
    outer loop
      vertex -64.9448 -76.0406 12.5
      vertex -58.7785 -80.9017 -12.5
      vertex -64.9448 -76.0406 -12.5
    endloop
  endfacet
  facet normal 0.785318 -0.619092 0
    outer loop
      vertex -80.9017 58.7785 12.5
      vertex -76.0406 64.9448 -12.5
      vertex -76.0406 64.9448 12.5
    endloop
  endfacet
  facet normal 0.785318 -0.619092 0
    outer loop
      vertex -76.0406 64.9448 -12.5
      vertex -80.9017 58.7785 12.5
      vertex -80.9017 58.7785 -12.5
    endloop
  endfacet
  facet normal -0.555573 0.831468 0
    outer loop
      vertex 58.7785 -80.9017 -12.5
      vertex 52.2499 -85.264 12.5
      vertex 58.7785 -80.9017 12.5
    endloop
  endfacet
  facet normal -0.555573 0.831468 0
    outer loop
      vertex 52.2499 -85.264 12.5
      vertex 58.7785 -80.9017 -12.5
      vertex 52.2499 -85.264 -12.5
    endloop
  endfacet
  facet normal -0.938191 -0.346119 0
    outer loop
      vertex 95.1057 30.9017 -12.5
      vertex 92.388 38.2683 12.5
      vertex 92.388 38.2683 -12.5
    endloop
  endfacet
  facet normal -0.938191 -0.346119 0
    outer loop
      vertex 92.388 38.2683 12.5
      vertex 95.1057 30.9017 -12.5
      vertex 95.1057 30.9017 12.5
    endloop
  endfacet
  facet normal -0.908143 -0.41866 0
    outer loop
      vertex 92.388 38.2683 -12.5
      vertex 89.1007 45.399 12.5
      vertex 89.1007 45.399 -12.5
    endloop
  endfacet
  facet normal -0.908143 -0.41866 0
    outer loop
      vertex 89.1007 45.399 12.5
      vertex 92.388 38.2683 -12.5
      vertex 92.388 38.2683 12.5
    endloop
  endfacet
  facet normal -0.117538 -0.993068 0
    outer loop
      vertex 7.84591 99.6917 -12.5
      vertex 15.6434 98.7688 12.5
      vertex 7.84591 99.6917 12.5
    endloop
  endfacet
  facet normal -0.117538 -0.993068 -0
    outer loop
      vertex 15.6434 98.7688 12.5
      vertex 7.84591 99.6917 -12.5
      vertex 15.6434 98.7688 -12.5
    endloop
  endfacet
  facet normal -0.271434 0.962457 0
    outer loop
      vertex 30.9017 -95.1057 -12.5
      vertex 23.3445 -97.237 12.5
      vertex 30.9017 -95.1057 12.5
    endloop
  endfacet
  facet normal -0.271434 0.962457 0
    outer loop
      vertex 23.3445 -97.237 12.5
      vertex 30.9017 -95.1057 -12.5
      vertex 23.3445 -97.237 -12.5
    endloop
  endfacet
  facet normal 0.962457 -0.271434 0
    outer loop
      vertex -97.237 23.3445 12.5
      vertex -95.1057 30.9017 -12.5
      vertex -95.1057 30.9017 12.5
    endloop
  endfacet
  facet normal 0.962457 -0.271434 0
    outer loop
      vertex -95.1057 30.9017 -12.5
      vertex -97.237 23.3445 12.5
      vertex -97.237 23.3445 -12.5
    endloop
  endfacet
  facet normal -0.488622 -0.872495 0
    outer loop
      vertex 45.399 89.1007 -12.5
      vertex 52.2499 85.264 12.5
      vertex 45.399 89.1007 12.5
    endloop
  endfacet
  facet normal -0.488622 -0.872495 -0
    outer loop
      vertex 52.2499 85.264 12.5
      vertex 45.399 89.1007 -12.5
      vertex 52.2499 85.264 -12.5
    endloop
  endfacet
  facet normal 0.117538 -0.993068 0
    outer loop
      vertex -15.6434 98.7688 -12.5
      vertex -7.84591 99.6917 12.5
      vertex -15.6434 98.7688 12.5
    endloop
  endfacet
  facet normal 0.117538 -0.993068 0
    outer loop
      vertex -7.84591 99.6917 12.5
      vertex -15.6434 98.7688 -12.5
      vertex -7.84591 99.6917 -12.5
    endloop
  endfacet
  facet normal -0.831468 -0.555573 0
    outer loop
      vertex 85.264 52.2499 -12.5
      vertex 80.9017 58.7785 12.5
      vertex 80.9017 58.7785 -12.5
    endloop
  endfacet
  facet normal -0.831468 -0.555573 0
    outer loop
      vertex 80.9017 58.7785 12.5
      vertex 85.264 52.2499 -12.5
      vertex 85.264 52.2499 12.5
    endloop
  endfacet
  facet normal 0.734325 0.678798 0
    outer loop
      vertex -70.7107 -70.7107 12.5
      vertex -76.0406 -64.9448 -12.5
      vertex -76.0406 -64.9448 12.5
    endloop
  endfacet
  facet normal 0.734325 0.678798 0
    outer loop
      vertex -76.0406 -64.9448 -12.5
      vertex -70.7107 -70.7107 12.5
      vertex -70.7107 -70.7107 -12.5
    endloop
  endfacet
  facet normal 0.980786 -0.195085 0
    outer loop
      vertex -98.7688 15.6434 12.5
      vertex -97.237 23.3445 -12.5
      vertex -97.237 23.3445 12.5
    endloop
  endfacet
  facet normal 0.980786 -0.195085 0
    outer loop
      vertex -97.237 23.3445 -12.5
      vertex -98.7688 15.6434 12.5
      vertex -98.7688 15.6434 -12.5
    endloop
  endfacet
  facet normal -0.785318 0.619092 0
    outer loop
      vertex 76.0406 -64.9448 -12.5
      vertex 80.9017 -58.7785 12.5
      vertex 80.9017 -58.7785 -12.5
    endloop
  endfacet
  facet normal -0.785318 0.619092 0
    outer loop
      vertex 80.9017 -58.7785 12.5
      vertex 76.0406 -64.9448 -12.5
      vertex 76.0406 -64.9448 12.5
    endloop
  endfacet
  facet normal 0.41866 -0.908143 0
    outer loop
      vertex -45.399 89.1007 -12.5
      vertex -38.2683 92.388 12.5
      vertex -45.399 89.1007 12.5
    endloop
  endfacet
  facet normal 0.41866 -0.908143 0
    outer loop
      vertex -38.2683 92.388 12.5
      vertex -45.399 89.1007 -12.5
      vertex -38.2683 92.388 -12.5
    endloop
  endfacet
  facet normal -0.962457 -0.271434 0
    outer loop
      vertex 97.237 23.3445 -12.5
      vertex 95.1057 30.9017 12.5
      vertex 95.1057 30.9017 -12.5
    endloop
  endfacet
  facet normal -0.962457 -0.271434 0
    outer loop
      vertex 95.1057 30.9017 12.5
      vertex 97.237 23.3445 -12.5
      vertex 97.237 23.3445 12.5
    endloop
  endfacet
  facet normal -0.980786 -0.195085 0
    outer loop
      vertex 98.7688 15.6434 -12.5
      vertex 97.237 23.3445 12.5
      vertex 97.237 23.3445 -12.5
    endloop
  endfacet
  facet normal -0.980786 -0.195085 0
    outer loop
      vertex 97.237 23.3445 12.5
      vertex 98.7688 15.6434 -12.5
      vertex 98.7688 15.6434 12.5
    endloop
  endfacet
  facet normal -0.938191 0.346119 0
    outer loop
      vertex 92.388 -38.2683 -12.5
      vertex 95.1057 -30.9017 12.5
      vertex 95.1057 -30.9017 -12.5
    endloop
  endfacet
  facet normal -0.938191 0.346119 0
    outer loop
      vertex 95.1057 -30.9017 12.5
      vertex 92.388 -38.2683 -12.5
      vertex 92.388 -38.2683 12.5
    endloop
  endfacet
  facet normal 0.619092 -0.785318 0
    outer loop
      vertex -64.9448 76.0406 -12.5
      vertex -58.7785 80.9017 12.5
      vertex -64.9448 76.0406 12.5
    endloop
  endfacet
  facet normal 0.619092 -0.785318 0
    outer loop
      vertex -58.7785 80.9017 12.5
      vertex -64.9448 76.0406 -12.5
      vertex -58.7785 80.9017 -12.5
    endloop
  endfacet
  facet normal 0.117538 0.993068 -0
    outer loop
      vertex -7.84591 -99.6917 -12.5
      vertex -15.6434 -98.7688 12.5
      vertex -7.84591 -99.6917 12.5
    endloop
  endfacet
  facet normal 0.117538 0.993068 0
    outer loop
      vertex -15.6434 -98.7688 12.5
      vertex -7.84591 -99.6917 -12.5
      vertex -15.6434 -98.7688 -12.5
    endloop
  endfacet
  facet normal 0.555573 -0.831468 0
    outer loop
      vertex -58.7785 80.9017 -12.5
      vertex -52.2499 85.264 12.5
      vertex -58.7785 80.9017 12.5
    endloop
  endfacet
  facet normal 0.555573 -0.831468 0
    outer loop
      vertex -52.2499 85.264 12.5
      vertex -58.7785 80.9017 -12.5
      vertex -52.2499 85.264 -12.5
    endloop
  endfacet
  facet normal -0.41866 -0.908143 0
    outer loop
      vertex 38.2683 92.388 -12.5
      vertex 45.399 89.1007 12.5
      vertex 38.2683 92.388 12.5
    endloop
  endfacet
  facet normal -0.41866 -0.908143 -0
    outer loop
      vertex 45.399 89.1007 12.5
      vertex 38.2683 92.388 -12.5
      vertex 45.399 89.1007 -12.5
    endloop
  endfacet
  facet normal 0.271434 -0.962457 0
    outer loop
      vertex -30.9017 95.1057 -12.5
      vertex -23.3445 97.237 12.5
      vertex -30.9017 95.1057 12.5
    endloop
  endfacet
  facet normal 0.271434 -0.962457 0
    outer loop
      vertex -23.3445 97.237 12.5
      vertex -30.9017 95.1057 -12.5
      vertex -23.3445 97.237 -12.5
    endloop
  endfacet
  facet normal -0.488622 0.872495 0
    outer loop
      vertex 52.2499 -85.264 -12.5
      vertex 45.399 -89.1007 12.5
      vertex 52.2499 -85.264 12.5
    endloop
  endfacet
  facet normal -0.488622 0.872495 0
    outer loop
      vertex 45.399 -89.1007 12.5
      vertex 52.2499 -85.264 -12.5
      vertex 45.399 -89.1007 -12.5
    endloop
  endfacet
  facet normal -0.271434 -0.962457 0
    outer loop
      vertex 23.3445 97.237 -12.5
      vertex 30.9017 95.1057 12.5
      vertex 23.3445 97.237 12.5
    endloop
  endfacet
  facet normal -0.271434 -0.962457 -0
    outer loop
      vertex 30.9017 95.1057 12.5
      vertex 23.3445 97.237 -12.5
      vertex 30.9017 95.1057 -12.5
    endloop
  endfacet
  facet normal 0.908143 0.41866 0
    outer loop
      vertex -89.1007 -45.399 12.5
      vertex -92.388 -38.2683 -12.5
      vertex -92.388 -38.2683 12.5
    endloop
  endfacet
  facet normal 0.908143 0.41866 0
    outer loop
      vertex -92.388 -38.2683 -12.5
      vertex -89.1007 -45.399 12.5
      vertex -89.1007 -45.399 -12.5
    endloop
  endfacet
  facet normal -0.678798 -0.734325 0
    outer loop
      vertex 64.9448 76.0406 -12.5
      vertex 70.7107 70.7107 12.5
      vertex 64.9448 76.0406 12.5
    endloop
  endfacet
  facet normal -0.678798 -0.734325 -0
    outer loop
      vertex 70.7107 70.7107 12.5
      vertex 64.9448 76.0406 -12.5
      vertex 70.7107 70.7107 -12.5
    endloop
  endfacet
  facet normal -0.734325 0.678798 0
    outer loop
      vertex 70.7107 -70.7107 -12.5
      vertex 76.0406 -64.9448 12.5
      vertex 76.0406 -64.9448 -12.5
    endloop
  endfacet
  facet normal -0.734325 0.678798 0
    outer loop
      vertex 76.0406 -64.9448 12.5
      vertex 70.7107 -70.7107 -12.5
      vertex 70.7107 -70.7107 12.5
    endloop
  endfacet
  facet normal 0.999229 -0.0392641 0
    outer loop
      vertex -100 0 12.5
      vertex -99.6917 7.84591 -12.5
      vertex -99.6917 7.84591 12.5
    endloop
  endfacet
  facet normal 0.999229 -0.0392641 0
    outer loop
      vertex -99.6917 7.84591 -12.5
      vertex -100 0 12.5
      vertex -100 0 -12.5
    endloop
  endfacet
  facet normal -0.831468 0.555573 0
    outer loop
      vertex 80.9017 -58.7785 -12.5
      vertex 85.264 -52.2499 12.5
      vertex 85.264 -52.2499 -12.5
    endloop
  endfacet
  facet normal -0.831468 0.555573 0
    outer loop
      vertex 85.264 -52.2499 12.5
      vertex 80.9017 -58.7785 -12.5
      vertex 80.9017 -58.7785 12.5
    endloop
  endfacet
  facet normal 0.962457 0.271434 0
    outer loop
      vertex -95.1057 -30.9017 12.5
      vertex -97.237 -23.3445 -12.5
      vertex -97.237 -23.3445 12.5
    endloop
  endfacet
  facet normal 0.962457 0.271434 0
    outer loop
      vertex -97.237 -23.3445 -12.5
      vertex -95.1057 -30.9017 12.5
      vertex -95.1057 -30.9017 -12.5
    endloop
  endfacet
  facet normal -0.980786 0.195085 0
    outer loop
      vertex 97.237 -23.3445 -12.5
      vertex 98.7688 -15.6434 12.5
      vertex 98.7688 -15.6434 -12.5
    endloop
  endfacet
  facet normal -0.980786 0.195085 0
    outer loop
      vertex 98.7688 -15.6434 12.5
      vertex 97.237 -23.3445 -12.5
      vertex 97.237 -23.3445 12.5
    endloop
  endfacet
  facet normal 0.555573 0.831468 -0
    outer loop
      vertex -52.2499 -85.264 -12.5
      vertex -58.7785 -80.9017 12.5
      vertex -52.2499 -85.264 12.5
    endloop
  endfacet
  facet normal 0.555573 0.831468 0
    outer loop
      vertex -58.7785 -80.9017 12.5
      vertex -52.2499 -85.264 -12.5
      vertex -58.7785 -80.9017 -12.5
    endloop
  endfacet
  facet normal -0.117538 0.993068 0
    outer loop
      vertex 15.6434 -98.7688 -12.5
      vertex 7.84591 -99.6917 12.5
      vertex 15.6434 -98.7688 12.5
    endloop
  endfacet
  facet normal -0.117538 0.993068 0
    outer loop
      vertex 7.84591 -99.6917 12.5
      vertex 15.6434 -98.7688 -12.5
      vertex 7.84591 -99.6917 -12.5
    endloop
  endfacet
  facet normal -0.346119 -0.938191 0
    outer loop
      vertex 30.9017 95.1057 -12.5
      vertex 38.2683 92.388 12.5
      vertex 30.9017 95.1057 12.5
    endloop
  endfacet
  facet normal -0.346119 -0.938191 -0
    outer loop
      vertex 38.2683 92.388 12.5
      vertex 30.9017 95.1057 -12.5
      vertex 38.2683 92.388 -12.5
    endloop
  endfacet
  facet normal 0.993068 -0.117538 0
    outer loop
      vertex -99.6917 7.84591 12.5
      vertex -98.7688 15.6434 -12.5
      vertex -98.7688 15.6434 12.5
    endloop
  endfacet
  facet normal 0.993068 -0.117538 0
    outer loop
      vertex -98.7688 15.6434 -12.5
      vertex -99.6917 7.84591 12.5
      vertex -99.6917 7.84591 -12.5
    endloop
  endfacet
  facet normal -0.555573 -0.831468 0
    outer loop
      vertex 52.2499 85.264 -12.5
      vertex 58.7785 80.9017 12.5
      vertex 52.2499 85.264 12.5
    endloop
  endfacet
  facet normal -0.555573 -0.831468 -0
    outer loop
      vertex 58.7785 80.9017 12.5
      vertex 52.2499 85.264 -12.5
      vertex 58.7785 80.9017 -12.5
    endloop
  endfacet
  facet normal 0.831468 0.555573 0
    outer loop
      vertex -80.9017 -58.7785 12.5
      vertex -85.264 -52.2499 -12.5
      vertex -85.264 -52.2499 12.5
    endloop
  endfacet
  facet normal 0.831468 0.555573 0
    outer loop
      vertex -85.264 -52.2499 -12.5
      vertex -80.9017 -58.7785 12.5
      vertex -80.9017 -58.7785 -12.5
    endloop
  endfacet
  facet normal -0.872495 -0.488622 0
    outer loop
      vertex 89.1007 45.399 -12.5
      vertex 85.264 52.2499 12.5
      vertex 85.264 52.2499 -12.5
    endloop
  endfacet
  facet normal -0.872495 -0.488622 0
    outer loop
      vertex 85.264 52.2499 12.5
      vertex 89.1007 45.399 -12.5
      vertex 89.1007 45.399 12.5
    endloop
  endfacet
  facet normal 0.271434 0.962457 -0
    outer loop
      vertex -23.3445 -97.237 -12.5
      vertex -30.9017 -95.1057 12.5
      vertex -23.3445 -97.237 12.5
    endloop
  endfacet
  facet normal 0.271434 0.962457 0
    outer loop
      vertex -30.9017 -95.1057 12.5
      vertex -23.3445 -97.237 -12.5
      vertex -30.9017 -95.1057 -12.5
    endloop
  endfacet
  facet normal 0.999229 0.0392641 0
    outer loop
      vertex -99.6917 -7.84591 12.5
      vertex -100 0 -12.5
      vertex -100 0 12.5
    endloop
  endfacet
  facet normal 0.999229 0.0392641 0
    outer loop
      vertex -100 0 -12.5
      vertex -99.6917 -7.84591 12.5
      vertex -99.6917 -7.84591 -12.5
    endloop
  endfacet
  facet normal 0.980786 0.195085 0
    outer loop
      vertex -97.237 -23.3445 12.5
      vertex -98.7688 -15.6434 -12.5
      vertex -98.7688 -15.6434 12.5
    endloop
  endfacet
  facet normal 0.980786 0.195085 0
    outer loop
      vertex -98.7688 -15.6434 -12.5
      vertex -97.237 -23.3445 12.5
      vertex -97.237 -23.3445 -12.5
    endloop
  endfacet
  facet normal 0.0392641 0.999229 -0
    outer loop
      vertex 0 -100 -12.5
      vertex -7.84591 -99.6917 12.5
      vertex 0 -100 12.5
    endloop
  endfacet
  facet normal 0.0392641 0.999229 0
    outer loop
      vertex -7.84591 -99.6917 12.5
      vertex 0 -100 -12.5
      vertex -7.84591 -99.6917 -12.5
    endloop
  endfacet
  facet normal 0.938191 0.346119 0
    outer loop
      vertex -92.388 -38.2683 12.5
      vertex -95.1057 -30.9017 -12.5
      vertex -95.1057 -30.9017 12.5
    endloop
  endfacet
  facet normal 0.938191 0.346119 0
    outer loop
      vertex -95.1057 -30.9017 -12.5
      vertex -92.388 -38.2683 12.5
      vertex -92.388 -38.2683 -12.5
    endloop
  endfacet
  facet normal 0.938191 -0.346119 0
    outer loop
      vertex -95.1057 30.9017 12.5
      vertex -92.388 38.2683 -12.5
      vertex -92.388 38.2683 12.5
    endloop
  endfacet
  facet normal 0.938191 -0.346119 0
    outer loop
      vertex -92.388 38.2683 -12.5
      vertex -95.1057 30.9017 12.5
      vertex -95.1057 30.9017 -12.5
    endloop
  endfacet
  facet normal 0.346119 -0.938191 0
    outer loop
      vertex -38.2683 92.388 -12.5
      vertex -30.9017 95.1057 12.5
      vertex -38.2683 92.388 12.5
    endloop
  endfacet
  facet normal 0.346119 -0.938191 0
    outer loop
      vertex -30.9017 95.1057 12.5
      vertex -38.2683 92.388 -12.5
      vertex -30.9017 95.1057 -12.5
    endloop
  endfacet
  facet normal 0.785318 0.619092 0
    outer loop
      vertex -76.0406 -64.9448 12.5
      vertex -80.9017 -58.7785 -12.5
      vertex -80.9017 -58.7785 12.5
    endloop
  endfacet
  facet normal 0.785318 0.619092 0
    outer loop
      vertex -80.9017 -58.7785 -12.5
      vertex -76.0406 -64.9448 12.5
      vertex -76.0406 -64.9448 -12.5
    endloop
  endfacet
  facet normal 0.678798 -0.734325 0
    outer loop
      vertex -70.7107 70.7107 -12.5
      vertex -64.9448 76.0406 12.5
      vertex -70.7107 70.7107 12.5
    endloop
  endfacet
  facet normal 0.678798 -0.734325 0
    outer loop
      vertex -64.9448 76.0406 12.5
      vertex -70.7107 70.7107 -12.5
      vertex -64.9448 76.0406 -12.5
    endloop
  endfacet
  facet normal 0.872495 -0.488622 0
    outer loop
      vertex -89.1007 45.399 12.5
      vertex -85.264 52.2499 -12.5
      vertex -85.264 52.2499 12.5
    endloop
  endfacet
  facet normal 0.872495 -0.488622 0
    outer loop
      vertex -85.264 52.2499 -12.5
      vertex -89.1007 45.399 12.5
      vertex -89.1007 45.399 -12.5
    endloop
  endfacet
  facet normal 0.195085 0.980786 -0
    outer loop
      vertex -15.6434 -98.7688 -12.5
      vertex -23.3445 -97.237 12.5
      vertex -15.6434 -98.7688 12.5
    endloop
  endfacet
  facet normal 0.195085 0.980786 0
    outer loop
      vertex -23.3445 -97.237 12.5
      vertex -15.6434 -98.7688 -12.5
      vertex -23.3445 -97.237 -12.5
    endloop
  endfacet
  facet normal -0.734325 -0.678798 0
    outer loop
      vertex 76.0406 64.9448 -12.5
      vertex 70.7107 70.7107 12.5
      vertex 70.7107 70.7107 -12.5
    endloop
  endfacet
  facet normal -0.734325 -0.678798 0
    outer loop
      vertex 70.7107 70.7107 12.5
      vertex 76.0406 64.9448 -12.5
      vertex 76.0406 64.9448 12.5
    endloop
  endfacet
  facet normal -0.346119 0.938191 0
    outer loop
      vertex 38.2683 -92.388 -12.5
      vertex 30.9017 -95.1057 12.5
      vertex 38.2683 -92.388 12.5
    endloop
  endfacet
  facet normal -0.346119 0.938191 0
    outer loop
      vertex 30.9017 -95.1057 12.5
      vertex 38.2683 -92.388 -12.5
      vertex 30.9017 -95.1057 -12.5
    endloop
  endfacet
  facet normal -0.195085 0.980786 0
    outer loop
      vertex 23.3445 -97.237 -12.5
      vertex 15.6434 -98.7688 12.5
      vertex 23.3445 -97.237 12.5
    endloop
  endfacet
  facet normal -0.195085 0.980786 0
    outer loop
      vertex 15.6434 -98.7688 12.5
      vertex 23.3445 -97.237 -12.5
      vertex 15.6434 -98.7688 -12.5
    endloop
  endfacet
  facet normal -0.0392641 0.999229 0
    outer loop
      vertex 7.84591 -99.6917 -12.5
      vertex 0 -100 12.5
      vertex 7.84591 -99.6917 12.5
    endloop
  endfacet
  facet normal -0.0392641 0.999229 0
    outer loop
      vertex 0 -100 12.5
      vertex 7.84591 -99.6917 -12.5
      vertex 0 -100 -12.5
    endloop
  endfacet
  facet normal -0.872495 0.488622 0
    outer loop
      vertex 85.264 -52.2499 -12.5
      vertex 89.1007 -45.399 12.5
      vertex 89.1007 -45.399 -12.5
    endloop
  endfacet
  facet normal -0.872495 0.488622 0
    outer loop
      vertex 89.1007 -45.399 12.5
      vertex 85.264 -52.2499 -12.5
      vertex 85.264 -52.2499 12.5
    endloop
  endfacet
  facet normal 0.678798 0.734325 -0
    outer loop
      vertex -64.9448 -76.0406 -12.5
      vertex -70.7107 -70.7107 12.5
      vertex -64.9448 -76.0406 12.5
    endloop
  endfacet
  facet normal 0.678798 0.734325 0
    outer loop
      vertex -70.7107 -70.7107 12.5
      vertex -64.9448 -76.0406 -12.5
      vertex -70.7107 -70.7107 -12.5
    endloop
  endfacet
  facet normal -0.908143 0.41866 0
    outer loop
      vertex 89.1007 -45.399 -12.5
      vertex 92.388 -38.2683 12.5
      vertex 92.388 -38.2683 -12.5
    endloop
  endfacet
  facet normal -0.908143 0.41866 0
    outer loop
      vertex 92.388 -38.2683 12.5
      vertex 89.1007 -45.399 -12.5
      vertex 89.1007 -45.399 12.5
    endloop
  endfacet
  facet normal 0.734325 -0.678798 0
    outer loop
      vertex -76.0406 64.9448 12.5
      vertex -70.7107 70.7107 -12.5
      vertex -70.7107 70.7107 12.5
    endloop
  endfacet
  facet normal 0.734325 -0.678798 0
    outer loop
      vertex -70.7107 70.7107 -12.5
      vertex -76.0406 64.9448 12.5
      vertex -76.0406 64.9448 -12.5
    endloop
  endfacet
  facet normal 0.488622 -0.872495 0
    outer loop
      vertex -52.2499 85.264 -12.5
      vertex -45.399 89.1007 12.5
      vertex -52.2499 85.264 12.5
    endloop
  endfacet
  facet normal 0.488622 -0.872495 0
    outer loop
      vertex -45.399 89.1007 12.5
      vertex -52.2499 85.264 -12.5
      vertex -45.399 89.1007 -12.5
    endloop
  endfacet
  facet normal -0.619092 0.785318 0
    outer loop
      vertex 64.9448 -76.0406 -12.5
      vertex 58.7785 -80.9017 12.5
      vertex 64.9448 -76.0406 12.5
    endloop
  endfacet
  facet normal -0.619092 0.785318 0
    outer loop
      vertex 58.7785 -80.9017 12.5
      vertex 64.9448 -76.0406 -12.5
      vertex 58.7785 -80.9017 -12.5
    endloop
  endfacet
  facet normal -0.0392641 -0.999229 0
    outer loop
      vertex 0 100 -12.5
      vertex 7.84591 99.6917 12.5
      vertex 0 100 12.5
    endloop
  endfacet
  facet normal -0.0392641 -0.999229 -0
    outer loop
      vertex 7.84591 99.6917 12.5
      vertex 0 100 -12.5
      vertex 7.84591 99.6917 -12.5
    endloop
  endfacet
  facet normal -0.619092 -0.785318 0
    outer loop
      vertex 58.7785 80.9017 -12.5
      vertex 64.9448 76.0406 12.5
      vertex 58.7785 80.9017 12.5
    endloop
  endfacet
  facet normal -0.619092 -0.785318 -0
    outer loop
      vertex 64.9448 76.0406 12.5
      vertex 58.7785 80.9017 -12.5
      vertex 64.9448 76.0406 -12.5
    endloop
  endfacet
  facet normal -0.195085 -0.980786 0
    outer loop
      vertex 15.6434 98.7688 -12.5
      vertex 23.3445 97.237 12.5
      vertex 15.6434 98.7688 12.5
    endloop
  endfacet
  facet normal -0.195085 -0.980786 -0
    outer loop
      vertex 23.3445 97.237 12.5
      vertex 15.6434 98.7688 -12.5
      vertex 23.3445 97.237 -12.5
    endloop
  endfacet
  facet normal 0.993068 0.117538 0
    outer loop
      vertex -98.7688 -15.6434 12.5
      vertex -99.6917 -7.84591 -12.5
      vertex -99.6917 -7.84591 12.5
    endloop
  endfacet
  facet normal 0.993068 0.117538 0
    outer loop
      vertex -99.6917 -7.84591 -12.5
      vertex -98.7688 -15.6434 12.5
      vertex -98.7688 -15.6434 -12.5
    endloop
  endfacet
  facet normal 0.346119 0.938191 -0
    outer loop
      vertex -30.9017 -95.1057 -12.5
      vertex -38.2683 -92.388 12.5
      vertex -30.9017 -95.1057 12.5
    endloop
  endfacet
  facet normal 0.346119 0.938191 0
    outer loop
      vertex -38.2683 -92.388 12.5
      vertex -30.9017 -95.1057 -12.5
      vertex -38.2683 -92.388 -12.5
    endloop
  endfacet
  facet normal 0.195085 -0.980786 0
    outer loop
      vertex -23.3445 97.237 -12.5
      vertex -15.6434 98.7688 12.5
      vertex -23.3445 97.237 12.5
    endloop
  endfacet
  facet normal 0.195085 -0.980786 0
    outer loop
      vertex -15.6434 98.7688 12.5
      vertex -23.3445 97.237 -12.5
      vertex -15.6434 98.7688 -12.5
    endloop
  endfacet
  facet normal 0.41866 0.908143 -0
    outer loop
      vertex -38.2683 -92.388 -12.5
      vertex -45.399 -89.1007 12.5
      vertex -38.2683 -92.388 12.5
    endloop
  endfacet
  facet normal 0.41866 0.908143 0
    outer loop
      vertex -45.399 -89.1007 12.5
      vertex -38.2683 -92.388 -12.5
      vertex -45.399 -89.1007 -12.5
    endloop
  endfacet
  facet normal -0.993067 0.117548 0
    outer loop
      vertex 98.7688 -15.6434 -12.5
      vertex 99.4368 -10 12.5
      vertex 99.4368 -10 -12.5
    endloop
  endfacet
  facet normal -0.993067 0.117548 0
    outer loop
      vertex 99.4368 -10 12.5
      vertex 98.7688 -15.6434 -12.5
      vertex 98.7688 -15.6434 12.5
    endloop
  endfacet
  facet normal 0.908143 -0.41866 0
    outer loop
      vertex -92.388 38.2683 12.5
      vertex -89.1007 45.399 -12.5
      vertex -89.1007 45.399 12.5
    endloop
  endfacet
  facet normal 0.908143 -0.41866 0
    outer loop
      vertex -89.1007 45.399 -12.5
      vertex -92.388 38.2683 12.5
      vertex -92.388 38.2683 -12.5
    endloop
  endfacet
  facet normal -0.785318 -0.619092 0
    outer loop
      vertex 80.9017 58.7785 -12.5
      vertex 76.0406 64.9448 12.5
      vertex 76.0406 64.9448 -12.5
    endloop
  endfacet
  facet normal -0.785318 -0.619092 0
    outer loop
      vertex 76.0406 64.9448 12.5
      vertex 80.9017 58.7785 -12.5
      vertex 80.9017 58.7785 12.5
    endloop
  endfacet
  facet normal 0.831468 -0.555573 0
    outer loop
      vertex -85.264 52.2499 12.5
      vertex -80.9017 58.7785 -12.5
      vertex -80.9017 58.7785 12.5
    endloop
  endfacet
  facet normal 0.831468 -0.555573 0
    outer loop
      vertex -80.9017 58.7785 -12.5
      vertex -85.264 52.2499 12.5
      vertex -85.264 52.2499 -12.5
    endloop
  endfacet
  facet normal -0.678798 0.734325 0
    outer loop
      vertex 70.7107 -70.7107 -12.5
      vertex 64.9448 -76.0406 12.5
      vertex 70.7107 -70.7107 12.5
    endloop
  endfacet
  facet normal -0.678798 0.734325 0
    outer loop
      vertex 64.9448 -76.0406 12.5
      vertex 70.7107 -70.7107 -12.5
      vertex 64.9448 -76.0406 -12.5
    endloop
  endfacet
  facet normal 0.488622 0.872495 -0
    outer loop
      vertex -45.399 -89.1007 -12.5
      vertex -52.2499 -85.264 12.5
      vertex -45.399 -89.1007 12.5
    endloop
  endfacet
  facet normal 0.488622 0.872495 0
    outer loop
      vertex -52.2499 -85.264 12.5
      vertex -45.399 -89.1007 -12.5
      vertex -52.2499 -85.264 -12.5
    endloop
  endfacet
  facet normal 0 -1 0
    outer loop
      vertex 99.4368 10 -12.5
      vertex 107.486 10 12.5
      vertex 99.4368 10 12.5
    endloop
  endfacet
  facet normal 0 -1 -0
    outer loop
      vertex 107.486 10 12.5
      vertex 99.4368 10 -12.5
      vertex 107.486 10 -12.5
    endloop
  endfacet
  facet normal 0 1 -0
    outer loop
      vertex 107.486 -10 -12.5
      vertex 99.4368 -10 12.5
      vertex 107.486 -10 12.5
    endloop
  endfacet
  facet normal 0 1 0
    outer loop
      vertex 99.4368 -10 12.5
      vertex 107.486 -10 -12.5
      vertex 99.4368 -10 -12.5
    endloop
  endfacet
  facet normal 0.0392373 0.99923 -0
    outer loop
      vertex -249.372 7.97534 -7.5
      vertex -250 8 5
      vertex -249.372 7.97534 5
    endloop
  endfacet
  facet normal 0.0392373 0.99923 0
    outer loop
      vertex -250 8 5
      vertex -249.372 7.97534 -7.5
      vertex -250 8 -7.5
    endloop
  endfacet
  facet normal 0.938406 -0.345535 0
    outer loop
      vertex -242.609 -3.06147 5
      vertex -242.392 -2.47214 -7.5
      vertex -242.392 -2.47214 5
    endloop
  endfacet
  facet normal 0.938406 -0.345535 0
    outer loop
      vertex -242.392 -2.47214 -7.5
      vertex -242.609 -3.06147 5
      vertex -242.609 -3.06147 -7.5
    endloop
  endfacet
  facet normal 0.993222 0.11623 0
    outer loop
      vertex -242.025 0.627672 5
      vertex -242.098 1.25148 -7.5
      vertex -242.098 1.25148 5
    endloop
  endfacet
  facet normal 0.993222 0.11623 0
    outer loop
      vertex -242.098 1.25148 -7.5
      vertex -242.025 0.627672 5
      vertex -242.025 0.627672 -7.5
    endloop
  endfacet
  facet normal 0.271683 -0.962387 0
    outer loop
      vertex -248.132 -7.77896 -7.5
      vertex -247.528 -7.60845 5
      vertex -248.132 -7.77896 5
    endloop
  endfacet
  facet normal 0.271683 -0.962387 0
    outer loop
      vertex -247.528 -7.60845 5
      vertex -248.132 -7.77896 -7.5
      vertex -247.528 -7.60845 -7.5
    endloop
  endfacet
  facet normal -0.488664 -0.872472 0
    outer loop
      vertex -254.18 -6.82112 -7.5
      vertex -253.632 -7.12805 5
      vertex -254.18 -6.82112 5
    endloop
  endfacet
  facet normal -0.488664 -0.872472 -0
    outer loop
      vertex -253.632 -7.12805 5
      vertex -254.18 -6.82112 -7.5
      vertex -253.632 -7.12805 -7.5
    endloop
  endfacet
  facet normal 0.734635 0.678463 0
    outer loop
      vertex -243.917 5.19558 5
      vertex -244.343 5.65685 -7.5
      vertex -244.343 5.65685 5
    endloop
  endfacet
  facet normal 0.734635 0.678463 0
    outer loop
      vertex -244.343 5.65685 -7.5
      vertex -243.917 5.19558 5
      vertex -243.917 5.19558 -7.5
    endloop
  endfacet
  facet normal 0.55578 0.831329 -0
    outer loop
      vertex -245.298 6.47214 -7.5
      vertex -245.82 6.82112 5
      vertex -245.298 6.47214 5
    endloop
  endfacet
  facet normal 0.55578 0.831329 0
    outer loop
      vertex -245.82 6.82112 5
      vertex -245.298 6.47214 -7.5
      vertex -245.82 6.82112 -7.5
    endloop
  endfacet
  facet normal -0.872451 -0.488701 0
    outer loop
      vertex -256.821 -4.17999 -7.5
      vertex -257.128 -3.63192 5
      vertex -257.128 -3.63192 -7.5
    endloop
  endfacet
  facet normal -0.872451 -0.488701 0
    outer loop
      vertex -257.128 -3.63192 5
      vertex -256.821 -4.17999 -7.5
      vertex -256.821 -4.17999 5
    endloop
  endfacet
  facet normal 0.785229 -0.619205 0
    outer loop
      vertex -243.917 -5.19558 5
      vertex -243.528 -4.70228 -7.5
      vertex -243.528 -4.70228 5
    endloop
  endfacet
  facet normal 0.785229 -0.619205 0
    outer loop
      vertex -243.528 -4.70228 -7.5
      vertex -243.917 -5.19558 5
      vertex -243.917 -5.19558 -7.5
    endloop
  endfacet
  facet normal -0.679021 0.734119 0
    outer loop
      vertex -255.196 6.08325 -7.5
      vertex -255.657 5.65685 5
      vertex -255.196 6.08325 5
    endloop
  endfacet
  facet normal -0.679021 0.734119 0
    outer loop
      vertex -255.657 5.65685 5
      vertex -255.196 6.08325 -7.5
      vertex -255.657 5.65685 -7.5
    endloop
  endfacet
  facet normal -0.785229 0.619205 0
    outer loop
      vertex -256.472 4.70228 -7.5
      vertex -256.083 5.19558 5
      vertex -256.083 5.19558 -7.5
    endloop
  endfacet
  facet normal -0.785229 0.619205 0
    outer loop
      vertex -256.083 5.19558 5
      vertex -256.472 4.70228 -7.5
      vertex -256.472 4.70228 5
    endloop
  endfacet
  facet normal -0.962251 0.272164 0
    outer loop
      vertex -257.779 1.86756 -7.5
      vertex -257.608 2.47214 5
      vertex -257.608 2.47214 -7.5
    endloop
  endfacet
  facet normal -0.962251 0.272164 0
    outer loop
      vertex -257.608 2.47214 5
      vertex -257.779 1.86756 -7.5
      vertex -257.779 1.86756 5
    endloop
  endfacet
  facet normal 0.980647 -0.195786 0
    outer loop
      vertex -242.221 -1.86756 5
      vertex -242.098 -1.25148 -7.5
      vertex -242.098 -1.25148 5
    endloop
  endfacet
  facet normal 0.980647 -0.195786 0
    outer loop
      vertex -242.098 -1.25148 -7.5
      vertex -242.221 -1.86756 5
      vertex -242.221 -1.86756 -7.5
    endloop
  endfacet
  facet normal 0.999208 0.0397982 0
    outer loop
      vertex -242 0 5
      vertex -242.025 0.627672 -7.5
      vertex -242.025 0.627672 5
    endloop
  endfacet
  facet normal 0.999208 0.0397982 0
    outer loop
      vertex -242.025 0.627672 -7.5
      vertex -242 0 5
      vertex -242 0 -7.5
    endloop
  endfacet
  facet normal -0.962251 -0.272164 0
    outer loop
      vertex -257.608 -2.47214 -7.5
      vertex -257.779 -1.86756 5
      vertex -257.779 -1.86756 -7.5
    endloop
  endfacet
  facet normal -0.962251 -0.272164 0
    outer loop
      vertex -257.779 -1.86756 5
      vertex -257.608 -2.47214 -7.5
      vertex -257.608 -2.47214 5
    endloop
  endfacet
  facet normal 0.980647 0.195786 0
    outer loop
      vertex -242.098 1.25148 5
      vertex -242.221 1.86756 -7.5
      vertex -242.221 1.86756 5
    endloop
  endfacet
  facet normal 0.980647 0.195786 0
    outer loop
      vertex -242.221 1.86756 -7.5
      vertex -242.098 1.25148 5
      vertex -242.098 1.25148 -7.5
    endloop
  endfacet
  facet normal -0.194817 0.98084 0
    outer loop
      vertex -251.251 7.90151 -7.5
      vertex -251.868 7.77896 5
      vertex -251.251 7.90151 5
    endloop
  endfacet
  facet normal -0.194817 0.98084 0
    outer loop
      vertex -251.868 7.77896 5
      vertex -251.251 7.90151 -7.5
      vertex -251.868 7.77896 -7.5
    endloop
  endfacet
  facet normal 0.872451 0.488701 0
    outer loop
      vertex -242.872 3.63192 5
      vertex -243.179 4.17999 -7.5
      vertex -243.179 4.17999 5
    endloop
  endfacet
  facet normal 0.872451 0.488701 0
    outer loop
      vertex -243.179 4.17999 -7.5
      vertex -242.872 3.63192 5
      vertex -242.872 3.63192 -7.5
    endloop
  endfacet
  facet normal 0 0 -1
    outer loop
      vertex -242.025 -0.627672 -7.5
      vertex -242.025 0.627672 -7.5
      vertex -242 0 -7.5
    endloop
  endfacet
  facet normal 0 0 -1
    outer loop
      vertex -242.098 -1.25148 -7.5
      vertex -242.025 0.627672 -7.5
      vertex -242.025 -0.627672 -7.5
    endloop
  endfacet
  facet normal 0 0 -1
    outer loop
      vertex -242.098 -1.25148 -7.5
      vertex -242.098 1.25148 -7.5
      vertex -242.025 0.627672 -7.5
    endloop
  endfacet
  facet normal 0 0 -1
    outer loop
      vertex -242.221 -1.86756 -7.5
      vertex -242.098 1.25148 -7.5
      vertex -242.098 -1.25148 -7.5
    endloop
  endfacet
  facet normal 0 0 -1
    outer loop
      vertex -242.221 -1.86756 -7.5
      vertex -242.221 1.86756 -7.5
      vertex -242.098 1.25148 -7.5
    endloop
  endfacet
  facet normal 0 0 -1
    outer loop
      vertex -242.392 -2.47214 -7.5
      vertex -242.221 1.86756 -7.5
      vertex -242.221 -1.86756 -7.5
    endloop
  endfacet
  facet normal 0 0 -1
    outer loop
      vertex -242.392 -2.47214 -7.5
      vertex -242.392 2.47214 -7.5
      vertex -242.221 1.86756 -7.5
    endloop
  endfacet
  facet normal 0 0 -1
    outer loop
      vertex -242.609 -3.06147 -7.5
      vertex -242.392 2.47214 -7.5
      vertex -242.392 -2.47214 -7.5
    endloop
  endfacet
  facet normal 0 0 -1
    outer loop
      vertex -242.609 -3.06147 -7.5
      vertex -242.609 3.06147 -7.5
      vertex -242.392 2.47214 -7.5
    endloop
  endfacet
  facet normal 0 0 -1
    outer loop
      vertex -242.872 -3.63192 -7.5
      vertex -242.609 3.06147 -7.5
      vertex -242.609 -3.06147 -7.5
    endloop
  endfacet
  facet normal 0 0 -1
    outer loop
      vertex -242.872 -3.63192 -7.5
      vertex -242.872 3.63192 -7.5
      vertex -242.609 3.06147 -7.5
    endloop
  endfacet
  facet normal 0 0 -1
    outer loop
      vertex -243.179 -4.17999 -7.5
      vertex -242.872 3.63192 -7.5
      vertex -242.872 -3.63192 -7.5
    endloop
  endfacet
  facet normal 0 0 -1
    outer loop
      vertex -243.179 -4.17999 -7.5
      vertex -243.179 4.17999 -7.5
      vertex -242.872 3.63192 -7.5
    endloop
  endfacet
  facet normal 0 0 -1
    outer loop
      vertex -243.528 -4.70228 -7.5
      vertex -243.179 4.17999 -7.5
      vertex -243.179 -4.17999 -7.5
    endloop
  endfacet
  facet normal 0 0 -1
    outer loop
      vertex -243.528 -4.70228 -7.5
      vertex -243.528 4.70228 -7.5
      vertex -243.179 4.17999 -7.5
    endloop
  endfacet
  facet normal 0 0 -1
    outer loop
      vertex -243.917 -5.19558 -7.5
      vertex -243.528 4.70228 -7.5
      vertex -243.528 -4.70228 -7.5
    endloop
  endfacet
  facet normal 0 0 -1
    outer loop
      vertex -243.917 -5.19558 -7.5
      vertex -243.917 5.19558 -7.5
      vertex -243.528 4.70228 -7.5
    endloop
  endfacet
  facet normal 0 0 -1
    outer loop
      vertex -244.343 -5.65685 -7.5
      vertex -243.917 5.19558 -7.5
      vertex -243.917 -5.19558 -7.5
    endloop
  endfacet
  facet normal 0 0 -1
    outer loop
      vertex -244.343 -5.65685 -7.5
      vertex -244.343 5.65685 -7.5
      vertex -243.917 5.19558 -7.5
    endloop
  endfacet
  facet normal 0 0 -1
    outer loop
      vertex -244.804 -6.08325 -7.5
      vertex -244.343 5.65685 -7.5
      vertex -244.343 -5.65685 -7.5
    endloop
  endfacet
  facet normal 0 0 -1
    outer loop
      vertex -244.804 -6.08325 -7.5
      vertex -244.804 6.08325 -7.5
      vertex -244.343 5.65685 -7.5
    endloop
  endfacet
  facet normal 0 0 -1
    outer loop
      vertex -245.298 -6.47214 -7.5
      vertex -244.804 6.08325 -7.5
      vertex -244.804 -6.08325 -7.5
    endloop
  endfacet
  facet normal 0 0 -1
    outer loop
      vertex -245.298 -6.47214 -7.5
      vertex -245.298 6.47214 -7.5
      vertex -244.804 6.08325 -7.5
    endloop
  endfacet
  facet normal 0 0 -1
    outer loop
      vertex -245.82 -6.82112 -7.5
      vertex -245.298 6.47214 -7.5
      vertex -245.298 -6.47214 -7.5
    endloop
  endfacet
  facet normal 0 0 -1
    outer loop
      vertex -245.82 -6.82112 -7.5
      vertex -245.82 6.82112 -7.5
      vertex -245.298 6.47214 -7.5
    endloop
  endfacet
  facet normal 0 0 -1
    outer loop
      vertex -246.368 -7.12805 -7.5
      vertex -245.82 6.82112 -7.5
      vertex -245.82 -6.82112 -7.5
    endloop
  endfacet
  facet normal 0 0 -1
    outer loop
      vertex -246.368 -7.12805 -7.5
      vertex -246.368 7.12805 -7.5
      vertex -245.82 6.82112 -7.5
    endloop
  endfacet
  facet normal 0 0 -1
    outer loop
      vertex -246.939 -7.39104 -7.5
      vertex -246.368 7.12805 -7.5
      vertex -246.368 -7.12805 -7.5
    endloop
  endfacet
  facet normal 0 0 -1
    outer loop
      vertex -246.939 -7.39104 -7.5
      vertex -246.939 7.39104 -7.5
      vertex -246.368 7.12805 -7.5
    endloop
  endfacet
  facet normal 0 0 -1
    outer loop
      vertex -247.528 -7.60845 -7.5
      vertex -246.939 7.39104 -7.5
      vertex -246.939 -7.39104 -7.5
    endloop
  endfacet
  facet normal 0 0 -1
    outer loop
      vertex -247.528 -7.60845 -7.5
      vertex -247.528 7.60845 -7.5
      vertex -246.939 7.39104 -7.5
    endloop
  endfacet
  facet normal 0 0 -1
    outer loop
      vertex -248.132 -7.77896 -7.5
      vertex -247.528 7.60845 -7.5
      vertex -247.528 -7.60845 -7.5
    endloop
  endfacet
  facet normal 0 0 -1
    outer loop
      vertex -248.132 -7.77896 -7.5
      vertex -248.132 7.77896 -7.5
      vertex -247.528 7.60845 -7.5
    endloop
  endfacet
  facet normal 0 0 -1
    outer loop
      vertex -248.749 -7.90151 -7.5
      vertex -248.132 7.77896 -7.5
      vertex -248.132 -7.77896 -7.5
    endloop
  endfacet
  facet normal 0 0 -1
    outer loop
      vertex -248.749 -7.90151 -7.5
      vertex -248.749 7.90151 -7.5
      vertex -248.132 7.77896 -7.5
    endloop
  endfacet
  facet normal 0 0 -1
    outer loop
      vertex -249.372 -7.97534 -7.5
      vertex -248.749 7.90151 -7.5
      vertex -248.749 -7.90151 -7.5
    endloop
  endfacet
  facet normal 0 0 -1
    outer loop
      vertex -249.372 -7.97534 -7.5
      vertex -249.372 7.97534 -7.5
      vertex -248.749 7.90151 -7.5
    endloop
  endfacet
  facet normal 0 0 -1
    outer loop
      vertex -250 -8 -7.5
      vertex -249.372 7.97534 -7.5
      vertex -249.372 -7.97534 -7.5
    endloop
  endfacet
  facet normal 0 0 -1
    outer loop
      vertex -250 -8 -7.5
      vertex -250 8 -7.5
      vertex -249.372 7.97534 -7.5
    endloop
  endfacet
  facet normal 0 0 -1
    outer loop
      vertex -250.628 -7.97534 -7.5
      vertex -250 8 -7.5
      vertex -250 -8 -7.5
    endloop
  endfacet
  facet normal 0 0 -1
    outer loop
      vertex -250.628 -7.97534 -7.5
      vertex -250.628 7.97534 -7.5
      vertex -250 8 -7.5
    endloop
  endfacet
  facet normal 0 0 -1
    outer loop
      vertex -251.251 -7.90151 -7.5
      vertex -250.628 7.97534 -7.5
      vertex -250.628 -7.97534 -7.5
    endloop
  endfacet
  facet normal 0 0 -1
    outer loop
      vertex -251.251 -7.90151 -7.5
      vertex -251.251 7.90151 -7.5
      vertex -250.628 7.97534 -7.5
    endloop
  endfacet
  facet normal 0 0 -1
    outer loop
      vertex -251.868 -7.77896 -7.5
      vertex -251.251 7.90151 -7.5
      vertex -251.251 -7.90151 -7.5
    endloop
  endfacet
  facet normal 0 0 -1
    outer loop
      vertex -251.868 -7.77896 -7.5
      vertex -251.868 7.77896 -7.5
      vertex -251.251 7.90151 -7.5
    endloop
  endfacet
  facet normal 0 0 -1
    outer loop
      vertex -252.472 -7.60845 -7.5
      vertex -251.868 7.77896 -7.5
      vertex -251.868 -7.77896 -7.5
    endloop
  endfacet
  facet normal 0 0 -1
    outer loop
      vertex -252.472 -7.60845 -7.5
      vertex -252.472 7.60845 -7.5
      vertex -251.868 7.77896 -7.5
    endloop
  endfacet
  facet normal 0 0 -1
    outer loop
      vertex -253.061 -7.39104 -7.5
      vertex -252.472 7.60845 -7.5
      vertex -252.472 -7.60845 -7.5
    endloop
  endfacet
  facet normal 0 0 -1
    outer loop
      vertex -253.061 -7.39104 -7.5
      vertex -253.061 7.39104 -7.5
      vertex -252.472 7.60845 -7.5
    endloop
  endfacet
  facet normal 0 0 -1
    outer loop
      vertex -253.632 -7.12805 -7.5
      vertex -253.061 7.39104 -7.5
      vertex -253.061 -7.39104 -7.5
    endloop
  endfacet
  facet normal 0 0 -1
    outer loop
      vertex -253.632 -7.12805 -7.5
      vertex -253.632 7.12805 -7.5
      vertex -253.061 7.39104 -7.5
    endloop
  endfacet
  facet normal 0 0 -1
    outer loop
      vertex -254.18 -6.82112 -7.5
      vertex -253.632 7.12805 -7.5
      vertex -253.632 -7.12805 -7.5
    endloop
  endfacet
  facet normal 0 0 -1
    outer loop
      vertex -254.18 -6.82112 -7.5
      vertex -254.18 6.82112 -7.5
      vertex -253.632 7.12805 -7.5
    endloop
  endfacet
  facet normal 0 0 -1
    outer loop
      vertex -254.702 -6.47214 -7.5
      vertex -254.18 6.82112 -7.5
      vertex -254.18 -6.82112 -7.5
    endloop
  endfacet
  facet normal 0 0 -1
    outer loop
      vertex -254.702 -6.47214 -7.5
      vertex -254.702 6.47214 -7.5
      vertex -254.18 6.82112 -7.5
    endloop
  endfacet
  facet normal 0 0 -1
    outer loop
      vertex -255.196 -6.08325 -7.5
      vertex -254.702 6.47214 -7.5
      vertex -254.702 -6.47214 -7.5
    endloop
  endfacet
  facet normal 0 0 -1
    outer loop
      vertex -255.196 -6.08325 -7.5
      vertex -255.196 6.08325 -7.5
      vertex -254.702 6.47214 -7.5
    endloop
  endfacet
  facet normal 0 0 -1
    outer loop
      vertex -255.657 -5.65685 -7.5
      vertex -255.196 6.08325 -7.5
      vertex -255.196 -6.08325 -7.5
    endloop
  endfacet
  facet normal 0 0 -1
    outer loop
      vertex -255.657 -5.65685 -7.5
      vertex -255.657 5.65685 -7.5
      vertex -255.196 6.08325 -7.5
    endloop
  endfacet
  facet normal 0 0 -1
    outer loop
      vertex -256.083 -5.19558 -7.5
      vertex -255.657 5.65685 -7.5
      vertex -255.657 -5.65685 -7.5
    endloop
  endfacet
  facet normal 0 0 -1
    outer loop
      vertex -256.083 -5.19558 -7.5
      vertex -256.083 5.19558 -7.5
      vertex -255.657 5.65685 -7.5
    endloop
  endfacet
  facet normal 0 0 -1
    outer loop
      vertex -256.472 -4.70228 -7.5
      vertex -256.083 5.19558 -7.5
      vertex -256.083 -5.19558 -7.5
    endloop
  endfacet
  facet normal 0 0 -1
    outer loop
      vertex -256.472 -4.70228 -7.5
      vertex -256.472 4.70228 -7.5
      vertex -256.083 5.19558 -7.5
    endloop
  endfacet
  facet normal 0 0 -1
    outer loop
      vertex -256.821 -4.17999 -7.5
      vertex -256.472 4.70228 -7.5
      vertex -256.472 -4.70228 -7.5
    endloop
  endfacet
  facet normal 0 0 -1
    outer loop
      vertex -256.821 -4.17999 -7.5
      vertex -256.821 4.17999 -7.5
      vertex -256.472 4.70228 -7.5
    endloop
  endfacet
  facet normal 0 0 -1
    outer loop
      vertex -257.128 -3.63192 -7.5
      vertex -256.821 4.17999 -7.5
      vertex -256.821 -4.17999 -7.5
    endloop
  endfacet
  facet normal 0 0 -1
    outer loop
      vertex -257.128 -3.63192 -7.5
      vertex -257.128 3.63192 -7.5
      vertex -256.821 4.17999 -7.5
    endloop
  endfacet
  facet normal 0 0 -1
    outer loop
      vertex -257.391 -3.06147 -7.5
      vertex -257.128 3.63192 -7.5
      vertex -257.128 -3.63192 -7.5
    endloop
  endfacet
  facet normal 0 0 -1
    outer loop
      vertex -257.391 -3.06147 -7.5
      vertex -257.391 3.06147 -7.5
      vertex -257.128 3.63192 -7.5
    endloop
  endfacet
  facet normal 0 0 -1
    outer loop
      vertex -257.608 -2.47214 -7.5
      vertex -257.391 3.06147 -7.5
      vertex -257.391 -3.06147 -7.5
    endloop
  endfacet
  facet normal 0 0 -1
    outer loop
      vertex -257.608 -2.47214 -7.5
      vertex -257.608 2.47214 -7.5
      vertex -257.391 3.06147 -7.5
    endloop
  endfacet
  facet normal 0 0 -1
    outer loop
      vertex -257.779 -1.86756 -7.5
      vertex -257.608 2.47214 -7.5
      vertex -257.608 -2.47214 -7.5
    endloop
  endfacet
  facet normal 0 0 -1
    outer loop
      vertex -257.779 -1.86756 -7.5
      vertex -257.779 1.86756 -7.5
      vertex -257.608 2.47214 -7.5
    endloop
  endfacet
  facet normal 0 0 -1
    outer loop
      vertex -257.902 -1.25148 -7.5
      vertex -257.779 1.86756 -7.5
      vertex -257.779 -1.86756 -7.5
    endloop
  endfacet
  facet normal 0 0 -1
    outer loop
      vertex -257.902 -1.25148 -7.5
      vertex -257.902 1.25148 -7.5
      vertex -257.779 1.86756 -7.5
    endloop
  endfacet
  facet normal 0 0 -1
    outer loop
      vertex -257.975 -0.627672 -7.5
      vertex -257.902 1.25148 -7.5
      vertex -257.902 -1.25148 -7.5
    endloop
  endfacet
  facet normal 0 0 -1
    outer loop
      vertex -257.975 -0.627672 -7.5
      vertex -257.975 0.627672 -7.5
      vertex -257.902 1.25148 -7.5
    endloop
  endfacet
  facet normal 0 -0 -1
    outer loop
      vertex -257.975 0.627672 -7.5
      vertex -257.975 -0.627672 -7.5
      vertex -258 0 -7.5
    endloop
  endfacet
  facet normal -0.618556 0.785741 0
    outer loop
      vertex -254.702 6.47214 -7.5
      vertex -255.196 6.08325 5
      vertex -254.702 6.47214 5
    endloop
  endfacet
  facet normal -0.618556 0.785741 0
    outer loop
      vertex -255.196 6.08325 5
      vertex -254.702 6.47214 -7.5
      vertex -255.196 6.08325 -7.5
    endloop
  endfacet
  facet normal -0.679021 -0.734119 0
    outer loop
      vertex -255.657 -5.65685 -7.5
      vertex -255.196 -6.08325 5
      vertex -255.657 -5.65685 5
    endloop
  endfacet
  facet normal -0.679021 -0.734119 -0
    outer loop
      vertex -255.196 -6.08325 5
      vertex -255.657 -5.65685 -7.5
      vertex -255.196 -6.08325 -7.5
    endloop
  endfacet
  facet normal 0.962251 -0.272164 0
    outer loop
      vertex -242.392 -2.47214 5
      vertex -242.221 -1.86756 -7.5
      vertex -242.221 -1.86756 5
    endloop
  endfacet
  facet normal 0.962251 -0.272164 0
    outer loop
      vertex -242.221 -1.86756 -7.5
      vertex -242.392 -2.47214 5
      vertex -242.392 -2.47214 -7.5
    endloop
  endfacet
  facet normal -0.872451 0.488701 0
    outer loop
      vertex -257.128 3.63192 -7.5
      vertex -256.821 4.17999 5
      vertex -256.821 4.17999 -7.5
    endloop
  endfacet
  facet normal -0.872451 0.488701 0
    outer loop
      vertex -256.821 4.17999 5
      vertex -257.128 3.63192 -7.5
      vertex -257.128 3.63192 5
    endloop
  endfacet
  facet normal -0.55578 0.831329 0
    outer loop
      vertex -254.18 6.82112 -7.5
      vertex -254.702 6.47214 5
      vertex -254.18 6.82112 5
    endloop
  endfacet
  facet normal -0.55578 0.831329 0
    outer loop
      vertex -254.702 6.47214 5
      vertex -254.18 6.82112 -7.5
      vertex -254.702 6.47214 -7.5
    endloop
  endfacet
  facet normal -0.993222 -0.11623 0
    outer loop
      vertex -257.902 -1.25148 -7.5
      vertex -257.975 -0.627672 5
      vertex -257.975 -0.627672 -7.5
    endloop
  endfacet
  facet normal -0.993222 -0.11623 0
    outer loop
      vertex -257.975 -0.627672 5
      vertex -257.902 -1.25148 -7.5
      vertex -257.902 -1.25148 5
    endloop
  endfacet
  facet normal -0.999208 0.0397982 0
    outer loop
      vertex -258 0 -7.5
      vertex -257.975 0.627672 5
      vertex -257.975 0.627672 -7.5
    endloop
  endfacet
  facet normal -0.999208 0.0397982 0
    outer loop
      vertex -257.975 0.627672 5
      vertex -258 0 -7.5
      vertex -258 0 5
    endloop
  endfacet
  facet normal 0.908132 0.418685 0
    outer loop
      vertex -242.609 3.06147 5
      vertex -242.872 3.63192 -7.5
      vertex -242.872 3.63192 5
    endloop
  endfacet
  facet normal 0.908132 0.418685 0
    outer loop
      vertex -242.872 3.63192 -7.5
      vertex -242.609 3.06147 5
      vertex -242.609 3.06147 -7.5
    endloop
  endfacet
  facet normal -0.980647 -0.195786 0
    outer loop
      vertex -257.779 -1.86756 -7.5
      vertex -257.902 -1.25148 5
      vertex -257.902 -1.25148 -7.5
    endloop
  endfacet
  facet normal -0.980647 -0.195786 0
    outer loop
      vertex -257.902 -1.25148 5
      vertex -257.779 -1.86756 -7.5
      vertex -257.779 -1.86756 5
    endloop
  endfacet
  facet normal 0.55578 -0.831329 0
    outer loop
      vertex -245.82 -6.82112 -7.5
      vertex -245.298 -6.47214 5
      vertex -245.82 -6.82112 5
    endloop
  endfacet
  facet normal 0.55578 -0.831329 0
    outer loop
      vertex -245.298 -6.47214 5
      vertex -245.82 -6.82112 -7.5
      vertex -245.298 -6.47214 -7.5
    endloop
  endfacet
  facet normal -0.831457 -0.555589 0
    outer loop
      vertex -256.472 -4.70228 -7.5
      vertex -256.821 -4.17999 5
      vertex -256.821 -4.17999 -7.5
    endloop
  endfacet
  facet normal -0.831457 -0.555589 0
    outer loop
      vertex -256.821 -4.17999 5
      vertex -256.472 -4.70228 -7.5
      vertex -256.472 -4.70228 5
    endloop
  endfacet
  facet normal 0.785229 0.619205 0
    outer loop
      vertex -243.528 4.70228 5
      vertex -243.917 5.19558 -7.5
      vertex -243.917 5.19558 5
    endloop
  endfacet
  facet normal 0.785229 0.619205 0
    outer loop
      vertex -243.917 5.19558 -7.5
      vertex -243.528 4.70228 5
      vertex -243.528 4.70228 -7.5
    endloop
  endfacet
  facet normal -0.734635 -0.678463 0
    outer loop
      vertex -255.657 -5.65685 -7.5
      vertex -256.083 -5.19558 5
      vertex -256.083 -5.19558 -7.5
    endloop
  endfacet
  facet normal -0.734635 -0.678463 0
    outer loop
      vertex -256.083 -5.19558 5
      vertex -255.657 -5.65685 -7.5
      vertex -255.657 -5.65685 5
    endloop
  endfacet
  facet normal -0.785229 -0.619205 0
    outer loop
      vertex -256.083 -5.19558 -7.5
      vertex -256.472 -4.70228 5
      vertex -256.472 -4.70228 -7.5
    endloop
  endfacet
  facet normal -0.785229 -0.619205 0
    outer loop
      vertex -256.472 -4.70228 5
      vertex -256.083 -5.19558 -7.5
      vertex -256.083 -5.19558 5
    endloop
  endfacet
  facet normal 0.418339 0.908291 -0
    outer loop
      vertex -246.368 7.12805 -7.5
      vertex -246.939 7.39104 5
      vertex -246.368 7.12805 5
    endloop
  endfacet
  facet normal 0.418339 0.908291 0
    outer loop
      vertex -246.939 7.39104 5
      vertex -246.368 7.12805 -7.5
      vertex -246.939 7.39104 -7.5
    endloop
  endfacet
  facet normal -0.938406 -0.345535 0
    outer loop
      vertex -257.391 -3.06147 -7.5
      vertex -257.608 -2.47214 5
      vertex -257.608 -2.47214 -7.5
    endloop
  endfacet
  facet normal -0.938406 -0.345535 0
    outer loop
      vertex -257.608 -2.47214 5
      vertex -257.391 -3.06147 -7.5
      vertex -257.391 -3.06147 5
    endloop
  endfacet
  facet normal -0.418339 -0.908291 0
    outer loop
      vertex -253.632 -7.12805 -7.5
      vertex -253.061 -7.39104 5
      vertex -253.632 -7.12805 5
    endloop
  endfacet
  facet normal -0.418339 -0.908291 -0
    outer loop
      vertex -253.061 -7.39104 5
      vertex -253.632 -7.12805 -7.5
      vertex -253.061 -7.39104 -7.5
    endloop
  endfacet
  facet normal 0.418339 -0.908291 0
    outer loop
      vertex -246.939 -7.39104 -7.5
      vertex -246.368 -7.12805 5
      vertex -246.939 -7.39104 5
    endloop
  endfacet
  facet normal 0.418339 -0.908291 0
    outer loop
      vertex -246.368 -7.12805 5
      vertex -246.939 -7.39104 -7.5
      vertex -246.368 -7.12805 -7.5
    endloop
  endfacet
  facet normal -0.488664 0.872472 0
    outer loop
      vertex -253.632 7.12805 -7.5
      vertex -254.18 6.82112 5
      vertex -253.632 7.12805 5
    endloop
  endfacet
  facet normal -0.488664 0.872472 0
    outer loop
      vertex -254.18 6.82112 5
      vertex -253.632 7.12805 -7.5
      vertex -254.18 6.82112 -7.5
    endloop
  endfacet
  facet normal 0.872451 -0.488701 0
    outer loop
      vertex -243.179 -4.17999 5
      vertex -242.872 -3.63192 -7.5
      vertex -242.872 -3.63192 5
    endloop
  endfacet
  facet normal 0.872451 -0.488701 0
    outer loop
      vertex -242.872 -3.63192 -7.5
      vertex -243.179 -4.17999 5
      vertex -243.179 -4.17999 -7.5
    endloop
  endfacet
  facet normal -0.999208 -0.0397982 0
    outer loop
      vertex -257.975 -0.627672 -7.5
      vertex -258 0 5
      vertex -258 0 -7.5
    endloop
  endfacet
  facet normal -0.999208 -0.0397982 0
    outer loop
      vertex -258 0 5
      vertex -257.975 -0.627672 -7.5
      vertex -257.975 -0.627672 5
    endloop
  endfacet
  facet normal 0.488664 0.872472 -0
    outer loop
      vertex -245.82 6.82112 -7.5
      vertex -246.368 7.12805 5
      vertex -245.82 6.82112 5
    endloop
  endfacet
  facet normal 0.488664 0.872472 0
    outer loop
      vertex -246.368 7.12805 5
      vertex -245.82 6.82112 -7.5
      vertex -246.368 7.12805 -7.5
    endloop
  endfacet
  facet normal 0.993222 -0.11623 0
    outer loop
      vertex -242.098 -1.25148 5
      vertex -242.025 -0.627672 -7.5
      vertex -242.025 -0.627672 5
    endloop
  endfacet
  facet normal 0.993222 -0.11623 0
    outer loop
      vertex -242.025 -0.627672 -7.5
      vertex -242.098 -1.25148 5
      vertex -242.098 -1.25148 -7.5
    endloop
  endfacet
  facet normal 0.938406 0.345535 0
    outer loop
      vertex -242.392 2.47214 5
      vertex -242.609 3.06147 -7.5
      vertex -242.609 3.06147 5
    endloop
  endfacet
  facet normal 0.938406 0.345535 0
    outer loop
      vertex -242.609 3.06147 -7.5
      vertex -242.392 2.47214 5
      vertex -242.392 2.47214 -7.5
    endloop
  endfacet
  facet normal 0.618556 0.785741 -0
    outer loop
      vertex -244.804 6.08325 -7.5
      vertex -245.298 6.47214 5
      vertex -244.804 6.08325 5
    endloop
  endfacet
  facet normal 0.618556 0.785741 0
    outer loop
      vertex -245.298 6.47214 5
      vertex -244.804 6.08325 -7.5
      vertex -245.298 6.47214 -7.5
    endloop
  endfacet
  facet normal 0.679021 0.734119 -0
    outer loop
      vertex -244.343 5.65685 -7.5
      vertex -244.804 6.08325 5
      vertex -244.343 5.65685 5
    endloop
  endfacet
  facet normal 0.679021 0.734119 0
    outer loop
      vertex -244.804 6.08325 5
      vertex -244.343 5.65685 -7.5
      vertex -244.804 6.08325 -7.5
    endloop
  endfacet
  facet normal -0.0392373 -0.99923 0
    outer loop
      vertex -250.628 -7.97534 -7.5
      vertex -250 -8 5
      vertex -250.628 -7.97534 5
    endloop
  endfacet
  facet normal -0.0392373 -0.99923 -0
    outer loop
      vertex -250 -8 5
      vertex -250.628 -7.97534 -7.5
      vertex -250 -8 -7.5
    endloop
  endfacet
  facet normal 0.194817 -0.98084 0
    outer loop
      vertex -248.749 -7.90151 -7.5
      vertex -248.132 -7.77896 5
      vertex -248.749 -7.90151 5
    endloop
  endfacet
  facet normal 0.194817 -0.98084 0
    outer loop
      vertex -248.132 -7.77896 5
      vertex -248.749 -7.90151 -7.5
      vertex -248.132 -7.77896 -7.5
    endloop
  endfacet
  facet normal 0.679021 -0.734119 0
    outer loop
      vertex -244.804 -6.08325 -7.5
      vertex -244.343 -5.65685 5
      vertex -244.804 -6.08325 5
    endloop
  endfacet
  facet normal 0.679021 -0.734119 0
    outer loop
      vertex -244.343 -5.65685 5
      vertex -244.804 -6.08325 -7.5
      vertex -244.343 -5.65685 -7.5
    endloop
  endfacet
  facet normal 0.908132 -0.418685 0
    outer loop
      vertex -242.872 -3.63192 5
      vertex -242.609 -3.06147 -7.5
      vertex -242.609 -3.06147 5
    endloop
  endfacet
  facet normal 0.908132 -0.418685 0
    outer loop
      vertex -242.609 -3.06147 -7.5
      vertex -242.872 -3.63192 5
      vertex -242.872 -3.63192 -7.5
    endloop
  endfacet
  facet normal 0.999208 -0.0397982 0
    outer loop
      vertex -242.025 -0.627672 5
      vertex -242 0 -7.5
      vertex -242 0 5
    endloop
  endfacet
  facet normal 0.999208 -0.0397982 0
    outer loop
      vertex -242 0 -7.5
      vertex -242.025 -0.627672 5
      vertex -242.025 -0.627672 -7.5
    endloop
  endfacet
  facet normal -0.980647 0.195786 0
    outer loop
      vertex -257.902 1.25148 -7.5
      vertex -257.779 1.86756 5
      vertex -257.779 1.86756 -7.5
    endloop
  endfacet
  facet normal -0.980647 0.195786 0
    outer loop
      vertex -257.779 1.86756 5
      vertex -257.902 1.25148 -7.5
      vertex -257.902 1.25148 5
    endloop
  endfacet
  facet normal 0.831457 0.555589 0
    outer loop
      vertex -243.179 4.17999 5
      vertex -243.528 4.70228 -7.5
      vertex -243.528 4.70228 5
    endloop
  endfacet
  facet normal 0.831457 0.555589 0
    outer loop
      vertex -243.528 4.70228 -7.5
      vertex -243.179 4.17999 5
      vertex -243.179 4.17999 -7.5
    endloop
  endfacet
  facet normal -0.271683 0.962387 0
    outer loop
      vertex -251.868 7.77896 -7.5
      vertex -252.472 7.60845 5
      vertex -251.868 7.77896 5
    endloop
  endfacet
  facet normal -0.271683 0.962387 0
    outer loop
      vertex -252.472 7.60845 5
      vertex -251.868 7.77896 -7.5
      vertex -252.472 7.60845 -7.5
    endloop
  endfacet
  facet normal 0.831457 -0.555589 0
    outer loop
      vertex -243.528 -4.70228 5
      vertex -243.179 -4.17999 -7.5
      vertex -243.179 -4.17999 5
    endloop
  endfacet
  facet normal 0.831457 -0.555589 0
    outer loop
      vertex -243.179 -4.17999 -7.5
      vertex -243.528 -4.70228 5
      vertex -243.528 -4.70228 -7.5
    endloop
  endfacet
  facet normal -0.117684 0.993051 0
    outer loop
      vertex -250.628 7.97534 -7.5
      vertex -251.251 7.90151 5
      vertex -250.628 7.97534 5
    endloop
  endfacet
  facet normal -0.117684 0.993051 0
    outer loop
      vertex -251.251 7.90151 5
      vertex -250.628 7.97534 -7.5
      vertex -251.251 7.90151 -7.5
    endloop
  endfacet
  facet normal -0.34628 -0.938131 0
    outer loop
      vertex -253.061 -7.39104 -7.5
      vertex -252.472 -7.60845 5
      vertex -253.061 -7.39104 5
    endloop
  endfacet
  facet normal -0.34628 -0.938131 -0
    outer loop
      vertex -252.472 -7.60845 5
      vertex -253.061 -7.39104 -7.5
      vertex -252.472 -7.60845 -7.5
    endloop
  endfacet
  facet normal -0.831457 0.555589 0
    outer loop
      vertex -256.821 4.17999 -7.5
      vertex -256.472 4.70228 5
      vertex -256.472 4.70228 -7.5
    endloop
  endfacet
  facet normal -0.831457 0.555589 0
    outer loop
      vertex -256.472 4.70228 5
      vertex -256.821 4.17999 -7.5
      vertex -256.821 4.17999 5
    endloop
  endfacet
  facet normal 0.962251 0.272164 0
    outer loop
      vertex -242.221 1.86756 5
      vertex -242.392 2.47214 -7.5
      vertex -242.392 2.47214 5
    endloop
  endfacet
  facet normal 0.962251 0.272164 0
    outer loop
      vertex -242.392 2.47214 -7.5
      vertex -242.221 1.86756 5
      vertex -242.221 1.86756 -7.5
    endloop
  endfacet
  facet normal 0.0392373 -0.99923 0
    outer loop
      vertex -250 -8 -7.5
      vertex -249.372 -7.97534 5
      vertex -250 -8 5
    endloop
  endfacet
  facet normal 0.0392373 -0.99923 0
    outer loop
      vertex -249.372 -7.97534 5
      vertex -250 -8 -7.5
      vertex -249.372 -7.97534 -7.5
    endloop
  endfacet
  facet normal 0.117684 -0.993051 0
    outer loop
      vertex -249.372 -7.97534 -7.5
      vertex -248.749 -7.90151 5
      vertex -249.372 -7.97534 5
    endloop
  endfacet
  facet normal 0.117684 -0.993051 0
    outer loop
      vertex -248.749 -7.90151 5
      vertex -249.372 -7.97534 -7.5
      vertex -248.749 -7.90151 -7.5
    endloop
  endfacet
  facet normal -0.271683 -0.962387 0
    outer loop
      vertex -252.472 -7.60845 -7.5
      vertex -251.868 -7.77896 5
      vertex -252.472 -7.60845 5
    endloop
  endfacet
  facet normal -0.271683 -0.962387 -0
    outer loop
      vertex -251.868 -7.77896 5
      vertex -252.472 -7.60845 -7.5
      vertex -251.868 -7.77896 -7.5
    endloop
  endfacet
  facet normal -0.0392373 0.99923 0
    outer loop
      vertex -250 8 -7.5
      vertex -250.628 7.97534 5
      vertex -250 8 5
    endloop
  endfacet
  facet normal -0.0392373 0.99923 0
    outer loop
      vertex -250.628 7.97534 5
      vertex -250 8 -7.5
      vertex -250.628 7.97534 -7.5
    endloop
  endfacet
  facet normal -0.34628 0.938131 0
    outer loop
      vertex -252.472 7.60845 -7.5
      vertex -253.061 7.39104 5
      vertex -252.472 7.60845 5
    endloop
  endfacet
  facet normal -0.34628 0.938131 0
    outer loop
      vertex -253.061 7.39104 5
      vertex -252.472 7.60845 -7.5
      vertex -253.061 7.39104 -7.5
    endloop
  endfacet
  facet normal -0.938406 0.345535 0
    outer loop
      vertex -257.608 2.47214 -7.5
      vertex -257.391 3.06147 5
      vertex -257.391 3.06147 -7.5
    endloop
  endfacet
  facet normal -0.938406 0.345535 0
    outer loop
      vertex -257.391 3.06147 5
      vertex -257.608 2.47214 -7.5
      vertex -257.608 2.47214 5
    endloop
  endfacet
  facet normal 0.734635 -0.678463 0
    outer loop
      vertex -244.343 -5.65685 5
      vertex -243.917 -5.19558 -7.5
      vertex -243.917 -5.19558 5
    endloop
  endfacet
  facet normal 0.734635 -0.678463 0
    outer loop
      vertex -243.917 -5.19558 -7.5
      vertex -244.343 -5.65685 5
      vertex -244.343 -5.65685 -7.5
    endloop
  endfacet
  facet normal -0.55578 -0.831329 0
    outer loop
      vertex -254.702 -6.47214 -7.5
      vertex -254.18 -6.82112 5
      vertex -254.702 -6.47214 5
    endloop
  endfacet
  facet normal -0.55578 -0.831329 -0
    outer loop
      vertex -254.18 -6.82112 5
      vertex -254.702 -6.47214 -7.5
      vertex -254.18 -6.82112 -7.5
    endloop
  endfacet
  facet normal 0.488664 -0.872472 0
    outer loop
      vertex -246.368 -7.12805 -7.5
      vertex -245.82 -6.82112 5
      vertex -246.368 -7.12805 5
    endloop
  endfacet
  facet normal 0.488664 -0.872472 0
    outer loop
      vertex -245.82 -6.82112 5
      vertex -246.368 -7.12805 -7.5
      vertex -245.82 -6.82112 -7.5
    endloop
  endfacet
  facet normal 0.34628 -0.938131 0
    outer loop
      vertex -247.528 -7.60845 -7.5
      vertex -246.939 -7.39104 5
      vertex -247.528 -7.60845 5
    endloop
  endfacet
  facet normal 0.34628 -0.938131 0
    outer loop
      vertex -246.939 -7.39104 5
      vertex -247.528 -7.60845 -7.5
      vertex -246.939 -7.39104 -7.5
    endloop
  endfacet
  facet normal 0.194817 0.98084 -0
    outer loop
      vertex -248.132 7.77896 -7.5
      vertex -248.749 7.90151 5
      vertex -248.132 7.77896 5
    endloop
  endfacet
  facet normal 0.194817 0.98084 0
    outer loop
      vertex -248.749 7.90151 5
      vertex -248.132 7.77896 -7.5
      vertex -248.749 7.90151 -7.5
    endloop
  endfacet
  facet normal -0.734635 0.678463 0
    outer loop
      vertex -256.083 5.19558 -7.5
      vertex -255.657 5.65685 5
      vertex -255.657 5.65685 -7.5
    endloop
  endfacet
  facet normal -0.734635 0.678463 0
    outer loop
      vertex -255.657 5.65685 5
      vertex -256.083 5.19558 -7.5
      vertex -256.083 5.19558 5
    endloop
  endfacet
  facet normal 0.271683 0.962387 -0
    outer loop
      vertex -247.528 7.60845 -7.5
      vertex -248.132 7.77896 5
      vertex -247.528 7.60845 5
    endloop
  endfacet
  facet normal 0.271683 0.962387 0
    outer loop
      vertex -248.132 7.77896 5
      vertex -247.528 7.60845 -7.5
      vertex -248.132 7.77896 -7.5
    endloop
  endfacet
  facet normal -0.908132 -0.418685 0
    outer loop
      vertex -257.128 -3.63192 -7.5
      vertex -257.391 -3.06147 5
      vertex -257.391 -3.06147 -7.5
    endloop
  endfacet
  facet normal -0.908132 -0.418685 0
    outer loop
      vertex -257.391 -3.06147 5
      vertex -257.128 -3.63192 -7.5
      vertex -257.128 -3.63192 5
    endloop
  endfacet
  facet normal -0.908132 0.418685 0
    outer loop
      vertex -257.391 3.06147 -7.5
      vertex -257.128 3.63192 5
      vertex -257.128 3.63192 -7.5
    endloop
  endfacet
  facet normal -0.908132 0.418685 0
    outer loop
      vertex -257.128 3.63192 5
      vertex -257.391 3.06147 -7.5
      vertex -257.391 3.06147 5
    endloop
  endfacet
  facet normal -0.194817 -0.98084 0
    outer loop
      vertex -251.868 -7.77896 -7.5
      vertex -251.251 -7.90151 5
      vertex -251.868 -7.77896 5
    endloop
  endfacet
  facet normal -0.194817 -0.98084 -0
    outer loop
      vertex -251.251 -7.90151 5
      vertex -251.868 -7.77896 -7.5
      vertex -251.251 -7.90151 -7.5
    endloop
  endfacet
  facet normal 0.117684 0.993051 -0
    outer loop
      vertex -248.749 7.90151 -7.5
      vertex -249.372 7.97534 5
      vertex -248.749 7.90151 5
    endloop
  endfacet
  facet normal 0.117684 0.993051 0
    outer loop
      vertex -249.372 7.97534 5
      vertex -248.749 7.90151 -7.5
      vertex -249.372 7.97534 -7.5
    endloop
  endfacet
  facet normal 0.34628 0.938131 -0
    outer loop
      vertex -246.939 7.39104 -7.5
      vertex -247.528 7.60845 5
      vertex -246.939 7.39104 5
    endloop
  endfacet
  facet normal 0.34628 0.938131 0
    outer loop
      vertex -247.528 7.60845 5
      vertex -246.939 7.39104 -7.5
      vertex -247.528 7.60845 -7.5
    endloop
  endfacet
  facet normal -0.418339 0.908291 0
    outer loop
      vertex -253.061 7.39104 -7.5
      vertex -253.632 7.12805 5
      vertex -253.061 7.39104 5
    endloop
  endfacet
  facet normal -0.418339 0.908291 0
    outer loop
      vertex -253.632 7.12805 5
      vertex -253.061 7.39104 -7.5
      vertex -253.632 7.12805 -7.5
    endloop
  endfacet
  facet normal -0.117684 -0.993051 0
    outer loop
      vertex -251.251 -7.90151 -7.5
      vertex -250.628 -7.97534 5
      vertex -251.251 -7.90151 5
    endloop
  endfacet
  facet normal -0.117684 -0.993051 -0
    outer loop
      vertex -250.628 -7.97534 5
      vertex -251.251 -7.90151 -7.5
      vertex -250.628 -7.97534 -7.5
    endloop
  endfacet
  facet normal 0.618556 -0.785741 0
    outer loop
      vertex -245.298 -6.47214 -7.5
      vertex -244.804 -6.08325 5
      vertex -245.298 -6.47214 5
    endloop
  endfacet
  facet normal 0.618556 -0.785741 0
    outer loop
      vertex -244.804 -6.08325 5
      vertex -245.298 -6.47214 -7.5
      vertex -244.804 -6.08325 -7.5
    endloop
  endfacet
  facet normal -0.618556 -0.785741 0
    outer loop
      vertex -255.196 -6.08325 -7.5
      vertex -254.702 -6.47214 5
      vertex -255.196 -6.08325 5
    endloop
  endfacet
  facet normal -0.618556 -0.785741 -0
    outer loop
      vertex -254.702 -6.47214 5
      vertex -255.196 -6.08325 -7.5
      vertex -254.702 -6.47214 -7.5
    endloop
  endfacet
  facet normal -0.993222 0.11623 0
    outer loop
      vertex -257.975 0.627672 -7.5
      vertex -257.902 1.25148 5
      vertex -257.902 1.25148 -7.5
    endloop
  endfacet
  facet normal -0.993222 0.11623 0
    outer loop
      vertex -257.902 1.25148 5
      vertex -257.975 0.627672 -7.5
      vertex -257.975 0.627672 5
    endloop
  endfacet
  facet normal 0 0 1
    outer loop
      vertex -239.034 0.86305 15
      vertex -239.034 -0.86305 15
      vertex -239 0 15
    endloop
  endfacet
  facet normal 0 0 1
    outer loop
      vertex -239.135 1.72078 15
      vertex -239.034 -0.86305 15
      vertex -239.034 0.86305 15
    endloop
  endfacet
  facet normal 0 0 1
    outer loop
      vertex -239.135 1.72078 15
      vertex -239.135 -1.72078 15
      vertex -239.034 -0.86305 15
    endloop
  endfacet
  facet normal 0 0 1
    outer loop
      vertex -239.304 2.5679 15
      vertex -239.135 -1.72078 15
      vertex -239.135 1.72078 15
    endloop
  endfacet
  facet normal 0 0 1
    outer loop
      vertex -239.304 2.5679 15
      vertex -239.304 -2.5679 15
      vertex -239.135 -1.72078 15
    endloop
  endfacet
  facet normal 0 0 1
    outer loop
      vertex -239.538 3.39919 15
      vertex -239.304 -2.5679 15
      vertex -239.304 2.5679 15
    endloop
  endfacet
  facet normal 0 0 1
    outer loop
      vertex -239.538 3.39919 15
      vertex -239.538 -3.39919 15
      vertex -239.304 -2.5679 15
    endloop
  endfacet
  facet normal 0 0 1
    outer loop
      vertex -239.837 4.20952 15
      vertex -239.538 -3.39919 15
      vertex -239.538 3.39919 15
    endloop
  endfacet
  facet normal 0 0 1
    outer loop
      vertex -239.837 4.20952 15
      vertex -239.837 -4.20952 15
      vertex -239.538 -3.39919 15
    endloop
  endfacet
  facet normal 0 0 1
    outer loop
      vertex -240.199 4.99389 15
      vertex -239.837 -4.20952 15
      vertex -239.837 4.20952 15
    endloop
  endfacet
  facet normal 0 0 1
    outer loop
      vertex -240.199 4.99389 15
      vertex -240.199 -4.99389 15
      vertex -239.837 -4.20952 15
    endloop
  endfacet
  facet normal 0 0 1
    outer loop
      vertex -240.621 5.74748 15
      vertex -240.199 -4.99389 15
      vertex -240.199 4.99389 15
    endloop
  endfacet
  facet normal 0 0 1
    outer loop
      vertex -240.621 5.74748 15
      vertex -240.621 -5.74748 15
      vertex -240.199 -4.99389 15
    endloop
  endfacet
  facet normal 0 0 1
    outer loop
      vertex -241.101 6.46564 15
      vertex -240.621 -5.74748 15
      vertex -240.621 5.74748 15
    endloop
  endfacet
  facet normal 0 0 1
    outer loop
      vertex -241.101 6.46564 15
      vertex -241.101 -6.46564 15
      vertex -240.621 -5.74748 15
    endloop
  endfacet
  facet normal 0 0 1
    outer loop
      vertex -241.636 7.14393 15
      vertex -241.101 -6.46564 15
      vertex -241.101 6.46564 15
    endloop
  endfacet
  facet normal 0 0 1
    outer loop
      vertex -241.636 7.14393 15
      vertex -241.636 -7.14393 15
      vertex -241.101 -6.46564 15
    endloop
  endfacet
  facet normal 0 0 1
    outer loop
      vertex -242.222 7.77817 15
      vertex -241.636 -7.14393 15
      vertex -241.636 7.14393 15
    endloop
  endfacet
  facet normal 0 0 1
    outer loop
      vertex -242.222 7.77817 15
      vertex -242.222 -7.77817 15
      vertex -241.636 -7.14393 15
    endloop
  endfacet
  facet normal 0 0 1
    outer loop
      vertex -242.856 8.36446 15
      vertex -242.222 -7.77817 15
      vertex -242.222 7.77817 15
    endloop
  endfacet
  facet normal 0 0 1
    outer loop
      vertex -242.856 8.36446 15
      vertex -242.856 -8.36446 15
      vertex -242.222 -7.77817 15
    endloop
  endfacet
  facet normal 0 0 1
    outer loop
      vertex -243.534 8.89919 15
      vertex -242.856 -8.36446 15
      vertex -242.856 8.36446 15
    endloop
  endfacet
  facet normal 0 0 1
    outer loop
      vertex -243.534 8.89919 15
      vertex -243.534 -8.89919 15
      vertex -242.856 -8.36446 15
    endloop
  endfacet
  facet normal 0 0 1
    outer loop
      vertex -244.253 9.37904 15
      vertex -243.534 -8.89919 15
      vertex -243.534 8.89919 15
    endloop
  endfacet
  facet normal 0 0 1
    outer loop
      vertex -244.253 9.37904 15
      vertex -244.253 -9.37904 15
      vertex -243.534 -8.89919 15
    endloop
  endfacet
  facet normal 0 0 1
    outer loop
      vertex -245.006 9.80107 15
      vertex -244.253 -9.37904 15
      vertex -244.253 9.37904 15
    endloop
  endfacet
  facet normal 0 0 1
    outer loop
      vertex -245.006 9.80107 15
      vertex -245.006 -9.80107 15
      vertex -244.253 -9.37904 15
    endloop
  endfacet
  facet normal 0 0 1
    outer loop
      vertex -245.79 10.1627 15
      vertex -245.006 -9.80107 15
      vertex -245.006 9.80107 15
    endloop
  endfacet
  facet normal 0 0 1
    outer loop
      vertex -245.79 10.1627 15
      vertex -245.79 -10.1627 15
      vertex -245.006 -9.80107 15
    endloop
  endfacet
  facet normal 0 0 1
    outer loop
      vertex -246.601 10.4616 15
      vertex -245.79 -10.1627 15
      vertex -245.79 10.1627 15
    endloop
  endfacet
  facet normal 0 0 1
    outer loop
      vertex -246.601 10.4616 15
      vertex -246.601 -10.4616 15
      vertex -245.79 -10.1627 15
    endloop
  endfacet
  facet normal 0 0 1
    outer loop
      vertex -247.432 10.6961 15
      vertex -246.601 -10.4616 15
      vertex -246.601 10.4616 15
    endloop
  endfacet
  facet normal 0 0 1
    outer loop
      vertex -247.432 10.6961 15
      vertex -247.432 -10.6961 15
      vertex -246.601 -10.4616 15
    endloop
  endfacet
  facet normal 0 0 1
    outer loop
      vertex -248.279 10.8646 15
      vertex -247.432 -10.6961 15
      vertex -247.432 10.6961 15
    endloop
  endfacet
  facet normal 0 0 1
    outer loop
      vertex -248.279 10.8646 15
      vertex -248.279 -10.8646 15
      vertex -247.432 -10.6961 15
    endloop
  endfacet
  facet normal 0 0 1
    outer loop
      vertex -249.137 10.9661 15
      vertex -248.279 -10.8646 15
      vertex -248.279 10.8646 15
    endloop
  endfacet
  facet normal 0 0 1
    outer loop
      vertex -249.137 10.9661 15
      vertex -249.137 -10.9661 15
      vertex -248.279 -10.8646 15
    endloop
  endfacet
  facet normal 0 0 1
    outer loop
      vertex -250 11 15
      vertex -249.137 -10.9661 15
      vertex -249.137 10.9661 15
    endloop
  endfacet
  facet normal 0 0 1
    outer loop
      vertex -250 11 15
      vertex -250 -11 15
      vertex -249.137 -10.9661 15
    endloop
  endfacet
  facet normal -0 0 1
    outer loop
      vertex -250.863 10.9661 15
      vertex -250 -11 15
      vertex -250 11 15
    endloop
  endfacet
  facet normal 0 0 1
    outer loop
      vertex -250.863 10.9661 15
      vertex -250.863 -10.9661 15
      vertex -250 -11 15
    endloop
  endfacet
  facet normal -0 0 1
    outer loop
      vertex -251.721 10.8646 15
      vertex -250.863 -10.9661 15
      vertex -250.863 10.9661 15
    endloop
  endfacet
  facet normal 0 0 1
    outer loop
      vertex -251.721 10.8646 15
      vertex -251.721 -10.8646 15
      vertex -250.863 -10.9661 15
    endloop
  endfacet
  facet normal -0 0 1
    outer loop
      vertex -252.568 10.6961 15
      vertex -251.721 -10.8646 15
      vertex -251.721 10.8646 15
    endloop
  endfacet
  facet normal 0 0 1
    outer loop
      vertex -252.568 10.6961 15
      vertex -252.568 -10.6961 15
      vertex -251.721 -10.8646 15
    endloop
  endfacet
  facet normal -0 0 1
    outer loop
      vertex -253.399 10.4616 15
      vertex -252.568 -10.6961 15
      vertex -252.568 10.6961 15
    endloop
  endfacet
  facet normal 0 0 1
    outer loop
      vertex -253.399 10.4616 15
      vertex -253.399 -10.4616 15
      vertex -252.568 -10.6961 15
    endloop
  endfacet
  facet normal -0 0 1
    outer loop
      vertex -254.21 10.1627 15
      vertex -253.399 -10.4616 15
      vertex -253.399 10.4616 15
    endloop
  endfacet
  facet normal 0 0 1
    outer loop
      vertex -254.21 10.1627 15
      vertex -254.21 -10.1627 15
      vertex -253.399 -10.4616 15
    endloop
  endfacet
  facet normal -0 0 1
    outer loop
      vertex -254.994 9.80107 15
      vertex -254.21 -10.1627 15
      vertex -254.21 10.1627 15
    endloop
  endfacet
  facet normal 0 0 1
    outer loop
      vertex -254.994 9.80107 15
      vertex -254.994 -9.80107 15
      vertex -254.21 -10.1627 15
    endloop
  endfacet
  facet normal -0 0 1
    outer loop
      vertex -255.747 9.37904 15
      vertex -254.994 -9.80107 15
      vertex -254.994 9.80107 15
    endloop
  endfacet
  facet normal 0 0 1
    outer loop
      vertex -255.747 9.37904 15
      vertex -255.747 -9.37904 15
      vertex -254.994 -9.80107 15
    endloop
  endfacet
  facet normal -0 0 1
    outer loop
      vertex -256.466 8.89919 15
      vertex -255.747 -9.37904 15
      vertex -255.747 9.37904 15
    endloop
  endfacet
  facet normal 0 0 1
    outer loop
      vertex -256.466 8.89919 15
      vertex -256.466 -8.89919 15
      vertex -255.747 -9.37904 15
    endloop
  endfacet
  facet normal -0 0 1
    outer loop
      vertex -257.144 8.36446 15
      vertex -256.466 -8.89919 15
      vertex -256.466 8.89919 15
    endloop
  endfacet
  facet normal 0 0 1
    outer loop
      vertex -257.144 8.36446 15
      vertex -257.144 -8.36446 15
      vertex -256.466 -8.89919 15
    endloop
  endfacet
  facet normal -0 0 1
    outer loop
      vertex -257.778 7.77817 15
      vertex -257.144 -8.36446 15
      vertex -257.144 8.36446 15
    endloop
  endfacet
  facet normal 0 0 1
    outer loop
      vertex -257.778 7.77817 15
      vertex -257.778 -7.77817 15
      vertex -257.144 -8.36446 15
    endloop
  endfacet
  facet normal -0 0 1
    outer loop
      vertex -258.364 7.14393 15
      vertex -257.778 -7.77817 15
      vertex -257.778 7.77817 15
    endloop
  endfacet
  facet normal 0 0 1
    outer loop
      vertex -258.364 7.14393 15
      vertex -258.364 -7.14393 15
      vertex -257.778 -7.77817 15
    endloop
  endfacet
  facet normal -0 0 1
    outer loop
      vertex -258.899 6.46564 15
      vertex -258.364 -7.14393 15
      vertex -258.364 7.14393 15
    endloop
  endfacet
  facet normal 0 0 1
    outer loop
      vertex -258.899 6.46564 15
      vertex -258.899 -6.46564 15
      vertex -258.364 -7.14393 15
    endloop
  endfacet
  facet normal -0 0 1
    outer loop
      vertex -259.379 5.74748 15
      vertex -258.899 -6.46564 15
      vertex -258.899 6.46564 15
    endloop
  endfacet
  facet normal 0 0 1
    outer loop
      vertex -259.379 5.74748 15
      vertex -259.379 -5.74748 15
      vertex -258.899 -6.46564 15
    endloop
  endfacet
  facet normal -0 0 1
    outer loop
      vertex -259.801 4.99389 15
      vertex -259.379 -5.74748 15
      vertex -259.379 5.74748 15
    endloop
  endfacet
  facet normal 0 0 1
    outer loop
      vertex -259.801 4.99389 15
      vertex -259.801 -4.99389 15
      vertex -259.379 -5.74748 15
    endloop
  endfacet
  facet normal -0 0 1
    outer loop
      vertex -260.163 4.20952 15
      vertex -259.801 -4.99389 15
      vertex -259.801 4.99389 15
    endloop
  endfacet
  facet normal 0 0 1
    outer loop
      vertex -260.163 4.20952 15
      vertex -260.163 -4.20952 15
      vertex -259.801 -4.99389 15
    endloop
  endfacet
  facet normal -0 0 1
    outer loop
      vertex -260.462 3.39919 15
      vertex -260.163 -4.20952 15
      vertex -260.163 4.20952 15
    endloop
  endfacet
  facet normal 0 0 1
    outer loop
      vertex -260.462 3.39919 15
      vertex -260.462 -3.39919 15
      vertex -260.163 -4.20952 15
    endloop
  endfacet
  facet normal -0 0 1
    outer loop
      vertex -260.696 2.5679 15
      vertex -260.462 -3.39919 15
      vertex -260.462 3.39919 15
    endloop
  endfacet
  facet normal 0 0 1
    outer loop
      vertex -260.696 2.5679 15
      vertex -260.696 -2.5679 15
      vertex -260.462 -3.39919 15
    endloop
  endfacet
  facet normal -0 0 1
    outer loop
      vertex -260.865 1.72078 15
      vertex -260.696 -2.5679 15
      vertex -260.696 2.5679 15
    endloop
  endfacet
  facet normal 0 0 1
    outer loop
      vertex -260.865 1.72078 15
      vertex -260.865 -1.72078 15
      vertex -260.696 -2.5679 15
    endloop
  endfacet
  facet normal -0 0 1
    outer loop
      vertex -260.966 0.86305 15
      vertex -260.865 -1.72078 15
      vertex -260.865 1.72078 15
    endloop
  endfacet
  facet normal 0 0 1
    outer loop
      vertex -260.966 0.86305 15
      vertex -260.966 -0.86305 15
      vertex -260.865 -1.72078 15
    endloop
  endfacet
  facet normal 0 -0 1
    outer loop
      vertex -260.966 -0.86305 15
      vertex -260.966 0.86305 15
      vertex -261 0 15
    endloop
  endfacet
  facet normal 0.993138 0.116945 0
    outer loop
      vertex -239.034 0.86305 15
      vertex -239.135 1.72078 5
      vertex -239.135 1.72078 15
    endloop
  endfacet
  facet normal 0.993138 0.116945 0
    outer loop
      vertex -239.135 1.72078 5
      vertex -239.034 0.86305 15
      vertex -239.034 0.86305 5
    endloop
  endfacet
  facet normal 0.999225 0.0393646 0
    outer loop
      vertex -239 0 15
      vertex -239.034 0.86305 5
      vertex -239.034 0.86305 15
    endloop
  endfacet
  facet normal 0.999225 0.0393646 0
    outer loop
      vertex -239.034 0.86305 5
      vertex -239 0 15
      vertex -239 0 5
    endloop
  endfacet
  facet normal 0.980675 0.195644 0
    outer loop
      vertex -239.135 1.72078 15
      vertex -239.304 2.5679 5
      vertex -239.304 2.5679 15
    endloop
  endfacet
  facet normal 0.980675 0.195644 0
    outer loop
      vertex -239.304 2.5679 5
      vertex -239.135 1.72078 15
      vertex -239.135 1.72078 5
    endloop
  endfacet
  facet normal 0.831394 0.555683 0
    outer loop
      vertex -240.621 5.74748 15
      vertex -241.101 6.46564 5
      vertex -241.101 6.46564 15
    endloop
  endfacet
  facet normal 0.831394 0.555683 0
    outer loop
      vertex -241.101 6.46564 5
      vertex -240.621 5.74748 15
      vertex -240.621 5.74748 5
    endloop
  endfacet
  facet normal -0.117479 -0.993075 0
    outer loop
      vertex -251.721 -10.8646 5
      vertex -250.863 -10.9661 15
      vertex -251.721 -10.8646 15
    endloop
  endfacet
  facet normal -0.117479 -0.993075 -0
    outer loop
      vertex -250.863 -10.9661 15
      vertex -251.721 -10.8646 5
      vertex -250.863 -10.9661 5
    endloop
  endfacet
  facet normal 0.999225 -0.0393646 0
    outer loop
      vertex -239.034 -0.86305 15
      vertex -239 0 5
      vertex -239 0 15
    endloop
  endfacet
  facet normal 0.999225 -0.0393646 0
    outer loop
      vertex -239 0 5
      vertex -239.034 -0.86305 15
      vertex -239.034 -0.86305 5
    endloop
  endfacet
  facet normal -0.907967 -0.419042 0
    outer loop
      vertex -259.801 -4.99389 5
      vertex -260.163 -4.20952 15
      vertex -260.163 -4.20952 5
    endloop
  endfacet
  facet normal -0.907967 -0.419042 0
    outer loop
      vertex -260.163 -4.20952 15
      vertex -259.801 -4.99389 5
      vertex -259.801 -4.99389 15
    endloop
  endfacet
  facet normal -0.962591 0.27096 0
    outer loop
      vertex -260.696 2.5679 5
      vertex -260.462 3.39919 15
      vertex -260.462 3.39919 5
    endloop
  endfacet
  facet normal -0.962591 0.27096 0
    outer loop
      vertex -260.462 3.39919 15
      vertex -260.696 2.5679 5
      vertex -260.696 2.5679 15
    endloop
  endfacet
  facet normal -0.117479 0.993075 0
    outer loop
      vertex -250.863 10.9661 5
      vertex -251.721 10.8646 15
      vertex -250.863 10.9661 15
    endloop
  endfacet
  facet normal -0.117479 0.993075 0
    outer loop
      vertex -251.721 10.8646 15
      vertex -250.863 10.9661 5
      vertex -251.721 10.8646 5
    endloop
  endfacet
  facet normal -0.271584 0.962415 0
    outer loop
      vertex -252.568 10.6961 5
      vertex -253.399 10.4616 15
      vertex -252.568 10.6961 15
    endloop
  endfacet
  facet normal -0.271584 0.962415 0
    outer loop
      vertex -253.399 10.4616 15
      vertex -252.568 10.6961 5
      vertex -253.399 10.4616 5
    endloop
  endfacet
  facet normal 0.195114 -0.980781 0
    outer loop
      vertex -248.279 -10.8646 5
      vertex -247.432 -10.6961 15
      vertex -248.279 -10.8646 15
    endloop
  endfacet
  facet normal 0.195114 -0.980781 0
    outer loop
      vertex -247.432 -10.6961 15
      vertex -248.279 -10.8646 5
      vertex -247.432 -10.6961 5
    endloop
  endfacet
  facet normal 0.345818 0.938302 -0
    outer loop
      vertex -245.79 10.1627 5
      vertex -246.601 10.4616 15
      vertex -245.79 10.1627 15
    endloop
  endfacet
  facet normal 0.345818 0.938302 0
    outer loop
      vertex -246.601 10.4616 15
      vertex -245.79 10.1627 5
      vertex -246.601 10.4616 5
    endloop
  endfacet
  facet normal -0.678942 0.734192 0
    outer loop
      vertex -257.144 8.36446 5
      vertex -257.778 7.77817 15
      vertex -257.144 8.36446 15
    endloop
  endfacet
  facet normal -0.678942 0.734192 0
    outer loop
      vertex -257.778 7.77817 15
      vertex -257.144 8.36446 5
      vertex -257.778 7.77817 5
    endloop
  endfacet
  facet normal -0.488912 -0.872333 0
    outer loop
      vertex -255.747 -9.37904 5
      vertex -254.994 -9.80107 15
      vertex -255.747 -9.37904 15
    endloop
  endfacet
  facet normal -0.488912 -0.872333 -0
    outer loop
      vertex -254.994 -9.80107 15
      vertex -255.747 -9.37904 5
      vertex -254.994 -9.80107 5
    endloop
  endfacet
  facet normal 0.488912 -0.872333 0
    outer loop
      vertex -245.006 -9.80107 5
      vertex -244.253 -9.37904 15
      vertex -245.006 -9.80107 15
    endloop
  endfacet
  facet normal 0.488912 -0.872333 0
    outer loop
      vertex -244.253 -9.37904 15
      vertex -245.006 -9.80107 5
      vertex -244.253 -9.37904 5
    endloop
  endfacet
  facet normal -0.980675 0.195644 0
    outer loop
      vertex -260.865 1.72078 5
      vertex -260.696 2.5679 15
      vertex -260.696 2.5679 5
    endloop
  endfacet
  facet normal -0.980675 0.195644 0
    outer loop
      vertex -260.696 2.5679 15
      vertex -260.865 1.72078 5
      vertex -260.865 1.72078 15
    endloop
  endfacet
  facet normal -0.345818 0.938302 0
    outer loop
      vertex -253.399 10.4616 5
      vertex -254.21 10.1627 15
      vertex -253.399 10.4616 15
    endloop
  endfacet
  facet normal -0.345818 0.938302 0
    outer loop
      vertex -254.21 10.1627 15
      vertex -253.399 10.4616 5
      vertex -254.21 10.1627 5
    endloop
  endfacet
  facet normal 0.734487 -0.678622 0
    outer loop
      vertex -242.222 -7.77817 15
      vertex -241.636 -7.14393 5
      vertex -241.636 -7.14393 15
    endloop
  endfacet
  facet normal 0.734487 -0.678622 0
    outer loop
      vertex -241.636 -7.14393 5
      vertex -242.222 -7.77817 15
      vertex -242.222 -7.77817 5
    endloop
  endfacet
  facet normal 0.962591 -0.27096 0
    outer loop
      vertex -239.538 -3.39919 15
      vertex -239.304 -2.5679 5
      vertex -239.304 -2.5679 15
    endloop
  endfacet
  facet normal 0.962591 -0.27096 0
    outer loop
      vertex -239.304 -2.5679 5
      vertex -239.538 -3.39919 15
      vertex -239.538 -3.39919 5
    endloop
  endfacet
  facet normal 0.993138 -0.116945 0
    outer loop
      vertex -239.135 -1.72078 15
      vertex -239.034 -0.86305 5
      vertex -239.034 -0.86305 15
    endloop
  endfacet
  facet normal 0.993138 -0.116945 0
    outer loop
      vertex -239.034 -0.86305 5
      vertex -239.135 -1.72078 15
      vertex -239.135 -1.72078 5
    endloop
  endfacet
  facet normal -0.962591 -0.27096 0
    outer loop
      vertex -260.462 -3.39919 5
      vertex -260.696 -2.5679 15
      vertex -260.696 -2.5679 5
    endloop
  endfacet
  facet normal -0.962591 -0.27096 0
    outer loop
      vertex -260.696 -2.5679 15
      vertex -260.462 -3.39919 5
      vertex -260.462 -3.39919 15
    endloop
  endfacet
  facet normal -0.734487 -0.678622 0
    outer loop
      vertex -257.778 -7.77817 5
      vertex -258.364 -7.14393 15
      vertex -258.364 -7.14393 5
    endloop
  endfacet
  facet normal -0.734487 -0.678622 0
    outer loop
      vertex -258.364 -7.14393 15
      vertex -257.778 -7.77817 5
      vertex -257.778 -7.77817 15
    endloop
  endfacet
  facet normal -0.831394 0.555683 0
    outer loop
      vertex -259.379 5.74748 5
      vertex -258.899 6.46564 15
      vertex -258.899 6.46564 5
    endloop
  endfacet
  facet normal -0.831394 0.555683 0
    outer loop
      vertex -258.899 6.46564 15
      vertex -259.379 5.74748 5
      vertex -259.379 5.74748 15
    endloop
  endfacet
  facet normal 0.0392513 -0.999229 0
    outer loop
      vertex -250 -11 5
      vertex -249.137 -10.9661 15
      vertex -250 -11 15
    endloop
  endfacet
  facet normal 0.0392513 -0.999229 0
    outer loop
      vertex -249.137 -10.9661 15
      vertex -250 -11 5
      vertex -249.137 -10.9661 5
    endloop
  endfacet
  facet normal -0.980675 -0.195644 0
    outer loop
      vertex -260.696 -2.5679 5
      vertex -260.865 -1.72078 15
      vertex -260.865 -1.72078 5
    endloop
  endfacet
  facet normal -0.980675 -0.195644 0
    outer loop
      vertex -260.865 -1.72078 15
      vertex -260.696 -2.5679 5
      vertex -260.696 -2.5679 15
    endloop
  endfacet
  facet normal 0.962591 0.27096 0
    outer loop
      vertex -239.304 2.5679 15
      vertex -239.538 3.39919 5
      vertex -239.538 3.39919 15
    endloop
  endfacet
  facet normal 0.962591 0.27096 0
    outer loop
      vertex -239.538 3.39919 5
      vertex -239.304 2.5679 15
      vertex -239.304 2.5679 5
    endloop
  endfacet
  facet normal 0.678942 0.734192 -0
    outer loop
      vertex -242.222 7.77817 5
      vertex -242.856 8.36446 15
      vertex -242.222 7.77817 15
    endloop
  endfacet
  facet normal 0.678942 0.734192 0
    outer loop
      vertex -242.856 8.36446 15
      vertex -242.222 7.77817 5
      vertex -242.856 8.36446 5
    endloop
  endfacet
  facet normal -0.999225 -0.0393646 0
    outer loop
      vertex -260.966 -0.86305 5
      vertex -261 0 15
      vertex -261 0 5
    endloop
  endfacet
  facet normal -0.999225 -0.0393646 0
    outer loop
      vertex -261 0 15
      vertex -260.966 -0.86305 5
      vertex -260.966 -0.86305 15
    endloop
  endfacet
  facet normal -0.734487 0.678622 0
    outer loop
      vertex -258.364 7.14393 5
      vertex -257.778 7.77817 15
      vertex -257.778 7.77817 5
    endloop
  endfacet
  facet normal -0.734487 0.678622 0
    outer loop
      vertex -257.778 7.77817 15
      vertex -258.364 7.14393 5
      vertex -258.364 7.14393 15
    endloop
  endfacet
  facet normal -0.418852 0.908055 0
    outer loop
      vertex -254.21 10.1627 5
      vertex -254.994 9.80107 15
      vertex -254.21 10.1627 15
    endloop
  endfacet
  facet normal -0.418852 0.908055 0
    outer loop
      vertex -254.994 9.80107 15
      vertex -254.21 10.1627 5
      vertex -254.994 9.80107 5
    endloop
  endfacet
  facet normal -0.993138 0.116945 0
    outer loop
      vertex -260.966 0.86305 5
      vertex -260.865 1.72078 15
      vertex -260.865 1.72078 5
    endloop
  endfacet
  facet normal -0.993138 0.116945 0
    outer loop
      vertex -260.865 1.72078 15
      vertex -260.966 0.86305 5
      vertex -260.966 0.86305 15
    endloop
  endfacet
  facet normal -0.678942 -0.734192 0
    outer loop
      vertex -257.778 -7.77817 5
      vertex -257.144 -8.36446 15
      vertex -257.778 -7.77817 15
    endloop
  endfacet
  facet normal -0.678942 -0.734192 -0
    outer loop
      vertex -257.144 -8.36446 15
      vertex -257.778 -7.77817 5
      vertex -257.144 -8.36446 5
    endloop
  endfacet
  facet normal -0.619264 0.785183 0
    outer loop
      vertex -256.466 8.89919 5
      vertex -257.144 8.36446 15
      vertex -256.466 8.89919 15
    endloop
  endfacet
  facet normal -0.619264 0.785183 0
    outer loop
      vertex -257.144 8.36446 15
      vertex -256.466 8.89919 5
      vertex -257.144 8.36446 5
    endloop
  endfacet
  facet normal -0.938171 -0.346172 0
    outer loop
      vertex -260.163 -4.20952 5
      vertex -260.462 -3.39919 15
      vertex -260.462 -3.39919 5
    endloop
  endfacet
  facet normal -0.938171 -0.346172 0
    outer loop
      vertex -260.462 -3.39919 15
      vertex -260.163 -4.20952 5
      vertex -260.163 -4.20952 15
    endloop
  endfacet
  facet normal -0.0392513 -0.999229 0
    outer loop
      vertex -250.863 -10.9661 5
      vertex -250 -11 15
      vertex -250.863 -10.9661 15
    endloop
  endfacet
  facet normal -0.0392513 -0.999229 -0
    outer loop
      vertex -250 -11 15
      vertex -250.863 -10.9661 5
      vertex -250 -11 5
    endloop
  endfacet
  facet normal 0.418852 -0.908055 0
    outer loop
      vertex -245.79 -10.1627 5
      vertex -245.006 -9.80107 15
      vertex -245.79 -10.1627 15
    endloop
  endfacet
  facet normal 0.418852 -0.908055 0
    outer loop
      vertex -245.006 -9.80107 15
      vertex -245.79 -10.1627 5
      vertex -245.006 -9.80107 5
    endloop
  endfacet
  facet normal -0.993138 -0.116945 0
    outer loop
      vertex -260.865 -1.72078 5
      vertex -260.966 -0.86305 15
      vertex -260.966 -0.86305 5
    endloop
  endfacet
  facet normal -0.993138 -0.116945 0
    outer loop
      vertex -260.966 -0.86305 15
      vertex -260.865 -1.72078 5
      vertex -260.865 -1.72078 15
    endloop
  endfacet
  facet normal 0.980675 -0.195644 0
    outer loop
      vertex -239.304 -2.5679 15
      vertex -239.135 -1.72078 5
      vertex -239.135 -1.72078 15
    endloop
  endfacet
  facet normal 0.980675 -0.195644 0
    outer loop
      vertex -239.135 -1.72078 5
      vertex -239.304 -2.5679 15
      vertex -239.304 -2.5679 5
    endloop
  endfacet
  facet normal 0.195114 0.980781 -0
    outer loop
      vertex -247.432 10.6961 5
      vertex -248.279 10.8646 15
      vertex -247.432 10.6961 15
    endloop
  endfacet
  facet normal 0.195114 0.980781 0
    outer loop
      vertex -248.279 10.8646 15
      vertex -247.432 10.6961 5
      vertex -248.279 10.8646 5
    endloop
  endfacet
  facet normal 0.488912 0.872333 -0
    outer loop
      vertex -244.253 9.37904 5
      vertex -245.006 9.80107 15
      vertex -244.253 9.37904 15
    endloop
  endfacet
  facet normal 0.488912 0.872333 0
    outer loop
      vertex -245.006 9.80107 15
      vertex -244.253 9.37904 5
      vertex -245.006 9.80107 5
    endloop
  endfacet
  facet normal -0.78516 -0.619293 0
    outer loop
      vertex -258.364 -7.14393 5
      vertex -258.899 -6.46564 15
      vertex -258.899 -6.46564 5
    endloop
  endfacet
  facet normal -0.78516 -0.619293 0
    outer loop
      vertex -258.899 -6.46564 15
      vertex -258.364 -7.14393 5
      vertex -258.364 -7.14393 15
    endloop
  endfacet
  facet normal 0.907967 -0.419042 0
    outer loop
      vertex -240.199 -4.99389 15
      vertex -239.837 -4.20952 5
      vertex -239.837 -4.20952 15
    endloop
  endfacet
  facet normal 0.907967 -0.419042 0
    outer loop
      vertex -239.837 -4.20952 5
      vertex -240.199 -4.99389 15
      vertex -240.199 -4.99389 5
    endloop
  endfacet
  facet normal 0.555114 0.831774 -0
    outer loop
      vertex -243.534 8.89919 5
      vertex -244.253 9.37904 15
      vertex -243.534 8.89919 15
    endloop
  endfacet
  facet normal 0.555114 0.831774 0
    outer loop
      vertex -244.253 9.37904 15
      vertex -243.534 8.89919 5
      vertex -244.253 9.37904 5
    endloop
  endfacet
  facet normal 0.271584 0.962415 -0
    outer loop
      vertex -246.601 10.4616 5
      vertex -247.432 10.6961 15
      vertex -246.601 10.4616 15
    endloop
  endfacet
  facet normal 0.271584 0.962415 0
    outer loop
      vertex -247.432 10.6961 15
      vertex -246.601 10.4616 5
      vertex -247.432 10.6961 5
    endloop
  endfacet
  facet normal 0.418852 0.908055 -0
    outer loop
      vertex -245.006 9.80107 5
      vertex -245.79 10.1627 15
      vertex -245.006 9.80107 15
    endloop
  endfacet
  facet normal 0.418852 0.908055 0
    outer loop
      vertex -245.79 10.1627 15
      vertex -245.006 9.80107 5
      vertex -245.79 10.1627 5
    endloop
  endfacet
  facet normal 0.872511 0.488594 0
    outer loop
      vertex -240.199 4.99389 15
      vertex -240.621 5.74748 5
      vertex -240.621 5.74748 15
    endloop
  endfacet
  facet normal 0.872511 0.488594 0
    outer loop
      vertex -240.621 5.74748 5
      vertex -240.199 4.99389 15
      vertex -240.199 4.99389 5
    endloop
  endfacet
  facet normal -0.907967 0.419042 0
    outer loop
      vertex -260.163 4.20952 5
      vertex -259.801 4.99389 15
      vertex -259.801 4.99389 5
    endloop
  endfacet
  facet normal -0.907967 0.419042 0
    outer loop
      vertex -259.801 4.99389 15
      vertex -260.163 4.20952 5
      vertex -260.163 4.20952 15
    endloop
  endfacet
  facet normal 0.734487 0.678622 0
    outer loop
      vertex -241.636 7.14393 15
      vertex -242.222 7.77817 5
      vertex -242.222 7.77817 15
    endloop
  endfacet
  facet normal 0.734487 0.678622 0
    outer loop
      vertex -242.222 7.77817 5
      vertex -241.636 7.14393 15
      vertex -241.636 7.14393 5
    endloop
  endfacet
  facet normal 0.938171 0.346172 0
    outer loop
      vertex -239.538 3.39919 15
      vertex -239.837 4.20952 5
      vertex -239.837 4.20952 15
    endloop
  endfacet
  facet normal 0.938171 0.346172 0
    outer loop
      vertex -239.837 4.20952 5
      vertex -239.538 3.39919 15
      vertex -239.538 3.39919 5
    endloop
  endfacet
  facet normal 0.907967 0.419042 0
    outer loop
      vertex -239.837 4.20952 15
      vertex -240.199 4.99389 5
      vertex -240.199 4.99389 15
    endloop
  endfacet
  facet normal 0.907967 0.419042 0
    outer loop
      vertex -240.199 4.99389 5
      vertex -239.837 4.20952 15
      vertex -239.837 4.20952 5
    endloop
  endfacet
  facet normal -0.78516 0.619293 0
    outer loop
      vertex -258.899 6.46564 5
      vertex -258.364 7.14393 15
      vertex -258.364 7.14393 5
    endloop
  endfacet
  facet normal -0.78516 0.619293 0
    outer loop
      vertex -258.364 7.14393 15
      vertex -258.899 6.46564 5
      vertex -258.899 6.46564 15
    endloop
  endfacet
  facet normal -0.0392513 0.999229 0
    outer loop
      vertex -250 11 5
      vertex -250.863 10.9661 15
      vertex -250 11 15
    endloop
  endfacet
  facet normal -0.0392513 0.999229 0
    outer loop
      vertex -250.863 10.9661 15
      vertex -250 11 5
      vertex -250.863 10.9661 5
    endloop
  endfacet
  facet normal 0.271584 -0.962415 0
    outer loop
      vertex -247.432 -10.6961 5
      vertex -246.601 -10.4616 15
      vertex -247.432 -10.6961 15
    endloop
  endfacet
  facet normal 0.271584 -0.962415 0
    outer loop
      vertex -246.601 -10.4616 15
      vertex -247.432 -10.6961 5
      vertex -246.601 -10.4616 5
    endloop
  endfacet
  facet normal 0.555114 -0.831774 0
    outer loop
      vertex -244.253 -9.37904 5
      vertex -243.534 -8.89919 15
      vertex -244.253 -9.37904 15
    endloop
  endfacet
  facet normal 0.555114 -0.831774 0
    outer loop
      vertex -243.534 -8.89919 15
      vertex -244.253 -9.37904 5
      vertex -243.534 -8.89919 5
    endloop
  endfacet
  facet normal -0.619264 -0.785183 0
    outer loop
      vertex -257.144 -8.36446 5
      vertex -256.466 -8.89919 15
      vertex -257.144 -8.36446 15
    endloop
  endfacet
  facet normal -0.619264 -0.785183 -0
    outer loop
      vertex -256.466 -8.89919 15
      vertex -257.144 -8.36446 5
      vertex -256.466 -8.89919 5
    endloop
  endfacet
  facet normal -0.488912 0.872333 0
    outer loop
      vertex -254.994 9.80107 5
      vertex -255.747 9.37904 15
      vertex -254.994 9.80107 15
    endloop
  endfacet
  facet normal -0.488912 0.872333 0
    outer loop
      vertex -255.747 9.37904 15
      vertex -254.994 9.80107 5
      vertex -255.747 9.37904 5
    endloop
  endfacet
  facet normal 0.117479 -0.993075 0
    outer loop
      vertex -249.137 -10.9661 5
      vertex -248.279 -10.8646 15
      vertex -249.137 -10.9661 15
    endloop
  endfacet
  facet normal 0.117479 -0.993075 0
    outer loop
      vertex -248.279 -10.8646 15
      vertex -249.137 -10.9661 5
      vertex -248.279 -10.8646 5
    endloop
  endfacet
  facet normal -0.872511 0.488594 0
    outer loop
      vertex -259.801 4.99389 5
      vertex -259.379 5.74748 15
      vertex -259.379 5.74748 5
    endloop
  endfacet
  facet normal -0.872511 0.488594 0
    outer loop
      vertex -259.379 5.74748 15
      vertex -259.801 4.99389 5
      vertex -259.801 4.99389 15
    endloop
  endfacet
  facet normal -0.195114 0.980781 0
    outer loop
      vertex -251.721 10.8646 5
      vertex -252.568 10.6961 15
      vertex -251.721 10.8646 15
    endloop
  endfacet
  facet normal -0.195114 0.980781 0
    outer loop
      vertex -252.568 10.6961 15
      vertex -251.721 10.8646 5
      vertex -252.568 10.6961 5
    endloop
  endfacet
  facet normal 0.872511 -0.488594 0
    outer loop
      vertex -240.621 -5.74748 15
      vertex -240.199 -4.99389 5
      vertex -240.199 -4.99389 15
    endloop
  endfacet
  facet normal 0.872511 -0.488594 0
    outer loop
      vertex -240.199 -4.99389 5
      vertex -240.621 -5.74748 15
      vertex -240.621 -5.74748 5
    endloop
  endfacet
  facet normal -0.555114 0.831774 0
    outer loop
      vertex -255.747 9.37904 5
      vertex -256.466 8.89919 15
      vertex -255.747 9.37904 15
    endloop
  endfacet
  facet normal -0.555114 0.831774 0
    outer loop
      vertex -256.466 8.89919 15
      vertex -255.747 9.37904 5
      vertex -256.466 8.89919 5
    endloop
  endfacet
  facet normal 0.345818 -0.938302 0
    outer loop
      vertex -246.601 -10.4616 5
      vertex -245.79 -10.1627 15
      vertex -246.601 -10.4616 15
    endloop
  endfacet
  facet normal 0.345818 -0.938302 0
    outer loop
      vertex -245.79 -10.1627 15
      vertex -246.601 -10.4616 5
      vertex -245.79 -10.1627 5
    endloop
  endfacet
  facet normal 0.78516 -0.619293 0
    outer loop
      vertex -241.636 -7.14393 15
      vertex -241.101 -6.46564 5
      vertex -241.101 -6.46564 15
    endloop
  endfacet
  facet normal 0.78516 -0.619293 0
    outer loop
      vertex -241.101 -6.46564 5
      vertex -241.636 -7.14393 15
      vertex -241.636 -7.14393 5
    endloop
  endfacet
  facet normal 0.938171 -0.346172 0
    outer loop
      vertex -239.837 -4.20952 15
      vertex -239.538 -3.39919 5
      vertex -239.538 -3.39919 15
    endloop
  endfacet
  facet normal 0.938171 -0.346172 0
    outer loop
      vertex -239.538 -3.39919 5
      vertex -239.837 -4.20952 15
      vertex -239.837 -4.20952 5
    endloop
  endfacet
  facet normal 0.78516 0.619293 0
    outer loop
      vertex -241.101 6.46564 15
      vertex -241.636 7.14393 5
      vertex -241.636 7.14393 15
    endloop
  endfacet
  facet normal 0.78516 0.619293 0
    outer loop
      vertex -241.636 7.14393 5
      vertex -241.101 6.46564 15
      vertex -241.101 6.46564 5
    endloop
  endfacet
  facet normal -0.938171 0.346172 0
    outer loop
      vertex -260.462 3.39919 5
      vertex -260.163 4.20952 15
      vertex -260.163 4.20952 5
    endloop
  endfacet
  facet normal -0.938171 0.346172 0
    outer loop
      vertex -260.163 4.20952 15
      vertex -260.462 3.39919 5
      vertex -260.462 3.39919 15
    endloop
  endfacet
  facet normal 0.619264 0.785183 -0
    outer loop
      vertex -242.856 8.36446 5
      vertex -243.534 8.89919 15
      vertex -242.856 8.36446 15
    endloop
  endfacet
  facet normal 0.619264 0.785183 0
    outer loop
      vertex -243.534 8.89919 15
      vertex -242.856 8.36446 5
      vertex -243.534 8.89919 5
    endloop
  endfacet
  facet normal -0.999225 0.0393646 0
    outer loop
      vertex -261 0 5
      vertex -260.966 0.86305 15
      vertex -260.966 0.86305 5
    endloop
  endfacet
  facet normal -0.999225 0.0393646 0
    outer loop
      vertex -260.966 0.86305 15
      vertex -261 0 5
      vertex -261 0 15
    endloop
  endfacet
  facet normal -0.872511 -0.488594 0
    outer loop
      vertex -259.379 -5.74748 5
      vertex -259.801 -4.99389 15
      vertex -259.801 -4.99389 5
    endloop
  endfacet
  facet normal -0.872511 -0.488594 0
    outer loop
      vertex -259.801 -4.99389 15
      vertex -259.379 -5.74748 5
      vertex -259.379 -5.74748 15
    endloop
  endfacet
  facet normal 0.117479 0.993075 -0
    outer loop
      vertex -248.279 10.8646 5
      vertex -249.137 10.9661 15
      vertex -248.279 10.8646 15
    endloop
  endfacet
  facet normal 0.117479 0.993075 0
    outer loop
      vertex -249.137 10.9661 15
      vertex -248.279 10.8646 5
      vertex -249.137 10.9661 5
    endloop
  endfacet
  facet normal -0.555114 -0.831774 0
    outer loop
      vertex -256.466 -8.89919 5
      vertex -255.747 -9.37904 15
      vertex -256.466 -8.89919 15
    endloop
  endfacet
  facet normal -0.555114 -0.831774 -0
    outer loop
      vertex -255.747 -9.37904 15
      vertex -256.466 -8.89919 5
      vertex -255.747 -9.37904 5
    endloop
  endfacet
  facet normal -0.345818 -0.938302 0
    outer loop
      vertex -254.21 -10.1627 5
      vertex -253.399 -10.4616 15
      vertex -254.21 -10.1627 15
    endloop
  endfacet
  facet normal -0.345818 -0.938302 -0
    outer loop
      vertex -253.399 -10.4616 15
      vertex -254.21 -10.1627 5
      vertex -253.399 -10.4616 5
    endloop
  endfacet
  facet normal -0.271584 -0.962415 0
    outer loop
      vertex -253.399 -10.4616 5
      vertex -252.568 -10.6961 15
      vertex -253.399 -10.4616 15
    endloop
  endfacet
  facet normal -0.271584 -0.962415 -0
    outer loop
      vertex -252.568 -10.6961 15
      vertex -253.399 -10.4616 5
      vertex -252.568 -10.6961 5
    endloop
  endfacet
  facet normal 0.831394 -0.555683 0
    outer loop
      vertex -241.101 -6.46564 15
      vertex -240.621 -5.74748 5
      vertex -240.621 -5.74748 15
    endloop
  endfacet
  facet normal 0.831394 -0.555683 0
    outer loop
      vertex -240.621 -5.74748 5
      vertex -241.101 -6.46564 15
      vertex -241.101 -6.46564 5
    endloop
  endfacet
  facet normal 0.619264 -0.785183 0
    outer loop
      vertex -243.534 -8.89919 5
      vertex -242.856 -8.36446 15
      vertex -243.534 -8.89919 15
    endloop
  endfacet
  facet normal 0.619264 -0.785183 0
    outer loop
      vertex -242.856 -8.36446 15
      vertex -243.534 -8.89919 5
      vertex -242.856 -8.36446 5
    endloop
  endfacet
  facet normal -0.195114 -0.980781 0
    outer loop
      vertex -252.568 -10.6961 5
      vertex -251.721 -10.8646 15
      vertex -252.568 -10.6961 15
    endloop
  endfacet
  facet normal -0.195114 -0.980781 -0
    outer loop
      vertex -251.721 -10.8646 15
      vertex -252.568 -10.6961 5
      vertex -251.721 -10.8646 5
    endloop
  endfacet
  facet normal 0.678942 -0.734192 0
    outer loop
      vertex -242.856 -8.36446 5
      vertex -242.222 -7.77817 15
      vertex -242.856 -8.36446 15
    endloop
  endfacet
  facet normal 0.678942 -0.734192 0
    outer loop
      vertex -242.222 -7.77817 15
      vertex -242.856 -8.36446 5
      vertex -242.222 -7.77817 5
    endloop
  endfacet
  facet normal 0.0392513 0.999229 -0
    outer loop
      vertex -249.137 10.9661 5
      vertex -250 11 15
      vertex -249.137 10.9661 15
    endloop
  endfacet
  facet normal 0.0392513 0.999229 0
    outer loop
      vertex -250 11 15
      vertex -249.137 10.9661 5
      vertex -250 11 5
    endloop
  endfacet
  facet normal -0.831394 -0.555683 0
    outer loop
      vertex -258.899 -6.46564 5
      vertex -259.379 -5.74748 15
      vertex -259.379 -5.74748 5
    endloop
  endfacet
  facet normal -0.831394 -0.555683 0
    outer loop
      vertex -259.379 -5.74748 15
      vertex -258.899 -6.46564 5
      vertex -258.899 -6.46564 15
    endloop
  endfacet
  facet normal 0 0 -1
    outer loop
      vertex -242 0 5
      vertex -239 0 5
      vertex -239.034 -0.86305 5
    endloop
  endfacet
  facet normal 0 0 -1
    outer loop
      vertex -242.025 -0.627672 5
      vertex -239.034 -0.86305 5
      vertex -239.135 -1.72078 5
    endloop
  endfacet
  facet normal 0 0 -1
    outer loop
      vertex -239 0 5
      vertex -242 0 5
      vertex -239.034 0.86305 5
    endloop
  endfacet
  facet normal 0 0 -1
    outer loop
      vertex -242.098 -1.25148 5
      vertex -239.135 -1.72078 5
      vertex -239.304 -2.5679 5
    endloop
  endfacet
  facet normal 0 0 -1
    outer loop
      vertex -242.025 0.627672 5
      vertex -239.034 0.86305 5
      vertex -242 0 5
    endloop
  endfacet
  facet normal 0 0 -1
    outer loop
      vertex -242.221 -1.86756 5
      vertex -239.304 -2.5679 5
      vertex -239.538 -3.39919 5
    endloop
  endfacet
  facet normal -0 0 -1
    outer loop
      vertex -239.034 0.86305 5
      vertex -242.025 0.627672 5
      vertex -239.135 1.72078 5
    endloop
  endfacet
  facet normal 0 0 -1
    outer loop
      vertex -242.392 -2.47214 5
      vertex -239.538 -3.39919 5
      vertex -239.837 -4.20952 5
    endloop
  endfacet
  facet normal 0 0 -1
    outer loop
      vertex -242.098 1.25148 5
      vertex -239.135 1.72078 5
      vertex -242.025 0.627672 5
    endloop
  endfacet
  facet normal 0 0 -1
    outer loop
      vertex -242.609 -3.06147 5
      vertex -239.837 -4.20952 5
      vertex -240.199 -4.99389 5
    endloop
  endfacet
  facet normal -0 0 -1
    outer loop
      vertex -239.135 1.72078 5
      vertex -242.098 1.25148 5
      vertex -239.304 2.5679 5
    endloop
  endfacet
  facet normal 0 0 -1
    outer loop
      vertex -242.872 -3.63192 5
      vertex -240.199 -4.99389 5
      vertex -240.621 -5.74748 5
    endloop
  endfacet
  facet normal 0 0 -1
    outer loop
      vertex -242.221 1.86756 5
      vertex -239.304 2.5679 5
      vertex -242.098 1.25148 5
    endloop
  endfacet
  facet normal 0 0 -1
    outer loop
      vertex -243.179 -4.17999 5
      vertex -240.621 -5.74748 5
      vertex -241.101 -6.46564 5
    endloop
  endfacet
  facet normal -0 0 -1
    outer loop
      vertex -239.304 2.5679 5
      vertex -242.221 1.86756 5
      vertex -239.538 3.39919 5
    endloop
  endfacet
  facet normal 0 0 -1
    outer loop
      vertex -243.528 -4.70228 5
      vertex -241.101 -6.46564 5
      vertex -241.636 -7.14393 5
    endloop
  endfacet
  facet normal 0 0 -1
    outer loop
      vertex -242.392 2.47214 5
      vertex -239.538 3.39919 5
      vertex -242.221 1.86756 5
    endloop
  endfacet
  facet normal -0 0 -1
    outer loop
      vertex -239.538 3.39919 5
      vertex -242.392 2.47214 5
      vertex -239.837 4.20952 5
    endloop
  endfacet
  facet normal 0 0 -1
    outer loop
      vertex -239.034 -0.86305 5
      vertex -242.025 -0.627672 5
      vertex -242 0 5
    endloop
  endfacet
  facet normal 0 0 -1
    outer loop
      vertex -239.135 -1.72078 5
      vertex -242.098 -1.25148 5
      vertex -242.025 -0.627672 5
    endloop
  endfacet
  facet normal 0 0 -1
    outer loop
      vertex -239.304 -2.5679 5
      vertex -242.221 -1.86756 5
      vertex -242.098 -1.25148 5
    endloop
  endfacet
  facet normal 0 0 -1
    outer loop
      vertex -243.917 -5.19558 5
      vertex -241.636 -7.14393 5
      vertex -242.222 -7.77817 5
    endloop
  endfacet
  facet normal 0 0 -1
    outer loop
      vertex -239.538 -3.39919 5
      vertex -242.392 -2.47214 5
      vertex -242.221 -1.86756 5
    endloop
  endfacet
  facet normal 0 0 -1
    outer loop
      vertex -239.837 -4.20952 5
      vertex -242.609 -3.06147 5
      vertex -242.392 -2.47214 5
    endloop
  endfacet
  facet normal 0 0 -1
    outer loop
      vertex -244.343 -5.65685 5
      vertex -242.222 -7.77817 5
      vertex -242.856 -8.36446 5
    endloop
  endfacet
  facet normal 0 0 -1
    outer loop
      vertex -240.199 -4.99389 5
      vertex -242.872 -3.63192 5
      vertex -242.609 -3.06147 5
    endloop
  endfacet
  facet normal 0 0 -1
    outer loop
      vertex -240.621 -5.74748 5
      vertex -243.179 -4.17999 5
      vertex -242.872 -3.63192 5
    endloop
  endfacet
  facet normal 0 0 -1
    outer loop
      vertex -241.101 -6.46564 5
      vertex -243.528 -4.70228 5
      vertex -243.179 -4.17999 5
    endloop
  endfacet
  facet normal 0 0 -1
    outer loop
      vertex -244.804 -6.08325 5
      vertex -242.856 -8.36446 5
      vertex -243.534 -8.89919 5
    endloop
  endfacet
  facet normal 0 0 -1
    outer loop
      vertex -241.636 -7.14393 5
      vertex -243.917 -5.19558 5
      vertex -243.528 -4.70228 5
    endloop
  endfacet
  facet normal 0 0 -1
    outer loop
      vertex -245.298 -6.47214 5
      vertex -243.534 -8.89919 5
      vertex -244.253 -9.37904 5
    endloop
  endfacet
  facet normal 0 0 -1
    outer loop
      vertex -242.222 -7.77817 5
      vertex -244.343 -5.65685 5
      vertex -243.917 -5.19558 5
    endloop
  endfacet
  facet normal 0 0 -1
    outer loop
      vertex -242.856 -8.36446 5
      vertex -244.804 -6.08325 5
      vertex -244.343 -5.65685 5
    endloop
  endfacet
  facet normal 0 0 -1
    outer loop
      vertex -245.82 -6.82112 5
      vertex -244.253 -9.37904 5
      vertex -245.006 -9.80107 5
    endloop
  endfacet
  facet normal 0 0 -1
    outer loop
      vertex -243.534 -8.89919 5
      vertex -245.298 -6.47214 5
      vertex -244.804 -6.08325 5
    endloop
  endfacet
  facet normal 0 0 -1
    outer loop
      vertex -246.368 -7.12805 5
      vertex -245.006 -9.80107 5
      vertex -245.79 -10.1627 5
    endloop
  endfacet
  facet normal 0 0 -1
    outer loop
      vertex -244.253 -9.37904 5
      vertex -245.82 -6.82112 5
      vertex -245.298 -6.47214 5
    endloop
  endfacet
  facet normal 0 0 -1
    outer loop
      vertex -245.006 -9.80107 5
      vertex -246.368 -7.12805 5
      vertex -245.82 -6.82112 5
    endloop
  endfacet
  facet normal 0 0 -1
    outer loop
      vertex -246.939 -7.39104 5
      vertex -245.79 -10.1627 5
      vertex -246.601 -10.4616 5
    endloop
  endfacet
  facet normal 0 0 -1
    outer loop
      vertex -245.79 -10.1627 5
      vertex -246.939 -7.39104 5
      vertex -246.368 -7.12805 5
    endloop
  endfacet
  facet normal 0 0 -1
    outer loop
      vertex -247.528 -7.60845 5
      vertex -246.601 -10.4616 5
      vertex -247.432 -10.6961 5
    endloop
  endfacet
  facet normal 0 0 -1
    outer loop
      vertex -246.601 -10.4616 5
      vertex -247.528 -7.60845 5
      vertex -246.939 -7.39104 5
    endloop
  endfacet
  facet normal 0 0 -1
    outer loop
      vertex -247.432 -10.6961 5
      vertex -248.132 -7.77896 5
      vertex -247.528 -7.60845 5
    endloop
  endfacet
  facet normal 0 0 -1
    outer loop
      vertex -248.279 -10.8646 5
      vertex -248.132 -7.77896 5
      vertex -247.432 -10.6961 5
    endloop
  endfacet
  facet normal 0 0 -1
    outer loop
      vertex -248.279 -10.8646 5
      vertex -248.749 -7.90151 5
      vertex -248.132 -7.77896 5
    endloop
  endfacet
  facet normal 0 0 -1
    outer loop
      vertex -249.137 -10.9661 5
      vertex -248.749 -7.90151 5
      vertex -248.279 -10.8646 5
    endloop
  endfacet
  facet normal 0 0 -1
    outer loop
      vertex -249.137 -10.9661 5
      vertex -249.372 -7.97534 5
      vertex -248.749 -7.90151 5
    endloop
  endfacet
  facet normal 0 0 -1
    outer loop
      vertex -250 -11 5
      vertex -249.372 -7.97534 5
      vertex -249.137 -10.9661 5
    endloop
  endfacet
  facet normal 0 0 -1
    outer loop
      vertex -250 -11 5
      vertex -250 -8 5
      vertex -249.372 -7.97534 5
    endloop
  endfacet
  facet normal 0 0 -1
    outer loop
      vertex -250 -11 5
      vertex -250.628 -7.97534 5
      vertex -250 -8 5
    endloop
  endfacet
  facet normal 0 0 -1
    outer loop
      vertex -250.863 -10.9661 5
      vertex -250.628 -7.97534 5
      vertex -250 -11 5
    endloop
  endfacet
  facet normal 0 0 -1
    outer loop
      vertex -250.863 -10.9661 5
      vertex -251.251 -7.90151 5
      vertex -250.628 -7.97534 5
    endloop
  endfacet
  facet normal 0 0 -1
    outer loop
      vertex -251.721 -10.8646 5
      vertex -251.251 -7.90151 5
      vertex -250.863 -10.9661 5
    endloop
  endfacet
  facet normal 0 0 -1
    outer loop
      vertex -251.721 -10.8646 5
      vertex -251.868 -7.77896 5
      vertex -251.251 -7.90151 5
    endloop
  endfacet
  facet normal 0 0 -1
    outer loop
      vertex -252.568 -10.6961 5
      vertex -251.868 -7.77896 5
      vertex -251.721 -10.8646 5
    endloop
  endfacet
  facet normal -0 0 -1
    outer loop
      vertex -251.868 -7.77896 5
      vertex -252.568 -10.6961 5
      vertex -252.472 -7.60845 5
    endloop
  endfacet
  facet normal 0 0 -1
    outer loop
      vertex -253.399 -10.4616 5
      vertex -252.472 -7.60845 5
      vertex -252.568 -10.6961 5
    endloop
  endfacet
  facet normal -0 0 -1
    outer loop
      vertex -252.472 -7.60845 5
      vertex -253.399 -10.4616 5
      vertex -253.061 -7.39104 5
    endloop
  endfacet
  facet normal 0 0 -1
    outer loop
      vertex -254.21 -10.1627 5
      vertex -253.061 -7.39104 5
      vertex -253.399 -10.4616 5
    endloop
  endfacet
  facet normal -0 0 -1
    outer loop
      vertex -253.061 -7.39104 5
      vertex -254.21 -10.1627 5
      vertex -253.632 -7.12805 5
    endloop
  endfacet
  facet normal 0 0 -1
    outer loop
      vertex -254.994 -9.80107 5
      vertex -253.632 -7.12805 5
      vertex -254.21 -10.1627 5
    endloop
  endfacet
  facet normal -0 0 -1
    outer loop
      vertex -253.632 -7.12805 5
      vertex -254.994 -9.80107 5
      vertex -254.18 -6.82112 5
    endloop
  endfacet
  facet normal 0 0 -1
    outer loop
      vertex -255.747 -9.37904 5
      vertex -254.18 -6.82112 5
      vertex -254.994 -9.80107 5
    endloop
  endfacet
  facet normal -0 0 -1
    outer loop
      vertex -254.18 -6.82112 5
      vertex -255.747 -9.37904 5
      vertex -254.702 -6.47214 5
    endloop
  endfacet
  facet normal 0 0 -1
    outer loop
      vertex -256.466 -8.89919 5
      vertex -254.702 -6.47214 5
      vertex -255.747 -9.37904 5
    endloop
  endfacet
  facet normal -0 0 -1
    outer loop
      vertex -254.702 -6.47214 5
      vertex -256.466 -8.89919 5
      vertex -255.196 -6.08325 5
    endloop
  endfacet
  facet normal 0 0 -1
    outer loop
      vertex -257.144 -8.36446 5
      vertex -255.196 -6.08325 5
      vertex -256.466 -8.89919 5
    endloop
  endfacet
  facet normal -0 0 -1
    outer loop
      vertex -255.196 -6.08325 5
      vertex -257.144 -8.36446 5
      vertex -255.657 -5.65685 5
    endloop
  endfacet
  facet normal 0 0 -1
    outer loop
      vertex -257.778 -7.77817 5
      vertex -255.657 -5.65685 5
      vertex -257.144 -8.36446 5
    endloop
  endfacet
  facet normal -0 0 -1
    outer loop
      vertex -255.657 -5.65685 5
      vertex -257.778 -7.77817 5
      vertex -256.083 -5.19558 5
    endloop
  endfacet
  facet normal 0 0 -1
    outer loop
      vertex -258.364 -7.14393 5
      vertex -256.083 -5.19558 5
      vertex -257.778 -7.77817 5
    endloop
  endfacet
  facet normal -0 0 -1
    outer loop
      vertex -256.083 -5.19558 5
      vertex -258.364 -7.14393 5
      vertex -256.472 -4.70228 5
    endloop
  endfacet
  facet normal 0 0 -1
    outer loop
      vertex -258.899 -6.46564 5
      vertex -256.472 -4.70228 5
      vertex -258.364 -7.14393 5
    endloop
  endfacet
  facet normal -0 0 -1
    outer loop
      vertex -256.472 -4.70228 5
      vertex -258.899 -6.46564 5
      vertex -256.821 -4.17999 5
    endloop
  endfacet
  facet normal 0 0 -1
    outer loop
      vertex -259.379 -5.74748 5
      vertex -256.821 -4.17999 5
      vertex -258.899 -6.46564 5
    endloop
  endfacet
  facet normal -0 0 -1
    outer loop
      vertex -256.821 -4.17999 5
      vertex -259.379 -5.74748 5
      vertex -257.128 -3.63192 5
    endloop
  endfacet
  facet normal 0 0 -1
    outer loop
      vertex -259.801 -4.99389 5
      vertex -257.128 -3.63192 5
      vertex -259.379 -5.74748 5
    endloop
  endfacet
  facet normal -0 0 -1
    outer loop
      vertex -257.128 -3.63192 5
      vertex -259.801 -4.99389 5
      vertex -257.391 -3.06147 5
    endloop
  endfacet
  facet normal 0 0 -1
    outer loop
      vertex -260.163 -4.20952 5
      vertex -257.391 -3.06147 5
      vertex -259.801 -4.99389 5
    endloop
  endfacet
  facet normal -0 0 -1
    outer loop
      vertex -257.391 -3.06147 5
      vertex -260.163 -4.20952 5
      vertex -257.608 -2.47214 5
    endloop
  endfacet
  facet normal 0 0 -1
    outer loop
      vertex -242.609 3.06147 5
      vertex -239.837 4.20952 5
      vertex -242.392 2.47214 5
    endloop
  endfacet
  facet normal -0 0 -1
    outer loop
      vertex -239.837 4.20952 5
      vertex -242.609 3.06147 5
      vertex -240.199 4.99389 5
    endloop
  endfacet
  facet normal 0 0 -1
    outer loop
      vertex -242.872 3.63192 5
      vertex -240.199 4.99389 5
      vertex -242.609 3.06147 5
    endloop
  endfacet
  facet normal -0 0 -1
    outer loop
      vertex -240.199 4.99389 5
      vertex -242.872 3.63192 5
      vertex -240.621 5.74748 5
    endloop
  endfacet
  facet normal 0 0 -1
    outer loop
      vertex -243.179 4.17999 5
      vertex -240.621 5.74748 5
      vertex -242.872 3.63192 5
    endloop
  endfacet
  facet normal -0 0 -1
    outer loop
      vertex -240.621 5.74748 5
      vertex -243.179 4.17999 5
      vertex -241.101 6.46564 5
    endloop
  endfacet
  facet normal 0 0 -1
    outer loop
      vertex -243.528 4.70228 5
      vertex -241.101 6.46564 5
      vertex -243.179 4.17999 5
    endloop
  endfacet
  facet normal -0 0 -1
    outer loop
      vertex -241.101 6.46564 5
      vertex -243.528 4.70228 5
      vertex -241.636 7.14393 5
    endloop
  endfacet
  facet normal 0 0 -1
    outer loop
      vertex -243.917 5.19558 5
      vertex -241.636 7.14393 5
      vertex -243.528 4.70228 5
    endloop
  endfacet
  facet normal -0 0 -1
    outer loop
      vertex -241.636 7.14393 5
      vertex -243.917 5.19558 5
      vertex -242.222 7.77817 5
    endloop
  endfacet
  facet normal 0 0 -1
    outer loop
      vertex -244.343 5.65685 5
      vertex -242.222 7.77817 5
      vertex -243.917 5.19558 5
    endloop
  endfacet
  facet normal -0 0 -1
    outer loop
      vertex -242.222 7.77817 5
      vertex -244.343 5.65685 5
      vertex -242.856 8.36446 5
    endloop
  endfacet
  facet normal 0 0 -1
    outer loop
      vertex -244.804 6.08325 5
      vertex -242.856 8.36446 5
      vertex -244.343 5.65685 5
    endloop
  endfacet
  facet normal -0 0 -1
    outer loop
      vertex -242.856 8.36446 5
      vertex -244.804 6.08325 5
      vertex -243.534 8.89919 5
    endloop
  endfacet
  facet normal 0 0 -1
    outer loop
      vertex -245.298 6.47214 5
      vertex -243.534 8.89919 5
      vertex -244.804 6.08325 5
    endloop
  endfacet
  facet normal -0 0 -1
    outer loop
      vertex -243.534 8.89919 5
      vertex -245.298 6.47214 5
      vertex -244.253 9.37904 5
    endloop
  endfacet
  facet normal 0 0 -1
    outer loop
      vertex -245.82 6.82112 5
      vertex -244.253 9.37904 5
      vertex -245.298 6.47214 5
    endloop
  endfacet
  facet normal -0 0 -1
    outer loop
      vertex -244.253 9.37904 5
      vertex -245.82 6.82112 5
      vertex -245.006 9.80107 5
    endloop
  endfacet
  facet normal 0 0 -1
    outer loop
      vertex -246.368 7.12805 5
      vertex -245.006 9.80107 5
      vertex -245.82 6.82112 5
    endloop
  endfacet
  facet normal -0 0 -1
    outer loop
      vertex -245.006 9.80107 5
      vertex -246.368 7.12805 5
      vertex -245.79 10.1627 5
    endloop
  endfacet
  facet normal 0 0 -1
    outer loop
      vertex -246.939 7.39104 5
      vertex -245.79 10.1627 5
      vertex -246.368 7.12805 5
    endloop
  endfacet
  facet normal -0 0 -1
    outer loop
      vertex -245.79 10.1627 5
      vertex -246.939 7.39104 5
      vertex -246.601 10.4616 5
    endloop
  endfacet
  facet normal 0 0 -1
    outer loop
      vertex -247.528 7.60845 5
      vertex -246.601 10.4616 5
      vertex -246.939 7.39104 5
    endloop
  endfacet
  facet normal -0 0 -1
    outer loop
      vertex -246.601 10.4616 5
      vertex -247.528 7.60845 5
      vertex -247.432 10.6961 5
    endloop
  endfacet
  facet normal 0 0 -1
    outer loop
      vertex -248.132 7.77896 5
      vertex -247.432 10.6961 5
      vertex -247.528 7.60845 5
    endloop
  endfacet
  facet normal 0 0 -1
    outer loop
      vertex -248.132 7.77896 5
      vertex -248.279 10.8646 5
      vertex -247.432 10.6961 5
    endloop
  endfacet
  facet normal 0 0 -1
    outer loop
      vertex -248.749 7.90151 5
      vertex -248.279 10.8646 5
      vertex -248.132 7.77896 5
    endloop
  endfacet
  facet normal 0 0 -1
    outer loop
      vertex -248.749 7.90151 5
      vertex -249.137 10.9661 5
      vertex -248.279 10.8646 5
    endloop
  endfacet
  facet normal 0 0 -1
    outer loop
      vertex -249.372 7.97534 5
      vertex -249.137 10.9661 5
      vertex -248.749 7.90151 5
    endloop
  endfacet
  facet normal 0 0 -1
    outer loop
      vertex -250 8 5
      vertex -249.137 10.9661 5
      vertex -249.372 7.97534 5
    endloop
  endfacet
  facet normal 0 0 -1
    outer loop
      vertex -250 8 5
      vertex -250 11 5
      vertex -249.137 10.9661 5
    endloop
  endfacet
  facet normal 0 0 -1
    outer loop
      vertex -250.628 7.97534 5
      vertex -250 11 5
      vertex -250 8 5
    endloop
  endfacet
  facet normal 0 0 -1
    outer loop
      vertex -250.628 7.97534 5
      vertex -250.863 10.9661 5
      vertex -250 11 5
    endloop
  endfacet
  facet normal 0 0 -1
    outer loop
      vertex -251.251 7.90151 5
      vertex -250.863 10.9661 5
      vertex -250.628 7.97534 5
    endloop
  endfacet
  facet normal 0 0 -1
    outer loop
      vertex -251.251 7.90151 5
      vertex -251.721 10.8646 5
      vertex -250.863 10.9661 5
    endloop
  endfacet
  facet normal 0 0 -1
    outer loop
      vertex -251.868 7.77896 5
      vertex -251.721 10.8646 5
      vertex -251.251 7.90151 5
    endloop
  endfacet
  facet normal 0 0 -1
    outer loop
      vertex -252.568 10.6961 5
      vertex -251.868 7.77896 5
      vertex -252.472 7.60845 5
    endloop
  endfacet
  facet normal 0 0 -1
    outer loop
      vertex -251.868 7.77896 5
      vertex -252.568 10.6961 5
      vertex -251.721 10.8646 5
    endloop
  endfacet
  facet normal 0 0 -1
    outer loop
      vertex -253.399 10.4616 5
      vertex -252.472 7.60845 5
      vertex -253.061 7.39104 5
    endloop
  endfacet
  facet normal 0 0 -1
    outer loop
      vertex -252.472 7.60845 5
      vertex -253.399 10.4616 5
      vertex -252.568 10.6961 5
    endloop
  endfacet
  facet normal 0 0 -1
    outer loop
      vertex -254.21 10.1627 5
      vertex -253.061 7.39104 5
      vertex -253.632 7.12805 5
    endloop
  endfacet
  facet normal 0 0 -1
    outer loop
      vertex -254.994 9.80107 5
      vertex -253.632 7.12805 5
      vertex -254.18 6.82112 5
    endloop
  endfacet
  facet normal 0 0 -1
    outer loop
      vertex -253.061 7.39104 5
      vertex -254.21 10.1627 5
      vertex -253.399 10.4616 5
    endloop
  endfacet
  facet normal 0 0 -1
    outer loop
      vertex -255.747 9.37904 5
      vertex -254.18 6.82112 5
      vertex -254.702 6.47214 5
    endloop
  endfacet
  facet normal 0 0 -1
    outer loop
      vertex -253.632 7.12805 5
      vertex -254.994 9.80107 5
      vertex -254.21 10.1627 5
    endloop
  endfacet
  facet normal 0 0 -1
    outer loop
      vertex -256.466 8.89919 5
      vertex -254.702 6.47214 5
      vertex -255.196 6.08325 5
    endloop
  endfacet
  facet normal 0 0 -1
    outer loop
      vertex -257.144 8.36446 5
      vertex -255.196 6.08325 5
      vertex -255.657 5.65685 5
    endloop
  endfacet
  facet normal 0 0 -1
    outer loop
      vertex -254.18 6.82112 5
      vertex -255.747 9.37904 5
      vertex -254.994 9.80107 5
    endloop
  endfacet
  facet normal 0 0 -1
    outer loop
      vertex -257.778 7.77817 5
      vertex -255.657 5.65685 5
      vertex -256.083 5.19558 5
    endloop
  endfacet
  facet normal 0 0 -1
    outer loop
      vertex -254.702 6.47214 5
      vertex -256.466 8.89919 5
      vertex -255.747 9.37904 5
    endloop
  endfacet
  facet normal 0 0 -1
    outer loop
      vertex -258.364 7.14393 5
      vertex -256.083 5.19558 5
      vertex -256.472 4.70228 5
    endloop
  endfacet
  facet normal 0 0 -1
    outer loop
      vertex -258.899 6.46564 5
      vertex -256.472 4.70228 5
      vertex -256.821 4.17999 5
    endloop
  endfacet
  facet normal 0 0 -1
    outer loop
      vertex -259.379 5.74748 5
      vertex -256.821 4.17999 5
      vertex -257.128 3.63192 5
    endloop
  endfacet
  facet normal 0 0 -1
    outer loop
      vertex -255.196 6.08325 5
      vertex -257.144 8.36446 5
      vertex -256.466 8.89919 5
    endloop
  endfacet
  facet normal 0 0 -1
    outer loop
      vertex -259.801 4.99389 5
      vertex -257.128 3.63192 5
      vertex -257.391 3.06147 5
    endloop
  endfacet
  facet normal 0 0 -1
    outer loop
      vertex -260.163 4.20952 5
      vertex -257.391 3.06147 5
      vertex -257.608 2.47214 5
    endloop
  endfacet
  facet normal 0 0 -1
    outer loop
      vertex -255.657 5.65685 5
      vertex -257.778 7.77817 5
      vertex -257.144 8.36446 5
    endloop
  endfacet
  facet normal 0 0 -1
    outer loop
      vertex -260.462 3.39919 5
      vertex -257.608 2.47214 5
      vertex -257.779 1.86756 5
    endloop
  endfacet
  facet normal 0 0 -1
    outer loop
      vertex -260.696 2.5679 5
      vertex -257.779 1.86756 5
      vertex -257.902 1.25148 5
    endloop
  endfacet
  facet normal 0 0 -1
    outer loop
      vertex -260.865 1.72078 5
      vertex -257.902 1.25148 5
      vertex -257.975 0.627672 5
    endloop
  endfacet
  facet normal 0 0 -1
    outer loop
      vertex -260.966 0.86305 5
      vertex -257.975 0.627672 5
      vertex -258 0 5
    endloop
  endfacet
  facet normal 0 0 -1
    outer loop
      vertex -260.462 -3.39919 5
      vertex -257.608 -2.47214 5
      vertex -260.163 -4.20952 5
    endloop
  endfacet
  facet normal 0 0 -1
    outer loop
      vertex -256.083 5.19558 5
      vertex -258.364 7.14393 5
      vertex -257.778 7.77817 5
    endloop
  endfacet
  facet normal -0 0 -1
    outer loop
      vertex -257.608 -2.47214 5
      vertex -260.462 -3.39919 5
      vertex -257.779 -1.86756 5
    endloop
  endfacet
  facet normal 0 0 -1
    outer loop
      vertex -256.472 4.70228 5
      vertex -258.899 6.46564 5
      vertex -258.364 7.14393 5
    endloop
  endfacet
  facet normal 0 0 -1
    outer loop
      vertex -260.696 -2.5679 5
      vertex -257.779 -1.86756 5
      vertex -260.462 -3.39919 5
    endloop
  endfacet
  facet normal 0 0 -1
    outer loop
      vertex -256.821 4.17999 5
      vertex -259.379 5.74748 5
      vertex -258.899 6.46564 5
    endloop
  endfacet
  facet normal -0 0 -1
    outer loop
      vertex -257.779 -1.86756 5
      vertex -260.696 -2.5679 5
      vertex -257.902 -1.25148 5
    endloop
  endfacet
  facet normal 0 0 -1
    outer loop
      vertex -257.128 3.63192 5
      vertex -259.801 4.99389 5
      vertex -259.379 5.74748 5
    endloop
  endfacet
  facet normal 0 0 -1
    outer loop
      vertex -260.865 -1.72078 5
      vertex -257.902 -1.25148 5
      vertex -260.696 -2.5679 5
    endloop
  endfacet
  facet normal 0 0 -1
    outer loop
      vertex -257.391 3.06147 5
      vertex -260.163 4.20952 5
      vertex -259.801 4.99389 5
    endloop
  endfacet
  facet normal -0 0 -1
    outer loop
      vertex -257.902 -1.25148 5
      vertex -260.865 -1.72078 5
      vertex -257.975 -0.627672 5
    endloop
  endfacet
  facet normal 0 0 -1
    outer loop
      vertex -257.608 2.47214 5
      vertex -260.462 3.39919 5
      vertex -260.163 4.20952 5
    endloop
  endfacet
  facet normal 0 0 -1
    outer loop
      vertex -260.966 -0.86305 5
      vertex -257.975 -0.627672 5
      vertex -260.865 -1.72078 5
    endloop
  endfacet
  facet normal 0 0 -1
    outer loop
      vertex -257.779 1.86756 5
      vertex -260.696 2.5679 5
      vertex -260.462 3.39919 5
    endloop
  endfacet
  facet normal -0 0 -1
    outer loop
      vertex -257.975 -0.627672 5
      vertex -260.966 -0.86305 5
      vertex -258 0 5
    endloop
  endfacet
  facet normal 0 0 -1
    outer loop
      vertex -257.902 1.25148 5
      vertex -260.865 1.72078 5
      vertex -260.696 2.5679 5
    endloop
  endfacet
  facet normal 0 0 -1
    outer loop
      vertex -261 0 5
      vertex -258 0 5
      vertex -260.966 -0.86305 5
    endloop
  endfacet
  facet normal 0 0 -1
    outer loop
      vertex -257.975 0.627672 5
      vertex -260.966 0.86305 5
      vertex -260.865 1.72078 5
    endloop
  endfacet
  facet normal 0 0 -1
    outer loop
      vertex -258 0 5
      vertex -261 0 5
      vertex -260.966 0.86305 5
    endloop
  endfacet
  facet normal -0.418852 -0.908055 0
    outer loop
      vertex -254.994 -9.80107 5
      vertex -254.21 -10.1627 15
      vertex -254.994 -9.80107 15
    endloop
  endfacet
  facet normal -0.418852 -0.908055 -0
    outer loop
      vertex -254.21 -10.1627 15
      vertex -254.994 -9.80107 5
      vertex -254.21 -10.1627 5
    endloop
  endfacet
  facet normal 0.962389 0.271675 0
    outer loop
      vertex 267.503 4.20202 4
      vertex 267.119 5.56231 -4
      vertex 267.119 5.56231 4
    endloop
  endfacet
  facet normal 0.962389 0.271675 0
    outer loop
      vertex 267.119 5.56231 -4
      vertex 267.503 4.20202 4
      vertex 267.503 4.20202 -4
    endloop
  endfacet
  facet normal 0.999243 0.0389152 0
    outer loop
      vertex 268 0 4
      vertex 267.945 1.41226 -4
      vertex 267.945 1.41226 4
    endloop
  endfacet
  facet normal 0.999243 0.0389152 0
    outer loop
      vertex 267.945 1.41226 -4
      vertex 268 0 4
      vertex 268 0 -4
    endloop
  endfacet
  facet normal -0.271532 0.962429 0
    outer loop
      vertex 245.798 17.5027 -4
      vertex 244.438 17.119 4
      vertex 245.798 17.5027 4
    endloop
  endfacet
  facet normal -0.271532 0.962429 0
    outer loop
      vertex 244.438 17.119 4
      vertex 245.798 17.5027 -4
      vertex 244.438 17.119 -4
    endloop
  endfacet
  facet normal -0.488668 0.87247 0
    outer loop
      vertex 241.828 16.0381 -4
      vertex 240.595 15.3475 4
      vertex 241.828 16.0381 4
    endloop
  endfacet
  facet normal -0.488668 0.87247 0
    outer loop
      vertex 240.595 15.3475 4
      vertex 241.828 16.0381 -4
      vertex 240.595 15.3475 -4
    endloop
  endfacet
  facet normal 0.980884 0.194592 0
    outer loop
      vertex 267.778 2.81582 4
      vertex 267.503 4.20202 -4
      vertex 267.503 4.20202 4
    endloop
  endfacet
  facet normal 0.980884 0.194592 0
    outer loop
      vertex 267.503 4.20202 -4
      vertex 267.778 2.81582 4
      vertex 267.778 2.81582 -4
    endloop
  endfacet
  facet normal 0.938233 0.346003 0
    outer loop
      vertex 267.119 5.56231 4
      vertex 266.63 6.8883 -4
      vertex 266.63 6.8883 4
    endloop
  endfacet
  facet normal 0.938233 0.346003 0
    outer loop
      vertex 266.63 6.8883 -4
      vertex 267.119 5.56231 4
      vertex 267.119 5.56231 -4
    endloop
  endfacet
  facet normal 0.488668 0.87247 -0
    outer loop
      vertex 259.405 15.3475 -4
      vertex 258.172 16.0381 4
      vertex 259.405 15.3475 4
    endloop
  endfacet
  facet normal 0.488668 0.87247 0
    outer loop
      vertex 258.172 16.0381 4
      vertex 259.405 15.3475 -4
      vertex 258.172 16.0381 -4
    endloop
  endfacet
  facet normal 0.992996 0.11815 0
    outer loop
      vertex 267.945 1.41226 4
      vertex 267.778 2.81582 -4
      vertex 267.778 2.81582 4
    endloop
  endfacet
  facet normal 0.992996 0.11815 0
    outer loop
      vertex 267.778 2.81582 -4
      vertex 267.945 1.41226 4
      vertex 267.945 1.41226 -4
    endloop
  endfacet
  facet normal 0.785335 -0.619071 0
    outer loop
      vertex 263.687 -11.6901 4
      vertex 264.562 -10.5801 -4
      vertex 264.562 -10.5801 4
    endloop
  endfacet
  facet normal 0.785335 -0.619071 0
    outer loop
      vertex 264.562 -10.5801 -4
      vertex 263.687 -11.6901 4
      vertex 263.687 -11.6901 -4
    endloop
  endfacet
  facet normal -0.908067 -0.418826 0
    outer loop
      vertex 233.962 -8.17183 -4
      vertex 233.37 -6.8883 4
      vertex 233.37 -6.8883 -4
    endloop
  endfacet
  facet normal -0.908067 -0.418826 0
    outer loop
      vertex 233.37 -6.8883 4
      vertex 233.962 -8.17183 -4
      vertex 233.962 -8.17183 4
    endloop
  endfacet
  facet normal 0.271532 0.962429 -0
    outer loop
      vertex 255.562 17.119 -4
      vertex 254.202 17.5027 4
      vertex 255.562 17.119 4
    endloop
  endfacet
  facet normal 0.271532 0.962429 0
    outer loop
      vertex 254.202 17.5027 4
      vertex 255.562 17.119 -4
      vertex 254.202 17.5027 -4
    endloop
  endfacet
  facet normal 0.117486 0.993075 -0
    outer loop
      vertex 252.816 17.7784 -4
      vertex 251.412 17.9445 4
      vertex 252.816 17.7784 4
    endloop
  endfacet
  facet normal 0.117486 0.993075 0
    outer loop
      vertex 251.412 17.9445 4
      vertex 252.816 17.7784 -4
      vertex 251.412 17.9445 -4
    endloop
  endfacet
  facet normal 0.117486 -0.993075 0
    outer loop
      vertex 251.412 -17.9445 -4
      vertex 252.816 -17.7784 4
      vertex 251.412 -17.9445 4
    endloop
  endfacet
  facet normal 0.117486 -0.993075 0
    outer loop
      vertex 252.816 -17.7784 4
      vertex 251.412 -17.9445 -4
      vertex 252.816 -17.7784 -4
    endloop
  endfacet
  facet normal 0.785335 0.619071 0
    outer loop
      vertex 264.562 10.5801 4
      vertex 263.687 11.6901 -4
      vertex 263.687 11.6901 4
    endloop
  endfacet
  facet normal 0.785335 0.619071 0
    outer loop
      vertex 263.687 11.6901 -4
      vertex 264.562 10.5801 4
      vertex 264.562 10.5801 -4
    endloop
  endfacet
  facet normal -0.555614 -0.83144 0
    outer loop
      vertex 239.42 -14.5623 -4
      vertex 240.595 -15.3475 4
      vertex 239.42 -14.5623 4
    endloop
  endfacet
  facet normal -0.555614 -0.83144 -0
    outer loop
      vertex 240.595 -15.3475 4
      vertex 239.42 -14.5623 -4
      vertex 240.595 -15.3475 -4
    endloop
  endfacet
  facet normal -0.938233 0.346003 0
    outer loop
      vertex 232.881 5.56231 -4
      vertex 233.37 6.8883 4
      vertex 233.37 6.8883 -4
    endloop
  endfacet
  facet normal -0.938233 0.346003 0
    outer loop
      vertex 233.37 6.8883 4
      vertex 232.881 5.56231 -4
      vertex 232.881 5.56231 4
    endloop
  endfacet
  facet normal 0.73444 -0.678674 0
    outer loop
      vertex 262.728 -12.7279 4
      vertex 263.687 -11.6901 -4
      vertex 263.687 -11.6901 4
    endloop
  endfacet
  facet normal 0.73444 -0.678674 0
    outer loop
      vertex 263.687 -11.6901 -4
      vertex 262.728 -12.7279 4
      vertex 262.728 -12.7279 -4
    endloop
  endfacet
  facet normal 0.195095 -0.980784 0
    outer loop
      vertex 252.816 -17.7784 -4
      vertex 254.202 -17.5027 4
      vertex 252.816 -17.7784 4
    endloop
  endfacet
  facet normal 0.195095 -0.980784 0
    outer loop
      vertex 254.202 -17.5027 4
      vertex 252.816 -17.7784 -4
      vertex 254.202 -17.5027 -4
    endloop
  endfacet
  facet normal -0.678756 -0.734364 0
    outer loop
      vertex 237.272 -12.7279 -4
      vertex 238.31 -13.6873 4
      vertex 237.272 -12.7279 4
    endloop
  endfacet
  facet normal -0.678756 -0.734364 -0
    outer loop
      vertex 238.31 -13.6873 4
      vertex 237.272 -12.7279 -4
      vertex 238.31 -13.6873 -4
    endloop
  endfacet
  facet normal -0.195095 0.980784 0
    outer loop
      vertex 247.184 17.7784 -4
      vertex 245.798 17.5027 4
      vertex 247.184 17.7784 4
    endloop
  endfacet
  facet normal -0.195095 0.980784 0
    outer loop
      vertex 245.798 17.5027 4
      vertex 247.184 17.7784 -4
      vertex 245.798 17.5027 -4
    endloop
  endfacet
  facet normal -0.555614 0.83144 0
    outer loop
      vertex 240.595 15.3475 -4
      vertex 239.42 14.5623 4
      vertex 240.595 15.3475 4
    endloop
  endfacet
  facet normal -0.555614 0.83144 0
    outer loop
      vertex 239.42 14.5623 4
      vertex 240.595 15.3475 -4
      vertex 239.42 14.5623 -4
    endloop
  endfacet
  facet normal -0.980884 -0.194592 0
    outer loop
      vertex 232.497 -4.20202 -4
      vertex 232.222 -2.81582 4
      vertex 232.222 -2.81582 -4
    endloop
  endfacet
  facet normal -0.980884 -0.194592 0
    outer loop
      vertex 232.222 -2.81582 4
      vertex 232.497 -4.20202 -4
      vertex 232.497 -4.20202 4
    endloop
  endfacet
  facet normal -0.962389 0.271675 0
    outer loop
      vertex 232.497 4.20202 -4
      vertex 232.881 5.56231 4
      vertex 232.881 5.56231 -4
    endloop
  endfacet
  facet normal -0.962389 0.271675 0
    outer loop
      vertex 232.881 5.56231 4
      vertex 232.497 4.20202 -4
      vertex 232.497 4.20202 4
    endloop
  endfacet
  facet normal -0.418524 0.908206 0
    outer loop
      vertex 243.112 16.6298 -4
      vertex 241.828 16.0381 4
      vertex 243.112 16.6298 4
    endloop
  endfacet
  facet normal -0.418524 0.908206 0
    outer loop
      vertex 241.828 16.0381 4
      vertex 243.112 16.6298 -4
      vertex 241.828 16.0381 -4
    endloop
  endfacet
  facet normal 0.619071 -0.785335 0
    outer loop
      vertex 260.58 -14.5623 -4
      vertex 261.69 -13.6873 4
      vertex 260.58 -14.5623 4
    endloop
  endfacet
  facet normal 0.619071 -0.785335 0
    outer loop
      vertex 261.69 -13.6873 4
      vertex 260.58 -14.5623 -4
      vertex 261.69 -13.6873 -4
    endloop
  endfacet
  facet normal -0.992996 -0.11815 0
    outer loop
      vertex 232.222 -2.81582 -4
      vertex 232.055 -1.41226 4
      vertex 232.055 -1.41226 -4
    endloop
  endfacet
  facet normal -0.992996 -0.11815 0
    outer loop
      vertex 232.055 -1.41226 4
      vertex 232.222 -2.81582 -4
      vertex 232.222 -2.81582 4
    endloop
  endfacet
  facet normal 0.831207 0.555963 0
    outer loop
      vertex 265.348 9.40497 4
      vertex 264.562 10.5801 -4
      vertex 264.562 10.5801 4
    endloop
  endfacet
  facet normal 0.831207 0.555963 0
    outer loop
      vertex 264.562 10.5801 -4
      vertex 265.348 9.40497 4
      vertex 265.348 9.40497 -4
    endloop
  endfacet
  facet normal 0.908067 -0.418826 0
    outer loop
      vertex 266.038 -8.17183 4
      vertex 266.63 -6.8883 -4
      vertex 266.63 -6.8883 4
    endloop
  endfacet
  facet normal 0.908067 -0.418826 0
    outer loop
      vertex 266.63 -6.8883 -4
      vertex 266.038 -8.17183 4
      vertex 266.038 -8.17183 -4
    endloop
  endfacet
  facet normal -0.0392756 0.999228 0
    outer loop
      vertex 250 18 -4
      vertex 248.588 17.9445 4
      vertex 250 18 4
    endloop
  endfacet
  facet normal -0.0392756 0.999228 0
    outer loop
      vertex 248.588 17.9445 4
      vertex 250 18 -4
      vertex 248.588 17.9445 -4
    endloop
  endfacet
  facet normal 0.678756 0.734364 -0
    outer loop
      vertex 262.728 12.7279 -4
      vertex 261.69 13.6873 4
      vertex 262.728 12.7279 4
    endloop
  endfacet
  facet normal 0.678756 0.734364 0
    outer loop
      vertex 261.69 13.6873 4
      vertex 262.728 12.7279 -4
      vertex 261.69 13.6873 -4
    endloop
  endfacet
  facet normal -0.908067 0.418826 0
    outer loop
      vertex 233.37 6.8883 -4
      vertex 233.962 8.17183 4
      vertex 233.962 8.17183 -4
    endloop
  endfacet
  facet normal -0.908067 0.418826 0
    outer loop
      vertex 233.962 8.17183 4
      vertex 233.37 6.8883 -4
      vertex 233.37 6.8883 4
    endloop
  endfacet
  facet normal -0.0392756 -0.999228 0
    outer loop
      vertex 248.588 -17.9445 -4
      vertex 250 -18 4
      vertex 248.588 -17.9445 4
    endloop
  endfacet
  facet normal -0.0392756 -0.999228 -0
    outer loop
      vertex 250 -18 4
      vertex 248.588 -17.9445 -4
      vertex 250 -18 -4
    endloop
  endfacet
  facet normal -0.346125 -0.938188 0
    outer loop
      vertex 243.112 -16.6298 -4
      vertex 244.438 -17.119 4
      vertex 243.112 -16.6298 4
    endloop
  endfacet
  facet normal -0.346125 -0.938188 -0
    outer loop
      vertex 244.438 -17.119 4
      vertex 243.112 -16.6298 -4
      vertex 244.438 -17.119 -4
    endloop
  endfacet
  facet normal 0.418524 -0.908206 0
    outer loop
      vertex 256.888 -16.6298 -4
      vertex 258.172 -16.0381 4
      vertex 256.888 -16.6298 4
    endloop
  endfacet
  facet normal 0.418524 -0.908206 0
    outer loop
      vertex 258.172 -16.0381 4
      vertex 256.888 -16.6298 -4
      vertex 258.172 -16.0381 -4
    endloop
  endfacet
  facet normal 0.908067 0.418826 0
    outer loop
      vertex 266.63 6.8883 4
      vertex 266.038 8.17183 -4
      vertex 266.038 8.17183 4
    endloop
  endfacet
  facet normal 0.908067 0.418826 0
    outer loop
      vertex 266.038 8.17183 -4
      vertex 266.63 6.8883 4
      vertex 266.63 6.8883 -4
    endloop
  endfacet
  facet normal 0.980884 -0.194592 0
    outer loop
      vertex 267.503 -4.20202 4
      vertex 267.778 -2.81582 -4
      vertex 267.778 -2.81582 4
    endloop
  endfacet
  facet normal 0.980884 -0.194592 0
    outer loop
      vertex 267.778 -2.81582 -4
      vertex 267.503 -4.20202 4
      vertex 267.503 -4.20202 -4
    endloop
  endfacet
  facet normal -0.73444 0.678674 0
    outer loop
      vertex 236.313 11.6901 -4
      vertex 237.272 12.7279 4
      vertex 237.272 12.7279 -4
    endloop
  endfacet
  facet normal -0.73444 0.678674 0
    outer loop
      vertex 237.272 12.7279 4
      vertex 236.313 11.6901 -4
      vertex 236.313 11.6901 4
    endloop
  endfacet
  facet normal 0.195095 0.980784 -0
    outer loop
      vertex 254.202 17.5027 -4
      vertex 252.816 17.7784 4
      vertex 254.202 17.5027 4
    endloop
  endfacet
  facet normal 0.195095 0.980784 0
    outer loop
      vertex 252.816 17.7784 4
      vertex 254.202 17.5027 -4
      vertex 252.816 17.7784 -4
    endloop
  endfacet
  facet normal -0.999243 -0.0389152 0
    outer loop
      vertex 232.055 -1.41226 -4
      vertex 232 0 4
      vertex 232 0 -4
    endloop
  endfacet
  facet normal -0.999243 -0.0389152 0
    outer loop
      vertex 232 0 4
      vertex 232.055 -1.41226 -4
      vertex 232.055 -1.41226 4
    endloop
  endfacet
  facet normal 0.872674 0.488303 0
    outer loop
      vertex 266.038 8.17183 4
      vertex 265.348 9.40497 -4
      vertex 265.348 9.40497 4
    endloop
  endfacet
  facet normal 0.872674 0.488303 0
    outer loop
      vertex 265.348 9.40497 -4
      vertex 266.038 8.17183 4
      vertex 266.038 8.17183 -4
    endloop
  endfacet
  facet normal 0.346125 0.938188 -0
    outer loop
      vertex 256.888 16.6298 -4
      vertex 255.562 17.119 4
      vertex 256.888 16.6298 4
    endloop
  endfacet
  facet normal 0.346125 0.938188 0
    outer loop
      vertex 255.562 17.119 4
      vertex 256.888 16.6298 -4
      vertex 255.562 17.119 -4
    endloop
  endfacet
  facet normal -0.117486 -0.993075 0
    outer loop
      vertex 247.184 -17.7784 -4
      vertex 248.588 -17.9445 4
      vertex 247.184 -17.7784 4
    endloop
  endfacet
  facet normal -0.117486 -0.993075 -0
    outer loop
      vertex 248.588 -17.9445 4
      vertex 247.184 -17.7784 -4
      vertex 248.588 -17.9445 -4
    endloop
  endfacet
  facet normal -0.346125 0.938188 0
    outer loop
      vertex 244.438 17.119 -4
      vertex 243.112 16.6298 4
      vertex 244.438 17.119 4
    endloop
  endfacet
  facet normal -0.346125 0.938188 0
    outer loop
      vertex 243.112 16.6298 4
      vertex 244.438 17.119 -4
      vertex 243.112 16.6298 -4
    endloop
  endfacet
  facet normal -0.271532 -0.962429 0
    outer loop
      vertex 244.438 -17.119 -4
      vertex 245.798 -17.5027 4
      vertex 244.438 -17.119 4
    endloop
  endfacet
  facet normal -0.271532 -0.962429 -0
    outer loop
      vertex 245.798 -17.5027 4
      vertex 244.438 -17.119 -4
      vertex 245.798 -17.5027 -4
    endloop
  endfacet
  facet normal -0.785335 -0.619071 0
    outer loop
      vertex 236.313 -11.6901 -4
      vertex 235.438 -10.5801 4
      vertex 235.438 -10.5801 -4
    endloop
  endfacet
  facet normal -0.785335 -0.619071 0
    outer loop
      vertex 235.438 -10.5801 4
      vertex 236.313 -11.6901 -4
      vertex 236.313 -11.6901 4
    endloop
  endfacet
  facet normal -0.619071 0.785335 0
    outer loop
      vertex 239.42 14.5623 -4
      vertex 238.31 13.6873 4
      vertex 239.42 14.5623 4
    endloop
  endfacet
  facet normal -0.619071 0.785335 0
    outer loop
      vertex 238.31 13.6873 4
      vertex 239.42 14.5623 -4
      vertex 238.31 13.6873 -4
    endloop
  endfacet
  facet normal 0.418524 0.908206 -0
    outer loop
      vertex 258.172 16.0381 -4
      vertex 256.888 16.6298 4
      vertex 258.172 16.0381 4
    endloop
  endfacet
  facet normal 0.418524 0.908206 0
    outer loop
      vertex 256.888 16.6298 4
      vertex 258.172 16.0381 -4
      vertex 256.888 16.6298 -4
    endloop
  endfacet
  facet normal 0.271532 -0.962429 0
    outer loop
      vertex 254.202 -17.5027 -4
      vertex 255.562 -17.119 4
      vertex 254.202 -17.5027 4
    endloop
  endfacet
  facet normal 0.271532 -0.962429 0
    outer loop
      vertex 255.562 -17.119 4
      vertex 254.202 -17.5027 -4
      vertex 255.562 -17.119 -4
    endloop
  endfacet
  facet normal 0.999243 -0.0389152 0
    outer loop
      vertex 267.945 -1.41226 4
      vertex 268 0 -4
      vertex 268 0 4
    endloop
  endfacet
  facet normal 0.999243 -0.0389152 0
    outer loop
      vertex 268 0 -4
      vertex 267.945 -1.41226 4
      vertex 267.945 -1.41226 -4
    endloop
  endfacet
  facet normal 0.992996 -0.11815 0
    outer loop
      vertex 267.778 -2.81582 4
      vertex 267.945 -1.41226 -4
      vertex 267.945 -1.41226 4
    endloop
  endfacet
  facet normal 0.992996 -0.11815 0
    outer loop
      vertex 267.945 -1.41226 -4
      vertex 267.778 -2.81582 4
      vertex 267.778 -2.81582 -4
    endloop
  endfacet
  facet normal -0.992996 0.11815 0
    outer loop
      vertex 232.055 1.41226 -4
      vertex 232.222 2.81582 4
      vertex 232.222 2.81582 -4
    endloop
  endfacet
  facet normal -0.992996 0.11815 0
    outer loop
      vertex 232.222 2.81582 4
      vertex 232.055 1.41226 -4
      vertex 232.055 1.41226 4
    endloop
  endfacet
  facet normal 0.555614 0.83144 -0
    outer loop
      vertex 260.58 14.5623 -4
      vertex 259.405 15.3475 4
      vertex 260.58 14.5623 4
    endloop
  endfacet
  facet normal 0.555614 0.83144 0
    outer loop
      vertex 259.405 15.3475 4
      vertex 260.58 14.5623 -4
      vertex 259.405 15.3475 -4
    endloop
  endfacet
  facet normal -0.678756 0.734364 0
    outer loop
      vertex 238.31 13.6873 -4
      vertex 237.272 12.7279 4
      vertex 238.31 13.6873 4
    endloop
  endfacet
  facet normal -0.678756 0.734364 0
    outer loop
      vertex 237.272 12.7279 4
      vertex 238.31 13.6873 -4
      vertex 237.272 12.7279 -4
    endloop
  endfacet
  facet normal 0.73444 0.678674 0
    outer loop
      vertex 263.687 11.6901 4
      vertex 262.728 12.7279 -4
      vertex 262.728 12.7279 4
    endloop
  endfacet
  facet normal 0.73444 0.678674 0
    outer loop
      vertex 262.728 12.7279 -4
      vertex 263.687 11.6901 4
      vertex 263.687 11.6901 -4
    endloop
  endfacet
  facet normal 0.831207 -0.555963 0
    outer loop
      vertex 264.562 -10.5801 4
      vertex 265.348 -9.40497 -4
      vertex 265.348 -9.40497 4
    endloop
  endfacet
  facet normal 0.831207 -0.555963 0
    outer loop
      vertex 265.348 -9.40497 -4
      vertex 264.562 -10.5801 4
      vertex 264.562 -10.5801 -4
    endloop
  endfacet
  facet normal 0.938233 -0.346003 0
    outer loop
      vertex 266.63 -6.8883 4
      vertex 267.119 -5.56231 -4
      vertex 267.119 -5.56231 4
    endloop
  endfacet
  facet normal 0.938233 -0.346003 0
    outer loop
      vertex 267.119 -5.56231 -4
      vertex 266.63 -6.8883 4
      vertex 266.63 -6.8883 -4
    endloop
  endfacet
  facet normal 0 0 1
    outer loop
      vertex 254.2 0 4
      vertex 268 0 4
      vertex 267.945 1.41226 4
    endloop
  endfacet
  facet normal 0 0 1
    outer loop
      vertex 254.187 0.329528 4
      vertex 267.945 1.41226 4
      vertex 267.778 2.81582 4
    endloop
  endfacet
  facet normal 0 0 1
    outer loop
      vertex 268 0 4
      vertex 254.2 0 4
      vertex 267.945 -1.41226 4
    endloop
  endfacet
  facet normal 0 0 1
    outer loop
      vertex 254.148 0.657024 4
      vertex 267.778 2.81582 4
      vertex 267.503 4.20202 4
    endloop
  endfacet
  facet normal -0 0 1
    outer loop
      vertex 254.187 -0.329528 4
      vertex 267.945 -1.41226 4
      vertex 254.2 0 4
    endloop
  endfacet
  facet normal 0 0 1
    outer loop
      vertex 254.084 0.98047 4
      vertex 267.503 4.20202 4
      vertex 267.119 5.56231 4
    endloop
  endfacet
  facet normal 0 0 1
    outer loop
      vertex 267.945 -1.41226 4
      vertex 254.187 -0.329528 4
      vertex 267.778 -2.81582 4
    endloop
  endfacet
  facet normal 0 0 1
    outer loop
      vertex 253.994 1.29787 4
      vertex 267.119 5.56231 4
      vertex 266.63 6.8883 4
    endloop
  endfacet
  facet normal -0 0 1
    outer loop
      vertex 254.148 -0.657024 4
      vertex 267.778 -2.81582 4
      vertex 254.187 -0.329528 4
    endloop
  endfacet
  facet normal 0 0 1
    outer loop
      vertex 253.88 1.60727 4
      vertex 266.63 6.8883 4
      vertex 266.038 8.17183 4
    endloop
  endfacet
  facet normal 0 0 1
    outer loop
      vertex 267.778 -2.81582 4
      vertex 254.148 -0.657024 4
      vertex 267.503 -4.20202 4
    endloop
  endfacet
  facet normal 0 0 1
    outer loop
      vertex 253.742 1.90676 4
      vertex 266.038 8.17183 4
      vertex 265.348 9.40497 4
    endloop
  endfacet
  facet normal -0 0 1
    outer loop
      vertex 254.084 -0.98047 4
      vertex 267.503 -4.20202 4
      vertex 254.148 -0.657024 4
    endloop
  endfacet
  facet normal 0 0 1
    outer loop
      vertex 253.581 2.19449 4
      vertex 265.348 9.40497 4
      vertex 264.562 10.5801 4
    endloop
  endfacet
  facet normal 0 0 1
    outer loop
      vertex 267.503 -4.20202 4
      vertex 254.084 -0.98047 4
      vertex 267.119 -5.56231 4
    endloop
  endfacet
  facet normal 0 0 1
    outer loop
      vertex 253.398 2.4687 4
      vertex 264.562 10.5801 4
      vertex 263.687 11.6901 4
    endloop
  endfacet
  facet normal -0 0 1
    outer loop
      vertex 253.994 -1.29787 4
      vertex 267.119 -5.56231 4
      vertex 254.084 -0.98047 4
    endloop
  endfacet
  facet normal 0 0 1
    outer loop
      vertex 253.194 2.72768 4
      vertex 263.687 11.6901 4
      vertex 262.728 12.7279 4
    endloop
  endfacet
  facet normal 0 0 1
    outer loop
      vertex 267.119 -5.56231 4
      vertex 253.994 -1.29787 4
      vertex 266.63 -6.8883 4
    endloop
  endfacet
  facet normal 0 0 1
    outer loop
      vertex 252.97 2.96985 4
      vertex 262.728 12.7279 4
      vertex 261.69 13.6873 4
    endloop
  endfacet
  facet normal -0 0 1
    outer loop
      vertex 253.88 -1.60727 4
      vertex 266.63 -6.8883 4
      vertex 253.994 -1.29787 4
    endloop
  endfacet
  facet normal 0 0 1
    outer loop
      vertex 252.728 3.1937 4
      vertex 261.69 13.6873 4
      vertex 260.58 14.5623 4
    endloop
  endfacet
  facet normal 0 0 1
    outer loop
      vertex 266.63 -6.8883 4
      vertex 253.88 -1.60727 4
      vertex 266.038 -8.17183 4
    endloop
  endfacet
  facet normal 0 0 1
    outer loop
      vertex 252.469 3.39787 4
      vertex 260.58 14.5623 4
      vertex 259.405 15.3475 4
    endloop
  endfacet
  facet normal -0 0 1
    outer loop
      vertex 253.742 -1.90676 4
      vertex 266.038 -8.17183 4
      vertex 253.88 -1.60727 4
    endloop
  endfacet
  facet normal 0 0 1
    outer loop
      vertex 252.194 3.58109 4
      vertex 259.405 15.3475 4
      vertex 258.172 16.0381 4
    endloop
  endfacet
  facet normal 0 0 1
    outer loop
      vertex 266.038 -8.17183 4
      vertex 253.742 -1.90676 4
      vertex 265.348 -9.40497 4
    endloop
  endfacet
  facet normal 0 0 1
    outer loop
      vertex 251.907 3.74223 4
      vertex 258.172 16.0381 4
      vertex 256.888 16.6298 4
    endloop
  endfacet
  facet normal -0 0 1
    outer loop
      vertex 253.581 -2.19449 4
      vertex 265.348 -9.40497 4
      vertex 253.742 -1.90676 4
    endloop
  endfacet
  facet normal 0 0 1
    outer loop
      vertex 251.607 3.88029 4
      vertex 256.888 16.6298 4
      vertex 255.562 17.119 4
    endloop
  endfacet
  facet normal 0 0 1
    outer loop
      vertex 265.348 -9.40497 4
      vertex 253.581 -2.19449 4
      vertex 264.562 -10.5801 4
    endloop
  endfacet
  facet normal 0 0 1
    outer loop
      vertex 251.298 3.99444 4
      vertex 255.562 17.119 4
      vertex 254.202 17.5027 4
    endloop
  endfacet
  facet normal -0 0 1
    outer loop
      vertex 253.398 -2.4687 4
      vertex 264.562 -10.5801 4
      vertex 253.581 -2.19449 4
    endloop
  endfacet
  facet normal 0 0 1
    outer loop
      vertex 264.562 -10.5801 4
      vertex 253.398 -2.4687 4
      vertex 263.687 -11.6901 4
    endloop
  endfacet
  facet normal 0 0 1
    outer loop
      vertex 267.945 1.41226 4
      vertex 254.187 0.329528 4
      vertex 254.2 0 4
    endloop
  endfacet
  facet normal 0 0 1
    outer loop
      vertex 267.778 2.81582 4
      vertex 254.148 0.657024 4
      vertex 254.187 0.329528 4
    endloop
  endfacet
  facet normal 0 0 1
    outer loop
      vertex 267.503 4.20202 4
      vertex 254.084 0.98047 4
      vertex 254.148 0.657024 4
    endloop
  endfacet
  facet normal 0 0 1
    outer loop
      vertex 267.119 5.56231 4
      vertex 253.994 1.29787 4
      vertex 254.084 0.98047 4
    endloop
  endfacet
  facet normal 0 0 1
    outer loop
      vertex 266.63 6.8883 4
      vertex 253.88 1.60727 4
      vertex 253.994 1.29787 4
    endloop
  endfacet
  facet normal 0 0 1
    outer loop
      vertex 266.038 8.17183 4
      vertex 253.742 1.90676 4
      vertex 253.88 1.60727 4
    endloop
  endfacet
  facet normal 0 0 1
    outer loop
      vertex 265.348 9.40497 4
      vertex 253.581 2.19449 4
      vertex 253.742 1.90676 4
    endloop
  endfacet
  facet normal 0 0 1
    outer loop
      vertex 264.562 10.5801 4
      vertex 253.398 2.4687 4
      vertex 253.581 2.19449 4
    endloop
  endfacet
  facet normal 0 0 1
    outer loop
      vertex 263.687 11.6901 4
      vertex 253.194 2.72768 4
      vertex 253.398 2.4687 4
    endloop
  endfacet
  facet normal 0 0 1
    outer loop
      vertex 262.728 12.7279 4
      vertex 252.97 2.96985 4
      vertex 253.194 2.72768 4
    endloop
  endfacet
  facet normal 0 0 1
    outer loop
      vertex 250.98 4.08395 4
      vertex 254.202 17.5027 4
      vertex 252.816 17.7784 4
    endloop
  endfacet
  facet normal 0 0 1
    outer loop
      vertex 261.69 13.6873 4
      vertex 252.728 3.1937 4
      vertex 252.97 2.96985 4
    endloop
  endfacet
  facet normal 0 0 1
    outer loop
      vertex 260.58 14.5623 4
      vertex 252.469 3.39787 4
      vertex 252.728 3.1937 4
    endloop
  endfacet
  facet normal 0 0 1
    outer loop
      vertex 259.405 15.3475 4
      vertex 252.194 3.58109 4
      vertex 252.469 3.39787 4
    endloop
  endfacet
  facet normal 0 0 1
    outer loop
      vertex 258.172 16.0381 4
      vertex 251.907 3.74223 4
      vertex 252.194 3.58109 4
    endloop
  endfacet
  facet normal 0 0 1
    outer loop
      vertex 256.888 16.6298 4
      vertex 251.607 3.88029 4
      vertex 251.907 3.74223 4
    endloop
  endfacet
  facet normal 0 0 1
    outer loop
      vertex 250.657 4.14829 4
      vertex 252.816 17.7784 4
      vertex 251.412 17.9445 4
    endloop
  endfacet
  facet normal 0 0 1
    outer loop
      vertex 255.562 17.119 4
      vertex 251.298 3.99444 4
      vertex 251.607 3.88029 4
    endloop
  endfacet
  facet normal 0 0 1
    outer loop
      vertex 254.202 17.5027 4
      vertex 250.98 4.08395 4
      vertex 251.298 3.99444 4
    endloop
  endfacet
  facet normal 0 0 1
    outer loop
      vertex 252.816 17.7784 4
      vertex 250.657 4.14829 4
      vertex 250.98 4.08395 4
    endloop
  endfacet
  facet normal 0 0 1
    outer loop
      vertex 251.412 17.9445 4
      vertex 250.33 4.18705 4
      vertex 250.657 4.14829 4
    endloop
  endfacet
  facet normal 0 0 1
    outer loop
      vertex 250 18 4
      vertex 250.33 4.18705 4
      vertex 251.412 17.9445 4
    endloop
  endfacet
  facet normal 0 0 1
    outer loop
      vertex 250 18 4
      vertex 250 4.2 4
      vertex 250.33 4.18705 4
    endloop
  endfacet
  facet normal 0 0 1
    outer loop
      vertex 250 18 4
      vertex 249.67 4.18705 4
      vertex 250 4.2 4
    endloop
  endfacet
  facet normal -0 0 1
    outer loop
      vertex 248.588 17.9445 4
      vertex 249.67 4.18705 4
      vertex 250 18 4
    endloop
  endfacet
  facet normal 0 0 1
    outer loop
      vertex 249.67 4.18705 4
      vertex 248.588 17.9445 4
      vertex 249.343 4.14829 4
    endloop
  endfacet
  facet normal -0 0 1
    outer loop
      vertex 247.184 17.7784 4
      vertex 249.343 4.14829 4
      vertex 248.588 17.9445 4
    endloop
  endfacet
  facet normal 0 0 1
    outer loop
      vertex 249.343 4.14829 4
      vertex 247.184 17.7784 4
      vertex 249.02 4.08395 4
    endloop
  endfacet
  facet normal -0 0 1
    outer loop
      vertex 245.798 17.5027 4
      vertex 249.02 4.08395 4
      vertex 247.184 17.7784 4
    endloop
  endfacet
  facet normal 0 0 1
    outer loop
      vertex 249.02 4.08395 4
      vertex 245.798 17.5027 4
      vertex 248.702 3.99444 4
    endloop
  endfacet
  facet normal -0 0 1
    outer loop
      vertex 244.438 17.119 4
      vertex 248.702 3.99444 4
      vertex 245.798 17.5027 4
    endloop
  endfacet
  facet normal 0 0 1
    outer loop
      vertex 248.702 3.99444 4
      vertex 244.438 17.119 4
      vertex 248.393 3.88029 4
    endloop
  endfacet
  facet normal -0 0 1
    outer loop
      vertex 243.112 16.6298 4
      vertex 248.393 3.88029 4
      vertex 244.438 17.119 4
    endloop
  endfacet
  facet normal 0 0 1
    outer loop
      vertex 248.393 3.88029 4
      vertex 243.112 16.6298 4
      vertex 248.093 3.74223 4
    endloop
  endfacet
  facet normal -0 0 1
    outer loop
      vertex 241.828 16.0381 4
      vertex 248.093 3.74223 4
      vertex 243.112 16.6298 4
    endloop
  endfacet
  facet normal 0 0 1
    outer loop
      vertex 248.093 3.74223 4
      vertex 241.828 16.0381 4
      vertex 247.806 3.58109 4
    endloop
  endfacet
  facet normal -0 0 1
    outer loop
      vertex 240.595 15.3475 4
      vertex 247.806 3.58109 4
      vertex 241.828 16.0381 4
    endloop
  endfacet
  facet normal 0 0 1
    outer loop
      vertex 247.806 3.58109 4
      vertex 240.595 15.3475 4
      vertex 247.531 3.39787 4
    endloop
  endfacet
  facet normal -0 0 1
    outer loop
      vertex 239.42 14.5623 4
      vertex 247.531 3.39787 4
      vertex 240.595 15.3475 4
    endloop
  endfacet
  facet normal 0 0 1
    outer loop
      vertex 247.531 3.39787 4
      vertex 239.42 14.5623 4
      vertex 247.272 3.1937 4
    endloop
  endfacet
  facet normal -0 0 1
    outer loop
      vertex 238.31 13.6873 4
      vertex 247.272 3.1937 4
      vertex 239.42 14.5623 4
    endloop
  endfacet
  facet normal 0 0 1
    outer loop
      vertex 247.272 3.1937 4
      vertex 238.31 13.6873 4
      vertex 247.03 2.96985 4
    endloop
  endfacet
  facet normal -0 0 1
    outer loop
      vertex 237.272 12.7279 4
      vertex 247.03 2.96985 4
      vertex 238.31 13.6873 4
    endloop
  endfacet
  facet normal 0 0 1
    outer loop
      vertex 247.03 2.96985 4
      vertex 237.272 12.7279 4
      vertex 246.806 2.72768 4
    endloop
  endfacet
  facet normal 0 0 1
    outer loop
      vertex 246.806 2.72768 4
      vertex 236.313 11.6901 4
      vertex 246.602 2.4687 4
    endloop
  endfacet
  facet normal -0 0 1
    outer loop
      vertex 236.313 11.6901 4
      vertex 246.806 2.72768 4
      vertex 237.272 12.7279 4
    endloop
  endfacet
  facet normal -0 0 1
    outer loop
      vertex 253.194 -2.72768 4
      vertex 263.687 -11.6901 4
      vertex 253.398 -2.4687 4
    endloop
  endfacet
  facet normal 0 0 1
    outer loop
      vertex 263.687 -11.6901 4
      vertex 253.194 -2.72768 4
      vertex 262.728 -12.7279 4
    endloop
  endfacet
  facet normal -0 0 1
    outer loop
      vertex 252.97 -2.96985 4
      vertex 262.728 -12.7279 4
      vertex 253.194 -2.72768 4
    endloop
  endfacet
  facet normal 0 0 1
    outer loop
      vertex 262.728 -12.7279 4
      vertex 252.97 -2.96985 4
      vertex 261.69 -13.6873 4
    endloop
  endfacet
  facet normal -0 0 1
    outer loop
      vertex 252.728 -3.1937 4
      vertex 261.69 -13.6873 4
      vertex 252.97 -2.96985 4
    endloop
  endfacet
  facet normal 0 0 1
    outer loop
      vertex 261.69 -13.6873 4
      vertex 252.728 -3.1937 4
      vertex 260.58 -14.5623 4
    endloop
  endfacet
  facet normal -0 0 1
    outer loop
      vertex 252.469 -3.39787 4
      vertex 260.58 -14.5623 4
      vertex 252.728 -3.1937 4
    endloop
  endfacet
  facet normal 0 0 1
    outer loop
      vertex 260.58 -14.5623 4
      vertex 252.469 -3.39787 4
      vertex 259.405 -15.3475 4
    endloop
  endfacet
  facet normal -0 0 1
    outer loop
      vertex 252.194 -3.58109 4
      vertex 259.405 -15.3475 4
      vertex 252.469 -3.39787 4
    endloop
  endfacet
  facet normal 0 0 1
    outer loop
      vertex 259.405 -15.3475 4
      vertex 252.194 -3.58109 4
      vertex 258.172 -16.0381 4
    endloop
  endfacet
  facet normal -0 0 1
    outer loop
      vertex 251.907 -3.74223 4
      vertex 258.172 -16.0381 4
      vertex 252.194 -3.58109 4
    endloop
  endfacet
  facet normal 0 0 1
    outer loop
      vertex 258.172 -16.0381 4
      vertex 251.907 -3.74223 4
      vertex 256.888 -16.6298 4
    endloop
  endfacet
  facet normal -0 0 1
    outer loop
      vertex 251.607 -3.88029 4
      vertex 256.888 -16.6298 4
      vertex 251.907 -3.74223 4
    endloop
  endfacet
  facet normal 0 0 1
    outer loop
      vertex 256.888 -16.6298 4
      vertex 251.607 -3.88029 4
      vertex 255.562 -17.119 4
    endloop
  endfacet
  facet normal -0 0 1
    outer loop
      vertex 251.298 -3.99444 4
      vertex 255.562 -17.119 4
      vertex 251.607 -3.88029 4
    endloop
  endfacet
  facet normal 0 0 1
    outer loop
      vertex 255.562 -17.119 4
      vertex 251.298 -3.99444 4
      vertex 254.202 -17.5027 4
    endloop
  endfacet
  facet normal -0 0 1
    outer loop
      vertex 250.98 -4.08395 4
      vertex 254.202 -17.5027 4
      vertex 251.298 -3.99444 4
    endloop
  endfacet
  facet normal 0 0 1
    outer loop
      vertex 254.202 -17.5027 4
      vertex 250.98 -4.08395 4
      vertex 252.816 -17.7784 4
    endloop
  endfacet
  facet normal -0 0 1
    outer loop
      vertex 250.657 -4.14829 4
      vertex 252.816 -17.7784 4
      vertex 250.98 -4.08395 4
    endloop
  endfacet
  facet normal 0 0 1
    outer loop
      vertex 252.816 -17.7784 4
      vertex 250.657 -4.14829 4
      vertex 251.412 -17.9445 4
    endloop
  endfacet
  facet normal -0 0 1
    outer loop
      vertex 250.33 -4.18705 4
      vertex 251.412 -17.9445 4
      vertex 250.657 -4.14829 4
    endloop
  endfacet
  facet normal -0 0 1
    outer loop
      vertex 250 -4.2 4
      vertex 251.412 -17.9445 4
      vertex 250.33 -4.18705 4
    endloop
  endfacet
  facet normal 0 0 1
    outer loop
      vertex 250 -4.2 4
      vertex 250 -18 4
      vertex 251.412 -17.9445 4
    endloop
  endfacet
  facet normal 0 0 1
    outer loop
      vertex 249.67 -4.18705 4
      vertex 250 -18 4
      vertex 250 -4.2 4
    endloop
  endfacet
  facet normal 0 0 1
    outer loop
      vertex 248.588 -17.9445 4
      vertex 249.67 -4.18705 4
      vertex 249.343 -4.14829 4
    endloop
  endfacet
  facet normal 0 0 1
    outer loop
      vertex 247.184 -17.7784 4
      vertex 249.343 -4.14829 4
      vertex 249.02 -4.08395 4
    endloop
  endfacet
  facet normal 0 0 1
    outer loop
      vertex 245.798 -17.5027 4
      vertex 249.02 -4.08395 4
      vertex 248.702 -3.99444 4
    endloop
  endfacet
  facet normal 0 0 1
    outer loop
      vertex 249.67 -4.18705 4
      vertex 248.588 -17.9445 4
      vertex 250 -18 4
    endloop
  endfacet
  facet normal 0 0 1
    outer loop
      vertex 244.438 -17.119 4
      vertex 248.702 -3.99444 4
      vertex 248.393 -3.88029 4
    endloop
  endfacet
  facet normal 0 0 1
    outer loop
      vertex 243.112 -16.6298 4
      vertex 248.393 -3.88029 4
      vertex 248.093 -3.74223 4
    endloop
  endfacet
  facet normal 0 0 1
    outer loop
      vertex 241.828 -16.0381 4
      vertex 248.093 -3.74223 4
      vertex 247.806 -3.58109 4
    endloop
  endfacet
  facet normal 0 0 1
    outer loop
      vertex 240.595 -15.3475 4
      vertex 247.806 -3.58109 4
      vertex 247.531 -3.39787 4
    endloop
  endfacet
  facet normal 0 0 1
    outer loop
      vertex 239.42 -14.5623 4
      vertex 247.531 -3.39787 4
      vertex 247.272 -3.1937 4
    endloop
  endfacet
  facet normal 0 0 1
    outer loop
      vertex 249.343 -4.14829 4
      vertex 247.184 -17.7784 4
      vertex 248.588 -17.9445 4
    endloop
  endfacet
  facet normal 0 0 1
    outer loop
      vertex 238.31 -13.6873 4
      vertex 247.272 -3.1937 4
      vertex 247.03 -2.96985 4
    endloop
  endfacet
  facet normal 0 0 1
    outer loop
      vertex 237.272 -12.7279 4
      vertex 247.03 -2.96985 4
      vertex 246.806 -2.72768 4
    endloop
  endfacet
  facet normal 0 0 1
    outer loop
      vertex 236.313 -11.6901 4
      vertex 246.806 -2.72768 4
      vertex 246.602 -2.4687 4
    endloop
  endfacet
  facet normal 0 0 1
    outer loop
      vertex 235.438 -10.5801 4
      vertex 246.602 -2.4687 4
      vertex 246.419 -2.19449 4
    endloop
  endfacet
  facet normal 0 0 1
    outer loop
      vertex 234.652 -9.40497 4
      vertex 246.419 -2.19449 4
      vertex 246.258 -1.90676 4
    endloop
  endfacet
  facet normal 0 0 1
    outer loop
      vertex 233.962 -8.17183 4
      vertex 246.258 -1.90676 4
      vertex 246.12 -1.60727 4
    endloop
  endfacet
  facet normal 0 0 1
    outer loop
      vertex 233.37 -6.8883 4
      vertex 246.12 -1.60727 4
      vertex 246.006 -1.29787 4
    endloop
  endfacet
  facet normal 0 0 1
    outer loop
      vertex 232.881 -5.56231 4
      vertex 246.006 -1.29787 4
      vertex 245.916 -0.98047 4
    endloop
  endfacet
  facet normal 0 0 1
    outer loop
      vertex 232.497 -4.20202 4
      vertex 245.916 -0.98047 4
      vertex 245.852 -0.657024 4
    endloop
  endfacet
  facet normal 0 0 1
    outer loop
      vertex 232.222 -2.81582 4
      vertex 245.852 -0.657024 4
      vertex 245.813 -0.329528 4
    endloop
  endfacet
  facet normal 0 0 1
    outer loop
      vertex 249.02 -4.08395 4
      vertex 245.798 -17.5027 4
      vertex 247.184 -17.7784 4
    endloop
  endfacet
  facet normal 0 0 1
    outer loop
      vertex 232.055 -1.41226 4
      vertex 245.813 -0.329528 4
      vertex 245.8 0 4
    endloop
  endfacet
  facet normal -0 0 1
    outer loop
      vertex 235.438 10.5801 4
      vertex 246.602 2.4687 4
      vertex 236.313 11.6901 4
    endloop
  endfacet
  facet normal 0 0 1
    outer loop
      vertex 246.602 2.4687 4
      vertex 235.438 10.5801 4
      vertex 246.419 2.19449 4
    endloop
  endfacet
  facet normal 0 0 1
    outer loop
      vertex 248.702 -3.99444 4
      vertex 244.438 -17.119 4
      vertex 245.798 -17.5027 4
    endloop
  endfacet
  facet normal -0 0 1
    outer loop
      vertex 234.652 9.40497 4
      vertex 246.419 2.19449 4
      vertex 235.438 10.5801 4
    endloop
  endfacet
  facet normal 0 0 1
    outer loop
      vertex 248.393 -3.88029 4
      vertex 243.112 -16.6298 4
      vertex 244.438 -17.119 4
    endloop
  endfacet
  facet normal 0 0 1
    outer loop
      vertex 246.419 2.19449 4
      vertex 234.652 9.40497 4
      vertex 246.258 1.90676 4
    endloop
  endfacet
  facet normal 0 0 1
    outer loop
      vertex 248.093 -3.74223 4
      vertex 241.828 -16.0381 4
      vertex 243.112 -16.6298 4
    endloop
  endfacet
  facet normal -0 0 1
    outer loop
      vertex 233.962 8.17183 4
      vertex 246.258 1.90676 4
      vertex 234.652 9.40497 4
    endloop
  endfacet
  facet normal 0 0 1
    outer loop
      vertex 247.806 -3.58109 4
      vertex 240.595 -15.3475 4
      vertex 241.828 -16.0381 4
    endloop
  endfacet
  facet normal 0 0 1
    outer loop
      vertex 246.258 1.90676 4
      vertex 233.962 8.17183 4
      vertex 246.12 1.60727 4
    endloop
  endfacet
  facet normal 0 0 1
    outer loop
      vertex 247.531 -3.39787 4
      vertex 239.42 -14.5623 4
      vertex 240.595 -15.3475 4
    endloop
  endfacet
  facet normal -0 0 1
    outer loop
      vertex 233.37 6.8883 4
      vertex 246.12 1.60727 4
      vertex 233.962 8.17183 4
    endloop
  endfacet
  facet normal 0 0 1
    outer loop
      vertex 247.272 -3.1937 4
      vertex 238.31 -13.6873 4
      vertex 239.42 -14.5623 4
    endloop
  endfacet
  facet normal 0 0 1
    outer loop
      vertex 246.12 1.60727 4
      vertex 233.37 6.8883 4
      vertex 246.006 1.29787 4
    endloop
  endfacet
  facet normal 0 0 1
    outer loop
      vertex 247.03 -2.96985 4
      vertex 237.272 -12.7279 4
      vertex 238.31 -13.6873 4
    endloop
  endfacet
  facet normal -0 0 1
    outer loop
      vertex 232.881 5.56231 4
      vertex 246.006 1.29787 4
      vertex 233.37 6.8883 4
    endloop
  endfacet
  facet normal 0 0 1
    outer loop
      vertex 246.806 -2.72768 4
      vertex 236.313 -11.6901 4
      vertex 237.272 -12.7279 4
    endloop
  endfacet
  facet normal 0 0 1
    outer loop
      vertex 246.006 1.29787 4
      vertex 232.881 5.56231 4
      vertex 245.916 0.98047 4
    endloop
  endfacet
  facet normal 0 0 1
    outer loop
      vertex 246.602 -2.4687 4
      vertex 235.438 -10.5801 4
      vertex 236.313 -11.6901 4
    endloop
  endfacet
  facet normal -0 0 1
    outer loop
      vertex 232.497 4.20202 4
      vertex 245.916 0.98047 4
      vertex 232.881 5.56231 4
    endloop
  endfacet
  facet normal 0 0 1
    outer loop
      vertex 246.419 -2.19449 4
      vertex 234.652 -9.40497 4
      vertex 235.438 -10.5801 4
    endloop
  endfacet
  facet normal 0 0 1
    outer loop
      vertex 245.916 0.98047 4
      vertex 232.497 4.20202 4
      vertex 245.852 0.657024 4
    endloop
  endfacet
  facet normal 0 0 1
    outer loop
      vertex 246.258 -1.90676 4
      vertex 233.962 -8.17183 4
      vertex 234.652 -9.40497 4
    endloop
  endfacet
  facet normal -0 0 1
    outer loop
      vertex 232.222 2.81582 4
      vertex 245.852 0.657024 4
      vertex 232.497 4.20202 4
    endloop
  endfacet
  facet normal 0 0 1
    outer loop
      vertex 246.12 -1.60727 4
      vertex 233.37 -6.8883 4
      vertex 233.962 -8.17183 4
    endloop
  endfacet
  facet normal 0 0 1
    outer loop
      vertex 245.852 0.657024 4
      vertex 232.222 2.81582 4
      vertex 245.813 0.329528 4
    endloop
  endfacet
  facet normal 0 0 1
    outer loop
      vertex 246.006 -1.29787 4
      vertex 232.881 -5.56231 4
      vertex 233.37 -6.8883 4
    endloop
  endfacet
  facet normal -0 0 1
    outer loop
      vertex 232.055 1.41226 4
      vertex 245.813 0.329528 4
      vertex 232.222 2.81582 4
    endloop
  endfacet
  facet normal 0 0 1
    outer loop
      vertex 245.916 -0.98047 4
      vertex 232.497 -4.20202 4
      vertex 232.881 -5.56231 4
    endloop
  endfacet
  facet normal 0 0 1
    outer loop
      vertex 245.813 0.329528 4
      vertex 232.055 1.41226 4
      vertex 245.8 0 4
    endloop
  endfacet
  facet normal 0 0 1
    outer loop
      vertex 245.852 -0.657024 4
      vertex 232.222 -2.81582 4
      vertex 232.497 -4.20202 4
    endloop
  endfacet
  facet normal 0 0 1
    outer loop
      vertex 232 0 4
      vertex 245.8 0 4
      vertex 232.055 1.41226 4
    endloop
  endfacet
  facet normal 0 0 1
    outer loop
      vertex 245.813 -0.329528 4
      vertex 232.055 -1.41226 4
      vertex 232.222 -2.81582 4
    endloop
  endfacet
  facet normal 0 0 1
    outer loop
      vertex 245.8 0 4
      vertex 232 0 4
      vertex 232.055 -1.41226 4
    endloop
  endfacet
  facet normal 0.0392756 -0.999228 0
    outer loop
      vertex 250 -18 -4
      vertex 251.412 -17.9445 4
      vertex 250 -18 4
    endloop
  endfacet
  facet normal 0.0392756 -0.999228 0
    outer loop
      vertex 251.412 -17.9445 4
      vertex 250 -18 -4
      vertex 251.412 -17.9445 -4
    endloop
  endfacet
  facet normal -0.938233 -0.346003 0
    outer loop
      vertex 233.37 -6.8883 -4
      vertex 232.881 -5.56231 4
      vertex 232.881 -5.56231 -4
    endloop
  endfacet
  facet normal -0.938233 -0.346003 0
    outer loop
      vertex 232.881 -5.56231 4
      vertex 233.37 -6.8883 -4
      vertex 233.37 -6.8883 4
    endloop
  endfacet
  facet normal 0.346125 -0.938188 0
    outer loop
      vertex 255.562 -17.119 -4
      vertex 256.888 -16.6298 4
      vertex 255.562 -17.119 4
    endloop
  endfacet
  facet normal 0.346125 -0.938188 0
    outer loop
      vertex 256.888 -16.6298 4
      vertex 255.562 -17.119 -4
      vertex 256.888 -16.6298 -4
    endloop
  endfacet
  facet normal -0.117486 0.993075 0
    outer loop
      vertex 248.588 17.9445 -4
      vertex 247.184 17.7784 4
      vertex 248.588 17.9445 4
    endloop
  endfacet
  facet normal -0.117486 0.993075 0
    outer loop
      vertex 247.184 17.7784 4
      vertex 248.588 17.9445 -4
      vertex 247.184 17.7784 -4
    endloop
  endfacet
  facet normal -0.785335 0.619071 0
    outer loop
      vertex 235.438 10.5801 -4
      vertex 236.313 11.6901 4
      vertex 236.313 11.6901 -4
    endloop
  endfacet
  facet normal -0.785335 0.619071 0
    outer loop
      vertex 236.313 11.6901 4
      vertex 235.438 10.5801 -4
      vertex 235.438 10.5801 4
    endloop
  endfacet
  facet normal -0.831207 -0.555963 0
    outer loop
      vertex 235.438 -10.5801 -4
      vertex 234.652 -9.40497 4
      vertex 234.652 -9.40497 -4
    endloop
  endfacet
  facet normal -0.831207 -0.555963 0
    outer loop
      vertex 234.652 -9.40497 4
      vertex 235.438 -10.5801 -4
      vertex 235.438 -10.5801 4
    endloop
  endfacet
  facet normal 0.678756 -0.734364 0
    outer loop
      vertex 261.69 -13.6873 -4
      vertex 262.728 -12.7279 4
      vertex 261.69 -13.6873 4
    endloop
  endfacet
  facet normal 0.678756 -0.734364 0
    outer loop
      vertex 262.728 -12.7279 4
      vertex 261.69 -13.6873 -4
      vertex 262.728 -12.7279 -4
    endloop
  endfacet
  facet normal -0.73444 -0.678674 0
    outer loop
      vertex 237.272 -12.7279 -4
      vertex 236.313 -11.6901 4
      vertex 236.313 -11.6901 -4
    endloop
  endfacet
  facet normal -0.73444 -0.678674 0
    outer loop
      vertex 236.313 -11.6901 4
      vertex 237.272 -12.7279 -4
      vertex 237.272 -12.7279 4
    endloop
  endfacet
  facet normal -0.980884 0.194592 0
    outer loop
      vertex 232.222 2.81582 -4
      vertex 232.497 4.20202 4
      vertex 232.497 4.20202 -4
    endloop
  endfacet
  facet normal -0.980884 0.194592 0
    outer loop
      vertex 232.497 4.20202 4
      vertex 232.222 2.81582 -4
      vertex 232.222 2.81582 4
    endloop
  endfacet
  facet normal 0.619071 0.785335 -0
    outer loop
      vertex 261.69 13.6873 -4
      vertex 260.58 14.5623 4
      vertex 261.69 13.6873 4
    endloop
  endfacet
  facet normal 0.619071 0.785335 0
    outer loop
      vertex 260.58 14.5623 4
      vertex 261.69 13.6873 -4
      vertex 260.58 14.5623 -4
    endloop
  endfacet
  facet normal -0.872674 0.488303 0
    outer loop
      vertex 233.962 8.17183 -4
      vertex 234.652 9.40497 4
      vertex 234.652 9.40497 -4
    endloop
  endfacet
  facet normal -0.872674 0.488303 0
    outer loop
      vertex 234.652 9.40497 4
      vertex 233.962 8.17183 -4
      vertex 233.962 8.17183 4
    endloop
  endfacet
  facet normal 0.555614 -0.83144 0
    outer loop
      vertex 259.405 -15.3475 -4
      vertex 260.58 -14.5623 4
      vertex 259.405 -15.3475 4
    endloop
  endfacet
  facet normal 0.555614 -0.83144 0
    outer loop
      vertex 260.58 -14.5623 4
      vertex 259.405 -15.3475 -4
      vertex 260.58 -14.5623 -4
    endloop
  endfacet
  facet normal 0.962389 -0.271675 0
    outer loop
      vertex 267.119 -5.56231 4
      vertex 267.503 -4.20202 -4
      vertex 267.503 -4.20202 4
    endloop
  endfacet
  facet normal 0.962389 -0.271675 0
    outer loop
      vertex 267.503 -4.20202 -4
      vertex 267.119 -5.56231 4
      vertex 267.119 -5.56231 -4
    endloop
  endfacet
  facet normal -0.418524 -0.908206 0
    outer loop
      vertex 241.828 -16.0381 -4
      vertex 243.112 -16.6298 4
      vertex 241.828 -16.0381 4
    endloop
  endfacet
  facet normal -0.418524 -0.908206 -0
    outer loop
      vertex 243.112 -16.6298 4
      vertex 241.828 -16.0381 -4
      vertex 243.112 -16.6298 -4
    endloop
  endfacet
  facet normal -0.831207 0.555963 0
    outer loop
      vertex 234.652 9.40497 -4
      vertex 235.438 10.5801 4
      vertex 235.438 10.5801 -4
    endloop
  endfacet
  facet normal -0.831207 0.555963 0
    outer loop
      vertex 235.438 10.5801 4
      vertex 234.652 9.40497 -4
      vertex 234.652 9.40497 4
    endloop
  endfacet
  facet normal 0.488668 -0.87247 0
    outer loop
      vertex 258.172 -16.0381 -4
      vertex 259.405 -15.3475 4
      vertex 258.172 -16.0381 4
    endloop
  endfacet
  facet normal 0.488668 -0.87247 0
    outer loop
      vertex 259.405 -15.3475 4
      vertex 258.172 -16.0381 -4
      vertex 259.405 -15.3475 -4
    endloop
  endfacet
  facet normal -0.195095 -0.980784 0
    outer loop
      vertex 245.798 -17.5027 -4
      vertex 247.184 -17.7784 4
      vertex 245.798 -17.5027 4
    endloop
  endfacet
  facet normal -0.195095 -0.980784 -0
    outer loop
      vertex 247.184 -17.7784 4
      vertex 245.798 -17.5027 -4
      vertex 247.184 -17.7784 -4
    endloop
  endfacet
  facet normal 0.872674 -0.488303 0
    outer loop
      vertex 265.348 -9.40497 4
      vertex 266.038 -8.17183 -4
      vertex 266.038 -8.17183 4
    endloop
  endfacet
  facet normal 0.872674 -0.488303 0
    outer loop
      vertex 266.038 -8.17183 -4
      vertex 265.348 -9.40497 4
      vertex 265.348 -9.40497 -4
    endloop
  endfacet
  facet normal -0.488668 -0.87247 0
    outer loop
      vertex 240.595 -15.3475 -4
      vertex 241.828 -16.0381 4
      vertex 240.595 -15.3475 4
    endloop
  endfacet
  facet normal -0.488668 -0.87247 -0
    outer loop
      vertex 241.828 -16.0381 4
      vertex 240.595 -15.3475 -4
      vertex 241.828 -16.0381 -4
    endloop
  endfacet
  facet normal 0.0392756 0.999228 -0
    outer loop
      vertex 251.412 17.9445 -4
      vertex 250 18 4
      vertex 251.412 17.9445 4
    endloop
  endfacet
  facet normal 0.0392756 0.999228 0
    outer loop
      vertex 250 18 4
      vertex 251.412 17.9445 -4
      vertex 250 18 -4
    endloop
  endfacet
  facet normal -0.962389 -0.271675 0
    outer loop
      vertex 232.881 -5.56231 -4
      vertex 232.497 -4.20202 4
      vertex 232.497 -4.20202 -4
    endloop
  endfacet
  facet normal -0.962389 -0.271675 0
    outer loop
      vertex 232.497 -4.20202 4
      vertex 232.881 -5.56231 -4
      vertex 232.881 -5.56231 4
    endloop
  endfacet
  facet normal -0.872674 -0.488303 0
    outer loop
      vertex 234.652 -9.40497 -4
      vertex 233.962 -8.17183 4
      vertex 233.962 -8.17183 -4
    endloop
  endfacet
  facet normal -0.872674 -0.488303 0
    outer loop
      vertex 233.962 -8.17183 4
      vertex 234.652 -9.40497 -4
      vertex 234.652 -9.40497 4
    endloop
  endfacet
  facet normal -0.999243 0.0389152 0
    outer loop
      vertex 232 0 -4
      vertex 232.055 1.41226 4
      vertex 232.055 1.41226 -4
    endloop
  endfacet
  facet normal -0.999243 0.0389152 0
    outer loop
      vertex 232.055 1.41226 4
      vertex 232 0 -4
      vertex 232 0 4
    endloop
  endfacet
  facet normal -0.619071 -0.785335 0
    outer loop
      vertex 238.31 -13.6873 -4
      vertex 239.42 -14.5623 4
      vertex 238.31 -13.6873 4
    endloop
  endfacet
  facet normal -0.619071 -0.785335 -0
    outer loop
      vertex 239.42 -14.5623 4
      vertex 238.31 -13.6873 -4
      vertex 239.42 -14.5623 -4
    endloop
  endfacet
  facet normal 0 0 -1
    outer loop
      vertex 254.2 0 -4
      vertex 268 0 -4
      vertex 267.945 -1.41226 -4
    endloop
  endfacet
  facet normal 0 0 -1
    outer loop
      vertex 254.187 -0.329528 -4
      vertex 267.945 -1.41226 -4
      vertex 267.778 -2.81582 -4
    endloop
  endfacet
  facet normal 0 0 -1
    outer loop
      vertex 268 0 -4
      vertex 254.2 0 -4
      vertex 267.945 1.41226 -4
    endloop
  endfacet
  facet normal 0 0 -1
    outer loop
      vertex 254.148 -0.657024 -4
      vertex 267.778 -2.81582 -4
      vertex 267.503 -4.20202 -4
    endloop
  endfacet
  facet normal 0 0 -1
    outer loop
      vertex 254.187 0.329528 -4
      vertex 267.945 1.41226 -4
      vertex 254.2 0 -4
    endloop
  endfacet
  facet normal 0 0 -1
    outer loop
      vertex 254.084 -0.98047 -4
      vertex 267.503 -4.20202 -4
      vertex 267.119 -5.56231 -4
    endloop
  endfacet
  facet normal -0 0 -1
    outer loop
      vertex 267.945 1.41226 -4
      vertex 254.187 0.329528 -4
      vertex 267.778 2.81582 -4
    endloop
  endfacet
  facet normal 0 0 -1
    outer loop
      vertex 253.994 -1.29787 -4
      vertex 267.119 -5.56231 -4
      vertex 266.63 -6.8883 -4
    endloop
  endfacet
  facet normal 0 0 -1
    outer loop
      vertex 254.148 0.657024 -4
      vertex 267.778 2.81582 -4
      vertex 254.187 0.329528 -4
    endloop
  endfacet
  facet normal 0 0 -1
    outer loop
      vertex 253.88 -1.60727 -4
      vertex 266.63 -6.8883 -4
      vertex 266.038 -8.17183 -4
    endloop
  endfacet
  facet normal -0 0 -1
    outer loop
      vertex 267.778 2.81582 -4
      vertex 254.148 0.657024 -4
      vertex 267.503 4.20202 -4
    endloop
  endfacet
  facet normal 0 0 -1
    outer loop
      vertex 253.742 -1.90676 -4
      vertex 266.038 -8.17183 -4
      vertex 265.348 -9.40497 -4
    endloop
  endfacet
  facet normal 0 0 -1
    outer loop
      vertex 254.084 0.98047 -4
      vertex 267.503 4.20202 -4
      vertex 254.148 0.657024 -4
    endloop
  endfacet
  facet normal 0 0 -1
    outer loop
      vertex 253.581 -2.19449 -4
      vertex 265.348 -9.40497 -4
      vertex 264.562 -10.5801 -4
    endloop
  endfacet
  facet normal -0 0 -1
    outer loop
      vertex 267.503 4.20202 -4
      vertex 254.084 0.98047 -4
      vertex 267.119 5.56231 -4
    endloop
  endfacet
  facet normal 0 0 -1
    outer loop
      vertex 253.398 -2.4687 -4
      vertex 264.562 -10.5801 -4
      vertex 263.687 -11.6901 -4
    endloop
  endfacet
  facet normal 0 0 -1
    outer loop
      vertex 253.994 1.29787 -4
      vertex 267.119 5.56231 -4
      vertex 254.084 0.98047 -4
    endloop
  endfacet
  facet normal 0 0 -1
    outer loop
      vertex 253.194 -2.72768 -4
      vertex 263.687 -11.6901 -4
      vertex 262.728 -12.7279 -4
    endloop
  endfacet
  facet normal -0 0 -1
    outer loop
      vertex 267.119 5.56231 -4
      vertex 253.994 1.29787 -4
      vertex 266.63 6.8883 -4
    endloop
  endfacet
  facet normal 0 0 -1
    outer loop
      vertex 252.97 -2.96985 -4
      vertex 262.728 -12.7279 -4
      vertex 261.69 -13.6873 -4
    endloop
  endfacet
  facet normal 0 0 -1
    outer loop
      vertex 253.88 1.60727 -4
      vertex 266.63 6.8883 -4
      vertex 253.994 1.29787 -4
    endloop
  endfacet
  facet normal 0 0 -1
    outer loop
      vertex 252.728 -3.1937 -4
      vertex 261.69 -13.6873 -4
      vertex 260.58 -14.5623 -4
    endloop
  endfacet
  facet normal -0 0 -1
    outer loop
      vertex 266.63 6.8883 -4
      vertex 253.88 1.60727 -4
      vertex 266.038 8.17183 -4
    endloop
  endfacet
  facet normal 0 0 -1
    outer loop
      vertex 252.469 -3.39787 -4
      vertex 260.58 -14.5623 -4
      vertex 259.405 -15.3475 -4
    endloop
  endfacet
  facet normal 0 0 -1
    outer loop
      vertex 253.742 1.90676 -4
      vertex 266.038 8.17183 -4
      vertex 253.88 1.60727 -4
    endloop
  endfacet
  facet normal 0 0 -1
    outer loop
      vertex 252.194 -3.58109 -4
      vertex 259.405 -15.3475 -4
      vertex 258.172 -16.0381 -4
    endloop
  endfacet
  facet normal -0 0 -1
    outer loop
      vertex 266.038 8.17183 -4
      vertex 253.742 1.90676 -4
      vertex 265.348 9.40497 -4
    endloop
  endfacet
  facet normal 0 0 -1
    outer loop
      vertex 251.907 -3.74223 -4
      vertex 258.172 -16.0381 -4
      vertex 256.888 -16.6298 -4
    endloop
  endfacet
  facet normal 0 0 -1
    outer loop
      vertex 253.581 2.19449 -4
      vertex 265.348 9.40497 -4
      vertex 253.742 1.90676 -4
    endloop
  endfacet
  facet normal 0 0 -1
    outer loop
      vertex 251.607 -3.88029 -4
      vertex 256.888 -16.6298 -4
      vertex 255.562 -17.119 -4
    endloop
  endfacet
  facet normal -0 0 -1
    outer loop
      vertex 265.348 9.40497 -4
      vertex 253.581 2.19449 -4
      vertex 264.562 10.5801 -4
    endloop
  endfacet
  facet normal 0 0 -1
    outer loop
      vertex 251.298 -3.99444 -4
      vertex 255.562 -17.119 -4
      vertex 254.202 -17.5027 -4
    endloop
  endfacet
  facet normal 0 0 -1
    outer loop
      vertex 253.398 2.4687 -4
      vertex 264.562 10.5801 -4
      vertex 253.581 2.19449 -4
    endloop
  endfacet
  facet normal -0 0 -1
    outer loop
      vertex 264.562 10.5801 -4
      vertex 253.398 2.4687 -4
      vertex 263.687 11.6901 -4
    endloop
  endfacet
  facet normal 0 0 -1
    outer loop
      vertex 267.945 -1.41226 -4
      vertex 254.187 -0.329528 -4
      vertex 254.2 0 -4
    endloop
  endfacet
  facet normal 0 0 -1
    outer loop
      vertex 267.778 -2.81582 -4
      vertex 254.148 -0.657024 -4
      vertex 254.187 -0.329528 -4
    endloop
  endfacet
  facet normal 0 0 -1
    outer loop
      vertex 267.503 -4.20202 -4
      vertex 254.084 -0.98047 -4
      vertex 254.148 -0.657024 -4
    endloop
  endfacet
  facet normal 0 0 -1
    outer loop
      vertex 267.119 -5.56231 -4
      vertex 253.994 -1.29787 -4
      vertex 254.084 -0.98047 -4
    endloop
  endfacet
  facet normal 0 0 -1
    outer loop
      vertex 266.63 -6.8883 -4
      vertex 253.88 -1.60727 -4
      vertex 253.994 -1.29787 -4
    endloop
  endfacet
  facet normal 0 0 -1
    outer loop
      vertex 266.038 -8.17183 -4
      vertex 253.742 -1.90676 -4
      vertex 253.88 -1.60727 -4
    endloop
  endfacet
  facet normal 0 0 -1
    outer loop
      vertex 265.348 -9.40497 -4
      vertex 253.581 -2.19449 -4
      vertex 253.742 -1.90676 -4
    endloop
  endfacet
  facet normal 0 0 -1
    outer loop
      vertex 264.562 -10.5801 -4
      vertex 253.398 -2.4687 -4
      vertex 253.581 -2.19449 -4
    endloop
  endfacet
  facet normal 0 0 -1
    outer loop
      vertex 263.687 -11.6901 -4
      vertex 253.194 -2.72768 -4
      vertex 253.398 -2.4687 -4
    endloop
  endfacet
  facet normal 0 0 -1
    outer loop
      vertex 262.728 -12.7279 -4
      vertex 252.97 -2.96985 -4
      vertex 253.194 -2.72768 -4
    endloop
  endfacet
  facet normal 0 0 -1
    outer loop
      vertex 250.98 -4.08395 -4
      vertex 254.202 -17.5027 -4
      vertex 252.816 -17.7784 -4
    endloop
  endfacet
  facet normal 0 0 -1
    outer loop
      vertex 261.69 -13.6873 -4
      vertex 252.728 -3.1937 -4
      vertex 252.97 -2.96985 -4
    endloop
  endfacet
  facet normal 0 0 -1
    outer loop
      vertex 260.58 -14.5623 -4
      vertex 252.469 -3.39787 -4
      vertex 252.728 -3.1937 -4
    endloop
  endfacet
  facet normal 0 0 -1
    outer loop
      vertex 259.405 -15.3475 -4
      vertex 252.194 -3.58109 -4
      vertex 252.469 -3.39787 -4
    endloop
  endfacet
  facet normal 0 0 -1
    outer loop
      vertex 258.172 -16.0381 -4
      vertex 251.907 -3.74223 -4
      vertex 252.194 -3.58109 -4
    endloop
  endfacet
  facet normal 0 0 -1
    outer loop
      vertex 256.888 -16.6298 -4
      vertex 251.607 -3.88029 -4
      vertex 251.907 -3.74223 -4
    endloop
  endfacet
  facet normal 0 0 -1
    outer loop
      vertex 250.657 -4.14829 -4
      vertex 252.816 -17.7784 -4
      vertex 251.412 -17.9445 -4
    endloop
  endfacet
  facet normal 0 0 -1
    outer loop
      vertex 255.562 -17.119 -4
      vertex 251.298 -3.99444 -4
      vertex 251.607 -3.88029 -4
    endloop
  endfacet
  facet normal 0 0 -1
    outer loop
      vertex 254.202 -17.5027 -4
      vertex 250.98 -4.08395 -4
      vertex 251.298 -3.99444 -4
    endloop
  endfacet
  facet normal 0 0 -1
    outer loop
      vertex 252.816 -17.7784 -4
      vertex 250.657 -4.14829 -4
      vertex 250.98 -4.08395 -4
    endloop
  endfacet
  facet normal 0 0 -1
    outer loop
      vertex 251.412 -17.9445 -4
      vertex 250.33 -4.18705 -4
      vertex 250.657 -4.14829 -4
    endloop
  endfacet
  facet normal 0 0 -1
    outer loop
      vertex 250 -18 -4
      vertex 250.33 -4.18705 -4
      vertex 251.412 -17.9445 -4
    endloop
  endfacet
  facet normal 0 0 -1
    outer loop
      vertex 250 -18 -4
      vertex 250 -4.2 -4
      vertex 250.33 -4.18705 -4
    endloop
  endfacet
  facet normal 0 0 -1
    outer loop
      vertex 250 -18 -4
      vertex 249.67 -4.18705 -4
      vertex 250 -4.2 -4
    endloop
  endfacet
  facet normal 0 0 -1
    outer loop
      vertex 248.588 -17.9445 -4
      vertex 249.67 -4.18705 -4
      vertex 250 -18 -4
    endloop
  endfacet
  facet normal -0 0 -1
    outer loop
      vertex 249.67 -4.18705 -4
      vertex 248.588 -17.9445 -4
      vertex 249.343 -4.14829 -4
    endloop
  endfacet
  facet normal 0 0 -1
    outer loop
      vertex 247.184 -17.7784 -4
      vertex 249.343 -4.14829 -4
      vertex 248.588 -17.9445 -4
    endloop
  endfacet
  facet normal -0 0 -1
    outer loop
      vertex 249.343 -4.14829 -4
      vertex 247.184 -17.7784 -4
      vertex 249.02 -4.08395 -4
    endloop
  endfacet
  facet normal 0 0 -1
    outer loop
      vertex 245.798 -17.5027 -4
      vertex 249.02 -4.08395 -4
      vertex 247.184 -17.7784 -4
    endloop
  endfacet
  facet normal -0 0 -1
    outer loop
      vertex 249.02 -4.08395 -4
      vertex 245.798 -17.5027 -4
      vertex 248.702 -3.99444 -4
    endloop
  endfacet
  facet normal 0 0 -1
    outer loop
      vertex 244.438 -17.119 -4
      vertex 248.702 -3.99444 -4
      vertex 245.798 -17.5027 -4
    endloop
  endfacet
  facet normal -0 0 -1
    outer loop
      vertex 248.702 -3.99444 -4
      vertex 244.438 -17.119 -4
      vertex 248.393 -3.88029 -4
    endloop
  endfacet
  facet normal 0 0 -1
    outer loop
      vertex 243.112 -16.6298 -4
      vertex 248.393 -3.88029 -4
      vertex 244.438 -17.119 -4
    endloop
  endfacet
  facet normal -0 0 -1
    outer loop
      vertex 248.393 -3.88029 -4
      vertex 243.112 -16.6298 -4
      vertex 248.093 -3.74223 -4
    endloop
  endfacet
  facet normal 0 0 -1
    outer loop
      vertex 241.828 -16.0381 -4
      vertex 248.093 -3.74223 -4
      vertex 243.112 -16.6298 -4
    endloop
  endfacet
  facet normal -0 0 -1
    outer loop
      vertex 248.093 -3.74223 -4
      vertex 241.828 -16.0381 -4
      vertex 247.806 -3.58109 -4
    endloop
  endfacet
  facet normal 0 0 -1
    outer loop
      vertex 240.595 -15.3475 -4
      vertex 247.806 -3.58109 -4
      vertex 241.828 -16.0381 -4
    endloop
  endfacet
  facet normal -0 0 -1
    outer loop
      vertex 247.806 -3.58109 -4
      vertex 240.595 -15.3475 -4
      vertex 247.531 -3.39787 -4
    endloop
  endfacet
  facet normal 0 0 -1
    outer loop
      vertex 239.42 -14.5623 -4
      vertex 247.531 -3.39787 -4
      vertex 240.595 -15.3475 -4
    endloop
  endfacet
  facet normal -0 0 -1
    outer loop
      vertex 247.531 -3.39787 -4
      vertex 239.42 -14.5623 -4
      vertex 247.272 -3.1937 -4
    endloop
  endfacet
  facet normal 0 0 -1
    outer loop
      vertex 238.31 -13.6873 -4
      vertex 247.272 -3.1937 -4
      vertex 239.42 -14.5623 -4
    endloop
  endfacet
  facet normal -0 0 -1
    outer loop
      vertex 247.272 -3.1937 -4
      vertex 238.31 -13.6873 -4
      vertex 247.03 -2.96985 -4
    endloop
  endfacet
  facet normal 0 0 -1
    outer loop
      vertex 237.272 -12.7279 -4
      vertex 247.03 -2.96985 -4
      vertex 238.31 -13.6873 -4
    endloop
  endfacet
  facet normal -0 0 -1
    outer loop
      vertex 247.03 -2.96985 -4
      vertex 237.272 -12.7279 -4
      vertex 246.806 -2.72768 -4
    endloop
  endfacet
  facet normal -0 0 -1
    outer loop
      vertex 246.806 -2.72768 -4
      vertex 236.313 -11.6901 -4
      vertex 246.602 -2.4687 -4
    endloop
  endfacet
  facet normal 0 0 -1
    outer loop
      vertex 236.313 -11.6901 -4
      vertex 246.806 -2.72768 -4
      vertex 237.272 -12.7279 -4
    endloop
  endfacet
  facet normal 0 0 -1
    outer loop
      vertex 253.194 2.72768 -4
      vertex 263.687 11.6901 -4
      vertex 253.398 2.4687 -4
    endloop
  endfacet
  facet normal -0 0 -1
    outer loop
      vertex 263.687 11.6901 -4
      vertex 253.194 2.72768 -4
      vertex 262.728 12.7279 -4
    endloop
  endfacet
  facet normal 0 0 -1
    outer loop
      vertex 252.97 2.96985 -4
      vertex 262.728 12.7279 -4
      vertex 253.194 2.72768 -4
    endloop
  endfacet
  facet normal -0 0 -1
    outer loop
      vertex 262.728 12.7279 -4
      vertex 252.97 2.96985 -4
      vertex 261.69 13.6873 -4
    endloop
  endfacet
  facet normal 0 0 -1
    outer loop
      vertex 252.728 3.1937 -4
      vertex 261.69 13.6873 -4
      vertex 252.97 2.96985 -4
    endloop
  endfacet
  facet normal -0 0 -1
    outer loop
      vertex 261.69 13.6873 -4
      vertex 252.728 3.1937 -4
      vertex 260.58 14.5623 -4
    endloop
  endfacet
  facet normal 0 0 -1
    outer loop
      vertex 252.469 3.39787 -4
      vertex 260.58 14.5623 -4
      vertex 252.728 3.1937 -4
    endloop
  endfacet
  facet normal -0 0 -1
    outer loop
      vertex 260.58 14.5623 -4
      vertex 252.469 3.39787 -4
      vertex 259.405 15.3475 -4
    endloop
  endfacet
  facet normal 0 0 -1
    outer loop
      vertex 252.194 3.58109 -4
      vertex 259.405 15.3475 -4
      vertex 252.469 3.39787 -4
    endloop
  endfacet
  facet normal -0 0 -1
    outer loop
      vertex 259.405 15.3475 -4
      vertex 252.194 3.58109 -4
      vertex 258.172 16.0381 -4
    endloop
  endfacet
  facet normal 0 0 -1
    outer loop
      vertex 251.907 3.74223 -4
      vertex 258.172 16.0381 -4
      vertex 252.194 3.58109 -4
    endloop
  endfacet
  facet normal -0 0 -1
    outer loop
      vertex 258.172 16.0381 -4
      vertex 251.907 3.74223 -4
      vertex 256.888 16.6298 -4
    endloop
  endfacet
  facet normal 0 0 -1
    outer loop
      vertex 251.607 3.88029 -4
      vertex 256.888 16.6298 -4
      vertex 251.907 3.74223 -4
    endloop
  endfacet
  facet normal -0 0 -1
    outer loop
      vertex 256.888 16.6298 -4
      vertex 251.607 3.88029 -4
      vertex 255.562 17.119 -4
    endloop
  endfacet
  facet normal 0 0 -1
    outer loop
      vertex 251.298 3.99444 -4
      vertex 255.562 17.119 -4
      vertex 251.607 3.88029 -4
    endloop
  endfacet
  facet normal -0 0 -1
    outer loop
      vertex 255.562 17.119 -4
      vertex 251.298 3.99444 -4
      vertex 254.202 17.5027 -4
    endloop
  endfacet
  facet normal 0 0 -1
    outer loop
      vertex 250.98 4.08395 -4
      vertex 254.202 17.5027 -4
      vertex 251.298 3.99444 -4
    endloop
  endfacet
  facet normal -0 0 -1
    outer loop
      vertex 254.202 17.5027 -4
      vertex 250.98 4.08395 -4
      vertex 252.816 17.7784 -4
    endloop
  endfacet
  facet normal 0 0 -1
    outer loop
      vertex 250.657 4.14829 -4
      vertex 252.816 17.7784 -4
      vertex 250.98 4.08395 -4
    endloop
  endfacet
  facet normal -0 0 -1
    outer loop
      vertex 252.816 17.7784 -4
      vertex 250.657 4.14829 -4
      vertex 251.412 17.9445 -4
    endloop
  endfacet
  facet normal 0 0 -1
    outer loop
      vertex 250.33 4.18705 -4
      vertex 251.412 17.9445 -4
      vertex 250.657 4.14829 -4
    endloop
  endfacet
  facet normal 0 0 -1
    outer loop
      vertex 250 4.2 -4
      vertex 251.412 17.9445 -4
      vertex 250.33 4.18705 -4
    endloop
  endfacet
  facet normal 0 0 -1
    outer loop
      vertex 250 4.2 -4
      vertex 250 18 -4
      vertex 251.412 17.9445 -4
    endloop
  endfacet
  facet normal 0 0 -1
    outer loop
      vertex 249.67 4.18705 -4
      vertex 250 18 -4
      vertex 250 4.2 -4
    endloop
  endfacet
  facet normal 0 0 -1
    outer loop
      vertex 248.588 17.9445 -4
      vertex 249.67 4.18705 -4
      vertex 249.343 4.14829 -4
    endloop
  endfacet
  facet normal 0 0 -1
    outer loop
      vertex 247.184 17.7784 -4
      vertex 249.343 4.14829 -4
      vertex 249.02 4.08395 -4
    endloop
  endfacet
  facet normal 0 0 -1
    outer loop
      vertex 245.798 17.5027 -4
      vertex 249.02 4.08395 -4
      vertex 248.702 3.99444 -4
    endloop
  endfacet
  facet normal 0 0 -1
    outer loop
      vertex 249.67 4.18705 -4
      vertex 248.588 17.9445 -4
      vertex 250 18 -4
    endloop
  endfacet
  facet normal 0 0 -1
    outer loop
      vertex 244.438 17.119 -4
      vertex 248.702 3.99444 -4
      vertex 248.393 3.88029 -4
    endloop
  endfacet
  facet normal 0 0 -1
    outer loop
      vertex 243.112 16.6298 -4
      vertex 248.393 3.88029 -4
      vertex 248.093 3.74223 -4
    endloop
  endfacet
  facet normal 0 0 -1
    outer loop
      vertex 241.828 16.0381 -4
      vertex 248.093 3.74223 -4
      vertex 247.806 3.58109 -4
    endloop
  endfacet
  facet normal 0 0 -1
    outer loop
      vertex 240.595 15.3475 -4
      vertex 247.806 3.58109 -4
      vertex 247.531 3.39787 -4
    endloop
  endfacet
  facet normal 0 0 -1
    outer loop
      vertex 239.42 14.5623 -4
      vertex 247.531 3.39787 -4
      vertex 247.272 3.1937 -4
    endloop
  endfacet
  facet normal 0 0 -1
    outer loop
      vertex 249.343 4.14829 -4
      vertex 247.184 17.7784 -4
      vertex 248.588 17.9445 -4
    endloop
  endfacet
  facet normal 0 0 -1
    outer loop
      vertex 238.31 13.6873 -4
      vertex 247.272 3.1937 -4
      vertex 247.03 2.96985 -4
    endloop
  endfacet
  facet normal 0 0 -1
    outer loop
      vertex 237.272 12.7279 -4
      vertex 247.03 2.96985 -4
      vertex 246.806 2.72768 -4
    endloop
  endfacet
  facet normal 0 0 -1
    outer loop
      vertex 236.313 11.6901 -4
      vertex 246.806 2.72768 -4
      vertex 246.602 2.4687 -4
    endloop
  endfacet
  facet normal 0 0 -1
    outer loop
      vertex 235.438 10.5801 -4
      vertex 246.602 2.4687 -4
      vertex 246.419 2.19449 -4
    endloop
  endfacet
  facet normal 0 0 -1
    outer loop
      vertex 234.652 9.40497 -4
      vertex 246.419 2.19449 -4
      vertex 246.258 1.90676 -4
    endloop
  endfacet
  facet normal 0 0 -1
    outer loop
      vertex 233.962 8.17183 -4
      vertex 246.258 1.90676 -4
      vertex 246.12 1.60727 -4
    endloop
  endfacet
  facet normal 0 0 -1
    outer loop
      vertex 233.37 6.8883 -4
      vertex 246.12 1.60727 -4
      vertex 246.006 1.29787 -4
    endloop
  endfacet
  facet normal 0 0 -1
    outer loop
      vertex 232.881 5.56231 -4
      vertex 246.006 1.29787 -4
      vertex 245.916 0.98047 -4
    endloop
  endfacet
  facet normal 0 0 -1
    outer loop
      vertex 232.497 4.20202 -4
      vertex 245.916 0.98047 -4
      vertex 245.852 0.657024 -4
    endloop
  endfacet
  facet normal 0 0 -1
    outer loop
      vertex 232.222 2.81582 -4
      vertex 245.852 0.657024 -4
      vertex 245.813 0.329528 -4
    endloop
  endfacet
  facet normal 0 0 -1
    outer loop
      vertex 249.02 4.08395 -4
      vertex 245.798 17.5027 -4
      vertex 247.184 17.7784 -4
    endloop
  endfacet
  facet normal 0 0 -1
    outer loop
      vertex 232.055 1.41226 -4
      vertex 245.813 0.329528 -4
      vertex 245.8 0 -4
    endloop
  endfacet
  facet normal 0 0 -1
    outer loop
      vertex 235.438 -10.5801 -4
      vertex 246.602 -2.4687 -4
      vertex 236.313 -11.6901 -4
    endloop
  endfacet
  facet normal -0 0 -1
    outer loop
      vertex 246.602 -2.4687 -4
      vertex 235.438 -10.5801 -4
      vertex 246.419 -2.19449 -4
    endloop
  endfacet
  facet normal 0 0 -1
    outer loop
      vertex 248.702 3.99444 -4
      vertex 244.438 17.119 -4
      vertex 245.798 17.5027 -4
    endloop
  endfacet
  facet normal 0 0 -1
    outer loop
      vertex 234.652 -9.40497 -4
      vertex 246.419 -2.19449 -4
      vertex 235.438 -10.5801 -4
    endloop
  endfacet
  facet normal 0 0 -1
    outer loop
      vertex 248.393 3.88029 -4
      vertex 243.112 16.6298 -4
      vertex 244.438 17.119 -4
    endloop
  endfacet
  facet normal -0 0 -1
    outer loop
      vertex 246.419 -2.19449 -4
      vertex 234.652 -9.40497 -4
      vertex 246.258 -1.90676 -4
    endloop
  endfacet
  facet normal 0 0 -1
    outer loop
      vertex 248.093 3.74223 -4
      vertex 241.828 16.0381 -4
      vertex 243.112 16.6298 -4
    endloop
  endfacet
  facet normal 0 0 -1
    outer loop
      vertex 233.962 -8.17183 -4
      vertex 246.258 -1.90676 -4
      vertex 234.652 -9.40497 -4
    endloop
  endfacet
  facet normal 0 0 -1
    outer loop
      vertex 247.806 3.58109 -4
      vertex 240.595 15.3475 -4
      vertex 241.828 16.0381 -4
    endloop
  endfacet
  facet normal -0 0 -1
    outer loop
      vertex 246.258 -1.90676 -4
      vertex 233.962 -8.17183 -4
      vertex 246.12 -1.60727 -4
    endloop
  endfacet
  facet normal 0 0 -1
    outer loop
      vertex 247.531 3.39787 -4
      vertex 239.42 14.5623 -4
      vertex 240.595 15.3475 -4
    endloop
  endfacet
  facet normal 0 0 -1
    outer loop
      vertex 233.37 -6.8883 -4
      vertex 246.12 -1.60727 -4
      vertex 233.962 -8.17183 -4
    endloop
  endfacet
  facet normal 0 0 -1
    outer loop
      vertex 247.272 3.1937 -4
      vertex 238.31 13.6873 -4
      vertex 239.42 14.5623 -4
    endloop
  endfacet
  facet normal -0 0 -1
    outer loop
      vertex 246.12 -1.60727 -4
      vertex 233.37 -6.8883 -4
      vertex 246.006 -1.29787 -4
    endloop
  endfacet
  facet normal 0 0 -1
    outer loop
      vertex 247.03 2.96985 -4
      vertex 237.272 12.7279 -4
      vertex 238.31 13.6873 -4
    endloop
  endfacet
  facet normal 0 0 -1
    outer loop
      vertex 232.881 -5.56231 -4
      vertex 246.006 -1.29787 -4
      vertex 233.37 -6.8883 -4
    endloop
  endfacet
  facet normal 0 0 -1
    outer loop
      vertex 246.806 2.72768 -4
      vertex 236.313 11.6901 -4
      vertex 237.272 12.7279 -4
    endloop
  endfacet
  facet normal -0 0 -1
    outer loop
      vertex 246.006 -1.29787 -4
      vertex 232.881 -5.56231 -4
      vertex 245.916 -0.98047 -4
    endloop
  endfacet
  facet normal 0 0 -1
    outer loop
      vertex 246.602 2.4687 -4
      vertex 235.438 10.5801 -4
      vertex 236.313 11.6901 -4
    endloop
  endfacet
  facet normal 0 0 -1
    outer loop
      vertex 232.497 -4.20202 -4
      vertex 245.916 -0.98047 -4
      vertex 232.881 -5.56231 -4
    endloop
  endfacet
  facet normal 0 0 -1
    outer loop
      vertex 246.419 2.19449 -4
      vertex 234.652 9.40497 -4
      vertex 235.438 10.5801 -4
    endloop
  endfacet
  facet normal -0 0 -1
    outer loop
      vertex 245.916 -0.98047 -4
      vertex 232.497 -4.20202 -4
      vertex 245.852 -0.657024 -4
    endloop
  endfacet
  facet normal 0 0 -1
    outer loop
      vertex 246.258 1.90676 -4
      vertex 233.962 8.17183 -4
      vertex 234.652 9.40497 -4
    endloop
  endfacet
  facet normal 0 0 -1
    outer loop
      vertex 232.222 -2.81582 -4
      vertex 245.852 -0.657024 -4
      vertex 232.497 -4.20202 -4
    endloop
  endfacet
  facet normal 0 0 -1
    outer loop
      vertex 246.12 1.60727 -4
      vertex 233.37 6.8883 -4
      vertex 233.962 8.17183 -4
    endloop
  endfacet
  facet normal -0 0 -1
    outer loop
      vertex 245.852 -0.657024 -4
      vertex 232.222 -2.81582 -4
      vertex 245.813 -0.329528 -4
    endloop
  endfacet
  facet normal 0 0 -1
    outer loop
      vertex 246.006 1.29787 -4
      vertex 232.881 5.56231 -4
      vertex 233.37 6.8883 -4
    endloop
  endfacet
  facet normal 0 0 -1
    outer loop
      vertex 232.055 -1.41226 -4
      vertex 245.813 -0.329528 -4
      vertex 232.222 -2.81582 -4
    endloop
  endfacet
  facet normal 0 0 -1
    outer loop
      vertex 245.916 0.98047 -4
      vertex 232.497 4.20202 -4
      vertex 232.881 5.56231 -4
    endloop
  endfacet
  facet normal -0 0 -1
    outer loop
      vertex 245.813 -0.329528 -4
      vertex 232.055 -1.41226 -4
      vertex 245.8 0 -4
    endloop
  endfacet
  facet normal 0 0 -1
    outer loop
      vertex 245.852 0.657024 -4
      vertex 232.222 2.81582 -4
      vertex 232.497 4.20202 -4
    endloop
  endfacet
  facet normal 0 0 -1
    outer loop
      vertex 232 0 -4
      vertex 245.8 0 -4
      vertex 232.055 -1.41226 -4
    endloop
  endfacet
  facet normal 0 0 -1
    outer loop
      vertex 245.813 0.329528 -4
      vertex 232.055 1.41226 -4
      vertex 232.222 2.81582 -4
    endloop
  endfacet
  facet normal 0 0 -1
    outer loop
      vertex 245.8 0 -4
      vertex 232 0 -4
      vertex 232.055 1.41226 -4
    endloop
  endfacet
  facet normal -0.117708 0.993048 0
    outer loop
      vertex 249.67 4.18705 -5
      vertex 249.343 4.14829 -4
      vertex 249.67 4.18705 -4
    endloop
  endfacet
  facet normal -0.117708 0.993048 0
    outer loop
      vertex 249.343 4.14829 -4
      vertex 249.67 4.18705 -5
      vertex 249.343 4.14829 -5
    endloop
  endfacet
  facet normal -0.117708 0.993048 0
    outer loop
      vertex 249.67 4.18705 4
      vertex 249.343 4.14829 5
      vertex 249.67 4.18705 5
    endloop
  endfacet
  facet normal -0.117708 0.993048 0
    outer loop
      vertex 249.343 4.14829 5
      vertex 249.67 4.18705 4
      vertex 249.343 4.14829 4
    endloop
  endfacet
  facet normal 0.992984 0.11825 0
    outer loop
      vertex 254.187 0.329528 -4
      vertex 254.148 0.657024 -5
      vertex 254.148 0.657024 -4
    endloop
  endfacet
  facet normal 0.992984 0.11825 0
    outer loop
      vertex 254.148 0.657024 -5
      vertex 254.187 0.329528 -4
      vertex 254.187 0.329528 -5
    endloop
  endfacet
  facet normal 0.992984 0.11825 0
    outer loop
      vertex 254.187 0.329528 5
      vertex 254.148 0.657024 4
      vertex 254.148 0.657024 5
    endloop
  endfacet
  facet normal 0.992984 0.11825 0
    outer loop
      vertex 254.148 0.657024 4
      vertex 254.187 0.329528 5
      vertex 254.187 0.329528 4
    endloop
  endfacet
  facet normal 0.999223 0.0394197 0
    outer loop
      vertex 254.2 0 -4
      vertex 254.187 0.329528 -5
      vertex 254.187 0.329528 -4
    endloop
  endfacet
  facet normal 0.999223 0.0394197 0
    outer loop
      vertex 254.187 0.329528 -5
      vertex 254.2 0 -4
      vertex 254.2 0 -5
    endloop
  endfacet
  facet normal 0.999223 0.0394197 0
    outer loop
      vertex 254.2 0 5
      vertex 254.187 0.329528 4
      vertex 254.187 0.329528 5
    endloop
  endfacet
  facet normal 0.999223 0.0394197 0
    outer loop
      vertex 254.187 0.329528 4
      vertex 254.2 0 5
      vertex 254.2 0 4
    endloop
  endfacet
  facet normal -0.938333 0.345733 0
    outer loop
      vertex 246.006 1.29787 -5
      vertex 246.12 1.60727 -4
      vertex 246.12 1.60727 -5
    endloop
  endfacet
  facet normal -0.938333 0.345733 0
    outer loop
      vertex 246.12 1.60727 -4
      vertex 246.006 1.29787 -5
      vertex 246.006 1.29787 -4
    endloop
  endfacet
  facet normal -0.938333 0.345733 0
    outer loop
      vertex 246.006 1.29787 4
      vertex 246.12 1.60727 5
      vertex 246.12 1.60727 4
    endloop
  endfacet
  facet normal -0.938333 0.345733 0
    outer loop
      vertex 246.12 1.60727 5
      vertex 246.006 1.29787 4
      vertex 246.006 1.29787 5
    endloop
  endfacet
  facet normal 0.999223 -0.0394197 0
    outer loop
      vertex 254.187 -0.329528 -4
      vertex 254.2 0 -5
      vertex 254.2 0 -4
    endloop
  endfacet
  facet normal 0.999223 -0.0394197 0
    outer loop
      vertex 254.2 0 -5
      vertex 254.187 -0.329528 -4
      vertex 254.187 -0.329528 -5
    endloop
  endfacet
  facet normal 0.999223 -0.0394197 0
    outer loop
      vertex 254.187 -0.329528 5
      vertex 254.2 0 4
      vertex 254.2 0 5
    endloop
  endfacet
  facet normal 0.999223 -0.0394197 0
    outer loop
      vertex 254.2 0 4
      vertex 254.187 -0.329528 5
      vertex 254.187 -0.329528 4
    endloop
  endfacet
  facet normal -0.346528 0.93804 0
    outer loop
      vertex 248.702 3.99444 -5
      vertex 248.393 3.88029 -4
      vertex 248.702 3.99444 -4
    endloop
  endfacet
  facet normal -0.346528 0.93804 0
    outer loop
      vertex 248.393 3.88029 -4
      vertex 248.702 3.99444 -5
      vertex 248.393 3.88029 -5
    endloop
  endfacet
  facet normal -0.346528 0.93804 0
    outer loop
      vertex 248.702 3.99444 4
      vertex 248.393 3.88029 5
      vertex 248.702 3.99444 5
    endloop
  endfacet
  facet normal -0.346528 0.93804 0
    outer loop
      vertex 248.393 3.88029 5
      vertex 248.702 3.99444 4
      vertex 248.393 3.88029 4
    endloop
  endfacet
  facet normal -0.785558 -0.618788 0
    outer loop
      vertex 246.806 -2.72768 4
      vertex 246.602 -2.4687 5
      vertex 246.602 -2.4687 4
    endloop
  endfacet
  facet normal -0.785558 -0.618788 0
    outer loop
      vertex 246.602 -2.4687 5
      vertex 246.806 -2.72768 4
      vertex 246.806 -2.72768 5
    endloop
  endfacet
  facet normal -0.785558 -0.618788 0
    outer loop
      vertex 246.806 -2.72768 -5
      vertex 246.602 -2.4687 -4
      vertex 246.602 -2.4687 -5
    endloop
  endfacet
  facet normal -0.785558 -0.618788 0
    outer loop
      vertex 246.602 -2.4687 -4
      vertex 246.806 -2.72768 -5
      vertex 246.806 -2.72768 -4
    endloop
  endfacet
  facet normal -0.489574 -0.871961 0
    outer loop
      vertex 247.806 -3.58109 4
      vertex 248.093 -3.74223 5
      vertex 247.806 -3.58109 5
    endloop
  endfacet
  facet normal -0.489574 -0.871961 -0
    outer loop
      vertex 248.093 -3.74223 5
      vertex 247.806 -3.58109 4
      vertex 248.093 -3.74223 4
    endloop
  endfacet
  facet normal -0.489574 -0.871961 0
    outer loop
      vertex 247.806 -3.58109 -5
      vertex 248.093 -3.74223 -4
      vertex 247.806 -3.58109 -4
    endloop
  endfacet
  facet normal -0.489574 -0.871961 -0
    outer loop
      vertex 248.093 -3.74223 -4
      vertex 247.806 -3.58109 -5
      vertex 248.093 -3.74223 -5
    endloop
  endfacet
  facet normal 0.346528 0.93804 -0
    outer loop
      vertex 251.607 3.88029 -5
      vertex 251.298 3.99444 -4
      vertex 251.607 3.88029 -4
    endloop
  endfacet
  facet normal 0.346528 0.93804 0
    outer loop
      vertex 251.298 3.99444 -4
      vertex 251.607 3.88029 -5
      vertex 251.298 3.99444 -5
    endloop
  endfacet
  facet normal 0.346528 0.93804 -0
    outer loop
      vertex 251.607 3.88029 4
      vertex 251.298 3.99444 5
      vertex 251.607 3.88029 5
    endloop
  endfacet
  facet normal 0.346528 0.93804 0
    outer loop
      vertex 251.298 3.99444 5
      vertex 251.607 3.88029 4
      vertex 251.298 3.99444 4
    endloop
  endfacet
  facet normal 0.195357 0.980732 -0
    outer loop
      vertex 250.98 4.08395 -5
      vertex 250.657 4.14829 -4
      vertex 250.98 4.08395 -4
    endloop
  endfacet
  facet normal 0.195357 0.980732 0
    outer loop
      vertex 250.657 4.14829 -4
      vertex 250.98 4.08395 -5
      vertex 250.657 4.14829 -5
    endloop
  endfacet
  facet normal 0.195357 0.980732 -0
    outer loop
      vertex 250.98 4.08395 4
      vertex 250.657 4.14829 5
      vertex 250.98 4.08395 5
    endloop
  endfacet
  facet normal 0.195357 0.980732 0
    outer loop
      vertex 250.657 4.14829 5
      vertex 250.98 4.08395 4
      vertex 250.657 4.14829 4
    endloop
  endfacet
  facet normal -0.270949 0.962594 0
    outer loop
      vertex 249.02 4.08395 -5
      vertex 248.702 3.99444 -4
      vertex 249.02 4.08395 -4
    endloop
  endfacet
  facet normal -0.270949 0.962594 0
    outer loop
      vertex 248.702 3.99444 -4
      vertex 249.02 4.08395 -5
      vertex 248.702 3.99444 -5
    endloop
  endfacet
  facet normal -0.270949 0.962594 0
    outer loop
      vertex 249.02 4.08395 4
      vertex 248.702 3.99444 5
      vertex 249.02 4.08395 5
    endloop
  endfacet
  facet normal -0.270949 0.962594 0
    outer loop
      vertex 248.702 3.99444 5
      vertex 249.02 4.08395 4
      vertex 248.702 3.99444 4
    endloop
  endfacet
  facet normal -0.83178 -0.555106 0
    outer loop
      vertex 246.602 -2.4687 4
      vertex 246.419 -2.19449 5
      vertex 246.419 -2.19449 4
    endloop
  endfacet
  facet normal -0.83178 -0.555106 0
    outer loop
      vertex 246.419 -2.19449 5
      vertex 246.602 -2.4687 4
      vertex 246.602 -2.4687 5
    endloop
  endfacet
  facet normal -0.83178 -0.555106 0
    outer loop
      vertex 246.602 -2.4687 -5
      vertex 246.419 -2.19449 -4
      vertex 246.419 -2.19449 -5
    endloop
  endfacet
  facet normal -0.83178 -0.555106 0
    outer loop
      vertex 246.419 -2.19449 -4
      vertex 246.602 -2.4687 -5
      vertex 246.602 -2.4687 -4
    endloop
  endfacet
  facet normal 0.83178 0.555106 0
    outer loop
      vertex 253.581 2.19449 -4
      vertex 253.398 2.4687 -5
      vertex 253.398 2.4687 -4
    endloop
  endfacet
  facet normal 0.83178 0.555106 0
    outer loop
      vertex 253.398 2.4687 -5
      vertex 253.581 2.19449 -4
      vertex 253.581 2.19449 -5
    endloop
  endfacet
  facet normal 0.83178 0.555106 0
    outer loop
      vertex 253.581 2.19449 5
      vertex 253.398 2.4687 4
      vertex 253.398 2.4687 5
    endloop
  endfacet
  facet normal 0.83178 0.555106 0
    outer loop
      vertex 253.398 2.4687 4
      vertex 253.581 2.19449 5
      vertex 253.581 2.19449 4
    endloop
  endfacet
  facet normal 0.554463 0.832209 -0
    outer loop
      vertex 252.469 3.39787 -5
      vertex 252.194 3.58109 -4
      vertex 252.469 3.39787 -4
    endloop
  endfacet
  facet normal 0.554463 0.832209 0
    outer loop
      vertex 252.194 3.58109 -4
      vertex 252.469 3.39787 -5
      vertex 252.194 3.58109 -5
    endloop
  endfacet
  facet normal 0.554463 0.832209 -0
    outer loop
      vertex 252.469 3.39787 4
      vertex 252.194 3.58109 5
      vertex 252.469 3.39787 5
    endloop
  endfacet
  facet normal 0.554463 0.832209 0
    outer loop
      vertex 252.194 3.58109 5
      vertex 252.469 3.39787 4
      vertex 252.194 3.58109 4
    endloop
  endfacet
  facet normal -0.679042 -0.734099 0
    outer loop
      vertex 247.03 -2.96985 4
      vertex 247.272 -3.1937 5
      vertex 247.03 -2.96985 5
    endloop
  endfacet
  facet normal -0.679042 -0.734099 -0
    outer loop
      vertex 247.272 -3.1937 5
      vertex 247.03 -2.96985 4
      vertex 247.272 -3.1937 4
    endloop
  endfacet
  facet normal -0.679042 -0.734099 0
    outer loop
      vertex 247.03 -2.96985 -5
      vertex 247.272 -3.1937 -4
      vertex 247.03 -2.96985 -4
    endloop
  endfacet
  facet normal -0.679042 -0.734099 -0
    outer loop
      vertex 247.272 -3.1937 -4
      vertex 247.03 -2.96985 -5
      vertex 247.272 -3.1937 -5
    endloop
  endfacet
  facet normal -0.195357 0.980732 0
    outer loop
      vertex 249.343 4.14829 -5
      vertex 249.02 4.08395 -4
      vertex 249.343 4.14829 -4
    endloop
  endfacet
  facet normal -0.195357 0.980732 0
    outer loop
      vertex 249.02 4.08395 -4
      vertex 249.343 4.14829 -5
      vertex 249.02 4.08395 -5
    endloop
  endfacet
  facet normal -0.195357 0.980732 0
    outer loop
      vertex 249.343 4.14829 4
      vertex 249.02 4.08395 5
      vertex 249.343 4.14829 5
    endloop
  endfacet
  facet normal -0.195357 0.980732 0
    outer loop
      vertex 249.02 4.08395 5
      vertex 249.343 4.14829 4
      vertex 249.02 4.08395 4
    endloop
  endfacet
  facet normal 0.679042 -0.734099 0
    outer loop
      vertex 252.728 -3.1937 -5
      vertex 252.97 -2.96985 -4
      vertex 252.728 -3.1937 -4
    endloop
  endfacet
  facet normal 0.679042 -0.734099 0
    outer loop
      vertex 252.97 -2.96985 -4
      vertex 252.728 -3.1937 -5
      vertex 252.97 -2.96985 -5
    endloop
  endfacet
  facet normal 0.679042 -0.734099 0
    outer loop
      vertex 252.728 -3.1937 4
      vertex 252.97 -2.96985 5
      vertex 252.728 -3.1937 5
    endloop
  endfacet
  facet normal 0.679042 -0.734099 0
    outer loop
      vertex 252.97 -2.96985 5
      vertex 252.728 -3.1937 4
      vertex 252.97 -2.96985 4
    endloop
  endfacet
  facet normal -0.418056 0.908421 0
    outer loop
      vertex 248.393 3.88029 -5
      vertex 248.093 3.74223 -4
      vertex 248.393 3.88029 -4
    endloop
  endfacet
  facet normal -0.418056 0.908421 0
    outer loop
      vertex 248.093 3.74223 -4
      vertex 248.393 3.88029 -5
      vertex 248.093 3.74223 -5
    endloop
  endfacet
  facet normal -0.418056 0.908421 0
    outer loop
      vertex 248.393 3.88029 4
      vertex 248.093 3.74223 5
      vertex 248.393 3.88029 5
    endloop
  endfacet
  facet normal -0.418056 0.908421 0
    outer loop
      vertex 248.093 3.74223 5
      vertex 248.393 3.88029 4
      vertex 248.093 3.74223 4
    endloop
  endfacet
  facet normal 0.346528 -0.93804 0
    outer loop
      vertex 251.298 -3.99444 4
      vertex 251.607 -3.88029 5
      vertex 251.298 -3.99444 5
    endloop
  endfacet
  facet normal 0.346528 -0.93804 0
    outer loop
      vertex 251.607 -3.88029 5
      vertex 251.298 -3.99444 4
      vertex 251.607 -3.88029 4
    endloop
  endfacet
  facet normal 0.346528 -0.93804 0
    outer loop
      vertex 251.298 -3.99444 -5
      vertex 251.607 -3.88029 -4
      vertex 251.298 -3.99444 -4
    endloop
  endfacet
  facet normal 0.346528 -0.93804 0
    outer loop
      vertex 251.607 -3.88029 -4
      vertex 251.298 -3.99444 -5
      vertex 251.607 -3.88029 -5
    endloop
  endfacet
  facet normal 0.992984 -0.11825 0
    outer loop
      vertex 254.148 -0.657024 -4
      vertex 254.187 -0.329528 -5
      vertex 254.187 -0.329528 -4
    endloop
  endfacet
  facet normal 0.992984 -0.11825 0
    outer loop
      vertex 254.187 -0.329528 -5
      vertex 254.148 -0.657024 -4
      vertex 254.148 -0.657024 -5
    endloop
  endfacet
  facet normal 0.992984 -0.11825 0
    outer loop
      vertex 254.148 -0.657024 5
      vertex 254.187 -0.329528 4
      vertex 254.187 -0.329528 5
    endloop
  endfacet
  facet normal 0.992984 -0.11825 0
    outer loop
      vertex 254.187 -0.329528 4
      vertex 254.148 -0.657024 5
      vertex 254.148 -0.657024 4
    endloop
  endfacet
  facet normal 0 0 1
    outer loop
      vertex 254.187 0.329528 5
      vertex 254.187 -0.329528 5
      vertex 254.2 0 5
    endloop
  endfacet
  facet normal 0 0 1
    outer loop
      vertex 254.148 0.657024 5
      vertex 254.187 -0.329528 5
      vertex 254.187 0.329528 5
    endloop
  endfacet
  facet normal 0 0 1
    outer loop
      vertex 254.148 0.657024 5
      vertex 254.148 -0.657024 5
      vertex 254.187 -0.329528 5
    endloop
  endfacet
  facet normal 0 0 1
    outer loop
      vertex 254.084 0.98047 5
      vertex 254.148 -0.657024 5
      vertex 254.148 0.657024 5
    endloop
  endfacet
  facet normal 0 0 1
    outer loop
      vertex 254.084 0.98047 5
      vertex 254.084 -0.98047 5
      vertex 254.148 -0.657024 5
    endloop
  endfacet
  facet normal 0 0 1
    outer loop
      vertex 253.994 1.29787 5
      vertex 254.084 -0.98047 5
      vertex 254.084 0.98047 5
    endloop
  endfacet
  facet normal 0 0 1
    outer loop
      vertex 253.994 1.29787 5
      vertex 253.994 -1.29787 5
      vertex 254.084 -0.98047 5
    endloop
  endfacet
  facet normal 0 0 1
    outer loop
      vertex 253.88 1.60727 5
      vertex 253.994 -1.29787 5
      vertex 253.994 1.29787 5
    endloop
  endfacet
  facet normal 0 0 1
    outer loop
      vertex 253.88 1.60727 5
      vertex 253.88 -1.60727 5
      vertex 253.994 -1.29787 5
    endloop
  endfacet
  facet normal 0 0 1
    outer loop
      vertex 253.742 1.90676 5
      vertex 253.88 -1.60727 5
      vertex 253.88 1.60727 5
    endloop
  endfacet
  facet normal 0 0 1
    outer loop
      vertex 253.742 1.90676 5
      vertex 253.742 -1.90676 5
      vertex 253.88 -1.60727 5
    endloop
  endfacet
  facet normal 0 0 1
    outer loop
      vertex 253.581 2.19449 5
      vertex 253.742 -1.90676 5
      vertex 253.742 1.90676 5
    endloop
  endfacet
  facet normal 0 0 1
    outer loop
      vertex 253.581 2.19449 5
      vertex 253.581 -2.19449 5
      vertex 253.742 -1.90676 5
    endloop
  endfacet
  facet normal 0 0 1
    outer loop
      vertex 253.398 2.4687 5
      vertex 253.581 -2.19449 5
      vertex 253.581 2.19449 5
    endloop
  endfacet
  facet normal 0 0 1
    outer loop
      vertex 253.398 2.4687 5
      vertex 253.398 -2.4687 5
      vertex 253.581 -2.19449 5
    endloop
  endfacet
  facet normal 0 0 1
    outer loop
      vertex 253.194 2.72768 5
      vertex 253.398 -2.4687 5
      vertex 253.398 2.4687 5
    endloop
  endfacet
  facet normal 0 0 1
    outer loop
      vertex 253.194 2.72768 5
      vertex 253.194 -2.72768 5
      vertex 253.398 -2.4687 5
    endloop
  endfacet
  facet normal 0 0 1
    outer loop
      vertex 252.97 2.96985 5
      vertex 253.194 -2.72768 5
      vertex 253.194 2.72768 5
    endloop
  endfacet
  facet normal 0 0 1
    outer loop
      vertex 252.97 2.96985 5
      vertex 252.97 -2.96985 5
      vertex 253.194 -2.72768 5
    endloop
  endfacet
  facet normal 0 0 1
    outer loop
      vertex 252.728 3.1937 5
      vertex 252.97 -2.96985 5
      vertex 252.97 2.96985 5
    endloop
  endfacet
  facet normal 0 0 1
    outer loop
      vertex 252.728 3.1937 5
      vertex 252.728 -3.1937 5
      vertex 252.97 -2.96985 5
    endloop
  endfacet
  facet normal 0 0 1
    outer loop
      vertex 252.469 3.39787 5
      vertex 252.728 -3.1937 5
      vertex 252.728 3.1937 5
    endloop
  endfacet
  facet normal 0 0 1
    outer loop
      vertex 252.469 3.39787 5
      vertex 252.469 -3.39787 5
      vertex 252.728 -3.1937 5
    endloop
  endfacet
  facet normal 0 0 1
    outer loop
      vertex 252.194 3.58109 5
      vertex 252.469 -3.39787 5
      vertex 252.469 3.39787 5
    endloop
  endfacet
  facet normal 0 0 1
    outer loop
      vertex 252.194 3.58109 5
      vertex 252.194 -3.58109 5
      vertex 252.469 -3.39787 5
    endloop
  endfacet
  facet normal 0 0 1
    outer loop
      vertex 251.907 3.74223 5
      vertex 252.194 -3.58109 5
      vertex 252.194 3.58109 5
    endloop
  endfacet
  facet normal 0 0 1
    outer loop
      vertex 251.907 3.74223 5
      vertex 251.907 -3.74223 5
      vertex 252.194 -3.58109 5
    endloop
  endfacet
  facet normal 0 0 1
    outer loop
      vertex 251.607 3.88029 5
      vertex 251.907 -3.74223 5
      vertex 251.907 3.74223 5
    endloop
  endfacet
  facet normal 0 0 1
    outer loop
      vertex 251.607 3.88029 5
      vertex 251.607 -3.88029 5
      vertex 251.907 -3.74223 5
    endloop
  endfacet
  facet normal 0 0 1
    outer loop
      vertex 251.298 3.99444 5
      vertex 251.607 -3.88029 5
      vertex 251.607 3.88029 5
    endloop
  endfacet
  facet normal 0 0 1
    outer loop
      vertex 251.298 3.99444 5
      vertex 251.298 -3.99444 5
      vertex 251.607 -3.88029 5
    endloop
  endfacet
  facet normal 0 0 1
    outer loop
      vertex 250.98 4.08395 5
      vertex 251.298 -3.99444 5
      vertex 251.298 3.99444 5
    endloop
  endfacet
  facet normal 0 0 1
    outer loop
      vertex 250.98 4.08395 5
      vertex 250.98 -4.08395 5
      vertex 251.298 -3.99444 5
    endloop
  endfacet
  facet normal 0 0 1
    outer loop
      vertex 250.657 4.14829 5
      vertex 250.98 -4.08395 5
      vertex 250.98 4.08395 5
    endloop
  endfacet
  facet normal 0 0 1
    outer loop
      vertex 250.657 4.14829 5
      vertex 250.657 -4.14829 5
      vertex 250.98 -4.08395 5
    endloop
  endfacet
  facet normal 0 0 1
    outer loop
      vertex 250.33 4.18705 5
      vertex 250.657 -4.14829 5
      vertex 250.657 4.14829 5
    endloop
  endfacet
  facet normal 0 0 1
    outer loop
      vertex 250.33 4.18705 5
      vertex 250.33 -4.18705 5
      vertex 250.657 -4.14829 5
    endloop
  endfacet
  facet normal 0 0 1
    outer loop
      vertex 250 4.2 5
      vertex 250.33 -4.18705 5
      vertex 250.33 4.18705 5
    endloop
  endfacet
  facet normal 0 0 1
    outer loop
      vertex 250 4.2 5
      vertex 250 -4.2 5
      vertex 250.33 -4.18705 5
    endloop
  endfacet
  facet normal -0 0 1
    outer loop
      vertex 249.67 4.18705 5
      vertex 250 -4.2 5
      vertex 250 4.2 5
    endloop
  endfacet
  facet normal 0 0 1
    outer loop
      vertex 249.67 4.18705 5
      vertex 249.67 -4.18705 5
      vertex 250 -4.2 5
    endloop
  endfacet
  facet normal -0 0 1
    outer loop
      vertex 249.343 4.14829 5
      vertex 249.67 -4.18705 5
      vertex 249.67 4.18705 5
    endloop
  endfacet
  facet normal 0 0 1
    outer loop
      vertex 249.343 4.14829 5
      vertex 249.343 -4.14829 5
      vertex 249.67 -4.18705 5
    endloop
  endfacet
  facet normal -0 0 1
    outer loop
      vertex 249.02 4.08395 5
      vertex 249.343 -4.14829 5
      vertex 249.343 4.14829 5
    endloop
  endfacet
  facet normal 0 0 1
    outer loop
      vertex 249.02 4.08395 5
      vertex 249.02 -4.08395 5
      vertex 249.343 -4.14829 5
    endloop
  endfacet
  facet normal -0 0 1
    outer loop
      vertex 248.702 3.99444 5
      vertex 249.02 -4.08395 5
      vertex 249.02 4.08395 5
    endloop
  endfacet
  facet normal 0 0 1
    outer loop
      vertex 248.702 3.99444 5
      vertex 248.702 -3.99444 5
      vertex 249.02 -4.08395 5
    endloop
  endfacet
  facet normal -0 0 1
    outer loop
      vertex 248.393 3.88029 5
      vertex 248.702 -3.99444 5
      vertex 248.702 3.99444 5
    endloop
  endfacet
  facet normal 0 0 1
    outer loop
      vertex 248.393 3.88029 5
      vertex 248.393 -3.88029 5
      vertex 248.702 -3.99444 5
    endloop
  endfacet
  facet normal -0 0 1
    outer loop
      vertex 248.093 3.74223 5
      vertex 248.393 -3.88029 5
      vertex 248.393 3.88029 5
    endloop
  endfacet
  facet normal 0 0 1
    outer loop
      vertex 248.093 3.74223 5
      vertex 248.093 -3.74223 5
      vertex 248.393 -3.88029 5
    endloop
  endfacet
  facet normal -0 0 1
    outer loop
      vertex 247.806 3.58109 5
      vertex 248.093 -3.74223 5
      vertex 248.093 3.74223 5
    endloop
  endfacet
  facet normal 0 0 1
    outer loop
      vertex 247.806 3.58109 5
      vertex 247.806 -3.58109 5
      vertex 248.093 -3.74223 5
    endloop
  endfacet
  facet normal -0 0 1
    outer loop
      vertex 247.531 3.39787 5
      vertex 247.806 -3.58109 5
      vertex 247.806 3.58109 5
    endloop
  endfacet
  facet normal 0 0 1
    outer loop
      vertex 247.531 3.39787 5
      vertex 247.531 -3.39787 5
      vertex 247.806 -3.58109 5
    endloop
  endfacet
  facet normal -0 0 1
    outer loop
      vertex 247.272 3.1937 5
      vertex 247.531 -3.39787 5
      vertex 247.531 3.39787 5
    endloop
  endfacet
  facet normal 0 0 1
    outer loop
      vertex 247.272 3.1937 5
      vertex 247.272 -3.1937 5
      vertex 247.531 -3.39787 5
    endloop
  endfacet
  facet normal -0 0 1
    outer loop
      vertex 247.03 2.96985 5
      vertex 247.272 -3.1937 5
      vertex 247.272 3.1937 5
    endloop
  endfacet
  facet normal 0 0 1
    outer loop
      vertex 247.03 2.96985 5
      vertex 247.03 -2.96985 5
      vertex 247.272 -3.1937 5
    endloop
  endfacet
  facet normal -0 0 1
    outer loop
      vertex 246.806 2.72768 5
      vertex 247.03 -2.96985 5
      vertex 247.03 2.96985 5
    endloop
  endfacet
  facet normal 0 0 1
    outer loop
      vertex 246.806 2.72768 5
      vertex 246.806 -2.72768 5
      vertex 247.03 -2.96985 5
    endloop
  endfacet
  facet normal -0 0 1
    outer loop
      vertex 246.602 2.4687 5
      vertex 246.806 -2.72768 5
      vertex 246.806 2.72768 5
    endloop
  endfacet
  facet normal 0 0 1
    outer loop
      vertex 246.602 2.4687 5
      vertex 246.602 -2.4687 5
      vertex 246.806 -2.72768 5
    endloop
  endfacet
  facet normal -0 0 1
    outer loop
      vertex 246.419 2.19449 5
      vertex 246.602 -2.4687 5
      vertex 246.602 2.4687 5
    endloop
  endfacet
  facet normal 0 0 1
    outer loop
      vertex 246.419 2.19449 5
      vertex 246.419 -2.19449 5
      vertex 246.602 -2.4687 5
    endloop
  endfacet
  facet normal -0 0 1
    outer loop
      vertex 246.258 1.90676 5
      vertex 246.419 -2.19449 5
      vertex 246.419 2.19449 5
    endloop
  endfacet
  facet normal 0 0 1
    outer loop
      vertex 246.258 1.90676 5
      vertex 246.258 -1.90676 5
      vertex 246.419 -2.19449 5
    endloop
  endfacet
  facet normal -0 0 1
    outer loop
      vertex 246.12 1.60727 5
      vertex 246.258 -1.90676 5
      vertex 246.258 1.90676 5
    endloop
  endfacet
  facet normal 0 0 1
    outer loop
      vertex 246.12 1.60727 5
      vertex 246.12 -1.60727 5
      vertex 246.258 -1.90676 5
    endloop
  endfacet
  facet normal -0 0 1
    outer loop
      vertex 246.006 1.29787 5
      vertex 246.12 -1.60727 5
      vertex 246.12 1.60727 5
    endloop
  endfacet
  facet normal 0 0 1
    outer loop
      vertex 246.006 1.29787 5
      vertex 246.006 -1.29787 5
      vertex 246.12 -1.60727 5
    endloop
  endfacet
  facet normal -0 0 1
    outer loop
      vertex 245.916 0.98047 5
      vertex 246.006 -1.29787 5
      vertex 246.006 1.29787 5
    endloop
  endfacet
  facet normal 0 0 1
    outer loop
      vertex 245.916 0.98047 5
      vertex 245.916 -0.98047 5
      vertex 246.006 -1.29787 5
    endloop
  endfacet
  facet normal -0 0 1
    outer loop
      vertex 245.852 0.657024 5
      vertex 245.916 -0.98047 5
      vertex 245.916 0.98047 5
    endloop
  endfacet
  facet normal 0 0 1
    outer loop
      vertex 245.852 0.657024 5
      vertex 245.852 -0.657024 5
      vertex 245.916 -0.98047 5
    endloop
  endfacet
  facet normal -0 0 1
    outer loop
      vertex 245.813 0.329528 5
      vertex 245.852 -0.657024 5
      vertex 245.852 0.657024 5
    endloop
  endfacet
  facet normal 0 0 1
    outer loop
      vertex 245.813 0.329528 5
      vertex 245.813 -0.329528 5
      vertex 245.852 -0.657024 5
    endloop
  endfacet
  facet normal 0 -0 1
    outer loop
      vertex 245.813 -0.329528 5
      vertex 245.813 0.329528 5
      vertex 245.8 0 5
    endloop
  endfacet
  facet normal 0.962071 -0.272799 0
    outer loop
      vertex 253.994 -1.29787 -4
      vertex 254.084 -0.98047 -5
      vertex 254.084 -0.98047 -4
    endloop
  endfacet
  facet normal 0.962071 -0.272799 0
    outer loop
      vertex 254.084 -0.98047 -5
      vertex 253.994 -1.29787 -4
      vertex 253.994 -1.29787 -5
    endloop
  endfacet
  facet normal 0.962071 -0.272799 0
    outer loop
      vertex 253.994 -1.29787 5
      vertex 254.084 -0.98047 4
      vertex 254.084 -0.98047 5
    endloop
  endfacet
  facet normal 0.962071 -0.272799 0
    outer loop
      vertex 254.084 -0.98047 4
      vertex 253.994 -1.29787 5
      vertex 253.994 -1.29787 4
    endloop
  endfacet
  facet normal 0.938333 -0.345733 0
    outer loop
      vertex 253.88 -1.60727 -4
      vertex 253.994 -1.29787 -5
      vertex 253.994 -1.29787 -4
    endloop
  endfacet
  facet normal 0.938333 -0.345733 0
    outer loop
      vertex 253.994 -1.29787 -5
      vertex 253.88 -1.60727 -4
      vertex 253.88 -1.60727 -5
    endloop
  endfacet
  facet normal 0.938333 -0.345733 0
    outer loop
      vertex 253.88 -1.60727 5
      vertex 253.994 -1.29787 4
      vertex 253.994 -1.29787 5
    endloop
  endfacet
  facet normal 0.938333 -0.345733 0
    outer loop
      vertex 253.994 -1.29787 4
      vertex 253.88 -1.60727 5
      vertex 253.88 -1.60727 4
    endloop
  endfacet
  facet normal -0.554463 0.832209 0
    outer loop
      vertex 247.806 3.58109 -5
      vertex 247.531 3.39787 -4
      vertex 247.806 3.58109 -4
    endloop
  endfacet
  facet normal -0.554463 0.832209 0
    outer loop
      vertex 247.531 3.39787 -4
      vertex 247.806 3.58109 -5
      vertex 247.531 3.39787 -5
    endloop
  endfacet
  facet normal -0.554463 0.832209 0
    outer loop
      vertex 247.806 3.58109 4
      vertex 247.531 3.39787 5
      vertex 247.806 3.58109 5
    endloop
  endfacet
  facet normal -0.554463 0.832209 0
    outer loop
      vertex 247.531 3.39787 5
      vertex 247.806 3.58109 4
      vertex 247.531 3.39787 4
    endloop
  endfacet
  facet normal -0.73411 -0.67903 0
    outer loop
      vertex 247.03 -2.96985 4
      vertex 246.806 -2.72768 5
      vertex 246.806 -2.72768 4
    endloop
  endfacet
  facet normal -0.73411 -0.67903 0
    outer loop
      vertex 246.806 -2.72768 5
      vertex 247.03 -2.96985 4
      vertex 247.03 -2.96985 5
    endloop
  endfacet
  facet normal -0.73411 -0.67903 0
    outer loop
      vertex 247.03 -2.96985 -5
      vertex 246.806 -2.72768 -4
      vertex 246.806 -2.72768 -5
    endloop
  endfacet
  facet normal -0.73411 -0.67903 0
    outer loop
      vertex 246.806 -2.72768 -4
      vertex 247.03 -2.96985 -5
      vertex 247.03 -2.96985 -4
    endloop
  endfacet
  facet normal -0.195357 -0.980732 0
    outer loop
      vertex 249.02 -4.08395 -5
      vertex 249.343 -4.14829 -4
      vertex 249.02 -4.08395 -4
    endloop
  endfacet
  facet normal -0.195357 -0.980732 -0
    outer loop
      vertex 249.343 -4.14829 -4
      vertex 249.02 -4.08395 -5
      vertex 249.343 -4.14829 -5
    endloop
  endfacet
  facet normal -0.195357 -0.980732 0
    outer loop
      vertex 249.02 -4.08395 4
      vertex 249.343 -4.14829 5
      vertex 249.02 -4.08395 5
    endloop
  endfacet
  facet normal -0.195357 -0.980732 -0
    outer loop
      vertex 249.343 -4.14829 5
      vertex 249.02 -4.08395 4
      vertex 249.343 -4.14829 4
    endloop
  endfacet
  facet normal 0.785558 -0.618788 0
    outer loop
      vertex 253.194 -2.72768 -4
      vertex 253.398 -2.4687 -5
      vertex 253.398 -2.4687 -4
    endloop
  endfacet
  facet normal 0.785558 -0.618788 0
    outer loop
      vertex 253.398 -2.4687 -5
      vertex 253.194 -2.72768 -4
      vertex 253.194 -2.72768 -5
    endloop
  endfacet
  facet normal 0.785558 -0.618788 0
    outer loop
      vertex 253.194 -2.72768 5
      vertex 253.398 -2.4687 4
      vertex 253.398 -2.4687 5
    endloop
  endfacet
  facet normal 0.785558 -0.618788 0
    outer loop
      vertex 253.398 -2.4687 4
      vertex 253.194 -2.72768 5
      vertex 253.194 -2.72768 4
    endloop
  endfacet
  facet normal -0.679042 0.734099 0
    outer loop
      vertex 247.272 3.1937 4
      vertex 247.03 2.96985 5
      vertex 247.272 3.1937 5
    endloop
  endfacet
  facet normal -0.679042 0.734099 0
    outer loop
      vertex 247.03 2.96985 5
      vertex 247.272 3.1937 4
      vertex 247.03 2.96985 4
    endloop
  endfacet
  facet normal -0.679042 0.734099 0
    outer loop
      vertex 247.272 3.1937 -5
      vertex 247.03 2.96985 -4
      vertex 247.272 3.1937 -4
    endloop
  endfacet
  facet normal -0.679042 0.734099 0
    outer loop
      vertex 247.03 2.96985 -4
      vertex 247.272 3.1937 -5
      vertex 247.03 2.96985 -5
    endloop
  endfacet
  facet normal 0.418056 -0.908421 0
    outer loop
      vertex 251.607 -3.88029 4
      vertex 251.907 -3.74223 5
      vertex 251.607 -3.88029 5
    endloop
  endfacet
  facet normal 0.418056 -0.908421 0
    outer loop
      vertex 251.907 -3.74223 5
      vertex 251.607 -3.88029 4
      vertex 251.907 -3.74223 4
    endloop
  endfacet
  facet normal 0.418056 -0.908421 0
    outer loop
      vertex 251.607 -3.88029 -5
      vertex 251.907 -3.74223 -4
      vertex 251.607 -3.88029 -4
    endloop
  endfacet
  facet normal 0.418056 -0.908421 0
    outer loop
      vertex 251.907 -3.74223 -4
      vertex 251.607 -3.88029 -5
      vertex 251.907 -3.74223 -5
    endloop
  endfacet
  facet normal -0.619077 -0.78533 0
    outer loop
      vertex 247.272 -3.1937 4
      vertex 247.531 -3.39787 5
      vertex 247.272 -3.1937 5
    endloop
  endfacet
  facet normal -0.619077 -0.78533 -0
    outer loop
      vertex 247.531 -3.39787 5
      vertex 247.272 -3.1937 4
      vertex 247.531 -3.39787 4
    endloop
  endfacet
  facet normal -0.619077 -0.78533 0
    outer loop
      vertex 247.272 -3.1937 -5
      vertex 247.531 -3.39787 -4
      vertex 247.272 -3.1937 -4
    endloop
  endfacet
  facet normal -0.619077 -0.78533 -0
    outer loop
      vertex 247.531 -3.39787 -4
      vertex 247.272 -3.1937 -5
      vertex 247.531 -3.39787 -5
    endloop
  endfacet
  facet normal 0.619077 0.78533 -0
    outer loop
      vertex 252.728 3.1937 4
      vertex 252.469 3.39787 5
      vertex 252.728 3.1937 5
    endloop
  endfacet
  facet normal 0.619077 0.78533 0
    outer loop
      vertex 252.469 3.39787 5
      vertex 252.728 3.1937 4
      vertex 252.469 3.39787 4
    endloop
  endfacet
  facet normal 0.619077 0.78533 -0
    outer loop
      vertex 252.728 3.1937 -5
      vertex 252.469 3.39787 -4
      vertex 252.728 3.1937 -4
    endloop
  endfacet
  facet normal 0.619077 0.78533 0
    outer loop
      vertex 252.469 3.39787 -4
      vertex 252.728 3.1937 -5
      vertex 252.469 3.39787 -5
    endloop
  endfacet
  facet normal -0.785558 0.618788 0
    outer loop
      vertex 246.602 2.4687 -5
      vertex 246.806 2.72768 -4
      vertex 246.806 2.72768 -5
    endloop
  endfacet
  facet normal -0.785558 0.618788 0
    outer loop
      vertex 246.806 2.72768 -4
      vertex 246.602 2.4687 -5
      vertex 246.602 2.4687 -4
    endloop
  endfacet
  facet normal -0.785558 0.618788 0
    outer loop
      vertex 246.602 2.4687 4
      vertex 246.806 2.72768 5
      vertex 246.806 2.72768 4
    endloop
  endfacet
  facet normal -0.785558 0.618788 0
    outer loop
      vertex 246.806 2.72768 5
      vertex 246.602 2.4687 4
      vertex 246.602 2.4687 5
    endloop
  endfacet
  facet normal -0.90822 0.418493 0
    outer loop
      vertex 246.12 1.60727 -5
      vertex 246.258 1.90676 -4
      vertex 246.258 1.90676 -5
    endloop
  endfacet
  facet normal -0.90822 0.418493 0
    outer loop
      vertex 246.258 1.90676 -4
      vertex 246.12 1.60727 -5
      vertex 246.12 1.60727 -4
    endloop
  endfacet
  facet normal -0.90822 0.418493 0
    outer loop
      vertex 246.12 1.60727 4
      vertex 246.258 1.90676 5
      vertex 246.258 1.90676 4
    endloop
  endfacet
  facet normal -0.90822 0.418493 0
    outer loop
      vertex 246.258 1.90676 5
      vertex 246.12 1.60727 4
      vertex 246.12 1.60727 5
    endloop
  endfacet
  facet normal 0.117708 0.993048 -0
    outer loop
      vertex 250.657 4.14829 -5
      vertex 250.33 4.18705 -4
      vertex 250.657 4.14829 -4
    endloop
  endfacet
  facet normal 0.117708 0.993048 0
    outer loop
      vertex 250.33 4.18705 -4
      vertex 250.657 4.14829 -5
      vertex 250.33 4.18705 -5
    endloop
  endfacet
  facet normal 0.117708 0.993048 -0
    outer loop
      vertex 250.657 4.14829 4
      vertex 250.33 4.18705 5
      vertex 250.657 4.14829 5
    endloop
  endfacet
  facet normal 0.117708 0.993048 0
    outer loop
      vertex 250.33 4.18705 5
      vertex 250.657 4.14829 4
      vertex 250.33 4.18705 4
    endloop
  endfacet
  facet normal -0.90822 -0.418493 0
    outer loop
      vertex 246.258 -1.90676 4
      vertex 246.12 -1.60727 5
      vertex 246.12 -1.60727 4
    endloop
  endfacet
  facet normal -0.90822 -0.418493 0
    outer loop
      vertex 246.12 -1.60727 5
      vertex 246.258 -1.90676 4
      vertex 246.258 -1.90676 5
    endloop
  endfacet
  facet normal -0.90822 -0.418493 0
    outer loop
      vertex 246.258 -1.90676 -5
      vertex 246.12 -1.60727 -4
      vertex 246.12 -1.60727 -5
    endloop
  endfacet
  facet normal -0.90822 -0.418493 0
    outer loop
      vertex 246.12 -1.60727 -4
      vertex 246.258 -1.90676 -5
      vertex 246.258 -1.90676 -4
    endloop
  endfacet
  facet normal 0.418056 0.908421 -0
    outer loop
      vertex 251.907 3.74223 4
      vertex 251.607 3.88029 5
      vertex 251.907 3.74223 5
    endloop
  endfacet
  facet normal 0.418056 0.908421 0
    outer loop
      vertex 251.607 3.88029 5
      vertex 251.907 3.74223 4
      vertex 251.607 3.88029 4
    endloop
  endfacet
  facet normal 0.418056 0.908421 -0
    outer loop
      vertex 251.907 3.74223 -5
      vertex 251.607 3.88029 -4
      vertex 251.907 3.74223 -4
    endloop
  endfacet
  facet normal 0.418056 0.908421 0
    outer loop
      vertex 251.607 3.88029 -4
      vertex 251.907 3.74223 -5
      vertex 251.607 3.88029 -5
    endloop
  endfacet
  facet normal -0.0392122 0.999231 0
    outer loop
      vertex 250 4.2 4
      vertex 249.67 4.18705 5
      vertex 250 4.2 5
    endloop
  endfacet
  facet normal -0.0392122 0.999231 0
    outer loop
      vertex 249.67 4.18705 5
      vertex 250 4.2 4
      vertex 249.67 4.18705 4
    endloop
  endfacet
  facet normal -0.0392122 0.999231 0
    outer loop
      vertex 250 4.2 -5
      vertex 249.67 4.18705 -4
      vertex 250 4.2 -4
    endloop
  endfacet
  facet normal -0.0392122 0.999231 0
    outer loop
      vertex 249.67 4.18705 -4
      vertex 250 4.2 -5
      vertex 249.67 4.18705 -5
    endloop
  endfacet
  facet normal -0.418056 -0.908421 0
    outer loop
      vertex 248.093 -3.74223 -5
      vertex 248.393 -3.88029 -4
      vertex 248.093 -3.74223 -4
    endloop
  endfacet
  facet normal -0.418056 -0.908421 -0
    outer loop
      vertex 248.393 -3.88029 -4
      vertex 248.093 -3.74223 -5
      vertex 248.393 -3.88029 -5
    endloop
  endfacet
  facet normal -0.418056 -0.908421 0
    outer loop
      vertex 248.093 -3.74223 4
      vertex 248.393 -3.88029 5
      vertex 248.093 -3.74223 5
    endloop
  endfacet
  facet normal -0.418056 -0.908421 -0
    outer loop
      vertex 248.393 -3.88029 5
      vertex 248.093 -3.74223 4
      vertex 248.393 -3.88029 4
    endloop
  endfacet
  facet normal -0.554463 -0.832209 0
    outer loop
      vertex 247.531 -3.39787 4
      vertex 247.806 -3.58109 5
      vertex 247.531 -3.39787 5
    endloop
  endfacet
  facet normal -0.554463 -0.832209 -0
    outer loop
      vertex 247.806 -3.58109 5
      vertex 247.531 -3.39787 4
      vertex 247.806 -3.58109 4
    endloop
  endfacet
  facet normal -0.554463 -0.832209 0
    outer loop
      vertex 247.531 -3.39787 -5
      vertex 247.806 -3.58109 -4
      vertex 247.531 -3.39787 -4
    endloop
  endfacet
  facet normal -0.554463 -0.832209 -0
    outer loop
      vertex 247.806 -3.58109 -4
      vertex 247.531 -3.39787 -5
      vertex 247.806 -3.58109 -5
    endloop
  endfacet
  facet normal 0.270949 0.962594 -0
    outer loop
      vertex 251.298 3.99444 -5
      vertex 250.98 4.08395 -4
      vertex 251.298 3.99444 -4
    endloop
  endfacet
  facet normal 0.270949 0.962594 0
    outer loop
      vertex 250.98 4.08395 -4
      vertex 251.298 3.99444 -5
      vertex 250.98 4.08395 -5
    endloop
  endfacet
  facet normal 0.270949 0.962594 -0
    outer loop
      vertex 251.298 3.99444 4
      vertex 250.98 4.08395 5
      vertex 251.298 3.99444 5
    endloop
  endfacet
  facet normal 0.270949 0.962594 0
    outer loop
      vertex 250.98 4.08395 5
      vertex 251.298 3.99444 4
      vertex 250.98 4.08395 4
    endloop
  endfacet
  facet normal -0.962071 0.272799 0
    outer loop
      vertex 245.916 0.98047 -5
      vertex 246.006 1.29787 -4
      vertex 246.006 1.29787 -5
    endloop
  endfacet
  facet normal -0.962071 0.272799 0
    outer loop
      vertex 246.006 1.29787 -4
      vertex 245.916 0.98047 -5
      vertex 245.916 0.98047 -4
    endloop
  endfacet
  facet normal -0.962071 0.272799 0
    outer loop
      vertex 245.916 0.98047 4
      vertex 246.006 1.29787 5
      vertex 246.006 1.29787 4
    endloop
  endfacet
  facet normal -0.962071 0.272799 0
    outer loop
      vertex 246.006 1.29787 5
      vertex 245.916 0.98047 4
      vertex 245.916 0.98047 5
    endloop
  endfacet
  facet normal -0.346528 -0.93804 0
    outer loop
      vertex 248.393 -3.88029 -5
      vertex 248.702 -3.99444 -4
      vertex 248.393 -3.88029 -4
    endloop
  endfacet
  facet normal -0.346528 -0.93804 -0
    outer loop
      vertex 248.702 -3.99444 -4
      vertex 248.393 -3.88029 -5
      vertex 248.702 -3.99444 -5
    endloop
  endfacet
  facet normal -0.346528 -0.93804 0
    outer loop
      vertex 248.393 -3.88029 4
      vertex 248.702 -3.99444 5
      vertex 248.393 -3.88029 5
    endloop
  endfacet
  facet normal -0.346528 -0.93804 -0
    outer loop
      vertex 248.702 -3.99444 5
      vertex 248.393 -3.88029 4
      vertex 248.702 -3.99444 4
    endloop
  endfacet
  facet normal 0.785558 0.618788 0
    outer loop
      vertex 253.398 2.4687 -4
      vertex 253.194 2.72768 -5
      vertex 253.194 2.72768 -4
    endloop
  endfacet
  facet normal 0.785558 0.618788 0
    outer loop
      vertex 253.194 2.72768 -5
      vertex 253.398 2.4687 -4
      vertex 253.398 2.4687 -5
    endloop
  endfacet
  facet normal 0.785558 0.618788 0
    outer loop
      vertex 253.398 2.4687 5
      vertex 253.194 2.72768 4
      vertex 253.194 2.72768 5
    endloop
  endfacet
  facet normal 0.785558 0.618788 0
    outer loop
      vertex 253.194 2.72768 4
      vertex 253.398 2.4687 5
      vertex 253.398 2.4687 4
    endloop
  endfacet
  facet normal 0.938333 0.345733 0
    outer loop
      vertex 253.994 1.29787 5
      vertex 253.88 1.60727 4
      vertex 253.88 1.60727 5
    endloop
  endfacet
  facet normal 0.938333 0.345733 0
    outer loop
      vertex 253.88 1.60727 4
      vertex 253.994 1.29787 5
      vertex 253.994 1.29787 4
    endloop
  endfacet
  facet normal 0.938333 0.345733 0
    outer loop
      vertex 253.994 1.29787 -4
      vertex 253.88 1.60727 -5
      vertex 253.88 1.60727 -4
    endloop
  endfacet
  facet normal 0.938333 0.345733 0
    outer loop
      vertex 253.88 1.60727 -5
      vertex 253.994 1.29787 -4
      vertex 253.994 1.29787 -5
    endloop
  endfacet
  facet normal -0.619077 0.78533 0
    outer loop
      vertex 247.531 3.39787 4
      vertex 247.272 3.1937 5
      vertex 247.531 3.39787 5
    endloop
  endfacet
  facet normal -0.619077 0.78533 0
    outer loop
      vertex 247.272 3.1937 5
      vertex 247.531 3.39787 4
      vertex 247.272 3.1937 4
    endloop
  endfacet
  facet normal -0.619077 0.78533 0
    outer loop
      vertex 247.531 3.39787 -5
      vertex 247.272 3.1937 -4
      vertex 247.531 3.39787 -4
    endloop
  endfacet
  facet normal -0.619077 0.78533 0
    outer loop
      vertex 247.272 3.1937 -4
      vertex 247.531 3.39787 -5
      vertex 247.272 3.1937 -5
    endloop
  endfacet
  facet normal 0.90822 0.418493 0
    outer loop
      vertex 253.88 1.60727 5
      vertex 253.742 1.90676 4
      vertex 253.742 1.90676 5
    endloop
  endfacet
  facet normal 0.90822 0.418493 0
    outer loop
      vertex 253.742 1.90676 4
      vertex 253.88 1.60727 5
      vertex 253.88 1.60727 4
    endloop
  endfacet
  facet normal 0.90822 0.418493 0
    outer loop
      vertex 253.88 1.60727 -4
      vertex 253.742 1.90676 -5
      vertex 253.742 1.90676 -4
    endloop
  endfacet
  facet normal 0.90822 0.418493 0
    outer loop
      vertex 253.742 1.90676 -5
      vertex 253.88 1.60727 -4
      vertex 253.88 1.60727 -5
    endloop
  endfacet
  facet normal -0.872673 -0.488306 0
    outer loop
      vertex 246.419 -2.19449 -5
      vertex 246.258 -1.90676 -4
      vertex 246.258 -1.90676 -5
    endloop
  endfacet
  facet normal -0.872673 -0.488306 0
    outer loop
      vertex 246.258 -1.90676 -4
      vertex 246.419 -2.19449 -5
      vertex 246.419 -2.19449 -4
    endloop
  endfacet
  facet normal -0.872673 -0.488306 0
    outer loop
      vertex 246.419 -2.19449 4
      vertex 246.258 -1.90676 5
      vertex 246.258 -1.90676 4
    endloop
  endfacet
  facet normal -0.872673 -0.488306 0
    outer loop
      vertex 246.258 -1.90676 5
      vertex 246.419 -2.19449 4
      vertex 246.419 -2.19449 5
    endloop
  endfacet
  facet normal 0.679042 0.734099 -0
    outer loop
      vertex 252.97 2.96985 4
      vertex 252.728 3.1937 5
      vertex 252.97 2.96985 5
    endloop
  endfacet
  facet normal 0.679042 0.734099 0
    outer loop
      vertex 252.728 3.1937 5
      vertex 252.97 2.96985 4
      vertex 252.728 3.1937 4
    endloop
  endfacet
  facet normal 0.679042 0.734099 -0
    outer loop
      vertex 252.97 2.96985 -5
      vertex 252.728 3.1937 -4
      vertex 252.97 2.96985 -4
    endloop
  endfacet
  facet normal 0.679042 0.734099 0
    outer loop
      vertex 252.728 3.1937 -4
      vertex 252.97 2.96985 -5
      vertex 252.728 3.1937 -5
    endloop
  endfacet
  facet normal 0.872673 0.488306 0
    outer loop
      vertex 253.742 1.90676 5
      vertex 253.581 2.19449 4
      vertex 253.581 2.19449 5
    endloop
  endfacet
  facet normal 0.872673 0.488306 0
    outer loop
      vertex 253.581 2.19449 4
      vertex 253.742 1.90676 5
      vertex 253.742 1.90676 4
    endloop
  endfacet
  facet normal 0.872673 0.488306 0
    outer loop
      vertex 253.742 1.90676 -4
      vertex 253.581 2.19449 -5
      vertex 253.581 2.19449 -4
    endloop
  endfacet
  facet normal 0.872673 0.488306 0
    outer loop
      vertex 253.581 2.19449 -5
      vertex 253.742 1.90676 -4
      vertex 253.742 1.90676 -5
    endloop
  endfacet
  facet normal -0.489574 0.871961 0
    outer loop
      vertex 248.093 3.74223 -5
      vertex 247.806 3.58109 -4
      vertex 248.093 3.74223 -4
    endloop
  endfacet
  facet normal -0.489574 0.871961 0
    outer loop
      vertex 247.806 3.58109 -4
      vertex 248.093 3.74223 -5
      vertex 247.806 3.58109 -5
    endloop
  endfacet
  facet normal -0.489574 0.871961 0
    outer loop
      vertex 248.093 3.74223 4
      vertex 247.806 3.58109 5
      vertex 248.093 3.74223 5
    endloop
  endfacet
  facet normal -0.489574 0.871961 0
    outer loop
      vertex 247.806 3.58109 5
      vertex 248.093 3.74223 4
      vertex 247.806 3.58109 4
    endloop
  endfacet
  facet normal 0.73411 0.67903 0
    outer loop
      vertex 253.194 2.72768 5
      vertex 252.97 2.96985 4
      vertex 252.97 2.96985 5
    endloop
  endfacet
  facet normal 0.73411 0.67903 0
    outer loop
      vertex 252.97 2.96985 4
      vertex 253.194 2.72768 5
      vertex 253.194 2.72768 4
    endloop
  endfacet
  facet normal 0.73411 0.67903 0
    outer loop
      vertex 253.194 2.72768 -4
      vertex 252.97 2.96985 -5
      vertex 252.97 2.96985 -4
    endloop
  endfacet
  facet normal 0.73411 0.67903 0
    outer loop
      vertex 252.97 2.96985 -5
      vertex 253.194 2.72768 -4
      vertex 253.194 2.72768 -5
    endloop
  endfacet
  facet normal -0.117708 -0.993048 0
    outer loop
      vertex 249.343 -4.14829 4
      vertex 249.67 -4.18705 5
      vertex 249.343 -4.14829 5
    endloop
  endfacet
  facet normal -0.117708 -0.993048 -0
    outer loop
      vertex 249.67 -4.18705 5
      vertex 249.343 -4.14829 4
      vertex 249.67 -4.18705 4
    endloop
  endfacet
  facet normal -0.117708 -0.993048 0
    outer loop
      vertex 249.343 -4.14829 -5
      vertex 249.67 -4.18705 -4
      vertex 249.343 -4.14829 -4
    endloop
  endfacet
  facet normal -0.117708 -0.993048 -0
    outer loop
      vertex 249.67 -4.18705 -4
      vertex 249.343 -4.14829 -5
      vertex 249.67 -4.18705 -5
    endloop
  endfacet
  facet normal 0.195357 -0.980732 0
    outer loop
      vertex 250.657 -4.14829 -5
      vertex 250.98 -4.08395 -4
      vertex 250.657 -4.14829 -4
    endloop
  endfacet
  facet normal 0.195357 -0.980732 0
    outer loop
      vertex 250.98 -4.08395 -4
      vertex 250.657 -4.14829 -5
      vertex 250.98 -4.08395 -5
    endloop
  endfacet
  facet normal 0.195357 -0.980732 0
    outer loop
      vertex 250.657 -4.14829 4
      vertex 250.98 -4.08395 5
      vertex 250.657 -4.14829 5
    endloop
  endfacet
  facet normal 0.195357 -0.980732 0
    outer loop
      vertex 250.98 -4.08395 5
      vertex 250.657 -4.14829 4
      vertex 250.98 -4.08395 4
    endloop
  endfacet
  facet normal 0.117708 -0.993048 0
    outer loop
      vertex 250.33 -4.18705 -5
      vertex 250.657 -4.14829 -4
      vertex 250.33 -4.18705 -4
    endloop
  endfacet
  facet normal 0.117708 -0.993048 0
    outer loop
      vertex 250.657 -4.14829 -4
      vertex 250.33 -4.18705 -5
      vertex 250.657 -4.14829 -5
    endloop
  endfacet
  facet normal 0.117708 -0.993048 0
    outer loop
      vertex 250.33 -4.18705 4
      vertex 250.657 -4.14829 5
      vertex 250.33 -4.18705 5
    endloop
  endfacet
  facet normal 0.117708 -0.993048 0
    outer loop
      vertex 250.657 -4.14829 5
      vertex 250.33 -4.18705 4
      vertex 250.657 -4.14829 4
    endloop
  endfacet
  facet normal 0 0 -1
    outer loop
      vertex 254.187 -0.329528 -5
      vertex 254.187 0.329528 -5
      vertex 254.2 0 -5
    endloop
  endfacet
  facet normal 0 0 -1
    outer loop
      vertex 254.148 -0.657024 -5
      vertex 254.187 0.329528 -5
      vertex 254.187 -0.329528 -5
    endloop
  endfacet
  facet normal 0 0 -1
    outer loop
      vertex 254.148 -0.657024 -5
      vertex 254.148 0.657024 -5
      vertex 254.187 0.329528 -5
    endloop
  endfacet
  facet normal 0 0 -1
    outer loop
      vertex 254.084 -0.98047 -5
      vertex 254.148 0.657024 -5
      vertex 254.148 -0.657024 -5
    endloop
  endfacet
  facet normal 0 0 -1
    outer loop
      vertex 254.084 -0.98047 -5
      vertex 254.084 0.98047 -5
      vertex 254.148 0.657024 -5
    endloop
  endfacet
  facet normal 0 0 -1
    outer loop
      vertex 253.994 -1.29787 -5
      vertex 254.084 0.98047 -5
      vertex 254.084 -0.98047 -5
    endloop
  endfacet
  facet normal 0 0 -1
    outer loop
      vertex 253.994 -1.29787 -5
      vertex 253.994 1.29787 -5
      vertex 254.084 0.98047 -5
    endloop
  endfacet
  facet normal 0 0 -1
    outer loop
      vertex 253.88 -1.60727 -5
      vertex 253.994 1.29787 -5
      vertex 253.994 -1.29787 -5
    endloop
  endfacet
  facet normal 0 0 -1
    outer loop
      vertex 253.88 -1.60727 -5
      vertex 253.88 1.60727 -5
      vertex 253.994 1.29787 -5
    endloop
  endfacet
  facet normal 0 0 -1
    outer loop
      vertex 253.742 -1.90676 -5
      vertex 253.88 1.60727 -5
      vertex 253.88 -1.60727 -5
    endloop
  endfacet
  facet normal 0 0 -1
    outer loop
      vertex 253.742 -1.90676 -5
      vertex 253.742 1.90676 -5
      vertex 253.88 1.60727 -5
    endloop
  endfacet
  facet normal 0 0 -1
    outer loop
      vertex 253.581 -2.19449 -5
      vertex 253.742 1.90676 -5
      vertex 253.742 -1.90676 -5
    endloop
  endfacet
  facet normal 0 0 -1
    outer loop
      vertex 253.581 -2.19449 -5
      vertex 253.581 2.19449 -5
      vertex 253.742 1.90676 -5
    endloop
  endfacet
  facet normal 0 0 -1
    outer loop
      vertex 253.398 -2.4687 -5
      vertex 253.581 2.19449 -5
      vertex 253.581 -2.19449 -5
    endloop
  endfacet
  facet normal 0 0 -1
    outer loop
      vertex 253.398 -2.4687 -5
      vertex 253.398 2.4687 -5
      vertex 253.581 2.19449 -5
    endloop
  endfacet
  facet normal 0 0 -1
    outer loop
      vertex 253.194 -2.72768 -5
      vertex 253.398 2.4687 -5
      vertex 253.398 -2.4687 -5
    endloop
  endfacet
  facet normal 0 0 -1
    outer loop
      vertex 253.194 -2.72768 -5
      vertex 253.194 2.72768 -5
      vertex 253.398 2.4687 -5
    endloop
  endfacet
  facet normal 0 0 -1
    outer loop
      vertex 252.97 -2.96985 -5
      vertex 253.194 2.72768 -5
      vertex 253.194 -2.72768 -5
    endloop
  endfacet
  facet normal 0 0 -1
    outer loop
      vertex 252.97 -2.96985 -5
      vertex 252.97 2.96985 -5
      vertex 253.194 2.72768 -5
    endloop
  endfacet
  facet normal 0 0 -1
    outer loop
      vertex 252.728 -3.1937 -5
      vertex 252.97 2.96985 -5
      vertex 252.97 -2.96985 -5
    endloop
  endfacet
  facet normal 0 0 -1
    outer loop
      vertex 252.728 -3.1937 -5
      vertex 252.728 3.1937 -5
      vertex 252.97 2.96985 -5
    endloop
  endfacet
  facet normal 0 0 -1
    outer loop
      vertex 252.469 -3.39787 -5
      vertex 252.728 3.1937 -5
      vertex 252.728 -3.1937 -5
    endloop
  endfacet
  facet normal 0 0 -1
    outer loop
      vertex 252.469 -3.39787 -5
      vertex 252.469 3.39787 -5
      vertex 252.728 3.1937 -5
    endloop
  endfacet
  facet normal 0 0 -1
    outer loop
      vertex 252.194 -3.58109 -5
      vertex 252.469 3.39787 -5
      vertex 252.469 -3.39787 -5
    endloop
  endfacet
  facet normal 0 0 -1
    outer loop
      vertex 252.194 -3.58109 -5
      vertex 252.194 3.58109 -5
      vertex 252.469 3.39787 -5
    endloop
  endfacet
  facet normal 0 0 -1
    outer loop
      vertex 251.907 -3.74223 -5
      vertex 252.194 3.58109 -5
      vertex 252.194 -3.58109 -5
    endloop
  endfacet
  facet normal 0 0 -1
    outer loop
      vertex 251.907 -3.74223 -5
      vertex 251.907 3.74223 -5
      vertex 252.194 3.58109 -5
    endloop
  endfacet
  facet normal 0 0 -1
    outer loop
      vertex 251.607 -3.88029 -5
      vertex 251.907 3.74223 -5
      vertex 251.907 -3.74223 -5
    endloop
  endfacet
  facet normal 0 0 -1
    outer loop
      vertex 251.607 -3.88029 -5
      vertex 251.607 3.88029 -5
      vertex 251.907 3.74223 -5
    endloop
  endfacet
  facet normal 0 0 -1
    outer loop
      vertex 251.298 -3.99444 -5
      vertex 251.607 3.88029 -5
      vertex 251.607 -3.88029 -5
    endloop
  endfacet
  facet normal 0 0 -1
    outer loop
      vertex 251.298 -3.99444 -5
      vertex 251.298 3.99444 -5
      vertex 251.607 3.88029 -5
    endloop
  endfacet
  facet normal 0 0 -1
    outer loop
      vertex 250.98 -4.08395 -5
      vertex 251.298 3.99444 -5
      vertex 251.298 -3.99444 -5
    endloop
  endfacet
  facet normal 0 0 -1
    outer loop
      vertex 250.98 -4.08395 -5
      vertex 250.98 4.08395 -5
      vertex 251.298 3.99444 -5
    endloop
  endfacet
  facet normal 0 0 -1
    outer loop
      vertex 250.657 -4.14829 -5
      vertex 250.98 4.08395 -5
      vertex 250.98 -4.08395 -5
    endloop
  endfacet
  facet normal 0 0 -1
    outer loop
      vertex 250.657 -4.14829 -5
      vertex 250.657 4.14829 -5
      vertex 250.98 4.08395 -5
    endloop
  endfacet
  facet normal 0 0 -1
    outer loop
      vertex 250.33 -4.18705 -5
      vertex 250.657 4.14829 -5
      vertex 250.657 -4.14829 -5
    endloop
  endfacet
  facet normal 0 0 -1
    outer loop
      vertex 250.33 -4.18705 -5
      vertex 250.33 4.18705 -5
      vertex 250.657 4.14829 -5
    endloop
  endfacet
  facet normal 0 0 -1
    outer loop
      vertex 250 -4.2 -5
      vertex 250.33 4.18705 -5
      vertex 250.33 -4.18705 -5
    endloop
  endfacet
  facet normal 0 0 -1
    outer loop
      vertex 250 -4.2 -5
      vertex 250 4.2 -5
      vertex 250.33 4.18705 -5
    endloop
  endfacet
  facet normal 0 0 -1
    outer loop
      vertex 249.67 -4.18705 -5
      vertex 250 4.2 -5
      vertex 250 -4.2 -5
    endloop
  endfacet
  facet normal 0 0 -1
    outer loop
      vertex 249.67 -4.18705 -5
      vertex 249.67 4.18705 -5
      vertex 250 4.2 -5
    endloop
  endfacet
  facet normal 0 0 -1
    outer loop
      vertex 249.343 -4.14829 -5
      vertex 249.67 4.18705 -5
      vertex 249.67 -4.18705 -5
    endloop
  endfacet
  facet normal 0 0 -1
    outer loop
      vertex 249.343 -4.14829 -5
      vertex 249.343 4.14829 -5
      vertex 249.67 4.18705 -5
    endloop
  endfacet
  facet normal 0 0 -1
    outer loop
      vertex 249.02 -4.08395 -5
      vertex 249.343 4.14829 -5
      vertex 249.343 -4.14829 -5
    endloop
  endfacet
  facet normal 0 0 -1
    outer loop
      vertex 249.02 -4.08395 -5
      vertex 249.02 4.08395 -5
      vertex 249.343 4.14829 -5
    endloop
  endfacet
  facet normal 0 0 -1
    outer loop
      vertex 248.702 -3.99444 -5
      vertex 249.02 4.08395 -5
      vertex 249.02 -4.08395 -5
    endloop
  endfacet
  facet normal 0 0 -1
    outer loop
      vertex 248.702 -3.99444 -5
      vertex 248.702 3.99444 -5
      vertex 249.02 4.08395 -5
    endloop
  endfacet
  facet normal 0 0 -1
    outer loop
      vertex 248.393 -3.88029 -5
      vertex 248.702 3.99444 -5
      vertex 248.702 -3.99444 -5
    endloop
  endfacet
  facet normal 0 0 -1
    outer loop
      vertex 248.393 -3.88029 -5
      vertex 248.393 3.88029 -5
      vertex 248.702 3.99444 -5
    endloop
  endfacet
  facet normal 0 0 -1
    outer loop
      vertex 248.093 -3.74223 -5
      vertex 248.393 3.88029 -5
      vertex 248.393 -3.88029 -5
    endloop
  endfacet
  facet normal 0 0 -1
    outer loop
      vertex 248.093 -3.74223 -5
      vertex 248.093 3.74223 -5
      vertex 248.393 3.88029 -5
    endloop
  endfacet
  facet normal 0 0 -1
    outer loop
      vertex 247.806 -3.58109 -5
      vertex 248.093 3.74223 -5
      vertex 248.093 -3.74223 -5
    endloop
  endfacet
  facet normal 0 0 -1
    outer loop
      vertex 247.806 -3.58109 -5
      vertex 247.806 3.58109 -5
      vertex 248.093 3.74223 -5
    endloop
  endfacet
  facet normal 0 0 -1
    outer loop
      vertex 247.531 -3.39787 -5
      vertex 247.806 3.58109 -5
      vertex 247.806 -3.58109 -5
    endloop
  endfacet
  facet normal 0 0 -1
    outer loop
      vertex 247.531 -3.39787 -5
      vertex 247.531 3.39787 -5
      vertex 247.806 3.58109 -5
    endloop
  endfacet
  facet normal 0 0 -1
    outer loop
      vertex 247.272 -3.1937 -5
      vertex 247.531 3.39787 -5
      vertex 247.531 -3.39787 -5
    endloop
  endfacet
  facet normal 0 0 -1
    outer loop
      vertex 247.272 -3.1937 -5
      vertex 247.272 3.1937 -5
      vertex 247.531 3.39787 -5
    endloop
  endfacet
  facet normal 0 0 -1
    outer loop
      vertex 247.03 -2.96985 -5
      vertex 247.272 3.1937 -5
      vertex 247.272 -3.1937 -5
    endloop
  endfacet
  facet normal 0 0 -1
    outer loop
      vertex 247.03 -2.96985 -5
      vertex 247.03 2.96985 -5
      vertex 247.272 3.1937 -5
    endloop
  endfacet
  facet normal 0 0 -1
    outer loop
      vertex 246.806 -2.72768 -5
      vertex 247.03 2.96985 -5
      vertex 247.03 -2.96985 -5
    endloop
  endfacet
  facet normal 0 0 -1
    outer loop
      vertex 246.806 -2.72768 -5
      vertex 246.806 2.72768 -5
      vertex 247.03 2.96985 -5
    endloop
  endfacet
  facet normal 0 0 -1
    outer loop
      vertex 246.602 -2.4687 -5
      vertex 246.806 2.72768 -5
      vertex 246.806 -2.72768 -5
    endloop
  endfacet
  facet normal 0 0 -1
    outer loop
      vertex 246.602 -2.4687 -5
      vertex 246.602 2.4687 -5
      vertex 246.806 2.72768 -5
    endloop
  endfacet
  facet normal 0 0 -1
    outer loop
      vertex 246.419 -2.19449 -5
      vertex 246.602 2.4687 -5
      vertex 246.602 -2.4687 -5
    endloop
  endfacet
  facet normal 0 0 -1
    outer loop
      vertex 246.419 -2.19449 -5
      vertex 246.419 2.19449 -5
      vertex 246.602 2.4687 -5
    endloop
  endfacet
  facet normal 0 0 -1
    outer loop
      vertex 246.258 -1.90676 -5
      vertex 246.419 2.19449 -5
      vertex 246.419 -2.19449 -5
    endloop
  endfacet
  facet normal 0 0 -1
    outer loop
      vertex 246.258 -1.90676 -5
      vertex 246.258 1.90676 -5
      vertex 246.419 2.19449 -5
    endloop
  endfacet
  facet normal 0 0 -1
    outer loop
      vertex 246.12 -1.60727 -5
      vertex 246.258 1.90676 -5
      vertex 246.258 -1.90676 -5
    endloop
  endfacet
  facet normal 0 0 -1
    outer loop
      vertex 246.12 -1.60727 -5
      vertex 246.12 1.60727 -5
      vertex 246.258 1.90676 -5
    endloop
  endfacet
  facet normal 0 0 -1
    outer loop
      vertex 246.006 -1.29787 -5
      vertex 246.12 1.60727 -5
      vertex 246.12 -1.60727 -5
    endloop
  endfacet
  facet normal 0 0 -1
    outer loop
      vertex 246.006 -1.29787 -5
      vertex 246.006 1.29787 -5
      vertex 246.12 1.60727 -5
    endloop
  endfacet
  facet normal 0 0 -1
    outer loop
      vertex 245.916 -0.98047 -5
      vertex 246.006 1.29787 -5
      vertex 246.006 -1.29787 -5
    endloop
  endfacet
  facet normal 0 0 -1
    outer loop
      vertex 245.916 -0.98047 -5
      vertex 245.916 0.98047 -5
      vertex 246.006 1.29787 -5
    endloop
  endfacet
  facet normal 0 0 -1
    outer loop
      vertex 245.852 -0.657024 -5
      vertex 245.916 0.98047 -5
      vertex 245.916 -0.98047 -5
    endloop
  endfacet
  facet normal 0 0 -1
    outer loop
      vertex 245.852 -0.657024 -5
      vertex 245.852 0.657024 -5
      vertex 245.916 0.98047 -5
    endloop
  endfacet
  facet normal 0 0 -1
    outer loop
      vertex 245.813 -0.329528 -5
      vertex 245.852 0.657024 -5
      vertex 245.852 -0.657024 -5
    endloop
  endfacet
  facet normal 0 0 -1
    outer loop
      vertex 245.813 -0.329528 -5
      vertex 245.813 0.329528 -5
      vertex 245.852 0.657024 -5
    endloop
  endfacet
  facet normal 0 -0 -1
    outer loop
      vertex 245.813 0.329528 -5
      vertex 245.813 -0.329528 -5
      vertex 245.8 0 -5
    endloop
  endfacet
  facet normal 0.489574 0.871961 -0
    outer loop
      vertex 252.194 3.58109 -5
      vertex 251.907 3.74223 -4
      vertex 252.194 3.58109 -4
    endloop
  endfacet
  facet normal 0.489574 0.871961 0
    outer loop
      vertex 251.907 3.74223 -4
      vertex 252.194 3.58109 -5
      vertex 251.907 3.74223 -5
    endloop
  endfacet
  facet normal 0.489574 0.871961 -0
    outer loop
      vertex 252.194 3.58109 4
      vertex 251.907 3.74223 5
      vertex 252.194 3.58109 5
    endloop
  endfacet
  facet normal 0.489574 0.871961 0
    outer loop
      vertex 251.907 3.74223 5
      vertex 252.194 3.58109 4
      vertex 251.907 3.74223 4
    endloop
  endfacet
  facet normal -0.999223 0.0394197 0
    outer loop
      vertex 245.8 0 4
      vertex 245.813 0.329528 5
      vertex 245.813 0.329528 4
    endloop
  endfacet
  facet normal -0.999223 0.0394197 0
    outer loop
      vertex 245.813 0.329528 5
      vertex 245.8 0 4
      vertex 245.8 0 5
    endloop
  endfacet
  facet normal -0.999223 0.0394197 0
    outer loop
      vertex 245.8 0 -5
      vertex 245.813 0.329528 -4
      vertex 245.813 0.329528 -5
    endloop
  endfacet
  facet normal -0.999223 0.0394197 0
    outer loop
      vertex 245.813 0.329528 -4
      vertex 245.8 0 -5
      vertex 245.8 0 -4
    endloop
  endfacet
  facet normal -0.999223 -0.0394197 0
    outer loop
      vertex 245.813 -0.329528 4
      vertex 245.8 0 5
      vertex 245.8 0 4
    endloop
  endfacet
  facet normal -0.999223 -0.0394197 0
    outer loop
      vertex 245.8 0 5
      vertex 245.813 -0.329528 4
      vertex 245.813 -0.329528 5
    endloop
  endfacet
  facet normal -0.999223 -0.0394197 0
    outer loop
      vertex 245.813 -0.329528 -5
      vertex 245.8 0 -4
      vertex 245.8 0 -5
    endloop
  endfacet
  facet normal -0.999223 -0.0394197 0
    outer loop
      vertex 245.8 0 -4
      vertex 245.813 -0.329528 -5
      vertex 245.813 -0.329528 -4
    endloop
  endfacet
  facet normal 0.0392122 -0.999231 0
    outer loop
      vertex 250 -4.2 -5
      vertex 250.33 -4.18705 -4
      vertex 250 -4.2 -4
    endloop
  endfacet
  facet normal 0.0392122 -0.999231 0
    outer loop
      vertex 250.33 -4.18705 -4
      vertex 250 -4.2 -5
      vertex 250.33 -4.18705 -5
    endloop
  endfacet
  facet normal 0.0392122 -0.999231 0
    outer loop
      vertex 250 -4.2 4
      vertex 250.33 -4.18705 5
      vertex 250 -4.2 5
    endloop
  endfacet
  facet normal 0.0392122 -0.999231 0
    outer loop
      vertex 250.33 -4.18705 5
      vertex 250 -4.2 4
      vertex 250.33 -4.18705 4
    endloop
  endfacet
  facet normal 0.90822 -0.418493 0
    outer loop
      vertex 253.742 -1.90676 5
      vertex 253.88 -1.60727 4
      vertex 253.88 -1.60727 5
    endloop
  endfacet
  facet normal 0.90822 -0.418493 0
    outer loop
      vertex 253.88 -1.60727 4
      vertex 253.742 -1.90676 5
      vertex 253.742 -1.90676 4
    endloop
  endfacet
  facet normal 0.90822 -0.418493 0
    outer loop
      vertex 253.742 -1.90676 -4
      vertex 253.88 -1.60727 -5
      vertex 253.88 -1.60727 -4
    endloop
  endfacet
  facet normal 0.90822 -0.418493 0
    outer loop
      vertex 253.88 -1.60727 -5
      vertex 253.742 -1.90676 -4
      vertex 253.742 -1.90676 -5
    endloop
  endfacet
  facet normal -0.73411 0.67903 0
    outer loop
      vertex 246.806 2.72768 4
      vertex 247.03 2.96985 5
      vertex 247.03 2.96985 4
    endloop
  endfacet
  facet normal -0.73411 0.67903 0
    outer loop
      vertex 247.03 2.96985 5
      vertex 246.806 2.72768 4
      vertex 246.806 2.72768 5
    endloop
  endfacet
  facet normal -0.73411 0.67903 0
    outer loop
      vertex 246.806 2.72768 -5
      vertex 247.03 2.96985 -4
      vertex 247.03 2.96985 -5
    endloop
  endfacet
  facet normal -0.73411 0.67903 0
    outer loop
      vertex 247.03 2.96985 -4
      vertex 246.806 2.72768 -5
      vertex 246.806 2.72768 -4
    endloop
  endfacet
  facet normal -0.938333 -0.345733 0
    outer loop
      vertex 246.12 -1.60727 4
      vertex 246.006 -1.29787 5
      vertex 246.006 -1.29787 4
    endloop
  endfacet
  facet normal -0.938333 -0.345733 0
    outer loop
      vertex 246.006 -1.29787 5
      vertex 246.12 -1.60727 4
      vertex 246.12 -1.60727 5
    endloop
  endfacet
  facet normal -0.938333 -0.345733 0
    outer loop
      vertex 246.12 -1.60727 -5
      vertex 246.006 -1.29787 -4
      vertex 246.006 -1.29787 -5
    endloop
  endfacet
  facet normal -0.938333 -0.345733 0
    outer loop
      vertex 246.006 -1.29787 -4
      vertex 246.12 -1.60727 -5
      vertex 246.12 -1.60727 -4
    endloop
  endfacet
  facet normal 0.0392122 0.999231 -0
    outer loop
      vertex 250.33 4.18705 -5
      vertex 250 4.2 -4
      vertex 250.33 4.18705 -4
    endloop
  endfacet
  facet normal 0.0392122 0.999231 0
    outer loop
      vertex 250 4.2 -4
      vertex 250.33 4.18705 -5
      vertex 250 4.2 -5
    endloop
  endfacet
  facet normal 0.0392122 0.999231 -0
    outer loop
      vertex 250.33 4.18705 4
      vertex 250 4.2 5
      vertex 250.33 4.18705 5
    endloop
  endfacet
  facet normal 0.0392122 0.999231 0
    outer loop
      vertex 250 4.2 5
      vertex 250.33 4.18705 4
      vertex 250 4.2 4
    endloop
  endfacet
  facet normal -0.0392122 -0.999231 0
    outer loop
      vertex 249.67 -4.18705 4
      vertex 250 -4.2 5
      vertex 249.67 -4.18705 5
    endloop
  endfacet
  facet normal -0.0392122 -0.999231 -0
    outer loop
      vertex 250 -4.2 5
      vertex 249.67 -4.18705 4
      vertex 250 -4.2 4
    endloop
  endfacet
  facet normal -0.0392122 -0.999231 0
    outer loop
      vertex 249.67 -4.18705 -5
      vertex 250 -4.2 -4
      vertex 249.67 -4.18705 -4
    endloop
  endfacet
  facet normal -0.0392122 -0.999231 -0
    outer loop
      vertex 250 -4.2 -4
      vertex 249.67 -4.18705 -5
      vertex 250 -4.2 -5
    endloop
  endfacet
  facet normal 0.980981 -0.194106 0
    outer loop
      vertex 254.084 -0.98047 -4
      vertex 254.148 -0.657024 -5
      vertex 254.148 -0.657024 -4
    endloop
  endfacet
  facet normal 0.980981 -0.194106 0
    outer loop
      vertex 254.148 -0.657024 -5
      vertex 254.084 -0.98047 -4
      vertex 254.084 -0.98047 -5
    endloop
  endfacet
  facet normal 0.980981 -0.194106 0
    outer loop
      vertex 254.084 -0.98047 5
      vertex 254.148 -0.657024 4
      vertex 254.148 -0.657024 5
    endloop
  endfacet
  facet normal 0.980981 -0.194106 0
    outer loop
      vertex 254.148 -0.657024 4
      vertex 254.084 -0.98047 5
      vertex 254.084 -0.98047 4
    endloop
  endfacet
  facet normal -0.962071 -0.272799 0
    outer loop
      vertex 246.006 -1.29787 4
      vertex 245.916 -0.98047 5
      vertex 245.916 -0.98047 4
    endloop
  endfacet
  facet normal -0.962071 -0.272799 0
    outer loop
      vertex 245.916 -0.98047 5
      vertex 246.006 -1.29787 4
      vertex 246.006 -1.29787 5
    endloop
  endfacet
  facet normal -0.962071 -0.272799 0
    outer loop
      vertex 246.006 -1.29787 -5
      vertex 245.916 -0.98047 -4
      vertex 245.916 -0.98047 -5
    endloop
  endfacet
  facet normal -0.962071 -0.272799 0
    outer loop
      vertex 245.916 -0.98047 -4
      vertex 246.006 -1.29787 -5
      vertex 246.006 -1.29787 -4
    endloop
  endfacet
  facet normal 0.962071 0.272799 0
    outer loop
      vertex 254.084 0.98047 5
      vertex 253.994 1.29787 4
      vertex 253.994 1.29787 5
    endloop
  endfacet
  facet normal 0.962071 0.272799 0
    outer loop
      vertex 253.994 1.29787 4
      vertex 254.084 0.98047 5
      vertex 254.084 0.98047 4
    endloop
  endfacet
  facet normal 0.962071 0.272799 0
    outer loop
      vertex 254.084 0.98047 -4
      vertex 253.994 1.29787 -5
      vertex 253.994 1.29787 -4
    endloop
  endfacet
  facet normal 0.962071 0.272799 0
    outer loop
      vertex 253.994 1.29787 -5
      vertex 254.084 0.98047 -4
      vertex 254.084 0.98047 -5
    endloop
  endfacet
  facet normal -0.992984 -0.11825 0
    outer loop
      vertex 245.852 -0.657024 -5
      vertex 245.813 -0.329528 -4
      vertex 245.813 -0.329528 -5
    endloop
  endfacet
  facet normal -0.992984 -0.11825 0
    outer loop
      vertex 245.813 -0.329528 -4
      vertex 245.852 -0.657024 -5
      vertex 245.852 -0.657024 -4
    endloop
  endfacet
  facet normal -0.992984 -0.11825 0
    outer loop
      vertex 245.852 -0.657024 4
      vertex 245.813 -0.329528 5
      vertex 245.813 -0.329528 4
    endloop
  endfacet
  facet normal -0.992984 -0.11825 0
    outer loop
      vertex 245.813 -0.329528 5
      vertex 245.852 -0.657024 4
      vertex 245.852 -0.657024 5
    endloop
  endfacet
  facet normal 0.872673 -0.488306 0
    outer loop
      vertex 253.581 -2.19449 -4
      vertex 253.742 -1.90676 -5
      vertex 253.742 -1.90676 -4
    endloop
  endfacet
  facet normal 0.872673 -0.488306 0
    outer loop
      vertex 253.742 -1.90676 -5
      vertex 253.581 -2.19449 -4
      vertex 253.581 -2.19449 -5
    endloop
  endfacet
  facet normal 0.872673 -0.488306 0
    outer loop
      vertex 253.581 -2.19449 5
      vertex 253.742 -1.90676 4
      vertex 253.742 -1.90676 5
    endloop
  endfacet
  facet normal 0.872673 -0.488306 0
    outer loop
      vertex 253.742 -1.90676 4
      vertex 253.581 -2.19449 5
      vertex 253.581 -2.19449 4
    endloop
  endfacet
  facet normal 0.489574 -0.871961 0
    outer loop
      vertex 251.907 -3.74223 -5
      vertex 252.194 -3.58109 -4
      vertex 251.907 -3.74223 -4
    endloop
  endfacet
  facet normal 0.489574 -0.871961 0
    outer loop
      vertex 252.194 -3.58109 -4
      vertex 251.907 -3.74223 -5
      vertex 252.194 -3.58109 -5
    endloop
  endfacet
  facet normal 0.489574 -0.871961 0
    outer loop
      vertex 251.907 -3.74223 4
      vertex 252.194 -3.58109 5
      vertex 251.907 -3.74223 5
    endloop
  endfacet
  facet normal 0.489574 -0.871961 0
    outer loop
      vertex 252.194 -3.58109 5
      vertex 251.907 -3.74223 4
      vertex 252.194 -3.58109 4
    endloop
  endfacet
  facet normal 0.554463 -0.832209 0
    outer loop
      vertex 252.194 -3.58109 4
      vertex 252.469 -3.39787 5
      vertex 252.194 -3.58109 5
    endloop
  endfacet
  facet normal 0.554463 -0.832209 0
    outer loop
      vertex 252.469 -3.39787 5
      vertex 252.194 -3.58109 4
      vertex 252.469 -3.39787 4
    endloop
  endfacet
  facet normal 0.554463 -0.832209 0
    outer loop
      vertex 252.194 -3.58109 -5
      vertex 252.469 -3.39787 -4
      vertex 252.194 -3.58109 -4
    endloop
  endfacet
  facet normal 0.554463 -0.832209 0
    outer loop
      vertex 252.469 -3.39787 -4
      vertex 252.194 -3.58109 -5
      vertex 252.469 -3.39787 -5
    endloop
  endfacet
  facet normal 0.270949 -0.962594 0
    outer loop
      vertex 250.98 -4.08395 -5
      vertex 251.298 -3.99444 -4
      vertex 250.98 -4.08395 -4
    endloop
  endfacet
  facet normal 0.270949 -0.962594 0
    outer loop
      vertex 251.298 -3.99444 -4
      vertex 250.98 -4.08395 -5
      vertex 251.298 -3.99444 -5
    endloop
  endfacet
  facet normal 0.270949 -0.962594 0
    outer loop
      vertex 250.98 -4.08395 4
      vertex 251.298 -3.99444 5
      vertex 250.98 -4.08395 5
    endloop
  endfacet
  facet normal 0.270949 -0.962594 0
    outer loop
      vertex 251.298 -3.99444 5
      vertex 250.98 -4.08395 4
      vertex 251.298 -3.99444 4
    endloop
  endfacet
  facet normal 0.73411 -0.67903 0
    outer loop
      vertex 252.97 -2.96985 -4
      vertex 253.194 -2.72768 -5
      vertex 253.194 -2.72768 -4
    endloop
  endfacet
  facet normal 0.73411 -0.67903 0
    outer loop
      vertex 253.194 -2.72768 -5
      vertex 252.97 -2.96985 -4
      vertex 252.97 -2.96985 -5
    endloop
  endfacet
  facet normal 0.73411 -0.67903 0
    outer loop
      vertex 252.97 -2.96985 5
      vertex 253.194 -2.72768 4
      vertex 253.194 -2.72768 5
    endloop
  endfacet
  facet normal 0.73411 -0.67903 0
    outer loop
      vertex 253.194 -2.72768 4
      vertex 252.97 -2.96985 5
      vertex 252.97 -2.96985 4
    endloop
  endfacet
  facet normal 0.980981 0.194106 0
    outer loop
      vertex 254.148 0.657024 -4
      vertex 254.084 0.98047 -5
      vertex 254.084 0.98047 -4
    endloop
  endfacet
  facet normal 0.980981 0.194106 0
    outer loop
      vertex 254.084 0.98047 -5
      vertex 254.148 0.657024 -4
      vertex 254.148 0.657024 -5
    endloop
  endfacet
  facet normal 0.980981 0.194106 0
    outer loop
      vertex 254.148 0.657024 5
      vertex 254.084 0.98047 4
      vertex 254.084 0.98047 5
    endloop
  endfacet
  facet normal 0.980981 0.194106 0
    outer loop
      vertex 254.084 0.98047 4
      vertex 254.148 0.657024 5
      vertex 254.148 0.657024 4
    endloop
  endfacet
  facet normal 0.83178 -0.555106 0
    outer loop
      vertex 253.398 -2.4687 -4
      vertex 253.581 -2.19449 -5
      vertex 253.581 -2.19449 -4
    endloop
  endfacet
  facet normal 0.83178 -0.555106 0
    outer loop
      vertex 253.581 -2.19449 -5
      vertex 253.398 -2.4687 -4
      vertex 253.398 -2.4687 -5
    endloop
  endfacet
  facet normal 0.83178 -0.555106 0
    outer loop
      vertex 253.398 -2.4687 5
      vertex 253.581 -2.19449 4
      vertex 253.581 -2.19449 5
    endloop
  endfacet
  facet normal 0.83178 -0.555106 0
    outer loop
      vertex 253.581 -2.19449 4
      vertex 253.398 -2.4687 5
      vertex 253.398 -2.4687 4
    endloop
  endfacet
  facet normal -0.980981 0.194106 0
    outer loop
      vertex 245.852 0.657024 -5
      vertex 245.916 0.98047 -4
      vertex 245.916 0.98047 -5
    endloop
  endfacet
  facet normal -0.980981 0.194106 0
    outer loop
      vertex 245.916 0.98047 -4
      vertex 245.852 0.657024 -5
      vertex 245.852 0.657024 -4
    endloop
  endfacet
  facet normal -0.980981 0.194106 0
    outer loop
      vertex 245.852 0.657024 4
      vertex 245.916 0.98047 5
      vertex 245.916 0.98047 4
    endloop
  endfacet
  facet normal -0.980981 0.194106 0
    outer loop
      vertex 245.916 0.98047 5
      vertex 245.852 0.657024 4
      vertex 245.852 0.657024 5
    endloop
  endfacet
  facet normal -0.992984 0.11825 0
    outer loop
      vertex 245.813 0.329528 -5
      vertex 245.852 0.657024 -4
      vertex 245.852 0.657024 -5
    endloop
  endfacet
  facet normal -0.992984 0.11825 0
    outer loop
      vertex 245.852 0.657024 -4
      vertex 245.813 0.329528 -5
      vertex 245.813 0.329528 -4
    endloop
  endfacet
  facet normal -0.992984 0.11825 0
    outer loop
      vertex 245.813 0.329528 4
      vertex 245.852 0.657024 5
      vertex 245.852 0.657024 4
    endloop
  endfacet
  facet normal -0.992984 0.11825 0
    outer loop
      vertex 245.852 0.657024 5
      vertex 245.813 0.329528 4
      vertex 245.813 0.329528 5
    endloop
  endfacet
  facet normal -0.270949 -0.962594 0
    outer loop
      vertex 248.702 -3.99444 -5
      vertex 249.02 -4.08395 -4
      vertex 248.702 -3.99444 -4
    endloop
  endfacet
  facet normal -0.270949 -0.962594 -0
    outer loop
      vertex 249.02 -4.08395 -4
      vertex 248.702 -3.99444 -5
      vertex 249.02 -4.08395 -5
    endloop
  endfacet
  facet normal -0.270949 -0.962594 0
    outer loop
      vertex 248.702 -3.99444 4
      vertex 249.02 -4.08395 5
      vertex 248.702 -3.99444 5
    endloop
  endfacet
  facet normal -0.270949 -0.962594 -0
    outer loop
      vertex 249.02 -4.08395 5
      vertex 248.702 -3.99444 4
      vertex 249.02 -4.08395 4
    endloop
  endfacet
  facet normal 0.619077 -0.78533 0
    outer loop
      vertex 252.469 -3.39787 4
      vertex 252.728 -3.1937 5
      vertex 252.469 -3.39787 5
    endloop
  endfacet
  facet normal 0.619077 -0.78533 0
    outer loop
      vertex 252.728 -3.1937 5
      vertex 252.469 -3.39787 4
      vertex 252.728 -3.1937 4
    endloop
  endfacet
  facet normal 0.619077 -0.78533 0
    outer loop
      vertex 252.469 -3.39787 -5
      vertex 252.728 -3.1937 -4
      vertex 252.469 -3.39787 -4
    endloop
  endfacet
  facet normal 0.619077 -0.78533 0
    outer loop
      vertex 252.728 -3.1937 -4
      vertex 252.469 -3.39787 -5
      vertex 252.728 -3.1937 -5
    endloop
  endfacet
  facet normal -0.83178 0.555106 0
    outer loop
      vertex 246.419 2.19449 -5
      vertex 246.602 2.4687 -4
      vertex 246.602 2.4687 -5
    endloop
  endfacet
  facet normal -0.83178 0.555106 0
    outer loop
      vertex 246.602 2.4687 -4
      vertex 246.419 2.19449 -5
      vertex 246.419 2.19449 -4
    endloop
  endfacet
  facet normal -0.83178 0.555106 0
    outer loop
      vertex 246.419 2.19449 4
      vertex 246.602 2.4687 5
      vertex 246.602 2.4687 4
    endloop
  endfacet
  facet normal -0.83178 0.555106 0
    outer loop
      vertex 246.602 2.4687 5
      vertex 246.419 2.19449 4
      vertex 246.419 2.19449 5
    endloop
  endfacet
  facet normal -0.980981 -0.194106 0
    outer loop
      vertex 245.916 -0.98047 -5
      vertex 245.852 -0.657024 -4
      vertex 245.852 -0.657024 -5
    endloop
  endfacet
  facet normal -0.980981 -0.194106 0
    outer loop
      vertex 245.852 -0.657024 -4
      vertex 245.916 -0.98047 -5
      vertex 245.916 -0.98047 -4
    endloop
  endfacet
  facet normal -0.980981 -0.194106 0
    outer loop
      vertex 245.916 -0.98047 4
      vertex 245.852 -0.657024 5
      vertex 245.852 -0.657024 4
    endloop
  endfacet
  facet normal -0.980981 -0.194106 0
    outer loop
      vertex 245.852 -0.657024 5
      vertex 245.916 -0.98047 4
      vertex 245.916 -0.98047 5
    endloop
  endfacet
  facet normal -0.872673 0.488306 0
    outer loop
      vertex 246.258 1.90676 -5
      vertex 246.419 2.19449 -4
      vertex 246.419 2.19449 -5
    endloop
  endfacet
  facet normal -0.872673 0.488306 0
    outer loop
      vertex 246.419 2.19449 -4
      vertex 246.258 1.90676 -5
      vertex 246.258 1.90676 -4
    endloop
  endfacet
  facet normal -0.872673 0.488306 0
    outer loop
      vertex 246.258 1.90676 4
      vertex 246.419 2.19449 5
      vertex 246.419 2.19449 4
    endloop
  endfacet
  facet normal -0.872673 0.488306 0
    outer loop
      vertex 246.419 2.19449 5
      vertex 246.258 1.90676 4
      vertex 246.258 1.90676 5
    endloop
  endfacet
endsolid OpenSCAD_Model
